# Raised Lunar Crater Rims
o lunar_route_crater_rim
v 4.5134 1.3500 0.3757 0.1652 0.1652 0.1693
v 4.5247 1.5105 0.3939 0.1280 0.1280 0.1312
v 4.5002 1.6696 0.4138 0.1280 0.1280 0.1312
v 4.4427 1.8198 0.4360 0.1280 0.1280 0.1312
v 4.3594 1.9565 0.4595 0.1280 0.1280 0.1312
v 4.2593 2.0784 0.4666 0.1280 0.1280 0.1312
v 4.1504 2.1876 0.4729 0.1280 0.1280 0.1312
v 4.0373 2.2873 0.4778 0.1280 0.1280 0.1312
v 3.9211 2.3797 0.4805 0.1280 0.1280 0.1312
v 3.8002 2.4643 0.4804 0.1280 0.1280 0.1312
v 3.6722 2.5381 0.4780 0.1280 0.1280 0.1312
v 3.5361 2.5964 0.4746 0.1280 0.1280 0.1312
v 3.3933 2.6350 0.4712 0.1280 0.1280 0.1312
v 3.2468 2.6525 0.4678 0.1280 0.1280 0.1312
v 3.1000 2.6507 0.4610 0.1280 0.1280 0.1312
v 2.9553 2.6344 0.4403 0.1280 0.1280 0.1312
v 2.8127 2.6090 0.4157 0.1280 0.1280 0.1312
v 2.6702 2.5782 0.3863 0.1280 0.1280 0.1312
v 2.5258 2.5424 0.3525 0.1280 0.1280 0.1312
v 2.3788 2.4978 0.1600 0.5242 0.5242 0.5373
v 2.2324 2.4380 0.1600 0.7223 0.7223 0.7403
v 2.0933 2.3567 0.1600 0.7223 0.7223 0.7403
v 1.9712 2.2502 0.1600 0.7223 0.7223 0.7403
v 1.8753 2.1196 0.1600 0.6893 0.6893 0.7065
v 1.8118 1.9703 0.1350 0.7468 0.7468 0.7655
v 1.7818 1.8113 0.1156 0.8958 0.8958 0.9182
v 1.7803 1.6512 0.1105 0.9500 0.9500 0.9500
v 1.7983 1.4967 0.1069 0.9500 0.9500 0.9500
v 1.8254 1.3500 0.1061 0.9500 0.9500 0.9500
v 1.8536 1.2096 0.1081 0.9500 0.9500 0.9500
v 1.8796 1.0715 0.1117 0.9500 0.9500 0.9500
v 1.9055 0.9320 0.1156 0.9500 0.9500 0.9500
v 1.9376 0.7902 0.1161 0.9500 0.9500 0.9500
v 1.9833 0.6483 0.1128 0.9500 0.9500 0.9500
v 2.0488 0.5117 0.1096 0.9500 0.9500 0.9500
v 2.1366 0.3866 0.1068 0.9500 0.9500 0.9500
v 2.2452 0.2781 0.1059 0.9500 0.9500 0.9500
v 2.3701 0.1883 0.1084 0.7780 0.7780 0.7975
v 2.5059 0.1163 0.1139 0.4310 0.4310 0.4418
v 2.6483 0.0592 0.1205 0.9500 0.9500 0.9500
v 2.7952 0.0144 0.1266 0.9500 0.9500 0.9500
v 2.9458 -0.0186 0.1311 0.9318 0.9318 0.9500
v 3.1000 -0.0373 0.1349 0.8460 0.8460 0.8672
v 3.2562 -0.0367 0.1493 0.7290 0.7290 0.7472
v 3.4108 -0.0116 0.1600 0.5291 0.5291 0.5424
v 3.5580 0.0411 0.1898 0.7312 0.7312 0.7495
v 3.6921 0.1206 0.2120 0.6183 0.6183 0.6337
v 3.8089 0.2218 0.2323 0.5148 0.5148 0.5276
v 3.9083 0.3364 0.2484 0.4531 0.4531 0.4645
v 3.9940 0.4560 0.2599 0.4376 0.4376 0.4485
v 4.0727 0.5743 0.2685 0.4431 0.4431 0.4542
v 4.1513 0.6895 0.2806 0.4312 0.4312 0.4419
v 4.2336 0.8041 0.2989 0.4189 0.4189 0.4294
v 4.3190 0.9235 0.3224 0.4139 0.4139 0.4242
v 4.4009 1.0531 0.3448 0.3788 0.3788 0.3883
v 4.4694 1.1957 0.3591 0.2824 0.2824 0.2894
v 4.6143 1.3500 0.4512 0.2383 0.2383 0.2443
v 4.6264 1.5220 0.4718 0.1554 0.1554 0.1593
v 4.6002 1.6924 0.4921 0.1324 0.1324 0.1357
v 4.5386 1.8534 0.5140 0.1280 0.1280 0.1312
v 4.4493 1.9998 0.5429 0.1280 0.1280 0.1312
v 4.3421 2.1305 0.5678 0.1280 0.1280 0.1312
v 4.2254 2.2475 0.5750 0.1280 0.1280 0.1312
v 4.1043 2.3543 0.5803 0.1280 0.1280 0.1312
v 3.9798 2.4532 0.5817 0.1280 0.1280 0.1312
v 3.8502 2.5439 0.5786 0.1280 0.1280 0.1312
v 3.7130 2.6230 0.5726 0.1280 0.1280 0.1312
v 3.5673 2.6854 0.5667 0.1280 0.1280 0.1312
v 3.4142 2.7268 0.5637 0.1280 0.1280 0.1312
v 3.2572 2.7455 0.5640 0.1280 0.1280 0.1312
v 3.1000 2.7436 0.5628 0.1280 0.1280 0.1312
v 2.9449 2.7261 0.5457 0.1280 0.1280 0.1312
v 2.7921 2.6989 0.5223 0.1280 0.1280 0.1312
v 2.6395 2.6660 0.4906 0.1280 0.1280 0.1312
v 2.4848 2.6276 0.4515 0.1280 0.1280 0.1312
v 2.3273 2.5797 0.1600 0.4251 0.4251 0.4358
v 2.1704 2.5157 0.1600 0.7223 0.7223 0.7403
v 2.0214 2.4286 0.1600 0.7223 0.7223 0.7403
v 1.8905 2.3145 0.1600 0.7223 0.7223 0.7403
v 1.7878 2.1745 0.1600 0.7223 0.7223 0.7403
v 1.7198 2.0147 0.1600 0.7245 0.7245 0.7426
v 1.6877 1.8442 0.1600 0.7901 0.7901 0.8099
v 1.6861 1.6727 0.1600 0.8489 0.8489 0.8701
v 1.7053 1.5071 0.1600 0.8775 0.8775 0.8995
v 1.7343 1.3500 0.1600 0.8919 0.8919 0.9142
v 1.7645 1.1995 0.1600 0.8931 0.8931 0.9154
v 1.7924 1.0516 0.1600 0.8871 0.8871 0.9092
v 1.8202 0.9022 0.1600 0.8809 0.8809 0.9029
v 1.8545 0.7502 0.1600 0.8816 0.8816 0.9037
v 1.9035 0.5982 0.1600 0.8950 0.8950 0.9174
v 1.9737 0.4518 0.1600 0.9143 0.9143 0.9371
v 2.0678 0.3178 0.1600 0.9303 0.9303 0.9500
v 2.1841 0.2015 0.1600 0.8247 0.8247 0.8453
v 2.3179 0.1053 0.1600 0.7318 0.7318 0.7500
v 2.4635 0.0282 0.0320 0.4846 0.4846 0.4968
v 2.6161 -0.0330 0.1600 0.6679 0.6679 0.6846
v 2.7734 -0.0810 0.1600 0.8638 0.8638 0.8854
v 2.9348 -0.1163 0.1600 0.8413 0.8413 0.8623
v 3.1000 -0.1364 0.1600 0.8197 0.8197 0.8402
v 3.2674 -0.1358 0.1600 0.7653 0.7653 0.7844
v 3.4330 -0.1089 0.1600 0.4638 0.4638 0.4754
v 3.5907 -0.0524 0.2738 0.5549 0.5549 0.5688
v 3.7343 0.0328 0.3004 0.6380 0.6380 0.6539
v 3.8596 0.1412 0.3237 0.5464 0.5464 0.5600
v 3.9660 0.2640 0.3400 0.4935 0.4935 0.5059
v 4.0579 0.3921 0.3485 0.4810 0.4810 0.4930
v 4.1422 0.5189 0.3523 0.4888 0.4888 0.5010
v 4.2263 0.6423 0.3579 0.4778 0.4778 0.4897
v 4.3146 0.7651 0.3752 0.4719 0.4719 0.4836
v 4.4060 0.8930 0.3951 0.4646 0.4646 0.4762
v 4.4939 1.0319 0.4102 0.4260 0.4260 0.4367
v 4.5672 1.1847 0.4300 0.3443 0.3443 0.3529
v 4.7153 1.3500 0.5049 0.4306 0.4306 0.4414
v 4.7282 1.5335 0.5274 0.3823 0.3823 0.3919
v 4.7002 1.7152 0.5481 0.3383 0.3383 0.3467
v 4.6345 1.8869 0.5705 0.3099 0.3099 0.3176
v 4.5393 2.0431 0.6012 0.2946 0.2946 0.3020
v 4.4249 2.1825 0.6358 0.2558 0.2558 0.2622
v 4.3004 2.3073 0.6551 0.1967 0.1967 0.2016
v 4.1712 2.4212 0.6609 0.1985 0.1985 0.2035
v 4.0384 2.5268 0.6615 0.1984 0.1984 0.2034
v 3.9002 2.6235 0.6563 0.1988 0.1988 0.2038
v 3.7539 2.7079 0.6477 0.2033 0.2033 0.2084
v 3.5984 2.7744 0.6402 0.2149 0.2149 0.2202
v 3.4352 2.8186 0.6377 0.2320 0.2320 0.2378
v 3.2677 2.8386 0.6408 0.2450 0.2450 0.2511
v 3.1000 2.8365 0.6438 0.2299 0.2299 0.2357
v 2.9346 2.8179 0.6288 0.2156 0.2156 0.2210
v 2.7716 2.7888 0.6056 0.1975 0.1975 0.2024
v 2.6088 2.7537 0.5716 0.1766 0.1766 0.1811
v 2.4437 2.7127 0.5278 0.1424 0.1424 0.1460
v 2.2758 2.6617 0.1600 0.4251 0.4251 0.4358
v 2.1084 2.5934 0.1600 0.7223 0.7223 0.7403
v 1.9495 2.5005 0.1600 0.7223 0.7223 0.7403
v 1.8099 2.3788 0.1600 0.7223 0.7223 0.7403
v 1.7003 2.2295 0.1600 0.7223 0.7223 0.7403
v 1.6278 2.0590 0.1600 0.7223 0.7223 0.7403
v 1.5935 1.8771 0.1600 0.7223 0.7223 0.7403
v 1.5918 1.6942 0.1600 0.7223 0.7223 0.7403
v 1.6123 1.5176 0.1600 0.7223 0.7223 0.7403
v 1.6433 1.3500 0.1600 0.7223 0.7223 0.7403
v 1.6755 1.1895 0.1600 0.7223 0.7223 0.7403
v 1.7053 1.0317 0.1600 0.7223 0.7223 0.7403
v 1.7349 0.8723 0.1600 0.7223 0.7223 0.7403
v 1.7715 0.7102 0.1600 0.7223 0.7223 0.7403
v 1.8237 0.5481 0.1600 0.7223 0.7223 0.7403
v 1.8986 0.3919 0.1600 0.7223 0.7223 0.7403
v 1.9990 0.2490 0.1600 0.5993 0.5993 0.6143
v 2.1231 0.1250 0.1600 0.5084 0.5084 0.5211
v 2.2658 0.0224 0.0320 0.5084 0.5084 0.5211
v 2.4210 -0.0599 0.0320 0.4873 0.4873 0.4995
v 2.5838 -0.1252 0.1600 0.5592 0.5592 0.5732
v 2.7516 -0.1764 0.1600 0.7223 0.7223 0.7403
v 2.9238 -0.2141 0.1600 0.7223 0.7223 0.7403
v 3.1000 -0.2355 0.1600 0.7223 0.7223 0.7403
v 3.2786 -0.2348 0.1600 0.7223 0.7223 0.7403
v 3.4552 -0.2062 0.1600 0.4251 0.4251 0.4358
v 3.6234 -0.1459 0.3362 0.4177 0.4177 0.4282
v 3.7766 -0.0550 0.3665 0.6235 0.6235 0.6391
v 3.9102 0.0606 0.3924 0.5831 0.5831 0.5977
v 4.0238 0.1916 0.4090 0.5752 0.5752 0.5896
v 4.1218 0.3282 0.4156 0.5883 0.5883 0.6030
v 4.2117 0.4635 0.4161 0.5988 0.5988 0.6137
v 4.3014 0.5951 0.4179 0.6019 0.6019 0.6170
v 4.3956 0.7261 0.4292 0.5865 0.5865 0.6012
v 4.4931 0.8625 0.4379 0.5713 0.5713 0.5856
v 4.5868 1.0107 0.4563 0.5294 0.5294 0.5426
v 4.6650 1.1737 0.4802 0.4776 0.4776 0.4895
v 4.8162 1.3500 0.5149 0.6887 0.6887 0.7059
v 4.8300 1.5449 0.5383 0.7328 0.7328 0.7511
v 4.8003 1.7381 0.5599 0.7562 0.7562 0.7751
v 4.7304 1.9205 0.5842 0.7514 0.7514 0.7701
v 4.6292 2.0864 0.6167 0.7392 0.7392 0.7577
v 4.5077 2.2345 0.6533 0.7350 0.7350 0.7534
v 4.3754 2.3671 0.6917 0.6643 0.6643 0.6809
v 4.2382 2.4882 0.6979 0.6046 0.6046 0.6197
v 4.0971 2.6003 0.6986 0.5973 0.5973 0.6122
v 3.9502 2.7031 0.6930 0.5831 0.5831 0.5977
v 3.7948 2.7927 0.6840 0.5709 0.5709 0.5851
v 3.6296 2.8635 0.6764 0.5722 0.5722 0.5865
v 3.4561 2.9104 0.6745 0.5903 0.5903 0.6051
v 3.2782 2.9316 0.6789 0.6099 0.6099 0.6251
v 3.1000 2.9295 0.6833 0.5829 0.5829 0.5974
v 2.9243 2.9096 0.6673 0.5395 0.5395 0.5529
v 2.7511 2.8787 0.6427 0.5008 0.5008 0.5133
v 2.5781 2.8414 0.6062 0.4483 0.4483 0.4595
v 2.4027 2.7979 0.5591 0.3191 0.3191 0.3271
v 2.2243 2.7437 0.1600 0.3261 0.3261 0.3342
v 2.0464 2.6711 0.1600 0.7223 0.7223 0.7403
v 1.8776 2.5724 0.1600 0.7223 0.7223 0.7403
v 1.7293 2.4431 0.1600 0.7223 0.7223 0.7403
v 1.6128 2.2845 0.1600 0.7223 0.7223 0.7403
v 1.5358 2.1033 0.1600 0.7223 0.7223 0.7403
v 1.4993 1.9101 0.1600 0.7223 0.7223 0.7403
v 1.4975 1.7158 0.1600 0.7223 0.7223 0.7403
v 1.5193 1.5281 0.1600 0.7223 0.7223 0.7403
v 1.5522 1.3500 0.1600 0.7223 0.7223 0.7403
v 1.5865 1.1795 0.1600 0.7223 0.7223 0.7403
v 1.6181 1.0118 0.1600 0.7223 0.7223 0.7403
v 1.6496 0.8425 0.1600 0.7223 0.7223 0.7403
v 1.6885 0.6702 0.1600 0.7223 0.7223 0.7403
v 1.7440 0.4980 0.1600 0.7223 0.7223 0.7403
v 1.8235 0.3321 0.1600 0.7223 0.7223 0.7403
v 1.9302 0.1802 0.1600 0.6638 0.6638 0.6804
v 2.0620 0.0484 0.0320 0.4877 0.4877 0.4999
v 2.2137 -0.0606 0.0320 0.6212 0.6212 0.6367
v 2.3786 -0.1480 0.0320 0.5863 0.5863 0.6009
v 2.5516 -0.2174 0.1600 0.5687 0.5687 0.5830
v 2.7298 -0.2718 0.1600 0.7223 0.7223 0.7403
v 2.9128 -0.3119 0.1600 0.7223 0.7223 0.7403
v 3.1000 -0.3345 0.1600 0.7223 0.7223 0.7403
v 3.2897 -0.3339 0.1600 0.7223 0.7223 0.7403
v 3.4774 -0.3034 0.1600 0.4251 0.4251 0.4358
v 3.6562 -0.2394 0.3553 0.2965 0.2965 0.3039
v 3.8189 -0.1429 0.3877 0.5256 0.5256 0.5387
v 3.9608 -0.0200 0.4154 0.5703 0.5703 0.5846
v 4.0815 0.1192 0.4330 0.6294 0.6294 0.6452
v 4.1856 0.2644 0.4397 0.6786 0.6786 0.6955
v 4.2812 0.4080 0.4398 0.7076 0.7076 0.7253
v 4.3765 0.5479 0.4410 0.7090 0.7090 0.7267
v 4.4766 0.6871 0.4348 0.6803 0.6803 0.6973
v 4.5802 0.8321 0.4439 0.6429 0.6429 0.6589
v 4.6797 0.9894 0.4634 0.6247 0.6247 0.6403
v 4.7628 1.1626 0.4889 0.6449 0.6449 0.6610
v 4.9340 1.3500 0.4573 0.8241 0.8241 0.8447
v 4.9487 1.5583 0.4806 0.9213 0.9213 0.9443
v 4.9169 1.7647 0.5035 0.9500 0.9500 0.9500
v 4.8423 1.9597 0.5315 0.9500 0.9500 0.9500
v 4.7342 2.1370 0.5669 0.9500 0.9500 0.9500
v 4.6043 2.2952 0.6060 0.9500 0.9500 0.9500
v 4.4630 2.4369 0.6466 0.9500 0.9500 0.9500
v 4.3163 2.5663 0.6723 0.9500 0.9500 0.9500
v 4.1655 2.6861 0.6744 0.9500 0.9500 0.9500
v 4.0086 2.7960 0.6714 0.9500 0.9500 0.9500
v 3.8425 2.8917 0.6653 0.9309 0.9309 0.9500
v 3.6659 2.9673 0.6600 0.9065 0.9065 0.9292
v 3.4806 3.0175 0.6587 0.9007 0.9007 0.9232
v 3.2904 3.0402 0.6619 0.8994 0.8994 0.9219
v 3.1000 3.0378 0.6634 0.8537 0.8537 0.8750
v 2.9122 3.0166 0.6418 0.7978 0.7978 0.8177
v 2.7271 2.9836 0.6125 0.7576 0.7576 0.7765
v 2.5423 2.9438 0.5731 0.7065 0.7065 0.7242
v 2.3549 2.8973 0.5245 0.6547 0.6547 0.6711
v 2.1642 2.8394 0.4702 0.2953 0.2953 0.3027
v 1.9741 2.7618 0.1600 0.5242 0.5242 0.5373
v 1.7937 2.6563 0.1600 0.7223 0.7223 0.7403
v 1.6352 2.5181 0.1600 0.7223 0.7223 0.7403
v 1.5107 2.3486 0.1600 0.7223 0.7223 0.7403
v 1.4285 2.1550 0.1600 0.7223 0.7223 0.7403
v 1.3895 1.9485 0.1600 0.7077 0.7077 0.7254
v 1.3876 1.7409 0.1600 0.6918 0.6918 0.7091
v 1.4108 1.5403 0.1600 0.6869 0.6869 0.7040
v 1.4460 1.3500 0.1600 0.6963 0.6963 0.7137
v 1.4826 1.1678 0.1600 0.7136 0.7136 0.7315
v 1.5164 0.9886 0.1600 0.7223 0.7223 0.7403
v 1.5500 0.8076 0.1600 0.7223 0.7223 0.7403
v 1.5916 0.6236 0.1600 0.7223 0.7223 0.7403
v 1.6509 0.4395 0.1600 0.7118 0.7118 0.7296
v 1.7359 0.2622 0.1600 0.5782 0.5782 0.5926
v 1.8499 0.0999 0.1600 0.4910 0.4910 0.5033
v 1.9908 -0.0409 0.0320 0.6765 0.6765 0.6934
v 2.1528 -0.1574 0.0320 0.7223 0.7223 0.7403
v 2.3291 -0.2509 0.0320 0.5836 0.5836 0.5982
v 2.5139 -0.3249 0.1600 0.4194 0.4194 0.4299
v 2.7044 -0.3831 0.1600 0.6898 0.6898 0.7070
v 2.8999 -0.4259 0.1600 0.6921 0.6921 0.7094
v 3.1000 -0.4502 0.1600 0.6958 0.6958 0.7132
v 3.3027 -0.4494 0.1600 0.7238 0.7238 0.7419
v 3.5033 -0.4169 0.1600 0.5474 0.5474 0.5611
v 3.6943 -0.3485 0.3089 0.2457 0.2457 0.2518
v 3.8683 -0.2453 0.3416 0.4152 0.4152 0.4255
v 4.0199 -0.1140 0.3700 0.5134 0.5134 0.5262
v 4.1489 0.0347 0.3897 0.6107 0.6107 0.6260
v 4.2601 0.1899 0.3997 0.6905 0.6905 0.7078
v 4.3622 0.3434 0.4040 0.7398 0.7398 0.7583
v 4.4641 0.4929 0.3919 0.7459 0.7459 0.7645
v 4.5710 0.6416 0.3841 0.6999 0.6999 0.7174
v 4.6818 0.7965 0.3927 0.6521 0.6521 0.6684
v 4.7881 0.9647 0.4102 0.6658 0.6658 0.6825
v 4.8769 1.1498 0.4331 0.7290 0.7290 0.7473
v 5.0854 1.3500 0.3631 0.8406 0.8406 0.8616
v 5.1013 1.5755 0.3856 0.9325 0.9325 0.9500
v 5.0670 1.7989 0.4102 0.9500 0.9500 0.9500
v 4.9862 2.0100 0.4434 0.9500 0.9500 0.9500
v 4.8691 2.2020 0.4830 0.9500 0.9500 0.9500
v 4.7285 2.3733 0.5253 0.9500 0.9500 0.9500
v 4.5755 2.5267 0.5684 0.9500 0.9500 0.9500
v 4.4167 2.6667 0.6099 0.9500 0.9500 0.9500
v 4.2535 2.7964 0.6230 0.9500 0.9500 0.9500
v 4.0836 2.9154 0.6240 0.9500 0.9500 0.9500
v 3.9038 3.0190 0.6227 0.9500 0.9500 0.9500
v 3.7127 3.1009 0.6212 0.9500 0.9500 0.9500
v 3.5120 3.1552 0.6192 0.9358 0.9358 0.9500
v 3.3062 3.1797 0.6187 0.9250 0.9250 0.9481
v 3.1000 3.1772 0.6157 0.8702 0.8702 0.8920
v 2.8967 3.1543 0.5870 0.8075 0.8075 0.8277
v 2.6963 3.1185 0.5520 0.7692 0.7692 0.7884
v 2.4963 3.0754 0.5087 0.7258 0.7258 0.7439
v 2.2933 3.0250 0.4588 0.6827 0.6827 0.6998
v 2.0869 2.9623 0.4042 0.3940 0.3940 0.4038
v 1.8812 2.8783 0.1600 0.4251 0.4251 0.4358
v 1.6859 2.7641 0.1600 0.7223 0.7223 0.7403
v 1.5143 2.6146 0.1600 0.7223 0.7223 0.7403
v 1.3795 2.4310 0.1600 0.6970 0.6970 0.7145
v 1.2904 2.2214 0.1600 0.6457 0.6457 0.6618
v 1.2483 1.9980 0.1600 0.5643 0.5643 0.5784
v 1.2462 1.7731 0.1510 0.5102 0.5102 0.5229
v 1.2714 1.5560 0.1479 0.4927 0.4927 0.5050
v 1.3094 1.3500 0.1490 0.4911 0.4911 0.5034
v 1.3491 1.1527 0.1542 0.5002 0.5002 0.5127
v 1.3856 0.9587 0.1600 0.5074 0.5074 0.5201
v 1.4221 0.7629 0.1600 0.5064 0.5064 0.5190
v 1.4670 0.5636 0.1600 0.4953 0.4953 0.5077
v 1.5313 0.3643 0.1600 0.4789 0.4789 0.4909
v 1.6233 0.1724 0.1527 0.4860 0.4860 0.4982
v 1.7467 -0.0033 0.0320 0.4689 0.4689 0.4806
v 1.8992 -0.1558 0.0320 0.6121 0.6121 0.6274
v 2.0746 -0.2819 0.0320 0.7223 0.7223 0.7403
v 2.2654 -0.3830 0.0320 0.7223 0.7223 0.7403
v 2.4655 -0.4632 0.0320 0.4107 0.4107 0.4209
v 2.6718 -0.5262 0.1501 0.3538 0.3538 0.3627
v 2.8834 -0.5725 0.1506 0.4819 0.4819 0.4940
v 3.1000 -0.5988 0.1494 0.4887 0.4887 0.5009
v 3.3195 -0.5980 0.1600 0.4873 0.4873 0.4995
v 3.5366 -0.5628 0.1979 0.5164 0.5164 0.5293
v 3.7434 -0.4887 0.2293 0.3846 0.3846 0.3942
v 3.9317 -0.3770 0.2615 0.4134 0.4134 0.4237
v 4.0959 -0.2349 0.2906 0.5065 0.5065 0.5192
v 4.2355 -0.0739 0.3131 0.6033 0.6033 0.6184
v 4.3559 0.0941 0.3284 0.6907 0.6907 0.7079
v 4.4665 0.2603 0.3220 0.7390 0.7390 0.7574
v 4.5768 0.4221 0.3117 0.7441 0.7441 0.7627
v 4.6925 0.5831 0.3047 0.7066 0.7066 0.7242
v 4.8124 0.7508 0.3100 0.6681 0.6681 0.6848
v 4.9275 0.9329 0.3238 0.6872 0.6872 0.7044
v 5.0236 1.1333 0.3422 0.7508 0.7508 0.7696
v 5.2537 1.3500 0.2724 0.8319 0.8319 0.8527
v 5.2709 1.5946 0.2941 0.9026 0.9026 0.9251
v 5.2337 1.8370 0.3203 0.9481 0.9481 0.9500
v 5.1460 2.0659 0.3593 0.9500 0.9500 0.9500
v 5.0190 2.2742 0.4032 0.9500 0.9500 0.9500
v 4.8665 2.4600 0.4490 0.9500 0.9500 0.9500
v 4.7005 2.6264 0.4952 0.9500 0.9500 0.9500
v 4.5283 2.7783 0.5401 0.9500 0.9500 0.9500
v 4.3512 2.9190 0.5782 0.9500 0.9500 0.9500
v 4.1669 3.0480 0.5832 0.9302 0.9302 0.9500
v 3.9719 3.1605 0.5847 0.9142 0.9142 0.9370
v 3.7646 3.2493 0.5818 0.8970 0.8970 0.9194
v 3.5469 3.3081 0.5795 0.8831 0.8831 0.9052
v 3.3236 3.3348 0.5773 0.8664 0.8664 0.8880
v 3.1000 3.3321 0.5705 0.8077 0.8077 0.8279
v 2.8795 3.3072 0.5359 0.7469 0.7469 0.7655
v 2.6621 3.2684 0.4967 0.7171 0.7171 0.7350
v 2.4451 3.2216 0.4516 0.6803 0.6803 0.6973
v 2.2250 3.1670 0.4005 0.6404 0.6404 0.6564
v 2.0010 3.0990 0.3440 0.4559 0.4559 0.4673
v 1.7779 3.0079 0.1600 0.3261 0.3261 0.3342
v 1.5660 2.8840 0.1600 0.7209 0.7209 0.7389
v 1.3799 2.7217 0.1600 0.6906 0.6906 0.7079
v 1.2337 2.5227 0.1600 0.6295 0.6295 0.6452
v 1.1371 2.2953 0.1367 0.5300 0.5300 0.5433
v 1.0913 2.0529 0.1064 0.4412 0.4412 0.4523
v 1.0891 1.8090 0.0847 0.3989 0.3989 0.4088
v 1.1164 1.5735 0.0827 0.3926 0.3926 0.4024
v 1.1577 1.3500 0.0828 0.3828 0.3828 0.3924
v 1.2007 1.1360 0.0851 0.3738 0.3738 0.3831
v 1.2403 0.9255 0.0881 0.3582 0.3582 0.3671
v 1.2799 0.7131 0.0898 0.3447 0.3447 0.3533
v 1.3287 0.4970 0.0900 0.3327 0.3327 0.3410
v 1.3983 0.2808 0.0876 0.3149 0.3149 0.3228
v 1.4982 0.0726 0.0827 0.3471 0.3471 0.3558
v 1.6320 -0.1180 0.0320 0.5922 0.5922 0.6070
v 1.7974 -0.2834 0.0320 0.7034 0.7034 0.7210
v 1.9877 -0.4202 0.0320 0.7035 0.7035 0.7211
v 2.1947 -0.5299 0.0320 0.7057 0.7057 0.7233
v 2.4118 -0.6169 0.0320 0.6300 0.6300 0.6457
v 2.6355 -0.6852 0.0790 0.3691 0.3691 0.3783
v 2.8650 -0.7355 0.0801 0.3645 0.3645 0.3736
v 3.1000 -0.7639 0.0800 0.3616 0.3616 0.3706
v 3.3381 -0.7631 0.1021 0.3799 0.3799 0.3894
v 3.5736 -0.7249 0.1281 0.3855 0.3855 0.3951
v 3.7979 -0.6446 0.1556 0.4185 0.4185 0.4290
v 4.0022 -0.5234 0.1871 0.4649 0.4649 0.4766
v 4.1803 -0.3692 0.2171 0.5380 0.5380 0.5514
v 4.3317 -0.1945 0.2426 0.6342 0.6342 0.6501
v 4.4623 -0.0123 0.2470 0.7078 0.7078 0.7255
v 4.5823 0.1679 0.2416 0.7463 0.7463 0.7650
v 4.7019 0.3435 0.2352 0.7448 0.7448 0.7634
v 4.8274 0.5181 0.2296 0.7269 0.7269 0.7451
v 4.9575 0.7000 0.2302 0.6975 0.6975 0.7150
v 5.0824 0.8975 0.2405 0.7104 0.7104 0.7282
v 5.1866 1.1149 0.2546 0.7622 0.7622 0.7812
v 5.4388 1.3500 0.1960 0.8033 0.8033 0.8234
v 5.4575 1.6156 0.2171 0.8447 0.8447 0.8658
v 5.4170 1.8788 0.2450 0.8639 0.8639 0.8855
v 5.3218 2.1275 0.2899 0.8740 0.8740 0.8958
v 5.1839 2.3536 0.3382 0.8886 0.8886 0.9109
v 5.0183 2.5554 0.3879 0.8991 0.8991 0.9215
v 4.8381 2.7361 0.4374 0.9058 0.9058 0.9285
v 4.6510 2.9010 0.4862 0.9122 0.9122 0.9350
v 4.4588 3.0538 0.5339 0.8981 0.8981 0.9205
v 4.2586 3.1939 0.5547 0.8359 0.8359 0.8568
v 4.0468 3.3161 0.5553 0.8128 0.8128 0.8331
v 3.8217 3.4125 0.5557 0.7959 0.7959 0.8158
v 3.5853 3.4764 0.5551 0.7787 0.7787 0.7982
v 3.3428 3.5053 0.5523 0.7613 0.7613 0.7804
v 3.1000 3.5024 0.5432 0.7030 0.7030 0.7206
v 2.8605 3.4754 0.5040 0.6456 0.6456 0.6617
v 2.6245 3.4333 0.4612 0.6246 0.6246 0.6402
v 2.3888 3.3824 0.4145 0.5987 0.5987 0.6137
v 2.1498 3.3231 0.3631 0.5665 0.5665 0.5806
v 1.9066 3.2493 0.3057 0.5475 0.5475 0.5612
v 1.6643 3.1503 0.2514 0.3447 0.3447 0.3533
v 1.4342 3.0158 0.1600 0.5382 0.5382 0.5516
v 1.2321 2.8396 0.1574 0.6372 0.6372 0.6531
v 1.0733 2.6234 0.1182 0.5648 0.5648 0.5789
v 0.9684 2.3765 0.0849 0.5113 0.5113 0.5241
v 0.9187 2.1133 0.0561 0.4786 0.4786 0.4906
v 0.9163 1.8484 0.0326 0.5009 0.5009 0.5134
v 0.9459 1.5927 0.0316 0.5245 0.5245 0.5376
v 0.9908 1.3500 0.0313 0.5176 0.5176 0.5306
v 1.0375 1.1176 0.0315 0.5119 0.5119 0.5247
v 1.0805 0.8891 0.0317 0.5029 0.5029 0.5154
v 1.1234 0.6584 0.0312 0.4921 0.4921 0.5044
v 1.1764 0.4237 0.0313 0.4825 0.4825 0.4945
v 1.2521 0.1889 0.0305 0.4773 0.4773 0.4892
v 1.3605 -0.0372 0.0289 0.4816 0.4816 0.4937
v 1.5058 -0.2442 0.0271 0.5845 0.5845 0.5992
v 1.6855 -0.4237 0.0258 0.6416 0.6416 0.6576
v 1.8921 -0.5723 0.0255 0.6409 0.6409 0.6569
v 2.1169 -0.6915 0.0260 0.6411 0.6411 0.6572
v 2.3526 -0.7859 0.0269 0.6428 0.6428 0.6589
v 2.5956 -0.8601 0.0277 0.5380 0.5380 0.5515
v 2.8448 -0.9147 0.0280 0.5191 0.5191 0.5321
v 3.1000 -0.9456 0.0280 0.5017 0.5017 0.5142
v 3.3585 -0.9447 0.0510 0.4818 0.4818 0.4938
v 3.6143 -0.9032 0.0771 0.4970 0.4970 0.5094
v 3.8579 -0.8160 0.1041 0.5206 0.5206 0.5336
v 4.0797 -0.6844 0.1314 0.5404 0.5404 0.5540
v 4.2731 -0.5170 0.1610 0.5992 0.5992 0.6141
v 4.4376 -0.3272 0.1783 0.6682 0.6682 0.6849
v 4.5794 -0.1294 0.1775 0.7285 0.7285 0.7467
v 4.7096 0.0663 0.1754 0.7457 0.7457 0.7643
v 4.8396 0.2570 0.1718 0.7473 0.7473 0.7660
v 4.9759 0.4466 0.1670 0.7451 0.7451 0.7638
v 5.1171 0.6442 0.1628 0.7248 0.7248 0.7430
v 5.2527 0.8587 0.1702 0.7239 0.7239 0.7420
v 5.3660 1.0947 0.1808 0.7581 0.7581 0.7771
v 5.6238 1.3500 0.1500 0.7797 0.7797 0.7992
v 5.6441 1.6366 0.1693 0.8088 0.8088 0.8291
v 5.6004 1.9207 0.2018 0.8158 0.8158 0.8362
v 5.4977 2.1890 0.2505 0.8115 0.8115 0.8318
v 5.3489 2.4330 0.3027 0.8222 0.8222 0.8428
v 5.1701 2.6508 0.3562 0.8292 0.8292 0.8499
v 4.9756 2.8458 0.4094 0.8338 0.8338 0.8547
v 4.7738 3.0238 0.4620 0.8368 0.8368 0.8577
v 4.5663 3.1887 0.5108 0.8491 0.8491 0.8703
v 4.3503 3.3399 0.5484 0.7964 0.7964 0.8163
v 4.1217 3.4716 0.5517 0.7510 0.7510 0.7698
v 3.8788 3.5757 0.5548 0.7349 0.7349 0.7532
v 3.6237 3.6447 0.5561 0.7195 0.7195 0.7375
v 3.3621 3.6759 0.5541 0.7040 0.7040 0.7216
v 3.1000 3.6727 0.5450 0.6593 0.6593 0.6757
v 2.8416 3.6435 0.5034 0.5905 0.5905 0.6053
v 2.5869 3.5981 0.4585 0.5738 0.5738 0.5881
v 2.3325 3.5433 0.4105 0.5537 0.5537 0.5675
v 2.0746 3.4793 0.3583 0.5309 0.5309 0.5442
v 1.8122 3.3996 0.3020 0.5089 0.5089 0.5216
v 1.5507 3.2928 0.2460 0.4711 0.4711 0.4829
v 1.3024 3.1476 0.1600 0.4450 0.4450 0.4561
v 1.0842 2.9575 0.1334 0.6337 0.6337 0.6496
v 0.9130 2.7242 0.0923 0.5486 0.5486 0.5623
v 0.7997 2.4578 0.0590 0.5414 0.5414 0.5550
v 0.7461 2.1737 0.0321 0.5350 0.5350 0.5483
v 0.7434 1.8879 0.0086 0.5554 0.5554 0.5692
v 0.7755 1.6119 0.0076 0.5993 0.5993 0.6143
v 0.8238 1.3500 0.0075 0.5949 0.5949 0.6097
v 0.8742 1.0992 0.0071 0.5917 0.5917 0.6065
v 0.9207 0.8526 0.0062 0.5869 0.5869 0.6016
v 0.9670 0.6036 0.0050 0.5818 0.5818 0.5963
v 1.0242 0.3504 0.0050 0.5774 0.5774 0.5918
v 1.1059 0.0970 0.0050 0.5736 0.5736 0.5880
v 1.2228 -0.1470 0.0050 0.5759 0.5759 0.5903
v 1.3797 -0.3703 0.0050 0.5835 0.5835 0.5981
v 1.5736 -0.5641 0.0050 0.5920 0.5920 0.6068
v 1.7966 -0.7244 0.0050 0.5972 0.5972 0.6122
v 2.0391 -0.8530 0.0050 0.5985 0.5985 0.6134
v 2.2935 -0.9549 0.0050 0.5971 0.5971 0.6121
v 2.5556 -1.0350 0.0050 0.5966 0.5966 0.6115
v 2.8246 -1.0939 0.0050 0.6000 0.6000 0.6150
v 3.1000 -1.1273 0.0050 0.5880 0.5880 0.6027
v 3.3790 -1.1263 0.0287 0.5529 0.5529 0.5667
v 3.6550 -1.0815 0.0551 0.5572 0.5572 0.5711
v 3.9179 -0.9874 0.0821 0.5682 0.5682 0.5824
v 4.1572 -0.8454 0.1097 0.5821 0.5821 0.5966
v 4.3659 -0.6647 0.1375 0.6274 0.6274 0.6431
v 4.5434 -0.4600 0.1383 0.6910 0.6910 0.7083
v 4.6965 -0.2465 0.1387 0.7327 0.7327 0.7510
v 4.8370 -0.0352 0.1381 0.7434 0.7434 0.7620
v 4.9772 0.1705 0.1356 0.7478 0.7478 0.7665
v 5.1244 0.3751 0.1307 0.7513 0.7513 0.7701
v 5.2767 0.5883 0.1239 0.7438 0.7438 0.7624
v 5.4231 0.8198 0.1276 0.7282 0.7282 0.7465
v 5.5453 1.0745 0.1362 0.7491 0.7491 0.7679
v 8.0809 -4.8000 0.6326 0.1805 0.1805 0.1850
v 8.0911 -4.6545 0.6168 0.1321 0.1321 0.1354
v 8.0689 -4.5104 0.5952 0.1280 0.1280 0.1312
v 8.0168 -4.3742 0.5705 0.1280 0.1280 0.1312
v 7.9413 -4.2504 0.5396 0.1280 0.1280 0.1312
v 7.8506 -4.1399 0.5117 0.1280 0.1280 0.1312
v 7.7519 -4.0409 0.4866 0.1280 0.1280 0.1312
v 7.6494 -3.9506 0.4629 0.1280 0.1280 0.1312
v 7.5441 -3.8669 0.4390 0.1280 0.1280 0.1312
v 7.4345 -3.7901 0.4147 0.1280 0.1280 0.1312
v 7.3185 -3.7233 0.3913 0.1280 0.1280 0.1312
v 7.1952 -3.6705 0.3714 0.1280 0.1280 0.1312
v 7.0658 -3.6354 0.3574 0.1280 0.1280 0.1312
v 6.9330 -3.6196 0.3497 0.1280 0.1280 0.1312
v 6.8000 -3.6212 0.3451 0.1280 0.1280 0.1312
v 6.6689 -3.6360 0.3407 0.1280 0.1280 0.1312
v 6.5396 -3.6591 0.3347 0.1280 0.1280 0.1312
v 6.4105 -3.6869 0.3250 0.1280 0.1280 0.1312
v 6.2796 -3.7194 0.3119 0.1280 0.1280 0.1312
v 6.1464 -3.7598 0.2972 0.1519 0.1519 0.1557
v 6.0137 -3.8140 0.2836 0.2724 0.2724 0.2792
v 5.8877 -3.8877 0.2730 0.4306 0.4306 0.4414
v 5.7770 -3.9842 0.2662 0.5938 0.5938 0.6086
v 5.6901 -4.1026 0.2627 0.7499 0.7499 0.7687
v 5.6326 -4.2378 0.2619 0.8873 0.8873 0.9095
v 5.6054 -4.3820 0.2634 0.9500 0.9500 0.9500
v 5.6040 -4.5270 0.2669 0.9500 0.9500 0.9500
v 5.6203 -4.6671 0.2739 0.9500 0.9500 0.9500
v 5.6449 -4.8000 0.2848 0.9500 0.9500 0.9500
v 5.6704 -4.9273 0.2985 0.9500 0.9500 0.9500
v 5.6940 -5.0524 0.3134 0.9500 0.9500 0.9500
v 5.7175 -5.1788 0.3275 0.9500 0.9500 0.9500
v 5.7465 -5.3073 0.3397 0.9500 0.9500 0.9500
v 5.7880 -5.4359 0.3507 0.9500 0.9500 0.9500
v 5.8473 -5.5597 0.3625 0.9500 0.9500 0.9500
v 5.9269 -5.6731 0.3760 0.9500 0.9500 0.9500
v 6.0253 -5.7714 0.3929 0.9500 0.9500 0.9500
v 6.1385 -5.8528 0.4162 0.9500 0.9500 0.9500
v 6.2616 -5.9180 0.4447 0.9500 0.9500 0.9500
v 6.3907 -5.9698 0.4758 0.9500 0.9500 0.9500
v 6.5237 -6.0104 0.5074 0.9500 0.9500 0.9500
v 6.6603 -6.0403 0.5382 0.9500 0.9500 0.9500
v 6.8000 -6.0572 0.5681 0.9500 0.9500 0.9500
v 6.9416 -6.0567 0.5916 0.9500 0.9500 0.9500
v 7.0817 -6.0340 0.6085 0.8898 0.8898 0.9120
v 7.2151 -5.9862 0.6260 0.7615 0.7615 0.7806
v 7.3365 -5.9141 0.6428 0.6314 0.6314 0.6472
v 7.4425 -5.8225 0.6571 0.5229 0.5229 0.5360
v 7.5325 -5.7186 0.6671 0.4581 0.4581 0.4695
v 7.6102 -5.6102 0.6714 0.4737 0.4737 0.4856
v 7.6815 -5.5030 0.6620 0.5088 0.5088 0.5216
v 7.7527 -5.3986 0.6533 0.5197 0.5197 0.5327
v 7.8274 -5.2948 0.6476 0.5035 0.5035 0.5161
v 7.9047 -5.1865 0.6454 0.4537 0.4537 0.4651
v 7.9790 -5.0691 0.6445 0.3754 0.3754 0.3847
v 8.0410 -4.9398 0.6413 0.2887 0.2887 0.2960
v 8.1723 -4.8000 0.7207 0.2859 0.2859 0.2931
v 8.1833 -4.6441 0.7043 0.1977 0.1977 0.2026
v 8.1596 -4.4897 0.6836 0.1539 0.1539 0.1577
v 8.1037 -4.3438 0.6575 0.1324 0.1324 0.1358
v 8.0228 -4.2111 0.6229 0.1280 0.1280 0.1312
v 7.9256 -4.0927 0.5927 0.1280 0.1280 0.1312
v 7.8199 -3.9867 0.5664 0.1280 0.1280 0.1312
v 7.7101 -3.8899 0.5410 0.1280 0.1280 0.1312
v 7.5973 -3.8002 0.5140 0.1280 0.1280 0.1312
v 7.4799 -3.7180 0.4850 0.1280 0.1280 0.1312
v 7.3556 -3.6464 0.4565 0.1280 0.1280 0.1312
v 7.2235 -3.5898 0.4330 0.1296 0.1296 0.1328
v 7.0848 -3.5523 0.4185 0.1525 0.1525 0.1563
v 6.9425 -3.5353 0.4139 0.1734 0.1734 0.1777
v 6.8000 -3.5370 0.4149 0.1789 0.1789 0.1834
v 6.6595 -3.5529 0.4162 0.1719 0.1719 0.1762
v 6.5210 -3.5776 0.4135 0.1551 0.1551 0.1590
v 6.3827 -3.6074 0.4039 0.1408 0.1408 0.1444
v 6.2424 -3.6422 0.3878 0.1488 0.1488 0.1525
v 6.0997 -3.6855 0.3689 0.1886 0.1886 0.1933
v 5.9575 -3.7436 0.3516 0.2867 0.2867 0.2939
v 5.8225 -3.8225 0.3391 0.4354 0.4354 0.4463
v 5.7039 -3.9259 0.3319 0.5866 0.5866 0.6013
v 5.6108 -4.0528 0.3285 0.7284 0.7284 0.7466
v 5.5492 -4.1977 0.3269 0.8530 0.8530 0.8744
v 5.5201 -4.3521 0.3268 0.9500 0.9500 0.9500
v 5.5186 -4.5075 0.3285 0.9500 0.9500 0.9500
v 5.5360 -4.6576 0.3349 0.9500 0.9500 0.9500
v 5.5623 -4.8000 0.3474 0.9500 0.9500 0.9500
v 5.5897 -4.9364 0.3653 0.9500 0.9500 0.9500
v 5.6150 -5.0705 0.3853 0.9500 0.9500 0.9500
v 5.6402 -5.2058 0.4037 0.9500 0.9500 0.9500
v 5.6713 -5.3436 0.4174 0.9500 0.9500 0.9500
v 5.7157 -5.4813 0.4265 0.9500 0.9500 0.9500
v 5.7793 -5.6140 0.4343 0.9500 0.9500 0.9500
v 5.8646 -5.7354 0.4412 0.9500 0.9500 0.9500
v 5.9700 -5.8408 0.4556 0.9500 0.9500 0.9500
v 6.0913 -5.9280 0.4797 0.9500 0.9500 0.9500
v 6.2231 -5.9979 0.5119 0.9500 0.9500 0.9500
v 6.3614 -6.0533 0.5481 0.9500 0.9500 0.9500
v 6.5040 -6.0968 0.5844 0.9500 0.9500 0.9500
v 6.6503 -6.1289 0.6186 0.9500 0.9500 0.9500
v 6.8000 -6.1470 0.6509 0.9500 0.9500 0.9500
v 6.9517 -6.1465 0.6753 0.9500 0.9500 0.9500
v 7.1018 -6.1221 0.6938 0.8947 0.8947 0.9171
v 7.2447 -6.0710 0.7142 0.7757 0.7757 0.7951
v 7.3749 -5.9937 0.7345 0.6562 0.6562 0.6726
v 7.4883 -5.8955 0.7510 0.5584 0.5584 0.5724
v 7.5849 -5.7842 0.7607 0.4994 0.4994 0.5119
v 7.6681 -5.6681 0.7636 0.4983 0.4983 0.5107
v 7.7445 -5.5532 0.7537 0.5443 0.5443 0.5579
v 7.8207 -5.4414 0.7395 0.5572 0.5572 0.5712
v 7.9007 -5.3301 0.7312 0.5363 0.5363 0.5497
v 7.9836 -5.2142 0.7297 0.4917 0.4917 0.5040
v 8.0632 -5.0883 0.7323 0.4379 0.4379 0.4488
v 8.1296 -4.9498 0.7326 0.3739 0.3739 0.3833
v 8.2638 -4.8000 0.7818 0.5179 0.5179 0.5308
v 8.2756 -4.6337 0.7662 0.4626 0.4626 0.4742
v 8.2502 -4.4690 0.7447 0.4179 0.4179 0.4283
v 8.1906 -4.3134 0.7171 0.3867 0.3867 0.3964
v 8.1043 -4.1719 0.6854 0.3568 0.3568 0.3657
v 8.0007 -4.0456 0.6529 0.3334 0.3334 0.3417
v 7.8879 -3.9325 0.6250 0.3311 0.3311 0.3394
v 7.7708 -3.8292 0.5981 0.3309 0.3309 0.3392
v 7.6505 -3.7336 0.5684 0.3306 0.3306 0.3388
v 7.5252 -3.6459 0.5355 0.3314 0.3314 0.3397
v 7.3926 -3.5694 0.5030 0.3376 0.3376 0.3460
v 7.2517 -3.5091 0.4766 0.3532 0.3532 0.3621
v 7.1038 -3.4691 0.4617 0.3885 0.3885 0.3983
v 6.9520 -3.4510 0.4595 0.4350 0.4350 0.4458
v 6.8000 -3.4528 0.4648 0.4508 0.4508 0.4620
v 6.6501 -3.4697 0.4703 0.4353 0.4353 0.4462
v 6.5024 -3.4961 0.4703 0.3931 0.3931 0.4029
v 6.3549 -3.5279 0.4607 0.3436 0.3436 0.3522
v 6.2053 -3.5650 0.4425 0.3241 0.3241 0.3322
v 6.0531 -3.6112 0.4205 0.3588 0.3588 0.3677
v 5.9014 -3.6732 0.4005 0.4393 0.4393 0.4503
v 5.7574 -3.7574 0.3865 0.5404 0.5404 0.5539
v 5.6309 -3.8676 0.3788 0.6381 0.6381 0.6541
v 5.5315 -4.0030 0.3752 0.7202 0.7202 0.7382
v 5.4658 -4.1575 0.3730 0.7865 0.7865 0.8061
v 5.4347 -4.3223 0.3713 0.8419 0.8419 0.8630
v 5.4332 -4.4880 0.3716 0.8938 0.8938 0.9161
v 5.4518 -4.6481 0.3774 0.9448 0.9448 0.9500
v 5.4798 -4.8000 0.3911 0.9500 0.9500 0.9500
v 5.5091 -4.9455 0.4119 0.9500 0.9500 0.9500
v 5.5360 -5.0885 0.4358 0.9500 0.9500 0.9500
v 5.5629 -5.2329 0.4574 0.9500 0.9500 0.9500
v 5.5960 -5.3798 0.4723 0.9500 0.9500 0.9500
v 5.6434 -5.5267 0.4801 0.9500 0.9500 0.9500
v 5.7112 -5.6682 0.4834 0.9500 0.9500 0.9500
v 5.8022 -5.7978 0.4869 0.9500 0.9500 0.9500
v 5.9147 -5.9102 0.4999 0.9500 0.9500 0.9500
v 6.0440 -6.0032 0.5251 0.9397 0.9397 0.9500
v 6.1847 -6.0777 0.5605 0.9168 0.9168 0.9397
v 6.3322 -6.1369 0.6011 0.9033 0.9033 0.9259
v 6.4843 -6.1833 0.6415 0.8992 0.8992 0.9217
v 6.6403 -6.2175 0.6789 0.8933 0.8933 0.9157
v 6.8000 -6.2368 0.7137 0.8906 0.8906 0.9129
v 6.9618 -6.2362 0.7390 0.8756 0.8756 0.8974
v 7.1219 -6.2103 0.7586 0.8179 0.8179 0.8383
v 7.2744 -6.1557 0.7813 0.7321 0.7321 0.7504
v 7.4132 -6.0733 0.8043 0.6560 0.6560 0.6724
v 7.5342 -5.9685 0.8226 0.6072 0.6072 0.6224
v 7.6372 -5.8498 0.8323 0.5915 0.5915 0.6063
v 7.7260 -5.7260 0.8331 0.6017 0.6017 0.6168
v 7.8075 -5.6034 0.8262 0.6510 0.6510 0.6673
v 7.8888 -5.4841 0.8079 0.6663 0.6663 0.6830
v 7.9741 -5.3654 0.7974 0.6311 0.6311 0.6468
v 8.0625 -5.2418 0.7964 0.6020 0.6020 0.6170
v 8.1474 -5.1075 0.7977 0.5818 0.5818 0.5963
v 8.2183 -4.9598 0.7912 0.5587 0.5587 0.5726
v 8.3553 -4.8000 0.8010 0.8042 0.8042 0.8244
v 8.3678 -4.6234 0.7855 0.8352 0.8352 0.8561
v 8.3409 -4.4483 0.7635 0.8606 0.8606 0.8821
v 8.2776 -4.2830 0.7329 0.8803 0.8803 0.9023
v 8.1859 -4.1326 0.7013 0.8737 0.8737 0.8955
v 8.0757 -3.9984 0.6717 0.8409 0.8409 0.8620
v 7.9559 -3.8782 0.6420 0.8253 0.8253 0.8459
v 7.8315 -3.7685 0.6134 0.8225 0.8225 0.8430
v 7.7036 -3.6669 0.5818 0.8141 0.8141 0.8345
v 7.5705 -3.5738 0.5469 0.8014 0.8014 0.8214
v 7.4296 -3.4925 0.5123 0.7934 0.7934 0.8132
v 7.2799 -3.4284 0.4846 0.7999 0.7999 0.8199
v 7.1228 -3.3859 0.4693 0.8210 0.8210 0.8415
v 6.9615 -3.3667 0.4678 0.8424 0.8424 0.8634
v 6.8000 -3.3686 0.4746 0.8446 0.8446 0.8658
v 6.6407 -3.3866 0.4817 0.8218 0.8218 0.8423
v 6.4838 -3.4146 0.4827 0.7750 0.7750 0.7943
v 6.3271 -3.4484 0.4733 0.7157 0.7157 0.7336
v 6.1681 -3.4878 0.4545 0.6672 0.6672 0.6839
v 6.0064 -3.5369 0.4314 0.6463 0.6463 0.6625
v 5.8452 -3.6027 0.4105 0.6505 0.6505 0.6668
v 5.6922 -3.6922 0.3958 0.6606 0.6606 0.6771
v 5.5578 -3.8094 0.3877 0.6559 0.6559 0.6722
v 5.4522 -3.9531 0.3836 0.6285 0.6285 0.6442
v 5.3824 -4.1173 0.3805 0.5876 0.5876 0.6023
v 5.3494 -4.2924 0.3779 0.5522 0.5522 0.5660
v 5.3478 -4.4685 0.3774 0.5394 0.5394 0.5528
v 5.3675 -4.6386 0.3827 0.5525 0.5525 0.5663
v 5.3973 -4.8000 0.3967 0.5747 0.5747 0.5891
v 5.4284 -4.9545 0.4185 0.5833 0.5833 0.5979
v 5.4570 -5.1065 0.4437 0.5674 0.5674 0.5815
v 5.4856 -5.2599 0.4663 0.5321 0.5321 0.5454
v 5.5208 -5.4160 0.4816 0.4966 0.4966 0.5090
v 5.5711 -5.5722 0.4894 0.4808 0.4808 0.4928
v 5.6432 -5.7225 0.4906 0.4707 0.4707 0.4825
v 5.7398 -5.8602 0.4938 0.4726 0.4726 0.4844
v 5.8593 -5.9796 0.5074 0.4830 0.4830 0.4951
v 5.9968 -6.0784 0.5341 0.4779 0.4779 0.4898
v 6.1462 -6.1576 0.5721 0.4633 0.4633 0.4749
v 6.3030 -6.2204 0.6156 0.4548 0.4548 0.4662
v 6.4645 -6.2697 0.6591 0.4629 0.4629 0.4745
v 6.6303 -6.3061 0.6992 0.4832 0.4832 0.4953
v 6.8000 -6.3266 0.7365 0.5251 0.5251 0.5383
v 6.9719 -6.3260 0.7626 0.5664 0.5664 0.5806
v 7.1420 -6.2984 0.7828 0.5721 0.5721 0.5864
v 7.3040 -6.2404 0.8065 0.5609 0.5609 0.5750
v 7.4515 -6.1529 0.8307 0.5709 0.5709 0.5851
v 7.5801 -6.0416 0.8500 0.6082 0.6082 0.6234
v 7.6895 -5.9154 0.8602 0.6607 0.6607 0.6772
v 7.7838 -5.7838 0.8608 0.7032 0.7032 0.7208
v 7.8704 -5.6537 0.8563 0.7479 0.7479 0.7666
v 7.9568 -5.5269 0.8403 0.7791 0.7791 0.7985
v 8.0475 -5.4008 0.8289 0.7515 0.7515 0.7703
v 8.1414 -5.2694 0.8248 0.7298 0.7298 0.7480
v 8.2316 -5.1268 0.8156 0.7475 0.7475 0.7662
v 8.3069 -4.9698 0.8097 0.7728 0.7728 0.7921
v 8.4621 -4.8000 0.7568 0.9500 0.9500 0.9500
v 8.4754 -4.6112 0.7403 0.9500 0.9500 0.9500
v 8.4466 -4.4242 0.7184 0.9500 0.9500 0.9500
v 8.3790 -4.2475 0.6855 0.9500 0.9500 0.9500
v 8.2810 -4.0868 0.6526 0.9500 0.9500 0.9500
v 8.1633 -3.9434 0.6253 0.9500 0.9500 0.9500
v 8.0352 -3.8150 0.5958 0.9500 0.9500 0.9500
v 7.9022 -3.6978 0.5652 0.9500 0.9500 0.9500
v 7.7656 -3.5891 0.5328 0.9500 0.9500 0.9500
v 7.6234 -3.4896 0.4981 0.9500 0.9500 0.9500
v 7.4729 -3.4028 0.4645 0.9500 0.9500 0.9500
v 7.3129 -3.3343 0.4374 0.9500 0.9500 0.9500
v 7.1449 -3.2888 0.4217 0.9500 0.9500 0.9500
v 6.9726 -3.2683 0.4185 0.9500 0.9500 0.9500
v 6.8000 -3.2704 0.4228 0.9500 0.9500 0.9500
v 6.6298 -3.2896 0.4274 0.9500 0.9500 0.9500
v 6.4621 -3.3195 0.4270 0.9500 0.9500 0.9500
v 6.2946 -3.3557 0.4179 0.9184 0.9184 0.9413
v 6.1247 -3.3978 0.4006 0.8674 0.8674 0.8891
v 5.9519 -3.4503 0.3797 0.8210 0.8210 0.8415
v 5.7797 -3.5206 0.3604 0.7757 0.7757 0.7951
v 5.6162 -3.6162 0.3463 0.7201 0.7201 0.7381
v 5.4725 -3.7414 0.3376 0.6415 0.6415 0.6575
v 5.3597 -3.8950 0.3323 0.5368 0.5368 0.5503
v 5.2852 -4.0705 0.3283 0.4201 0.4201 0.4306
v 5.2499 -4.2576 0.3252 0.3162 0.3162 0.3241
v 5.2481 -4.4458 0.3249 0.2472 0.2472 0.2534
v 5.2692 -4.6275 0.3301 0.2193 0.2193 0.2248
v 5.3011 -4.8000 0.3431 0.2148 0.2148 0.2202
v 5.3342 -4.9652 0.3628 0.2104 0.2104 0.2156
v 5.3649 -5.1276 0.3854 0.1977 0.1977 0.2027
v 5.3953 -5.2915 0.4059 0.1718 0.1718 0.1761
v 5.4330 -5.4583 0.4208 0.1431 0.1431 0.1467
v 5.4868 -5.6252 0.4302 0.1280 0.1280 0.1312
v 5.5638 -5.7858 0.4331 0.1280 0.1280 0.1312
v 5.6671 -5.9329 0.4405 0.1280 0.1280 0.1312
v 5.7948 -6.0605 0.4579 0.1385 0.1385 0.1420
v 5.9416 -6.1661 0.4874 0.1476 0.1476 0.1513
v 6.1013 -6.2508 0.5270 0.1466 0.1466 0.1503
v 6.2689 -6.3179 0.5719 0.1425 0.1425 0.1460
v 6.4415 -6.3706 0.6169 0.1447 0.1447 0.1483
v 6.6187 -6.4094 0.6594 0.1575 0.1575 0.1615
v 6.8000 -6.4314 0.6997 0.2030 0.2030 0.2081
v 6.9837 -6.4307 0.7267 0.2811 0.2811 0.2881
v 7.1655 -6.4013 0.7467 0.3404 0.3404 0.3489
v 7.3386 -6.3393 0.7696 0.3893 0.3893 0.3990
v 7.4962 -6.2457 0.7929 0.4610 0.4610 0.4726
v 7.6337 -6.1268 0.8121 0.5535 0.5535 0.5673
v 7.7505 -5.9919 0.8236 0.6460 0.6460 0.6621
v 7.8514 -5.8514 0.8271 0.7095 0.7095 0.7273
v 7.9439 -5.7122 0.8265 0.7408 0.7408 0.7593
v 8.0362 -5.5768 0.8212 0.7998 0.7998 0.8198
v 8.1331 -5.4420 0.8090 0.8099 0.8099 0.8301
v 8.2335 -5.3016 0.7888 0.8020 0.8020 0.8220
v 8.3299 -5.1492 0.7767 0.8157 0.8157 0.8361
v 8.4103 -4.9814 0.7678 0.8681 0.8681 0.8898
v 8.5993 -4.8000 0.6805 0.9500 0.9500 0.9500
v 8.6137 -4.5956 0.6626 0.9500 0.9500 0.9500
v 8.5826 -4.3931 0.6412 0.9500 0.9500 0.9500
v 8.5093 -4.2019 0.6052 0.9500 0.9500 0.9500
v 8.4032 -4.0279 0.5710 0.9500 0.9500 0.9500
v 8.2758 -3.8727 0.5416 0.9500 0.9500 0.9500
v 8.1372 -3.7336 0.5158 0.9500 0.9500 0.9500
v 7.9933 -3.6067 0.4833 0.9500 0.9500 0.9500
v 7.8454 -3.4892 0.4502 0.9500 0.9500 0.9500
v 7.6914 -3.3814 0.4168 0.9500 0.9500 0.9500
v 7.5284 -3.2874 0.3854 0.9500 0.9500 0.9500
v 7.3552 -3.2133 0.3600 0.9500 0.9500 0.9500
v 7.1734 -3.1641 0.3438 0.9500 0.9500 0.9500
v 6.9868 -3.1418 0.3377 0.9500 0.9500 0.9500
v 6.8000 -3.1441 0.3376 0.9500 0.9500 0.9500
v 6.6158 -3.1649 0.3379 0.9500 0.9500 0.9500
v 6.4342 -3.1973 0.3352 0.9500 0.9500 0.9500
v 6.2529 -3.2364 0.3265 0.9346 0.9346 0.9500
v 6.0690 -3.2820 0.3121 0.8926 0.8926 0.9149
v 5.8819 -3.3388 0.2950 0.8471 0.8471 0.8683
v 5.6955 -3.4149 0.2787 0.7945 0.7945 0.8144
v 5.5184 -3.5184 0.2657 0.7277 0.7277 0.7459
v 5.3629 -3.6540 0.2563 0.6392 0.6392 0.6552
v 5.2408 -3.8203 0.2494 0.5291 0.5291 0.5423
v 5.1601 -4.0103 0.2440 0.4104 0.4104 0.4207
v 5.1219 -4.2128 0.2405 0.3045 0.3045 0.3121
v 5.1200 -4.4165 0.2404 0.2296 0.2296 0.2353
v 5.1428 -4.6133 0.2454 0.1902 0.1902 0.1950
v 5.1773 -4.8000 0.2565 0.1734 0.1734 0.1778
v 5.2132 -4.9788 0.2724 0.1576 0.1576 0.1615
v 5.2464 -5.1546 0.2904 0.1375 0.1375 0.1409
v 5.2794 -5.3321 0.3072 0.1280 0.1280 0.1312
v 5.3201 -5.5127 0.3211 0.1280 0.1280 0.1312
v 5.3783 -5.6933 0.3312 0.1280 0.1280 0.1312
v 5.4617 -5.8672 0.3395 0.1280 0.1280 0.1312
v 5.5735 -6.0265 0.3537 0.1280 0.1280 0.1312
v 5.7118 -6.1646 0.3770 0.1280 0.1280 0.1312
v 5.8708 -6.2789 0.4103 0.1280 0.1280 0.1312
v 6.0437 -6.3706 0.4517 0.1280 0.1280 0.1312
v 6.2250 -6.4432 0.4976 0.1280 0.1280 0.1312
v 6.4119 -6.5003 0.5442 0.1280 0.1280 0.1312
v 6.6037 -6.5423 0.5896 0.1358 0.1358 0.1392
v 6.8000 -6.5661 0.6339 0.1868 0.1868 0.1915
v 6.9989 -6.5654 0.6619 0.2625 0.2625 0.2690
v 7.1957 -6.5335 0.6812 0.3302 0.3302 0.3385
v 7.3831 -6.4664 0.7023 0.3867 0.3867 0.3964
v 7.5537 -6.3651 0.7236 0.4601 0.4601 0.4716
v 7.7025 -6.2363 0.7423 0.5461 0.5461 0.5597
v 7.8290 -6.0904 0.7558 0.6266 0.6266 0.6423
v 7.9382 -5.9382 0.7640 0.6820 0.6820 0.6991
v 8.0384 -5.7876 0.7697 0.7109 0.7109 0.7287
v 8.1383 -5.6409 0.7749 0.7720 0.7720 0.7913
v 8.2432 -5.4950 0.7478 0.8279 0.8279 0.8486
v 8.3518 -5.3430 0.7255 0.8195 0.8195 0.8400
v 8.4562 -5.1780 0.7090 0.8292 0.8292 0.8500
v 8.5433 -4.9964 0.6951 0.8811 0.8811 0.9032
v 8.7518 -4.8000 0.6091 0.9395 0.9395 0.9500
v 8.7674 -4.5783 0.5902 0.9500 0.9500 0.9500
v 8.7336 -4.3587 0.5682 0.9500 0.9500 0.9500
v 8.6542 -4.1512 0.5294 0.9500 0.9500 0.9500
v 8.5391 -3.9625 0.4937 0.9500 0.9500 0.9500
v 8.4009 -3.7941 0.4620 0.9500 0.9500 0.9500
v 8.2505 -3.6433 0.4335 0.9500 0.9500 0.9500
v 8.0944 -3.5056 0.4048 0.9500 0.9500 0.9500
v 7.9339 -3.3781 0.3706 0.9500 0.9500 0.9500
v 7.7669 -3.2612 0.3380 0.9500 0.9500 0.9500
v 7.5901 -3.1593 0.3086 0.9500 0.9500 0.9500
v 7.4023 -3.0788 0.2845 0.9500 0.9500 0.9500
v 7.2050 -3.0254 0.2682 0.9500 0.9500 0.9500
v 7.0027 -3.0013 0.2597 0.9500 0.9500 0.9500
v 6.8000 -3.0038 0.2560 0.9500 0.9500 0.9500
v 6.6002 -3.0263 0.2527 0.9500 0.9500 0.9500
v 6.4032 -3.0614 0.2481 0.9434 0.9434 0.9500
v 6.2065 -3.1039 0.2400 0.9140 0.9140 0.9369
v 6.0070 -3.1534 0.2285 0.8808 0.8808 0.9028
v 5.8041 -3.2150 0.2151 0.8412 0.8412 0.8623
v 5.6018 -3.2976 0.2019 0.7925 0.7925 0.8123
v 5.4098 -3.4098 0.1900 0.7307 0.7307 0.7489
v 5.2411 -3.5569 0.1797 0.6530 0.6530 0.6693
v 5.1087 -3.7373 0.1710 0.5608 0.5608 0.5748
v 5.0211 -3.9433 0.1638 0.4642 0.4642 0.4758
v 4.9797 -4.1630 0.1593 0.3786 0.3786 0.3880
v 4.9776 -4.3840 0.1589 0.3171 0.3171 0.3251
v 5.0024 -4.5975 0.1634 0.2817 0.2817 0.2887
v 5.0398 -4.8000 0.1725 0.2624 0.2624 0.2690
v 5.0787 -4.9939 0.1846 0.2448 0.2448 0.2509
v 5.1147 -5.1847 0.1980 0.2183 0.2183 0.2238
v 5.1505 -5.3772 0.2112 0.1875 0.1875 0.1922
v 5.1947 -5.5731 0.2240 0.1683 0.1683 0.1725
v 5.2579 -5.7690 0.2348 0.1602 0.1602 0.1642
v 5.3483 -5.9577 0.2483 0.1646 0.1646 0.1687
v 5.4696 -6.1304 0.2688 0.1739 0.1739 0.1783
v 5.6195 -6.2802 0.2983 0.1826 0.1826 0.1872
v 5.7920 -6.4042 0.3357 0.1872 0.1872 0.1919
v 5.9796 -6.5037 0.3795 0.1871 0.1871 0.1918
v 6.1763 -6.5825 0.4270 0.1874 0.1874 0.1921
v 6.3790 -6.6444 0.4759 0.1919 0.1919 0.1967
v 6.5871 -6.6900 0.5248 0.2054 0.2054 0.2105
v 6.8000 -6.7158 0.5735 0.2703 0.2703 0.2770
v 7.0158 -6.7150 0.6023 0.3586 0.3586 0.3676
v 7.2292 -6.6804 0.6208 0.4159 0.4159 0.4263
v 7.4325 -6.6076 0.6402 0.4590 0.4590 0.4704
v 7.6176 -6.4978 0.6597 0.5131 0.5131 0.5259
v 7.7790 -6.3580 0.6779 0.5745 0.5745 0.5888
v 7.9162 -6.1997 0.6935 0.6323 0.6323 0.6481
v 8.0346 -6.0346 0.7063 0.6883 0.6883 0.7055
v 8.1433 -5.8712 0.7144 0.7274 0.7274 0.7456
v 8.2517 -5.7122 0.7058 0.7567 0.7567 0.7757
v 8.3655 -5.5539 0.6903 0.8256 0.8256 0.8462
v 8.4833 -5.3890 0.6658 0.8354 0.8354 0.8563
v 8.5965 -5.2100 0.6452 0.8443 0.8443 0.8654
v 8.6910 -5.0131 0.6269 0.8822 0.8822 0.9043
v 8.9195 -4.8000 0.5532 0.8909 0.8909 0.9132
v 8.9365 -4.5593 0.5340 0.9322 0.9322 0.9500
v 8.8998 -4.3207 0.5093 0.9500 0.9500 0.9500
v 8.8135 -4.0954 0.4687 0.9500 0.9500 0.9500
v 8.6886 -3.8905 0.4310 0.9500 0.9500 0.9500
v 8.5385 -3.7076 0.3967 0.9500 0.9500 0.9500
v 8.3751 -3.5439 0.3654 0.9500 0.9500 0.9500
v 8.2056 -3.3944 0.3359 0.9500 0.9500 0.9500
v 8.0314 -3.2559 0.3038 0.9500 0.9500 0.9500
v 7.8500 -3.1289 0.2714 0.9500 0.9500 0.9500
v 7.6580 -3.0183 0.2426 0.9500 0.9500 0.9500
v 7.4540 -2.9309 0.2197 0.9500 0.9500 0.9500
v 7.2398 -2.8729 0.2035 0.9500 0.9500 0.9500
v 7.0201 -2.8467 0.1937 0.9388 0.9388 0.9500
v 6.8000 -2.8494 0.1878 0.9221 0.9221 0.9451
v 6.5830 -2.8739 0.1826 0.9038 0.9038 0.9264
v 6.3691 -2.9120 0.1774 0.8854 0.8854 0.9075
v 6.1555 -2.9581 0.1706 0.8639 0.8639 0.8855
v 5.9389 -3.0118 0.1617 0.8378 0.8378 0.8587
v 5.7185 -3.0788 0.1513 0.8060 0.8060 0.8262
v 5.4989 -3.1684 0.1401 0.7692 0.7692 0.7884
v 5.2904 -3.2904 0.1291 0.7237 0.7237 0.7417
v 5.1072 -3.4500 0.1180 0.6674 0.6674 0.6841
v 4.9633 -3.6460 0.1072 0.6038 0.6038 0.6189
v 4.8682 -3.8697 0.0979 0.5388 0.5388 0.5523
v 4.8232 -4.1083 0.0917 0.4813 0.4813 0.4933
v 4.8210 -4.3483 0.0900 0.4394 0.4394 0.4504
v 4.8479 -4.5800 0.0934 0.4133 0.4133 0.4236
v 4.8885 -4.8000 0.1004 0.3962 0.3962 0.4061
v 4.9308 -5.0106 0.1093 0.3808 0.3808 0.3904
v 4.9699 -5.2177 0.1188 0.3622 0.3622 0.3712
v 5.0087 -5.4268 0.1288 0.3380 0.3380 0.3465
v 5.0568 -5.6395 0.1403 0.3109 0.3109 0.3187
v 5.1253 -5.8523 0.1517 0.2936 0.2936 0.3009
v 5.2236 -6.0572 0.1695 0.2946 0.2946 0.3020
v 5.3553 -6.2447 0.1956 0.3072 0.3072 0.3149
v 5.5181 -6.4075 0.2304 0.3222 0.3222 0.3303
v 5.7054 -6.5421 0.2725 0.3342 0.3342 0.3425
v 5.9091 -6.6501 0.3194 0.3372 0.3372 0.3456
v 6.1227 -6.7357 0.3696 0.3301 0.3301 0.3383
v 6.3429 -6.8029 0.4217 0.3130 0.3130 0.3208
v 6.5688 -6.8524 0.4748 0.3077 0.3077 0.3154
v 6.8000 -6.8804 0.5280 0.3571 0.3571 0.3660
v 7.0343 -6.8796 0.5575 0.4351 0.4351 0.4460
v 7.2661 -6.8420 0.5757 0.4926 0.4926 0.5049
v 7.4869 -6.7629 0.5935 0.5402 0.5402 0.5537
v 7.6879 -6.6437 0.6116 0.5774 0.5774 0.5918
v 7.8631 -6.4919 0.6297 0.6079 0.6079 0.6231
v 8.0122 -6.3200 0.6472 0.6591 0.6591 0.6755
v 8.1407 -6.1407 0.6608 0.7149 0.7149 0.7328
v 8.2587 -5.9633 0.6534 0.7481 0.7481 0.7668
v 8.3765 -5.7906 0.6482 0.7488 0.7488 0.7675
v 8.5000 -5.6187 0.6447 0.7975 0.7975 0.8174
v 8.6280 -5.4396 0.6183 0.8431 0.8431 0.8642
v 8.7509 -5.2453 0.5945 0.8448 0.8448 0.8659
v 8.8535 -5.0314 0.5730 0.8622 0.8622 0.8838
v 9.0872 -4.8000 0.5265 0.8586 0.8586 0.8801
v 9.1056 -4.5402 0.5079 0.8815 0.8815 0.9035
v 9.0660 -4.2828 0.4802 0.9252 0.9252 0.9483
v 8.9729 -4.0397 0.4372 0.9500 0.9500 0.9500
v 8.8380 -3.8185 0.3972 0.9500 0.9500 0.9500
v 8.6761 -3.6212 0.3604 0.9500 0.9500 0.9500
v 8.4998 -3.4445 0.3264 0.9500 0.9500 0.9500
v 8.3169 -3.2831 0.2945 0.9500 0.9500 0.9500
v 8.1288 -3.1337 0.2641 0.9500 0.9500 0.9500
v 7.9331 -2.9967 0.2301 0.9448 0.9448 0.9500
v 7.7259 -2.8773 0.2015 0.9344 0.9344 0.9500
v 7.5058 -2.7830 0.1791 0.9209 0.9209 0.9439
v 7.2746 -2.7204 0.1634 0.9079 0.9079 0.9306
v 7.0375 -2.6921 0.1536 0.8960 0.8960 0.9184
v 6.8000 -2.6950 0.1476 0.8822 0.8822 0.9043
v 6.5658 -2.7215 0.1426 0.8666 0.8666 0.8883
v 6.3350 -2.7626 0.1382 0.8523 0.8523 0.8736
v 6.1045 -2.8124 0.1330 0.8354 0.8354 0.8563
v 5.8707 -2.8703 0.1265 0.8140 0.8140 0.8343
v 5.6329 -2.9426 0.1185 0.7859 0.7859 0.8055
v 5.3959 -3.0393 0.1084 0.7542 0.7542 0.7730
v 5.1709 -3.1709 0.0971 0.7198 0.7198 0.7378
v 4.9732 -3.3432 0.0851 0.6782 0.6782 0.6951
v 4.8180 -3.5546 0.0724 0.6314 0.6314 0.6472
v 4.7154 -3.7961 0.0607 0.5846 0.5846 0.5992
v 4.6668 -4.0536 0.0521 0.5429 0.5429 0.5565
v 4.6644 -4.3126 0.0482 0.5116 0.5116 0.5244
v 4.6934 -4.5626 0.0500 0.4917 0.4917 0.5040
v 4.7372 -4.8000 0.0552 0.4772 0.4772 0.4891
v 4.7829 -5.0273 0.0618 0.4641 0.4641 0.4757
v 4.8250 -5.2508 0.0687 0.4494 0.4494 0.4606
v 4.8670 -5.4764 0.0766 0.4316 0.4316 0.4424
v 4.9188 -5.7059 0.0861 0.4084 0.4084 0.4186
v 4.9928 -5.9355 0.0986 0.3937 0.3937 0.4035
v 5.0988 -6.1566 0.1190 0.3944 0.3944 0.4042
v 5.2409 -6.3591 0.1487 0.4020 0.4020 0.4121
v 5.4167 -6.5347 0.1877 0.4119 0.4119 0.4222
v 5.6188 -6.6799 0.2342 0.4218 0.4218 0.4324
v 5.8385 -6.7965 0.2849 0.4275 0.4275 0.4382
v 6.0691 -6.8889 0.3377 0.4286 0.4286 0.4393
v 6.3067 -6.9614 0.3868 0.4044 0.4044 0.4145
v 6.5505 -7.0148 0.4372 0.3704 0.3704 0.3796
v 6.8000 -7.0450 0.4900 0.3803 0.3803 0.3898
v 7.0529 -7.0441 0.5187 0.4446 0.4446 0.4557
v 7.3029 -7.0036 0.5405 0.4913 0.4913 0.5036
v 7.5412 -6.9183 0.5690 0.5470 0.5470 0.5606
v 7.7581 -6.7896 0.5926 0.6004 0.6004 0.6154
v 7.9472 -6.6258 0.6108 0.6259 0.6259 0.6416
v 8.1081 -6.4403 0.6299 0.6751 0.6751 0.6920
v 8.2468 -6.2468 0.6239 0.7268 0.7268 0.7450
v 8.3742 -6.0554 0.6183 0.7609 0.7609 0.7799
v 8.5012 -5.8690 0.6151 0.7474 0.7474 0.7661
v 8.6346 -5.6835 0.6139 0.7631 0.7631 0.7822
v 8.7727 -5.4903 0.5951 0.8327 0.8327 0.8535
v 8.9053 -5.2805 0.5696 0.8408 0.8408 0.8619
v 9.0160 -5.0497 0.5467 0.8460 0.8460 0.8671
v 8.5250 4.2000 0.0235 0.1579 0.1579 0.1618
v 8.5356 4.3505 0.0473 0.1280 0.1280 0.1312
v 8.5127 4.4996 0.0698 0.1280 0.1280 0.1312
v 8.4588 4.6405 0.0950 0.1280 0.1280 0.1312
v 8.3807 4.7686 0.1234 0.1280 0.1280 0.1312
v 8.2868 4.8829 0.1543 0.1280 0.1280 0.1312
v 8.1847 4.9853 0.1861 0.1280 0.1280 0.1312
v 8.0787 5.0787 0.2175 0.1280 0.1280 0.1312
v 7.9698 5.1653 0.2476 0.1280 0.1280 0.1312
v 7.8564 5.2447 0.2752 0.1280 0.1280 0.1312
v 7.7364 5.3139 0.3018 0.1280 0.1280 0.1312
v 7.6089 5.3685 0.3293 0.1280 0.1280 0.1312
v 7.4750 5.4047 0.3592 0.1280 0.1280 0.1312
v 7.3376 5.4211 0.3913 0.1280 0.1280 0.1312
v 7.2000 5.4194 0.4242 0.1280 0.1280 0.1312
v 7.0643 5.4041 0.4553 0.1280 0.1280 0.1312
v 6.9306 5.3803 0.4827 0.1280 0.1280 0.1312
v 6.7971 5.3515 0.5014 0.1280 0.1280 0.1312
v 6.6617 5.3179 0.5137 0.1280 0.1280 0.1312
v 6.5239 5.2760 0.5244 0.1735 0.1735 0.1779
v 6.3866 5.2200 0.5352 0.3001 0.3001 0.3076
v 6.2563 5.1437 0.5462 0.4494 0.4494 0.4607
v 6.1417 5.0439 0.5559 0.6008 0.6008 0.6158
v 6.0518 4.9215 0.5618 0.7433 0.7433 0.7619
v 5.9923 4.7816 0.5619 0.8681 0.8681 0.8898
v 5.9642 4.6324 0.5556 0.9500 0.9500 0.9500
v 5.9628 4.4824 0.5446 0.9500 0.9500 0.9500
v 5.9796 4.3375 0.5292 0.9500 0.9500 0.9500
v 6.0050 4.2000 0.5082 0.9500 0.9500 0.9500
v 6.0315 4.0683 0.4903 0.9500 0.9500 0.9500
v 6.0559 3.9389 0.4742 0.9500 0.9500 0.9500
v 6.0802 3.8082 0.4566 0.9500 0.9500 0.9500
v 6.1102 3.6752 0.4340 0.9500 0.9500 0.9500
v 6.1531 3.5422 0.4046 0.9500 0.9500 0.9500
v 6.2145 3.4141 0.3688 0.9500 0.9500 0.9500
v 6.2968 3.2968 0.3292 0.9500 0.9500 0.9500
v 6.3986 3.1951 0.2894 0.9500 0.9500 0.9500
v 6.5157 3.1109 0.2522 0.9500 0.9500 0.9500
v 6.6430 3.0434 0.2189 0.9500 0.9500 0.9500
v 6.7766 2.9899 0.1876 0.9500 0.9500 0.9500
v 6.9142 2.9479 0.1560 0.9500 0.9500 0.9500
v 7.0554 2.9169 0.1226 0.9500 0.9500 0.9500
v 7.2000 2.8994 0.0890 0.9500 0.9500 0.9500
v 7.3465 2.9000 0.0575 0.9500 0.9500 0.9500
v 7.4914 2.9235 0.0304 0.9500 0.9500 0.9500
v 7.6294 2.9729 0.0095 0.9355 0.9355 0.9500
v 7.7550 3.0474 -0.0054 0.8051 0.8051 0.8252
v 7.8646 3.1423 -0.0153 0.6824 0.6824 0.6995
v 7.9578 3.2498 -0.0195 0.6049 0.6049 0.6200
v 8.0382 3.3618 -0.0234 0.5801 0.5801 0.5946
v 8.1119 3.4728 -0.0280 0.5803 0.5803 0.5948
v 8.1855 3.5807 -0.0296 0.5816 0.5816 0.5962
v 8.2628 3.6882 -0.0285 0.5582 0.5582 0.5722
v 8.3428 3.8001 -0.0231 0.4957 0.4957 0.5081
v 8.4196 3.9216 -0.0125 0.3958 0.3958 0.4057
v 8.4838 4.0554 0.0033 0.2649 0.2649 0.2716
v 8.6197 4.2000 0.0937 0.2184 0.2184 0.2239
v 8.6310 4.3612 0.1206 0.1465 0.1465 0.1501
v 8.6065 4.5210 0.1437 0.1304 0.1304 0.1337
v 8.5487 4.6719 0.1691 0.1280 0.1280 0.1312
v 8.4650 4.8092 0.1985 0.1280 0.1280 0.1312
v 8.3644 4.9317 0.2316 0.1280 0.1280 0.1312
v 8.2550 5.0414 0.2662 0.1280 0.1280 0.1312
v 8.1415 5.1415 0.2991 0.1280 0.1280 0.1312
v 8.0248 5.2343 0.3294 0.1280 0.1280 0.1312
v 7.9033 5.3193 0.3556 0.1280 0.1280 0.1312
v 7.7747 5.3934 0.3801 0.1280 0.1280 0.1312
v 7.6381 5.4520 0.4067 0.1280 0.1280 0.1312
v 7.4946 5.4908 0.4385 0.1431 0.1431 0.1467
v 7.3474 5.5083 0.4760 0.1643 0.1643 0.1684
v 7.2000 5.5065 0.5163 0.1772 0.1772 0.1816
v 7.0546 5.4901 0.5548 0.1769 0.1769 0.1813
v 6.9114 5.4646 0.5872 0.1568 0.1568 0.1607
v 6.7683 5.4337 0.6056 0.1451 0.1451 0.1487
v 6.6232 5.3977 0.6156 0.1572 0.1572 0.1611
v 6.4756 5.3529 0.6229 0.2052 0.2052 0.2103
v 6.3285 5.2928 0.6309 0.3133 0.3133 0.3212
v 6.1888 5.2112 0.6410 0.4568 0.4568 0.4683
v 6.0661 5.1042 0.6514 0.6006 0.6006 0.6156
v 5.9698 4.9730 0.6585 0.7331 0.7331 0.7514
v 5.9061 4.8231 0.6589 0.8484 0.8484 0.8696
v 5.8759 4.6633 0.6515 0.9441 0.9441 0.9500
v 5.8744 4.5026 0.6387 0.9500 0.9500 0.9500
v 5.8924 4.3473 0.6230 0.9500 0.9500 0.9500
v 5.9197 4.2000 0.6023 0.9500 0.9500 0.9500
v 5.9480 4.0589 0.5872 0.9500 0.9500 0.9500
v 5.9742 3.9202 0.5751 0.9500 0.9500 0.9500
v 6.0002 3.7802 0.5604 0.9500 0.9500 0.9500
v 6.0324 3.6377 0.5376 0.9500 0.9500 0.9500
v 6.0783 3.4952 0.5040 0.9500 0.9500 0.9500
v 6.1441 3.3579 0.4610 0.9500 0.9500 0.9500
v 6.2323 3.2323 0.4134 0.9500 0.9500 0.9500
v 6.3414 3.1233 0.3669 0.9500 0.9500 0.9500
v 6.4668 3.0331 0.3269 0.9500 0.9500 0.9500
v 6.6032 2.9608 0.2927 0.9500 0.9500 0.9500
v 6.7463 2.9035 0.2618 0.9500 0.9500 0.9500
v 6.8938 2.8585 0.2305 0.9500 0.9500 0.9500
v 7.0451 2.8253 0.1960 0.9500 0.9500 0.9500
v 7.2000 2.8065 0.1602 0.9500 0.9500 0.9500
v 7.3569 2.8071 0.1265 0.9500 0.9500 0.9500
v 7.5122 2.8323 0.0988 0.9500 0.9500 0.9500
v 7.6601 2.8852 0.0789 0.9487 0.9487 0.9500
v 7.7947 2.9651 0.0657 0.8344 0.8344 0.8553
v 7.9121 3.0667 0.0559 0.7333 0.7333 0.7516
v 8.0119 3.1819 0.0478 0.6578 0.6578 0.6743
v 8.0980 3.3020 0.0399 0.6282 0.6282 0.6439
v 8.1771 3.4208 0.0320 0.6269 0.6269 0.6425
v 8.2559 3.5365 0.0260 0.6223 0.6223 0.6378
v 8.3387 3.6516 0.0249 0.5930 0.5930 0.6079
v 8.4244 3.7716 0.0317 0.5302 0.5302 0.5434
v 8.5067 3.9017 0.0469 0.4404 0.4404 0.4515
v 8.5755 4.0450 0.0685 0.3309 0.3309 0.3392
v 8.7143 4.2000 0.1421 0.4152 0.4152 0.4255
v 8.7264 4.3720 0.1716 0.3735 0.3735 0.3829
v 8.7002 4.5424 0.1955 0.3427 0.3427 0.3513
v 8.6386 4.7034 0.2216 0.3256 0.3256 0.3337
v 8.5493 4.8498 0.2522 0.3121 0.3121 0.3199
v 8.4421 4.9805 0.2875 0.3029 0.3029 0.3104
v 8.3254 5.0975 0.3247 0.2998 0.2998 0.3073
v 8.2043 5.2043 0.3599 0.3021 0.3021 0.3096
v 8.0798 5.3032 0.3903 0.3067 0.3067 0.3144
v 7.9502 5.3939 0.4160 0.3099 0.3099 0.3176
v 7.8130 5.4730 0.4394 0.3162 0.3162 0.3241
v 7.6673 5.5354 0.4658 0.3358 0.3358 0.3442
v 7.5142 5.5768 0.4995 0.3823 0.3823 0.3919
v 7.3572 5.5955 0.5414 0.4294 0.4294 0.4401
v 7.2000 5.5936 0.5876 0.4524 0.4524 0.4638
v 7.0449 5.5761 0.6319 0.4412 0.4412 0.4522
v 6.8921 5.5489 0.6684 0.3846 0.3846 0.3942
v 6.7395 5.5160 0.6864 0.3361 0.3361 0.3445
v 6.5848 5.4776 0.6948 0.3311 0.3311 0.3394
v 6.4273 5.4297 0.6997 0.3782 0.3782 0.3876
v 6.2704 5.3657 0.7058 0.4670 0.4670 0.4787
v 6.1214 5.2786 0.7153 0.5737 0.5737 0.5880
v 5.9905 5.1645 0.7264 0.6755 0.6755 0.6924
v 5.8878 5.0245 0.7346 0.7610 0.7610 0.7800
v 5.8198 4.8647 0.7353 0.8300 0.8300 0.8508
v 5.7877 4.6942 0.7272 0.8889 0.8889 0.9111
v 5.7861 4.5227 0.7131 0.9422 0.9422 0.9500
v 5.8053 4.3571 0.6974 0.9500 0.9500 0.9500
v 5.8343 4.2000 0.6767 0.9500 0.9500 0.9500
v 5.8645 4.0495 0.6634 0.9500 0.9500 0.9500
v 5.8924 3.9016 0.6540 0.9500 0.9500 0.9500
v 5.9202 3.7522 0.6412 0.9500 0.9500 0.9500
v 5.9545 3.6002 0.6179 0.9500 0.9500 0.9500
v 6.0035 3.4482 0.5808 0.9500 0.9500 0.9500
v 6.0737 3.3018 0.5319 0.9500 0.9500 0.9500
v 6.1678 3.1678 0.4776 0.9500 0.9500 0.9500
v 6.2841 3.0515 0.4263 0.9500 0.9500 0.9500
v 6.4179 2.9553 0.3829 0.9500 0.9500 0.9500
v 6.5635 2.8782 0.3474 0.9500 0.9500 0.9500
v 6.7161 2.8170 0.3162 0.9500 0.9500 0.9500
v 6.8734 2.7690 0.2845 0.9500 0.9500 0.9500
v 7.0348 2.7337 0.2485 0.9500 0.9500 0.9500
v 7.2000 2.7136 0.2106 0.9500 0.9500 0.9500
v 7.3674 2.7142 0.1749 0.9500 0.9500 0.9500
v 7.5330 2.7411 0.1461 0.9500 0.9500 0.9500
v 7.6907 2.7976 0.1266 0.8869 0.8869 0.9091
v 7.8343 2.8828 0.1145 0.8221 0.8221 0.8427
v 7.9596 2.9912 0.1051 0.7809 0.7809 0.8004
v 8.0660 3.1140 0.0931 0.7489 0.7489 0.7677
v 8.1579 3.2421 0.0832 0.7329 0.7329 0.7513
v 8.2422 3.3689 0.0727 0.7316 0.7316 0.7499
v 8.3263 3.4923 0.0630 0.7137 0.7137 0.7316
v 8.4146 3.6151 0.0602 0.6645 0.6645 0.6811
v 8.5060 3.7430 0.0681 0.5961 0.5961 0.6110
v 8.5939 3.8819 0.0867 0.5281 0.5281 0.5413
v 8.6672 4.0347 0.1129 0.4688 0.4688 0.4805
v 8.8090 4.2000 0.1468 0.6762 0.6762 0.6931
v 8.8218 4.3827 0.1778 0.7330 0.7330 0.7513
v 8.7940 4.5638 0.2031 0.7733 0.7733 0.7926
v 8.7285 4.7348 0.2307 0.7809 0.7809 0.8005
v 8.6336 4.8904 0.2632 0.7769 0.7769 0.7963
v 8.5197 5.0292 0.3006 0.7722 0.7722 0.7916
v 8.3957 5.1536 0.3403 0.7730 0.7730 0.7923
v 8.2670 5.2670 0.3776 0.7766 0.7766 0.7960
v 8.1348 5.3722 0.4091 0.7797 0.7797 0.7992
v 7.9971 5.4685 0.4360 0.7797 0.7797 0.7992
v 7.8514 5.5525 0.4604 0.7869 0.7869 0.8065
v 7.6965 5.6189 0.4880 0.8062 0.8062 0.8264
v 7.5339 5.6629 0.5196 0.8407 0.8407 0.8617
v 7.3671 5.6828 0.5618 0.8804 0.8804 0.9024
v 7.2000 5.6807 0.6113 0.8984 0.8984 0.9209
v 7.0353 5.6621 0.6605 0.8861 0.8861 0.9082
v 6.8729 5.6332 0.7022 0.8228 0.8228 0.8433
v 6.7107 5.5982 0.7207 0.7473 0.7473 0.7660
v 6.5463 5.5574 0.7290 0.7039 0.7039 0.7215
v 6.3790 5.5066 0.7335 0.6917 0.6917 0.7090
v 6.2123 5.4385 0.7394 0.7098 0.7098 0.7275
v 6.0540 5.3460 0.7492 0.7342 0.7342 0.7526
v 5.9150 5.2248 0.7610 0.7442 0.7442 0.7628
v 5.8058 5.0761 0.7700 0.7311 0.7311 0.7494
v 5.7336 4.9062 0.7711 0.6989 0.6989 0.7164
v 5.6994 4.7251 0.7630 0.6717 0.6717 0.6885
v 5.6977 4.5429 0.7484 0.6717 0.6717 0.6885
v 5.7181 4.3670 0.7330 0.6658 0.6658 0.6824
v 5.7490 4.2000 0.7115 0.6682 0.6682 0.6849
v 5.7811 4.0401 0.6981 0.6841 0.6841 0.7012
v 5.8107 3.8829 0.6887 0.6728 0.6728 0.6896
v 5.8402 3.7242 0.6758 0.6396 0.6396 0.6556
v 5.8767 3.5627 0.6515 0.6042 0.6042 0.6194
v 5.9287 3.4012 0.6121 0.5869 0.5869 0.6016
v 6.0033 3.2457 0.5600 0.5946 0.5946 0.6094
v 6.1033 3.1033 0.5021 0.6170 0.6170 0.6325
v 6.2269 2.9798 0.4476 0.6366 0.6366 0.6525
v 6.3691 2.8776 0.4013 0.6416 0.6416 0.6577
v 6.5237 2.7956 0.3637 0.6348 0.6348 0.6507
v 6.6858 2.7306 0.3308 0.6285 0.6285 0.6442
v 6.8530 2.6796 0.2972 0.6335 0.6335 0.6493
v 7.0245 2.6420 0.2594 0.6500 0.6500 0.6663
v 7.2000 2.6207 0.2193 0.6653 0.6653 0.6820
v 7.3779 2.6214 0.1816 0.6712 0.6712 0.6880
v 7.5538 2.6499 0.1514 0.6679 0.6679 0.6846
v 7.7214 2.7099 0.1311 0.6665 0.6665 0.6832
v 7.8740 2.8005 0.1186 0.6819 0.6819 0.6990
v 8.0070 2.9156 0.1088 0.7196 0.7196 0.7376
v 8.1202 3.0461 0.0960 0.7586 0.7586 0.7776
v 8.2178 3.1822 0.0849 0.7698 0.7698 0.7891
v 8.3074 3.3169 0.0732 0.7746 0.7746 0.7939
v 8.3967 3.4480 0.0625 0.7490 0.7490 0.7678
v 8.4905 3.5785 0.0593 0.6932 0.6932 0.7105
v 8.5877 3.7144 0.0677 0.6385 0.6385 0.6544
v 8.6810 3.8620 0.0877 0.6153 0.6153 0.6306
v 8.7589 4.0244 0.1156 0.6324 0.6324 0.6482
v 8.9194 4.2000 0.0831 0.8061 0.8061 0.8262
v 8.9331 4.3953 0.1145 0.9169 0.9169 0.9399
v 8.9034 4.5888 0.1419 0.9500 0.9500 0.9500
v 8.8334 4.7716 0.1727 0.9500 0.9500 0.9500
v 8.7320 4.9378 0.2083 0.9500 0.9500 0.9500
v 8.6103 5.0861 0.2484 0.9500 0.9500 0.9500
v 8.4778 5.2190 0.2903 0.9500 0.9500 0.9500
v 8.3403 5.3403 0.3301 0.9500 0.9500 0.9500
v 8.1989 5.4526 0.3650 0.9500 0.9500 0.9500
v 8.0518 5.5556 0.3955 0.9500 0.9500 0.9500
v 7.8961 5.6454 0.4222 0.9500 0.9500 0.9500
v 7.7306 5.7163 0.4459 0.9500 0.9500 0.9500
v 7.5568 5.7633 0.4785 0.9500 0.9500 0.9500
v 7.3785 5.7845 0.5208 0.9500 0.9500 0.9500
v 7.2000 5.7824 0.5692 0.9500 0.9500 0.9500
v 7.0240 5.7625 0.6173 0.9500 0.9500 0.9500
v 6.8504 5.7315 0.6575 0.9500 0.9500 0.9500
v 6.6772 5.6942 0.6797 0.9500 0.9500 0.9500
v 6.5014 5.6506 0.6949 0.9500 0.9500 0.9500
v 6.3227 5.5963 0.7049 0.9166 0.9166 0.9395
v 6.1445 5.5235 0.7134 0.8692 0.8692 0.8909
v 5.9754 5.4246 0.7248 0.8276 0.8276 0.8483
v 5.8268 5.2951 0.7374 0.7624 0.7624 0.7814
v 5.7101 5.1362 0.7467 0.6643 0.6643 0.6809
v 5.6329 4.9547 0.7485 0.5474 0.5474 0.5611
v 5.5964 4.7611 0.7391 0.4455 0.4455 0.4566
v 5.5946 4.5664 0.7254 0.3887 0.3887 0.3984
v 5.6164 4.3784 0.7124 0.3452 0.3452 0.3539
v 5.6494 4.2000 0.6896 0.3265 0.3265 0.3346
v 5.6837 4.0292 0.6728 0.3347 0.3347 0.3431
v 5.7154 3.8611 0.6594 0.3167 0.3167 0.3246
v 5.7469 3.6915 0.6429 0.2709 0.2709 0.2776
v 5.7859 3.5190 0.6165 0.2241 0.2241 0.2297
v 5.8415 3.3464 0.5765 0.2018 0.2018 0.2069
v 5.9212 3.1802 0.5248 0.2085 0.2085 0.2137
v 6.0280 3.0280 0.4675 0.2406 0.2406 0.2466
v 6.1601 2.8960 0.4122 0.2708 0.2708 0.2775
v 6.3120 2.7868 0.3635 0.2810 0.2810 0.2880
v 6.4773 2.6992 0.3221 0.2737 0.2737 0.2806
v 6.6505 2.6298 0.2847 0.2642 0.2642 0.2708
v 6.8292 2.5752 0.2470 0.2692 0.2692 0.2759
v 7.0124 2.5351 0.2061 0.2951 0.2951 0.3025
v 7.2000 2.5124 0.1636 0.3328 0.3328 0.3411
v 7.3901 2.5130 0.1238 0.3730 0.3730 0.3823
v 7.5781 2.5435 0.0910 0.4140 0.4140 0.4243
v 7.7572 2.6077 0.0677 0.4637 0.4637 0.4753
v 7.9202 2.7044 0.0525 0.5312 0.5312 0.5445
v 8.0624 2.8275 0.0409 0.6080 0.6080 0.6232
v 8.1833 2.9670 0.0311 0.6891 0.6891 0.7063
v 8.2876 3.1124 0.0193 0.7287 0.7287 0.7470
v 8.3834 3.2563 0.0104 0.7309 0.7309 0.7491
v 8.4789 3.3964 0.0026 0.7102 0.7102 0.7280
v 8.5791 3.5359 0.0009 0.6674 0.6674 0.6841
v 8.6829 3.6811 0.0089 0.6358 0.6358 0.6517
v 8.7826 3.8388 0.0271 0.6467 0.6467 0.6629
v 8.8658 4.0123 0.0530 0.7086 0.7086 0.7263
v 9.0613 4.2000 -0.0190 0.8214 0.8214 0.8419
v 9.0762 4.4114 0.0124 0.9259 0.9259 0.9490
v 9.0440 4.6209 0.0428 0.9500 0.9500 0.9500
v 8.9683 4.8187 0.0780 0.9500 0.9500 0.9500
v 8.8585 4.9987 0.1179 0.9500 0.9500 0.9500
v 8.7267 5.1593 0.1613 0.9500 0.9500 0.9500
v 8.5833 5.3031 0.2060 0.9500 0.9500 0.9500
v 8.4344 5.4344 0.2491 0.9500 0.9500 0.9500
v 8.2814 5.5560 0.2887 0.9500 0.9500 0.9500
v 8.1221 5.6675 0.3203 0.9500 0.9500 0.9500
v 7.9535 5.7647 0.3453 0.9500 0.9500 0.9500
v 7.7744 5.8414 0.3738 0.9500 0.9500 0.9500
v 7.5863 5.8923 0.4087 0.9500 0.9500 0.9500
v 7.3933 5.9154 0.4502 0.9500 0.9500 0.9500
v 7.2000 5.9130 0.4957 0.9500 0.9500 0.9500
v 7.0094 5.8915 0.5409 0.9500 0.9500 0.9500
v 6.8216 5.8580 0.5784 0.9500 0.9500 0.9500
v 6.6340 5.8175 0.6015 0.9500 0.9500 0.9500
v 6.4438 5.7703 0.6203 0.9500 0.9500 0.9500
v 6.2502 5.7116 0.6385 0.9500 0.9500 0.9500
v 6.0574 5.6328 0.6594 0.9134 0.9134 0.9362
v 5.8743 5.5257 0.6741 0.8361 0.8361 0.8570
v 5.7134 5.3855 0.6877 0.7497 0.7497 0.7684
v 5.5871 5.2135 0.6945 0.6378 0.6378 0.6537
v 5.5035 5.0170 0.6908 0.5176 0.5176 0.5305
v 5.4640 4.8075 0.6822 0.4175 0.4175 0.4279
v 5.4620 4.5967 0.6702 0.3555 0.3555 0.3644
v 5.4857 4.3932 0.6579 0.2976 0.2976 0.3051
v 5.5213 4.2000 0.6354 0.2610 0.2610 0.2675
v 5.5585 4.0150 0.6161 0.2605 0.2605 0.2671
v 5.5928 3.8332 0.5991 0.2448 0.2448 0.2509
v 5.6269 3.6496 0.5795 0.2120 0.2120 0.2173
v 5.6691 3.4628 0.5500 0.1842 0.1842 0.1889
v 5.7293 3.2759 0.5100 0.1793 0.1793 0.1838
v 5.8156 3.0960 0.4600 0.1890 0.1890 0.1937
v 5.9312 2.9312 0.4045 0.2136 0.2136 0.2190
v 6.0742 2.7883 0.3490 0.2411 0.2411 0.2471
v 6.2387 2.6701 0.2975 0.2541 0.2541 0.2605
v 6.4176 2.5753 0.2508 0.2506 0.2506 0.2568
v 6.6052 2.5001 0.2071 0.2429 0.2429 0.2490
v 6.7985 2.4411 0.1634 0.2460 0.2460 0.2521
v 6.9969 2.3976 0.1183 0.2682 0.2682 0.2749
v 7.2000 2.3730 0.0728 0.3058 0.3058 0.3134
v 7.4058 2.3737 0.0301 0.3506 0.3506 0.3593
v 7.6093 2.4068 -0.0061 0.3995 0.3995 0.4095
v 7.8032 2.4762 -0.0337 0.4566 0.4566 0.4680
v 7.9797 2.5809 -0.0532 0.5247 0.5247 0.5378
v 8.1336 2.7142 -0.0669 0.5961 0.5961 0.6110
v 8.2645 2.8651 -0.0726 0.6645 0.6645 0.6811
v 8.3774 3.0226 -0.0809 0.7152 0.7152 0.7331
v 8.4811 3.1784 -0.0889 0.7114 0.7114 0.7292
v 8.5845 3.3301 -0.0917 0.6882 0.6882 0.7054
v 8.6930 3.4810 -0.0909 0.6610 0.6610 0.6775
v 8.8053 3.6383 -0.0838 0.6460 0.6460 0.6621
v 8.9133 3.8090 -0.0689 0.6665 0.6665 0.6831
v 9.0034 3.9968 -0.0468 0.7287 0.7287 0.7469
v 9.2191 4.2000 -0.1185 0.8095 0.8095 0.8297
v 9.2352 4.4293 -0.0869 0.8951 0.8951 0.9174
v 9.2003 4.6566 -0.0532 0.9500 0.9500 0.9500
v 9.1181 4.8712 -0.0134 0.9500 0.9500 0.9500
v 8.9991 5.0664 0.0311 0.9500 0.9500 0.9500
v 8.8561 5.2406 0.0783 0.9500 0.9500 0.9500
v 8.7005 5.3966 0.1262 0.9500 0.9500 0.9500
v 8.5390 5.5390 0.1729 0.9500 0.9500 0.9500
v 8.3730 5.6709 0.2128 0.9500 0.9500 0.9500
v 8.2002 5.7919 0.2423 0.9500 0.9500 0.9500
v 8.0174 5.8973 0.2725 0.9500 0.9500 0.9500
v 7.8230 5.9806 0.3059 0.9500 0.9500 0.9500
v 7.6190 6.0358 0.3431 0.9500 0.9500 0.9500
v 7.4097 6.0607 0.3841 0.9500 0.9500 0.9500
v 7.2000 6.0582 0.4273 0.9500 0.9500 0.9500
v 6.9933 6.0348 0.4701 0.9500 0.9500 0.9500
v 6.7895 5.9985 0.5049 0.9500 0.9500 0.9500
v 6.5860 5.9546 0.5289 0.9500 0.9500 0.9500
v 6.3797 5.9034 0.5512 0.9500 0.9500 0.9500
v 6.1697 5.8397 0.5741 0.9500 0.9500 0.9500
v 5.9605 5.7542 0.5995 0.9323 0.9323 0.9500
v 5.7619 5.6381 0.6283 0.8514 0.8514 0.8727
v 5.5874 5.4860 0.6414 0.7454 0.7454 0.7640
v 5.4504 5.2994 0.6412 0.6524 0.6524 0.6687
v 5.3598 5.0862 0.6381 0.5688 0.5688 0.5830
v 5.3169 4.8589 0.6311 0.5010 0.5010 0.5136
v 5.3147 4.6303 0.6210 0.4548 0.4548 0.4661
v 5.3404 4.4095 0.6095 0.4033 0.4033 0.4134
v 5.3791 4.2000 0.5857 0.3617 0.3617 0.3708
v 5.4194 3.9994 0.5619 0.3508 0.3508 0.3595
v 5.4566 3.8021 0.5394 0.3343 0.3343 0.3426
v 5.4936 3.6029 0.5151 0.3083 0.3083 0.3160
v 5.5394 3.4003 0.4859 0.2876 0.2876 0.2948
v 5.6047 3.1976 0.4498 0.2892 0.2892 0.2965
v 5.6983 3.0024 0.4019 0.3121 0.3121 0.3199
v 5.8237 2.8237 0.3473 0.3400 0.3400 0.3485
v 5.9788 2.6687 0.2911 0.3597 0.3597 0.3687
v 6.1572 2.5405 0.2363 0.3688 0.3688 0.3780
v 6.3513 2.4376 0.1839 0.3666 0.3666 0.3758
v 6.5548 2.3560 0.1336 0.3607 0.3607 0.3698
v 6.7645 2.2920 0.0837 0.3610 0.3610 0.3700
v 6.9797 2.2449 0.0339 0.3744 0.3744 0.3837
v 7.2000 2.2182 -0.0149 0.4018 0.4018 0.4118
v 7.4232 2.2190 -0.0606 0.4376 0.4376 0.4485
v 7.6440 2.2548 -0.1005 0.4784 0.4784 0.4904
v 7.8543 2.3301 -0.1324 0.5257 0.5257 0.5388
v 8.0458 2.4437 -0.1560 0.5713 0.5713 0.5856
v 8.2127 2.5882 -0.1678 0.6287 0.6287 0.6445
v 8.3547 2.7520 -0.1728 0.6795 0.6795 0.6965
v 8.4772 2.9228 -0.1780 0.7219 0.7219 0.7400
v 8.5896 3.0918 -0.1844 0.7223 0.7223 0.7404
v 8.7018 3.2564 -0.1843 0.6911 0.6911 0.7084
v 8.8195 3.4201 -0.1812 0.6737 0.6737 0.6905
v 8.9414 3.5907 -0.1748 0.6697 0.6697 0.6864
v 9.0585 3.7758 -0.1629 0.6909 0.6909 0.7081
v 9.1562 3.9796 -0.1444 0.7389 0.7389 0.7574
v 9.3926 4.2000 -0.2016 0.7432 0.7432 0.7618
v 9.4101 4.4490 -0.1665 0.7953 0.7953 0.8152
v 9.3722 4.6958 -0.1350 0.8499 0.8499 0.8712
v 9.2830 4.9289 -0.0906 0.8972 0.8972 0.9196
v 9.1537 5.1409 -0.0414 0.9269 0.9269 0.9500
v 8.9984 5.3300 0.0100 0.9383 0.9383 0.9500
v 8.8295 5.4994 0.0616 0.9500 0.9500 0.9500
v 8.6541 5.6541 0.1095 0.9500 0.9500 0.9500
v 8.4739 5.7974 0.1448 0.9500 0.9500 0.9500
v 8.2862 5.9287 0.1789 0.9500 0.9500 0.9500
v 8.0876 6.0432 0.2134 0.9500 0.9500 0.9500
v 7.8766 6.1336 0.2512 0.9500 0.9500 0.9500
v 7.6550 6.1935 0.2909 0.9500 0.9500 0.9500
v 7.4277 6.2206 0.3323 0.9500 0.9500 0.9500
v 7.2000 6.2179 0.3744 0.9500 0.9500 0.9500
v 6.9755 6.1925 0.4162 0.9500 0.9500 0.9500
v 6.7542 6.1531 0.4485 0.9500 0.9500 0.9500
v 6.5333 6.1054 0.4733 0.9438 0.9438 0.9500
v 6.3092 6.0498 0.4986 0.9358 0.9358 0.9500
v 6.0812 5.9806 0.5254 0.9234 0.9234 0.9465
v 5.8540 5.8878 0.5547 0.9037 0.9037 0.9263
v 5.6383 5.7617 0.5867 0.8571 0.8571 0.8785
v 5.4488 5.5965 0.6034 0.7616 0.7616 0.7806
v 5.3000 5.3938 0.6032 0.6876 0.6876 0.7048
v 5.2016 5.1624 0.6009 0.6467 0.6467 0.6629
v 5.1550 4.9156 0.5957 0.6107 0.6107 0.6259
v 5.1527 4.6673 0.5874 0.5858 0.5858 0.6005
v 5.1806 4.4275 0.5769 0.5468 0.5468 0.5605
v 5.2226 4.2000 0.5524 0.5085 0.5085 0.5212
v 5.2664 3.9821 0.5248 0.4987 0.4987 0.5112
v 5.3067 3.7679 0.4978 0.4912 0.4912 0.5035
v 5.3470 3.5516 0.4695 0.4793 0.4793 0.4913
v 5.3967 3.3316 0.4380 0.4651 0.4651 0.4767
v 5.4676 3.1115 0.4013 0.4541 0.4541 0.4654
v 5.5692 2.8995 0.3576 0.4680 0.4680 0.4797
v 5.7055 2.7055 0.3061 0.5019 0.5019 0.5144
v 5.8739 2.5371 0.2480 0.5207 0.5207 0.5337
v 6.0676 2.3978 0.1891 0.5256 0.5256 0.5387
v 6.2783 2.2861 0.1311 0.5240 0.5240 0.5371
v 6.4993 2.1976 0.0742 0.5198 0.5198 0.5328
v 6.7271 2.1281 0.0182 0.5181 0.5181 0.5311
v 6.9608 2.0768 -0.0367 0.5231 0.5231 0.5362
v 7.2000 2.0479 -0.0890 0.5387 0.5387 0.5521
v 7.4424 2.0487 -0.1380 0.5613 0.5613 0.5753
v 7.6821 2.0876 -0.1814 0.5879 0.5879 0.6026
v 7.9105 2.1694 -0.2173 0.6185 0.6185 0.6339
v 8.1185 2.2928 -0.2446 0.6402 0.6402 0.6562
v 8.2998 2.4497 -0.2536 0.6676 0.6676 0.6843
v 8.4540 2.6276 -0.2582 0.7040 0.7040 0.7216
v 8.5870 2.8130 -0.2610 0.7309 0.7309 0.7491
v 8.7090 2.9966 -0.2641 0.7386 0.7386 0.7570
v 8.8308 3.1753 -0.2657 0.7087 0.7087 0.7264
v 8.9587 3.3531 -0.2608 0.6894 0.6894 0.7067
v 9.0910 3.5383 -0.2549 0.6912 0.6912 0.7085
v 9.2182 3.7394 -0.2453 0.6931 0.6931 0.7104
v 9.3243 3.9606 -0.2292 0.7133 0.7133 0.7311
v 9.5661 4.2000 -0.2288 0.6896 0.6896 0.7068
v 9.5851 4.4687 -0.1930 0.7162 0.7162 0.7341
v 9.5441 4.7350 -0.1601 0.7529 0.7529 0.7717
v 9.4478 4.9865 -0.1267 0.7986 0.7986 0.8185
v 9.3083 5.2153 -0.0841 0.8512 0.8512 0.8725
v 9.1407 5.4195 -0.0286 0.8685 0.8685 0.8902
v 8.9584 5.6023 0.0269 0.8789 0.8789 0.9009
v 8.7692 5.7692 0.0686 0.9226 0.9226 0.9456
v 8.5747 5.9238 0.1071 0.9433 0.9433 0.9500
v 8.3722 6.0655 0.1447 0.9407 0.9407 0.9500
v 8.1579 6.1890 0.1821 0.9376 0.9376 0.9500
v 7.9301 6.2866 0.2229 0.9348 0.9348 0.9500
v 7.6910 6.3513 0.2651 0.9318 0.9318 0.9500
v 7.4457 6.3805 0.3078 0.9317 0.9317 0.9500
v 7.2000 6.3776 0.3505 0.9343 0.9343 0.9500
v 6.9577 6.3502 0.3929 0.9274 0.9274 0.9500
v 6.7189 6.3076 0.4236 0.9104 0.9104 0.9331
v 6.4805 6.2562 0.4492 0.9008 0.9008 0.9234
v 6.2387 6.1962 0.4762 0.9000 0.9000 0.9225
v 5.9927 6.1215 0.5055 0.8950 0.8950 0.9174
v 5.7475 6.0214 0.5374 0.8769 0.8769 0.8988
v 5.5147 5.8853 0.5634 0.8522 0.8522 0.8735
v 5.3102 5.7070 0.5836 0.7878 0.7878 0.8075
v 5.1496 5.4883 0.5925 0.7190 0.7190 0.7370
v 5.0435 5.2385 0.5912 0.6889 0.6889 0.7062
v 4.9932 4.9722 0.5874 0.6702 0.6702 0.6869
v 4.9907 4.7043 0.5807 0.6573 0.6573 0.6737
v 5.0207 4.4455 0.5712 0.6339 0.6339 0.6497
v 5.0661 4.2000 0.5467 0.5935 0.5935 0.6083
v 5.1133 3.9649 0.5169 0.5826 0.5826 0.5972
v 5.1569 3.7337 0.4871 0.5797 0.5797 0.5942
v 5.2003 3.5003 0.4564 0.5744 0.5744 0.5887
v 5.2539 3.2628 0.4232 0.5674 0.5674 0.5816
v 5.3305 3.0253 0.3838 0.5565 0.5565 0.5704
v 5.4402 2.7966 0.3382 0.5522 0.5522 0.5660
v 5.5872 2.5872 0.2904 0.5787 0.5787 0.5932
v 5.7690 2.4055 0.2317 0.6052 0.6052 0.6204
v 5.9780 2.2552 0.1685 0.6139 0.6139 0.6293
v 6.2054 2.1347 0.1052 0.6132 0.6132 0.6285
v 6.4439 2.0391 0.0428 0.6100 0.6100 0.6253
v 6.6897 1.9641 -0.0187 0.6074 0.6074 0.6226
v 6.9418 1.9088 -0.0783 0.6073 0.6073 0.6225
v 7.2000 1.8776 -0.1341 0.6149 0.6149 0.6303
v 7.4616 1.8785 -0.1862 0.6298 0.6298 0.6456
v 7.7203 1.9205 -0.2328 0.6480 0.6480 0.6642
v 7.9668 2.0087 -0.2718 0.6645 0.6645 0.6812
v 8.1912 2.1418 -0.2978 0.6815 0.6815 0.6985
v 8.3868 2.3112 -0.3073 0.6886 0.6886 0.7058
v 8.5532 2.5031 -0.3117 0.7152 0.7152 0.7331
v 8.6967 2.7033 -0.3135 0.7347 0.7347 0.7531
v 8.8285 2.9013 -0.3151 0.7450 0.7450 0.7636
v 8.9599 3.0942 -0.3186 0.7290 0.7290 0.7472
v 9.0978 3.2861 -0.3145 0.7002 0.7002 0.7177
v 9.2407 3.4859 -0.3087 0.7000 0.7000 0.7175
v 9.3779 3.7029 -0.2996 0.6872 0.6872 0.7043
v 9.4925 3.9417 -0.2651 0.6792 0.6792 0.6962
v 19.0934 11.5000 0.2909 0.1451 0.1451 0.1487
v 19.1302 12.0217 0.3172 0.1280 0.1280 0.1312
v 19.0507 12.5387 0.3393 0.1280 0.1280 0.1312
v 18.8638 13.0269 0.3464 0.1280 0.1280 0.1312
v 18.5929 13.4710 0.3512 0.1280 0.1280 0.1312
v 18.2676 13.8674 0.3586 0.1280 0.1280 0.1312
v 17.9137 14.2223 0.3690 0.1280 0.1280 0.1312
v 17.5463 14.5463 0.3741 0.1280 0.1280 0.1312
v 17.1687 14.8464 0.3733 0.1280 0.1280 0.1312
v 16.7756 15.1215 0.3707 0.1280 0.1280 0.1312
v 16.3595 15.3614 0.3715 0.1280 0.1280 0.1312
v 15.9174 15.5508 0.3719 0.1280 0.1280 0.1312
v 15.4532 15.6763 0.3794 0.1280 0.1280 0.1312
v 14.9770 15.7331 0.3986 0.1280 0.1280 0.1312
v 14.5000 15.7274 0.4209 0.1280 0.1280 0.1312
v 14.0297 15.6743 0.4417 0.1280 0.1280 0.1312
v 13.5661 15.5916 0.4537 0.1280 0.1280 0.1312
v 13.1032 15.4917 0.4536 0.1280 0.1280 0.1312
v 12.6338 15.3753 0.4387 0.1280 0.1280 0.1312
v 12.1561 15.2302 0.4194 0.1621 0.1621 0.1661
v 11.6802 15.0359 0.3990 0.2817 0.2817 0.2888
v 11.2283 14.7717 0.3790 0.4278 0.4278 0.4385
v 10.8313 14.4257 0.3631 0.5841 0.5841 0.5987
v 10.5196 14.0011 0.3515 0.7349 0.7349 0.7533
v 10.3135 13.5161 0.3367 0.8636 0.8636 0.8852
v 10.2159 12.9991 0.3197 0.9500 0.9500 0.9500
v 10.2111 12.4789 0.3061 0.9500 0.9500 0.9500
v 10.2693 11.9767 0.2968 0.9500 0.9500 0.9500
v 10.3574 11.5000 0.2985 0.9500 0.9500 0.9500
v 10.4491 11.0436 0.3095 0.9500 0.9500 0.9500
v 10.5337 10.5947 0.3246 0.9500 0.9500 0.9500
v 10.6180 10.1416 0.3377 0.9500 0.9500 0.9500
v 10.7221 9.6806 0.3395 0.9500 0.9500 0.9500
v 10.8707 9.2195 0.3284 0.9500 0.9500 0.9500
v 11.0836 8.7755 0.3081 0.9500 0.9500 0.9500
v 11.3690 8.3690 0.2867 0.9500 0.9500 0.9500
v 11.7219 8.0163 0.2721 0.9500 0.9500 0.9500
v 12.1277 7.7245 0.2676 0.9500 0.9500 0.9500
v 12.5691 7.4905 0.2729 0.9500 0.9500 0.9500
v 13.0321 7.3050 0.2839 0.9500 0.9500 0.9500
v 13.5093 7.1594 0.2925 0.9500 0.9500 0.9500
v 13.9988 7.0521 0.2965 0.9500 0.9500 0.9500
v 14.5000 6.9914 0.2969 0.9500 0.9500 0.9500
v 15.0078 6.9932 0.2974 0.9500 0.9500 0.9500
v 15.5101 7.0746 0.2998 0.9500 0.9500 0.9500
v 15.9886 7.2460 0.3068 0.8408 0.8408 0.8618
v 16.4242 7.5044 0.3123 0.7231 0.7231 0.7412
v 16.8040 7.8332 0.3093 0.6212 0.6212 0.6367
v 17.1270 8.2058 0.2963 0.5653 0.5653 0.5794
v 17.4056 8.5944 0.2657 0.5533 0.5533 0.5671
v 17.6614 8.9789 0.2302 0.5632 0.5632 0.5773
v 17.9166 9.3532 0.1986 0.5595 0.5595 0.5735
v 18.1843 9.7257 0.1839 0.5247 0.5247 0.5378
v 18.4617 10.1138 0.1916 0.4598 0.4598 0.4713
v 18.7280 10.5350 0.2129 0.3532 0.3532 0.3620
v 18.9504 10.9986 0.2538 0.2236 0.2236 0.2291
v 19.4215 11.5000 0.5959 0.1810 0.1810 0.1855
v 19.4609 12.0590 0.6304 0.1343 0.1343 0.1377
v 19.3757 12.6129 0.6532 0.1280 0.1280 0.1312
v 19.1754 13.1360 0.6555 0.1280 0.1280 0.1312
v 18.8853 13.6118 0.6556 0.1280 0.1280 0.1312
v 18.5368 14.0365 0.6619 0.1280 0.1280 0.1312
v 18.1575 14.4167 0.6730 0.1280 0.1280 0.1312
v 17.7638 14.7638 0.6757 0.1280 0.1280 0.1312
v 17.3593 15.0854 0.6706 0.1280 0.1280 0.1312
v 16.9381 15.3802 0.6561 0.1280 0.1280 0.1312
v 16.4924 15.6372 0.6433 0.1280 0.1280 0.1312
v 16.0187 15.8401 0.6306 0.1280 0.1280 0.1312
v 15.5213 15.9747 0.6365 0.1280 0.1280 0.1312
v 15.0110 16.0355 0.6669 0.1379 0.1379 0.1414
v 14.5000 16.0293 0.7073 0.1471 0.1471 0.1508
v 13.9961 15.9724 0.7454 0.1493 0.1493 0.1530
v 13.4994 15.8839 0.7669 0.1400 0.1400 0.1435
v 13.0035 15.7768 0.7637 0.1343 0.1343 0.1376
v 12.5005 15.6521 0.7367 0.1459 0.1459 0.1495
v 11.9887 15.4967 0.7020 0.1900 0.1900 0.1947
v 11.4788 15.2885 0.6665 0.2916 0.2916 0.2989
v 10.9946 15.0054 0.6401 0.4313 0.4313 0.4421
v 10.5693 14.6347 0.6227 0.5752 0.5752 0.5896
v 10.2353 14.1797 0.6076 0.7151 0.7151 0.7330
v 10.0144 13.6601 0.5918 0.8349 0.8349 0.8558
v 9.9099 13.1061 0.5693 0.9365 0.9365 0.9500
v 9.9047 12.5488 0.5504 0.9500 0.9500 0.9500
v 9.9672 12.0107 0.5391 0.9500 0.9500 0.9500
v 10.0615 11.5000 0.5460 0.9500 0.9500 0.9500
v 10.1598 11.0110 0.5701 0.9500 0.9500 0.9500
v 10.2504 10.5301 0.6022 0.9500 0.9500 0.9500
v 10.3407 10.0446 0.6292 0.9500 0.9500 0.9500
v 10.4522 9.5507 0.6355 0.9500 0.9500 0.9500
v 10.6114 9.0566 0.6161 0.9500 0.9500 0.9500
v 10.8395 8.5809 0.5787 0.9500 0.9500 0.9500
v 11.1453 8.1453 0.5388 0.9500 0.9500 0.9500
v 11.5234 7.7675 0.5092 0.9500 0.9500 0.9500
v 11.9583 7.4549 0.5040 0.9500 0.9500 0.9500
v 12.4312 7.2041 0.5150 0.9500 0.9500 0.9500
v 12.9273 7.0054 0.5360 0.9500 0.9500 0.9500
v 13.4385 6.8493 0.5538 0.9500 0.9500 0.9500
v 13.9630 6.7344 0.5615 0.9500 0.9500 0.9500
v 14.5000 6.6693 0.5618 0.9500 0.9500 0.9500
v 15.0441 6.6713 0.5632 0.9500 0.9500 0.9500
v 15.5822 6.7585 0.5717 0.9500 0.9500 0.9500
v 16.0949 6.9421 0.5906 0.8505 0.8505 0.8718
v 16.5616 7.2190 0.6056 0.7472 0.7472 0.7659
v 16.9685 7.5713 0.6088 0.6573 0.6573 0.6738
v 17.3147 7.9705 0.5949 0.6055 0.6055 0.6207
v 17.6132 8.3868 0.5542 0.5986 0.5986 0.6136
v 17.8872 8.7988 0.4995 0.6047 0.6047 0.6199
v 18.1606 9.1999 0.4515 0.5966 0.5966 0.6115
v 18.4475 9.5990 0.4329 0.5570 0.5570 0.5709
v 18.7446 10.0147 0.4464 0.4909 0.4909 0.5031
v 19.0300 10.4661 0.4839 0.3967 0.3967 0.4066
v 19.2683 10.9627 0.5426 0.2832 0.2832 0.2902
v 19.7496 11.5000 0.8277 0.3527 0.3527 0.3615
v 19.7916 12.0962 0.8682 0.3042 0.3042 0.3118
v 19.7008 12.6870 0.8887 0.2844 0.2844 0.2915
v 19.4871 13.2451 0.8922 0.2731 0.2731 0.2799
v 19.1776 13.7526 0.8907 0.2569 0.2569 0.2633
v 18.8059 14.2056 0.8955 0.2514 0.2514 0.2577
v 18.4013 14.6112 0.9034 0.2541 0.2541 0.2604
v 17.9814 14.9814 0.9071 0.2525 0.2525 0.2588
v 17.5499 15.3245 0.8991 0.2565 0.2565 0.2630
v 17.1006 15.6389 0.8777 0.2677 0.2677 0.2744
v 16.6252 15.9130 0.8462 0.2741 0.2741 0.2810
v 16.1199 16.1294 0.8286 0.2857 0.2857 0.2929
v 15.5894 16.2730 0.8354 0.3051 0.3051 0.3128
v 15.0451 16.3379 0.8743 0.3339 0.3339 0.3423
v 14.5000 16.3313 0.9281 0.3579 0.3579 0.3668
v 13.9625 16.2706 0.9786 0.3610 0.3610 0.3700
v 13.4327 16.1761 1.0068 0.3354 0.3354 0.3438
v 12.9037 16.0620 1.0014 0.3045 0.3045 0.3121
v 12.3672 15.9289 0.9660 0.2981 0.2981 0.3056
v 11.8213 15.7631 0.9175 0.3401 0.3401 0.3486
v 11.2774 15.5410 0.8690 0.4264 0.4264 0.4371
v 10.7610 15.2390 0.8374 0.5305 0.5305 0.5438
v 10.3072 14.8436 0.8173 0.6274 0.6274 0.6431
v 9.9510 14.3584 0.7998 0.7157 0.7157 0.7336
v 9.7154 13.8041 0.7830 0.7886 0.7886 0.8083
v 9.6039 13.2132 0.7568 0.8501 0.8501 0.8713
v 9.5983 12.6188 0.7330 0.9079 0.9079 0.9306
v 9.6650 12.0448 0.7203 0.9500 0.9500 0.9500
v 9.7656 11.5000 0.7312 0.9500 0.9500 0.9500
v 9.8704 10.9784 0.7651 0.9500 0.9500 0.9500
v 9.9671 10.4654 0.8102 0.9500 0.9500 0.9500
v 10.0634 9.9476 0.8478 0.9500 0.9500 0.9500
v 10.1824 9.4207 0.8576 0.9500 0.9500 0.9500
v 10.3522 8.8938 0.8335 0.9500 0.9500 0.9500
v 10.5955 8.3863 0.7816 0.9500 0.9500 0.9500
v 10.9217 7.9217 0.7242 0.9500 0.9500 0.9500
v 11.3250 7.5187 0.6847 0.9500 0.9500 0.9500
v 11.7888 7.1852 0.6792 0.9500 0.9500 0.9500
v 12.2933 6.9177 0.6962 0.9500 0.9500 0.9500
v 12.8224 6.7057 0.7235 0.9500 0.9500 0.9500
v 13.3678 6.5393 0.7483 0.9500 0.9500 0.9500
v 13.9272 6.4167 0.7589 0.9500 0.9500 0.9500
v 14.5000 6.3473 0.7596 0.9500 0.9500 0.9500
v 15.0803 6.3494 0.7615 0.9386 0.9386 0.9500
v 15.6544 6.4424 0.7734 0.8751 0.8751 0.8970
v 16.2012 6.6382 0.8005 0.8027 0.8027 0.8227
v 16.6990 6.9336 0.8286 0.7451 0.7451 0.7637
v 17.1331 7.3094 0.8369 0.7090 0.7090 0.7267
v 17.5023 7.7352 0.8200 0.6968 0.6968 0.7143
v 17.8207 8.1793 0.7741 0.7119 0.7119 0.7297
v 18.1130 8.6187 0.7049 0.7186 0.7186 0.7365
v 18.4046 9.0465 0.6480 0.6930 0.6930 0.7103
v 18.7107 9.4723 0.6232 0.6341 0.6341 0.6499
v 19.0276 9.9157 0.6419 0.5613 0.5613 0.5754
v 19.3320 10.3971 0.6925 0.4846 0.4846 0.4967
v 19.5862 10.9269 0.7633 0.4123 0.4123 0.4226
v 20.0777 11.5000 0.9219 0.6337 0.6337 0.6495
v 20.1224 12.1335 0.9653 0.6668 0.6668 0.6834
v 20.0258 12.7612 0.9841 0.6896 0.6896 0.7068
v 19.7988 13.3541 0.9846 0.6994 0.6994 0.7168
v 19.4700 13.8934 0.9861 0.6922 0.6922 0.7095
v 19.0750 14.3747 0.9923 0.6848 0.6848 0.7019
v 18.6452 14.8056 0.9953 0.6902 0.6902 0.7074
v 18.1990 15.1990 0.9999 0.6928 0.6928 0.7101
v 17.7405 15.5635 0.9922 0.6887 0.6887 0.7059
v 17.2632 15.8976 0.9615 0.6871 0.6871 0.7043
v 16.7580 16.1888 0.9271 0.6846 0.6846 0.7017
v 16.2212 16.4188 0.9094 0.6891 0.6891 0.7063
v 15.6575 16.5713 0.9182 0.7093 0.7093 0.7270
v 15.0792 16.6402 0.9596 0.7390 0.7390 0.7575
v 14.5000 16.6332 1.0177 0.7550 0.7550 0.7738
v 13.9289 16.5687 1.0713 0.7482 0.7482 0.7669
v 13.3660 16.4684 1.1004 0.7151 0.7151 0.7330
v 12.8039 16.3471 1.0927 0.6689 0.6689 0.6856
v 12.2338 16.2057 1.0532 0.6311 0.6311 0.6469
v 11.6539 16.0296 0.9983 0.6196 0.6196 0.6351
v 11.0760 15.7936 0.9445 0.6321 0.6321 0.6479
v 10.5273 15.4727 0.9074 0.6565 0.6565 0.6729
v 10.0452 15.0526 0.8852 0.6628 0.6628 0.6794
v 9.6666 14.5370 0.8665 0.6504 0.6504 0.6667
v 9.4163 13.9482 0.8465 0.6288 0.6288 0.6445
v 9.2979 13.3203 0.8188 0.6097 0.6097 0.6250
v 9.2920 12.6887 0.7926 0.6111 0.6111 0.6264
v 9.3628 12.0788 0.7795 0.6322 0.6322 0.6480
v 9.4697 11.5000 0.7917 0.6599 0.6599 0.6764
v 9.5811 10.9458 0.8291 0.6741 0.6741 0.6910
v 9.6838 10.4007 0.8791 0.6660 0.6660 0.6827
v 9.7861 9.8505 0.9207 0.6404 0.6404 0.6564
v 9.9125 9.2908 0.9324 0.6144 0.6144 0.6297
v 10.0929 8.7309 0.9078 0.6021 0.6021 0.6172
v 10.3515 8.1917 0.8525 0.6048 0.6048 0.6199
v 10.6980 7.6980 0.7812 0.6075 0.6075 0.6227
v 11.1265 7.2698 0.7385 0.6055 0.6055 0.6207
v 11.6194 6.9155 0.7334 0.6019 0.6019 0.6169
v 12.1554 6.6314 0.7515 0.6001 0.6001 0.6151
v 12.7176 6.4061 0.7832 0.5993 0.5993 0.6143
v 13.2970 6.2292 0.8132 0.6138 0.6138 0.6292
v 13.8914 6.0989 0.8251 0.6312 0.6312 0.6470
v 14.5000 6.0252 0.8262 0.6442 0.6442 0.6603
v 15.1166 6.0274 0.8287 0.6471 0.6471 0.6633
v 15.7265 6.1263 0.8425 0.6400 0.6400 0.6560
v 16.3075 6.3344 0.8721 0.6353 0.6353 0.6512
v 16.8365 6.6482 0.9044 0.6530 0.6530 0.6693
v 17.2977 7.0475 0.9207 0.7013 0.7013 0.7188
v 17.6899 7.4999 0.9023 0.7555 0.7555 0.7744
v 18.0283 7.9717 0.8542 0.7996 0.7996 0.8196
v 18.3388 8.4386 0.7850 0.8142 0.8142 0.8345
v 18.6487 8.8932 0.7247 0.7781 0.7781 0.7975
v 18.9738 9.3455 0.6980 0.7097 0.7097 0.7274
v 19.3106 9.8167 0.7198 0.6431 0.6431 0.6591
v 19.6340 10.3282 0.7755 0.6069 0.6069 0.6221
v 19.9041 10.8911 0.8515 0.6047 0.6047 0.6199
v 20.4605 11.5000 0.8135 0.8036 0.8036 0.8237
v 20.5082 12.1770 0.8558 0.8959 0.8959 0.9183
v 20.4050 12.8478 0.8739 0.9500 0.9500 0.9500
v 20.1625 13.4814 0.8739 0.9500 0.9500 0.9500
v 19.8111 14.0577 0.8750 0.9500 0.9500 0.9500
v 19.3890 14.5719 0.8833 0.9500 0.9500 0.9500
v 18.9296 15.0325 0.8843 0.9500 0.9500 0.9500
v 18.4529 15.4529 0.8891 0.9500 0.9500 0.9500
v 17.9629 15.8424 0.8800 0.9500 0.9500 0.9500
v 17.4528 16.1994 0.8547 0.9500 0.9500 0.9500
v 16.9130 16.5106 0.8290 0.9500 0.9500 0.9500
v 16.3393 16.7563 0.8185 0.9500 0.9500 0.9500
v 15.7369 16.9193 0.8297 0.9500 0.9500 0.9500
v 15.1189 16.9930 0.8650 0.9500 0.9500 0.9500
v 14.5000 16.9855 0.9141 0.9500 0.9500 0.9500
v 13.8897 16.9166 0.9569 0.9500 0.9500 0.9500
v 13.2882 16.8093 0.9780 0.9372 0.9372 0.9500
v 12.6875 16.6797 0.9673 0.8932 0.8932 0.9156
v 12.0783 16.5287 0.9304 0.8476 0.8476 0.8688
v 11.4586 16.3404 0.8790 0.8071 0.8071 0.8273
v 10.8410 16.0883 0.8291 0.7684 0.7684 0.7876
v 10.2546 15.7454 0.7895 0.7259 0.7259 0.7441
v 9.7394 15.2964 0.7639 0.6656 0.6656 0.6822
v 9.3349 14.7454 0.7426 0.5794 0.5794 0.5939
v 9.0675 14.1162 0.7190 0.4868 0.4868 0.4990
v 8.9409 13.4452 0.6926 0.4054 0.4054 0.4155
v 8.9346 12.7703 0.6678 0.3565 0.3565 0.3654
v 9.0102 12.1185 0.6557 0.3431 0.3431 0.3517
v 9.1245 11.5000 0.6655 0.3483 0.3483 0.3570
v 9.2435 10.9077 0.6966 0.3488 0.3488 0.3575
v 9.3533 10.3253 0.7391 0.3291 0.3291 0.3373
v 9.4626 9.7373 0.7748 0.2899 0.2899 0.2972
v 9.5977 9.1392 0.7866 0.2476 0.2476 0.2538
v 9.7905 8.5408 0.7677 0.2231 0.2231 0.2287
v 10.0668 7.9646 0.7192 0.2285 0.2285 0.2342
v 10.4371 7.4371 0.6531 0.2431 0.2431 0.2492
v 10.8950 6.9795 0.6092 0.2381 0.2381 0.2441
v 11.4217 6.6009 0.5999 0.2385 0.2385 0.2445
v 11.9945 6.2972 0.6217 0.2466 0.2466 0.2528
v 12.5952 6.0565 0.6524 0.2533 0.2533 0.2597
v 13.2144 5.8675 0.6837 0.2749 0.2749 0.2817
v 13.8497 5.7283 0.6943 0.3048 0.3048 0.3125
v 14.5000 5.6495 0.6961 0.3401 0.3401 0.3486
v 15.1589 5.6519 0.6996 0.3786 0.3786 0.3881
v 15.8107 5.7576 0.7129 0.4192 0.4192 0.4297
v 16.4316 5.9799 0.7391 0.4695 0.4695 0.4812
v 16.9968 6.3153 0.7678 0.5395 0.5395 0.5530
v 17.4897 6.7419 0.7865 0.6326 0.6326 0.6485
v 17.9089 7.2254 0.7726 0.7299 0.7299 0.7481
v 18.2704 7.7296 0.7310 0.7907 0.7907 0.8105
v 18.6023 8.2285 0.6761 0.8116 0.8116 0.8319
v 18.9334 8.7143 0.6249 0.7842 0.7842 0.8038
v 19.2808 9.1977 0.6037 0.7256 0.7256 0.7437
v 19.6407 9.7012 0.6236 0.6757 0.6757 0.6926
v 19.9864 10.2478 0.6763 0.6721 0.6721 0.6889
v 20.2749 10.8493 0.7464 0.7178 0.7178 0.7358
v 20.9526 11.5000 0.6036 0.8255 0.8255 0.8461
v 21.0043 12.2329 0.6403 0.9159 0.9159 0.9388
v 20.8926 12.9591 0.6599 0.9500 0.9500 0.9500
v 20.6300 13.6450 0.6650 0.9500 0.9500 0.9500
v 20.2496 14.2689 0.6658 0.9500 0.9500 0.9500
v 19.7926 14.8256 0.6670 0.9500 0.9500 0.9500
v 19.2954 15.3242 0.6732 0.9500 0.9500 0.9500
v 18.7793 15.7793 0.6743 0.9500 0.9500 0.9500
v 18.2488 16.2009 0.6665 0.9500 0.9500 0.9500
v 17.6966 16.5874 0.6542 0.9500 0.9500 0.9500
v 17.1122 16.9243 0.6439 0.9500 0.9500 0.9500
v 16.4911 17.1904 0.6411 0.9500 0.9500 0.9500
v 15.8391 17.3668 0.6550 0.9500 0.9500 0.9500
v 15.1700 17.4466 0.6836 0.9500 0.9500 0.9500
v 14.5000 17.4384 0.7187 0.9500 0.9500 0.9500
v 13.8393 17.3638 0.7449 0.9500 0.9500 0.9500
v 13.1881 17.2477 0.7547 0.9388 0.9388 0.9500
v 12.5379 17.1074 0.7395 0.9046 0.9046 0.9272
v 11.8784 16.9439 0.7065 0.8682 0.8682 0.8899
v 11.2074 16.7401 0.6625 0.8296 0.8296 0.8504
v 10.5389 16.4671 0.6200 0.7865 0.7865 0.8061
v 9.9041 16.0959 0.5822 0.7303 0.7303 0.7486
v 9.3464 15.6099 0.5490 0.6615 0.6615 0.6780
v 8.9085 15.0134 0.5243 0.5733 0.5733 0.5876
v 8.6189 14.3322 0.4955 0.4793 0.4793 0.4913
v 8.4819 13.6058 0.4718 0.3979 0.3979 0.4078
v 8.4751 12.8752 0.4499 0.3435 0.3435 0.3521
v 8.5569 12.1696 0.4399 0.3210 0.3210 0.3290
v 8.6806 11.5000 0.4456 0.3159 0.3159 0.3238
v 8.8095 10.8588 0.4663 0.3135 0.3135 0.3213
v 8.9283 10.2283 0.4985 0.2995 0.2995 0.3070
v 9.0467 9.5918 0.5259 0.2743 0.2743 0.2812
v 9.1929 8.9442 0.5382 0.2488 0.2488 0.2551
v 9.4016 8.2965 0.5227 0.2233 0.2233 0.2289
v 9.7007 7.6727 0.4862 0.2105 0.2105 0.2157
v 10.1017 7.1017 0.4359 0.2238 0.2238 0.2294
v 10.5974 6.6063 0.3757 0.2117 0.2117 0.2170
v 11.1675 6.1964 0.3668 0.1907 0.1907 0.1955
v 11.7876 5.8676 0.3931 0.1976 0.1976 0.2025
v 12.4380 5.6070 0.4231 0.2131 0.2131 0.2184
v 13.1083 5.4025 0.4557 0.2430 0.2430 0.2491
v 13.7960 5.2517 0.4641 0.2786 0.2786 0.2856
v 14.5000 5.1664 0.4663 0.3138 0.3138 0.3216
v 15.2133 5.1690 0.4703 0.3553 0.3553 0.3642
v 15.9189 5.2834 0.4822 0.4025 0.4025 0.4125
v 16.5911 5.5241 0.5039 0.4600 0.4600 0.4715
v 17.2030 5.8872 0.5268 0.5348 0.5348 0.5482
v 17.7365 6.3491 0.5413 0.6182 0.6182 0.6337
v 18.1903 6.8725 0.5390 0.7046 0.7046 0.7222
v 18.5817 7.4183 0.5087 0.7627 0.7627 0.7818
v 18.9410 7.9584 0.4718 0.7774 0.7774 0.7969
v 19.2995 8.4843 0.4385 0.7592 0.7592 0.7782
v 19.6756 9.0076 0.4258 0.7184 0.7184 0.7364
v 20.0652 9.5527 0.4434 0.6841 0.6841 0.7012
v 20.4394 10.1444 0.4899 0.6906 0.6906 0.7078
v 20.7518 10.7956 0.5483 0.7414 0.7414 0.7600
v 21.4995 11.5000 0.4106 0.8065 0.8065 0.8267
v 21.5555 12.2950 0.4417 0.8767 0.8767 0.8987
v 21.4344 13.0827 0.4593 0.9348 0.9348 0.9500
v 21.1495 13.8268 0.4649 0.9500 0.9500 0.9500
v 20.7368 14.5035 0.4686 0.9500 0.9500 0.9500
v 20.2412 15.1074 0.4663 0.9500 0.9500 0.9500
v 19.7018 15.6483 0.4710 0.9500 0.9500 0.9500
v 19.1419 16.1419 0.4687 0.9500 0.9500 0.9500
v 18.5665 16.5993 0.4665 0.9500 0.9500 0.9500
v 17.9675 17.0185 0.4655 0.9500 0.9500 0.9500
v 17.3336 17.3840 0.4669 0.9500 0.9500 0.9500
v 16.6599 17.6726 0.4766 0.9500 0.9500 0.9500
v 15.9525 17.8640 0.4964 0.9474 0.9474 0.9500
v 15.2268 17.9505 0.5207 0.9361 0.9361 0.9500
v 14.5000 17.9417 0.5436 0.9239 0.9239 0.9470
v 13.7833 17.8608 0.5542 0.9091 0.9091 0.9318
v 13.0769 17.7348 0.5531 0.8892 0.8892 0.9114
v 12.3716 17.5826 0.5342 0.8654 0.8654 0.8870
v 11.6562 17.4052 0.5047 0.8396 0.8396 0.8606
v 10.9284 17.1842 0.4673 0.8082 0.8082 0.8284
v 10.2032 16.8881 0.4283 0.7719 0.7719 0.7912
v 9.5146 16.4854 0.3922 0.7262 0.7262 0.7444
v 8.9096 15.9582 0.3564 0.6666 0.6666 0.6832
v 8.4346 15.3111 0.3223 0.6010 0.6010 0.6160
v 8.1205 14.5722 0.2907 0.5313 0.5313 0.5446
v 7.9718 13.7843 0.2667 0.4720 0.4720 0.4838
v 7.9645 12.9917 0.2474 0.4308 0.4308 0.4416
v 8.0533 12.2264 0.2390 0.4119 0.4119 0.4222
v 8.1875 11.5000 0.2410 0.4046 0.4046 0.4147
v 8.3272 10.8045 0.2526 0.4057 0.4057 0.4158
v 8.4561 10.1205 0.2775 0.4041 0.4041 0.4142
v 8.5846 9.4301 0.3003 0.3981 0.3981 0.4080
v 8.7431 8.7276 0.3237 0.3952 0.3952 0.4051
v 8.9696 8.0250 0.3225 0.3965 0.3965 0.4064
v 9.2940 7.3484 0.2817 0.3763 0.3763 0.3857
v 9.7289 6.7289 0.2326 0.3426 0.3426 0.3512
v 10.2666 6.1915 0.1693 0.3298 0.3298 0.3381
v 10.8851 5.7469 0.1389 0.2845 0.2845 0.2916
v 11.5577 5.3903 0.1616 0.2772 0.2772 0.2841
v 12.2632 5.1076 0.1961 0.2979 0.2979 0.3054
v 12.9903 4.8857 0.2369 0.3335 0.3335 0.3419
v 13.7363 4.7222 0.2498 0.3761 0.3761 0.3855
v 14.5000 4.6297 0.2528 0.4071 0.4071 0.4173
v 15.2738 4.6325 0.2573 0.4395 0.4395 0.4505
v 16.0391 4.7566 0.2672 0.4774 0.4774 0.4893
v 16.7683 5.0176 0.2829 0.5216 0.5216 0.5347
v 17.4321 5.4115 0.3023 0.5793 0.5793 0.5938
v 18.0108 5.9126 0.3149 0.6454 0.6454 0.6615
v 18.5031 6.4803 0.3159 0.7054 0.7054 0.7230
v 18.9276 7.0724 0.3032 0.7496 0.7496 0.7683
v 19.3174 7.6583 0.2816 0.7600 0.7600 0.7790
v 19.7062 8.2287 0.2649 0.7451 0.7451 0.7637
v 20.1142 8.7963 0.2611 0.7180 0.7180 0.7359
v 20.5368 9.3876 0.2774 0.6955 0.6955 0.7129
v 20.9427 10.0295 0.3186 0.7016 0.7016 0.7191
v 21.2816 10.7359 0.3649 0.7424 0.7424 0.7609
v 22.1010 11.5000 0.2734 0.7614 0.7614 0.7804
v 22.1618 12.3633 0.2990 0.8069 0.8069 0.8270
v 22.0303 13.2187 0.3123 0.8452 0.8452 0.8664
v 21.7210 14.0267 0.3160 0.8746 0.8746 0.8964
v 21.2728 14.7616 0.3167 0.8950 0.8950 0.9174
v 20.7345 15.4174 0.3140 0.9073 0.9073 0.9300
v 20.1488 16.0048 0.3115 0.9171 0.9171 0.9400
v 19.5408 16.5408 0.3101 0.9195 0.9195 0.9425
v 18.9160 17.0375 0.3124 0.9154 0.9154 0.9383
v 18.2655 17.4928 0.3190 0.9057 0.9057 0.9284
v 17.5771 17.8897 0.3332 0.8914 0.8914 0.9136
v 16.8455 18.2031 0.3549 0.8748 0.8748 0.8967
v 16.0774 18.4109 0.3797 0.8603 0.8603 0.8818
v 15.2893 18.5048 0.4019 0.8483 0.8483 0.8695
v 14.5000 18.4953 0.4168 0.8362 0.8362 0.8571
v 13.7217 18.4074 0.4167 0.8247 0.8247 0.8453
v 12.9546 18.2706 0.4073 0.8130 0.8130 0.8333
v 12.1887 18.1053 0.3859 0.7985 0.7985 0.8185
v 11.4118 17.9127 0.3579 0.7834 0.7834 0.8030
v 10.6215 17.6726 0.3254 0.7636 0.7636 0.7827
v 9.8339 17.3511 0.2912 0.7385 0.7385 0.7570
v 9.0862 16.9138 0.2525 0.7084 0.7084 0.7261
v 8.4292 16.3413 0.2134 0.6720 0.6720 0.6888
v 7.9134 15.6387 0.1690 0.6337 0.6337 0.6496
v 7.5723 14.8362 0.1359 0.5971 0.5971 0.6121
v 7.4108 13.9806 0.1093 0.5653 0.5653 0.5794
v 7.4028 13.1199 0.0918 0.5440 0.5440 0.5576
v 7.4993 12.2888 0.0843 0.5333 0.5333 0.5466
v 7.6450 11.5000 0.0830 0.5285 0.5285 0.5417
v 7.7967 10.7447 0.0877 0.5373 0.5373 0.5507
v 7.9367 10.0020 0.1119 0.5537 0.5537 0.5675
v 8.0762 9.2522 0.1386 0.5700 0.5700 0.5842
v 8.2484 8.4894 0.1764 0.5822 0.5822 0.5967
v 8.4943 7.7264 0.1933 0.5829 0.5829 0.5974
v 8.8466 6.9916 0.1728 0.5790 0.5790 0.5935
v 9.3189 6.3189 0.0753 0.5255 0.5255 0.5386
v 9.9028 5.7354 0.0088 0.4679 0.4679 0.4796
v 10.5745 5.2525 -0.0660 0.4254 0.4254 0.4360
v 11.3049 4.8653 -0.0451 0.3891 0.3891 0.3988
v 12.0710 4.5583 0.0061 0.4145 0.4145 0.4249
v 12.8606 4.3173 0.0600 0.4545 0.4545 0.4659
v 13.6707 4.1397 0.0835 0.5030 0.5030 0.5156
v 14.5000 4.0393 0.0888 0.5306 0.5306 0.5439
v 15.3403 4.0423 0.0939 0.5510 0.5510 0.5648
v 16.1714 4.1771 0.1023 0.5743 0.5743 0.5887
v 16.9632 4.4606 0.1138 0.6012 0.6012 0.6163
v 17.6840 4.8883 0.1288 0.6342 0.6342 0.6501
v 18.3125 5.4324 0.1418 0.6744 0.6744 0.6912
v 18.8471 6.0489 0.1473 0.7124 0.7124 0.7302
v 19.3081 6.6919 0.1458 0.7373 0.7373 0.7557
v 19.7314 7.3281 0.1382 0.7445 0.7445 0.7631
v 20.1536 7.9476 0.1331 0.7322 0.7322 0.7505
v 20.5967 8.5640 0.1375 0.7128 0.7128 0.7306
v 21.0556 9.2061 0.1585 0.6972 0.6972 0.7146
v 21.4964 9.9031 0.1940 0.6981 0.6981 0.7156
v 21.8644 10.6702 0.2340 0.7221 0.7221 0.7402
v 22.7025 11.5000 0.2271 0.7289 0.7289 0.7471
v 22.7682 12.4316 0.2476 0.7611 0.7611 0.7802
v 22.6262 13.3548 0.2570 0.7888 0.7888 0.8085
v 22.2924 14.2267 0.2581 0.8101 0.8101 0.8304
v 21.8088 15.0197 0.2511 0.8291 0.8291 0.8499
v 21.2279 15.7274 0.2468 0.8404 0.8404 0.8615
v 20.5958 16.3612 0.2380 0.8505 0.8505 0.8717
v 19.9397 16.9397 0.2366 0.8541 0.8541 0.8754
v 19.2655 17.4757 0.2397 0.8534 0.8534 0.8747
v 18.5635 17.9670 0.2524 0.8470 0.8470 0.8682
v 17.8206 18.3953 0.2739 0.8371 0.8371 0.8581
v 17.0311 18.7335 0.3035 0.8254 0.8254 0.8460
v 16.2022 18.9578 0.3346 0.8127 0.8127 0.8330
v 15.3517 19.0592 0.3599 0.7996 0.7996 0.8196
v 14.5000 19.0489 0.3727 0.7867 0.7867 0.8063
v 13.6601 18.9540 0.3670 0.7750 0.7750 0.7944
v 12.8324 18.8064 0.3517 0.7678 0.7678 0.7870
v 12.0058 18.6281 0.3278 0.7589 0.7589 0.7778
v 11.1674 18.4202 0.3002 0.7500 0.7500 0.7687
v 10.3145 18.1611 0.2709 0.7368 0.7368 0.7552
v 9.4646 17.8141 0.2379 0.7204 0.7204 0.7384
v 8.6577 17.3423 0.2005 0.6974 0.6974 0.7148
v 7.9488 16.7244 0.1535 0.6746 0.6746 0.6915
v 7.3921 15.9662 0.1053 0.6506 0.6506 0.6669
v 7.0240 15.1002 0.0634 0.6320 0.6320 0.6478
v 6.8498 14.1769 0.0329 0.6139 0.6139 0.6293
v 6.8412 13.2481 0.0171 0.6045 0.6045 0.6197
v 6.9453 12.3512 0.0087 0.5992 0.5992 0.6142
v 7.1025 11.5000 0.0060 0.5966 0.5966 0.6115
v 7.2663 10.6850 0.0076 0.6041 0.6041 0.6192
v 7.4173 9.8834 0.0397 0.6285 0.6285 0.6442
v 7.5678 9.0743 0.0849 0.6548 0.6548 0.6711
v 7.7537 8.2511 0.1433 0.6802 0.6802 0.6972
v 8.0190 7.4277 0.1750 0.6872 0.6872 0.7044
v 8.3992 6.6348 0.1521 0.6733 0.6733 0.6901
v 8.9089 5.9089 0.0492 0.6577 0.6577 0.6742
v 9.5390 5.2792 -0.0946 0.5690 0.5690 0.5832
v 10.2638 4.7581 -0.1780 0.5204 0.5204 0.5334
v 11.0520 4.3402 -0.1840 0.4697 0.4697 0.4814
v 11.8788 4.0089 -0.1129 0.4673 0.4673 0.4790
v 12.7309 3.7489 -0.0426 0.5036 0.5036 0.5162
v 13.6051 3.5573 0.0003 0.5577 0.5577 0.5716
v 14.5000 3.4489 0.0101 0.5944 0.5944 0.6093
v 15.4068 3.4521 0.0159 0.6106 0.6106 0.6259
v 16.3037 3.5976 0.0238 0.6254 0.6254 0.6411
v 17.1581 3.9035 0.0335 0.6425 0.6425 0.6585
v 17.9360 4.3651 0.0465 0.6620 0.6620 0.6786
v 18.6142 4.9522 0.0597 0.6860 0.6860 0.7031
v 19.1911 5.6176 0.0711 0.7122 0.7122 0.7300
v 19.6886 6.3114 0.0739 0.7302 0.7302 0.7484
v 20.1453 6.9980 0.0750 0.7359 0.7359 0.7543
v 20.6010 7.6665 0.0761 0.7270 0.7270 0.7451
v 21.0792 8.3316 0.0893 0.7106 0.7106 0.7284
v 21.5744 9.0246 0.1136 0.6960 0.6960 0.7134
v 22.0500 9.7768 0.1507 0.6916 0.6916 0.7089
v 22.4472 10.6046 0.1930 0.7038 0.7038 0.7214
v 27.8867 -7.0000 -0.4364 0.3094 0.3094 0.3171
v 27.9178 -6.5586 -0.3764 0.1737 0.1737 0.1780
v 27.8506 -6.1211 -0.2868 0.1299 0.1299 0.1332
v 27.6924 -5.7080 -0.1689 0.1280 0.1280 0.1312
v 27.4632 -5.3322 -0.0222 0.1280 0.1280 0.1312
v 27.1880 -4.9968 0.1417 0.1280 0.1280 0.1312
v 26.8885 -4.6965 0.3130 0.1280 0.1280 0.1312
v 26.5776 -4.4224 0.4470 0.1280 0.1280 0.1312
v 26.2581 -4.1684 0.5637 0.1280 0.1280 0.1312
v 25.9255 -3.9356 0.6649 0.1280 0.1280 0.1312
v 25.5735 -3.7327 0.7455 0.1280 0.1280 0.1312
v 25.1994 -3.5724 0.7577 0.1280 0.1280 0.1312
v 24.8066 -3.4662 0.7685 0.1280 0.1280 0.1312
v 24.4036 -3.4181 0.7827 0.1280 0.1280 0.1312
v 24.0000 -3.4230 0.7494 0.1280 0.1280 0.1312
v 23.6020 -3.4679 0.7127 0.1280 0.1280 0.1312
v 23.2098 -3.5379 0.6709 0.1280 0.1280 0.1312
v 22.8181 -3.6224 0.6066 0.1280 0.1280 0.1312
v 22.4209 -3.7209 0.5282 0.1280 0.1280 0.1312
v 22.0167 -3.8437 0.4442 0.1280 0.1280 0.1312
v 21.6140 -4.0081 0.3710 0.2218 0.2218 0.2273
v 21.2317 -4.2317 0.3085 0.3716 0.3716 0.3809
v 20.8957 -4.5244 0.2505 0.5277 0.5277 0.5409
v 20.6320 -4.8837 0.1971 0.6857 0.6857 0.7029
v 20.4575 -5.2940 0.1659 0.8316 0.8316 0.8524
v 20.3750 -5.7316 0.1352 0.9349 0.9349 0.9500
v 20.3709 -6.1717 0.1046 0.9500 0.9500 0.9500
v 20.4202 -6.5967 0.0816 0.9500 0.9500 0.9500
v 20.4947 -7.0000 0.0680 0.9500 0.9500 0.9500
v 20.5723 -7.3862 0.0621 0.9500 0.9500 0.9500
v 20.6439 -7.7660 0.0613 0.9500 0.9500 0.9500
v 20.7152 -8.1494 0.0622 0.9500 0.9500 0.9500
v 20.8033 -8.5395 0.0580 0.9500 0.9500 0.9500
v 20.9290 -8.9296 0.0490 0.9500 0.9500 0.9500
v 21.1092 -9.3054 0.0418 0.9500 0.9500 0.9500
v 21.3507 -9.6493 0.0455 0.9500 0.9500 0.9500
v 21.6493 -9.9477 0.0665 0.9500 0.9500 0.9500
v 21.9927 -10.1946 0.1069 0.9500 0.9500 0.9500
v 22.3662 -10.3926 0.1643 0.9500 0.9500 0.9500
v 22.7579 -10.5496 0.2316 0.9500 0.9500 0.9500
v 23.1617 -10.6728 0.2966 0.9500 0.9500 0.9500
v 23.5759 -10.7636 0.3095 0.9500 0.9500 0.9500
v 24.0000 -10.8150 0.3226 0.9500 0.9500 0.9500
v 24.4297 -10.8135 0.3259 0.9500 0.9500 0.9500
v 24.8547 -10.7445 0.2518 0.9500 0.9500 0.9500
v 25.2595 -10.5996 0.1817 0.9500 0.9500 0.9500
v 25.6281 -10.3809 0.1190 0.9189 0.9189 0.9419
v 25.9495 -10.1026 0.0116 0.8595 0.8595 0.8810
v 26.2229 -9.7874 -0.0893 0.8086 0.8086 0.8288
v 26.4586 -9.4586 -0.1879 0.7895 0.7895 0.8093
v 26.6750 -9.1333 -0.2662 0.7854 0.7854 0.8050
v 26.8909 -8.8165 -0.3353 0.7882 0.7882 0.8079
v 27.1175 -8.5013 -0.3993 0.7659 0.7659 0.7851
v 27.3522 -8.1730 -0.4527 0.6861 0.6861 0.7033
v 27.5776 -7.8166 -0.4709 0.5771 0.5771 0.5915
v 27.7657 -7.4243 -0.4655 0.4524 0.4524 0.4637
v 28.1643 -7.0000 -0.3020 0.3870 0.3870 0.3967
v 28.1977 -6.5270 -0.2347 0.2744 0.2744 0.2813
v 28.1256 -6.0584 -0.1459 0.1964 0.1964 0.2014
v 27.9561 -5.6157 -0.0258 0.1650 0.1650 0.1691
v 27.7106 -5.2131 0.1288 0.1383 0.1383 0.1418
v 27.4157 -4.8538 0.3036 0.1286 0.1286 0.1318
v 27.0948 -4.5320 0.4884 0.1280 0.1280 0.1312
v 26.7617 -4.2383 0.6562 0.1280 0.1280 0.1312
v 26.4194 -3.9662 0.7754 0.1280 0.1280 0.1312
v 26.0630 -3.7167 0.8730 0.1280 0.1280 0.1312
v 25.6859 -3.4993 0.9568 0.1280 0.1280 0.1312
v 25.2850 -3.3276 0.9703 0.1280 0.1280 0.1312
v 24.8642 -3.2137 0.9762 0.1457 0.1457 0.1493
v 24.4324 -3.1623 0.9935 0.1530 0.1530 0.1568
v 24.0000 -3.1675 0.9722 0.1449 0.1449 0.1485
v 23.5736 -3.2156 0.9441 0.1397 0.1397 0.1432
v 23.1533 -3.2906 0.9052 0.1296 0.1296 0.1329
v 22.7337 -3.3811 0.8343 0.1280 0.1280 0.1312
v 22.3081 -3.4867 0.7440 0.1280 0.1280 0.1312
v 21.8751 -3.6182 0.6444 0.1580 0.1580 0.1619
v 21.4436 -3.7944 0.5645 0.2378 0.2378 0.2438
v 21.0339 -4.0339 0.4942 0.3783 0.3783 0.3878
v 20.6740 -4.3476 0.4354 0.5292 0.5292 0.5425
v 20.3914 -4.7326 0.3996 0.6718 0.6718 0.6886
v 20.2045 -5.1722 0.3664 0.7995 0.7995 0.8194
v 20.1161 -5.6410 0.3313 0.8965 0.8965 0.9189
v 20.1117 -6.1125 0.2945 0.9500 0.9500 0.9500
v 20.1645 -6.5678 0.2683 0.9500 0.9500 0.9500
v 20.2443 -7.0000 0.2577 0.9500 0.9500 0.9500
v 20.3275 -7.4138 0.2614 0.9500 0.9500 0.9500
v 20.4042 -7.8207 0.2713 0.9500 0.9500 0.9500
v 20.4806 -8.2315 0.2757 0.9500 0.9500 0.9500
v 20.5749 -8.6494 0.2651 0.9500 0.9500 0.9500
v 20.7097 -9.0675 0.2446 0.9500 0.9500 0.9500
v 20.9027 -9.4700 0.2243 0.9500 0.9500 0.9500
v 21.1614 -9.8386 0.2143 0.9500 0.9500 0.9500
v 21.4814 -10.1583 0.2269 0.9500 0.9500 0.9500
v 21.8493 -10.4228 0.2675 0.9500 0.9500 0.9500
v 22.2495 -10.6350 0.3334 0.9500 0.9500 0.9500
v 22.6692 -10.8032 0.4120 0.9500 0.9500 0.9500
v 23.1018 -10.9352 0.4935 0.9500 0.9500 0.9500
v 23.5457 -11.0325 0.5165 0.9500 0.9500 0.9500
v 24.0000 -11.0875 0.5340 0.9500 0.9500 0.9500
v 24.4604 -11.0858 0.5358 0.9500 0.9500 0.9500
v 24.9157 -11.0120 0.4644 0.9500 0.9500 0.9500
v 25.3495 -10.8567 0.3990 0.9500 0.9500 0.9500
v 25.7444 -10.6224 0.3153 0.9438 0.9438 0.9500
v 26.0888 -10.3243 0.2047 0.8999 0.8999 0.9224
v 26.3816 -9.9865 0.0940 0.8566 0.8566 0.8780
v 26.6342 -9.6342 -0.0216 0.8477 0.8477 0.8689
v 26.8661 -9.2856 -0.1334 0.8369 0.8369 0.8578
v 27.0974 -8.9462 -0.2203 0.8251 0.8251 0.8458
v 27.3402 -8.6085 -0.2945 0.7985 0.7985 0.8184
v 27.5916 -8.2568 -0.3482 0.7280 0.7280 0.7462
v 27.8331 -7.8749 -0.3627 0.6178 0.6178 0.6332
v 28.0347 -7.4546 -0.3446 0.5052 0.5052 0.5178
v 28.4420 -7.0000 -0.2130 0.5574 0.5574 0.5713
v 28.4775 -6.4955 -0.1431 0.5130 0.5130 0.5259
v 28.4007 -5.9956 -0.0544 0.4686 0.4686 0.4803
v 28.2199 -5.5234 0.0637 0.4223 0.4223 0.4328
v 27.9580 -5.0939 0.2231 0.3843 0.3843 0.3939
v 27.6434 -4.7107 0.4088 0.3565 0.3565 0.3654
v 27.3011 -4.3674 0.6067 0.3469 0.3469 0.3556
v 26.9458 -4.0542 0.8029 0.3359 0.3359 0.3443
v 26.5807 -3.7639 0.9359 0.3104 0.3104 0.3182
v 26.2005 -3.4979 1.0319 0.3219 0.3219 0.3300
v 25.7982 -3.2659 1.1108 0.3268 0.3268 0.3350
v 25.3707 -3.0828 1.1344 0.3162 0.3162 0.3241
v 24.9218 -2.9613 1.1269 0.3452 0.3452 0.3538
v 24.4612 -2.9064 1.1409 0.3753 0.3753 0.3847
v 24.0000 -2.9120 1.1287 0.3667 0.3667 0.3759
v 23.5452 -2.9634 1.1093 0.3564 0.3564 0.3653
v 23.0969 -3.0433 1.0743 0.3183 0.3183 0.3263
v 22.6493 -3.1399 1.0018 0.2768 0.2768 0.2837
v 22.1953 -3.2525 0.9016 0.2631 0.2631 0.2696
v 21.7334 -3.3927 0.7953 0.2886 0.2886 0.2958
v 21.2732 -3.5807 0.7057 0.3708 0.3708 0.3800
v 20.8362 -3.8362 0.6287 0.4840 0.4840 0.4961
v 20.4523 -4.1708 0.5802 0.5875 0.5875 0.6022
v 20.1508 -4.5814 0.5501 0.6762 0.6762 0.6931
v 19.9515 -5.0503 0.5143 0.7415 0.7415 0.7600
v 19.8571 -5.5503 0.4746 0.7962 0.7962 0.8161
v 19.8524 -6.0533 0.4334 0.8476 0.8476 0.8688
v 19.9088 -6.5390 0.4044 0.9000 0.9000 0.9225
v 19.9940 -7.0000 0.3958 0.9429 0.9429 0.9500
v 20.0827 -7.4414 0.4063 0.9500 0.9500 0.9500
v 20.1645 -7.8754 0.4253 0.9500 0.9500 0.9500
v 20.2460 -8.3136 0.4369 0.9500 0.9500 0.9500
v 20.3466 -8.7594 0.4275 0.9500 0.9500 0.9500
v 20.4903 -9.2053 0.3931 0.9483 0.9483 0.9500
v 20.6962 -9.6347 0.3505 0.9369 0.9369 0.9500
v 20.9722 -10.0278 0.3305 0.9255 0.9255 0.9486
v 21.3135 -10.3688 0.3374 0.9182 0.9182 0.9412
v 21.7059 -10.6510 0.3789 0.8997 0.8997 0.9222
v 22.1328 -10.8773 0.4501 0.8790 0.8790 0.9010
v 22.5805 -11.0567 0.5395 0.8683 0.8683 0.8900
v 23.0419 -11.1975 0.6312 0.8961 0.8961 0.9185
v 23.5154 -11.3013 0.6684 0.9417 0.9417 0.9500
v 24.0000 -11.3600 0.6910 0.9500 0.9500 0.9500
v 24.4911 -11.3582 0.6921 0.9500 0.9500 0.9500
v 24.9768 -11.2795 0.6233 0.9500 0.9500 0.9500
v 25.4395 -11.1138 0.5624 0.9500 0.9500 0.9500
v 25.8607 -10.8638 0.4644 0.9500 0.9500 0.9500
v 26.2280 -10.5459 0.3387 0.9500 0.9500 0.9500
v 26.5404 -10.1856 0.2190 0.9371 0.9371 0.9500
v 26.8098 -9.8098 0.0891 0.9493 0.9493 0.9500
v 27.0572 -9.4380 -0.0487 0.9405 0.9405 0.9500
v 27.3039 -9.0760 -0.1550 0.8982 0.8982 0.9206
v 27.5629 -8.7158 -0.2376 0.8523 0.8523 0.8737
v 27.8311 -8.3405 -0.2923 0.7770 0.7770 0.7964
v 28.0886 -7.9332 -0.3054 0.6825 0.6825 0.6996
v 28.3037 -7.4849 -0.2680 0.6084 0.6084 0.6236
v 28.7196 -7.0000 -0.2384 0.7626 0.7626 0.7817
v 28.7574 -6.4640 -0.1686 0.8056 0.8056 0.8257
v 28.6757 -5.9328 -0.0797 0.8305 0.8305 0.8512
v 28.4836 -5.4311 0.0433 0.8310 0.8310 0.8518
v 28.2054 -4.9748 0.2063 0.8256 0.8256 0.8462
v 27.8711 -4.5676 0.4014 0.8179 0.8179 0.8383
v 27.5074 -4.2029 0.6158 0.8084 0.8084 0.8286
v 27.1299 -3.8701 0.8242 0.8092 0.8092 0.8294
v 26.7420 -3.5617 0.9898 0.7781 0.7781 0.7976
v 26.3381 -3.2790 1.0887 0.7674 0.7674 0.7866
v 25.9106 -3.0325 1.1624 0.7730 0.7730 0.7923
v 25.4564 -2.8380 1.1910 0.7345 0.7345 0.7529
v 24.9794 -2.7089 1.1769 0.7429 0.7429 0.7615
v 24.4901 -2.6506 1.1856 0.7616 0.7616 0.7807
v 24.0000 -2.6565 1.1742 0.7455 0.7455 0.7642
v 23.5168 -2.7111 1.1537 0.7261 0.7261 0.7442
v 23.0405 -2.7960 1.1154 0.6827 0.6827 0.6997
v 22.5649 -2.8986 1.0411 0.6185 0.6185 0.6339
v 22.0825 -3.0182 0.9394 0.5790 0.5790 0.5935
v 21.5918 -3.1673 0.8356 0.5625 0.5625 0.5765
v 21.1027 -3.3669 0.7409 0.5732 0.5732 0.5875
v 20.6385 -3.6385 0.6596 0.6088 0.6088 0.6241
v 20.2305 -3.9939 0.6247 0.6309 0.6309 0.6466
v 19.9102 -4.4302 0.5951 0.6088 0.6088 0.6241
v 19.6984 -4.9285 0.5566 0.5765 0.5765 0.5909
v 19.5982 -5.4597 0.5138 0.5522 0.5522 0.5660
v 19.5932 -5.9942 0.4703 0.5420 0.5420 0.5555
v 19.6531 -6.5102 0.4393 0.5549 0.5549 0.5687
v 19.7436 -7.0000 0.4305 0.5786 0.5786 0.5930
v 19.8378 -7.4690 0.4424 0.5910 0.5910 0.6058
v 19.9247 -7.9302 0.4637 0.5808 0.5808 0.5953
v 20.0113 -8.3957 0.4770 0.5524 0.5524 0.5662
v 20.1183 -8.8693 0.4672 0.5218 0.5218 0.5348
v 20.2710 -9.3431 0.4302 0.5072 0.5072 0.5199
v 20.4897 -9.7994 0.3768 0.4990 0.4990 0.5115
v 20.7830 -10.2170 0.3415 0.4772 0.4772 0.4892
v 21.1455 -10.5794 0.3482 0.4723 0.4723 0.4841
v 21.5626 -10.8792 0.3907 0.4654 0.4654 0.4770
v 22.0161 -11.1196 0.4661 0.4481 0.4481 0.4593
v 22.4918 -11.3102 0.5624 0.4405 0.4405 0.4515
v 22.9821 -11.4599 0.6613 0.4756 0.4756 0.4875
v 23.4851 -11.5701 0.7111 0.5503 0.5503 0.5641
v 24.0000 -11.6325 0.7393 0.6060 0.6060 0.6212
v 24.5217 -11.6306 0.7403 0.6875 0.6875 0.7047
v 25.0378 -11.5469 0.6736 0.7533 0.7533 0.7721
v 25.5295 -11.3709 0.6144 0.8091 0.8091 0.8293
v 25.9770 -11.1053 0.4983 0.8670 0.8670 0.8887
v 26.3673 -10.7675 0.3622 0.9088 0.9088 0.9315
v 26.6992 -10.3847 0.2266 0.9290 0.9290 0.9500
v 26.9854 -9.9854 0.0865 0.9500 0.9500 0.9500
v 27.2482 -9.5904 -0.0614 0.9500 0.9500 0.9500
v 27.5104 -9.2057 -0.1883 0.9046 0.9046 0.9272
v 27.7855 -8.8230 -0.2760 0.8425 0.8425 0.8635
v 28.0705 -8.4243 -0.3333 0.7813 0.7813 0.8008
v 28.3442 -7.9915 -0.3357 0.7254 0.7254 0.7435
v 28.5727 -7.5152 -0.2948 0.7215 0.7215 0.7395
v 29.0435 -7.0000 -0.4488 0.8577 0.8577 0.8792
v 29.0839 -6.4272 -0.3835 0.9485 0.9485 0.9500
v 28.9966 -5.8596 -0.2939 0.9500 0.9500 0.9500
v 28.7913 -5.3234 -0.1619 0.9500 0.9500 0.9500
v 28.4940 -4.8358 0.0117 0.9500 0.9500 0.9500
v 28.1368 -4.4007 0.2148 0.9500 0.9500 0.9500
v 27.7481 -4.0110 0.4508 0.9500 0.9500 0.9500
v 27.3447 -3.6553 0.6734 0.9500 0.9500 0.9500
v 26.9302 -3.3257 0.8742 0.9500 0.9500 0.9500
v 26.4985 -3.0236 0.9881 0.9500 0.9500 0.9500
v 26.0418 -2.7603 1.0598 0.9500 0.9500 0.9500
v 25.5563 -2.5523 1.1072 0.9500 0.9500 0.9500
v 25.0466 -2.4144 1.0845 0.9500 0.9500 0.9500
v 24.5237 -2.3521 1.0787 0.9500 0.9500 0.9500
v 24.0000 -2.3584 1.0549 0.9495 0.9495 0.9500
v 23.4836 -2.4167 1.0210 0.9210 0.9210 0.9440
v 22.9746 -2.5075 0.9724 0.8795 0.8795 0.9015
v 22.4664 -2.6172 0.8956 0.8248 0.8248 0.8454
v 21.9509 -2.7450 0.7950 0.7872 0.7872 0.8069
v 21.4265 -2.9043 0.7021 0.7524 0.7524 0.7712
v 20.9039 -3.1176 0.6137 0.7227 0.7227 0.7407
v 20.4078 -3.4078 0.5473 0.6834 0.6834 0.7005
v 19.9718 -3.7876 0.5111 0.6378 0.6378 0.6538
v 19.6296 -4.2539 0.4786 0.5503 0.5503 0.5640
v 19.4032 -4.7863 0.4388 0.4555 0.4555 0.4669
v 19.2961 -5.3540 0.4007 0.3761 0.3761 0.3855
v 19.2908 -5.9252 0.3586 0.3203 0.3203 0.3283
v 19.3548 -6.4766 0.3216 0.2964 0.2964 0.3038
v 19.4515 -7.0000 0.3073 0.2883 0.2883 0.2955
v 19.5522 -7.5011 0.3125 0.2727 0.2727 0.2795
v 19.6451 -7.9940 0.3254 0.2359 0.2359 0.2418
v 19.7376 -8.4915 0.3320 0.1999 0.1999 0.2049
v 19.8519 -8.9976 0.3192 0.1750 0.1750 0.1794
v 20.0150 -9.5039 0.2844 0.1591 0.1591 0.1630
v 20.2488 -9.9915 0.2371 0.1599 0.1599 0.1639
v 20.5622 -10.4378 0.1941 0.1550 0.1550 0.1589
v 20.9496 -10.8250 0.2020 0.1530 0.1530 0.1568
v 21.3953 -11.1454 0.2492 0.1561 0.1561 0.1600
v 21.8799 -11.4023 0.3253 0.1520 0.1520 0.1558
v 22.3883 -11.6060 0.4237 0.1466 0.1466 0.1502
v 22.9122 -11.7659 0.5259 0.1551 0.1551 0.1590
v 23.4497 -11.8838 0.5877 0.2108 0.2108 0.2161
v 24.0000 -11.9504 0.6228 0.2985 0.2985 0.3060
v 24.5576 -11.9484 0.6254 0.4216 0.4216 0.4321
v 25.1090 -11.8590 0.5596 0.5354 0.5354 0.5488
v 25.6344 -11.6709 0.4966 0.6368 0.6368 0.6527
v 26.1127 -11.3871 0.3547 0.7452 0.7452 0.7638
v 26.5297 -11.0260 0.2082 0.8213 0.8213 0.8418
v 26.8844 -10.6169 0.0493 0.8685 0.8685 0.8902
v 27.1903 -10.1903 -0.0955 0.8945 0.8945 0.9169
v 27.4712 -9.7682 -0.2426 0.9121 0.9121 0.9349
v 27.7513 -9.3571 -0.3832 0.8616 0.8616 0.8832
v 28.0453 -8.9481 -0.4717 0.7877 0.7877 0.8074
v 28.3499 -8.5221 -0.5186 0.7493 0.7493 0.7680
v 28.6423 -8.0596 -0.5292 0.7326 0.7326 0.7509
v 28.8865 -7.5506 -0.4980 0.7706 0.7706 0.7899
v 29.4599 -7.0000 -0.7649 0.8651 0.8651 0.8867
v 29.5036 -6.3799 -0.7032 0.9500 0.9500 0.9500
v 29.4091 -5.7654 -0.6221 0.9500 0.9500 0.9500
v 29.1869 -5.1850 -0.4809 0.9500 0.9500 0.9500
v 28.8650 -4.6571 -0.2935 0.9500 0.9500 0.9500
v 28.4784 -4.1860 -0.0635 0.9500 0.9500 0.9500
v 28.0576 -3.7642 0.1909 0.9500 0.9500 0.9500
v 27.6209 -3.3791 0.4317 0.9500 0.9500 0.9500
v 27.1721 -3.0223 0.6518 0.9500 0.9500 0.9500
v 26.7048 -2.6953 0.8125 0.9500 0.9500 0.9500
v 26.2103 -2.4102 0.8914 0.9500 0.9500 0.9500
v 25.6848 -2.1851 0.9497 0.9500 0.9500 0.9500
v 25.1330 -2.0358 0.9240 0.9500 0.9500 0.9500
v 24.5669 -1.9683 0.8958 0.9500 0.9500 0.9500
v 24.0000 -1.9752 0.8510 0.9455 0.9455 0.9500
v 23.4410 -2.0383 0.7961 0.9170 0.9170 0.9399
v 22.8899 -2.1365 0.7335 0.8845 0.8845 0.9066
v 22.3397 -2.2553 0.6539 0.8466 0.8466 0.8678
v 21.7817 -2.3937 0.5614 0.8160 0.8160 0.8364
v 21.2140 -2.5661 0.4802 0.7857 0.7857 0.8053
v 20.6483 -2.7971 0.3975 0.7555 0.7555 0.7744
v 20.1112 -3.1112 0.3567 0.7129 0.7129 0.7307
v 19.6392 -3.5224 0.3175 0.6471 0.6471 0.6633
v 19.2687 -4.0271 0.2866 0.5665 0.5665 0.5806
v 19.0237 -4.6035 0.2630 0.4751 0.4751 0.4870
v 18.9077 -5.2181 0.2284 0.3927 0.3927 0.4026
v 18.9020 -5.8364 0.1898 0.3335 0.3335 0.3418
v 18.9713 -6.4334 0.1532 0.3059 0.3059 0.3136
v 19.0759 -7.0000 0.1273 0.2945 0.2945 0.3019
v 19.1849 -7.5425 0.1124 0.2757 0.2757 0.2826
v 19.2855 -8.0761 0.1026 0.2410 0.2410 0.2471
v 19.3857 -8.6146 0.0893 0.1963 0.1963 0.2012
v 19.5094 -9.1626 0.0719 0.1617 0.1617 0.1658
v 19.6860 -9.7107 0.0414 0.1403 0.1403 0.1438
v 19.9391 -10.2385 0.0051 0.1425 0.1425 0.1461
v 20.2783 -10.7217 -0.0253 0.1518 0.1518 0.1556
v 20.6978 -11.1408 -0.0323 0.1452 0.1452 0.1488
v 21.1802 -11.4877 0.0218 0.1292 0.1292 0.1324
v 21.7049 -11.7658 0.0992 0.1280 0.1280 0.1312
v 22.2552 -11.9864 0.1954 0.1280 0.1280 0.1312
v 22.8224 -12.1595 0.2985 0.1367 0.1367 0.1401
v 23.4043 -12.2870 0.3736 0.1775 0.1775 0.1819
v 24.0000 -12.3592 0.4204 0.2627 0.2627 0.2693
v 24.6036 -12.3570 0.4288 0.3933 0.3933 0.4031
v 25.2006 -12.2602 0.3692 0.5322 0.5322 0.5455
v 25.7694 -12.0566 0.2806 0.6372 0.6372 0.6531
v 26.2871 -11.7493 0.1196 0.7469 0.7469 0.7656
v 26.7386 -11.3585 -0.0409 0.8156 0.8156 0.8359
v 27.1226 -10.9156 -0.2154 0.8747 0.8747 0.8966
v 27.4538 -10.4538 -0.3822 0.8864 0.8864 0.9086
v 27.7578 -9.9967 -0.5247 0.8860 0.8860 0.9082
v 28.0611 -9.5517 -0.6635 0.8554 0.8554 0.8768
v 28.3794 -9.1090 -0.7492 0.7810 0.7810 0.8005
v 28.7090 -8.6478 -0.7968 0.7502 0.7502 0.7690
v 29.0256 -8.1471 -0.8233 0.7489 0.7489 0.7676
v 29.2900 -7.5960 -0.8092 0.7861 0.7861 0.8058
v 29.9226 -7.0000 -1.0471 0.8578 0.8578 0.8792
v 29.9701 -6.3273 -0.9923 0.9280 0.9280 0.9500
v 29.8675 -5.6608 -0.9106 0.9500 0.9500 0.9500
v 29.6265 -5.0312 -0.7757 0.9500 0.9500 0.9500
v 29.2773 -4.4586 -0.6010 0.9500 0.9500 0.9500
v 28.8579 -3.9476 -0.3345 0.9500 0.9500 0.9500
v 28.4015 -3.4899 -0.0595 0.9500 0.9500 0.9500
v 27.9278 -3.0722 0.2067 0.9500 0.9500 0.9500
v 27.4409 -2.6852 0.4511 0.9500 0.9500 0.9500
v 26.9341 -2.3305 0.6565 0.9500 0.9500 0.9500
v 26.3977 -2.0212 0.7495 0.9500 0.9500 0.9500
v 25.8276 -1.7770 0.7959 0.9500 0.9500 0.9500
v 25.2291 -1.6151 0.7662 0.9399 0.9399 0.9500
v 24.6150 -1.5419 0.7127 0.9207 0.9207 0.9437
v 24.0000 -1.5493 0.6490 0.8955 0.8955 0.9179
v 23.3936 -1.6178 0.5777 0.8733 0.8733 0.8951
v 22.7959 -1.7244 0.5060 0.8509 0.8509 0.8721
v 22.1990 -1.8532 0.4260 0.8295 0.8295 0.8502
v 21.5937 -2.0033 0.3462 0.8046 0.8046 0.8247
v 20.9779 -2.1903 0.2731 0.7880 0.7880 0.8077
v 20.3642 -2.4409 0.2129 0.7548 0.7548 0.7736
v 19.7816 -2.7816 0.1756 0.7281 0.7281 0.7463
v 19.2697 -3.2277 0.1435 0.6723 0.6723 0.6891
v 18.8677 -3.7752 0.1253 0.6112 0.6112 0.6264
v 18.6020 -4.4004 0.1027 0.5389 0.5389 0.5524
v 18.4762 -5.0671 0.0697 0.4712 0.4712 0.4830
v 18.4699 -5.7378 0.0343 0.4235 0.4235 0.4341
v 18.5451 -6.3854 -0.0018 0.3972 0.3972 0.4071
v 18.6586 -7.0000 -0.0322 0.3869 0.3869 0.3965
v 18.7769 -7.5885 -0.0570 0.3782 0.3782 0.3877
v 18.8860 -8.1672 -0.0791 0.3623 0.3623 0.3713
v 18.9946 -8.7515 -0.1042 0.3370 0.3370 0.3454
v 19.1288 -9.3458 -0.1387 0.3030 0.3030 0.3105
v 19.3204 -9.9404 -0.1851 0.2625 0.2625 0.2691
v 19.5949 -10.5129 -0.2171 0.2353 0.2353 0.2412
v 19.9629 -11.0371 -0.2366 0.2407 0.2407 0.2467
v 20.4179 -11.4918 -0.2413 0.2431 0.2431 0.2492
v 20.9412 -11.8680 -0.1993 0.2062 0.2062 0.2113
v 21.5104 -12.1697 -0.1211 0.1924 0.1924 0.1972
v 22.1073 -12.4089 -0.0283 0.1839 0.1839 0.1885
v 22.7226 -12.5967 0.0784 0.1958 0.1958 0.2007
v 23.3538 -12.7351 0.1690 0.2507 0.2507 0.2569
v 24.0000 -12.8133 0.2304 0.3440 0.3440 0.3526
v 24.6547 -12.8110 0.2478 0.4652 0.4652 0.4768
v 25.3023 -12.7060 0.1984 0.6089 0.6089 0.6241
v 25.9193 -12.4851 0.0884 0.7167 0.7167 0.7347
v 26.4810 -12.1518 -0.0879 0.8179 0.8179 0.8384
v 26.9707 -11.7278 -0.2776 0.8673 0.8673 0.8890
v 27.3872 -11.2474 -0.4687 0.9096 0.9096 0.9324
v 27.7464 -10.7464 -0.6547 0.9193 0.9193 0.9423
v 28.0762 -10.2507 -0.8049 0.8893 0.8893 0.9116
v 28.4052 -9.7680 -0.9210 0.8672 0.8672 0.8889
v 28.7505 -9.2877 -1.0209 0.8055 0.8055 0.8256
v 29.1081 -8.7874 -1.0754 0.7666 0.7666 0.7857
v 29.4515 -8.2443 -1.1075 0.7652 0.7652 0.7843
v 29.7383 -7.6465 -1.0873 0.7908 0.7908 0.8105
v 30.4316 -7.0000 -1.2961 0.8290 0.8290 0.8497
v 30.4831 -6.2695 -1.2492 0.8743 0.8743 0.8962
v 30.3718 -5.5457 -1.1655 0.9066 0.9066 0.9292
v 30.1101 -4.8620 -1.0203 0.9134 0.9134 0.9362
v 29.7308 -4.2402 -0.8307 0.8979 0.8979 0.9204
v 29.2754 -3.6853 -0.5711 0.8931 0.8931 0.9155
v 28.7797 -3.1883 -0.2733 0.8944 0.8944 0.9168
v 28.2653 -2.7347 0.0404 0.8851 0.8851 0.9073
v 27.7366 -2.3144 0.3090 0.8945 0.8945 0.9168
v 27.1862 -1.9292 0.5287 0.9136 0.9136 0.9364
v 26.6037 -1.5934 0.6447 0.8894 0.8894 0.9116
v 25.9847 -1.3282 0.6690 0.8836 0.8836 0.9057
v 25.3347 -1.1523 0.6378 0.8513 0.8513 0.8726
v 24.6678 -1.0728 0.5630 0.8326 0.8326 0.8535
v 24.0000 -1.0809 0.4818 0.8178 0.8178 0.8382
v 23.3415 -1.1553 0.3967 0.8057 0.8057 0.8258
v 22.6924 -1.2710 0.3189 0.7927 0.7927 0.8126
v 22.0443 -1.4109 0.2390 0.7867 0.7867 0.8064
v 21.3869 -1.5739 0.1735 0.7713 0.7713 0.7906
v 20.7182 -1.7770 0.1090 0.7634 0.7634 0.7825
v 20.0518 -2.0491 0.0717 0.7449 0.7449 0.7635
v 19.4191 -2.4191 0.0356 0.7258 0.7258 0.7439
v 18.8632 -2.9035 0.0223 0.6969 0.6969 0.7144
v 18.4267 -3.4981 0.0043 0.6567 0.6567 0.6731
v 18.1381 -4.1770 -0.0194 0.6138 0.6138 0.6291
v 18.0015 -4.9010 -0.0463 0.5766 0.5766 0.5910
v 17.9947 -5.6293 -0.0785 0.5496 0.5496 0.5633
v 18.0763 -6.3326 -0.1165 0.5327 0.5327 0.5460
v 18.1996 -7.0000 -0.1521 0.5228 0.5228 0.5358
v 18.3280 -7.6391 -0.1845 0.5126 0.5126 0.5254
v 18.4465 -8.2676 -0.2164 0.4989 0.4989 0.5114
v 18.5645 -8.9020 -0.2502 0.4828 0.4828 0.4948
v 18.7102 -9.5474 -0.2892 0.4686 0.4686 0.4803
v 18.9183 -10.1931 -0.3350 0.4601 0.4601 0.4716
v 19.2164 -10.8148 -0.3857 0.4368 0.4368 0.4477
v 19.6160 -11.3840 -0.4130 0.4063 0.4063 0.4165
v 20.1101 -11.8778 -0.4105 0.4028 0.4028 0.4129
v 20.6784 -12.2863 -0.3898 0.3715 0.3715 0.3808
v 21.2964 -12.6140 -0.3093 0.3403 0.3403 0.3489
v 21.9447 -12.8738 -0.2190 0.3274 0.3274 0.3356
v 22.6128 -13.0777 -0.1064 0.3281 0.3281 0.3363
v 23.2983 -13.2279 0.0005 0.3724 0.3724 0.3817
v 24.0000 -13.3129 0.0789 0.4527 0.4527 0.4640
v 24.7110 -13.3104 0.1097 0.5598 0.5598 0.5738
v 25.4143 -13.1963 0.0764 0.7027 0.7027 0.7203
v 26.0843 -12.9564 -0.0531 0.8055 0.8055 0.8256
v 26.6942 -12.5945 -0.2375 0.8924 0.8924 0.9147
v 27.2260 -12.1341 -0.4615 0.9372 0.9372 0.9500
v 27.6783 -11.6124 -0.6809 0.9500 0.9500 0.9500
v 28.0684 -11.0684 -0.8758 0.9500 0.9500 0.9500
v 28.4265 -10.5300 -1.0356 0.9138 0.9138 0.9366
v 28.7838 -10.0059 -1.1474 0.8760 0.8760 0.8979
v 29.1587 -9.4843 -1.2591 0.8311 0.8311 0.8519
v 29.5471 -8.9410 -1.3138 0.7773 0.7773 0.7967
v 29.9200 -8.3512 -1.3305 0.7720 0.7720 0.7913
v 30.2314 -7.7021 -1.3253 0.7862 0.7862 0.8058
v 30.9406 -7.0000 -1.4425 0.8006 0.8006 0.8206
v 30.9962 -6.2117 -1.3931 0.8320 0.8320 0.8528
v 30.8760 -5.4306 -1.3162 0.8534 0.8534 0.8747
v 30.5936 -4.6928 -1.1940 0.8683 0.8683 0.8900
v 30.1844 -4.0218 -0.9697 0.8418 0.8418 0.8629
v 29.6929 -3.4229 -0.7014 0.8199 0.8199 0.8404
v 29.1580 -2.8866 -0.3887 0.8164 0.8164 0.8368
v 28.6029 -2.3971 -0.0448 0.8121 0.8121 0.8324
v 28.0323 -1.9436 0.2590 0.8105 0.8105 0.8308
v 27.4383 -1.5279 0.4728 0.8424 0.8424 0.8635
v 26.8098 -1.1655 0.6128 0.8252 0.8252 0.8458
v 26.1417 -0.8793 0.6187 0.8085 0.8085 0.8287
v 25.4403 -0.6896 0.5762 0.7919 0.7919 0.8117
v 24.7207 -0.6038 0.4809 0.7753 0.7753 0.7947
v 24.0000 -0.6125 0.3856 0.7719 0.7719 0.7912
v 23.2893 -0.6927 0.2920 0.7661 0.7661 0.7852
v 22.5889 -0.8176 0.2129 0.7614 0.7614 0.7804
v 21.8895 -0.9686 0.1341 0.7583 0.7583 0.7772
v 21.1801 -1.1445 0.0800 0.7579 0.7579 0.7769
v 20.4585 -1.3637 0.0285 0.7443 0.7443 0.7629
v 19.7393 -1.6573 0.0012 0.7438 0.7438 0.7624
v 19.0566 -2.0566 -0.0193 0.7210 0.7210 0.7390
v 18.4567 -2.5793 -0.0314 0.7096 0.7096 0.7274
v 17.9856 -3.2209 -0.0455 0.6816 0.6816 0.6987
v 17.6742 -3.9536 -0.0627 0.6563 0.6563 0.6727
v 17.5268 -4.7349 -0.0854 0.6363 0.6363 0.6522
v 17.5194 -5.5209 -0.1147 0.6198 0.6198 0.6353
v 17.6075 -6.2797 -0.1504 0.6106 0.6106 0.6259
v 17.7406 -7.0000 -0.1892 0.6057 0.6057 0.6209
v 17.8792 -7.6897 -0.2302 0.5958 0.5958 0.6107
v 18.0070 -8.3679 -0.2725 0.5815 0.5815 0.5960
v 18.1343 -9.0525 -0.3168 0.5652 0.5652 0.5793
v 18.2916 -9.7490 -0.3600 0.5537 0.5537 0.5675
v 18.5161 -10.4458 -0.4072 0.5472 0.5472 0.5609
v 18.8378 -11.1167 -0.4595 0.5447 0.5447 0.5583
v 19.2691 -11.7309 -0.5106 0.5142 0.5142 0.5271
v 19.8023 -12.2638 -0.5145 0.4899 0.4899 0.5022
v 20.4155 -12.7047 -0.4965 0.4769 0.4769 0.4888
v 21.0825 -13.0583 -0.4305 0.4362 0.4362 0.4471
v 21.7820 -13.3386 -0.3376 0.4130 0.4130 0.4234
v 22.5030 -13.5586 -0.2201 0.4038 0.4038 0.4139
v 23.2428 -13.7208 -0.0995 0.4279 0.4279 0.4386
v 24.0000 -13.8125 -0.0032 0.4923 0.4923 0.5046
v 24.7673 -13.8097 0.0449 0.5854 0.5854 0.6001
v 25.5262 -13.6867 0.0333 0.7203 0.7203 0.7383
v 26.2492 -13.4278 -0.1077 0.8413 0.8413 0.8623
v 26.9074 -13.0373 -0.3021 0.9175 0.9175 0.9404
v 27.4813 -12.5404 -0.5534 0.9500 0.9500 0.9500
v 27.9694 -11.9774 -0.8061 0.9500 0.9500 0.9500
v 28.3904 -11.3904 -1.0050 0.9500 0.9500 0.9500
v 28.7768 -10.8094 -1.1778 0.9408 0.9408 0.9500
v 29.1624 -10.2437 -1.3107 0.8859 0.8859 0.9080
v 29.5670 -9.6809 -1.4090 0.8471 0.8471 0.8682
v 29.9860 -9.0946 -1.4630 0.7920 0.7920 0.8119
v 30.3885 -8.4581 -1.4861 0.7718 0.7718 0.7911
v 30.7245 -7.7577 -1.4829 0.7787 0.7787 0.7982
v 51.1234 -16.0000 0.7091 0.1705 0.1705 0.1747
v 51.1644 -15.4181 0.7187 0.1280 0.1280 0.1312
v 51.0758 -14.8415 0.7256 0.1280 0.1280 0.1312
v 50.8673 -14.2969 0.7320 0.1280 0.1280 0.1312
v 50.5652 -13.8015 0.7530 0.1280 0.1280 0.1312
v 50.2024 -13.3595 0.7927 0.1280 0.1280 0.1312
v 49.8075 -12.9636 0.8404 0.1280 0.1280 0.1312
v 49.3977 -12.6023 0.8902 0.1280 0.1280 0.1312
v 48.9766 -12.2675 0.9415 0.1280 0.1280 0.1312
v 48.5381 -11.9606 0.9850 0.1280 0.1280 0.1312
v 48.0741 -11.6931 1.0197 0.1280 0.1280 0.1312
v 47.5810 -11.4818 1.0289 0.1280 0.1280 0.1312
v 47.0632 -11.3418 1.0440 0.1280 0.1280 0.1312
v 46.5320 -11.2784 1.0142 0.1280 0.1280 0.1312
v 46.0000 -11.2849 0.9625 0.1280 0.1280 0.1312
v 45.4754 -11.3441 0.8877 0.1280 0.1280 0.1312
v 44.9584 -11.4363 0.7422 0.1280 0.1280 0.1312
v 44.4421 -11.5477 0.5891 0.1280 0.1280 0.1312
v 43.9184 -11.6776 0.3817 0.1280 0.1280 0.1312
v 43.3857 -11.8394 0.1657 0.1280 0.1280 0.1312
v 42.8548 -12.0561 -0.0228 0.2172 0.2172 0.2226
v 42.3508 -12.3508 -0.1703 0.4108 0.4108 0.4211
v 41.9080 -12.7367 -0.2647 0.6103 0.6103 0.6255
v 41.5603 -13.2104 -0.2813 0.8140 0.8140 0.8343
v 41.3304 -13.7512 -0.2276 0.9500 0.9500 0.9500
v 41.2216 -14.3280 -0.1295 0.9500 0.9500 0.9500
v 41.2162 -14.9081 0.0231 0.9500 0.9500 0.9500
v 41.2812 -15.4683 0.1984 0.9500 0.9500 0.9500
v 41.3794 -16.0000 0.3733 0.9500 0.9500 0.9500
v 41.4817 -16.5091 0.5425 0.9500 0.9500 0.9500
v 41.5761 -17.0097 0.6900 0.9500 0.9500 0.9500
v 41.6701 -17.5151 0.7851 0.9500 0.9500 0.9500
v 41.7861 -18.0293 0.8642 0.9500 0.9500 0.9500
v 41.9519 -18.5436 0.8680 0.9500 0.9500 0.9500
v 42.1894 -19.0389 0.8433 0.9500 0.9500 0.9500
v 42.5077 -19.4923 0.8070 0.9500 0.9500 0.9500
v 42.9013 -19.8856 0.7635 0.9500 0.9500 0.9500
v 43.3540 -20.2111 0.7369 0.9500 0.9500 0.9500
v 43.8463 -20.4721 0.7278 0.9500 0.9500 0.9500
v 44.3627 -20.6790 0.7320 0.9500 0.9500 0.9500
v 44.8950 -20.8415 0.7320 0.9500 0.9500 0.9500
v 45.4410 -20.9611 0.7323 0.9500 0.9500 0.9500
v 46.0000 -21.0289 0.7273 0.9500 0.9500 0.9500
v 46.5664 -21.0268 0.7245 0.9500 0.9500 0.9500
v 47.1266 -20.9360 0.7289 0.9483 0.9483 0.9500
v 47.6603 -20.7449 0.7389 0.8352 0.8352 0.8561
v 48.1462 -20.4566 0.7496 0.7160 0.7160 0.7339
v 48.5698 -20.0898 0.7574 0.6186 0.6186 0.6340
v 48.9301 -19.6743 0.7518 0.5634 0.5634 0.5775
v 49.2409 -19.2409 0.7314 0.5499 0.5499 0.5636
v 49.5262 -18.8120 0.7044 0.5626 0.5626 0.5767
v 49.8108 -18.3945 0.6804 0.5730 0.5730 0.5873
v 50.1094 -17.9790 0.6658 0.5554 0.5554 0.5693
v 50.4188 -17.5462 0.6640 0.4998 0.4998 0.5123
v 50.7159 -17.0764 0.6739 0.4097 0.4097 0.4199
v 50.9639 -16.5593 0.6931 0.2959 0.2959 0.3033
v 51.4894 -16.0000 1.0154 0.2494 0.2494 0.2556
v 51.5333 -15.3765 1.0304 0.1623 0.1623 0.1663
v 51.4383 -14.7587 1.0341 0.1349 0.1349 0.1383
v 51.2149 -14.1752 1.0359 0.1280 0.1280 0.1312
v 50.8913 -13.6445 1.0504 0.1280 0.1280 0.1312
v 50.5025 -13.1709 1.0823 0.1280 0.1280 0.1312
v 50.0795 -12.7467 1.1367 0.1280 0.1280 0.1312
v 49.6404 -12.3596 1.1902 0.1280 0.1280 0.1312
v 49.1892 -12.0009 1.2358 0.1280 0.1280 0.1312
v 48.7194 -11.6721 1.2683 0.1280 0.1280 0.1312
v 48.2223 -11.3854 1.2933 0.1280 0.1280 0.1312
v 47.6939 -11.1591 1.2962 0.1280 0.1280 0.1312
v 47.1392 -11.0090 1.3081 0.1297 0.1297 0.1330
v 46.5700 -10.9412 1.2908 0.1280 0.1280 0.1312
v 46.0000 -10.9481 1.2458 0.1280 0.1280 0.1312
v 45.4379 -11.0115 1.1713 0.1280 0.1280 0.1312
v 44.8840 -11.1103 1.0195 0.1280 0.1280 0.1312
v 44.3308 -11.2297 0.8444 0.1280 0.1280 0.1312
v 43.7697 -11.3688 0.6016 0.1280 0.1280 0.1312
v 43.1990 -11.5422 0.3532 0.1310 0.1310 0.1343
v 42.6302 -11.7744 0.1295 0.2112 0.2112 0.2165
v 42.0902 -12.0902 -0.0410 0.4072 0.4072 0.4174
v 41.6157 -12.5037 -0.1265 0.5932 0.5932 0.6081
v 41.2432 -13.0111 -0.1456 0.7704 0.7704 0.7897
v 40.9969 -13.5906 -0.0949 0.9178 0.9178 0.9408
v 40.8803 -14.2085 0.0048 0.9500 0.9500 0.9500
v 40.8745 -14.8301 0.1627 0.9500 0.9500 0.9500
v 40.9441 -15.4303 0.3547 0.9500 0.9500 0.9500
v 41.0494 -16.0000 0.5592 0.9500 0.9500 0.9500
v 41.1590 -16.5455 0.7667 0.9500 0.9500 0.9500
v 41.2601 -17.0819 0.9474 0.9500 0.9500 0.9500
v 41.3608 -17.6233 1.0763 0.9500 0.9500 0.9500
v 41.4852 -18.1742 1.1708 0.9500 0.9500 0.9500
v 41.6627 -18.7253 1.1634 0.9500 0.9500 0.9500
v 41.9172 -19.2559 1.1283 0.9500 0.9500 0.9500
v 42.2583 -19.7417 1.0564 0.9500 0.9500 0.9500
v 42.6800 -20.1632 0.9964 0.9500 0.9500 0.9500
v 43.1650 -20.5119 0.9663 0.9500 0.9500 0.9500
v 43.6925 -20.7915 0.9636 0.9500 0.9500 0.9500
v 44.2458 -21.0133 0.9793 0.9500 0.9500 0.9500
v 44.8160 -21.1873 0.9919 0.9500 0.9500 0.9500
v 45.4011 -21.3155 0.9987 0.9500 0.9500 0.9500
v 46.0000 -21.3881 0.9975 0.9500 0.9500 0.9500
v 46.6068 -21.3859 0.9988 0.9500 0.9500 0.9500
v 47.2071 -21.2886 1.0110 0.9449 0.9449 0.9500
v 47.7789 -21.0838 1.0335 0.8430 0.8430 0.8640
v 48.2995 -20.7749 1.0588 0.7381 0.7381 0.7565
v 48.7534 -20.3820 1.0739 0.6533 0.6533 0.6696
v 49.1394 -19.9367 1.0646 0.6054 0.6054 0.6206
v 49.4724 -19.4724 1.0310 0.5948 0.5948 0.6097
v 49.7780 -19.0129 0.9855 0.6053 0.6053 0.6204
v 50.0830 -18.5655 0.9424 0.6101 0.6101 0.6254
v 50.4030 -18.1204 0.9178 0.5865 0.5865 0.6012
v 50.7344 -17.6566 0.9207 0.5310 0.5310 0.5443
v 51.0527 -17.1533 0.9485 0.4511 0.4511 0.4624
v 51.3185 -16.5992 0.9855 0.3550 0.3550 0.3638
v 51.8553 -16.0000 1.2444 0.4357 0.4357 0.4466
v 51.9022 -15.3350 1.2636 0.3844 0.3844 0.3940
v 51.8009 -14.6760 1.2641 0.3421 0.3421 0.3507
v 51.5626 -14.0536 1.2619 0.3207 0.3207 0.3287
v 51.2174 -13.4875 1.2729 0.3091 0.3091 0.3169
v 50.8027 -12.9823 1.3023 0.3038 0.3038 0.3114
v 50.3515 -12.5298 1.3555 0.3085 0.3085 0.3162
v 49.8831 -12.1169 1.4128 0.3096 0.3096 0.3173
v 49.4018 -11.7343 1.4544 0.3136 0.3136 0.3215
v 48.9007 -11.3835 1.4795 0.3171 0.3171 0.3250
v 48.3704 -11.0778 1.4964 0.3168 0.3168 0.3248
v 47.8068 -10.8364 1.5002 0.3183 0.3183 0.3262
v 47.2151 -10.6763 1.5082 0.3280 0.3280 0.3362
v 46.6080 -10.6039 1.5001 0.3162 0.3162 0.3241
v 46.0000 -10.6113 1.4555 0.3067 0.3067 0.3144
v 45.4005 -10.6790 1.3751 0.2750 0.2750 0.2819
v 44.8096 -10.7843 1.2128 0.2465 0.2465 0.2526
v 44.2195 -10.9117 1.0093 0.2224 0.2224 0.2280
v 43.6211 -11.0601 0.7401 0.2133 0.2133 0.2186
v 43.0122 -11.2450 0.4648 0.2349 0.2349 0.2407
v 42.4055 -11.4927 0.2192 0.3050 0.3050 0.3126
v 41.8295 -11.8295 0.0221 0.4685 0.4685 0.4802
v 41.3234 -12.2706 -0.0556 0.6232 0.6232 0.6388
v 40.9261 -12.8118 -0.0758 0.7265 0.7265 0.7447
v 40.6633 -13.4300 -0.0330 0.8247 0.8247 0.8453
v 40.5390 -14.0891 0.0747 0.9019 0.9019 0.9244
v 40.5328 -14.7521 0.2364 0.9500 0.9500 0.9500
v 40.6071 -15.3924 0.4425 0.9500 0.9500 0.9500
v 40.7193 -16.0000 0.6753 0.9500 0.9500 0.9500
v 40.8362 -16.5818 0.9191 0.9500 0.9500 0.9500
v 40.9441 -17.1540 1.1305 0.9500 0.9500 0.9500
v 41.0515 -17.7316 1.2911 0.9500 0.9500 0.9500
v 41.1842 -18.3192 1.3869 0.9500 0.9500 0.9500
v 41.3736 -18.9070 1.3816 0.9500 0.9500 0.9500
v 41.6450 -19.4730 1.3316 0.9500 0.9500 0.9500
v 42.0088 -19.9912 1.2356 0.9500 0.9500 0.9500
v 42.4586 -20.4407 1.1627 0.9500 0.9500 0.9500
v 42.9760 -20.8127 1.1288 0.9500 0.9500 0.9500
v 43.5387 -21.1110 1.1314 0.9483 0.9483 0.9500
v 44.1288 -21.3475 1.1557 0.9443 0.9443 0.9500
v 44.7371 -21.5331 1.1783 0.9497 0.9497 0.9500
v 45.3612 -21.6699 1.1911 0.9500 0.9500 0.9500
v 46.0000 -21.7473 1.1942 0.9437 0.9437 0.9500
v 46.6473 -21.7450 1.2001 0.9101 0.9101 0.9329
v 47.2875 -21.6411 1.2197 0.8552 0.8552 0.8766
v 47.8975 -21.4227 1.2529 0.7901 0.7901 0.8099
v 48.4528 -21.0933 1.2898 0.7323 0.7323 0.7506
v 48.9369 -20.6741 1.3109 0.6994 0.6994 0.7169
v 49.3487 -20.1992 1.2990 0.6943 0.6943 0.7116
v 49.7039 -19.7039 1.2575 0.7069 0.7069 0.7246
v 50.0299 -19.2137 1.1964 0.7188 0.7188 0.7368
v 50.3552 -18.7365 1.1386 0.7070 0.7070 0.7247
v 50.6965 -18.2617 1.1072 0.6637 0.6637 0.6803
v 51.0500 -17.7671 1.1155 0.6024 0.6024 0.6174
v 51.3896 -17.2301 1.1542 0.5412 0.5412 0.5548
v 51.6731 -16.6392 1.2043 0.4867 0.4867 0.4989
v 52.2213 -16.0000 1.3223 0.7047 0.7047 0.7223
v 52.2711 -15.2934 1.3439 0.7397 0.7397 0.7582
v 52.1634 -14.5932 1.3425 0.7603 0.7603 0.7793
v 51.9102 -13.9319 1.3341 0.7682 0.7682 0.7874
v 51.5434 -13.3304 1.3428 0.7671 0.7671 0.7863
v 51.1029 -12.7937 1.3741 0.7605 0.7605 0.7795
v 50.6234 -12.3129 1.4208 0.7689 0.7689 0.7882
v 50.1258 -11.8742 1.4817 0.7784 0.7784 0.7978
v 49.6144 -11.4676 1.5235 0.7774 0.7774 0.7969
v 49.0820 -11.0950 1.5480 0.7729 0.7729 0.7922
v 48.5186 -10.7702 1.5643 0.7653 0.7653 0.7844
v 47.9198 -10.5137 1.5737 0.7454 0.7454 0.7640
v 47.2910 -10.3436 1.5758 0.7459 0.7459 0.7645
v 46.6460 -10.2666 1.5730 0.7165 0.7165 0.7344
v 46.0000 -10.2745 1.5219 0.6779 0.6779 0.6949
v 45.3630 -10.3464 1.4276 0.6133 0.6133 0.6286
v 44.7352 -10.4583 1.2471 0.5277 0.5277 0.5409
v 44.1082 -10.5936 1.0104 0.4715 0.4715 0.4833
v 43.4724 -10.7513 0.7177 0.4381 0.4381 0.4491
v 42.8255 -10.9478 0.4259 0.4509 0.4509 0.4621
v 42.1809 -11.2110 0.1635 0.4985 0.4985 0.5110
v 41.5689 -11.5689 -0.0256 0.5413 0.5413 0.5548
v 41.0311 -12.0375 -0.1247 0.6033 0.6033 0.6184
v 40.6089 -12.6126 -0.1459 0.6132 0.6132 0.6285
v 40.3298 -13.2694 -0.0904 0.6158 0.6158 0.6311
v 40.1976 -13.9697 0.0214 0.6156 0.6156 0.6310
v 40.1911 -14.6741 0.1838 0.6325 0.6325 0.6483
v 40.2700 -15.3544 0.4040 0.6666 0.6666 0.6833
v 40.3893 -16.0000 0.6562 0.6998 0.6998 0.7173
v 40.5135 -16.6182 0.9266 0.7074 0.7074 0.7251
v 40.6281 -17.2261 1.1608 0.6909 0.6909 0.7082
v 40.7422 -17.8398 1.3475 0.6520 0.6520 0.6683
v 40.8832 -18.4641 1.4418 0.5898 0.5898 0.6046
v 41.0844 -19.0887 1.4442 0.5476 0.5476 0.5613
v 41.3728 -19.6901 1.3766 0.5152 0.5152 0.5281
v 41.7594 -20.2406 1.2742 0.5196 0.5196 0.5326
v 42.2373 -20.7183 1.1949 0.5280 0.5280 0.5412
v 42.7870 -21.1135 1.1589 0.5269 0.5269 0.5400
v 43.3848 -21.4304 1.1629 0.5191 0.5191 0.5321
v 44.0119 -21.6817 1.1905 0.5212 0.5212 0.5342
v 44.6582 -21.8789 1.2187 0.5355 0.5355 0.5489
v 45.3212 -22.0242 1.2378 0.5592 0.5592 0.5732
v 46.0000 -22.1065 1.2458 0.5848 0.5848 0.5994
v 46.6878 -22.1040 1.2562 0.5996 0.5996 0.6146
v 47.3680 -21.9937 1.2808 0.6046 0.6046 0.6197
v 48.0161 -21.7617 1.3205 0.6120 0.6120 0.6273
v 48.6061 -21.4116 1.3635 0.6371 0.6371 0.6530
v 49.1205 -20.9662 1.3876 0.6844 0.6844 0.7015
v 49.5580 -20.4616 1.3773 0.7426 0.7426 0.7612
v 49.9354 -19.9354 1.3324 0.7888 0.7888 0.8085
v 50.2818 -19.4146 1.2658 0.8059 0.8059 0.8260
v 50.6274 -18.9076 1.2027 0.7817 0.7817 0.8012
v 50.9900 -18.4031 1.1708 0.7282 0.7282 0.7464
v 51.3657 -17.8775 1.1798 0.6768 0.6768 0.6938
v 51.7264 -17.3070 1.2219 0.6554 0.6554 0.6718
v 52.0276 -16.6791 1.2767 0.6694 0.6694 0.6861
v 52.6482 -16.0000 1.1688 0.8557 0.8557 0.8771
v 52.7015 -15.2449 1.1882 0.9459 0.9459 0.9500
v 52.5864 -14.4967 1.1880 0.9500 0.9500 0.9500
v 52.3158 -13.7900 1.1823 0.9500 0.9500 0.9500
v 51.9239 -13.1472 1.1844 0.9500 0.9500 0.9500
v 51.4531 -12.5736 1.2164 0.9500 0.9500 0.9500
v 50.9407 -12.0599 1.2639 0.9500 0.9500 0.9500
v 50.4090 -11.5910 1.3172 0.9500 0.9500 0.9500
v 49.8625 -11.1566 1.3665 0.9500 0.9500 0.9500
v 49.2935 -10.7584 1.4019 0.9500 0.9500 0.9500
v 48.6914 -10.4112 1.4246 0.9500 0.9500 0.9500
v 48.0515 -10.1371 1.4498 0.9500 0.9500 0.9500
v 47.3796 -9.9554 1.4482 0.9500 0.9500 0.9500
v 46.6903 -9.8732 1.4421 0.9492 0.9492 0.9500
v 46.0000 -9.8815 1.3663 0.8852 0.8852 0.9073
v 45.3193 -9.9584 1.2404 0.8091 0.8091 0.8293
v 44.6483 -10.0780 1.0340 0.7192 0.7192 0.7371
v 43.9784 -10.2226 0.7690 0.6520 0.6520 0.6683
v 43.2989 -10.3911 0.4536 0.6085 0.6085 0.6237
v 42.6076 -10.6011 0.1422 0.5963 0.5963 0.6112
v 41.9188 -10.8823 -0.1318 0.6084 0.6084 0.6236
v 41.2648 -11.2648 -0.3046 0.6035 0.6035 0.6186
v 40.6901 -11.7655 -0.4213 0.5784 0.5784 0.5928
v 40.2390 -12.3801 -0.4203 0.5290 0.5290 0.5423
v 39.9406 -13.0820 -0.3749 0.4581 0.4581 0.4696
v 39.7994 -13.8303 -0.2614 0.3936 0.3936 0.4034
v 39.7924 -14.5832 -0.0965 0.3680 0.3680 0.3772
v 39.8768 -15.3101 0.1422 0.3818 0.3818 0.3913
v 40.0042 -16.0000 0.4148 0.4050 0.4050 0.4152
v 40.1370 -16.6606 0.7054 0.4022 0.4022 0.4122
v 40.2594 -17.3103 0.9517 0.3707 0.3707 0.3800
v 40.3814 -17.9660 1.1585 0.3057 0.3057 0.3134
v 40.5320 -18.6332 1.2489 0.2201 0.2201 0.2257
v 40.7471 -19.3006 1.2688 0.1862 0.1862 0.1909
v 41.0553 -19.9433 1.1914 0.1637 0.1637 0.1678
v 41.4683 -20.5317 1.0982 0.1674 0.1674 0.1716
v 41.9791 -21.0421 1.0196 0.1793 0.1793 0.1838
v 42.5665 -21.4644 0.9838 0.1850 0.1850 0.1896
v 43.2054 -21.8031 0.9839 0.1828 0.1828 0.1874
v 43.8755 -22.0716 1.0125 0.1834 0.1834 0.1880
v 44.5661 -22.2824 1.0425 0.1933 0.1933 0.1982
v 45.2746 -22.4377 1.0621 0.2226 0.2226 0.2282
v 46.0000 -22.5255 1.0743 0.2706 0.2706 0.2774
v 46.7350 -22.5229 1.0902 0.3231 0.3231 0.3311
v 47.4619 -22.4050 1.1183 0.3774 0.3774 0.3868
v 48.1545 -22.1571 1.1586 0.4407 0.4407 0.4517
v 48.7849 -21.7830 1.2001 0.5222 0.5222 0.5353
v 49.3346 -21.3071 1.2232 0.6189 0.6189 0.6343
v 49.8022 -20.7678 1.2171 0.7117 0.7117 0.7295
v 50.2054 -20.2054 1.1794 0.7775 0.7775 0.7969
v 50.5756 -19.6489 1.1225 0.7998 0.7998 0.8198
v 50.9449 -19.1071 1.0697 0.7789 0.7789 0.7984
v 51.3325 -18.5680 1.0419 0.7346 0.7346 0.7530
v 51.7339 -18.0064 1.0483 0.7017 0.7017 0.7193
v 52.1194 -17.3967 1.0826 0.7104 0.7104 0.7282
v 52.4413 -16.7258 1.1291 0.7674 0.7674 0.7866
v 53.1972 -16.0000 0.8996 0.8683 0.8683 0.8900
v 53.2548 -15.1826 0.9155 0.9500 0.9500 0.9500
v 53.1302 -14.3726 0.9165 0.9500 0.9500 0.9500
v 52.8373 -13.6075 0.9146 0.9500 0.9500 0.9500
v 52.4130 -12.9117 0.9202 0.9500 0.9500 0.9500
v 51.9033 -12.2907 0.9407 0.9500 0.9500 0.9500
v 51.3487 -11.7346 0.9874 0.9500 0.9500 0.9500
v 50.7730 -11.2270 1.0372 0.9500 0.9500 0.9500
v 50.1814 -10.7567 1.0935 0.9500 0.9500 0.9500
v 49.5655 -10.3256 1.1402 0.9500 0.9500 0.9500
v 48.9136 -9.9498 1.1785 0.9500 0.9500 0.9500
v 48.2209 -9.6531 1.2233 0.9500 0.9500 0.9500
v 47.4936 -9.4563 1.2251 0.9500 0.9500 0.9500
v 46.7473 -9.3673 1.2114 0.9462 0.9462 0.9500
v 46.0000 -9.3764 1.0978 0.8640 0.8640 0.8856
v 45.2631 -9.4596 0.9257 0.7879 0.7879 0.8076
v 44.5367 -9.5891 0.6821 0.7073 0.7073 0.7249
v 43.8115 -9.7456 0.3817 0.6581 0.6581 0.6745
v 43.0759 -9.9280 0.0516 0.6301 0.6301 0.6458
v 42.3275 -10.1553 -0.2620 0.6211 0.6211 0.6367
v 41.5818 -10.4598 -0.5388 0.6141 0.6141 0.6295
v 40.8738 -10.8738 -0.7268 0.6275 0.6275 0.6432
v 40.2517 -11.4159 -0.8157 0.5904 0.5904 0.6052
v 39.7633 -12.0812 -0.8324 0.5398 0.5398 0.5533
v 39.4403 -12.8410 -0.7911 0.4681 0.4681 0.4798
v 39.2875 -13.6512 -0.6776 0.4079 0.4079 0.4181
v 39.2799 -14.4662 -0.5117 0.3871 0.3871 0.3968
v 39.3712 -15.2531 -0.2580 0.3976 0.3976 0.4075
v 39.5092 -16.0000 0.0395 0.4063 0.4063 0.4165
v 39.6529 -16.7152 0.3549 0.3937 0.3937 0.4036
v 39.7854 -17.4184 0.6171 0.3534 0.3534 0.3623
v 39.9175 -18.1284 0.8476 0.2866 0.2866 0.2938
v 40.0805 -18.8507 0.9334 0.2042 0.2042 0.2093
v 40.3134 -19.5731 0.9578 0.1549 0.1549 0.1588
v 40.6470 -20.2689 0.8880 0.1523 0.1523 0.1561
v 41.0942 -20.9058 0.8071 0.1535 0.1535 0.1574
v 41.6471 -21.4584 0.7352 0.1682 0.1682 0.1724
v 42.2830 -21.9156 0.6986 0.1763 0.1763 0.1807
v 42.9746 -22.2822 0.7036 0.1710 0.1710 0.1753
v 43.7000 -22.5729 0.7243 0.1687 0.1687 0.1729
v 44.4477 -22.8011 0.7477 0.1801 0.1801 0.1846
v 45.2148 -22.9692 0.7673 0.2038 0.2038 0.2089
v 46.0000 -23.0644 0.7855 0.2492 0.2492 0.2555
v 46.7956 -23.0615 0.8093 0.3029 0.3029 0.3105
v 47.5826 -22.9339 0.8421 0.3632 0.3632 0.3722
v 48.3323 -22.6655 0.8819 0.4335 0.4335 0.4444
v 49.0149 -22.2605 0.9190 0.5182 0.5182 0.5311
v 49.6100 -21.7453 0.9404 0.6109 0.6109 0.6262
v 50.1161 -21.1615 0.9387 0.6949 0.6949 0.7123
v 50.5527 -20.5527 0.9134 0.7523 0.7523 0.7711
v 50.9534 -19.9502 0.8741 0.7720 0.7720 0.7913
v 51.3532 -19.3637 0.8373 0.7584 0.7584 0.7774
v 51.7728 -18.7800 0.8167 0.7297 0.7297 0.7479
v 52.2073 -18.1720 0.8175 0.7122 0.7122 0.7301
v 52.6247 -17.5120 0.8393 0.7288 0.7288 0.7470
v 52.9731 -16.7857 0.8708 0.7851 0.7851 0.8048
v 53.8071 -16.0000 0.6506 0.8462 0.8462 0.8674
v 53.8696 -15.1133 0.6655 0.9104 0.9104 0.9332
v 53.7345 -14.2347 0.6708 0.9500 0.9500 0.9500
v 53.4168 -13.4048 0.6692 0.9500 0.9500 0.9500
v 52.9565 -12.6499 0.6718 0.9500 0.9500 0.9500
v 52.4036 -11.9763 0.6920 0.9500 0.9500 0.9500
v 51.8020 -11.3731 0.7242 0.9500 0.9500 0.9500
v 51.1775 -10.8225 0.7780 0.9500 0.9500 0.9500
v 50.5358 -10.3123 0.8303 0.9500 0.9500 0.9500
v 49.8676 -9.8447 0.8905 0.9500 0.9500 0.9500
v 49.1605 -9.4371 0.9493 0.9500 0.9500 0.9500
v 48.4091 -9.1152 1.0007 0.9500 0.9500 0.9500
v 47.6201 -8.9017 1.0143 0.9500 0.9500 0.9500
v 46.8107 -8.8052 0.9999 0.8864 0.8864 0.9085
v 46.0000 -8.8150 0.8571 0.7903 0.7903 0.8100
v 45.2006 -8.9053 0.6427 0.7130 0.7130 0.7309
v 44.4127 -9.0458 0.3591 0.6371 0.6371 0.6530
v 43.6260 -9.2155 0.0129 0.5996 0.5996 0.6146
v 42.8281 -9.4134 -0.3371 0.5916 0.5916 0.6064
v 42.0163 -9.6600 -0.6622 0.6128 0.6128 0.6281
v 41.2074 -9.9902 -0.9156 0.6235 0.6235 0.6391
v 40.4394 -10.4394 -1.1134 0.6274 0.6274 0.6431
v 39.7646 -11.0274 -1.1951 0.6287 0.6287 0.6444
v 39.2348 -11.7491 -1.2165 0.5887 0.5887 0.6034
v 38.8844 -12.5733 -1.1530 0.5401 0.5401 0.5536
v 38.7186 -13.4521 -1.0428 0.4977 0.4977 0.5102
v 38.7104 -14.3362 -0.8758 0.4955 0.4955 0.5079
v 38.8094 -15.1898 -0.6054 0.5169 0.5169 0.5298
v 38.9591 -16.0000 -0.2996 0.5282 0.5282 0.5414
v 39.1150 -16.7758 0.0300 0.5160 0.5160 0.5289
v 39.2588 -17.5386 0.3083 0.4746 0.4746 0.4864
v 39.4020 -18.3087 0.5380 0.4100 0.4100 0.4203
v 39.5789 -19.0922 0.6515 0.3378 0.3378 0.3462
v 39.8314 -19.8760 0.6652 0.2679 0.2679 0.2746
v 40.1933 -20.6307 0.6152 0.2460 0.2460 0.2522
v 40.6784 -21.3216 0.5294 0.2556 0.2556 0.2619
v 41.2782 -21.9210 0.4669 0.2759 0.2759 0.2828
v 41.9680 -22.4169 0.4410 0.2937 0.2937 0.3011
v 42.7182 -22.8146 0.4395 0.3011 0.3011 0.3086
v 43.5051 -23.1300 0.4497 0.2971 0.2971 0.3045
v 44.3161 -23.3775 0.4746 0.2991 0.2991 0.3065
v 45.1482 -23.5598 0.4987 0.3188 0.3188 0.3268
v 46.0000 -23.6630 0.5234 0.3506 0.3506 0.3593
v 46.8631 -23.6599 0.5533 0.3918 0.3918 0.4016
v 47.7167 -23.5215 0.5888 0.4410 0.4410 0.4521
v 48.5300 -23.2303 0.6270 0.4982 0.4982 0.5107
v 49.2704 -22.7910 0.6610 0.5666 0.5666 0.5807
v 49.9159 -22.2321 0.6805 0.6400 0.6400 0.6560
v 50.4650 -21.5989 0.6827 0.7045 0.7045 0.7221
v 50.9385 -20.9385 0.6677 0.7468 0.7468 0.7654
v 51.3732 -20.2850 0.6442 0.7609 0.7609 0.7799
v 51.8069 -19.6487 0.6218 0.7529 0.7529 0.7717
v 52.2620 -19.0156 0.6051 0.7365 0.7365 0.7549
v 52.7334 -18.3561 0.6019 0.7286 0.7286 0.7468
v 53.1861 -17.6402 0.6121 0.7437 0.7437 0.7623
v 53.5641 -16.8523 0.6296 0.7856 0.7856 0.8053
v 54.4780 -16.0000 0.4604 0.7986 0.7986 0.8186
v 54.5459 -15.0371 0.4773 0.8356 0.8356 0.8565
v 54.3992 -14.0829 0.4848 0.8687 0.8687 0.8905
v 54.0542 -13.1817 0.4862 0.8947 0.8947 0.9171
v 53.5543 -12.3620 0.4863 0.9127 0.9127 0.9355
v 52.9539 -11.6306 0.4953 0.9274 0.9274 0.9500
v 52.3006 -10.9755 0.5253 0.9404 0.9404 0.9500
v 51.6225 -10.3775 0.5684 0.9500 0.9500 0.9500
v 50.9256 -9.8236 0.6246 0.9500 0.9500 0.9500
v 50.2000 -9.3158 0.6908 0.9500 0.9500 0.9500
v 49.4322 -8.8731 0.7574 0.9500 0.9500 0.9500
v 48.6161 -8.5235 0.8194 0.9375 0.9375 0.9500
v 47.7594 -8.2917 0.8516 0.8939 0.8939 0.9162
v 46.8803 -8.1869 0.8398 0.8053 0.8053 0.8254
v 46.0000 -8.1976 0.6715 0.6909 0.6909 0.7082
v 45.1319 -8.2956 0.4196 0.6121 0.6121 0.6274
v 44.2763 -8.4481 0.0980 0.5481 0.5481 0.5618
v 43.4220 -8.6325 -0.2780 0.5261 0.5261 0.5393
v 42.5555 -8.8474 -0.6402 0.5322 0.5322 0.5455
v 41.6740 -9.1151 -0.9806 0.5536 0.5536 0.5675
v 40.7955 -9.4738 -1.2498 0.6110 0.6110 0.6263
v 39.9615 -9.9615 -1.4089 0.6398 0.6398 0.6558
v 39.2287 -10.6001 -1.5129 0.6554 0.6554 0.6718
v 38.6534 -11.3838 -1.5037 0.6525 0.6525 0.6688
v 38.2729 -12.2788 -1.4591 0.6270 0.6270 0.6427
v 38.0929 -13.2332 -1.3616 0.6130 0.6130 0.6284
v 38.0839 -14.1932 -1.1857 0.6316 0.6316 0.6473
v 38.1915 -15.1202 -0.9134 0.6561 0.6561 0.6725
v 38.3540 -16.0000 -0.5857 0.6672 0.6672 0.6839
v 38.5233 -16.8424 -0.2295 0.6632 0.6632 0.6798
v 38.6794 -17.6709 0.0772 0.6322 0.6322 0.6480
v 38.8350 -18.5071 0.3097 0.5734 0.5734 0.5877
v 39.0271 -19.3580 0.4540 0.5089 0.5089 0.5216
v 39.3013 -20.2090 0.4433 0.4502 0.4502 0.4615
v 39.6943 -21.0286 0.3894 0.4144 0.4144 0.4248
v 40.2211 -21.7789 0.3103 0.4217 0.4217 0.4322
v 40.8724 -22.4298 0.2609 0.4430 0.4430 0.4541
v 41.6215 -22.9683 0.2339 0.4595 0.4595 0.4710
v 42.4362 -23.4003 0.2355 0.4619 0.4619 0.4734
v 43.2907 -23.7427 0.2483 0.4639 0.4639 0.4755
v 44.1714 -24.0115 0.2654 0.4667 0.4667 0.4784
v 45.0750 -24.2095 0.2872 0.4721 0.4721 0.4839
v 46.0000 -24.3216 0.3156 0.4852 0.4852 0.4973
v 46.9372 -24.3182 0.3525 0.5069 0.5069 0.5196
v 47.8643 -24.1679 0.3942 0.5383 0.5383 0.5518
v 48.7474 -23.8517 0.4339 0.5776 0.5776 0.5921
v 49.5514 -23.3746 0.4660 0.6239 0.6239 0.6395
v 50.2524 -22.7677 0.4848 0.6741 0.6741 0.6910
v 50.8487 -22.0800 0.4886 0.7164 0.7164 0.7343
v 51.3629 -21.3629 0.4809 0.7435 0.7435 0.7621
v 51.8350 -20.6532 0.4685 0.7530 0.7530 0.7718
v 52.3059 -19.9623 0.4528 0.7496 0.7496 0.7683
v 52.8001 -19.2748 0.4397 0.7416 0.7416 0.7602
v 53.3120 -18.5586 0.4329 0.7381 0.7381 0.7566
v 53.8036 -17.7811 0.4325 0.7454 0.7454 0.7641
v 54.2141 -16.9255 0.4424 0.7664 0.7664 0.7855
v 55.1489 -16.0000 0.3736 0.7668 0.7668 0.7860
v 55.2222 -14.9609 0.3963 0.7886 0.7886 0.8083
v 55.0639 -13.9312 0.4094 0.8095 0.8095 0.8297
v 54.6915 -12.9587 0.4081 0.8289 0.8289 0.8496
v 54.1521 -12.0741 0.4004 0.8464 0.8464 0.8676
v 53.5042 -11.2848 0.4040 0.8573 0.8573 0.8787
v 52.7992 -10.5778 0.4230 0.8708 0.8708 0.8926
v 52.0674 -9.9326 0.4599 0.8845 0.8845 0.9066
v 51.3153 -9.3348 0.5161 0.8924 0.8924 0.9147
v 50.5324 -8.7868 0.5739 0.9068 0.9068 0.9295
v 49.7038 -8.3090 0.6498 0.9069 0.9069 0.9296
v 48.8232 -7.9319 0.7189 0.8946 0.8946 0.9170
v 47.8986 -7.6817 0.7671 0.8585 0.8585 0.8799
v 46.9500 -7.5686 0.7561 0.7898 0.7898 0.8095
v 46.0000 -7.5801 0.5922 0.6608 0.6608 0.6773
v 45.0632 -7.6859 0.3163 0.5636 0.5636 0.5777
v 44.1399 -7.8505 -0.0435 0.4970 0.4970 0.5094
v 43.2180 -8.0495 -0.4570 0.4772 0.4772 0.4891
v 42.2829 -8.2814 -0.8363 0.5083 0.5083 0.5210
v 41.3316 -8.5703 -1.1643 0.5289 0.5289 0.5421
v 40.3836 -8.9573 -1.4308 0.5722 0.5722 0.5865
v 39.4836 -9.4836 -1.6093 0.6432 0.6432 0.6593
v 38.6929 -10.1728 -1.6715 0.6634 0.6634 0.6799
v 38.0720 -11.0185 -1.6864 0.6812 0.6812 0.6982
v 37.6614 -11.9844 -1.6327 0.6714 0.6714 0.6882
v 37.4671 -13.0142 -1.5323 0.6785 0.6785 0.6954
v 37.4575 -14.0502 -1.3536 0.7127 0.7127 0.7306
v 37.5736 -15.0506 -1.0849 0.7451 0.7451 0.7637
v 37.7489 -16.0000 -0.7521 0.7556 0.7556 0.7745
v 37.9316 -16.9091 -0.3817 0.7481 0.7481 0.7668
v 38.1001 -17.8031 -0.0446 0.7202 0.7202 0.7382
v 38.2680 -18.7056 0.2012 0.6719 0.6719 0.6887
v 38.4753 -19.6237 0.3407 0.5983 0.5983 0.6132
v 38.7712 -20.5421 0.3446 0.5478 0.5478 0.5615
v 39.1953 -21.4266 0.2660 0.5122 0.5122 0.5251
v 39.7638 -22.2362 0.1937 0.5099 0.5099 0.5227
v 40.4666 -22.9386 0.1442 0.5211 0.5211 0.5341
v 41.2750 -23.5198 0.1327 0.5435 0.5435 0.5571
v 42.1542 -23.9859 0.1351 0.5550 0.5550 0.5689
v 43.0763 -24.3554 0.1403 0.5475 0.5475 0.5612
v 44.0267 -24.6455 0.1613 0.5482 0.5482 0.5619
v 45.0018 -24.8592 0.1864 0.5557 0.5557 0.5696
v 46.0000 -24.9801 0.2182 0.5636 0.5636 0.5777
v 47.0114 -24.9765 0.2581 0.5743 0.5743 0.5887
v 48.0118 -24.8143 0.3018 0.5915 0.5915 0.6063
v 48.9648 -24.4730 0.3427 0.6168 0.6168 0.6322
v 49.8325 -23.9582 0.3759 0.6491 0.6491 0.6653
v 50.5890 -23.3033 0.3964 0.6866 0.6866 0.7038
v 51.2324 -22.5612 0.3994 0.7196 0.7196 0.7376
v 51.7873 -21.7873 0.3940 0.7407 0.7407 0.7593
v 52.2967 -21.0215 0.3825 0.7488 0.7488 0.7675
v 52.8050 -20.2758 0.3694 0.7484 0.7484 0.7672
v 53.3383 -19.5339 0.3560 0.7440 0.7440 0.7626
v 53.8907 -18.7611 0.3448 0.7408 0.7408 0.7593
v 54.4212 -17.9221 0.3410 0.7426 0.7426 0.7612
v 54.8641 -16.9987 0.3517 0.7505 0.7505 0.7693
v -27.7599 26.0000 1.4821 0.3255 0.3255 0.3337
v -27.7260 26.4816 1.4487 0.1953 0.1953 0.2001
v -27.7994 26.9588 1.4240 0.1357 0.1357 0.1391
v -27.9719 27.4095 1.4168 0.1280 0.1280 0.1312
v -28.2219 27.8194 1.4191 0.1280 0.1280 0.1312
v -28.5222 28.1853 1.4294 0.1280 0.1280 0.1312
v -28.8489 28.5129 1.4545 0.1280 0.1280 0.1312
v -29.1881 28.8119 1.4785 0.1280 0.1280 0.1312
v -29.5366 29.0890 1.4939 0.1280 0.1280 0.1312
v -29.8995 29.3430 1.5001 0.1280 0.1280 0.1312
v -30.2835 29.5644 1.5115 0.1280 0.1280 0.1312
v -30.6916 29.7392 1.5289 0.1280 0.1280 0.1312
v -31.1201 29.8551 1.5552 0.1280 0.1280 0.1312
v -31.5597 29.9075 1.5934 0.1280 0.1280 0.1312
v -32.0000 29.9022 1.6387 0.1330 0.1330 0.1363
v -32.4341 29.8532 1.6827 0.1280 0.1280 0.1312
v -32.8620 29.7769 1.7190 0.1280 0.1280 0.1312
v -33.2893 29.6847 1.7391 0.1280 0.1280 0.1312
v -33.7227 29.5772 1.7411 0.1338 0.1338 0.1372
v -34.1636 29.4433 1.7374 0.1965 0.1965 0.2014
v -34.6029 29.2639 1.7308 0.3304 0.3304 0.3387
v -35.0200 29.0200 1.7263 0.4786 0.4786 0.4905
v -35.3865 28.7006 1.7276 0.6263 0.6263 0.6419
v -35.6742 28.3087 1.7317 0.7826 0.7826 0.8022
v -35.8645 27.8610 1.7572 0.9370 0.9370 0.9500
v -35.9546 27.3838 1.7964 0.9500 0.9500 0.9500
v -35.9590 26.9036 1.8353 0.9500 0.9500 0.9500
v -35.9052 26.4400 1.8841 0.9500 0.9500 0.9500
v -35.8239 26.0000 1.9387 0.9500 0.9500 0.9500
v -35.7393 25.5787 1.9953 0.9500 0.9500 0.9500
v -35.6612 25.1644 2.0224 0.9500 0.9500 0.9500
v -35.5834 24.7461 2.0444 0.9500 0.9500 0.9500
v -35.4873 24.3206 2.0465 0.9500 0.9500 0.9500
v -35.3502 23.8950 1.9777 0.9500 0.9500 0.9500
v -35.1536 23.4851 1.8989 0.9500 0.9500 0.9500
v -34.8902 23.1098 1.8168 0.9500 0.9500 0.9500
v -34.5644 22.7843 1.7001 0.9500 0.9500 0.9500
v -34.1898 22.5150 1.6094 0.9500 0.9500 0.9500
v -33.7823 22.2989 1.5477 0.9500 0.9500 0.9500
v -33.3550 22.1277 1.5036 0.9500 0.9500 0.9500
v -32.9145 21.9933 1.4769 0.9500 0.9500 0.9500
v -32.4626 21.8942 1.4658 0.9500 0.9500 0.9500
v -32.0000 21.8382 1.4622 0.9500 0.9500 0.9500
v -31.5313 21.8399 1.4836 0.9290 0.9290 0.9500
v -31.0676 21.9151 1.5295 0.8311 0.8311 0.8519
v -30.6259 22.0732 1.5906 0.7304 0.7304 0.7486
v -30.2238 22.3118 1.6564 0.6260 0.6260 0.6417
v -29.8733 22.6153 1.7173 0.5398 0.5398 0.5533
v -29.5751 22.9592 1.7642 0.5186 0.5186 0.5315
v -29.3179 23.3179 1.7681 0.5766 0.5766 0.5910
v -29.0818 23.6728 1.7323 0.6233 0.6233 0.6389
v -28.8462 24.0184 1.6928 0.6458 0.6458 0.6619
v -28.5991 24.3622 1.6553 0.6550 0.6550 0.6714
v -28.3431 24.7204 1.6060 0.6255 0.6255 0.6412
v -28.0972 25.1092 1.5631 0.5528 0.5528 0.5666
v -27.8919 25.5371 1.5205 0.4485 0.4485 0.4597
v -27.4571 26.0000 1.6889 0.4086 0.4086 0.4189
v -27.4207 26.5160 1.6593 0.3005 0.3005 0.3080
v -27.4993 27.0272 1.6339 0.2102 0.2102 0.2155
v -27.6842 27.5102 1.6228 0.1679 0.1679 0.1721
v -27.9521 27.9494 1.6251 0.1380 0.1380 0.1414
v -28.2738 28.3414 1.6454 0.1280 0.1280 0.1312
v -28.6239 28.6924 1.6740 0.1280 0.1280 0.1312
v -28.9872 29.0128 1.6999 0.1280 0.1280 0.1312
v -29.3607 29.3096 1.7156 0.1280 0.1280 0.1312
v -29.7494 29.5817 1.7195 0.1280 0.1280 0.1312
v -30.1609 29.8190 1.7215 0.1285 0.1285 0.1317
v -30.5982 30.0063 1.7323 0.1472 0.1472 0.1509
v -31.0573 30.1305 1.7605 0.1757 0.1757 0.1801
v -31.5283 30.1866 1.8102 0.1971 0.1971 0.2020
v -32.0000 30.1809 1.8738 0.2094 0.2094 0.2147
v -32.4652 30.1284 1.9365 0.2069 0.2069 0.2121
v -32.9236 30.0466 1.9849 0.1899 0.1899 0.1947
v -33.3814 29.9479 2.0054 0.1769 0.1769 0.1813
v -33.8457 29.8327 2.0014 0.1823 0.1823 0.1868
v -34.3181 29.6892 1.9879 0.2205 0.2205 0.2260
v -34.7888 29.4971 1.9625 0.3261 0.3261 0.3342
v -35.2357 29.2357 1.9479 0.4767 0.4767 0.4886
v -35.6284 28.8935 1.9495 0.6222 0.6222 0.6377
v -35.9367 28.4736 1.9585 0.7555 0.7555 0.7744
v -36.1405 27.9940 1.9723 0.9009 0.9009 0.9235
v -36.2370 27.4826 2.0100 0.9500 0.9500 0.9500
v -36.2418 26.9682 2.0461 0.9500 0.9500 0.9500
v -36.1842 26.4714 2.0953 0.9500 0.9500 0.9500
v -36.0971 26.0000 2.1580 0.9500 0.9500 0.9500
v -36.0064 25.5486 2.2272 0.9500 0.9500 0.9500
v -35.9227 25.1047 2.2715 0.9500 0.9500 0.9500
v -35.8394 24.6566 2.3087 0.9500 0.9500 0.9500
v -35.7364 24.2006 2.3006 0.9500 0.9500 0.9500
v -35.5895 23.7446 2.2237 0.9500 0.9500 0.9500
v -35.3789 23.3054 2.1264 0.9500 0.9500 0.9500
v -35.0966 22.9034 1.9956 0.9500 0.9500 0.9500
v -34.7476 22.5546 1.8597 0.9500 0.9500 0.9500
v -34.3462 22.2660 1.7544 0.9500 0.9500 0.9500
v -33.9096 22.0346 1.6933 0.9500 0.9500 0.9500
v -33.4518 21.8511 1.6534 0.9500 0.9500 0.9500
v -32.9798 21.7071 1.6234 0.9500 0.9500 0.9500
v -32.4957 21.6010 1.6113 0.9500 0.9500 0.9500
v -32.0000 21.5409 1.6080 0.9500 0.9500 0.9500
v -31.4978 21.5427 1.6340 0.8958 0.8958 0.9182
v -31.0010 21.6233 1.6924 0.7998 0.7998 0.8198
v -30.5278 21.7927 1.7801 0.7046 0.7046 0.7222
v -30.0970 22.0483 1.8694 0.6285 0.6285 0.6442
v -29.7213 22.3735 1.9418 0.5672 0.5672 0.5814
v -29.4019 22.7420 1.9898 0.5495 0.5495 0.5632
v -29.1263 23.1263 1.9976 0.6045 0.6045 0.6196
v -28.8733 23.5066 1.9430 0.6651 0.6651 0.6817
v -28.6210 23.8768 1.8855 0.6827 0.6827 0.6997
v -28.3562 24.2452 1.8370 0.6856 0.6856 0.7028
v -28.0819 24.6290 1.7912 0.6631 0.6631 0.6797
v -27.8184 25.0456 1.7493 0.5994 0.5994 0.6144
v -27.5985 25.5041 1.7179 0.5111 0.5111 0.5238
v -27.1542 26.0000 1.8336 0.5978 0.5978 0.6128
v -27.1154 26.5504 1.8066 0.5459 0.5459 0.5596
v -27.1993 27.0957 1.7812 0.4900 0.4900 0.5023
v -27.3965 27.6108 1.7676 0.4377 0.4377 0.4486
v -27.6822 28.0793 1.7688 0.3887 0.3887 0.3984
v -28.0253 28.4974 1.7988 0.3555 0.3555 0.3643
v -28.3988 28.8719 1.8328 0.3467 0.3467 0.3554
v -28.7864 29.2136 1.8604 0.3422 0.3422 0.3508
v -29.1847 29.5303 1.8790 0.3343 0.3343 0.3426
v -29.5994 29.8205 1.8826 0.3313 0.3313 0.3396
v -30.0383 30.0736 1.8771 0.3374 0.3374 0.3458
v -30.5047 30.2733 1.8832 0.3592 0.3592 0.3682
v -30.9944 30.4058 1.9133 0.4054 0.4054 0.4156
v -31.4968 30.4657 1.9720 0.4496 0.4496 0.4608
v -32.0000 30.4596 2.0496 0.4746 0.4746 0.4865
v -32.4962 30.4036 2.1269 0.4710 0.4710 0.4828
v -32.9852 30.3164 2.1850 0.4361 0.4361 0.4470
v -33.4735 30.2110 2.2065 0.3925 0.3925 0.4023
v -33.9688 30.0882 2.1989 0.3723 0.3723 0.3816
v -34.4726 29.9352 2.1760 0.3939 0.3939 0.4038
v -34.9747 29.7302 2.1429 0.4508 0.4508 0.4621
v -35.4514 29.4514 2.1176 0.5593 0.5593 0.5733
v -35.8703 29.0864 2.1187 0.6744 0.6744 0.6913
v -36.1991 28.6385 2.1287 0.7539 0.7539 0.7728
v -36.4166 28.1269 2.1307 0.8473 0.8473 0.8685
v -36.5195 27.5814 2.1674 0.9262 0.9262 0.9493
v -36.5246 27.0327 2.2017 0.9500 0.9500 0.9500
v -36.4631 26.5029 2.2514 0.9500 0.9500 0.9500
v -36.3702 26.0000 2.3210 0.9500 0.9500 0.9500
v -36.2735 25.5185 2.4000 0.9500 0.9500 0.9500
v -36.1842 25.0450 2.4581 0.9500 0.9500 0.9500
v -36.0953 24.5670 2.5068 0.9500 0.9500 0.9500
v -35.9855 24.0807 2.4867 0.9500 0.9500 0.9500
v -35.8288 23.5942 2.4040 0.9209 0.9209 0.9439
v -35.6041 23.1258 2.2937 0.8896 0.8896 0.9119
v -35.3031 22.6969 2.1185 0.8703 0.8703 0.8921
v -34.9308 22.3249 1.9663 0.8675 0.8675 0.8892
v -34.5026 22.0171 1.8504 0.8545 0.8545 0.8758
v -34.0370 21.7702 1.7796 0.8277 0.8277 0.8484
v -33.5485 21.5745 1.7358 0.8142 0.8142 0.8346
v -33.0452 21.4209 1.7057 0.7985 0.7985 0.8184
v -32.5287 21.3077 1.6964 0.7897 0.7897 0.8095
v -32.0000 21.2436 1.6945 0.7654 0.7654 0.7845
v -31.4643 21.2456 1.7257 0.7167 0.7167 0.7346
v -30.9344 21.3315 1.7934 0.6531 0.6531 0.6694
v -30.4297 21.5122 1.8951 0.5877 0.5877 0.6024
v -29.9701 21.7849 2.0148 0.5617 0.5617 0.5758
v -29.5694 22.1318 2.1053 0.5912 0.5912 0.6060
v -29.2286 22.5248 2.1492 0.6288 0.6288 0.6445
v -28.9347 22.9347 2.1483 0.6951 0.6951 0.7125
v -28.6649 23.3404 2.0988 0.7682 0.7682 0.7874
v -28.3957 23.7353 2.0269 0.7835 0.7835 0.8031
v -28.1132 24.1282 1.9685 0.7698 0.7698 0.7891
v -27.8207 24.5376 1.9169 0.7445 0.7445 0.7631
v -27.5397 24.9820 1.8799 0.6987 0.6987 0.7162
v -27.3051 25.4710 1.8560 0.6468 0.6468 0.6630
v -26.8514 26.0000 1.8539 0.8341 0.8341 0.8549
v -26.8101 26.5848 1.8274 0.8619 0.8619 0.8835
v -26.8992 27.1642 1.8030 0.8738 0.8738 0.8956
v -27.1088 27.7115 1.7894 0.8710 0.8710 0.8928
v -27.4123 28.2093 1.7939 0.8564 0.8564 0.8778
v -27.7769 28.6535 1.8276 0.8437 0.8437 0.8648
v -28.1737 29.0514 1.8694 0.8329 0.8329 0.8537
v -28.5855 29.4145 1.9000 0.8231 0.8231 0.8437
v -29.0087 29.7509 1.9244 0.8116 0.8116 0.8319
v -29.4494 30.0593 1.9308 0.7934 0.7934 0.8132
v -29.9157 30.3281 1.9239 0.7826 0.7826 0.8022
v -30.4112 30.5404 1.9292 0.7868 0.7868 0.8064
v -30.9316 30.6812 1.9617 0.8049 0.8049 0.8250
v -31.4654 30.7448 2.0247 0.8289 0.8289 0.8496
v -32.0000 30.7384 2.1079 0.8434 0.8434 0.8645
v -32.5272 30.6788 2.1910 0.8354 0.8354 0.8563
v -33.0468 30.5862 2.2535 0.7971 0.7971 0.8170
v -33.5656 30.4742 2.2765 0.7433 0.7433 0.7619
v -34.0918 30.3437 2.2697 0.6935 0.6935 0.7108
v -34.6272 30.1811 2.2426 0.6666 0.6666 0.6833
v -35.1607 29.9633 2.2088 0.6596 0.6596 0.6761
v -35.6671 29.6671 2.1833 0.6720 0.6720 0.6888
v -36.1122 29.2793 2.1747 0.6988 0.6988 0.7163
v -36.4616 28.8034 2.1848 0.6941 0.6941 0.7115
v -36.6926 28.2598 2.1856 0.6895 0.6895 0.7067
v -36.8020 27.6803 2.2119 0.6986 0.6986 0.7161
v -36.8074 27.0973 2.2466 0.6972 0.6972 0.7147
v -36.7421 26.5343 2.2975 0.7144 0.7144 0.7322
v -36.6434 26.0000 2.3715 0.7272 0.7272 0.7454
v -36.5406 25.4884 2.4548 0.7115 0.7115 0.7293
v -36.4457 24.9853 2.5194 0.6857 0.6857 0.7028
v -36.3513 24.4774 2.5736 0.6227 0.6227 0.6383
v -36.2346 23.9607 2.5413 0.5415 0.5415 0.5551
v -36.0681 23.4439 2.4564 0.4901 0.4901 0.5023
v -35.8294 22.9462 2.3165 0.4363 0.4363 0.4473
v -35.5095 22.4905 2.1283 0.4182 0.4182 0.4287
v -35.1140 22.0952 1.9656 0.4235 0.4235 0.4341
v -34.6590 21.7682 1.8373 0.4146 0.4146 0.4250
v -34.1643 21.5059 1.7502 0.3939 0.3939 0.4038
v -33.6453 21.2979 1.7047 0.3838 0.3838 0.3934
v -33.1105 21.1347 1.6707 0.3774 0.3774 0.3868
v -32.5617 21.0144 1.6628 0.3727 0.3727 0.3820
v -32.0000 20.9464 1.6627 0.3689 0.3689 0.3781
v -31.4308 20.9484 1.6996 0.3563 0.3563 0.3652
v -30.8678 21.0397 1.7755 0.3552 0.3552 0.3641
v -30.3315 21.2317 1.8891 0.3706 0.3706 0.3799
v -29.8432 21.5214 2.0211 0.4122 0.4122 0.4225
v -29.4175 21.8900 2.1428 0.5305 0.5305 0.5438
v -29.0554 22.3076 2.1837 0.6634 0.6634 0.6800
v -28.7431 22.7431 2.1809 0.7466 0.7466 0.7652
v -28.4565 23.1741 2.1427 0.8233 0.8233 0.8439
v -28.1704 23.5937 2.0636 0.8513 0.8513 0.8726
v -27.8703 24.0112 1.9896 0.8257 0.8257 0.8463
v -27.5595 24.4462 1.9373 0.8030 0.8030 0.8231
v -27.2609 24.9183 1.8993 0.7928 0.7928 0.8127
v -27.0116 25.4379 1.8756 0.8037 0.8037 0.8238
v -26.4980 26.0000 1.6800 0.9469 0.9469 0.9500
v -26.4540 26.6249 1.6508 0.9500 0.9500 0.9500
v -26.5492 27.2441 1.6288 0.9500 0.9500 0.9500
v -26.7731 27.8290 1.6197 0.9500 0.9500 0.9500
v -27.0975 28.3609 1.6327 0.9500 0.9500 0.9500
v -27.4871 28.8356 1.6692 0.9500 0.9500 0.9500
v -27.9111 29.2608 1.7139 0.9500 0.9500 0.9500
v -28.3512 29.6488 1.7583 0.9500 0.9500 0.9500
v -28.8035 30.0083 1.7877 0.9500 0.9500 0.9500
v -29.2743 30.3379 1.8030 0.9500 0.9500 0.9500
v -29.7726 30.6252 1.8059 0.9500 0.9500 0.9500
v -30.3022 30.8520 1.8195 0.9500 0.9500 0.9500
v -30.8582 31.0024 1.8546 0.9500 0.9500 0.9500
v -31.4287 31.0705 1.9137 0.9500 0.9500 0.9500
v -32.0000 31.0635 1.9898 0.9500 0.9500 0.9500
v -32.5634 30.9999 2.0662 0.9500 0.9500 0.9500
v -33.1186 30.9009 2.1253 0.9500 0.9500 0.9500
v -33.6730 30.7813 2.1501 0.9500 0.9500 0.9500
v -34.2354 30.6418 2.1514 0.8973 0.8973 0.9198
v -34.8075 30.4681 2.1298 0.8442 0.8442 0.8653
v -35.3776 30.2353 2.1035 0.7961 0.7961 0.8160
v -35.9188 29.9188 2.0840 0.7440 0.7440 0.7626
v -36.3944 29.5044 2.0685 0.6920 0.6920 0.7093
v -36.7678 28.9958 2.0691 0.6304 0.6304 0.6462
v -37.0146 28.4149 2.0752 0.5551 0.5551 0.5690
v -37.1315 27.7956 2.0958 0.5009 0.5009 0.5134
v -37.1373 27.1726 2.1314 0.4562 0.4562 0.4676
v -37.0675 26.5710 2.1801 0.4370 0.4370 0.4479
v -36.9620 26.0000 2.2525 0.4241 0.4241 0.4347
v -36.8522 25.4533 2.3316 0.3903 0.3903 0.4001
v -36.7508 24.9157 2.3922 0.3416 0.3416 0.3502
v -36.6499 24.3729 2.4434 0.2637 0.2637 0.2703
v -36.5252 23.8208 2.3960 0.1913 0.1913 0.1960
v -36.3472 23.2685 2.3146 0.1645 0.1645 0.1686
v -36.0922 22.7366 2.1529 0.1341 0.1341 0.1375
v -35.7504 22.2496 1.9632 0.1280 0.1280 0.1312
v -35.3277 21.8272 1.7926 0.1319 0.1319 0.1352
v -34.8415 21.4778 1.6473 0.1301 0.1301 0.1333
v -34.3128 21.1974 1.5428 0.1280 0.1280 0.1312
v -33.7582 20.9752 1.4886 0.1280 0.1280 0.1312
v -33.1867 20.8008 1.4470 0.1280 0.1280 0.1312
v -32.6003 20.6723 1.4356 0.1280 0.1280 0.1312
v -32.0000 20.5995 1.4389 0.1280 0.1280 0.1312
v -31.3918 20.6017 1.4829 0.1285 0.1285 0.1317
v -30.7901 20.6993 1.5659 0.1389 0.1389 0.1423
v -30.2170 20.9045 1.6896 0.1967 0.1967 0.2016
v -29.6952 21.2141 1.8300 0.2990 0.2990 0.3064
v -29.2403 21.6080 1.9569 0.4373 0.4373 0.4483
v -28.8534 22.0542 2.0266 0.6134 0.6134 0.6288
v -28.5196 22.5196 2.0308 0.7281 0.7281 0.7463
v -28.2133 22.9802 2.0038 0.7966 0.7966 0.8165
v -27.9076 23.4286 1.9298 0.8387 0.8387 0.8597
v -27.5869 23.8748 1.8522 0.8207 0.8207 0.8412
v -27.2547 24.3396 1.7940 0.8056 0.8056 0.8257
v -26.9357 24.8441 1.7461 0.8227 0.8227 0.8432
v -26.6693 25.3994 1.7099 0.8714 0.8714 0.8932
v -26.0437 26.0000 1.3986 0.9500 0.9500 0.9500
v -25.9960 26.6765 1.3653 0.9500 0.9500 0.9500
v -26.0991 27.3468 1.3470 0.9500 0.9500 0.9500
v -26.3415 27.9800 1.3440 0.9500 0.9500 0.9500
v -26.6927 28.5559 1.3688 0.9500 0.9500 0.9500
v -27.1145 29.0698 1.4099 0.9500 0.9500 0.9500
v -27.5735 29.5300 1.4613 0.9500 0.9500 0.9500
v -28.0499 29.9501 1.5183 0.9500 0.9500 0.9500
v -28.5395 30.3393 1.5567 0.9500 0.9500 0.9500
v -29.0493 30.6961 1.5848 0.9500 0.9500 0.9500
v -29.5887 31.0071 1.6084 0.9500 0.9500 0.9500
v -30.1620 31.2526 1.6314 0.9500 0.9500 0.9500
v -30.7640 31.4155 1.6684 0.9500 0.9500 0.9500
v -31.3815 31.4891 1.7201 0.9500 0.9500 0.9500
v -32.0000 31.4816 1.7831 0.9500 0.9500 0.9500
v -32.6099 31.4128 1.8469 0.9500 0.9500 0.9500
v -33.2110 31.3056 1.8984 0.9500 0.9500 0.9500
v -33.8112 31.1761 1.9270 0.9500 0.9500 0.9500
v -34.4200 31.0251 1.9386 0.9221 0.9221 0.9451
v -35.0393 30.8370 1.9303 0.8709 0.8709 0.8926
v -35.6564 30.5850 1.9181 0.8181 0.8181 0.8385
v -36.2424 30.2424 1.9060 0.7565 0.7565 0.7754
v -36.7572 29.7937 1.8891 0.6896 0.6896 0.7069
v -37.1614 29.2431 1.8830 0.6283 0.6283 0.6440
v -37.4287 28.6143 1.8931 0.5483 0.5483 0.5620
v -37.5552 27.9439 1.9009 0.4847 0.4847 0.4968
v -37.5615 27.2694 1.9363 0.4377 0.4377 0.4486
v -37.4859 26.6181 1.9815 0.4081 0.4081 0.4183
v -37.3717 26.0000 2.0479 0.3861 0.3861 0.3957
v -37.2528 25.4082 2.1153 0.3480 0.3480 0.3567
v -37.1431 24.8261 2.1671 0.2950 0.2950 0.3023
v -37.0338 24.2386 2.1966 0.2159 0.2159 0.2213
v -36.8989 23.6408 2.1509 0.1464 0.1464 0.1501
v -36.7062 23.0429 2.0661 0.1280 0.1280 0.1312
v -36.4301 22.4671 1.8920 0.1280 0.1280 0.1312
v -36.0600 21.9400 1.7072 0.1280 0.1280 0.1312
v -35.6024 21.4827 1.5092 0.1280 0.1280 0.1312
v -35.0761 21.1044 1.3545 0.1280 0.1280 0.1312
v -34.5038 20.8009 1.2319 0.1280 0.1280 0.1312
v -33.9034 20.5603 1.1609 0.1280 0.1280 0.1312
v -33.2847 20.3715 1.1174 0.1280 0.1280 0.1312
v -32.6499 20.2324 1.1043 0.1280 0.1280 0.1312
v -32.0000 20.1536 1.1107 0.1280 0.1280 0.1312
v -31.3415 20.1560 1.1604 0.1280 0.1280 0.1312
v -30.6903 20.2616 1.2473 0.1401 0.1401 0.1436
v -30.0698 20.4838 1.3801 0.1887 0.1887 0.1934
v -29.5049 20.8189 1.5307 0.2937 0.2937 0.3010
v -29.0124 21.2453 1.6633 0.4242 0.4242 0.4348
v -28.5935 21.7284 1.7613 0.5714 0.5714 0.5857
v -28.2323 22.2323 1.7901 0.7093 0.7093 0.7270
v -27.9006 22.7308 1.7627 0.7723 0.7723 0.7916
v -27.5697 23.2163 1.7082 0.8137 0.8137 0.8341
v -27.2225 23.6993 1.6298 0.8200 0.8200 0.8405
v -26.8629 24.2024 1.5602 0.8142 0.8142 0.8346
v -26.5175 24.7487 1.4944 0.8367 0.8367 0.8576
v -26.2291 25.3498 1.4408 0.8842 0.8842 0.9063
v -25.5390 26.0000 1.1271 0.9395 0.9395 0.9500
v -25.4872 26.7338 1.0911 0.9500 0.9500 0.9500
v -25.5990 27.4610 1.0752 0.9500 0.9500 0.9500
v -25.8620 28.1478 1.0788 0.9500 0.9500 0.9500
v -26.2429 28.7725 1.1143 0.9500 0.9500 0.9500
v -26.7005 29.3299 1.1608 0.9500 0.9500 0.9500
v -27.1984 29.8292 1.2247 0.9500 0.9500 0.9500
v -27.7152 30.2848 1.2863 0.9500 0.9500 0.9500
v -28.2463 30.7070 1.3406 0.9500 0.9500 0.9500
v -28.7992 31.0940 1.3842 0.9500 0.9500 0.9500
v -29.3844 31.4314 1.4247 0.9500 0.9500 0.9500
v -30.0063 31.6978 1.4566 0.9500 0.9500 0.9500
v -30.6592 31.8744 1.4957 0.9500 0.9500 0.9500
v -31.3291 31.9543 1.5402 0.9500 0.9500 0.9500
v -32.0000 31.9462 1.5909 0.9500 0.9500 0.9500
v -32.6616 31.8715 1.6436 0.9500 0.9500 0.9500
v -33.3136 31.7552 1.6890 0.9500 0.9500 0.9500
v -33.9647 31.6147 1.7224 0.9383 0.9383 0.9500
v -34.6250 31.4510 1.7430 0.9032 0.9032 0.9257
v -35.2969 31.2469 1.7502 0.8593 0.8593 0.8808
v -35.9663 30.9736 1.7521 0.8125 0.8125 0.8328
v -36.6019 30.6019 1.7483 0.7614 0.7614 0.7804
v -37.1604 30.1152 1.7401 0.7027 0.7027 0.7202
v -37.5988 29.5180 1.7290 0.6541 0.6541 0.6704
v -37.8888 28.8359 1.7299 0.5987 0.5987 0.6137
v -38.0260 28.1086 1.7248 0.5522 0.5522 0.5660
v -38.0328 27.3769 1.7578 0.5192 0.5192 0.5322
v -37.9508 26.6705 1.7973 0.4891 0.4891 0.5013
v -37.8270 26.0000 1.8565 0.4649 0.4649 0.4765
v -37.6980 25.3580 1.9126 0.4309 0.4309 0.4417
v -37.5790 24.7266 1.9556 0.3842 0.3842 0.3938
v -37.4604 24.0893 1.9651 0.3226 0.3226 0.3307
v -37.3140 23.4409 1.9230 0.2599 0.2599 0.2664
v -37.1050 22.7923 1.8182 0.2089 0.2089 0.2141
v -36.8055 22.1677 1.6495 0.1950 0.1950 0.1999
v -36.4041 21.5959 1.4522 0.1822 0.1822 0.1867
v -35.9077 21.0999 1.2435 0.1855 0.1855 0.1901
v -35.3368 20.6895 1.0650 0.1833 0.1833 0.1879
v -34.7159 20.3603 0.9379 0.1769 0.1769 0.1813
v -34.0647 20.0993 0.8509 0.1617 0.1617 0.1657
v -33.3935 19.8945 0.7972 0.1584 0.1584 0.1624
v -32.7049 19.7436 0.7759 0.1645 0.1645 0.1686
v -32.0000 19.6582 0.7839 0.1697 0.1697 0.1739
v -31.2857 19.6607 0.8402 0.1772 0.1772 0.1817
v -30.5793 19.7753 0.9348 0.1910 0.1910 0.1958
v -29.9062 20.0163 1.0784 0.2374 0.2374 0.2434
v -29.2935 20.3799 1.2406 0.3243 0.3243 0.3324
v -28.7592 20.8424 1.3909 0.4423 0.4423 0.4534
v -28.3049 21.3664 1.5024 0.5651 0.5651 0.5793
v -27.9130 21.9130 1.5607 0.6921 0.6921 0.7094
v -27.5532 22.4538 1.5360 0.7762 0.7762 0.7956
v -27.1943 22.9804 1.4921 0.8092 0.8092 0.8294
v -26.8177 23.5043 1.4172 0.8335 0.8335 0.8544
v -26.4275 24.0501 1.3297 0.8387 0.8387 0.8597
v -26.0529 24.6426 1.2488 0.8548 0.8548 0.8761
v -25.7401 25.2947 1.1792 0.8896 0.8896 0.9119
v -24.9837 26.0000 0.9023 0.9061 0.9061 0.9288
v -24.9275 26.7969 0.8643 0.9344 0.9344 0.9500
v -25.0490 27.5865 0.8517 0.9500 0.9500 0.9500
v -25.3345 28.3324 0.8622 0.9500 0.9500 0.9500
v -25.7482 29.0107 0.9007 0.9500 0.9500 0.9500
v -26.2450 29.6161 0.9594 0.9500 0.9500 0.9500
v -26.7857 30.1582 1.0311 0.9500 0.9500 0.9500
v -27.3469 30.6531 1.0989 0.9500 0.9500 0.9500
v -27.9237 31.1115 1.1692 0.9500 0.9500 0.9500
v -28.5241 31.5318 1.2269 0.9477 0.9477 0.9500
v -29.1596 31.8982 1.2783 0.9347 0.9347 0.9500
v -29.8349 32.1874 1.3208 0.9183 0.9183 0.9413
v -30.5440 32.3793 1.3611 0.9093 0.9093 0.9320
v -31.2715 32.4660 1.4005 0.9056 0.9056 0.9282
v -32.0000 32.4572 1.4414 0.9060 0.9060 0.9287
v -32.7184 32.3761 1.4843 0.9059 0.9059 0.9285
v -33.4265 32.2498 1.5259 0.9011 0.9011 0.9236
v -34.1335 32.0972 1.5650 0.8891 0.8891 0.9113
v -34.8506 31.9194 1.5991 0.8650 0.8650 0.8866
v -35.5802 31.6978 1.6225 0.8277 0.8277 0.8484
v -36.3072 31.4010 1.6362 0.7866 0.7866 0.8063
v -36.9974 30.9974 1.6403 0.7528 0.7528 0.7716
v -37.6038 30.4689 1.6424 0.7172 0.7172 0.7351
v -38.0800 29.8203 1.6294 0.6843 0.6843 0.7014
v -38.3948 29.0796 1.6210 0.6618 0.6618 0.6784
v -38.5438 28.2898 1.6166 0.6415 0.6415 0.6576
v -38.5512 27.4953 1.6341 0.6242 0.6242 0.6398
v -38.4622 26.7281 1.6616 0.6017 0.6017 0.6167
v -38.3277 26.0000 1.7090 0.5813 0.5813 0.5958
v -38.1876 25.3028 1.7540 0.5540 0.5540 0.5679
v -38.0584 24.6172 1.7910 0.5173 0.5173 0.5302
v -37.9297 23.9251 1.7877 0.4723 0.4723 0.4841
v -37.7707 23.2210 1.7525 0.4270 0.4270 0.4376
v -37.5437 22.5166 1.6284 0.3781 0.3781 0.3875
v -37.2185 21.8384 1.4636 0.3513 0.3513 0.3601
v -36.7826 21.2174 1.2359 0.3355 0.3355 0.3439
v -36.2435 20.6788 1.0170 0.3336 0.3336 0.3419
v -35.6236 20.2331 0.8211 0.3285 0.3285 0.3367
v -34.9493 19.8756 0.6824 0.3162 0.3162 0.3241
v -34.2422 19.5923 0.5705 0.3073 0.3073 0.3150
v -33.5133 19.3698 0.5081 0.2955 0.2955 0.3028
v -32.7655 19.2059 0.4890 0.2869 0.2869 0.2941
v -32.0000 19.1132 0.5041 0.2884 0.2884 0.2956
v -31.2244 19.1160 0.5664 0.2944 0.2944 0.3017
v -30.4572 19.2404 0.6657 0.3038 0.3038 0.3114
v -29.7263 19.5021 0.8160 0.3177 0.3177 0.3256
v -29.0609 19.8969 0.9928 0.3667 0.3667 0.3758
v -28.4807 20.3991 1.1667 0.4582 0.4582 0.4696
v -27.9873 20.9683 1.2943 0.5759 0.5759 0.5903
v -27.5617 21.5617 1.3549 0.6776 0.6776 0.6945
v -27.1711 22.1490 1.3600 0.7739 0.7739 0.7932
v -26.7813 22.7209 1.3125 0.8182 0.8182 0.8386
v -26.3723 23.2898 1.2306 0.8461 0.8461 0.8672
v -25.9487 23.8825 1.1327 0.8562 0.8562 0.8776
v -25.5418 24.5260 1.0381 0.8621 0.8621 0.8837
v -25.2021 25.2341 0.9607 0.8790 0.8790 0.9010
v -24.4285 26.0000 0.7583 0.8836 0.8836 0.9057
v -24.3678 26.8599 0.7205 0.9004 0.9004 0.9229
v -24.4989 27.7121 0.7105 0.9122 0.9122 0.9350
v -24.8070 28.5169 0.7293 0.9164 0.9164 0.9393
v -25.2534 29.2490 0.7712 0.9170 0.9170 0.9399
v -25.7896 29.9023 0.8396 0.9133 0.9133 0.9362
v -26.3731 30.4873 0.9168 0.9127 0.9127 0.9355
v -26.9787 31.0213 0.9987 0.9056 0.9056 0.9283
v -27.6011 31.5161 1.0755 0.9010 0.9010 0.9235
v -28.2491 31.9696 1.1463 0.8904 0.8904 0.9127
v -28.9348 32.3649 1.2038 0.8799 0.8799 0.9019
v -29.6636 32.6771 1.2543 0.8665 0.8665 0.8882
v -30.4288 32.8841 1.2957 0.8571 0.8571 0.8786
v -31.2138 32.9777 1.3330 0.8535 0.8535 0.8748
v -32.0000 32.9682 1.3690 0.8546 0.8546 0.8760
v -32.7753 32.8806 1.4068 0.8582 0.8582 0.8796
v -33.5394 32.7444 1.4465 0.8595 0.8595 0.8810
v -34.3024 32.5798 1.4878 0.8565 0.8565 0.8779
v -35.0762 32.3878 1.5283 0.8456 0.8456 0.8668
v -35.8635 32.1487 1.5675 0.8197 0.8197 0.8402
v -36.6480 31.8284 1.6007 0.7803 0.7803 0.7998
v -37.3928 31.3928 1.6138 0.7457 0.7457 0.7643
v -38.0473 30.8226 1.6172 0.7250 0.7250 0.7431
v -38.5611 30.1226 1.6106 0.7014 0.7014 0.7189
v -38.9009 29.3233 1.5946 0.6916 0.6916 0.7089
v -39.0617 28.4710 1.5876 0.6866 0.6866 0.7037
v -39.0697 27.6136 1.5888 0.6778 0.6778 0.6948
v -38.9736 26.7857 1.6028 0.6627 0.6627 0.6793
v -38.8285 26.0000 1.6386 0.6501 0.6501 0.6664
v -38.6773 25.2477 1.6755 0.6269 0.6269 0.6426
v -38.5378 24.5078 1.7090 0.5989 0.5989 0.6139
v -38.3989 23.7609 1.7018 0.5590 0.5590 0.5730
v -38.2274 23.0011 1.6636 0.5193 0.5193 0.5323
v -37.9824 22.2410 1.5375 0.4769 0.4769 0.4888
v -37.6315 21.5091 1.3519 0.4427 0.4427 0.4538
v -37.1610 20.8390 1.1127 0.4267 0.4267 0.4374
v -36.5793 20.2577 0.8759 0.4273 0.4273 0.4380
v -35.9103 19.7767 0.6662 0.4287 0.4287 0.4395
v -35.1827 19.3910 0.4984 0.4014 0.4014 0.4114
v -34.4196 19.0852 0.3853 0.3927 0.3927 0.4025
v -33.6331 18.8451 0.3286 0.4003 0.4003 0.4103
v -32.8261 18.6683 0.3027 0.3897 0.3897 0.3994
v -32.0000 18.5682 0.3189 0.3758 0.3758 0.3852
v -31.1630 18.5712 0.3857 0.3670 0.3670 0.3762
v -30.3351 18.7054 0.4949 0.3710 0.3710 0.3803
v -29.5463 18.9878 0.6497 0.3694 0.3694 0.3786
v -28.8283 19.4139 0.8364 0.3899 0.3899 0.3997
v -28.2022 19.9559 1.0284 0.4513 0.4513 0.4626
v -27.6698 20.5701 1.1740 0.5574 0.5574 0.5713
v -27.2105 21.2105 1.2434 0.6622 0.6622 0.6788
v -26.7889 21.8443 1.2631 0.7542 0.7542 0.7730
v -26.3683 22.4614 1.1967 0.8220 0.8220 0.8425
v -25.9269 23.0754 1.1112 0.8482 0.8482 0.8694
v -25.4698 23.7150 1.0052 0.8614 0.8614 0.8829
v -25.0307 24.4093 0.9037 0.8634 0.8634 0.8850
v -24.6642 25.1734 0.8201 0.8689 0.8689 0.8906
v -30.2899 -20.0000 1.0155 0.2372 0.2372 0.2432
v -30.2602 -19.5786 1.0094 0.1504 0.1504 0.1542
v -30.3245 -19.1611 0.9945 0.1280 0.1280 0.1312
v -30.4754 -18.7667 0.9748 0.1280 0.1280 0.1312
v -30.6942 -18.4080 0.9580 0.1280 0.1280 0.1312
v -30.9569 -18.0879 0.9418 0.1280 0.1280 0.1312
v -31.2428 -17.8012 0.9237 0.1280 0.1280 0.1312
v -31.5396 -17.5396 0.9065 0.1280 0.1280 0.1312
v -31.8445 -17.2971 0.8866 0.1280 0.1280 0.1312
v -32.1620 -17.0749 0.8587 0.1280 0.1280 0.1312
v -32.4981 -16.8812 0.8312 0.1280 0.1280 0.1312
v -32.8552 -16.7282 0.8103 0.1280 0.1280 0.1312
v -33.2301 -16.6268 0.8008 0.1280 0.1280 0.1312
v -33.6148 -16.5809 0.8026 0.1330 0.1330 0.1363
v -34.0000 -16.5856 0.8135 0.1380 0.1380 0.1414
v -34.3799 -16.6285 0.8263 0.1328 0.1328 0.1361
v -34.7543 -16.6952 0.8366 0.1280 0.1280 0.1312
v -35.1282 -16.7759 0.8370 0.1280 0.1280 0.1312
v -35.5074 -16.8700 0.8284 0.1511 0.1511 0.1549
v -35.8931 -16.9871 0.8211 0.2315 0.2315 0.2373
v -36.2775 -17.1441 0.8166 0.3476 0.3476 0.3563
v -36.6425 -17.3575 0.8144 0.4823 0.4823 0.4943
v -36.9632 -17.6369 0.8150 0.6198 0.6198 0.6353
v -37.2150 -17.9799 0.8167 0.7545 0.7545 0.7734
v -37.3814 -18.3716 0.8130 0.8734 0.8734 0.8953
v -37.4602 -18.7892 0.8049 0.9500 0.9500 0.9500
v -37.4641 -19.2093 0.7952 0.9500 0.9500 0.9500
v -37.4171 -19.6150 0.7897 0.9500 0.9500 0.9500
v -37.3459 -20.0000 0.7914 0.9500 0.9500 0.9500
v -37.2719 -20.3687 0.8002 0.9500 0.9500 0.9500
v -37.2035 -20.7312 0.8124 0.9500 0.9500 0.9500
v -37.1355 -21.0971 0.8220 0.9500 0.9500 0.9500
v -37.0514 -21.4695 0.8238 0.9500 0.9500 0.9500
v -36.9314 -21.8419 0.8165 0.9500 0.9500 0.9500
v -36.7594 -22.2006 0.8075 0.9500 0.9500 0.9500
v -36.5289 -22.5289 0.7999 0.9500 0.9500 0.9500
v -36.2439 -22.8137 0.7982 0.9500 0.9500 0.9500
v -35.9161 -23.0494 0.8055 0.9500 0.9500 0.9500
v -35.5595 -23.2384 0.8227 0.9500 0.9500 0.9500
v -35.1856 -23.3883 0.8467 0.9500 0.9500 0.9500
v -34.8002 -23.5059 0.8689 0.9500 0.9500 0.9500
v -34.4048 -23.5926 0.8869 0.9500 0.9500 0.9500
v -34.0000 -23.6416 0.9053 0.9500 0.9500 0.9500
v -33.5899 -23.6401 0.9247 0.9500 0.9500 0.9500
v -33.1842 -23.5743 0.9480 0.9156 0.9156 0.9385
v -32.7977 -23.4360 0.9744 0.8016 0.8016 0.8216
v -32.4459 -23.2272 1.0018 0.6849 0.6849 0.7020
v -32.1391 -22.9616 1.0237 0.5945 0.5945 0.6093
v -31.8782 -22.6607 1.0354 0.5491 0.5491 0.5628
v -31.6531 -22.3469 1.0303 0.5425 0.5425 0.5561
v -31.4466 -22.0363 1.0197 0.5571 0.5571 0.5710
v -31.2405 -21.7339 1.0085 0.5702 0.5702 0.5844
v -31.0242 -21.4331 1.0026 0.5567 0.5567 0.5706
v -30.8002 -21.1197 1.0059 0.5166 0.5166 0.5295
v -30.5851 -20.7794 1.0150 0.4505 0.4505 0.4617
v -30.4054 -20.4050 1.0173 0.3551 0.3551 0.3640
v -30.0249 -20.0000 1.2155 0.3158 0.3158 0.3237
v -29.9931 -19.5485 1.2128 0.2288 0.2288 0.2345
v -30.0619 -19.1012 1.1944 0.1751 0.1751 0.1795
v -30.2237 -18.6786 1.1700 0.1436 0.1436 0.1472
v -30.4580 -18.2943 1.1514 0.1300 0.1300 0.1333
v -30.7395 -17.9513 1.1346 0.1280 0.1280 0.1312
v -31.0459 -17.6442 1.1165 0.1280 0.1280 0.1312
v -31.3638 -17.3638 1.0982 0.1280 0.1280 0.1312
v -31.6906 -17.1041 1.0733 0.1280 0.1280 0.1312
v -32.0308 -16.8660 1.0385 0.1280 0.1280 0.1312
v -32.3908 -16.6584 0.9996 0.1377 0.1377 0.1411
v -32.7734 -16.4945 0.9714 0.1639 0.1639 0.1680
v -33.1751 -16.3859 0.9627 0.1878 0.1878 0.1925
v -33.5872 -16.3367 0.9738 0.2076 0.2076 0.2128
v -34.0000 -16.3417 0.9999 0.2200 0.2200 0.2255
v -34.4070 -16.3877 1.0281 0.2171 0.2171 0.2225
v -34.8082 -16.4592 1.0486 0.1994 0.1994 0.2044
v -35.2087 -16.5456 1.0510 0.1857 0.1857 0.1903
v -35.6150 -16.6464 1.0369 0.1991 0.1991 0.2041
v -36.0283 -16.7719 1.0236 0.2590 0.2590 0.2655
v -36.4402 -16.9401 1.0120 0.3621 0.3621 0.3711
v -36.8312 -17.1688 1.0068 0.4891 0.4891 0.5013
v -37.1748 -17.4682 1.0118 0.6176 0.6176 0.6331
v -37.4446 -17.8356 1.0142 0.7368 0.7368 0.7553
v -37.6230 -18.2553 1.0082 0.8444 0.8444 0.8655
v -37.7074 -18.7027 0.9953 0.9350 0.9350 0.9500
v -37.7116 -19.1529 0.9797 0.9500 0.9500 0.9500
v -37.6611 -19.5875 0.9711 0.9500 0.9500 0.9500
v -37.5849 -20.0000 0.9760 0.9500 0.9500 0.9500
v -37.5056 -20.3950 0.9938 0.9500 0.9500 0.9500
v -37.4324 -20.7834 1.0180 0.9500 0.9500 0.9500
v -37.3594 -21.1755 1.0375 0.9500 0.9500 0.9500
v -37.2694 -21.5744 1.0420 0.9500 0.9500 0.9500
v -37.1408 -21.9735 1.0294 0.9500 0.9500 0.9500
v -36.9565 -22.3577 1.0066 0.9500 0.9500 0.9500
v -36.7095 -22.7095 0.9844 0.9500 0.9500 0.9500
v -36.4042 -23.0147 0.9735 0.9500 0.9500 0.9500
v -36.0529 -23.2672 0.9810 0.9500 0.9500 0.9500
v -35.6709 -23.4697 1.0029 0.9500 0.9500 0.9500
v -35.2703 -23.6303 1.0338 0.9500 0.9500 0.9500
v -34.8574 -23.7563 1.0620 0.9500 0.9500 0.9500
v -34.4337 -23.8492 1.0825 0.9500 0.9500 0.9500
v -34.0000 -23.9017 1.1010 0.9500 0.9500 0.9500
v -33.5606 -23.9001 1.1209 0.9500 0.9500 0.9500
v -33.1259 -23.8296 1.1474 0.9148 0.9148 0.9376
v -32.7118 -23.6814 1.1808 0.8111 0.8111 0.8314
v -32.3349 -23.4577 1.2165 0.7055 0.7055 0.7232
v -32.0062 -23.1732 1.2449 0.6281 0.6281 0.6438
v -31.7266 -22.8507 1.2510 0.5898 0.5898 0.6046
v -31.4855 -22.5145 1.2365 0.5860 0.5860 0.6006
v -31.2642 -22.1817 1.2122 0.5968 0.5968 0.6117
v -31.0434 -21.8578 1.1900 0.6043 0.6043 0.6195
v -30.8116 -21.5354 1.1779 0.5918 0.5918 0.6066
v -30.5716 -21.1996 1.1818 0.5516 0.5516 0.5654
v -30.3411 -20.8351 1.1936 0.4902 0.4902 0.5024
v -30.1487 -20.4339 1.2084 0.4110 0.4110 0.4213
v -29.7599 -20.0000 1.3635 0.4963 0.4963 0.5087
v -29.7260 -19.5184 1.3632 0.4597 0.4597 0.4712
v -29.7994 -19.0412 1.3418 0.4258 0.4258 0.4364
v -29.9719 -18.5905 1.3136 0.3863 0.3863 0.3960
v -30.2219 -18.1806 1.2921 0.3594 0.3594 0.3684
v -30.5222 -17.8147 1.2741 0.3508 0.3508 0.3595
v -30.8489 -17.4871 1.2578 0.3438 0.3438 0.3524
v -31.1881 -17.1881 1.2383 0.3447 0.3447 0.3533
v -31.5366 -16.9110 1.2094 0.3457 0.3457 0.3544
v -31.8995 -16.6570 1.1689 0.3448 0.3448 0.3534
v -32.2835 -16.4356 1.1218 0.3502 0.3502 0.3589
v -32.6916 -16.2608 1.0882 0.3835 0.3835 0.3931
v -33.1201 -16.1449 1.0802 0.4288 0.4288 0.4395
v -33.5597 -16.0925 1.0988 0.4656 0.4656 0.4773
v -34.0000 -16.0978 1.1366 0.4845 0.4845 0.4966
v -34.4341 -16.1468 1.1770 0.4782 0.4782 0.4902
v -34.8620 -16.2231 1.2061 0.4465 0.4465 0.4576
v -35.2893 -16.3153 1.2105 0.4079 0.4079 0.4181
v -35.7227 -16.4228 1.1951 0.3965 0.3965 0.4064
v -36.1636 -16.5567 1.1769 0.4305 0.4305 0.4412
v -36.6029 -16.7361 1.1606 0.4986 0.4986 0.5111
v -37.0200 -16.9800 1.1558 0.5856 0.5856 0.6002
v -37.3865 -17.2994 1.1622 0.6710 0.6710 0.6878
v -37.6742 -17.6913 1.1647 0.7381 0.7381 0.7566
v -37.8645 -18.1390 1.1559 0.7973 0.7973 0.8173
v -37.9546 -18.6162 1.1388 0.8496 0.8496 0.8709
v -37.9590 -19.0964 1.1181 0.8978 0.8978 0.9202
v -37.9052 -19.5600 1.1066 0.9451 0.9451 0.9500
v -37.8239 -20.0000 1.1134 0.9500 0.9500 0.9500
v -37.7393 -20.4213 1.1378 0.9500 0.9500 0.9500
v -37.6612 -20.8356 1.1709 0.9500 0.9500 0.9500
v -37.5834 -21.2539 1.1977 0.9500 0.9500 0.9500
v -37.4873 -21.6794 1.2042 0.9500 0.9500 0.9500
v -37.3502 -22.1050 1.1884 0.9500 0.9500 0.9500
v -37.1536 -22.5149 1.1565 0.9500 0.9500 0.9500
v -36.8902 -22.8902 1.1216 0.9500 0.9500 0.9500
v -36.5644 -23.2157 1.1055 0.9500 0.9500 0.9500
v -36.1898 -23.4850 1.1135 0.9500 0.9500 0.9500
v -35.7823 -23.7011 1.1386 0.9500 0.9500 0.9500
v -35.3550 -23.8723 1.1737 0.9500 0.9500 0.9500
v -34.9145 -24.0067 1.2064 0.9500 0.9500 0.9500
v -34.4626 -24.1058 1.2286 0.9500 0.9500 0.9500
v -34.0000 -24.1618 1.2472 0.9376 0.9376 0.9500
v -33.5313 -24.1601 1.2674 0.8945 0.8945 0.9169
v -33.0676 -24.0849 1.2964 0.8320 0.8320 0.8528
v -32.6259 -23.9268 1.3355 0.7613 0.7613 0.7803
v -32.2238 -23.6882 1.3776 0.6997 0.6997 0.7172
v -31.8733 -23.3847 1.4102 0.6706 0.6706 0.6873
v -31.5751 -23.0408 1.4131 0.6755 0.6755 0.6924
v -31.3179 -22.6821 1.3915 0.6917 0.6917 0.7090
v -31.0818 -22.3272 1.3571 0.7020 0.7020 0.7196
v -30.8462 -21.9816 1.3258 0.6980 0.6980 0.7154
v -30.5991 -21.6378 1.3091 0.6731 0.6731 0.6900
v -30.3431 -21.2796 1.3070 0.6291 0.6291 0.6448
v -30.0972 -20.8908 1.3257 0.5797 0.5797 0.5942
v -29.8919 -20.4629 1.3498 0.5371 0.5371 0.5505
v -29.4949 -20.0000 1.4073 0.7490 0.7490 0.7677
v -29.4589 -19.4883 1.4074 0.7913 0.7913 0.8111
v -29.5368 -18.9813 1.3838 0.8190 0.8190 0.8395
v -29.7202 -18.5024 1.3538 0.8256 0.8256 0.8463
v -29.9858 -18.0669 1.3297 0.8278 0.8278 0.8485
v -30.3048 -17.6782 1.3092 0.8294 0.8294 0.8502
v -30.6520 -17.3301 1.2962 0.8235 0.8235 0.8441
v -31.0123 -17.0123 1.2755 0.8187 0.8187 0.8392
v -31.3827 -16.7179 1.2441 0.8145 0.8145 0.8349
v -31.7682 -16.4481 1.2008 0.8034 0.8034 0.8235
v -32.1762 -16.2129 1.1521 0.7911 0.7911 0.8109
v -32.6098 -16.0271 1.1166 0.7943 0.7943 0.8142
v -33.0651 -15.9040 1.1091 0.8112 0.8112 0.8314
v -33.5322 -15.8483 1.1313 0.8295 0.8295 0.8503
v -34.0000 -15.8539 1.1742 0.8384 0.8384 0.8594
v -34.4613 -15.9060 1.2201 0.8276 0.8276 0.8483
v -34.9159 -15.9871 1.2536 0.7917 0.7917 0.8115
v -35.3699 -16.0850 1.2602 0.7451 0.7451 0.7638
v -35.8304 -16.1992 1.2477 0.7077 0.7077 0.7254
v -36.2988 -16.3415 1.2295 0.6929 0.6929 0.7102
v -36.7656 -16.5321 1.2132 0.6990 0.6990 0.7165
v -37.2087 -16.7913 1.2118 0.7100 0.7100 0.7278
v -37.5981 -17.1306 1.2183 0.7072 0.7072 0.7249
v -37.9039 -17.5470 1.2202 0.6825 0.6825 0.6995
v -38.1060 -18.0226 1.2090 0.6512 0.6512 0.6675
v -38.2017 -18.5298 1.1893 0.6278 0.6278 0.6435
v -38.2065 -19.0399 1.1655 0.6215 0.6215 0.6370
v -38.1493 -19.5325 1.1504 0.6371 0.6371 0.6531
v -38.0629 -20.0000 1.1567 0.6578 0.6578 0.6743
v -37.9730 -20.4476 1.1825 0.6653 0.6653 0.6819
v -37.8900 -20.8879 1.2184 0.6528 0.6528 0.6692
v -37.8074 -21.3323 1.2474 0.6252 0.6252 0.6409
v -37.7053 -21.7844 1.2544 0.6002 0.6002 0.6152
v -37.5595 -22.2366 1.2385 0.5919 0.5919 0.6067
v -37.3507 -22.6721 1.2039 0.6023 0.6023 0.6173
v -37.0708 -23.0708 1.1660 0.6230 0.6230 0.6386
v -36.7247 -23.4167 1.1493 0.6339 0.6339 0.6497
v -36.3267 -23.7028 1.1572 0.6301 0.6301 0.6458
v -35.8937 -23.9324 1.1834 0.6164 0.6164 0.6318
v -35.4397 -24.1143 1.2192 0.6034 0.6034 0.6185
v -34.9717 -24.2571 1.2531 0.6057 0.6057 0.6209
v -34.4915 -24.3624 1.2757 0.6128 0.6128 0.6281
v -34.0000 -24.4219 1.2943 0.6164 0.6164 0.6318
v -33.5020 -24.4201 1.3147 0.6132 0.6132 0.6285
v -33.0094 -24.3403 1.3449 0.6028 0.6028 0.6179
v -32.5401 -24.1722 1.3866 0.5985 0.5985 0.6135
v -32.1128 -23.9187 1.4316 0.6171 0.6171 0.6326
v -31.7403 -23.5962 1.4627 0.6607 0.6607 0.6772
v -31.4235 -23.2308 1.4666 0.7221 0.7221 0.7402
v -31.1503 -22.8497 1.4441 0.7704 0.7704 0.7897
v -30.8994 -22.4726 1.4064 0.7877 0.7877 0.8074
v -30.6491 -22.1055 1.3721 0.7726 0.7726 0.7919
v -30.3865 -21.7402 1.3463 0.7394 0.7394 0.7578
v -30.1145 -21.3596 1.3442 0.7001 0.7001 0.7176
v -29.8533 -20.9465 1.3648 0.6835 0.6835 0.7005
v -29.6352 -20.4918 1.3920 0.7075 0.7075 0.7251
v -29.1858 -20.0000 1.2877 0.8901 0.8901 0.9123
v -29.1472 -19.4532 1.2845 0.9500 0.9500 0.9500
v -29.2305 -18.9114 1.2625 0.9500 0.9500 0.9500
v -29.4265 -18.3996 1.2371 0.9500 0.9500 0.9500
v -29.7103 -17.9342 1.2107 0.9500 0.9500 0.9500
v -30.0512 -17.5188 1.1893 0.9500 0.9500 0.9500
v -30.4222 -17.1468 1.1749 0.9500 0.9500 0.9500
v -30.8073 -16.8073 1.1559 0.9500 0.9500 0.9500
v -31.2030 -16.4927 1.1248 0.9500 0.9500 0.9500
v -31.6150 -16.2044 1.0847 0.9500 0.9500 0.9500
v -32.0511 -15.9530 1.0420 0.9500 0.9500 0.9500
v -32.5144 -15.7545 1.0101 0.9500 0.9500 0.9500
v -33.0009 -15.6229 1.0031 0.9500 0.9500 0.9500
v -33.5001 -15.5633 1.0237 0.9500 0.9500 0.9500
v -34.0000 -15.5694 1.0616 0.9500 0.9500 0.9500
v -34.4929 -15.6251 1.1026 0.9500 0.9500 0.9500
v -34.9788 -15.7117 1.1350 0.9500 0.9500 0.9500
v -35.4639 -15.8164 1.1444 0.9425 0.9425 0.9500
v -35.9560 -15.9384 1.1411 0.9020 0.9020 0.9246
v -36.4565 -16.0904 1.1313 0.8634 0.8634 0.8850
v -36.9554 -16.2941 1.1233 0.8257 0.8257 0.8463
v -37.4290 -16.5710 1.1280 0.7806 0.7806 0.8001
v -37.8451 -16.9337 1.1340 0.7122 0.7122 0.7300
v -38.1718 -17.3787 1.1343 0.6218 0.6218 0.6373
v -38.3878 -17.8869 1.1232 0.5232 0.5232 0.5363
v -38.4901 -18.4289 1.1019 0.4399 0.4399 0.4509
v -38.4951 -18.9740 1.0777 0.3865 0.3865 0.3962
v -38.4341 -19.5004 1.0611 0.3703 0.3703 0.3796
v -38.3418 -20.0000 1.0629 0.3713 0.3713 0.3806
v -38.2456 -20.4784 1.0806 0.3643 0.3643 0.3734
v -38.1570 -20.9488 1.1077 0.3374 0.3374 0.3458
v -38.0686 -21.4237 1.1305 0.2930 0.2930 0.3004
v -37.9596 -21.9068 1.1362 0.2504 0.2504 0.2567
v -37.8038 -22.3901 1.1248 0.2303 0.2303 0.2361
v -37.5807 -22.8555 1.0970 0.2464 0.2464 0.2526
v -37.2816 -23.2816 1.0700 0.2873 0.2873 0.2945
v -36.9117 -23.6512 1.0581 0.3127 0.3127 0.3205
v -36.4863 -23.9570 1.0674 0.3176 0.3176 0.3255
v -36.0237 -24.2022 1.0916 0.3131 0.3131 0.3209
v -35.5385 -24.3967 1.1228 0.2997 0.2997 0.3072
v -35.0383 -24.5493 1.1552 0.2991 0.2991 0.3066
v -34.5253 -24.6618 1.1763 0.3146 0.3146 0.3225
v -34.0000 -24.7254 1.1937 0.3372 0.3372 0.3457
v -33.4678 -24.7235 1.2133 0.3655 0.3655 0.3747
v -32.9414 -24.6381 1.2417 0.3969 0.3969 0.4068
v -32.4399 -24.4586 1.2818 0.4416 0.4416 0.4526
v -31.9833 -24.1877 1.3252 0.5163 0.5163 0.5292
v -31.5853 -23.8430 1.3515 0.6076 0.6076 0.6228
v -31.2467 -23.4525 1.3576 0.6951 0.6951 0.7124
v -30.9547 -23.0453 1.3432 0.7629 0.7629 0.7820
v -30.6866 -22.6423 1.3127 0.7921 0.7921 0.8119
v -30.4192 -22.2500 1.2758 0.7780 0.7780 0.7974
v -30.1385 -21.8596 1.2526 0.7459 0.7459 0.7646
v -29.8479 -21.4529 1.2484 0.7222 0.7222 0.7403
v -29.5687 -21.0114 1.2631 0.7340 0.7340 0.7524
v -29.3356 -20.5255 1.2827 0.7992 0.7992 0.8192
v -28.7883 -20.0000 1.0808 0.9042 0.9042 0.9268
v -28.7465 -19.4081 1.0745 0.9500 0.9500 0.9500
v -28.8367 -18.8215 1.0529 0.9500 0.9500 0.9500
v -29.0488 -18.2675 1.0327 0.9500 0.9500 0.9500
v -29.3561 -17.7636 1.0106 0.9500 0.9500 0.9500
v -29.7252 -17.3140 0.9882 0.9500 0.9500 0.9500
v -30.1268 -16.9112 0.9711 0.9500 0.9500 0.9500
v -30.5437 -16.5437 0.9526 0.9500 0.9500 0.9500
v -30.9721 -16.2031 0.9243 0.9500 0.9500 0.9500
v -31.4181 -15.8910 0.8903 0.9500 0.9500 0.9500
v -31.8901 -15.6188 0.8573 0.9500 0.9500 0.9500
v -32.3918 -15.4039 0.8355 0.9500 0.9500 0.9500
v -32.9185 -15.2615 0.8310 0.9500 0.9500 0.9500
v -33.4588 -15.1970 0.8460 0.9500 0.9500 0.9500
v -34.0000 -15.2036 0.8742 0.9500 0.9500 0.9500
v -34.5336 -15.2638 0.9065 0.9500 0.9500 0.9500
v -35.0596 -15.3576 0.9346 0.9500 0.9500 0.9500
v -35.5848 -15.4709 0.9467 0.9500 0.9500 0.9500
v -36.1175 -15.6030 0.9567 0.9269 0.9269 0.9500
v -36.6594 -15.7676 0.9603 0.8908 0.8908 0.9131
v -37.1994 -15.9881 0.9677 0.8458 0.8458 0.8670
v -37.7121 -16.2879 0.9786 0.7889 0.7889 0.8086
v -38.1626 -16.6805 0.9849 0.7117 0.7117 0.7295
v -38.5162 -17.1623 0.9837 0.6177 0.6177 0.6331
v -38.7501 -17.7125 0.9699 0.5158 0.5158 0.5287
v -38.8608 -18.2991 0.9461 0.4298 0.4298 0.4406
v -38.8663 -18.8893 0.9222 0.3717 0.3717 0.3810
v -38.8002 -19.4592 0.9035 0.3466 0.3466 0.3552
v -38.7003 -20.0000 0.9003 0.3395 0.3395 0.3480
v -38.5962 -20.5179 0.9081 0.3305 0.3305 0.3388
v -38.5002 -21.0271 0.9239 0.3089 0.3089 0.3166
v -38.4046 -21.5412 0.9360 0.2742 0.2742 0.2810
v -38.2865 -22.0643 0.9379 0.2406 0.2406 0.2466
v -38.1179 -22.5875 0.9283 0.2214 0.2214 0.2269
v -37.8763 -23.0913 0.9121 0.2310 0.2310 0.2368
v -37.5525 -23.5525 0.9047 0.2661 0.2661 0.2727
v -37.1521 -23.9526 0.9025 0.2972 0.2972 0.3047
v -36.6916 -24.2837 0.9116 0.3083 0.3083 0.3160
v -36.1908 -24.5492 0.9358 0.3050 0.3050 0.3126
v -35.6655 -24.7597 0.9618 0.2952 0.2952 0.3026
v -35.1241 -24.9249 0.9867 0.2892 0.2892 0.2964
v -34.5686 -25.0467 1.0031 0.2981 0.2981 0.3056
v -34.0000 -25.1156 1.0183 0.3185 0.3185 0.3265
v -33.4238 -25.1135 1.0364 0.3494 0.3494 0.3582
v -32.8540 -25.0211 1.0618 0.3875 0.3875 0.3971
v -32.3111 -24.8267 1.0967 0.4374 0.4374 0.4483
v -31.8168 -24.5334 1.1353 0.5110 0.5110 0.5238
v -31.3859 -24.1604 1.1581 0.6013 0.6013 0.6163
v -31.0194 -23.7376 1.1675 0.6804 0.6804 0.6974
v -30.7032 -23.2968 1.1638 0.7406 0.7406 0.7591
v -30.4130 -22.8605 1.1383 0.7712 0.7712 0.7905
v -30.1235 -22.4358 1.1090 0.7629 0.7629 0.7819
v -29.8197 -22.0131 1.0906 0.7413 0.7413 0.7599
v -29.5050 -21.5729 1.0844 0.7348 0.7348 0.7532
v -29.2028 -21.0949 1.0830 0.7581 0.7581 0.7771
v -28.9505 -20.5689 1.0847 0.8205 0.8205 0.8410
v -28.3466 -20.0000 0.8842 0.8904 0.8904 0.9127
v -28.3013 -19.3579 0.8748 0.9500 0.9500 0.9500
v -28.3992 -18.7216 0.8545 0.9500 0.9500 0.9500
v -28.6292 -18.1207 0.8382 0.9500 0.9500 0.9500
v -28.9626 -17.5741 0.8160 0.9500 0.9500 0.9500
v -29.3629 -17.0863 0.7978 0.9500 0.9500 0.9500
v -29.7986 -16.6495 0.7782 0.9500 0.9500 0.9500
v -30.2508 -16.2508 0.7580 0.9500 0.9500 0.9500
v -30.7155 -15.8813 0.7334 0.9500 0.9500 0.9500
v -31.1993 -15.5427 0.7068 0.9500 0.9500 0.9500
v -31.7113 -15.2475 0.6871 0.9500 0.9500 0.9500
v -32.2555 -15.0144 0.6717 0.9500 0.9500 0.9500
v -32.8268 -14.8599 0.6676 0.9500 0.9500 0.9500
v -33.4130 -14.7900 0.6775 0.9500 0.9500 0.9500
v -34.0000 -14.7971 0.6977 0.9500 0.9500 0.9500
v -34.5789 -14.8625 0.7231 0.9500 0.9500 0.9500
v -35.1494 -14.9642 0.7492 0.9500 0.9500 0.9500
v -35.7191 -15.0871 0.7681 0.9320 0.9320 0.9500
v -36.2969 -15.2304 0.7903 0.9098 0.9098 0.9325
v -36.8847 -15.4090 0.8068 0.8791 0.8791 0.9010
v -37.4705 -15.6481 0.8297 0.8404 0.8404 0.8614
v -38.0267 -15.9733 0.8471 0.7858 0.7858 0.8055
v -38.5153 -16.3992 0.8544 0.7192 0.7192 0.7372
v -38.8990 -16.9218 0.8495 0.6428 0.6428 0.6589
v -39.1527 -17.5186 0.8323 0.5627 0.5627 0.5768
v -39.2727 -18.1550 0.8044 0.4978 0.4978 0.5102
v -39.2787 -18.7952 0.7799 0.4538 0.4538 0.4651
v -39.2070 -19.4133 0.7581 0.4319 0.4319 0.4426
v -39.0986 -20.0000 0.7499 0.4222 0.4222 0.4327
v -38.9857 -20.5618 0.7480 0.4122 0.4122 0.4225
v -38.8816 -21.1142 0.7533 0.3969 0.3969 0.4069
v -38.7779 -21.6718 0.7568 0.3759 0.3759 0.3853
v -38.6498 -22.2392 0.7583 0.3585 0.3585 0.3675
v -38.4669 -22.8067 0.7538 0.3553 0.3553 0.3642
v -38.2048 -23.3532 0.7483 0.3688 0.3688 0.3780
v -37.8536 -23.8536 0.7530 0.3877 0.3877 0.3974
v -37.4192 -24.2876 0.7599 0.4127 0.4127 0.4231
v -36.9197 -24.6467 0.7764 0.4248 0.4248 0.4354
v -36.3764 -24.9347 0.7982 0.4205 0.4205 0.4310
v -35.8066 -25.1631 0.8162 0.4098 0.4098 0.4201
v -35.2193 -25.3423 0.8321 0.4012 0.4012 0.4112
v -34.6168 -25.4744 0.8431 0.4025 0.4025 0.4125
v -34.0000 -25.5491 0.8551 0.4121 0.4121 0.4224
v -33.3750 -25.5468 0.8709 0.4316 0.4316 0.4424
v -32.7568 -25.4466 0.8931 0.4598 0.4598 0.4713
v -32.1679 -25.2358 0.9231 0.5020 0.5020 0.5145
v -31.6318 -24.9176 0.9524 0.5558 0.5558 0.5697
v -31.1643 -24.5129 0.9760 0.6234 0.6234 0.6390
v -30.7668 -24.0544 0.9908 0.6919 0.6919 0.7092
v -30.4238 -23.5762 0.9865 0.7366 0.7366 0.7551
v -30.1091 -23.1029 0.9720 0.7597 0.7597 0.7787
v -29.7950 -22.6422 0.9522 0.7605 0.7605 0.7795
v -29.4654 -22.1837 0.9381 0.7513 0.7513 0.7701
v -29.1241 -21.7061 0.9201 0.7566 0.7566 0.7755
v -28.7963 -21.1877 0.9044 0.7778 0.7778 0.7973
v -28.5226 -20.6172 0.8963 0.8265 0.8265 0.8472
v -27.8607 -20.0000 0.7179 0.8603 0.8603 0.8818
v -27.8116 -19.3027 0.7052 0.9006 0.9006 0.9231
v -27.9178 -18.6118 0.6899 0.9344 0.9344 0.9500
v -28.1677 -17.9592 0.6785 0.9500 0.9500 0.9500
v -28.5297 -17.3656 0.6590 0.9500 0.9500 0.9500
v -28.9644 -16.8359 0.6411 0.9500 0.9500 0.9500
v -29.4375 -16.3615 0.6226 0.9500 0.9500 0.9500
v -29.9286 -15.9286 0.6005 0.9500 0.9500 0.9500
v -30.4332 -15.5274 0.5796 0.9500 0.9500 0.9500
v -30.9586 -15.1597 0.5645 0.9475 0.9475 0.9500
v -31.5146 -14.8391 0.5495 0.9324 0.9324 0.9500
v -32.1056 -14.5860 0.5382 0.9143 0.9143 0.9372
v -32.7260 -14.4181 0.5348 0.9034 0.9034 0.9260
v -33.3625 -14.3422 0.5420 0.8999 0.8999 0.9224
v -34.0000 -14.3500 0.5573 0.8973 0.8973 0.9197
v -34.6286 -14.4209 0.5791 0.8950 0.8950 0.9174
v -35.2482 -14.5314 0.6060 0.8906 0.8906 0.9129
v -35.8668 -14.6649 0.6343 0.8805 0.8805 0.9025
v -36.4943 -14.8205 0.6675 0.8677 0.8677 0.8894
v -37.1327 -15.0144 0.7002 0.8431 0.8431 0.8641
v -37.7688 -15.2741 0.7337 0.8137 0.8137 0.8341
v -38.3727 -15.6273 0.7575 0.7727 0.7727 0.7920
v -38.9033 -16.0897 0.7653 0.7226 0.7226 0.7407
v -39.3200 -16.6572 0.7573 0.6715 0.6715 0.6883
v -39.5955 -17.3054 0.7342 0.6217 0.6217 0.6372
v -39.7259 -17.9964 0.7038 0.5846 0.5846 0.5992
v -39.7323 -18.6916 0.6774 0.5610 0.5610 0.5750
v -39.6544 -19.3629 0.6522 0.5499 0.5499 0.5637
v -39.5367 -20.0000 0.6380 0.5454 0.5454 0.5591
v -39.4142 -20.6100 0.6259 0.5396 0.5396 0.5531
v -39.3011 -21.2099 0.6223 0.5314 0.5314 0.5447
v -39.1885 -21.8155 0.6189 0.5197 0.5197 0.5327
v -39.0494 -22.4316 0.6213 0.5121 0.5121 0.5249
v -38.8508 -23.0479 0.6210 0.5149 0.5149 0.5278
v -38.5662 -23.6414 0.6321 0.5330 0.5330 0.5463
v -38.1847 -24.1847 0.6406 0.5478 0.5478 0.5615
v -37.7131 -24.6561 0.6626 0.5628 0.5628 0.5769
v -37.1706 -25.0460 0.6836 0.5713 0.5713 0.5856
v -36.5807 -25.3588 0.6991 0.5667 0.5667 0.5809
v -35.9619 -25.6068 0.7095 0.5571 0.5571 0.5710
v -35.3241 -25.8014 0.7178 0.5451 0.5451 0.5587
v -34.6698 -25.9448 0.7231 0.5390 0.5390 0.5524
v -34.0000 -26.0260 0.7302 0.5367 0.5367 0.5501
v -33.3213 -26.0235 0.7416 0.5407 0.5407 0.5543
v -32.6500 -25.9147 0.7597 0.5521 0.5521 0.5659
v -32.0105 -25.6857 0.7859 0.5779 0.5779 0.5924
v -31.4283 -25.3402 0.8078 0.6129 0.6129 0.6282
v -30.9206 -24.9008 0.8301 0.6556 0.6556 0.6720
v -30.4889 -24.4028 0.8472 0.7016 0.7016 0.7192
v -30.1165 -23.8835 0.8425 0.7373 0.7373 0.7558
v -29.7747 -23.3696 0.8370 0.7508 0.7508 0.7696
v -29.4336 -22.8692 0.8279 0.7616 0.7616 0.7807
v -29.0758 -22.3714 0.8038 0.7634 0.7634 0.7825
v -28.7051 -21.8528 0.7805 0.7705 0.7705 0.7897
v -28.3491 -21.2898 0.7575 0.7868 0.7868 0.8065
v -28.0518 -20.6702 0.7396 0.8188 0.8188 0.8393
v -27.3749 -20.0000 0.6145 0.8382 0.8382 0.8592
v -27.3219 -19.2476 0.6019 0.8641 0.8641 0.8857
v -27.4365 -18.5019 0.5902 0.8896 0.8896 0.9118
v -27.7061 -17.7977 0.5821 0.9052 0.9052 0.9278
v -28.0967 -17.1571 0.5708 0.9111 0.9111 0.9338
v -28.5659 -16.5855 0.5546 0.9115 0.9115 0.9342
v -29.0765 -16.0736 0.5353 0.9136 0.9136 0.9365
v -29.6064 -15.6064 0.5122 0.9141 0.9141 0.9369
v -30.1510 -15.1735 0.5010 0.8991 0.8991 0.9216
v -30.7179 -14.7766 0.4863 0.8892 0.8892 0.9114
v -31.3180 -14.4307 0.4728 0.8829 0.8829 0.9050
v -31.9556 -14.1576 0.4699 0.8662 0.8662 0.8878
v -32.6252 -13.9764 0.4709 0.8496 0.8496 0.8708
v -33.3121 -13.8945 0.4755 0.8460 0.8460 0.8672
v -34.0000 -13.9028 0.4886 0.8477 0.8477 0.8689
v -34.6784 -13.9794 0.5096 0.8500 0.8500 0.8712
v -35.3469 -14.0986 0.5381 0.8530 0.8530 0.8744
v -36.0146 -14.2427 0.5751 0.8498 0.8498 0.8710
v -36.6917 -14.4106 0.6175 0.8429 0.8429 0.8639
v -37.3806 -14.6199 0.6632 0.8243 0.8243 0.8449
v -38.0670 -14.9001 0.7050 0.7986 0.7986 0.8186
v -38.7187 -15.2813 0.7311 0.7667 0.7667 0.7859
v -39.2914 -15.7803 0.7420 0.7272 0.7272 0.7454
v -39.7410 -16.3927 0.7262 0.6877 0.6877 0.7049
v -40.0383 -17.0921 0.6994 0.6541 0.6541 0.6704
v -40.1790 -17.8379 0.6669 0.6308 0.6308 0.6465
v -40.1860 -18.5881 0.6371 0.6180 0.6180 0.6334
v -40.1019 -19.3125 0.6101 0.6119 0.6119 0.6272
v -39.9749 -20.0000 0.5931 0.6141 0.6141 0.6294
v -39.8426 -20.6583 0.5775 0.6126 0.6126 0.6279
v -39.7206 -21.3057 0.5688 0.6114 0.6114 0.6267
v -39.5991 -21.9592 0.5607 0.6038 0.6038 0.6189
v -39.4490 -22.6241 0.5598 0.5973 0.5973 0.6123
v -39.2346 -23.2891 0.5647 0.5998 0.5998 0.6148
v -38.9275 -23.9296 0.5842 0.6136 0.6136 0.6290
v -38.5159 -24.5159 0.6037 0.6319 0.6319 0.6477
v -38.0069 -25.0245 0.6310 0.6453 0.6453 0.6614
v -37.4215 -25.4454 0.6529 0.6484 0.6484 0.6646
v -36.7849 -25.7829 0.6658 0.6459 0.6459 0.6620
v -36.1172 -26.0505 0.6730 0.6426 0.6426 0.6587
v -35.4289 -26.2605 0.6721 0.6311 0.6311 0.6469
v -34.7228 -26.4153 0.6702 0.6191 0.6191 0.6345
v -34.0000 -26.5028 0.6705 0.6097 0.6097 0.6250
v -33.2676 -26.5002 0.6763 0.6045 0.6045 0.6196
v -32.5432 -26.3827 0.6902 0.6055 0.6055 0.6207
v -31.8530 -26.1356 0.7117 0.6165 0.6165 0.6319
v -31.2248 -25.7628 0.7309 0.6401 0.6401 0.6561
v -30.6770 -25.2886 0.7543 0.6711 0.6711 0.6879
v -30.2110 -24.7512 0.7613 0.7033 0.7033 0.7208
v -29.8092 -24.1908 0.7656 0.7328 0.7328 0.7511
v -29.4403 -23.6362 0.7644 0.7475 0.7475 0.7662
v -29.0723 -23.0963 0.7483 0.7597 0.7597 0.7787
v -28.6861 -22.5591 0.7219 0.7690 0.7690 0.7883
v -28.2861 -21.9994 0.6969 0.7732 0.7732 0.7926
v -27.9019 -21.3919 0.6653 0.7878 0.7878 0.8075
v -27.5811 -20.7232 0.6376 0.8084 0.8084 0.8286
v 78.1335 -64.0000 -2.0126 0.1280 0.1280 0.1312
v 78.2467 -62.3948 -1.5143 0.1280 0.1280 0.1312
v 78.0021 -60.8041 -1.0925 0.1280 0.1280 0.1312
v 77.4269 -59.3017 -0.7552 0.1280 0.1280 0.1312
v 76.5936 -57.9352 -0.4853 0.1280 0.1280 0.1312
v 75.5927 -56.7158 -0.2773 0.1280 0.1280 0.1312
v 74.5036 -55.6237 -0.1261 0.1280 0.1280 0.1312
v 73.3731 -54.6269 0.0151 0.1280 0.1280 0.1312
v 72.2113 -53.7034 0.1834 0.1280 0.1280 0.1312
v 71.0017 -52.8568 0.3938 0.1280 0.1280 0.1312
v 69.7217 -52.1188 0.6062 0.1280 0.1280 0.1312
v 68.3613 -51.5361 0.7572 0.1280 0.1280 0.1312
v 66.9330 -51.1497 0.8304 0.1280 0.1280 0.1312
v 65.4676 -50.9749 0.8657 0.1280 0.1280 0.1312
v 64.0000 -50.9927 0.8897 0.1280 0.1280 0.1312
v 62.5528 -51.1561 0.8998 0.1280 0.1280 0.1312
v 61.1265 -51.4104 0.8722 0.1280 0.1280 0.1312
v 59.7023 -51.7178 0.7962 0.1280 0.1280 0.1312
v 58.2577 -52.0760 0.6785 0.1280 0.1280 0.1312
v 56.7881 -52.5224 0.5541 0.1280 0.1280 0.1312
v 55.3237 -53.1203 0.4450 0.1998 0.1998 0.2048
v 53.9334 -53.9334 0.2887 0.3210 0.3210 0.3290
v 52.7117 -54.9979 0.0814 0.4553 0.4553 0.4667
v 51.7526 -56.3044 -0.1961 0.5823 0.5823 0.5969
v 51.1183 -57.7965 -0.5835 0.6876 0.6876 0.7048
v 50.8182 -59.3875 -1.0953 0.7676 0.7676 0.7868
v 50.8032 -60.9879 -1.7623 0.8387 0.8387 0.8597
v 50.9826 -62.5333 -2.4673 0.9154 0.9154 0.9383
v 51.2535 -64.0000 -3.0802 0.9500 0.9500 0.9500
v 51.5357 -65.4044 -3.5362 0.9500 0.9500 0.9500
v 51.7960 -66.7855 -3.8392 0.9500 0.9500 0.9500
v 52.0553 -68.1796 -4.0098 0.9500 0.9500 0.9500
v 52.3756 -69.5980 -4.0872 0.9500 0.9500 0.9500
v 52.8328 -71.0168 -4.1091 0.9500 0.9500 0.9500
v 53.4879 -72.3831 -4.0889 0.9500 0.9500 0.9500
v 54.3661 -73.6339 -4.0640 0.9500 0.9500 0.9500
v 55.4519 -74.7190 -4.0494 0.9500 0.9500 0.9500
v 56.7007 -75.6168 -4.0005 0.9500 0.9500 0.9500
v 58.0589 -76.3369 -3.9248 0.9500 0.9500 0.9500
v 59.4834 -76.9077 -3.6542 0.9500 0.9500 0.9500
v 60.9516 -77.3558 -3.3291 0.9500 0.9500 0.9500
v 62.4580 -77.6859 -2.9629 0.9500 0.9500 0.9500
v 64.0000 -77.8727 -2.7027 0.9500 0.9500 0.9500
v 65.5624 -77.8671 -2.6634 0.9500 0.9500 0.9500
v 67.1079 -77.6165 -2.8696 0.9500 0.9500 0.9500
v 68.5802 -77.0894 -3.1629 0.9500 0.9500 0.9500
v 69.9205 -76.2941 -3.4169 0.8585 0.8585 0.8799
v 71.0892 -75.2823 -3.5610 0.7266 0.7266 0.7447
v 72.0831 -74.1359 -3.6035 0.6229 0.6229 0.6385
v 72.9404 -72.9404 -3.5702 0.5693 0.5693 0.5836
v 73.7274 -71.7573 -3.4940 0.5568 0.5568 0.5707
v 74.5125 -70.6054 -3.4061 0.5552 0.5552 0.5691
v 75.3364 -69.4593 -3.3046 0.5237 0.5237 0.5368
v 76.1897 -68.2654 -3.1512 0.4331 0.4331 0.4439
v 77.0093 -66.9693 -2.9036 0.2805 0.2805 0.2875
v 77.6936 -65.5429 -2.4996 0.1610 0.1610 0.1650
v 79.1431 -64.0000 -1.2027 0.1280 0.1280 0.1312
v 79.2643 -62.2801 -0.6480 0.1280 0.1280 0.1312
v 79.0022 -60.5758 -0.1860 0.1280 0.1280 0.1312
v 78.3860 -58.9661 0.1895 0.1280 0.1280 0.1312
v 77.4932 -57.5020 0.5010 0.1280 0.1280 0.1312
v 76.4208 -56.1955 0.7449 0.1280 0.1280 0.1312
v 75.2538 -55.0254 0.9263 0.1280 0.1280 0.1312
v 74.0426 -53.9574 1.0762 0.1280 0.1280 0.1312
v 72.7978 -52.9679 1.2336 0.1280 0.1280 0.1312
v 71.5018 -52.0609 1.4075 0.1280 0.1280 0.1312
v 70.1304 -51.2702 1.5707 0.1280 0.1280 0.1312
v 68.6728 -50.6458 1.6922 0.1280 0.1280 0.1312
v 67.1425 -50.2318 1.7451 0.1280 0.1280 0.1312
v 65.5724 -50.0446 1.7795 0.1280 0.1280 0.1312
v 64.0000 -50.0636 1.8263 0.1280 0.1280 0.1312
v 62.4495 -50.2387 1.8631 0.1280 0.1280 0.1312
v 60.9213 -50.5112 1.8497 0.1280 0.1280 0.1312
v 59.3953 -50.8405 1.7702 0.1280 0.1280 0.1312
v 57.8475 -51.2243 1.6397 0.1280 0.1280 0.1312
v 56.2730 -51.7026 1.4966 0.1483 0.1483 0.1520
v 54.7040 -52.3431 1.3540 0.2122 0.2122 0.2175
v 53.2143 -53.2143 1.1936 0.3245 0.3245 0.3326
v 51.9054 -54.3549 0.9782 0.4496 0.4496 0.4608
v 50.8778 -55.7547 0.7011 0.5748 0.5748 0.5892
v 50.1982 -57.3534 0.3544 0.6789 0.6789 0.6959
v 49.8766 -59.0580 -0.1137 0.7558 0.7558 0.7747
v 49.8606 -60.7728 -0.7261 0.8194 0.8194 0.8399
v 50.0528 -62.4285 -1.4123 0.8920 0.8920 0.9143
v 50.3431 -64.0000 -2.0295 0.9500 0.9500 0.9500
v 50.6454 -65.5047 -2.4834 0.9500 0.9500 0.9500
v 50.9243 -66.9844 -2.7673 0.9500 0.9500 0.9500
v 51.2022 -68.4782 -2.9251 0.9500 0.9500 0.9500
v 51.5452 -69.9979 -3.0204 0.9500 0.9500 0.9500
v 52.0351 -71.5180 -3.0869 0.9500 0.9500 0.9500
v 52.7371 -72.9819 -3.1570 0.9500 0.9500 0.9500
v 53.6779 -74.3221 -3.2233 0.9500 0.9500 0.9500
v 54.8413 -75.4846 -3.3050 0.9500 0.9500 0.9500
v 56.1793 -76.4465 -3.3693 0.9500 0.9500 0.9500
v 57.6345 -77.2181 -3.3109 0.9500 0.9500 0.9500
v 59.1608 -77.8297 -3.1097 0.9500 0.9500 0.9500
v 60.7339 -78.3097 -2.7647 0.9407 0.9407 0.9500
v 62.3478 -78.6635 -2.4095 0.9298 0.9298 0.9500
v 64.0000 -78.8636 -2.1615 0.9500 0.9500 0.9500
v 65.6741 -78.8576 -2.1370 0.9500 0.9500 0.9500
v 67.3299 -78.5891 -2.3614 0.9500 0.9500 0.9500
v 68.9073 -78.0243 -2.6567 0.9500 0.9500 0.9500
v 70.3434 -77.1722 -2.8966 0.8756 0.8756 0.8974
v 71.5955 -76.0882 -3.0284 0.7591 0.7591 0.7780
v 72.6605 -74.8599 -3.0773 0.6637 0.6637 0.6803
v 73.5790 -73.5790 -3.0749 0.6080 0.6080 0.6232
v 74.4222 -72.3114 -3.0419 0.5853 0.5853 0.6000
v 75.2634 -71.0773 -2.9723 0.5716 0.5716 0.5859
v 76.1461 -69.8493 -2.8576 0.5315 0.5315 0.5448
v 77.0604 -68.5700 -2.6566 0.4393 0.4393 0.4503
v 77.9385 -67.1814 -2.3029 0.2986 0.2986 0.3060
v 78.6717 -65.6531 -1.7925 0.1726 0.1726 0.1769
v 80.1526 -64.0000 -0.5064 0.1355 0.1355 0.1389
v 80.2820 -62.1655 0.1091 0.1280 0.1280 0.1312
v 80.0024 -60.3476 0.6013 0.1280 0.1280 0.1312
v 79.3451 -58.6305 0.9842 0.1280 0.1280 0.1312
v 78.3927 -57.0688 1.3198 0.1280 0.1280 0.1312
v 77.2488 -55.6752 1.5863 0.1280 0.1280 0.1312
v 76.0041 -54.4271 1.7776 0.1280 0.1280 0.1312
v 74.7121 -53.2879 1.9210 0.1280 0.1280 0.1312
v 73.3843 -52.2324 2.0561 0.1280 0.1280 0.1312
v 72.0020 -51.2649 2.2090 0.1331 0.1331 0.1364
v 70.5391 -50.4215 2.3607 0.1385 0.1385 0.1420
v 68.9843 -49.7556 2.4597 0.1345 0.1345 0.1378
v 67.3520 -49.3139 2.5198 0.1441 0.1441 0.1477
v 65.6772 -49.1142 2.5716 0.1710 0.1710 0.1752
v 64.0000 -49.1345 2.6361 0.1970 0.1970 0.2019
v 62.3461 -49.3213 2.6929 0.2066 0.2066 0.2118
v 60.7160 -49.6119 2.6947 0.1990 0.1990 0.2040
v 59.0883 -49.9632 2.6012 0.1904 0.1904 0.1952
v 57.4374 -50.3726 2.4381 0.1997 0.1997 0.2047
v 55.7579 -50.8827 2.2655 0.2351 0.2351 0.2410
v 54.0842 -51.5660 2.1139 0.3065 0.3065 0.3141
v 52.4953 -52.4953 1.9395 0.3928 0.3928 0.4026
v 51.0991 -53.7119 1.7064 0.4863 0.4863 0.4985
v 50.0029 -55.2051 1.4190 0.5819 0.5819 0.5964
v 49.2781 -56.9103 1.0726 0.6596 0.6596 0.6761
v 48.9350 -58.7285 0.6346 0.7096 0.7096 0.7273
v 48.9180 -60.5576 0.0714 0.7537 0.7537 0.7725
v 49.1230 -62.3238 -0.5649 0.8147 0.8147 0.8351
v 49.4326 -64.0000 -1.1507 0.8900 0.8900 0.9122
v 49.7551 -65.6050 -1.6155 0.9500 0.9500 0.9500
v 50.0526 -67.1834 -1.8862 0.9500 0.9500 0.9500
v 50.3490 -68.7767 -2.0451 0.9500 0.9500 0.9500
v 50.7149 -70.3978 -2.1710 0.9500 0.9500 0.9500
v 51.2375 -72.0192 -2.3357 0.9500 0.9500 0.9500
v 51.9862 -73.5807 -2.5060 0.9500 0.9500 0.9500
v 52.9898 -75.0102 -2.6872 0.9500 0.9500 0.9500
v 54.2307 -76.2503 -2.8591 0.9500 0.9500 0.9500
v 55.6579 -77.2763 -2.9797 0.9171 0.9171 0.9401
v 57.2102 -78.0993 -2.9659 0.8564 0.8564 0.8778
v 58.8382 -78.7516 -2.7977 0.7893 0.7893 0.8091
v 60.5162 -79.2637 -2.4702 0.7264 0.7264 0.7446
v 62.2377 -79.6411 -2.0931 0.7263 0.7263 0.7445
v 64.0000 -79.8545 -1.8345 0.7859 0.7859 0.8056
v 65.7857 -79.8481 -1.8131 0.8680 0.8680 0.8897
v 67.5519 -79.5617 -2.0301 0.9224 0.9224 0.9455
v 69.2345 -78.9593 -2.3134 0.9087 0.9087 0.9314
v 70.7663 -78.0504 -2.5231 0.8476 0.8476 0.8688
v 72.1019 -76.8941 -2.6342 0.7744 0.7744 0.7938
v 73.2378 -75.5839 -2.6950 0.7159 0.7159 0.7338
v 74.2176 -74.2176 -2.7164 0.6762 0.6762 0.6931
v 75.1170 -72.8655 -2.7009 0.6479 0.6479 0.6641
v 76.0143 -71.5491 -2.6435 0.6116 0.6116 0.6269
v 76.9559 -70.2392 -2.5132 0.5461 0.5461 0.5597
v 77.9311 -68.8747 -2.2397 0.4404 0.4404 0.4514
v 78.8678 -67.3935 -1.7866 0.3115 0.3115 0.3193
v 79.6498 -65.7633 -1.1843 0.1946 0.1946 0.1995
v 81.1622 -64.0000 -0.0877 0.2702 0.2702 0.2770
v 81.2996 -62.0508 0.5864 0.2772 0.2772 0.2842
v 81.0025 -60.1193 1.1100 0.2985 0.2985 0.3060
v 80.3041 -58.2949 1.5051 0.3131 0.3131 0.3209
v 79.2922 -56.6356 1.8396 0.3268 0.3268 0.3349
v 78.0769 -55.1549 2.0996 0.3456 0.3456 0.3542
v 76.7543 -53.8288 2.2785 0.3654 0.3654 0.3746
v 75.3816 -52.6184 2.4141 0.3771 0.3771 0.3865
v 73.9709 -51.4969 2.5463 0.3785 0.3785 0.3880
v 72.5021 -50.4690 2.6976 0.3711 0.3711 0.3804
v 70.9478 -49.5728 2.8488 0.3652 0.3652 0.3743
v 69.2959 -48.8653 2.9752 0.3528 0.3528 0.3616
v 67.5615 -48.3961 3.0614 0.3575 0.3575 0.3664
v 65.7821 -48.1839 3.1177 0.4080 0.4080 0.4182
v 64.0000 -48.2054 3.1758 0.4666 0.4666 0.4783
v 62.2427 -48.4039 3.2309 0.4855 0.4855 0.4976
v 60.5108 -48.7127 3.2271 0.4552 0.4552 0.4665
v 58.7813 -49.0859 3.1178 0.4123 0.4123 0.4226
v 57.0272 -49.5209 2.9323 0.4077 0.4077 0.4179
v 55.2427 -50.0629 2.7559 0.4378 0.4378 0.4487
v 53.4645 -50.7889 2.5953 0.4721 0.4721 0.4839
v 51.7762 -51.7762 2.4121 0.5002 0.5002 0.5127
v 50.2928 -53.0689 2.1672 0.5310 0.5310 0.5443
v 49.1281 -54.6554 1.8642 0.5635 0.5635 0.5776
v 48.3580 -56.4672 1.5006 0.5754 0.5754 0.5898
v 47.9935 -58.3991 1.0492 0.5642 0.5642 0.5783
v 47.9754 -60.3425 0.5035 0.5557 0.5557 0.5696
v 48.1932 -62.2190 -0.0980 0.5852 0.5852 0.5998
v 48.5222 -64.0000 -0.6761 0.6561 0.6561 0.6725
v 48.8648 -65.7053 -1.1135 0.7337 0.7337 0.7521
v 49.1809 -67.3824 -1.3782 0.7697 0.7697 0.7890
v 49.4958 -69.0752 -1.5737 0.7568 0.7568 0.7758
v 49.8846 -70.7976 -1.7859 0.7216 0.7216 0.7396
v 50.4398 -72.5204 -2.0201 0.6823 0.6823 0.6994
v 51.2353 -74.1795 -2.2859 0.6525 0.6525 0.6688
v 52.3017 -75.6983 -2.5305 0.6289 0.6289 0.6447
v 53.6201 -77.0159 -2.7585 0.6053 0.6053 0.6204
v 55.1366 -78.1061 -2.9316 0.5728 0.5728 0.5872
v 56.7858 -78.9805 -2.9724 0.5144 0.5144 0.5272
v 58.5156 -79.6736 -2.8161 0.4383 0.4383 0.4493
v 60.2984 -80.2177 -2.5028 0.3819 0.3819 0.3914
v 62.1275 -80.6186 -2.1173 0.3800 0.3800 0.3895
v 64.0000 -80.8454 -1.8403 0.4653 0.4653 0.4770
v 65.8973 -80.8386 -1.8102 0.5922 0.5922 0.6070
v 67.7739 -80.5343 -2.0078 0.7001 0.7001 0.7176
v 69.5616 -79.8942 -2.2644 0.7443 0.7443 0.7629
v 71.1892 -78.9285 -2.4340 0.7456 0.7456 0.7642
v 72.6083 -77.7000 -2.5172 0.7420 0.7420 0.7606
v 73.8152 -76.3079 -2.5714 0.7414 0.7414 0.7599
v 74.8562 -74.8562 -2.6123 0.7278 0.7278 0.7460
v 75.8118 -73.4196 -2.6176 0.6962 0.6962 0.7136
v 76.7652 -72.0209 -2.5538 0.6393 0.6393 0.6552
v 77.7656 -70.6292 -2.3740 0.5586 0.5586 0.5726
v 78.8018 -69.1794 -2.0371 0.4607 0.4607 0.4723
v 79.7970 -67.6056 -1.5120 0.3672 0.3672 0.3764
v 80.6279 -65.8735 -0.8347 0.3002 0.3002 0.3077
v 82.3400 -64.0000 -0.0579 0.3961 0.3961 0.4061
v 82.4868 -61.9170 0.6780 0.4465 0.4465 0.4576
v 82.1694 -59.8530 1.2449 0.5032 0.5032 0.5157
v 81.4230 -57.9034 1.6474 0.5459 0.5459 0.5595
v 80.3417 -56.1302 1.9828 0.5756 0.5756 0.5900
v 79.0430 -54.5479 2.2372 0.6055 0.6055 0.6207
v 77.6296 -53.1307 2.3914 0.6343 0.6343 0.6501
v 76.1627 -51.8373 2.5069 0.6507 0.6507 0.6669
v 74.6551 -50.6389 2.6378 0.6531 0.6531 0.6694
v 73.0856 -49.5404 2.8106 0.6475 0.6475 0.6637
v 71.4246 -48.5827 3.0050 0.6321 0.6321 0.6479
v 69.6593 -47.8266 3.1746 0.6105 0.6105 0.6257
v 67.8059 -47.3252 3.2824 0.6142 0.6142 0.6295
v 65.9043 -47.0984 3.2820 0.6724 0.6724 0.6892
v 64.0000 -47.1215 3.2623 0.7427 0.7427 0.7613
v 62.1221 -47.3336 3.2868 0.7693 0.7693 0.7885
v 60.2713 -47.6635 3.3048 0.7205 0.7205 0.7385
v 58.4232 -48.0624 3.2234 0.6333 0.6333 0.6492
v 56.5487 -48.5272 3.0472 0.5919 0.5919 0.6067
v 54.6417 -49.1064 2.8668 0.6038 0.6038 0.6189
v 52.7415 -49.8822 2.7210 0.6105 0.6105 0.6258
v 50.9373 -50.9373 2.5516 0.5907 0.5907 0.6055
v 49.3521 -52.3187 2.3056 0.5702 0.5702 0.5844
v 48.1075 -54.0141 1.9907 0.5516 0.5516 0.5654
v 47.2845 -55.9502 1.6007 0.5122 0.5122 0.5250
v 46.8950 -58.0147 1.0956 0.4515 0.4515 0.4628
v 46.8756 -60.0915 0.5161 0.3938 0.3938 0.4037
v 47.1084 -62.0968 -0.0967 0.3752 0.3752 0.3846
v 47.4600 -64.0000 -0.6614 0.4109 0.4109 0.4212
v 47.8261 -65.8224 -1.1014 0.4623 0.4623 0.4738
v 48.1639 -67.6145 -1.4168 0.4753 0.4753 0.4872
v 48.5004 -69.4236 -1.7009 0.4426 0.4426 0.4536
v 48.9159 -71.2641 -1.9780 0.3962 0.3962 0.4061
v 49.5092 -73.1052 -2.2910 0.3584 0.3584 0.3673
v 50.3593 -74.8781 -2.5966 0.3472 0.3472 0.3559
v 51.4988 -76.5012 -2.8617 0.3542 0.3542 0.3631
v 52.9078 -77.9092 -3.1090 0.3579 0.3579 0.3669
v 54.5283 -79.0741 -3.3112 0.3469 0.3469 0.3555
v 56.2907 -80.0085 -3.3713 0.3155 0.3155 0.3234
v 58.1392 -80.7493 -3.2820 0.2382 0.2382 0.2441
v 60.0444 -81.3307 -2.9892 0.1659 0.1659 0.1700
v 61.9990 -81.7591 -2.6178 0.1550 0.1550 0.1588
v 64.0000 -82.0015 -2.3343 0.2283 0.2283 0.2340
v 66.0275 -81.9942 -2.2903 0.3689 0.3689 0.3782
v 68.0328 -81.6690 -2.4540 0.5090 0.5090 0.5217
v 69.9433 -80.9850 -2.6755 0.5961 0.5961 0.6110
v 71.6826 -79.9530 -2.8191 0.6411 0.6411 0.6571
v 73.1990 -78.6402 -2.8727 0.6833 0.6833 0.7004
v 74.4888 -77.1525 -2.9102 0.7233 0.7233 0.7414
v 75.6012 -75.6012 -2.9489 0.7296 0.7296 0.7478
v 76.6224 -74.0660 -2.9254 0.6935 0.6935 0.7109
v 77.6412 -72.5714 -2.8139 0.6264 0.6264 0.6421
v 78.7103 -71.0841 -2.5741 0.5440 0.5440 0.5576
v 79.8176 -69.5348 -2.1722 0.4639 0.4639 0.4754
v 80.8811 -67.8530 -1.5886 0.4007 0.4007 0.4107
v 81.7691 -66.0021 -0.8541 0.3771 0.3771 0.3865
v 83.8543 -64.0000 -0.1263 0.3937 0.3937 0.4035
v 84.0132 -61.7450 0.6800 0.4470 0.4470 0.4582
v 83.6696 -59.5105 1.2990 0.5173 0.5173 0.5303
v 82.8616 -57.4000 1.6924 0.5749 0.5749 0.5893
v 81.6910 -55.4805 2.0144 0.6111 0.6111 0.6264
v 80.2850 -53.7674 2.2715 0.6320 0.6320 0.6478
v 78.7550 -52.2333 2.4214 0.6367 0.6367 0.6526
v 77.1670 -50.8330 2.5400 0.6284 0.6284 0.6441
v 75.5349 -49.5357 2.6936 0.6232 0.6232 0.6387
v 73.8358 -48.3465 2.8970 0.6318 0.6318 0.6476
v 72.0376 -47.3098 3.1103 0.6489 0.6489 0.6652
v 70.1266 -46.4912 3.3213 0.6607 0.6607 0.6772
v 68.1202 -45.9484 3.3886 0.6864 0.6864 0.7036
v 66.0616 -45.7029 3.2098 0.7600 0.7600 0.7790
v 64.0000 -45.7279 3.0371 0.8381 0.8381 0.8590
v 61.9671 -45.9574 3.0234 0.8861 0.8861 0.9082
v 59.9634 -46.3147 3.1360 0.8541 0.8541 0.8754
v 57.9627 -46.7464 3.1935 0.7294 0.7294 0.7476
v 55.9335 -47.2496 3.0655 0.6372 0.6372 0.6531
v 53.8690 -47.8767 2.8823 0.6422 0.6422 0.6582
v 51.8119 -48.7166 2.7429 0.6561 0.6561 0.6725
v 49.8588 -49.8588 2.6111 0.6326 0.6326 0.6485
v 48.1427 -51.3542 2.4011 0.5988 0.5988 0.6138
v 46.7953 -53.1896 2.1066 0.5683 0.5683 0.5825
v 45.9043 -55.2856 1.6830 0.5222 0.5222 0.5353
v 45.4826 -57.5205 1.1103 0.4644 0.4644 0.4760
v 45.4617 -59.7688 0.4497 0.4065 0.4065 0.4166
v 45.7137 -61.9396 -0.2425 0.3689 0.3689 0.3781
v 46.0943 -64.0000 -0.8628 0.3710 0.3710 0.3802
v 46.4907 -65.9728 -1.3654 0.3874 0.3874 0.3971
v 46.8563 -67.9129 -1.7728 0.3867 0.3867 0.3964
v 47.2206 -69.8714 -2.1311 0.3708 0.3708 0.3801
v 47.6704 -71.8639 -2.4829 0.3520 0.3520 0.3608
v 48.3127 -73.8570 -2.8329 0.3479 0.3479 0.3566
v 49.2330 -75.7763 -3.1338 0.3666 0.3666 0.3758
v 50.4666 -77.5334 -3.3661 0.3913 0.3913 0.4011
v 51.9919 -79.0576 -3.6074 0.4084 0.4084 0.4186
v 53.7462 -80.3188 -3.8217 0.4146 0.4146 0.4250
v 55.6541 -81.3303 -3.9231 0.3917 0.3917 0.4015
v 57.6553 -82.1322 -3.8833 0.3252 0.3252 0.3334
v 59.7178 -82.7617 -3.6875 0.2261 0.2261 0.2318
v 61.8338 -83.2255 -3.3648 0.1902 0.1902 0.1950
v 64.0000 -83.4879 -3.0986 0.2313 0.2313 0.2371
v 66.1949 -83.4800 -3.0400 0.3514 0.3514 0.3602
v 68.3658 -83.1279 -3.1505 0.4847 0.4847 0.4968
v 70.4341 -82.3875 -3.3184 0.5742 0.5742 0.5886
v 72.3169 -81.2702 -3.4120 0.6211 0.6211 0.6366
v 73.9586 -79.8490 -3.4244 0.6668 0.6668 0.6834
v 75.3548 -78.2385 -3.4352 0.7086 0.7086 0.7263
v 76.5591 -76.5591 -3.4435 0.7141 0.7141 0.7319
v 77.6646 -74.8972 -3.3855 0.6694 0.6694 0.6861
v 78.7676 -73.2791 -3.2119 0.5934 0.5934 0.6082
v 79.9249 -71.6690 -2.8827 0.5128 0.5128 0.5256
v 81.1237 -69.9918 -2.3957 0.4458 0.4458 0.4570
v 82.2750 -68.1711 -1.7603 0.3954 0.3954 0.4052
v 83.2362 -66.1674 -0.9770 0.3748 0.3748 0.3841
v 85.5368 -64.0000 -0.0680 0.3453 0.3453 0.3539
v 85.7093 -61.5540 0.7922 0.3861 0.3861 0.3957
v 85.3365 -59.1301 1.4515 0.4470 0.4470 0.4582
v 84.4601 -56.8407 1.8355 0.4988 0.4988 0.5113
v 83.1903 -54.7585 2.1216 0.5385 0.5385 0.5519
v 81.6651 -52.9003 2.3871 0.5594 0.5594 0.5733
v 80.0054 -51.2361 2.5738 0.5475 0.5475 0.5612
v 78.2828 -49.7172 2.7410 0.5249 0.5249 0.5380
v 76.5124 -48.3099 2.9329 0.5288 0.5288 0.5420
v 74.6693 -47.0199 3.1210 0.5751 0.5751 0.5895
v 72.7188 -45.8953 3.3030 0.6389 0.6389 0.6549
v 70.6458 -45.0074 3.4735 0.6894 0.6894 0.7066
v 68.4693 -44.4186 3.3671 0.7291 0.7291 0.7473
v 66.2363 -44.1523 2.9000 0.7890 0.7890 0.8087
v 64.0000 -44.1794 2.5895 0.8690 0.8690 0.8907
v 61.7948 -44.4284 2.5709 0.9398 0.9398 0.9500
v 59.6214 -44.8159 2.8117 0.9500 0.9500 0.9500
v 57.4511 -45.2843 3.1060 0.8375 0.8375 0.8585
v 55.2498 -45.8301 3.0958 0.6889 0.6889 0.7061
v 53.0105 -46.5103 2.8717 0.6748 0.6748 0.6917
v 50.7790 -47.4214 2.7349 0.7026 0.7026 0.7202
v 48.6603 -48.6603 2.6749 0.6862 0.6862 0.7034
v 46.7988 -50.2825 2.5590 0.6453 0.6453 0.6614
v 45.3372 -52.2734 2.3270 0.6087 0.6087 0.6240
v 44.3708 -54.5471 1.9150 0.5638 0.5638 0.5779
v 43.9134 -56.9714 1.2934 0.5240 0.5240 0.5371
v 43.8906 -59.4102 0.5592 0.4875 0.4875 0.4997
v 44.1640 -61.7650 -0.2406 0.4579 0.4579 0.4693
v 44.5768 -64.0000 -0.9801 0.4555 0.4555 0.4669
v 45.0068 -66.1400 -1.5790 0.4672 0.4672 0.4789
v 45.4035 -68.2445 -2.0805 0.4754 0.4754 0.4873
v 45.7986 -70.3689 -2.5080 0.4780 0.4780 0.4900
v 46.2866 -72.5303 -2.8890 0.4845 0.4845 0.4966
v 46.9833 -74.6923 -3.2418 0.5056 0.5056 0.5182
v 47.9816 -76.7743 -3.5078 0.5324 0.5324 0.5457
v 49.3197 -78.6803 -3.7163 0.5466 0.5466 0.5602
v 50.9743 -80.3337 -3.9576 0.5547 0.5547 0.5685
v 52.8773 -81.7017 -4.1794 0.5623 0.5623 0.5763
v 54.9469 -82.7990 -4.2880 0.5577 0.5577 0.5717
v 57.1176 -83.6689 -4.3336 0.5087 0.5087 0.5215
v 59.3549 -84.3516 -4.2635 0.4179 0.4179 0.4283
v 61.6502 -84.8547 -4.0158 0.3453 0.3453 0.3540
v 64.0000 -85.1394 -3.8078 0.3465 0.3465 0.3552
v 66.3809 -85.1309 -3.7366 0.4283 0.4283 0.4391
v 68.7358 -84.7489 -3.7764 0.5389 0.5389 0.5523
v 70.9793 -83.9457 -3.8752 0.6136 0.6136 0.6289
v 73.0217 -82.7338 -3.9355 0.6454 0.6454 0.6616
v 74.8025 -81.1921 -3.9110 0.6721 0.6721 0.6889
v 76.3171 -79.4452 -3.8848 0.6998 0.6998 0.7173
v 77.6234 -77.6234 -3.8504 0.6913 0.6913 0.7086
v 78.8226 -75.8207 -3.7338 0.6361 0.6361 0.6520
v 80.0191 -74.0654 -3.4749 0.5576 0.5576 0.5716
v 81.2745 -72.3190 -3.0546 0.4838 0.4838 0.4959
v 82.5748 -70.4996 -2.4972 0.4261 0.4261 0.4367
v 83.8237 -68.5246 -1.8027 0.3760 0.3760 0.3854
v 84.8664 -66.3511 -0.9717 0.3424 0.3424 0.3510
v 87.3877 -64.0000 0.2232 0.2744 0.2744 0.2813
v 87.5749 -61.3437 1.1095 0.2984 0.2984 0.3058
v 87.1701 -58.7116 1.7977 0.3377 0.3377 0.3462
v 86.2184 -56.2255 2.2136 0.3746 0.3746 0.3840
v 84.8394 -53.9643 2.4417 0.4197 0.4197 0.4302
v 83.1832 -51.9464 2.6590 0.4635 0.4635 0.4751
v 81.3809 -50.1392 2.8877 0.4747 0.4747 0.4865
v 79.5103 -48.4897 3.1235 0.4774 0.4774 0.4893
v 77.5877 -46.9615 3.3210 0.5166 0.5166 0.5295
v 75.5862 -45.5607 3.4081 0.5995 0.5995 0.6144
v 73.4680 -44.3395 3.4568 0.6853 0.6853 0.7025
v 71.2169 -43.3752 3.4730 0.7262 0.7262 0.7444
v 68.8534 -42.7358 3.0577 0.7571 0.7571 0.7760
v 66.4285 -42.4466 2.3878 0.7976 0.7976 0.8176
v 64.0000 -42.4761 2.0298 0.8639 0.8639 0.8855
v 61.6053 -42.7465 2.0028 0.9442 0.9442 0.9500
v 59.2451 -43.1673 2.3223 0.9500 0.9500 0.9500
v 56.8883 -43.6759 2.8373 0.9347 0.9347 0.9500
v 54.4979 -44.2686 2.9409 0.7677 0.7677 0.7869
v 52.0661 -45.0073 2.6555 0.7219 0.7219 0.7399
v 49.6428 -45.9966 2.5454 0.7623 0.7623 0.7813
v 47.3421 -47.3421 2.5989 0.7516 0.7516 0.7704
v 45.3206 -49.1037 2.6189 0.7079 0.7079 0.7256
v 43.7334 -51.2657 2.5269 0.6700 0.6700 0.6867
v 42.6839 -53.7347 2.2534 0.6258 0.6258 0.6414
v 42.1872 -56.3674 1.6711 0.5917 0.5917 0.6065
v 42.1625 -59.0157 0.9014 0.5737 0.5737 0.5880
v 42.4593 -61.5729 0.0184 0.5591 0.5591 0.5731
v 42.9077 -64.0000 -0.8504 0.5688 0.5688 0.5830
v 43.3746 -66.3239 -1.5615 0.5939 0.5939 0.6087
v 43.8053 -68.6093 -2.1366 0.6181 0.6181 0.6336
v 44.2344 -70.9163 -2.6180 0.6323 0.6323 0.6481
v 44.7643 -73.2634 -3.0372 0.6491 0.6491 0.6653
v 45.5209 -75.6112 -3.3801 0.6806 0.6806 0.6977
v 46.6050 -77.8720 -3.6252 0.7028 0.7028 0.7204
v 48.0581 -79.9419 -3.8501 0.7052 0.7052 0.7228
v 49.8549 -81.7374 -4.1171 0.7019 0.7019 0.7194
v 51.9214 -83.2230 -4.3400 0.7019 0.7019 0.7194
v 54.1689 -84.4146 -4.4458 0.6987 0.6987 0.7161
v 56.5261 -85.3592 -4.5590 0.6715 0.6715 0.6883
v 58.9557 -86.1006 -4.5702 0.6182 0.6182 0.6336
v 61.4483 -86.6469 -4.4460 0.5513 0.5513 0.5651
v 64.0000 -86.9561 -4.3464 0.5110 0.5110 0.5237
v 66.5855 -86.9468 -4.2581 0.5411 0.5411 0.5546
v 69.1428 -86.5321 -4.1981 0.6226 0.6226 0.6381
v 71.5791 -85.6598 -4.2494 0.6734 0.6734 0.6902
v 73.7970 -84.3437 -4.2788 0.6815 0.6815 0.6986
v 75.7309 -82.6696 -4.2357 0.6834 0.6834 0.7005
v 77.3756 -80.7725 -4.1736 0.6839 0.6839 0.7010
v 78.7942 -78.7942 -4.0786 0.6524 0.6524 0.6687
v 80.0965 -76.8365 -3.8720 0.5882 0.5882 0.6030
v 81.3957 -74.9304 -3.5151 0.5179 0.5179 0.5309
v 82.7590 -73.0339 -3.0207 0.4595 0.4595 0.4710
v 84.1711 -71.0582 -2.4030 0.4084 0.4084 0.4186
v 85.5273 -68.9135 -1.6617 0.3462 0.3462 0.3548
v 86.6596 -66.5531 -0.7596 0.2900 0.2900 0.2973
v 89.2385 -64.0000 0.7936 0.2316 0.2316 0.2374
v 89.4406 -61.1335 1.6905 0.2449 0.2449 0.2511
v 89.0037 -58.2931 2.3947 0.2717 0.2717 0.2785
v 87.9767 -55.6102 2.8520 0.2940 0.2940 0.3014
v 86.4886 -53.1701 3.0119 0.3321 0.3321 0.3404
v 84.7013 -50.9925 3.1038 0.3904 0.3904 0.4002
v 82.7563 -49.0423 3.2970 0.4283 0.4283 0.4390
v 80.7377 -47.2623 3.5217 0.4493 0.4493 0.4606
v 78.6630 -45.6131 3.6304 0.5011 0.5011 0.5137
v 76.5031 -44.1015 3.5347 0.6019 0.6019 0.6170
v 74.2173 -42.7836 3.4212 0.7062 0.7062 0.7238
v 71.7880 -41.7431 3.3248 0.7453 0.7453 0.7639
v 69.2375 -41.0530 2.6833 0.7488 0.7488 0.7675
v 66.6207 -40.7410 1.9017 0.7770 0.7770 0.7964
v 64.0000 -40.7727 1.5540 0.8455 0.8455 0.8667
v 61.4158 -41.0645 1.5241 0.9141 0.9141 0.9370
v 58.8688 -41.5186 1.8270 0.9500 0.9500 0.9500
v 56.3255 -42.0675 2.4162 0.9500 0.9500 0.9500
v 53.7459 -42.7072 2.5700 0.8400 0.8400 0.8610
v 51.1217 -43.5043 2.3073 0.7450 0.7450 0.7636
v 48.5066 -44.5719 2.2495 0.7861 0.7861 0.8057
v 46.0238 -46.0238 2.3891 0.7889 0.7889 0.8086
v 43.8424 -47.9248 2.4730 0.7464 0.7464 0.7651
v 42.1296 -50.2579 2.5204 0.7132 0.7132 0.7310
v 40.9970 -52.9224 2.5229 0.6796 0.6796 0.6966
v 40.4610 -55.7633 2.1617 0.6366 0.6366 0.6525
v 40.4344 -58.6213 1.4297 0.6173 0.6173 0.6328
v 40.7546 -61.3809 0.5159 0.6081 0.6081 0.6234
v 41.2385 -64.0000 -0.4398 0.6187 0.6187 0.6342
v 41.7424 -66.5078 -1.2423 0.6529 0.6529 0.6692
v 42.2072 -68.9741 -1.8787 0.6853 0.6853 0.7025
v 42.6703 -71.4636 -2.3921 0.7100 0.7100 0.7277
v 43.2421 -73.9965 -2.9003 0.7197 0.7197 0.7377
v 44.0586 -76.5300 -3.2202 0.7557 0.7557 0.7746
v 45.2284 -78.9698 -3.4739 0.7814 0.7814 0.8009
v 46.7966 -81.2034 -3.7283 0.7827 0.7827 0.8022
v 48.7355 -83.1411 -4.0267 0.7770 0.7770 0.7964
v 50.9655 -84.7442 -4.2637 0.7752 0.7752 0.7946
v 53.3909 -86.0301 -4.3914 0.7678 0.7678 0.7870
v 55.9346 -87.0495 -4.5482 0.7487 0.7487 0.7674
v 58.5565 -87.8496 -4.5916 0.7169 0.7169 0.7348
v 61.2464 -88.4391 -4.5517 0.6706 0.6706 0.6874
v 64.0000 -88.7727 -4.5647 0.6160 0.6160 0.6314
v 66.7901 -88.7627 -4.4535 0.6002 0.6002 0.6152
v 69.5498 -88.3152 -4.3035 0.6548 0.6548 0.6712
v 72.1789 -87.3739 -4.3348 0.7099 0.7099 0.7276
v 74.5723 -85.9537 -4.3624 0.7062 0.7062 0.7239
v 76.6592 -84.1470 -4.2906 0.6899 0.6899 0.7071
v 78.4341 -82.0998 -4.1907 0.6779 0.6779 0.6949
v 79.9650 -79.9650 -4.0303 0.6388 0.6388 0.6547
v 81.3703 -77.8523 -3.7261 0.5697 0.5697 0.5839
v 82.7723 -75.7954 -3.2873 0.5035 0.5035 0.5161
v 84.2435 -73.7488 -2.7397 0.4556 0.4556 0.4669
v 85.7674 -71.6167 -2.0957 0.4105 0.4105 0.4207
v 87.2309 -69.3023 -1.3049 0.3451 0.3451 0.3537
v 88.4528 -66.7552 -0.2853 0.2687 0.2687 0.2754
vn -0.60070 -0.00797 0.79943
vn -0.58985 -0.14181 0.79496
vn -0.54986 -0.27485 0.78874
vn -0.49756 -0.39774 0.77087
vn -0.49307 -0.47444 0.72924
vn -0.51159 -0.51921 0.68462
vn -0.47938 -0.55669 0.67844
vn -0.45682 -0.57616 0.67776
vn -0.43105 -0.58873 0.68381
vn -0.38771 -0.60494 0.69550
vn -0.31912 -0.62965 0.70831
vn -0.22802 -0.66139 0.71454
vn -0.12643 -0.69488 0.70793
vn -0.03904 -0.72337 0.68935
vn -0.00704 -0.74405 0.66809
vn 0.01667 -0.75633 0.65397
vn 0.02829 -0.76115 0.64796
vn 0.02894 -0.75768 0.65199
vn -0.45640 -0.68845 0.56368
vn -0.32045 -0.20135 0.92562
vn 0.00000 0.00000 1.00000
vn 0.00000 0.00000 1.00000
vn 0.00000 0.00000 1.00000
vn 0.05132 -0.07604 0.99578
vn 0.25633 -0.15113 0.95470
vn 0.41854 -0.07247 0.90530
vn 0.47750 0.02008 0.87840
vn 0.50256 0.07311 0.86144
vn 0.50194 0.10040 0.85905
vn 0.48306 0.10434 0.86935
vn 0.45404 0.10042 0.88530
vn 0.42971 0.10076 0.89733
vn 0.42840 0.11924 0.89569
vn 0.42974 0.17047 0.88671
vn 0.40861 0.24254 0.87990
vn 0.36448 0.31674 0.87569
vn 0.29640 0.37405 0.87877
vn 0.26354 -0.07272 0.96190
vn -0.40388 -0.23273 0.88472
vn 0.09037 0.34670 0.93361
vn 0.05364 0.30494 0.95086
vn 0.02421 0.26839 0.96301
vn -0.02805 0.19786 0.97983
vn -0.05745 0.06324 0.99634
vn -0.37042 0.16559 0.91399
vn -0.40950 0.53083 0.74198
vn -0.49929 0.48590 0.71736
vn -0.56848 0.43336 0.69931
vn -0.60121 0.39062 0.69711
vn -0.60211 0.36436 0.71043
vn -0.58675 0.34243 0.73380
vn -0.57821 0.30597 0.75634
vn -0.57392 0.27975 0.76965
vn -0.55453 0.24010 0.79677
vn -0.54778 0.17920 0.81720
vn -0.58161 0.10937 0.80608
vn -0.53449 -0.00704 0.84515
vn -0.53170 -0.11834 0.83862
vn -0.50249 -0.23676 0.83153
vn -0.45013 -0.35641 0.81875
vn -0.41219 -0.44984 0.79230
vn -0.44419 -0.49333 0.74788
vn -0.45530 -0.52315 0.72043
vn -0.43595 -0.54209 0.71839
vn -0.41807 -0.55162 0.72176
vn -0.38472 -0.56424 0.73049
vn -0.32395 -0.58672 0.74217
vn -0.23528 -0.61756 0.75051
vn -0.13106 -0.65019 0.74838
vn -0.03806 -0.67784 0.73422
vn -0.00127 -0.69898 0.71514
vn 0.00882 -0.71341 0.70069
vn 0.01464 -0.72172 0.69203
vn 0.00646 -0.72271 0.69112
vn -0.43105 -0.71368 0.55214
vn -0.48347 -0.42432 0.76564
vn 0.00000 0.00000 1.00000
vn 0.00000 0.00000 1.00000
vn 0.00000 0.00000 1.00000
vn 0.00000 0.00000 1.00000
vn 0.06580 -0.04483 0.99683
vn 0.18021 -0.03970 0.98283
vn 0.24358 0.00334 0.96987
vn 0.26893 0.03390 0.96256
vn 0.27810 0.05206 0.95914
vn 0.27199 0.05563 0.96069
vn 0.25604 0.05190 0.96527
vn 0.23514 0.05110 0.97062
vn 0.22263 0.05811 0.97317
vn 0.22215 0.07996 0.97173
vn 0.21668 0.11614 0.96931
vn 0.20124 0.15663 0.96694
vn 0.15158 -0.05830 0.98672
vn 0.12484 -0.27424 0.95352
vn -0.20000 -0.13083 0.97102
vn -0.24605 0.09134 0.96494
vn 0.04072 0.16952 0.98469
vn 0.02295 0.14744 0.98881
vn 0.00656 0.12860 0.99168
vn -0.01730 0.07450 0.99707
vn -0.40079 0.01109 0.91610
vn -0.47862 0.35239 0.80420
vn -0.46161 0.44746 0.76597
vn -0.52754 0.40527 0.74663
vn -0.55905 0.37211 0.74095
vn -0.56043 0.35197 0.74969
vn -0.54563 0.33733 0.76713
vn -0.53309 0.29846 0.79167
vn -0.51318 0.25738 0.81878
vn -0.49175 0.21379 0.84408
vn -0.49115 0.15960 0.85633
vn -0.51324 0.08712 0.85381
vn -0.29154 -0.06511 0.95434
vn -0.29092 -0.11641 0.94964
vn -0.27627 -0.18281 0.94353
vn -0.24582 -0.26669 0.93190
vn -0.20672 -0.34420 0.91585
vn -0.22586 -0.39446 0.89073
vn -0.31499 -0.40906 0.85642
vn -0.32771 -0.41327 0.84959
vn -0.32466 -0.41348 0.85066
vn -0.30897 -0.41849 0.85405
vn -0.26521 -0.43653 0.85971
vn -0.19031 -0.46522 0.86450
vn -0.09693 -0.49562 0.86311
vn -0.01611 -0.51977 0.85415
vn -0.00377 -0.53726 0.84341
vn -0.02227 -0.54815 0.83608
vn -0.03917 -0.55663 0.82984
vn -0.06735 -0.56116 0.82496
vn -0.54957 -0.61235 0.56833
vn -0.56685 -0.43040 0.70245
vn 0.00000 0.00000 1.00000
vn 0.00000 0.00000 1.00000
vn 0.00000 0.00000 1.00000
vn 0.00000 0.00000 1.00000
vn 0.00000 0.00000 1.00000
vn 0.00000 0.00000 1.00000
vn 0.00000 0.00000 1.00000
vn 0.00000 0.00000 1.00000
vn 0.00000 0.00000 1.00000
vn 0.00000 0.00000 1.00000
vn 0.00000 0.00000 1.00000
vn 0.00000 0.00000 1.00000
vn 0.00000 0.00000 1.00000
vn 0.00000 0.00000 1.00000
vn 0.00000 0.00000 1.00000
vn -0.06750 -0.23591 0.96943
vn -0.08207 -0.43438 0.89699
vn -0.02104 -0.44670 0.89443
vn -0.30925 -0.09482 0.94624
vn -0.31904 0.12522 0.93943
vn 0.00000 0.00000 1.00000
vn 0.00000 0.00000 1.00000
vn 0.00000 0.00000 1.00000
vn 0.00000 0.00000 1.00000
vn -0.44865 -0.09016 0.88915
vn -0.53485 0.09787 0.83926
vn -0.35856 0.26607 0.89479
vn -0.39400 0.25040 0.88435
vn -0.40125 0.24476 0.88266
vn -0.38910 0.24558 0.88786
vn -0.37366 0.24043 0.89586
vn -0.34181 0.20829 0.91639
vn -0.29081 0.12998 0.94791
vn -0.25945 0.07148 0.96311
vn -0.26182 0.01925 0.96492
vn -0.28044 -0.02311 0.95959
vn 0.21977 -0.15004 0.96394
vn 0.22264 -0.09149 0.97060
vn 0.21522 -0.05341 0.97510
vn 0.20551 -0.04969 0.97739
vn 0.20565 -0.06115 0.97671
vn 0.20836 -0.06540 0.97586
vn 0.10470 -0.06063 0.99265
vn -0.02168 -0.05236 0.99839
vn -0.04826 -0.04072 0.99800
vn -0.07442 -0.04007 0.99642
vn -0.08116 -0.05463 0.99520
vn -0.05941 -0.07646 0.99530
vn -0.01852 -0.09214 0.99557
vn 0.00964 -0.09295 0.99562
vn -0.04088 -0.08177 0.99581
vn -0.11353 -0.06614 0.99133
vn -0.16510 -0.06389 0.98421
vn -0.21636 -0.07775 0.97321
vn -0.42246 -0.63064 0.65101
vn -0.36274 -0.80271 0.47336
vn 0.00000 0.00000 1.00000
vn 0.00000 0.00000 1.00000
vn 0.00000 0.00000 1.00000
vn 0.00000 0.00000 1.00000
vn 0.00000 0.00000 1.00000
vn 0.00000 0.00000 1.00000
vn 0.00000 0.00000 1.00000
vn 0.00000 0.00000 1.00000
vn 0.00000 0.00000 1.00000
vn 0.00000 0.00000 1.00000
vn 0.00000 0.00000 1.00000
vn 0.00000 0.00000 1.00000
vn 0.00000 0.00000 1.00000
vn 0.00000 0.00000 1.00000
vn 0.00000 0.00000 1.00000
vn 0.24541 -0.22679 0.94252
vn -0.07347 -0.40794 0.91005
vn -0.02734 -0.21396 0.97646
vn -0.30357 0.13179 0.94365
vn -0.29471 0.11500 0.94864
vn 0.00000 0.00000 1.00000
vn 0.00000 0.00000 1.00000
vn 0.00000 0.00000 1.00000
vn 0.00000 0.00000 1.00000
vn -0.39711 -0.17528 0.90088
vn -0.41147 -0.27930 0.86757
vn -0.06081 -0.16536 0.98436
vn -0.01760 -0.14131 0.98981
vn 0.02603 -0.10103 0.99454
vn 0.05022 -0.06024 0.99692
vn 0.08072 -0.04358 0.99578
vn 0.12517 -0.06973 0.98968
vn 0.16079 -0.14420 0.97640
vn 0.17426 -0.20253 0.96365
vn 0.18446 -0.22105 0.95766
vn 0.20440 -0.20062 0.95811
vn 0.48412 -0.17822 0.85666
vn 0.49532 -0.07073 0.86583
vn 0.48451 0.01962 0.87456
vn 0.46089 0.07926 0.88391
vn 0.44077 0.11881 0.88972
vn 0.42491 0.15079 0.89259
vn 0.39115 0.18239 0.90207
vn 0.26144 0.21786 0.94031
vn 0.17055 0.23044 0.95802
vn 0.12325 0.23414 0.96436
vn 0.08021 0.22476 0.97111
vn 0.05248 0.21448 0.97532
vn 0.04071 0.21859 0.97497
vn 0.01799 0.23921 0.97080
vn -0.07704 0.26661 0.96072
vn -0.17377 0.28975 0.94120
vn -0.23162 0.29661 0.92649
vn -0.28149 0.28181 0.91725
vn -0.31695 0.25026 0.91483
vn -0.44315 -0.67909 0.58519
vn -0.21084 -0.53727 0.81663
vn 0.00000 0.00000 1.00000
vn 0.00000 0.00000 1.00000
vn 0.00000 0.00000 1.00000
vn 0.00000 0.00000 1.00000
vn -0.01435 -0.00777 0.99987
vn -0.04164 -0.00603 0.99911
vn -0.04866 -0.00681 0.99879
vn -0.03905 -0.00240 0.99923
vn -0.01721 0.00265 0.99985
vn 0.00000 0.00000 1.00000
vn 0.00000 0.00000 1.00000
vn 0.00000 0.00000 1.00000
vn -0.00516 -0.01034 0.99993
vn -0.08130 -0.19272 0.97788
vn -0.09268 -0.33965 0.93597
vn 0.22233 -0.19001 0.95628
vn 0.00000 0.00000 1.00000
vn -0.24881 -0.06864 0.96612
vn -0.44509 -0.16260 0.88060
vn -0.00963 -0.03699 0.99927
vn -0.00459 -0.03798 0.99927
vn -0.01139 -0.02778 0.99955
vn -0.04224 0.04287 0.99819
vn -0.24409 -0.07141 0.96712
vn -0.22206 -0.45374 0.86302
vn 0.13923 -0.41771 0.89785
vn 0.22684 -0.37702 0.89800
vn 0.29432 -0.32046 0.90038
vn 0.34772 -0.26536 0.89926
vn 0.38602 -0.23385 0.89236
vn 0.40298 -0.23730 0.88391
vn 0.39468 -0.28485 0.87355
vn 0.38954 -0.32647 0.86120
vn 0.41372 -0.31902 0.85268
vn 0.45195 -0.26789 0.85087
vn 0.49130 -0.16964 0.85431
vn 0.50349 -0.06948 0.86120
vn 0.49548 0.01358 0.86851
vn 0.47264 0.07434 0.87811
vn 0.45046 0.12124 0.88453
vn 0.43218 0.15804 0.88783
vn 0.41674 0.18618 0.88976
vn 0.34267 0.21248 0.91511
vn 0.20847 0.23339 0.94977
vn 0.15168 0.24032 0.95877
vn 0.10922 0.24301 0.96386
vn 0.07355 0.24657 0.96633
vn 0.04192 0.25452 0.96616
vn 0.00516 0.27471 0.96151
vn -0.09507 0.29831 0.94972
vn -0.19086 0.31289 0.93042
vn -0.23859 0.31307 0.91927
vn -0.27791 0.29680 0.91361
vn -0.30721 0.26963 0.91265
vn -0.55215 -0.02765 0.83329
vn -0.43247 -0.24832 0.86678
vn 0.00000 0.00000 1.00000
vn 0.00000 0.00000 1.00000
vn -0.03148 -0.00593 0.99949
vn -0.11304 0.00339 0.99358
vn -0.19767 -0.01689 0.98012
vn -0.24490 -0.03685 0.96885
vn -0.25893 -0.04397 0.96489
vn -0.26589 -0.03996 0.96317
vn -0.26651 -0.03080 0.96334
vn -0.25430 -0.03642 0.96644
vn -0.24112 -0.05125 0.96914
vn -0.23531 -0.07056 0.96936
vn -0.21493 -0.10827 0.97061
vn 0.00835 -0.26424 0.96442
vn -0.08111 -0.29967 0.95059
vn -0.02368 -0.15383 0.98781
vn 0.00000 0.00000 1.00000
vn 0.00000 0.00000 1.00000
vn -0.37051 -0.20772 0.90531
vn -0.25484 -0.30223 0.91854
vn -0.03795 -0.24988 0.96753
vn -0.04152 -0.24009 0.96986
vn -0.06877 -0.21803 0.97352
vn -0.07658 -0.17209 0.98210
vn -0.04641 -0.37257 0.92684
vn 0.14921 -0.42248 0.89401
vn 0.23194 -0.38545 0.89310
vn 0.31350 -0.33572 0.88826
vn 0.38377 -0.28376 0.87875
vn 0.42139 -0.25196 0.87117
vn 0.41967 -0.24721 0.87337
vn 0.39910 -0.27709 0.87403
vn 0.39812 -0.31358 0.86207
vn 0.42316 -0.30327 0.85379
vn 0.46008 -0.25302 0.85106
vn 0.41986 -0.14825 0.89540
vn 0.43043 -0.07200 0.89975
vn 0.42627 -0.01559 0.90446
vn 0.40816 0.02764 0.91249
vn 0.38963 0.06736 0.91850
vn 0.37465 0.09804 0.92197
vn 0.36265 0.12030 0.92413
vn 0.34213 0.13800 0.92946
vn 0.22680 0.15949 0.96079
vn 0.12165 0.17064 0.97780
vn 0.08689 0.17849 0.98010
vn 0.05456 0.18269 0.98166
vn 0.02711 0.18859 0.98168
vn -0.00917 0.19952 0.97985
vn -0.10509 0.21314 0.97135
vn -0.19149 0.22071 0.95636
vn -0.22492 0.21712 0.94988
vn -0.25246 0.19738 0.94726
vn -0.27450 0.16760 0.94687
vn -0.37112 -0.07565 0.92550
vn -0.28907 -0.35856 0.88762
vn -0.00296 0.00055 1.00000
vn -0.05227 0.00457 0.99862
vn -0.14040 0.01054 0.99004
vn -0.21921 -0.03378 0.97509
vn -0.29290 -0.05794 0.95439
vn -0.33700 -0.05521 0.93988
vn -0.34210 -0.05568 0.93801
vn -0.34572 -0.06228 0.93627
vn -0.35850 -0.05837 0.93170
vn -0.37320 -0.05929 0.92585
vn -0.37284 -0.07402 0.92494
vn -0.35822 -0.10178 0.92808
vn -0.33253 -0.14425 0.93199
vn -0.21316 -0.21465 0.95315
vn 0.03854 -0.16064 0.98626
vn -0.01162 -0.01487 0.99982
vn -0.00993 -0.01616 0.99982
vn -0.00758 -0.01540 0.99985
vn -0.08252 -0.03890 0.99583
vn -0.20356 -0.23049 0.95154
vn -0.05790 -0.32947 0.94239
vn -0.06400 -0.32970 0.94192
vn -0.06331 -0.31471 0.94708
vn -0.03122 -0.32991 0.94350
vn 0.03414 -0.34560 0.93776
vn 0.09872 -0.34566 0.93315
vn 0.17667 -0.32409 0.92938
vn 0.26964 -0.28169 0.92084
vn 0.34370 -0.24608 0.90626
vn 0.36666 -0.21839 0.90436
vn 0.35260 -0.21322 0.91116
vn 0.33999 -0.22585 0.91291
vn 0.34325 -0.25776 0.90318
vn 0.36404 -0.25283 0.89641
vn 0.39449 -0.21241 0.89401
vn 0.30914 -0.12177 0.94319
vn 0.31866 -0.07925 0.94455
vn 0.31581 -0.05445 0.94726
vn 0.30739 -0.03663 0.95088
vn 0.29517 -0.01059 0.95538
vn 0.28597 0.00870 0.95820
vn 0.27905 0.02201 0.96002
vn 0.27206 0.03472 0.96165
vn 0.21904 0.05571 0.97412
vn 0.08946 0.07325 0.99329
vn 0.04545 0.07778 0.99593
vn 0.02585 0.07278 0.99701
vn 0.00711 0.06663 0.99775
vn -0.01880 0.06718 0.99756
vn -0.10248 0.07029 0.99225
vn -0.17687 0.07009 0.98173
vn -0.19607 0.06330 0.97854
vn -0.21138 0.04660 0.97629
vn -0.22310 0.01882 0.97461
vn -0.22104 -0.00547 0.97525
vn -0.21048 -0.30915 0.92743
vn -0.07109 -0.14390 0.98704
vn -0.10053 -0.01609 0.99480
vn -0.18220 -0.02506 0.98294
vn -0.23026 -0.03942 0.97233
vn -0.23447 -0.07169 0.96948
vn -0.22545 -0.05523 0.97269
vn -0.21836 -0.03493 0.97524
vn -0.21865 -0.04225 0.97489
vn -0.22488 -0.04241 0.97346
vn -0.23433 -0.04302 0.97121
vn -0.24068 -0.04849 0.96939
vn -0.23541 -0.06417 0.96978
vn -0.21513 -0.08901 0.97252
vn -0.18322 -0.11365 0.97648
vn -0.06769 -0.10232 0.99245
vn -0.04574 -0.05909 0.99720
vn -0.03945 -0.06515 0.99710
vn -0.03345 -0.06986 0.99700
vn -0.02730 -0.07304 0.99696
vn -0.07057 -0.14741 0.98655
vn -0.03567 -0.19815 0.97952
vn -0.05707 -0.20072 0.97799
vn -0.07734 -0.20466 0.97577
vn -0.05135 -0.20974 0.97641
vn -0.01650 -0.21249 0.97702
vn 0.02094 -0.21978 0.97532
vn 0.09943 -0.21340 0.97189
vn 0.19690 -0.20471 0.95881
vn 0.25399 -0.17434 0.95136
vn 0.26022 -0.15908 0.95235
vn 0.25093 -0.15188 0.95602
vn 0.24652 -0.15167 0.95720
vn 0.25157 -0.17765 0.95140
vn 0.26735 -0.18678 0.94532
vn 0.28920 -0.16139 0.94357
vn 0.23594 -0.10631 0.96593
vn 0.25085 -0.08222 0.96453
vn 0.24822 -0.07256 0.96598
vn 0.24344 -0.07450 0.96705
vn 0.23652 -0.05705 0.96995
vn 0.23087 -0.04483 0.97195
vn 0.22710 -0.03661 0.97318
vn 0.22096 -0.02865 0.97486
vn 0.20921 -0.00501 0.97786
vn 0.10334 0.01091 0.99459
vn 0.02024 0.01889 0.99962
vn 0.00974 0.00757 0.99992
vn -0.00189 -0.00164 1.00000
vn -0.01856 -0.00653 0.99981
vn -0.07764 -0.00884 0.99694
vn -0.16292 -0.01303 0.98655
vn -0.17519 -0.02117 0.98431
vn -0.18489 -0.03540 0.98212
vn -0.19144 -0.05526 0.97995
vn -0.18816 -0.08244 0.97867
vn -0.19934 -0.11642 0.97299
vn -0.18077 -0.15161 0.97177
vn -0.11601 -0.00625 0.99323
vn -0.18625 -0.04009 0.98168
vn -0.18108 -0.05315 0.98203
vn -0.16941 -0.07139 0.98296
vn -0.15454 -0.06218 0.98603
vn -0.14196 -0.02233 0.98962
vn -0.14159 -0.02796 0.98953
vn -0.14364 -0.02980 0.98918
vn -0.14892 -0.03049 0.98838
vn -0.15292 -0.03281 0.98769
vn -0.15176 -0.03915 0.98764
vn -0.14073 -0.05370 0.98859
vn -0.12103 -0.06885 0.99026
vn -0.09797 -0.08050 0.99193
vn -0.07729 -0.08859 0.99306
vn -0.06187 -0.09569 0.99349
vn -0.05077 -0.10352 0.99333
vn -0.04229 -0.11194 0.99281
vn -0.03383 -0.11940 0.99227
vn -0.02339 -0.12412 0.99199
vn -0.03876 -0.12554 0.99133
vn -0.08126 -0.12872 0.98835
vn -0.06823 -0.13471 0.98853
vn -0.04741 -0.13967 0.98906
vn -0.02562 -0.14204 0.98953
vn 0.02671 -0.13178 0.99092
vn 0.13911 -0.14187 0.98006
vn 0.19264 -0.13309 0.97220
vn 0.19286 -0.12102 0.97373
vn 0.18871 -0.11321 0.97548
vn 0.18729 -0.10798 0.97635
vn 0.19102 -0.11964 0.97427
vn 0.20189 -0.14328 0.96887
vn 0.22069 -0.13168 0.96641
vn -0.68531 0.16076 0.71028
vn -0.69303 0.03798 0.71991
vn -0.68579 -0.08659 0.72263
vn -0.66065 -0.18348 0.72792
vn -0.61843 -0.27614 0.73572
vn -0.57584 -0.35335 0.73726
vn -0.54443 -0.40092 0.73679
vn -0.52174 -0.42490 0.73977
vn -0.49494 -0.43861 0.75010
vn -0.44843 -0.45583 0.76885
vn -0.37242 -0.48439 0.79162
vn -0.26787 -0.52475 0.80801
vn -0.14757 -0.57116 0.80746
vn -0.03980 -0.61407 0.78825
vn 0.03776 -0.64817 0.76056
vn 0.08132 -0.67071 0.73725
vn 0.09253 -0.68233 0.72517
vn 0.09134 -0.68185 0.72576
vn 0.10521 -0.66587 0.73861
vn 0.15084 -0.63079 0.76115
vn 0.22813 -0.57385 0.78654
vn 0.32460 -0.49402 0.80658
vn 0.42257 -0.39234 0.81701
vn 0.50492 -0.27322 0.81878
vn 0.56009 -0.14625 0.81542
vn 0.58596 -0.02770 0.80987
vn 0.59250 0.07501 0.80207
vn 0.59226 0.15374 0.79095
vn 0.59829 0.20003 0.77591
vn 0.61559 0.21408 0.75843
vn 0.63731 0.20969 0.74153
vn 0.64814 0.21262 0.73124
vn 0.63281 0.24397 0.73487
vn 0.58099 0.30710 0.75375
vn 0.49479 0.37823 0.78238
vn 0.37799 0.45126 0.80839
vn 0.26187 0.52193 0.81180
vn 0.15908 0.58044 0.79861
vn 0.08376 0.62299 0.77773
vn 0.03282 0.65126 0.75815
vn -0.00802 0.66783 0.74427
vn -0.05771 0.67484 0.73570
vn -0.10686 0.67287 0.73200
vn -0.17233 0.66196 0.72946
vn -0.28071 0.63600 0.71882
vn -0.40253 0.59208 0.69815
vn -0.50681 0.53650 0.67477
vn -0.57980 0.47970 0.65858
vn -0.61651 0.43722 0.65479
vn -0.60690 0.44394 0.65923
vn -0.58515 0.46204 0.66643
vn -0.57291 0.45350 0.68273
vn -0.57914 0.43423 0.68996
vn -0.60575 0.39927 0.68822
vn -0.64341 0.34498 0.68338
vn -0.67207 0.27149 0.68892
vn -0.62341 0.17930 0.76106
vn -0.63102 0.06889 0.77270
vn -0.62679 -0.04052 0.77813
vn -0.61395 -0.13428 0.77784
vn -0.59035 -0.21809 0.77712
vn -0.54782 -0.29794 0.78175
vn -0.51636 -0.34787 0.78253
vn -0.49729 -0.37132 0.78411
vn -0.47897 -0.38157 0.79057
vn -0.44343 -0.39442 0.80487
vn -0.37661 -0.41956 0.82592
vn -0.27569 -0.45732 0.84549
vn -0.15301 -0.50102 0.85180
vn -0.03870 -0.54175 0.83965
vn 0.04077 -0.57606 0.81639
vn 0.08061 -0.60288 0.79375
vn 0.08452 -0.62158 0.77878
vn 0.07222 -0.62941 0.77371
vn 0.07420 -0.62124 0.78010
vn 0.10973 -0.59235 0.79817
vn 0.17906 -0.53997 0.82242
vn 0.26837 -0.46515 0.84357
vn 0.35948 -0.37256 0.85556
vn 0.43707 -0.26786 0.85862
vn 0.49170 -0.15695 0.85650
vn 0.52080 -0.04896 0.85227
vn 0.53052 0.04967 0.84622
vn 0.53021 0.13446 0.83714
vn 0.53124 0.19337 0.82486
vn 0.54232 0.21922 0.81107
vn 0.56272 0.21712 0.79763
vn 0.58030 0.20867 0.78721
vn 0.57823 0.21985 0.78569
vn 0.54226 0.26132 0.79854
vn 0.47149 0.32065 0.82152
vn 0.36694 0.39043 0.84435
vn 0.24665 0.46295 0.85138
vn 0.13691 0.52395 0.84067
vn 0.05542 0.56761 0.82143
vn 0.00415 0.59648 0.80262
vn -0.02985 0.61418 0.78860
vn -0.06785 0.62314 0.77916
vn -0.10707 0.62392 0.77412
vn -0.15940 0.61499 0.77226
vn -0.25356 0.59245 0.76466
vn -0.36994 0.55295 0.74658
vn -0.47000 0.50466 0.72417
vn -0.54028 0.45697 0.70659
vn -0.57622 0.41961 0.70136
vn -0.57610 0.41556 0.70386
vn -0.55077 0.44905 0.70357
vn -0.53733 0.44478 0.71655
vn -0.54364 0.41771 0.72799
vn -0.56400 0.37795 0.73421
vn -0.58386 0.32574 0.74364
vn -0.60317 0.26156 0.75351
vn -0.38992 0.14621 0.90917
vn -0.40457 0.09309 0.90975
vn -0.40499 0.04164 0.91337
vn -0.39558 -0.00638 0.91841
vn -0.40399 -0.06332 0.91257
vn -0.39654 -0.12550 0.90940
vn -0.37384 -0.16226 0.91319
vn -0.36595 -0.17342 0.91433
vn -0.36341 -0.17215 0.91558
vn -0.34705 -0.17584 0.92121
vn -0.29979 -0.19457 0.93395
vn -0.21637 -0.22704 0.94955
vn -0.10910 -0.26433 0.95824
vn -0.01078 -0.29736 0.95470
vn 0.04823 -0.32544 0.94433
vn 0.06287 -0.35101 0.93426
vn 0.04004 -0.37505 0.92614
vn 0.00353 -0.39362 0.91927
vn -0.01314 -0.39823 0.91719
vn 0.00689 -0.38152 0.92434
vn 0.05824 -0.34167 0.93801
vn 0.12279 -0.28473 0.95071
vn 0.18276 -0.22114 0.95796
vn 0.22849 -0.15845 0.96057
vn 0.25804 -0.09752 0.96120
vn 0.27355 -0.03624 0.96118
vn 0.28013 0.02910 0.95952
vn 0.28056 0.10006 0.95461
vn 0.27827 0.16278 0.94661
vn 0.27943 0.19882 0.93936
vn 0.28938 0.19935 0.93623
vn 0.30573 0.17556 0.93579
vn 0.31580 0.15397 0.93625
vn 0.30456 0.15108 0.94044
vn 0.25815 0.17203 0.95067
vn 0.18647 0.21905 0.95773
vn 0.09187 0.28244 0.95487
vn 0.00090 0.33714 0.94146
vn -0.06635 0.37501 0.92464
vn -0.10268 0.39766 0.91177
vn -0.11726 0.41064 0.90423
vn -0.13108 0.41821 0.89884
vn -0.13778 0.42087 0.89660
vn -0.15448 0.41428 0.89694
vn -0.21733 0.39637 0.89199
vn -0.30332 0.36740 0.87921
vn -0.37211 0.33759 0.86462
vn -0.41321 0.31502 0.85441
vn -0.42586 0.30403 0.85218
vn -0.41864 0.30687 0.85473
vn -0.39859 0.35670 0.84492
vn -0.39106 0.37107 0.84225
vn -0.40150 0.32951 0.85453
vn -0.39928 0.28212 0.87234
vn -0.38493 0.23213 0.89328
vn -0.37930 0.18958 0.90564
vn 0.13522 0.05865 0.98908
vn 0.12042 0.12174 0.98523
vn 0.09532 0.18996 0.97715
vn 0.08040 0.23910 0.96766
vn 0.05805 0.25408 0.96544
vn 0.01763 0.25067 0.96791
vn -0.00111 0.24989 0.96827
vn -0.01443 0.26076 0.96529
vn -0.04233 0.27280 0.96114
vn -0.06996 0.27418 0.95913
vn -0.07799 0.26147 0.96206
vn -0.05668 0.24222 0.96857
vn -0.01495 0.22877 0.97337
vn 0.01832 0.22870 0.97332
vn 0.01726 0.23675 0.97142
vn -0.01761 0.24051 0.97049
vn -0.07475 0.22874 0.97061
vn -0.13388 0.19966 0.97068
vn -0.17223 0.16407 0.97130
vn -0.18310 0.13652 0.97357
vn -0.17723 0.12316 0.97643
vn -0.17256 0.11720 0.97800
vn -0.18102 0.10503 0.97786
vn -0.20183 0.07806 0.97630
vn -0.22501 0.04033 0.97352
vn -0.24114 0.00671 0.97047
vn -0.24815 -0.00540 0.96871
vn -0.25391 0.01431 0.96712
vn -0.26768 0.05417 0.96198
vn -0.29051 0.08641 0.95296
vn -0.31251 0.08555 0.94605
vn -0.31872 0.04530 0.94677
vn -0.30037 -0.01728 0.95367
vn -0.26051 -0.08367 0.96184
vn -0.22865 -0.12281 0.96573
vn -0.21288 -0.12139 0.96951
vn -0.22648 -0.09531 0.96934
vn -0.25453 -0.07126 0.96444
vn -0.27670 -0.06189 0.95896
vn -0.27872 -0.06638 0.95808
vn -0.25980 -0.07511 0.96274
vn -0.23189 -0.07901 0.96953
vn -0.17749 -0.07933 0.98092
vn -0.11708 -0.08380 0.98958
vn -0.09542 -0.09293 0.99109
vn -0.08979 -0.10425 0.99049
vn -0.06559 -0.10495 0.99231
vn -0.02539 -0.08573 0.99599
vn 0.01420 -0.04839 0.99873
vn 0.03257 -0.01010 0.99942
vn 0.02451 0.05123 0.99839
vn -0.00384 0.11211 0.99369
vn 0.00621 0.07605 0.99708
vn 0.05965 0.01343 0.99813
vn 0.10935 -0.00931 0.99396
vn 0.13532 0.00619 0.99078
vn 0.44291 -0.00584 0.89655
vn 0.43303 0.11325 0.89424
vn 0.39509 0.24659 0.88492
vn 0.35579 0.34742 0.86759
vn 0.32205 0.40206 0.85711
vn 0.28238 0.43405 0.85549
vn 0.23263 0.46078 0.85648
vn 0.20324 0.48067 0.85302
vn 0.16643 0.49578 0.85235
vn 0.12074 0.50162 0.85662
vn 0.07958 0.49697 0.86411
vn 0.05393 0.48893 0.87066
vn 0.04143 0.48888 0.87137
vn 0.02351 0.50280 0.86408
vn -0.01590 0.52364 0.85179
vn -0.07068 0.53795 0.84001
vn -0.12965 0.53556 0.83448
vn -0.18351 0.51372 0.83810
vn -0.22500 0.47731 0.84944
vn -0.25532 0.43464 0.86366
vn -0.28312 0.39150 0.87554
vn -0.31957 0.34566 0.88227
vn -0.36982 0.28786 0.88339
vn -0.42702 0.21131 0.87920
vn -0.47632 0.12194 0.87077
vn -0.50681 0.03834 0.86120
vn -0.51968 -0.01906 0.85415
vn -0.52683 -0.03821 0.84911
vn -0.54086 -0.02589 0.84072
vn -0.56470 -0.00609 0.82527
vn -0.58980 -0.00605 0.80753
vn -0.60191 -0.04051 0.79754
vn -0.58984 -0.10628 0.80050
vn -0.54708 -0.18896 0.81547
vn -0.48654 -0.25586 0.83535
vn -0.43274 -0.28788 0.85432
vn -0.39797 -0.29790 0.86769
vn -0.38149 -0.30431 0.87285
vn -0.36925 -0.31927 0.87276
vn -0.34803 -0.34267 0.87261
vn -0.31285 -0.36593 0.87648
vn -0.26717 -0.38079 0.88522
vn -0.18247 -0.39026 0.90244
vn -0.07821 -0.39709 0.91444
vn -0.00059 -0.40065 0.91623
vn 0.06900 -0.40079 0.91357
vn 0.15409 -0.38568 0.90968
vn 0.24135 -0.34738 0.90614
vn 0.30604 -0.29181 0.90619
vn 0.32808 -0.23966 0.91374
vn 0.31045 -0.19807 0.92972
vn 0.30738 -0.12406 0.94346
vn 0.33205 -0.12542 0.93489
vn 0.36603 -0.15364 0.91783
vn 0.39884 -0.15516 0.90380
vn 0.42643 -0.10388 0.89854
vn 0.45066 -0.00759 0.89266
vn 0.44333 0.10420 0.89028
vn 0.40737 0.23980 0.88122
vn 0.36648 0.34516 0.86404
vn 0.33231 0.40154 0.85343
vn 0.30651 0.43679 0.84573
vn 0.26428 0.46551 0.84466
vn 0.21777 0.48612 0.84632
vn 0.18687 0.49802 0.84679
vn 0.14694 0.50264 0.85191
vn 0.10482 0.50012 0.85959
vn 0.06968 0.49560 0.86575
vn 0.04210 0.49748 0.86645
vn 0.01123 0.51044 0.85984
vn -0.03298 0.52875 0.84814
vn -0.08330 0.54161 0.83650
vn -0.13096 0.54108 0.83071
vn -0.17246 0.52417 0.83397
vn -0.20663 0.49266 0.84534
vn -0.23747 0.45131 0.86019
vn -0.27147 0.40490 0.87313
vn -0.31522 0.35316 0.88086
vn -0.37033 0.29059 0.88228
vn -0.42952 0.21273 0.87765
vn -0.47972 0.12475 0.86851
vn -0.51165 0.04210 0.85816
vn -0.52645 -0.01812 0.85001
vn -0.53435 -0.04617 0.84400
vn -0.54732 -0.04542 0.83569
vn -0.56914 -0.03327 0.82157
vn -0.59312 -0.03174 0.80449
vn -0.60681 -0.05596 0.79288
vn -0.59836 -0.11108 0.79349
vn -0.56580 -0.18145 0.80433
vn -0.51128 -0.24284 0.82439
vn -0.45713 -0.27800 0.84483
vn -0.41433 -0.29714 0.86025
vn -0.38706 -0.31172 0.86776
vn -0.36671 -0.33078 0.86955
vn -0.34316 -0.35431 0.86989
vn -0.31103 -0.37594 0.87289
vn -0.27008 -0.38969 0.88045
vn -0.18376 -0.39960 0.89808
vn -0.07256 -0.40690 0.91059
vn 0.01166 -0.40932 0.91232
vn 0.08579 -0.40775 0.90906
vn 0.17014 -0.39279 0.90375
vn 0.25140 -0.35894 0.89887
vn 0.30845 -0.31197 0.89863
vn 0.33093 -0.26822 0.90473
vn 0.34434 -0.24435 0.90649
vn 0.36590 -0.18889 0.91128
vn 0.38364 -0.13618 0.91339
vn 0.39436 -0.15210 0.90628
vn 0.40966 -0.14648 0.90040
vn 0.43510 -0.09728 0.89511
vn 0.36504 0.01179 0.93092
vn 0.35766 0.10130 0.92834
vn 0.32987 0.21877 0.91833
vn 0.29367 0.31265 0.90333
vn 0.26650 0.35809 0.89484
vn 0.24470 0.38894 0.88817
vn 0.22506 0.41212 0.88290
vn 0.18374 0.43000 0.88394
vn 0.14678 0.43657 0.88762
vn 0.11844 0.43745 0.89141
vn 0.08590 0.43394 0.89684
vn 0.05449 0.42918 0.90157
vn 0.02668 0.42941 0.90271
vn -0.00370 0.43788 0.89903
vn -0.04246 0.45009 0.89197
vn -0.08212 0.45808 0.88511
vn -0.11603 0.45588 0.88245
vn -0.14435 0.44069 0.88598
vn -0.16875 0.41353 0.89472
vn -0.19397 0.37737 0.90552
vn -0.22453 0.33514 0.91502
vn -0.26392 0.28750 0.92070
vn -0.31189 0.23274 0.92117
vn -0.36249 0.16848 0.91663
vn -0.40614 0.09832 0.90851
vn -0.43595 0.03276 0.89937
vn -0.45224 -0.01578 0.89175
vn -0.46206 -0.04136 0.88588
vn -0.47516 -0.04560 0.87872
vn -0.49549 -0.03920 0.86773
vn -0.51833 -0.03729 0.85437
vn -0.53359 -0.05229 0.84412
vn -0.52946 -0.09348 0.84317
vn -0.50557 -0.14547 0.85043
vn -0.46445 -0.18935 0.86512
vn -0.42094 -0.21721 0.88070
vn -0.38357 -0.23433 0.89329
vn -0.35646 -0.24809 0.90077
vn -0.33737 -0.26410 0.90357
vn -0.31844 -0.28193 0.90505
vn -0.29500 -0.29714 0.90812
vn -0.26467 -0.30650 0.91434
vn -0.18348 -0.31460 0.93132
vn -0.07636 -0.32102 0.94399
vn -0.00193 -0.32329 0.94630
vn 0.05796 -0.32421 0.94421
vn 0.12338 -0.31545 0.94089
vn 0.18376 -0.29330 0.93820
vn 0.22810 -0.26181 0.93778
vn 0.27493 -0.22948 0.93368
vn 0.31604 -0.21198 0.92476
vn 0.33574 -0.18964 0.92267
vn 0.33484 -0.11166 0.93564
vn 0.32945 -0.09773 0.93910
vn 0.33964 -0.09163 0.93608
vn 0.35641 -0.05484 0.93272
vn 0.23398 0.03477 0.97162
vn 0.22476 0.09724 0.96955
vn 0.20776 0.18767 0.96001
vn 0.18215 0.26023 0.94821
vn 0.16400 0.28994 0.94289
vn 0.14935 0.31140 0.93847
vn 0.13800 0.32698 0.93490
vn 0.11854 0.33771 0.93376
vn 0.08386 0.34277 0.93567
vn 0.06408 0.34043 0.93808
vn 0.04551 0.33404 0.94146
vn 0.02621 0.32674 0.94475
vn 0.00707 0.32243 0.94657
vn -0.01442 0.32354 0.94611
vn -0.04153 0.32705 0.94409
vn -0.06767 0.32765 0.94237
vn -0.08782 0.32158 0.94280
vn -0.10422 0.30622 0.94624
vn -0.11921 0.28185 0.95202
vn -0.13662 0.25196 0.95805
vn -0.15867 0.22071 0.96235
vn -0.18716 0.18624 0.96451
vn -0.22180 0.14662 0.96401
vn -0.25885 0.10342 0.96036
vn -0.29254 0.05837 0.95447
vn -0.31826 0.01689 0.94785
vn -0.33531 -0.01342 0.94201
vn -0.34714 -0.03022 0.93733
vn -0.36014 -0.03499 0.93224
vn -0.37787 -0.03232 0.92529
vn -0.39800 -0.03027 0.91689
vn -0.41427 -0.03796 0.90936
vn -0.41705 -0.06301 0.90670
vn -0.40317 -0.09461 0.91022
vn -0.37940 -0.11821 0.91765
vn -0.35208 -0.13394 0.92634
vn -0.32808 -0.14340 0.93370
vn -0.30826 -0.15106 0.93923
vn -0.29463 -0.16111 0.94193
vn -0.28188 -0.18002 0.94241
vn -0.27167 -0.20658 0.93996
vn -0.25406 -0.22818 0.93989
vn -0.17976 -0.24443 0.95286
vn -0.08024 -0.25014 0.96488
vn -0.02556 -0.23550 0.97154
vn 0.00909 -0.21184 0.97726
vn 0.04579 -0.19933 0.97886
vn 0.07931 -0.19108 0.97837
vn 0.13654 -0.17465 0.97512
vn 0.20806 -0.16160 0.96467
vn 0.25126 -0.15069 0.95612
vn 0.25174 -0.15081 0.95597
vn 0.23589 -0.08266 0.96826
vn 0.22689 -0.02266 0.97366
vn 0.22858 -0.02106 0.97330
vn 0.23388 -0.00226 0.97226
vn 0.15900 0.04458 0.98627
vn 0.14625 0.08565 0.98553
vn 0.13375 0.15710 0.97848
vn 0.11408 0.22539 0.96757
vn 0.10126 0.24555 0.96408
vn 0.09063 0.26060 0.96118
vn 0.08268 0.27175 0.95881
vn 0.07566 0.27983 0.95707
vn 0.04931 0.28203 0.95814
vn 0.02953 0.28263 0.95878
vn 0.02067 0.27544 0.96110
vn 0.00951 0.26582 0.96397
vn -0.00265 0.25813 0.96611
vn -0.01668 0.25421 0.96700
vn -0.03519 0.25249 0.96696
vn -0.05422 0.24889 0.96701
vn -0.06734 0.24118 0.96814
vn -0.07796 0.22738 0.97068
vn -0.08809 0.20649 0.97448
vn -0.10087 0.17917 0.97863
vn -0.11747 0.15161 0.98143
vn -0.13835 0.12604 0.98233
vn -0.16360 0.09674 0.98177
vn -0.19120 0.06504 0.97939
vn -0.21768 0.03398 0.97543
vn -0.23986 0.00633 0.97079
vn -0.25675 -0.01348 0.96639
vn -0.26951 -0.02361 0.96271
vn -0.28218 -0.02731 0.95897
vn -0.29779 -0.02614 0.95427
vn -0.31587 -0.02403 0.94850
vn -0.33167 -0.02745 0.94300
vn -0.34240 -0.04204 0.93861
vn -0.33712 -0.06364 0.93931
vn -0.32394 -0.07648 0.94298
vn -0.30732 -0.08520 0.94779
vn -0.29229 -0.08967 0.95212
vn -0.27877 -0.09230 0.95591
vn -0.26753 -0.09707 0.95865
vn -0.25418 -0.10854 0.96105
vn -0.24570 -0.14156 0.95895
vn -0.24040 -0.18091 0.95367
vn -0.19204 -0.21259 0.95809
vn -0.09148 -0.23280 0.96821
vn -0.04179 -0.22556 0.97333
vn -0.02389 -0.18205 0.98300
vn -0.00350 -0.13984 0.99017
vn 0.01628 -0.12650 0.99183
vn 0.05462 -0.09964 0.99352
vn 0.16237 -0.11648 0.97983
vn 0.21094 -0.11301 0.97094
vn 0.19166 -0.11592 0.97459
vn 0.18568 -0.09149 0.97834
vn 0.17724 -0.00255 0.98416
vn 0.16342 0.01788 0.98640
vn 0.16278 0.02517 0.98634
vn -0.59782 -0.04177 0.80054
vn -0.58700 -0.16679 0.79222
vn -0.54578 -0.29631 0.78379
vn -0.48606 -0.41505 0.76908
vn -0.42407 -0.50679 0.75055
vn -0.37402 -0.56822 0.73296
vn -0.33898 -0.60284 0.72227
vn -0.31012 -0.61959 0.72106
vn -0.28070 -0.62704 0.72665
vn -0.23143 -0.63569 0.73643
vn -0.15262 -0.65034 0.74415
vn -0.05091 -0.66924 0.74130
vn 0.05694 -0.68829 0.72320
vn 0.15200 -0.70388 0.69387
vn 0.21989 -0.71476 0.66390
vn 0.25509 -0.72211 0.64303
vn 0.24866 -0.72906 0.63768
vn 0.23636 -0.72638 0.64537
vn 0.24999 -0.70929 0.65911
vn 0.29840 -0.67123 0.67853
vn 0.37516 -0.61094 0.69715
vn 0.46710 -0.52897 0.70853
vn 0.55791 -0.42882 0.71053
vn 0.63377 -0.31658 0.70577
vn 0.68660 -0.20138 0.69859
vn 0.71597 -0.09377 0.69180
vn 0.72868 -0.00973 0.68478
vn 0.73575 0.02907 0.67663
vn 0.74416 0.05784 0.66549
vn 0.75797 0.07106 0.64840
vn 0.77331 0.06824 0.63034
vn 0.78223 0.07077 0.61896
vn 0.77691 0.09542 0.62234
vn 0.75136 0.14532 0.64369
vn 0.70251 0.21336 0.67894
vn 0.63283 0.28964 0.71808
vn 0.55063 0.36891 0.74881
vn 0.47020 0.44267 0.76351
vn 0.40183 0.50011 0.76708
vn 0.35291 0.54021 0.76395
vn 0.31576 0.56605 0.76150
vn 0.26770 0.58392 0.76640
vn 0.19354 0.59686 0.77865
vn 0.08683 0.60304 0.79297
vn -0.04848 0.59662 0.80106
vn -0.19490 0.57110 0.79740
vn -0.32617 0.52476 0.78628
vn -0.42339 0.45870 0.78124
vn -0.46860 0.39605 0.78966
vn -0.47421 0.36188 0.80260
vn -0.46283 0.34271 0.81752
vn -0.44857 0.32110 0.83407
vn -0.45454 0.29252 0.84132
vn -0.48769 0.24875 0.83683
vn -0.53531 0.18163 0.82490
vn -0.57802 0.08428 0.81166
vn -0.52583 -0.04380 0.84946
vn -0.52422 -0.14798 0.83863
vn -0.49484 -0.25842 0.82967
vn -0.44365 -0.37160 0.81553
vn -0.38519 -0.46459 0.79736
vn -0.33483 -0.52937 0.77952
vn -0.30189 -0.56601 0.76713
vn -0.27963 -0.58166 0.76386
vn -0.25701 -0.58643 0.76814
vn -0.22034 -0.59165 0.77550
vn -0.15130 -0.60435 0.78222
vn -0.05195 -0.62235 0.78102
vn 0.05995 -0.63985 0.76616
vn 0.16056 -0.65337 0.73981
vn 0.23121 -0.66366 0.71141
vn 0.26459 -0.67329 0.69041
vn 0.25175 -0.68597 0.68269
vn 0.22659 -0.68997 0.68746
vn 0.22794 -0.67891 0.69795
vn 0.26727 -0.64611 0.71492
vn 0.33799 -0.58945 0.73370
vn 0.42551 -0.51102 0.74685
vn 0.51237 -0.41731 0.75056
vn 0.58566 -0.31564 0.74658
vn 0.63887 -0.21249 0.73939
vn 0.67130 -0.11378 0.73240
vn 0.68719 -0.02892 0.72590
vn 0.69502 0.01744 0.71878
vn 0.70176 0.04809 0.71079
vn 0.71316 0.07091 0.69740
vn 0.72882 0.06923 0.68120
vn 0.74214 0.06166 0.66740
vn 0.74444 0.06946 0.66407
vn 0.72861 0.10268 0.67719
vn 0.68988 0.15891 0.70627
vn 0.62763 0.23044 0.74362
vn 0.54716 0.30821 0.77822
vn 0.46296 0.38111 0.80027
vn 0.39185 0.43880 0.80864
vn 0.34271 0.47836 0.80853
vn 0.31140 0.50350 0.80593
vn 0.27558 0.52052 0.80816
vn 0.21426 0.53309 0.81848
vn 0.11994 0.53929 0.83353
vn -0.00421 0.53427 0.84530
vn -0.14093 0.51351 0.84643
vn -0.26466 0.47807 0.83750
vn -0.35357 0.43068 0.83036
vn -0.40247 0.37459 0.83528
vn -0.41308 0.34055 0.84462
vn -0.40228 0.32168 0.85714
vn -0.38975 0.29607 0.87203
vn -0.39409 0.25708 0.88239
vn -0.42190 0.20405 0.88338
vn -0.46319 0.13891 0.87531
vn -0.50273 0.05769 0.86251
vn -0.25887 -0.11215 0.95938
vn -0.26213 -0.15069 0.95319
vn -0.25018 -0.20246 0.94680
vn -0.22167 -0.27590 0.93527
vn -0.18454 -0.34519 0.92021
vn -0.15001 -0.39687 0.90553
vn -0.12935 -0.42384 0.89645
vn -0.12393 -0.42879 0.89486
vn -0.11839 -0.42283 0.89844
vn -0.10266 -0.41957 0.90190
vn -0.05670 -0.42751 0.90223
vn 0.02226 -0.43732 0.89903
vn 0.12541 -0.43976 0.88932
vn 0.21473 -0.44537 0.86922
vn 0.27025 -0.45655 0.84766
vn 0.28502 -0.47501 0.83255
vn 0.24245 -0.50208 0.83014
vn 0.19053 -0.51411 0.83630
vn 0.17587 -0.50948 0.84232
vn 0.20075 -0.48375 0.85187
vn 0.25647 -0.43491 0.86318
vn 0.32489 -0.36947 0.87059
vn 0.38878 -0.29889 0.87150
vn 0.43970 -0.23174 0.86773
vn 0.47670 -0.16977 0.86252
vn 0.50211 -0.10975 0.85781
vn 0.51918 -0.05026 0.85318
vn 0.53010 -0.01882 0.84772
vn 0.53625 0.00947 0.84401
vn 0.54465 0.04101 0.83766
vn 0.55791 0.03988 0.82894
vn 0.57444 0.01670 0.81837
vn 0.58627 -0.00459 0.81010
vn 0.58437 -0.00478 0.81148
vn 0.56225 0.02170 0.82668
vn 0.51638 0.07137 0.85338
vn 0.45134 0.13378 0.88227
vn 0.37832 0.19255 0.90543
vn 0.31835 0.23570 0.91820
vn 0.28344 0.26160 0.92262
vn 0.27162 0.27505 0.92226
vn 0.26064 0.28406 0.92270
vn 0.22645 0.29101 0.92953
vn 0.16252 0.29335 0.94209
vn 0.07436 0.28754 0.95488
vn -0.01973 0.27319 0.96176
vn -0.09737 0.25511 0.96200
vn -0.14231 0.24092 0.96005
vn -0.16311 0.21435 0.96304
vn -0.16716 0.19386 0.96668
vn -0.15938 0.18301 0.97011
vn -0.15673 0.15375 0.97560
vn -0.17077 0.09981 0.98024
vn -0.19590 0.03611 0.97996
vn -0.22243 -0.02054 0.97473
vn -0.24493 -0.06701 0.96722
vn 0.28102 -0.19822 0.93901
vn 0.28272 -0.12291 0.95130
vn 0.27133 -0.06197 0.96049
vn 0.26005 -0.04064 0.96474
vn 0.25597 -0.03944 0.96588
vn 0.25738 -0.04275 0.96536
vn 0.25436 -0.03687 0.96641
vn 0.23703 -0.01944 0.97131
vn 0.20997 0.00031 0.97771
vn 0.18280 0.01523 0.98303
vn 0.17302 0.03231 0.98439
vn 0.19109 0.04940 0.98033
vn 0.22353 0.06273 0.97268
vn 0.25944 0.08531 0.96198
vn 0.26714 0.10784 0.95761
vn 0.23871 0.12080 0.96355
vn 0.15593 0.10370 0.98231
vn 0.07180 0.06000 0.99561
vn 0.03659 0.01692 0.99919
vn 0.03113 -0.00637 0.99950
vn 0.04467 -0.00430 0.99899
vn 0.05889 0.00453 0.99825
vn 0.06187 0.00520 0.99807
vn 0.05447 -0.01223 0.99844
vn 0.04182 -0.04549 0.99809
vn 0.03463 -0.07379 0.99667
vn 0.04644 -0.08380 0.99540
vn 0.06212 -0.10265 0.99278
vn 0.06000 -0.09766 0.99341
vn 0.04561 -0.06585 0.99679
vn 0.03197 -0.06839 0.99715
vn 0.03745 -0.11298 0.99289
vn 0.07032 -0.17964 0.98122
vn 0.11949 -0.23576 0.96444
vn 0.16297 -0.26046 0.95163
vn 0.18245 -0.25379 0.94989
vn 0.17364 -0.23148 0.95722
vn 0.14843 -0.21281 0.96575
vn 0.12706 -0.20840 0.96976
vn 0.12614 -0.21668 0.96806
vn 0.14878 -0.22773 0.96229
vn 0.18068 -0.23125 0.95597
vn 0.20222 -0.22844 0.95233
vn 0.20927 -0.22566 0.95146
vn 0.20940 -0.22657 0.95122
vn 0.21784 -0.22737 0.94913
vn 0.24530 -0.21805 0.94461
vn 0.28274 -0.18918 0.94036
vn 0.30947 -0.15359 0.93842
vn 0.31661 -0.14211 0.93785
vn 0.30736 -0.13373 0.94215
vn 0.28234 -0.15289 0.94705
vn 0.25416 -0.20125 0.94599
vn 0.24112 -0.24999 0.93775
vn 0.24839 -0.27000 0.93027
vn 0.26639 -0.25010 0.93085
vn 0.53682 -0.21841 0.81494
vn 0.54960 -0.09759 0.82971
vn 0.53686 0.01571 0.84352
vn 0.51234 0.09308 0.85372
vn 0.48891 0.14388 0.86039
vn 0.47151 0.17820 0.86367
vn 0.45523 0.20750 0.86586
vn 0.43098 0.23631 0.87087
vn 0.39379 0.26787 0.87931
vn 0.35153 0.30437 0.88531
vn 0.30576 0.33540 0.89108
vn 0.27355 0.35738 0.89300
vn 0.25691 0.37700 0.88987
vn 0.23883 0.40368 0.88318
vn 0.20407 0.44003 0.87449
vn 0.14480 0.47352 0.86880
vn 0.05789 0.49026 0.86965
vn -0.01735 0.47453 0.88007
vn -0.05532 0.43361 0.89940
vn -0.07905 0.37203 0.92485
vn -0.10118 0.31056 0.94515
vn -0.12949 0.27308 0.95324
vn -0.17705 0.22445 0.95827
vn -0.24255 0.15553 0.95759
vn -0.30119 0.06572 0.95130
vn -0.32959 -0.02578 0.94377
vn -0.33252 -0.08547 0.93922
vn -0.32175 -0.14318 0.93594
vn -0.31561 -0.16752 0.93398
vn -0.32904 -0.14709 0.93279
vn -0.34777 -0.14667 0.92604
vn -0.34854 -0.18876 0.91809
vn -0.31611 -0.26291 0.91156
vn -0.24494 -0.34330 0.90673
vn -0.15787 -0.40160 0.90211
vn -0.08366 -0.42869 0.89957
vn -0.03805 -0.43669 0.89881
vn -0.01603 -0.44363 0.89607
vn -0.00144 -0.45897 0.88845
vn 0.02152 -0.48051 0.87672
vn 0.05950 -0.49906 0.86452
vn 0.10832 -0.50658 0.85536
vn 0.15839 -0.50366 0.84926
vn 0.20695 -0.49563 0.84352
vn 0.25841 -0.48573 0.83504
vn 0.32064 -0.47043 0.82212
vn 0.39449 -0.44112 0.80609
vn 0.45979 -0.39714 0.79427
vn 0.50514 -0.33735 0.79437
vn 0.52176 -0.30440 0.79694
vn 0.51067 -0.30024 0.80565
vn 0.48094 -0.31080 0.81982
vn 0.45279 -0.34142 0.82366
vn 0.44676 -0.36618 0.81628
vn 0.46789 -0.35935 0.80743
vn 0.50427 -0.30900 0.80637
vn 0.54368 -0.21082 0.81239
vn 0.55691 -0.09849 0.82472
vn 0.54627 0.00968 0.83755
vn 0.52276 0.08878 0.84785
vn 0.49796 0.14504 0.85499
vn 0.47802 0.18444 0.85877
vn 0.46095 0.21499 0.86099
vn 0.43950 0.24673 0.86369
vn 0.40558 0.28887 0.86721
vn 0.36334 0.33065 0.87101
vn 0.31940 0.35912 0.87694
vn 0.28002 0.37315 0.88450
vn 0.24973 0.38700 0.88762
vn 0.21840 0.41411 0.88363
vn 0.17766 0.44922 0.87558
vn 0.11831 0.48101 0.86870
vn 0.04294 0.49873 0.86569
vn -0.01630 0.49348 0.86960
vn -0.04549 0.47467 0.87899
vn -0.06896 0.44100 0.89485
vn -0.09553 0.37531 0.92196
vn -0.13749 0.29399 0.94587
vn -0.20150 0.23651 0.95051
vn -0.27568 0.16536 0.94692
vn -0.33338 0.07702 0.93964
vn -0.36130 -0.00899 0.93240
vn -0.36364 -0.07385 0.92861
vn -0.35990 -0.13659 0.92294
vn -0.35753 -0.17403 0.91754
vn -0.36806 -0.16480 0.91508
vn -0.38415 -0.16403 0.90859
vn -0.38157 -0.19596 0.90333
vn -0.34387 -0.25658 0.90328
vn -0.27205 -0.32787 0.90471
vn -0.18817 -0.38578 0.90320
vn -0.11172 -0.41955 0.90083
vn -0.05609 -0.43634 0.89803
vn -0.02151 -0.44991 0.89282
vn 0.00245 -0.46814 0.88365
vn 0.02797 -0.48949 0.87156
vn 0.06174 -0.50699 0.85974
vn 0.10441 -0.51450 0.85111
vn 0.15262 -0.51192 0.84537
vn 0.20436 -0.50334 0.83957
vn 0.26160 -0.49140 0.83072
vn 0.32796 -0.47375 0.81732
vn 0.39676 -0.44436 0.80320
vn 0.45463 -0.40346 0.79406
vn 0.49645 -0.35561 0.79188
vn 0.51657 -0.31408 0.79656
vn 0.50515 -0.31418 0.80381
vn 0.47880 -0.32810 0.81431
vn 0.45699 -0.34599 0.81942
vn 0.45553 -0.35830 0.81493
vn 0.47761 -0.34509 0.80796
vn 0.51249 -0.29575 0.80616
vn 0.46866 -0.19564 0.86144
vn 0.47890 -0.10293 0.87182
vn 0.47822 -0.02042 0.87800
vn 0.45938 0.04273 0.88721
vn 0.43892 0.08949 0.89406
vn 0.42208 0.12293 0.89818
vn 0.40852 0.15112 0.90015
vn 0.38985 0.19134 0.90078
vn 0.36498 0.23803 0.90007
vn 0.33029 0.27254 0.90367
vn 0.29732 0.28768 0.91041
vn 0.26369 0.29476 0.91847
vn 0.23272 0.30859 0.92229
vn 0.20182 0.33246 0.92127
vn 0.16709 0.36217 0.91702
vn 0.11505 0.38938 0.91386
vn 0.05313 0.40707 0.91185
vn 0.01056 0.40607 0.91378
vn -0.00820 0.39364 0.91923
vn -0.02579 0.37242 0.92770
vn -0.04711 0.34663 0.93682
vn -0.09516 0.27100 0.95786
vn -0.15952 0.18329 0.97003
vn -0.21949 0.12309 0.96782
vn -0.25644 0.05770 0.96484
vn -0.27079 -0.00787 0.96261
vn -0.27081 -0.06000 0.96076
vn -0.26686 -0.11928 0.95633
vn -0.26520 -0.16320 0.95028
vn -0.27568 -0.16414 0.94713
vn -0.29196 -0.16487 0.94211
vn -0.29767 -0.18411 0.93675
vn -0.27330 -0.22537 0.93516
vn -0.20934 -0.27927 0.93711
vn -0.12432 -0.32618 0.93710
vn -0.05269 -0.35443 0.93360
vn -0.00485 -0.37114 0.92856
vn 0.02753 -0.38522 0.92242
vn 0.05019 -0.40187 0.91432
vn 0.07115 -0.41987 0.90479
vn 0.09550 -0.43426 0.89571
vn 0.12542 -0.44050 0.88895
vn 0.16229 -0.43806 0.88418
vn 0.20484 -0.43045 0.87906
vn 0.25337 -0.41988 0.87150
vn 0.30907 -0.40507 0.86046
vn 0.35623 -0.38629 0.85081
vn 0.39668 -0.35061 0.84836
vn 0.42941 -0.31538 0.84625
vn 0.44725 -0.28074 0.84921
vn 0.43879 -0.27682 0.85489
vn 0.41709 -0.29983 0.85798
vn 0.40233 -0.31048 0.86124
vn 0.40446 -0.31428 0.85886
vn 0.42397 -0.30048 0.85438
vn 0.44976 -0.26239 0.85374
vn 0.29496 -0.17604 0.93915
vn 0.29811 -0.11818 0.94719
vn 0.31418 -0.06365 0.94723
vn 0.34020 -0.02498 0.94002
vn 0.34471 0.00785 0.93868
vn 0.33347 0.02976 0.94229
vn 0.32316 0.06232 0.94429
vn 0.31337 0.10792 0.94348
vn 0.29498 0.14650 0.94420
vn 0.27341 0.16545 0.94756
vn 0.25420 0.17167 0.95179
vn 0.23316 0.17767 0.95607
vn 0.21037 0.18833 0.95931
vn 0.18839 0.20552 0.96035
vn 0.16592 0.22672 0.95972
vn 0.12406 0.24671 0.96112
vn 0.07498 0.26334 0.96179
vn 0.04749 0.26698 0.96253
vn 0.03881 0.26296 0.96403
vn 0.02960 0.25233 0.96719
vn 0.00875 0.24155 0.97035
vn -0.03595 0.21589 0.97576
vn -0.08870 0.13438 0.98695
vn -0.11659 0.06449 0.99108
vn -0.13106 0.02740 0.99100
vn -0.13627 -0.01127 0.99061
vn -0.13268 -0.04384 0.99019
vn -0.12744 -0.09281 0.98749
vn -0.12232 -0.13940 0.98265
vn -0.12445 -0.14763 0.98118
vn -0.13160 -0.14901 0.98004
vn -0.13369 -0.15927 0.97814
vn -0.12219 -0.18346 0.97540
vn -0.09454 -0.21720 0.97154
vn -0.03886 -0.24668 0.96832
vn 0.03177 -0.26457 0.96384
vn 0.07471 -0.27593 0.95827
vn 0.09713 -0.28644 0.95316
vn 0.11285 -0.29833 0.94777
vn 0.12604 -0.31083 0.94207
vn 0.13945 -0.32088 0.93680
vn 0.15425 -0.32533 0.93294
vn 0.17528 -0.32303 0.93002
vn 0.20224 -0.31713 0.92657
vn 0.23406 -0.30945 0.92166
vn 0.26704 -0.29788 0.91649
vn 0.28721 -0.28709 0.91383
vn 0.30577 -0.26926 0.91324
vn 0.32961 -0.24374 0.91211
vn 0.34153 -0.22124 0.91346
vn 0.33786 -0.21115 0.91721
vn 0.32465 -0.23647 0.91580
vn 0.31604 -0.25208 0.91465
vn 0.31866 -0.25117 0.91398
vn 0.31361 -0.24593 0.91715
vn 0.29610 -0.21152 0.93144
vn 0.16361 -0.16178 0.97317
vn 0.15907 -0.12845 0.97888
vn 0.16178 -0.08845 0.98286
vn 0.21000 -0.06723 0.97539
vn 0.26453 -0.04010 0.96354
vn 0.27749 -0.02727 0.96034
vn 0.26206 -0.00369 0.96504
vn 0.26411 0.05144 0.96312
vn 0.25237 0.08735 0.96368
vn 0.23705 0.09504 0.96684
vn 0.22340 0.10090 0.96949
vn 0.21234 0.10536 0.97150
vn 0.19666 0.11326 0.97391
vn 0.18133 0.12518 0.97542
vn 0.16673 0.14059 0.97593
vn 0.13828 0.15458 0.97826
vn 0.09173 0.17035 0.98110
vn 0.06788 0.17847 0.98160
vn 0.06428 0.18054 0.98146
vn 0.06001 0.17730 0.98233
vn 0.04520 0.16436 0.98536
vn 0.00365 0.16783 0.98581
vn -0.04558 0.12616 0.99096
vn -0.05940 0.04920 0.99702
vn -0.05900 0.01044 0.99820
vn -0.05913 -0.01237 0.99817
vn -0.05324 -0.03311 0.99803
vn -0.04657 -0.06599 0.99673
vn -0.03996 -0.11804 0.99220
vn -0.03616 -0.13317 0.99043
vn -0.03819 -0.13481 0.99014
vn -0.03850 -0.14049 0.98933
vn -0.02926 -0.15558 0.98739
vn -0.01362 -0.17944 0.98367
vn 0.00925 -0.20116 0.97952
vn 0.06280 -0.21224 0.97520
vn 0.11439 -0.22014 0.96874
vn 0.13668 -0.22576 0.96455
vn 0.14792 -0.23377 0.96098
vn 0.15644 -0.24252 0.95745
vn 0.16407 -0.25005 0.95423
vn 0.17073 -0.25432 0.95193
vn 0.18083 -0.25284 0.95046
vn 0.19783 -0.24779 0.94840
vn 0.21854 -0.24140 0.94550
vn 0.23820 -0.23583 0.94215
vn 0.24442 -0.22198 0.94392
vn 0.24381 -0.21375 0.94597
vn 0.26386 -0.19694 0.94424
vn 0.27371 -0.18143 0.94455
vn 0.27327 -0.16986 0.94682
vn 0.26762 -0.18431 0.94573
vn 0.25960 -0.21064 0.94246
vn 0.26311 -0.21259 0.94105
vn 0.26447 -0.22842 0.93695
vn 0.21119 -0.20426 0.95587
vn -0.68250 0.04911 0.72923
vn -0.67946 -0.08711 0.72852
vn -0.65090 -0.21351 0.72852
vn -0.60340 -0.32646 0.72755
vn -0.54878 -0.42025 0.72265
vn -0.50074 -0.48675 0.71578
vn -0.46898 -0.52225 0.71226
vn -0.44500 -0.54031 0.71417
vn -0.41565 -0.55413 0.72124
vn -0.36113 -0.57256 0.73604
vn -0.28780 -0.59182 0.75294
vn -0.18973 -0.61560 0.76487
vn -0.07786 -0.64526 0.75999
vn 0.02134 -0.67219 0.74007
vn 0.09565 -0.69137 0.71615
vn 0.13681 -0.70248 0.69843
vn 0.14791 -0.70606 0.69253
vn 0.14584 -0.70024 0.69885
vn 0.16052 -0.68046 0.71499
vn 0.20246 -0.64333 0.73833
vn 0.27173 -0.58641 0.76308
vn 0.36054 -0.51084 0.78042
vn 0.45212 -0.41236 0.79091
vn 0.52934 -0.29708 0.79469
vn 0.58411 -0.18107 0.79122
vn 0.61445 -0.06609 0.78618
vn 0.62659 0.02945 0.77879
vn 0.63171 0.10184 0.76849
vn 0.64068 0.14479 0.75404
vn 0.65823 0.15758 0.73614
vn 0.67862 0.15530 0.71788
vn 0.69044 0.15775 0.70598
vn 0.68170 0.18373 0.70819
vn 0.64350 0.23791 0.72753
vn 0.57474 0.31044 0.75717
vn 0.48343 0.38605 0.78566
vn 0.38353 0.45793 0.80200
vn 0.29819 0.51960 0.80069
vn 0.22902 0.56691 0.79130
vn 0.18100 0.59973 0.77946
vn 0.14244 0.62027 0.77135
vn 0.09393 0.63132 0.76982
vn 0.02218 0.63555 0.77174
vn -0.07561 0.63262 0.77076
vn -0.19572 0.61880 0.76078
vn -0.31719 0.58982 0.74263
vn -0.42289 0.54530 0.72375
vn -0.50063 0.49637 0.70921
vn -0.53670 0.46116 0.70660
vn -0.53864 0.44086 0.71799
vn -0.52354 0.42712 0.73721
vn -0.51844 0.40883 0.75105
vn -0.53585 0.37956 0.75419
vn -0.57060 0.33550 0.74957
vn -0.61836 0.26004 0.74163
vn -0.65909 0.16273 0.73425
vn -0.62883 0.05168 0.77582
vn -0.63117 -0.06175 0.77319
vn -0.61041 -0.17812 0.77180
vn -0.57382 -0.28271 0.76864
vn -0.52369 -0.37645 0.76422
vn -0.47539 -0.44455 0.75920
vn -0.44169 -0.48308 0.75601
vn -0.42238 -0.50071 0.75557
vn -0.40156 -0.51179 0.75949
vn -0.36098 -0.52377 0.77160
vn -0.29133 -0.54069 0.78916
vn -0.19970 -0.56561 0.80013
vn -0.08451 -0.59416 0.79990
vn 0.02163 -0.61897 0.78511
vn 0.09716 -0.63771 0.76412
vn 0.13632 -0.65106 0.74668
vn 0.14051 -0.65995 0.73806
vn 0.12935 -0.66085 0.73929
vn 0.13217 -0.64763 0.75041
vn 0.16531 -0.61484 0.77113
vn 0.22835 -0.56031 0.79619
vn 0.31066 -0.48793 0.81573
vn 0.39561 -0.39895 0.82725
vn 0.46981 -0.29514 0.83197
vn 0.52462 -0.19108 0.82962
vn 0.55797 -0.08729 0.82526
vn 0.57317 0.00726 0.81940
vn 0.57887 0.08424 0.81106
vn 0.58460 0.13856 0.79940
vn 0.59778 0.16190 0.78514
vn 0.61791 0.16104 0.76958
vn 0.63548 0.15377 0.75665
vn 0.63812 0.16181 0.75274
vn 0.61446 0.19735 0.76386
vn 0.55755 0.25692 0.78938
vn 0.47327 0.32798 0.81758
vn 0.37333 0.40079 0.83666
vn 0.28180 0.46443 0.83958
vn 0.21046 0.51205 0.83277
vn 0.16122 0.54425 0.82329
vn 0.12984 0.56490 0.81488
vn 0.09323 0.57678 0.81156
vn 0.03348 0.58187 0.81259
vn -0.05472 0.57906 0.81345
vn -0.16638 0.56576 0.80761
vn -0.28209 0.54278 0.79109
vn -0.38133 0.51037 0.77079
vn -0.45453 0.47069 0.75621
vn -0.49136 0.44104 0.75103
vn -0.49297 0.42981 0.75647
vn -0.48080 0.41774 0.77092
vn -0.47665 0.39539 0.78515
vn -0.49283 0.35525 0.79430
vn -0.52570 0.30449 0.79431
vn -0.56794 0.23518 0.78876
vn -0.60542 0.14672 0.78227
vn -0.43836 0.00388 0.89879
vn -0.44010 -0.05617 0.89619
vn -0.42444 -0.12477 0.89682
vn -0.40211 -0.19407 0.89479
vn -0.37359 -0.26427 0.88915
vn -0.34024 -0.31578 0.88573
vn -0.31128 -0.34282 0.88633
vn -0.30207 -0.35277 0.88561
vn -0.29685 -0.35206 0.88766
vn -0.27689 -0.35162 0.89426
vn -0.22477 -0.36249 0.90448
vn -0.14563 -0.38674 0.91062
vn -0.04505 -0.41516 0.90863
vn 0.04897 -0.43483 0.89918
vn 0.10804 -0.44765 0.88766
vn 0.12653 -0.45764 0.88009
vn 0.10746 -0.46774 0.87731
vn 0.07492 -0.47423 0.87721
vn 0.06025 -0.46974 0.88075
vn 0.07825 -0.44490 0.89215
vn 0.12526 -0.39741 0.90905
vn 0.18691 -0.33584 0.92319
vn 0.24472 -0.27208 0.93064
vn 0.29241 -0.20452 0.93417
vn 0.32736 -0.14046 0.93440
vn 0.35125 -0.07869 0.93297
vn 0.36526 -0.01237 0.93082
vn 0.37303 0.05313 0.92630
vn 0.37789 0.11083 0.91919
vn 0.38511 0.14354 0.91164
vn 0.39978 0.14492 0.90508
vn 0.41975 0.12356 0.89919
vn 0.43492 0.10295 0.89457
vn 0.43372 0.10323 0.89512
vn 0.40149 0.12705 0.90701
vn 0.33176 0.17340 0.92729
vn 0.24966 0.23395 0.93965
vn 0.17164 0.28850 0.94197
vn 0.11481 0.32664 0.93815
vn 0.08121 0.35160 0.93262
vn 0.06966 0.36567 0.92813
vn 0.05728 0.37253 0.92625
vn 0.02322 0.37599 0.92633
vn -0.03803 0.37408 0.92661
vn -0.12053 0.36343 0.92379
vn -0.20458 0.34675 0.91537
vn -0.27017 0.33654 0.90208
vn -0.31089 0.32958 0.89147
vn -0.32244 0.32260 0.88992
vn -0.31238 0.33151 0.89024
vn -0.30392 0.33040 0.89357
vn -0.31263 0.30172 0.90068
vn -0.33783 0.24538 0.90866
vn -0.36968 0.18183 0.91120
vn -0.40115 0.11827 0.90834
vn -0.42444 0.05624 0.90371
vn 0.03048 -0.08358 0.99604
vn 0.02924 -0.03562 0.99894
vn 0.02531 0.00180 0.99968
vn 0.02409 0.01928 0.99952
vn 0.02226 0.01667 0.99961
vn 0.01864 0.01479 0.99972
vn 0.02380 0.01901 0.99954
vn 0.01693 0.02982 0.99941
vn -0.00825 0.04697 0.99886
vn -0.02947 0.05570 0.99801
vn -0.02959 0.04430 0.99858
vn -0.00495 0.02308 0.99972
vn 0.03749 0.01083 0.99924
vn 0.07683 0.01716 0.99690
vn 0.08432 0.03452 0.99584
vn 0.05749 0.05146 0.99702
vn 0.00400 0.05481 0.99849
vn -0.05210 0.04182 0.99777
vn -0.08821 0.02121 0.99588
vn -0.09802 0.00853 0.99515
vn -0.09089 0.00887 0.99582
vn -0.08219 0.02115 0.99639
vn -0.08497 0.02115 0.99616
vn -0.09532 0.00663 0.99542
vn -0.10741 -0.01552 0.99409
vn -0.11150 -0.03883 0.99301
vn -0.10851 -0.04187 0.99321
vn -0.10510 -0.01995 0.99426
vn -0.11057 0.01948 0.99368
vn -0.12596 0.05160 0.99069
vn -0.13985 0.05296 0.98875
vn -0.13621 0.01533 0.99056
vn -0.10554 -0.04508 0.99339
vn -0.05746 -0.10090 0.99324
vn -0.01242 -0.13525 0.99073
vn -0.01005 -0.13649 0.99059
vn -0.03894 -0.11722 0.99234
vn -0.06760 -0.09775 0.99291
vn -0.08000 -0.08826 0.99288
vn -0.07967 -0.08856 0.99288
vn -0.05351 -0.09244 0.99428
vn -0.02220 -0.09731 0.99501
vn -0.00286 -0.09673 0.99531
vn 0.00221 -0.09506 0.99547
vn -0.00073 -0.09684 0.99530
vn 0.00425 -0.09979 0.99500
vn 0.02824 -0.08971 0.99557
vn 0.06709 -0.05207 0.99639
vn 0.10487 -0.00732 0.99446
vn 0.12320 0.03504 0.99176
vn 0.10842 0.06168 0.99219
vn 0.07147 0.03955 0.99666
vn 0.03430 -0.02036 0.99920
vn 0.01406 -0.08321 0.99643
vn 0.01298 -0.11882 0.99283
vn 0.02354 -0.12080 0.99240
vn 0.34135 -0.12925 0.93101
vn 0.34833 -0.02198 0.93712
vn 0.33253 0.07909 0.93977
vn 0.30804 0.15478 0.93870
vn 0.29013 0.20373 0.93505
vn 0.27217 0.23929 0.93202
vn 0.25232 0.26495 0.93066
vn 0.23486 0.28730 0.92860
vn 0.20136 0.30884 0.92955
vn 0.15731 0.31525 0.93588
vn 0.12176 0.30724 0.94381
vn 0.10145 0.29861 0.94897
vn 0.08914 0.29985 0.94981
vn 0.07557 0.31982 0.94446
vn 0.04187 0.35162 0.93521
vn -0.01011 0.37983 0.92500
vn -0.07056 0.39055 0.91788
vn -0.12390 0.38063 0.91639
vn -0.16328 0.35339 0.92112
vn -0.18978 0.31964 0.92834
vn -0.21256 0.28420 0.93491
vn -0.24227 0.25172 0.93699
vn -0.28372 0.21086 0.93544
vn -0.33103 0.14645 0.93219
vn -0.37062 0.07357 0.92587
vn -0.39132 0.00066 0.92025
vn -0.39640 -0.04817 0.91681
vn -0.39640 -0.06320 0.91590
vn -0.40509 -0.04954 0.91293
vn -0.42558 -0.02737 0.90451
vn -0.44686 -0.02510 0.89425
vn -0.45335 -0.05840 0.88942
vn -0.42945 -0.12520 0.89437
vn -0.37466 -0.20295 0.90468
vn -0.29741 -0.26943 0.91594
vn -0.23526 -0.31107 0.92081
vn -0.22416 -0.32568 0.91852
vn -0.21595 -0.33154 0.91839
vn -0.19566 -0.34107 0.91945
vn -0.17010 -0.35553 0.91906
vn -0.12442 -0.37184 0.91992
vn -0.07199 -0.38476 0.92020
vn -0.02358 -0.38780 0.92144
vn 0.02388 -0.38512 0.92256
vn 0.07489 -0.38027 0.92184
vn 0.13851 -0.37117 0.91818
vn 0.21722 -0.34889 0.91164
vn 0.29822 -0.30109 0.90577
vn 0.35994 -0.23313 0.90338
vn 0.38109 -0.17965 0.90692
vn 0.36122 -0.14724 0.92078
vn 0.31708 -0.15480 0.93568
vn 0.27702 -0.19657 0.94054
vn 0.26377 -0.23927 0.93444
vn 0.27926 -0.24703 0.92790
vn 0.31219 -0.21198 0.92607
vn 0.35614 -0.12129 0.92653
vn 0.36756 -0.02020 0.92978
vn 0.35609 0.07917 0.93109
vn 0.32998 0.15877 0.93054
vn 0.30392 0.21550 0.92800
vn 0.28922 0.25401 0.92295
vn 0.26967 0.28272 0.92052
vn 0.25121 0.30405 0.91894
vn 0.22403 0.31912 0.92085
vn 0.18715 0.32275 0.92780
vn 0.14844 0.31724 0.93666
vn 0.11638 0.31145 0.94311
vn 0.08951 0.31490 0.94489
vn 0.06031 0.33276 0.94108
vn 0.01887 0.36068 0.93250
vn -0.03060 0.38636 0.92184
vn -0.08089 0.39691 0.91429
vn -0.12242 0.39020 0.91255
vn -0.15384 0.36818 0.91694
vn -0.18011 0.33722 0.92404
vn -0.20732 0.30151 0.93065
vn -0.24309 0.25901 0.93479
vn -0.28782 0.21328 0.93363
vn -0.33675 0.15220 0.92921
vn -0.37641 0.08024 0.92297
vn -0.39882 0.01056 0.91697
vn -0.40543 -0.04178 0.91317
vn -0.40588 -0.06488 0.91162
vn -0.41285 -0.06253 0.90865
vn -0.43012 -0.04562 0.90162
vn -0.44729 -0.04073 0.89346
vn -0.45124 -0.06131 0.89030
vn -0.42354 -0.11509 0.89853
vn -0.37395 -0.18812 0.90817
vn -0.31655 -0.25394 0.91395
vn -0.24549 -0.30669 0.91961
vn -0.22289 -0.33519 0.91541
vn -0.22825 -0.34885 0.90896
vn -0.20720 -0.36110 0.90922
vn -0.17617 -0.37304 0.91094
vn -0.12828 -0.38436 0.91423
vn -0.07412 -0.39431 0.91598
vn -0.02692 -0.39769 0.91712
vn 0.02333 -0.39571 0.91808
vn 0.08026 -0.39072 0.91701
vn 0.14798 -0.37999 0.91308
vn 0.22674 -0.35550 0.90676
vn 0.30338 -0.31642 0.89880
vn 0.35970 -0.25888 0.89644
vn 0.37768 -0.20685 0.90253
vn 0.35948 -0.18202 0.91523
vn 0.32132 -0.18234 0.92925
vn 0.28750 -0.20806 0.93491
vn 0.27731 -0.23774 0.93090
vn 0.29354 -0.23755 0.92596
vn 0.32621 -0.19957 0.92399
vn 0.27204 -0.09557 0.95753
vn 0.28249 -0.01828 0.95910
vn 0.27776 0.05866 0.95886
vn 0.26271 0.12301 0.95700
vn 0.24282 0.17157 0.95478
vn 0.22795 0.20501 0.95184
vn 0.21763 0.22824 0.94897
vn 0.20350 0.24462 0.94802
vn 0.18599 0.25119 0.94990
vn 0.16088 0.25021 0.95473
vn 0.13158 0.24433 0.96072
vn 0.10273 0.23822 0.96576
vn 0.07487 0.23942 0.96802
vn 0.04393 0.25214 0.96669
vn 0.00527 0.27267 0.96209
vn -0.03488 0.29249 0.95563
vn -0.07125 0.30168 0.95074
vn -0.10005 0.29727 0.94954
vn -0.12093 0.28110 0.95203
vn -0.14062 0.25524 0.95660
vn -0.16326 0.22641 0.96025
vn -0.19303 0.19388 0.96185
vn -0.23018 0.15302 0.96104
vn -0.26847 0.10985 0.95700
vn -0.29876 0.05662 0.95265
vn -0.31716 0.00644 0.94835
vn -0.32337 -0.03346 0.94568
vn -0.32430 -0.05328 0.94445
vn -0.32987 -0.05531 0.94240
vn -0.34263 -0.04005 0.93862
vn -0.35212 -0.03108 0.93544
vn -0.35175 -0.03694 0.93537
vn -0.32157 -0.07073 0.94424
vn -0.25937 -0.12950 0.95706
vn -0.20617 -0.19787 0.95830
vn -0.18681 -0.24973 0.95013
vn -0.15583 -0.28769 0.94496
vn -0.18756 -0.30424 0.93395
vn -0.18729 -0.31020 0.93204
vn -0.16128 -0.31208 0.93626
vn -0.11709 -0.31400 0.94217
vn -0.06330 -0.31564 0.94676
vn -0.02339 -0.31607 0.94845
vn 0.01703 -0.31429 0.94917
vn 0.06395 -0.31038 0.94846
vn 0.11846 -0.30349 0.94544
vn 0.18019 -0.28552 0.94128
vn 0.23934 -0.25414 0.93709
vn 0.28119 -0.21570 0.93510
vn 0.29376 -0.17545 0.93964
vn 0.27705 -0.15445 0.94836
vn 0.24711 -0.15378 0.95671
vn 0.22020 -0.16749 0.96097
vn 0.21116 -0.18564 0.95966
vn 0.22413 -0.18538 0.95676
vn 0.24914 -0.15504 0.95598
vn 0.14755 -0.06581 0.98686
vn 0.15722 -0.01807 0.98740
vn 0.15821 0.02947 0.98697
vn 0.15306 0.07178 0.98561
vn 0.14735 0.10406 0.98359
vn 0.13768 0.12900 0.98204
vn 0.13561 0.14455 0.98016
vn 0.12963 0.15316 0.97966
vn 0.12246 0.15332 0.98056
vn 0.11124 0.14903 0.98256
vn 0.09608 0.14158 0.98525
vn 0.07757 0.13419 0.98792
vn 0.05659 0.13242 0.98958
vn 0.03177 0.13815 0.98990
vn 0.00133 0.14968 0.98873
vn -0.02804 0.16201 0.98639
vn -0.05145 0.16887 0.98429
vn -0.06909 0.16631 0.98365
vn -0.08010 0.15616 0.98448
vn -0.09079 0.13925 0.98609
vn -0.10410 0.11796 0.98755
vn -0.12318 0.09661 0.98767
vn -0.14728 0.07346 0.98636
vn -0.17144 0.04939 0.98396
vn -0.19118 0.02408 0.98126
vn -0.20276 -0.00272 0.97922
vn -0.20608 -0.02456 0.97823
vn -0.20697 -0.03608 0.97768
vn -0.21029 -0.03817 0.97689
vn -0.21712 -0.02040 0.97593
vn -0.21450 -0.00270 0.97672
vn -0.20073 0.00469 0.97964
vn -0.17040 -0.00952 0.98533
vn -0.12237 -0.05331 0.99105
vn -0.05372 -0.11775 0.99159
vn -0.05024 -0.17789 0.98277
vn -0.07699 -0.21989 0.97248
vn -0.11188 -0.23364 0.96587
vn -0.15927 -0.23170 0.95966
vn -0.14338 -0.21971 0.96497
vn -0.10436 -0.21089 0.97192
vn -0.05143 -0.20293 0.97784
vn -0.01862 -0.19974 0.97967
vn 0.00722 -0.19808 0.98016
vn 0.03685 -0.19572 0.97997
vn 0.07087 -0.19199 0.97883
vn 0.10863 -0.18335 0.97703
vn 0.14490 -0.16457 0.97566
vn 0.17026 -0.13911 0.97553
vn 0.17760 -0.11572 0.97727
vn 0.16625 -0.09976 0.98102
vn 0.14426 -0.09932 0.98454
vn 0.12352 -0.10722 0.98653
vn 0.11336 -0.11768 0.98656
vn 0.11752 -0.11866 0.98596
vn 0.13123 -0.10043 0.98625
vn 0.07236 -0.05013 0.99612
vn 0.08297 -0.01959 0.99636
vn 0.08720 0.01122 0.99613
vn 0.08527 0.03983 0.99556
vn 0.08645 0.06348 0.99423
vn 0.08343 0.08105 0.99321
vn 0.08366 0.09420 0.99203
vn 0.08422 0.09870 0.99155
vn 0.08371 0.09819 0.99164
vn 0.08023 0.09266 0.99246
vn 0.07388 0.08488 0.99365
vn 0.06399 0.07767 0.99492
vn 0.04920 0.07345 0.99608
vn 0.02962 0.07307 0.99689
vn 0.00520 0.07755 0.99697
vn -0.02013 0.08499 0.99618
vn -0.03753 0.09154 0.99509
vn -0.05074 0.09224 0.99444
vn -0.05743 0.08690 0.99456
vn -0.06317 0.07494 0.99519
vn -0.07081 0.06067 0.99564
vn -0.08219 0.04183 0.99574
vn -0.09839 0.02827 0.99475
vn -0.11323 0.01270 0.99349
vn -0.12645 0.00245 0.99197
vn -0.13717 -0.00929 0.99050
vn -0.13799 -0.01977 0.99024
vn -0.13781 -0.02628 0.99011
vn -0.13980 -0.02753 0.98980
vn -0.14590 -0.01267 0.98922
vn -0.14456 0.01554 0.98937
vn -0.12501 0.02941 0.99172
vn -0.09183 0.02944 0.99534
vn -0.04390 -0.00530 0.99902
vn 0.00427 -0.06251 0.99804
vn 0.05751 -0.12232 0.99082
vn -0.00218 -0.17242 0.98502
vn -0.04945 -0.18942 0.98065
vn -0.12334 -0.18191 0.97555
vn -0.14001 -0.17121 0.97524
vn -0.10905 -0.15887 0.98126
vn -0.05624 -0.14419 0.98795
vn -0.01846 -0.13421 0.99078
vn 0.00050 -0.13114 0.99136
vn 0.01939 -0.12931 0.99141
vn 0.04116 -0.12695 0.99105
vn 0.06461 -0.12269 0.99034
vn 0.08825 -0.11321 0.98964
vn 0.10484 -0.09541 0.98990
vn 0.11161 -0.07929 0.99058
vn 0.10473 -0.06748 0.99221
vn 0.08932 -0.06663 0.99377
vn 0.07038 -0.07164 0.99494
vn 0.05914 -0.07983 0.99505
vn 0.05803 -0.08364 0.99480
vn 0.06146 -0.07166 0.99553
vn -0.43793 -0.04446 0.89791
vn -0.42031 -0.19015 0.88723
vn -0.36387 -0.33120 0.87057
vn -0.29541 -0.45266 0.84133
vn -0.23252 -0.54033 0.80869
vn -0.18296 -0.59586 0.78197
vn -0.18522 -0.61825 0.76384
vn -0.22514 -0.62067 0.75105
vn -0.21095 -0.61446 0.76022
vn -0.18445 -0.61231 0.76880
vn -0.21117 -0.59850 0.77279
vn -0.17548 -0.60629 0.77564
vn -0.07777 -0.62406 0.77749
vn -0.04399 -0.64051 0.76669
vn -0.00651 -0.66316 0.74845
vn 0.03480 -0.67641 0.73571
vn 0.03156 -0.68262 0.73009
vn 0.02057 -0.67909 0.73377
vn 0.03085 -0.66367 0.74739
vn 0.08750 -0.62927 0.77224
vn 0.16842 -0.58202 0.79554
vn 0.25948 -0.51340 0.81798
vn 0.37011 -0.42993 0.82352
vn 0.47989 -0.32735 0.81397
vn 0.54471 -0.20300 0.81368
vn 0.57613 -0.09806 0.81145
vn 0.58913 -0.00514 0.80802
vn 0.59582 0.06641 0.80036
vn 0.60676 0.10830 0.78747
vn 0.62478 0.12243 0.77114
vn 0.64005 0.12240 0.75852
vn 0.63912 0.12717 0.75852
vn 0.61411 0.15652 0.77354
vn 0.56222 0.21453 0.79867
vn 0.48148 0.28984 0.82715
vn 0.37586 0.36818 0.85040
vn 0.26533 0.43887 0.85848
vn 0.16812 0.49817 0.85063
vn 0.09626 0.54287 0.83428
vn 0.05074 0.57540 0.81629
vn 0.08169 0.59202 0.80177
vn 0.06568 0.60613 0.79265
vn 0.01160 0.61191 0.79085
vn 0.01719 0.61619 0.78741
vn -0.05171 0.61980 0.78306
vn -0.15731 0.59487 0.78828
vn -0.21032 0.55683 0.80356
vn -0.26708 0.53034 0.80462
vn -0.30668 0.49248 0.81450
vn -0.30346 0.44939 0.84022
vn -0.27495 0.39510 0.87653
vn -0.25571 0.37139 0.89257
vn -0.26346 0.34365 0.90138
vn -0.30740 0.27553 0.91082
vn -0.35977 0.18462 0.91459
vn -0.41103 0.08605 0.90755
vn -0.36502 -0.04112 0.93009
vn -0.35807 -0.16237 0.91947
vn -0.31339 -0.28718 0.90516
vn -0.24535 -0.40498 0.88079
vn -0.18185 -0.49552 0.84934
vn -0.13314 -0.55405 0.82177
vn -0.11263 -0.58568 0.80268
vn -0.16350 -0.58764 0.79243
vn -0.18714 -0.57789 0.79437
vn -0.16493 -0.56938 0.80536
vn -0.17509 -0.55608 0.81248
vn -0.17935 -0.55335 0.81341
vn -0.08783 -0.56223 0.82230
vn -0.03349 -0.57229 0.81936
vn -0.01085 -0.59361 0.80468
vn 0.02487 -0.61336 0.78941
vn 0.02006 -0.62700 0.77876
vn -0.00246 -0.63195 0.77500
vn 0.00035 -0.62340 0.78190
vn 0.04624 -0.59541 0.80209
vn 0.12164 -0.54771 0.82778
vn 0.21177 -0.48480 0.84860
vn 0.31629 -0.40491 0.85791
vn 0.41449 -0.31508 0.85377
vn 0.48069 -0.21232 0.85080
vn 0.51457 -0.11741 0.84937
vn 0.53082 -0.02997 0.84696
vn 0.53777 0.04660 0.84180
vn 0.54508 0.09935 0.83248
vn 0.55982 0.12250 0.81951
vn 0.57990 0.12151 0.80557
vn 0.59295 0.11522 0.79695
vn 0.58241 0.12638 0.80301
vn 0.53506 0.16672 0.82820
vn 0.45591 0.23150 0.85939
vn 0.35968 0.30585 0.88153
vn 0.24989 0.37720 0.89178
vn 0.14730 0.43650 0.88756
vn 0.06897 0.48090 0.87406
vn 0.01980 0.51177 0.85890
vn 0.03874 0.53003 0.84709
vn 0.05703 0.54673 0.83537
vn 0.01743 0.55713 0.83024
vn 0.01636 0.56089 0.82773
vn -0.01922 0.56664 0.82374
vn -0.10749 0.55967 0.82171
vn -0.15804 0.52533 0.83610
vn -0.19627 0.49577 0.84599
vn -0.23434 0.46827 0.85194
vn -0.22948 0.44427 0.86600
vn -0.20617 0.39149 0.89679
vn -0.18795 0.34552 0.91940
vn -0.19301 0.30706 0.93191
vn -0.22810 0.24085 0.94338
vn -0.27992 0.14490 0.94903
vn -0.33494 0.06233 0.94017
vn -0.09994 -0.09643 0.99031
vn -0.09219 -0.15057 0.98429
vn -0.06510 -0.21840 0.97368
vn -0.01937 -0.29818 0.95431
vn 0.03261 -0.36778 0.92934
vn 0.06724 -0.41665 0.90658
vn 0.08312 -0.44425 0.89204
vn 0.03612 -0.44533 0.89464
vn -0.04883 -0.42828 0.90233
vn -0.05907 -0.40587 0.91202
vn -0.07398 -0.37570 0.92379
vn -0.11866 -0.36178 0.92468
vn -0.06445 -0.35643 0.93210
vn -0.01922 -0.34950 0.93674
vn -0.01601 -0.35912 0.93315
vn -0.00739 -0.37481 0.92707
vn -0.03626 -0.39176 0.91935
vn -0.07925 -0.41199 0.90774
vn -0.08526 -0.41979 0.90361
vn -0.04937 -0.41084 0.91037
vn 0.00910 -0.37231 0.92807
vn 0.08616 -0.31700 0.94451
vn 0.17501 -0.27104 0.94652
vn 0.23917 -0.21654 0.94652
vn 0.27438 -0.16332 0.94765
vn 0.29520 -0.11001 0.94908
vn 0.30878 -0.05415 0.94959
vn 0.31690 0.00858 0.94842
vn 0.32210 0.06339 0.94458
vn 0.32961 0.09456 0.93937
vn 0.34375 0.09463 0.93428
vn 0.36271 0.07314 0.92903
vn 0.37562 0.05305 0.92525
vn 0.35550 0.05569 0.93302
vn 0.28115 0.08743 0.95567
vn 0.18880 0.13836 0.97222
vn 0.10507 0.19544 0.97507
vn 0.02173 0.24466 0.96936
vn -0.04371 0.27987 0.95904
vn -0.07896 0.30280 0.94978
vn -0.04761 0.31333 0.94845
vn 0.00256 0.33224 0.94319
vn 0.00244 0.34684 0.93792
vn 0.03864 0.35505 0.93405
vn 0.03714 0.36734 0.92935
vn 0.00468 0.37455 0.92719
vn 0.01158 0.35968 0.93300
vn 0.01065 0.33764 0.94122
vn 0.00908 0.31914 0.94766
vn 0.02809 0.31969 0.94711
vn 0.04720 0.28389 0.95770
vn 0.05222 0.21115 0.97606
vn 0.03671 0.15549 0.98716
vn -0.00179 0.08444 0.99643
vn -0.04662 0.00010 0.99891
vn -0.08133 -0.05636 0.99509
vn 0.36956 -0.16128 0.91510
vn 0.38278 -0.10873 0.91742
vn 0.38886 -0.07675 0.91809
vn 0.39141 -0.07368 0.91726
vn 0.40352 -0.08441 0.91107
vn 0.41725 -0.10062 0.90320
vn 0.40968 -0.10771 0.90585
vn 0.37879 -0.09128 0.92097
vn 0.26582 -0.05858 0.96224
vn 0.18528 -0.01602 0.98256
vn 0.13007 0.02650 0.99115
vn 0.02228 0.05569 0.99820
vn 0.00149 0.08758 0.99616
vn -0.00645 0.12046 0.99270
vn -0.05208 0.14506 0.98805
vn -0.09073 0.15942 0.98303
vn -0.14885 0.15668 0.97637
vn -0.20874 0.12872 0.96946
vn -0.22811 0.09407 0.96908
vn -0.21888 0.05505 0.97420
vn -0.19594 0.03367 0.98004
vn -0.16201 0.03350 0.98622
vn -0.13838 0.02862 0.98996
vn -0.14376 -0.00258 0.98961
vn -0.15399 -0.03860 0.98732
vn -0.15480 -0.07083 0.98540
vn -0.15541 -0.08467 0.98421
vn -0.16035 -0.06700 0.98478
vn -0.16917 -0.03212 0.98506
vn -0.18510 -0.00376 0.98271
vn -0.20005 -0.00437 0.97978
vn -0.19851 -0.04180 0.97921
vn -0.17287 -0.10070 0.97978
vn -0.13130 -0.15235 0.97957
vn -0.11533 -0.17553 0.97770
vn -0.15324 -0.16822 0.97377
vn -0.18137 -0.14912 0.97204
vn -0.20645 -0.13242 0.96945
vn -0.23082 -0.12637 0.96476
vn -0.23451 -0.12946 0.96345
vn -0.17929 -0.14136 0.97359
vn -0.09212 -0.13528 0.98652
vn -0.02757 -0.12235 0.99210
vn 0.07973 -0.10579 0.99119
vn 0.15398 -0.08181 0.98468
vn 0.22847 -0.05311 0.97210
vn 0.32357 -0.04051 0.94534
vn 0.38474 -0.02033 0.92280
vn 0.42406 -0.01364 0.90553
vn 0.44499 0.01491 0.89541
vn 0.44268 0.01772 0.89651
vn 0.42238 -0.05348 0.90484
vn 0.38674 -0.11499 0.91499
vn 0.35451 -0.16833 0.91978
vn 0.34139 -0.21487 0.91503
vn 0.35084 -0.20929 0.91275
vn 0.57115 -0.17612 0.80173
vn 0.58879 -0.07692 0.80461
vn 0.59460 -0.00025 0.80402
vn 0.58645 0.05009 0.80843
vn 0.57660 0.07574 0.81351
vn 0.57204 0.08235 0.81608
vn 0.56198 0.09653 0.82150
vn 0.53750 0.12866 0.83339
vn 0.45672 0.17658 0.87191
vn 0.33091 0.22999 0.91521
vn 0.25515 0.27518 0.92692
vn 0.12113 0.31503 0.94132
vn 0.03392 0.35160 0.93554
vn -0.01236 0.39487 0.91865
vn -0.08344 0.43065 0.89865
vn -0.13987 0.45309 0.88042
vn -0.19637 0.45511 0.86851
vn -0.24774 0.43100 0.86768
vn -0.26911 0.39746 0.87727
vn -0.28170 0.35384 0.89188
vn -0.28506 0.31079 0.90673
vn -0.29055 0.25261 0.92291
vn -0.31407 0.20942 0.92602
vn -0.35183 0.13541 0.92622
vn -0.37768 0.04744 0.92472
vn -0.39094 -0.02868 0.91997
vn -0.39215 -0.08680 0.91579
vn -0.39747 -0.10546 0.91154
vn -0.41777 -0.09337 0.90374
vn -0.44955 -0.07661 0.88996
vn -0.48185 -0.07769 0.87280
vn -0.49605 -0.10914 0.86141
vn -0.47534 -0.17166 0.86289
vn -0.42477 -0.24194 0.87237
vn -0.35934 -0.29634 0.88491
vn -0.33051 -0.32196 0.88719
vn -0.33694 -0.32943 0.88201
vn -0.32260 -0.33785 0.88419
vn -0.31447 -0.35289 0.88124
vn -0.29902 -0.37460 0.87765
vn -0.24051 -0.40033 0.88424
vn -0.14684 -0.40867 0.90079
vn -0.05079 -0.40223 0.91413
vn 0.08741 -0.38188 0.92007
vn 0.21194 -0.35261 0.91145
vn 0.34206 -0.31593 0.88498
vn 0.46623 -0.26609 0.84370
vn 0.54269 -0.21447 0.81209
vn 0.59250 -0.18009 0.78518
vn 0.61153 -0.15916 0.77505
vn 0.60384 -0.13796 0.78508
vn 0.56951 -0.18420 0.80108
vn 0.52824 -0.24952 0.81160
vn 0.50727 -0.27987 0.81508
vn 0.51509 -0.29521 0.80469
vn 0.54349 -0.26142 0.79767
vn 0.55427 -0.16672 0.81547
vn 0.56864 -0.07104 0.81951
vn 0.57714 0.00183 0.81665
vn 0.58398 0.05350 0.81001
vn 0.58772 0.07450 0.80563
vn 0.57409 0.07926 0.81495
vn 0.56330 0.09335 0.82096
vn 0.53878 0.12412 0.83325
vn 0.48672 0.16443 0.85794
vn 0.35620 0.22096 0.90791
vn 0.25447 0.27305 0.92773
vn 0.13688 0.32989 0.93404
vn 0.01981 0.37277 0.92771
vn -0.03789 0.41276 0.91005
vn -0.10674 0.44353 0.88988
vn -0.15723 0.46117 0.87327
vn -0.19935 0.46229 0.86403
vn -0.23281 0.44279 0.86587
vn -0.24766 0.41008 0.87778
vn -0.25621 0.36897 0.89343
vn -0.26257 0.32771 0.90756
vn -0.27626 0.27721 0.92024
vn -0.30516 0.21582 0.92752
vn -0.33814 0.14616 0.92968
vn -0.36451 0.06189 0.92914
vn -0.37907 -0.01744 0.92520
vn -0.38217 -0.07763 0.92083
vn -0.38046 -0.10750 0.91853
vn -0.39010 -0.10851 0.91436
vn -0.41527 -0.09977 0.90421
vn -0.44502 -0.09994 0.88993
vn -0.46786 -0.12102 0.87548
vn -0.46880 -0.16990 0.86681
vn -0.44022 -0.22970 0.86801
vn -0.38402 -0.28234 0.87910
vn -0.32836 -0.31591 0.89016
vn -0.32559 -0.32898 0.88643
vn -0.32602 -0.34415 0.88050
vn -0.30851 -0.36430 0.87870
vn -0.29275 -0.38725 0.87426
vn -0.24632 -0.41021 0.87810
vn -0.16345 -0.41883 0.89323
vn -0.06474 -0.41213 0.90882
vn 0.07061 -0.38938 0.91837
vn 0.21365 -0.34822 0.91274
vn 0.34948 -0.31305 0.88310
vn 0.47202 -0.26188 0.84180
vn 0.54433 -0.21791 0.81007
vn 0.59436 -0.17167 0.78566
vn 0.60894 -0.16386 0.77610
vn 0.59462 -0.16101 0.78772
vn 0.55766 -0.18224 0.80982
vn 0.51942 -0.24985 0.81718
vn 0.50541 -0.27511 0.81785
vn 0.51055 -0.27750 0.81384
vn 0.52947 -0.24364 0.81259
vn 0.47465 -0.14398 0.86832
vn 0.48916 -0.06943 0.86942
vn 0.49231 -0.01683 0.87026
vn 0.49545 0.01467 0.86852
vn 0.51942 0.01936 0.85430
vn 0.53414 0.01413 0.84528
vn 0.52200 0.01846 0.85275
vn 0.49138 0.03513 0.87023
vn 0.45208 0.07120 0.88913
vn 0.34347 0.13269 0.92974
vn 0.20894 0.19974 0.95731
vn 0.10826 0.26829 0.95724
vn -0.00952 0.31388 0.94941
vn -0.06935 0.35046 0.93401
vn -0.12413 0.37564 0.91841
vn -0.16157 0.38710 0.90777
vn -0.18807 0.38453 0.90375
vn -0.20162 0.36786 0.90776
vn -0.20731 0.33412 0.91945
vn -0.20293 0.30211 0.93142
vn -0.20599 0.25396 0.94503
vn -0.21194 0.22009 0.95218
vn -0.23289 0.16592 0.95824
vn -0.25620 0.11027 0.96031
vn -0.28023 0.04592 0.95883
vn -0.29434 -0.01840 0.95552
vn -0.29786 -0.06776 0.95220
vn -0.29816 -0.09570 0.94971
vn -0.30218 -0.10249 0.94772
vn -0.31431 -0.09926 0.94412
vn -0.33070 -0.09924 0.93850
vn -0.33999 -0.11542 0.93332
vn -0.33694 -0.15077 0.92938
vn -0.32906 -0.19386 0.92419
vn -0.31601 -0.23074 0.92027
vn -0.28146 -0.25919 0.92391
vn -0.26169 -0.27550 0.92500
vn -0.28292 -0.28801 0.91488
vn -0.27466 -0.30694 0.91123
vn -0.26613 -0.32640 0.90699
vn -0.23612 -0.34137 0.90979
vn -0.16882 -0.34454 0.92347
vn -0.07642 -0.33409 0.93944
vn 0.04622 -0.30705 0.95057
vn 0.19294 -0.25845 0.94656
vn 0.32353 -0.21969 0.92036
vn 0.43460 -0.16846 0.88473
vn 0.50228 -0.14405 0.85262
vn 0.54555 -0.11470 0.83020
vn 0.55226 -0.10611 0.82689
vn 0.52871 -0.13208 0.83846
vn 0.49464 -0.14475 0.85696
vn 0.46241 -0.20048 0.86370
vn 0.44293 -0.23270 0.86583
vn 0.44028 -0.23222 0.86731
vn 0.45458 -0.20980 0.86565
vn 0.35386 -0.11622 0.92805
vn 0.36778 -0.07026 0.92725
vn 0.38693 -0.04286 0.92111
vn 0.40294 -0.04413 0.91416
vn 0.40321 -0.06239 0.91298
vn 0.43785 -0.08559 0.89496
vn 0.45394 -0.09153 0.88632
vn 0.42583 -0.08883 0.90043
vn 0.37376 -0.05013 0.92617
vn 0.29976 0.02070 0.95379
vn 0.15218 0.09472 0.98380
vn 0.05620 0.16689 0.98437
vn -0.04093 0.21338 0.97611
vn -0.09732 0.24495 0.96464
vn -0.13340 0.26369 0.95534
vn -0.15406 0.27016 0.95041
vn -0.16545 0.26441 0.95011
vn -0.16152 0.25189 0.95418
vn -0.15485 0.22117 0.96286
vn -0.14145 0.19491 0.97057
vn -0.13263 0.15812 0.97847
vn -0.13134 0.12983 0.98280
vn -0.13780 0.09740 0.98566
vn -0.15035 0.05776 0.98694
vn -0.16361 0.01791 0.98636
vn -0.16838 -0.02189 0.98548
vn -0.16600 -0.05556 0.98456
vn -0.16362 -0.07679 0.98353
vn -0.16754 -0.08409 0.98227
vn -0.17844 -0.08529 0.98025
vn -0.19285 -0.08713 0.97735
vn -0.20271 -0.09564 0.97456
vn -0.19692 -0.11608 0.97352
vn -0.17635 -0.14342 0.97382
vn -0.17662 -0.16709 0.96999
vn -0.19414 -0.18363 0.96363
vn -0.18551 -0.19532 0.96303
vn -0.21047 -0.20407 0.95606
vn -0.22978 -0.21795 0.94852
vn -0.22923 -0.23057 0.94567
vn -0.21838 -0.23911 0.94612
vn -0.16954 -0.23825 0.95629
vn -0.08969 -0.22363 0.97054
vn 0.01320 -0.19149 0.98141
vn 0.15464 -0.13414 0.97882
vn 0.27517 -0.09602 0.95659
vn 0.37064 -0.04970 0.92745
vn 0.43445 -0.03023 0.90019
vn 0.46304 -0.02927 0.88586
vn 0.45871 -0.02522 0.88823
vn 0.43463 -0.05957 0.89864
vn 0.40493 -0.09135 0.90977
vn 0.37066 -0.12559 0.92024
vn 0.34619 -0.17353 0.92198
vn 0.33759 -0.17475 0.92493
vn 0.34293 -0.16057 0.92554
vn 0.27960 -0.10954 0.95385
vn 0.27616 -0.07061 0.95851
vn 0.28975 -0.05348 0.95561
vn 0.33859 -0.06494 0.93869
vn 0.34769 -0.10160 0.93209
vn 0.36527 -0.13734 0.92071
vn 0.39449 -0.15661 0.90546
vn 0.39379 -0.16070 0.90505
vn 0.33461 -0.12991 0.93336
vn 0.27353 -0.05569 0.96025
vn 0.14591 0.01446 0.98919
vn 0.02601 0.08823 0.99576
vn -0.05105 0.13738 0.98920
vn -0.11074 0.17413 0.97848
vn -0.13419 0.19450 0.97168
vn -0.14784 0.20143 0.96828
vn -0.14887 0.19597 0.96924
vn -0.14272 0.18565 0.97220
vn -0.12409 0.16512 0.97844
vn -0.11218 0.13467 0.98452
vn -0.09328 0.11377 0.98912
vn -0.08770 0.07846 0.99305
vn -0.08510 0.06029 0.99455
vn -0.09477 0.03407 0.99492
vn -0.09653 0.00442 0.99532
vn -0.09407 -0.02207 0.99532
vn -0.08994 -0.04529 0.99492
vn -0.08254 -0.06265 0.99462
vn -0.08005 -0.07047 0.99430
vn -0.08847 -0.07464 0.99328
vn -0.10310 -0.07830 0.99159
vn -0.11849 -0.08329 0.98946
vn -0.12105 -0.09408 0.98818
vn -0.10873 -0.11197 0.98775
vn -0.09099 -0.12980 0.98736
vn -0.11650 -0.14082 0.98316
vn -0.14063 -0.14648 0.97917
vn -0.15273 -0.14990 0.97683
vn -0.19248 -0.15713 0.96864
vn -0.20319 -0.17196 0.96392
vn -0.20728 -0.17764 0.96202
vn -0.17693 -0.17966 0.96769
vn -0.11149 -0.16813 0.97944
vn -0.02225 -0.14027 0.98986
vn 0.10147 -0.07960 0.99165
vn 0.23338 -0.03009 0.97192
vn 0.31673 0.01107 0.94845
vn 0.38399 0.03959 0.92249
vn 0.41281 0.02962 0.91034
vn 0.40072 0.02274 0.91592
vn 0.37759 0.00250 0.92597
vn 0.35794 -0.05512 0.93212
vn 0.32260 -0.08242 0.94294
vn 0.28345 -0.12330 0.95103
vn 0.27957 -0.14307 0.94941
vn 0.28598 -0.13905 0.94809
vn -0.64212 0.07115 0.76330
vn -0.63889 -0.05983 0.76697
vn -0.60808 -0.19223 0.77025
vn -0.55598 -0.31545 0.76901
vn -0.49025 -0.41587 0.76597
vn -0.42969 -0.48747 0.76009
vn -0.39580 -0.52919 0.75054
vn -0.36717 -0.55041 0.74982
vn -0.33484 -0.55804 0.75926
vn -0.29080 -0.56482 0.77228
vn -0.24678 -0.57138 0.78270
vn -0.17096 -0.59022 0.78893
vn -0.11691 -0.60787 0.78538
vn -0.07874 -0.63145 0.77141
vn -0.04302 -0.64548 0.76256
vn -0.07315 -0.65364 0.75326
vn -0.09183 -0.65246 0.75224
vn -0.13385 -0.63890 0.75756
vn -0.14689 -0.61080 0.77804
vn -0.10521 -0.56323 0.81958
vn -0.02833 -0.48294 0.87519
vn 0.08707 -0.38659 0.91813
vn 0.22029 -0.27652 0.93542
vn 0.32269 -0.11551 0.93943
vn 0.37940 0.03406 0.92461
vn 0.40961 0.17770 0.89479
vn 0.42071 0.28831 0.86016
vn 0.43729 0.34786 0.82932
vn 0.47128 0.37058 0.80035
vn 0.51954 0.35064 0.77919
vn 0.57678 0.29098 0.76332
vn 0.61699 0.25867 0.74325
vn 0.63703 0.22030 0.73869
vn 0.61450 0.23471 0.75320
vn 0.56249 0.27802 0.77866
vn 0.47178 0.33089 0.81728
vn 0.38054 0.39605 0.83566
vn 0.29284 0.46111 0.83763
vn 0.22113 0.51453 0.82847
vn 0.17637 0.55160 0.81525
vn 0.13894 0.57771 0.80433
vn 0.09322 0.59355 0.79938
vn 0.02500 0.60297 0.79737
vn -0.07309 0.60364 0.79390
vn -0.19072 0.59164 0.78332
vn -0.31255 0.56461 0.76389
vn -0.42047 0.52280 0.74154
vn -0.49417 0.47535 0.72790
vn -0.52770 0.43684 0.72849
vn -0.52903 0.41318 0.74122
vn -0.51145 0.40108 0.75997
vn -0.49540 0.38843 0.77699
vn -0.50086 0.36670 0.78401
vn -0.53255 0.33003 0.77941
vn -0.57813 0.27075 0.76971
vn -0.61853 0.18329 0.76408
vn -0.58497 0.07630 0.80745
vn -0.58809 -0.03282 0.80813
vn -0.56548 -0.15135 0.81075
vn -0.52243 -0.26666 0.80991
vn -0.46539 -0.36669 0.80557
vn -0.40315 -0.44228 0.80116
vn -0.36084 -0.48753 0.79505
vn -0.33953 -0.50713 0.79217
vn -0.31641 -0.51271 0.79813
vn -0.28085 -0.51617 0.80913
vn -0.23776 -0.52289 0.81857
vn -0.17666 -0.53870 0.82377
vn -0.10930 -0.55469 0.82485
vn -0.07864 -0.57300 0.81577
vn -0.05257 -0.58586 0.80871
vn -0.07965 -0.59226 0.80180
vn -0.12413 -0.59224 0.79614
vn -0.16546 -0.58120 0.79676
vn -0.19329 -0.56087 0.80502
vn -0.15981 -0.52253 0.83751
vn -0.09156 -0.45313 0.88673
vn 0.01611 -0.34240 0.93942
vn 0.13911 -0.24295 0.96001
vn 0.23565 -0.11139 0.96543
vn 0.29524 0.03031 0.95494
vn 0.33192 0.15872 0.92986
vn 0.34491 0.27578 0.89721
vn 0.35642 0.34952 0.86649
vn 0.38471 0.38574 0.83857
vn 0.43149 0.37637 0.81985
vn 0.48919 0.32381 0.80984
vn 0.54274 0.26659 0.79647
vn 0.57503 0.21589 0.78913
vn 0.57673 0.19639 0.79298
vn 0.53973 0.22432 0.81140
vn 0.46353 0.27040 0.84381
vn 0.36797 0.33373 0.86789
vn 0.27450 0.39876 0.87501
vn 0.19922 0.45183 0.86958
vn 0.15134 0.48898 0.85906
vn 0.12251 0.51491 0.84845
vn 0.08745 0.53237 0.84198
vn 0.03228 0.54336 0.83888
vn -0.05417 0.54646 0.83573
vn -0.16284 0.53767 0.82728
vn -0.27696 0.51567 0.81079
vn -0.37759 0.48334 0.78982
vn -0.44730 0.44744 0.77441
vn -0.48009 0.41826 0.77109
vn -0.48179 0.40097 0.77917
vn -0.46535 0.38970 0.79473
vn -0.45097 0.37317 0.81079
vn -0.45650 0.34216 0.82130
vn -0.48402 0.29757 0.82291
vn -0.52329 0.24054 0.81750
vn -0.56057 0.16759 0.81097
vn -0.37982 0.03211 0.92450
vn -0.38337 -0.02191 0.92334
vn -0.36828 -0.08915 0.92543
vn -0.33639 -0.16638 0.92691
vn -0.29677 -0.24177 0.92384
vn -0.25170 -0.30155 0.91963
vn -0.20873 -0.33776 0.91780
vn -0.19774 -0.34629 0.91705
vn -0.19289 -0.34031 0.92031
vn -0.17736 -0.33602 0.92501
vn -0.15169 -0.33885 0.92853
vn -0.11822 -0.35073 0.92898
vn -0.07127 -0.35924 0.93052
vn -0.06734 -0.37035 0.92645
vn -0.07946 -0.37024 0.92553
vn -0.14029 -0.36335 0.92103
vn -0.21930 -0.35332 0.90944
vn -0.28108 -0.33174 0.90052
vn -0.31478 -0.31820 0.89424
vn -0.28845 -0.29017 0.91247
vn -0.22736 -0.24631 0.94214
vn -0.13868 -0.16022 0.97729
vn -0.05648 -0.05887 0.99667
vn 0.00762 0.01140 0.99991
vn 0.05476 0.09688 0.99379
vn 0.08130 0.18445 0.97947
vn 0.09382 0.27390 0.95717
vn 0.10665 0.34372 0.93300
vn 0.13006 0.38971 0.91171
vn 0.17156 0.38752 0.90576
vn 0.22613 0.33690 0.91398
vn 0.29474 0.25351 0.92134
vn 0.33856 0.16266 0.92678
vn 0.37283 0.09443 0.92308
vn 0.35892 0.08084 0.92986
vn 0.31616 0.09945 0.94348
vn 0.23826 0.15272 0.95912
vn 0.15889 0.20644 0.96547
vn 0.09645 0.24845 0.96383
vn 0.06269 0.27554 0.95924
vn 0.05287 0.29489 0.95407
vn 0.04364 0.31071 0.94950
vn 0.01544 0.32266 0.94639
vn -0.04173 0.32909 0.94338
vn -0.11868 0.32702 0.93753
vn -0.19828 0.31748 0.92731
vn -0.26213 0.30494 0.91559
vn -0.29731 0.29615 0.90769
vn -0.30426 0.29448 0.90593
vn -0.29245 0.29751 0.90882
vn -0.27583 0.29450 0.91498
vn -0.27249 0.27176 0.92298
vn -0.28879 0.22681 0.93014
vn -0.31525 0.17170 0.93335
vn -0.34160 0.12054 0.93208
vn -0.36389 0.07631 0.92831
vn 0.10528 -0.05367 0.99299
vn 0.10040 0.00162 0.99495
vn 0.09058 0.04092 0.99505
vn 0.09113 0.05485 0.99433
vn 0.10549 0.04744 0.99329
vn 0.11532 0.03502 0.99271
vn 0.13458 0.03298 0.99035
vn 0.13749 0.04715 0.98938
vn 0.11012 0.06414 0.99185
vn 0.08170 0.07521 0.99381
vn 0.05934 0.07687 0.99527
vn 0.02538 0.07301 0.99701
vn 0.00931 0.08472 0.99636
vn -0.05154 0.10183 0.99347
vn -0.13306 0.13513 0.98185
vn -0.23999 0.16030 0.95745
vn -0.34512 0.16396 0.92412
vn -0.41389 0.16750 0.89478
vn -0.44733 0.16613 0.87880
vn -0.44106 0.17049 0.88114
vn -0.40830 0.18269 0.89438
vn -0.37233 0.17945 0.91059
vn -0.34550 0.21346 0.91382
vn -0.34099 0.20648 0.91711
vn -0.34495 0.20524 0.91591
vn -0.34971 0.20386 0.91441
vn -0.35284 0.23028 0.90690
vn -0.34212 0.26829 0.90054
vn -0.33013 0.30536 0.89318
vn -0.31970 0.30327 0.89767
vn -0.30559 0.25695 0.91684
vn -0.26202 0.15030 0.95329
vn -0.21195 0.01540 0.97716
vn -0.12193 -0.11510 0.98584
vn -0.07405 -0.19054 0.97888
vn -0.03992 -0.21333 0.97616
vn -0.05109 -0.19695 0.97908
vn -0.07625 -0.17848 0.98099
vn -0.09835 -0.16852 0.98078
vn -0.09705 -0.16671 0.98122
vn -0.07438 -0.16928 0.98276
vn -0.04317 -0.16762 0.98491
vn -0.01703 -0.15823 0.98726
vn -0.00582 -0.14735 0.98907
vn -0.00182 -0.13992 0.99016
vn 0.00925 -0.13309 0.99106
vn 0.03903 -0.11809 0.99224
vn 0.08436 -0.08759 0.99258
vn 0.12690 -0.04208 0.99102
vn 0.15024 -0.00035 0.98865
vn 0.14673 0.01974 0.98898
vn 0.12085 0.00302 0.99267
vn 0.09160 -0.04375 0.99483
vn 0.07871 -0.09358 0.99250
vn 0.08507 -0.11674 0.98951
vn 0.09859 -0.10088 0.99000
vn 0.39619 -0.10016 0.91269
vn 0.39847 0.00982 0.91713
vn 0.38031 0.10885 0.91843
vn 0.35361 0.17994 0.91792
vn 0.34081 0.22146 0.91367
vn 0.34025 0.24479 0.90792
vn 0.33306 0.26523 0.90484
vn 0.32731 0.28642 0.90046
vn 0.29814 0.30872 0.90322
vn 0.25139 0.32512 0.91165
vn 0.20311 0.33229 0.92105
vn 0.12877 0.33966 0.93169
vn 0.05934 0.35728 0.93211
vn -0.04800 0.38655 0.92102
vn -0.16768 0.42620 0.88895
vn -0.27983 0.44902 0.84857
vn -0.37745 0.44395 0.81267
vn -0.43759 0.42792 0.79082
vn -0.46659 0.40482 0.78640
vn -0.47024 0.38736 0.79298
vn -0.45783 0.38657 0.80060
vn -0.45224 0.36593 0.81337
vn -0.46249 0.33598 0.82050
vn -0.48949 0.29722 0.81979
vn -0.52427 0.24458 0.81567
vn -0.55351 0.19981 0.80852
vn -0.56792 0.18856 0.80119
vn -0.56629 0.20352 0.79868
vn -0.56017 0.22501 0.79724
vn -0.55904 0.21654 0.80037
vn -0.56050 0.17646 0.80913
vn -0.54010 0.06694 0.83893
vn -0.50734 -0.07119 0.85880
vn -0.42335 -0.21502 0.88008
vn -0.33538 -0.31791 0.88682
vn -0.26457 -0.36507 0.89260
vn -0.22624 -0.37977 0.89699
vn -0.21108 -0.38380 0.89897
vn -0.19825 -0.39215 0.89829
vn -0.17858 -0.40951 0.89466
vn -0.14036 -0.42630 0.89362
vn -0.09239 -0.43516 0.89560
vn -0.04090 -0.43314 0.90040
vn 0.01093 -0.42363 0.90577
vn 0.06745 -0.41178 0.90878
vn 0.13682 -0.39588 0.90805
vn 0.22162 -0.36717 0.90337
vn 0.30804 -0.31925 0.89621
vn 0.37261 -0.25831 0.89131
vn 0.39949 -0.20303 0.89397
vn 0.38768 -0.17413 0.90520
vn 0.35259 -0.18006 0.91829
vn 0.32214 -0.21144 0.92278
vn 0.31721 -0.24085 0.91726
vn 0.33856 -0.23833 0.91026
vn 0.37168 -0.19012 0.90868
vn 0.40298 -0.09666 0.91009
vn 0.40492 0.00644 0.91433
vn 0.38791 0.10396 0.91581
vn 0.36463 0.17852 0.91388
vn 0.34380 0.22704 0.91118
vn 0.33883 0.25636 0.90525
vn 0.33910 0.27798 0.89874
vn 0.33003 0.29762 0.89582
vn 0.31331 0.31558 0.89568
vn 0.27293 0.33010 0.90363
vn 0.22434 0.33958 0.91343
vn 0.15116 0.35347 0.92315
vn 0.06248 0.36784 0.92779
vn -0.06391 0.39024 0.91849
vn -0.19939 0.42086 0.88494
vn -0.30430 0.44019 0.84477
vn -0.39186 0.43846 0.80882
vn -0.43763 0.43213 0.78850
vn -0.45482 0.41527 0.78784
vn -0.45029 0.39325 0.80162
vn -0.44270 0.36700 0.81812
vn -0.43070 0.36869 0.82375
vn -0.44416 0.32897 0.83337
vn -0.46910 0.28881 0.83459
vn -0.50103 0.23381 0.83325
vn -0.52906 0.19395 0.82612
vn -0.54314 0.18878 0.81814
vn -0.54643 0.20854 0.81113
vn -0.55121 0.22818 0.80256
vn -0.55557 0.21623 0.80286
vn -0.56236 0.17246 0.80871
vn -0.54772 0.07031 0.83370
vn -0.50249 -0.07476 0.86135
vn -0.44080 -0.20160 0.87467
vn -0.34879 -0.30698 0.88550
vn -0.28590 -0.35463 0.89022
vn -0.23701 -0.37320 0.89696
vn -0.21330 -0.38023 0.89996
vn -0.19508 -0.39345 0.89841
vn -0.17307 -0.41170 0.89473
vn -0.13890 -0.42736 0.89335
vn -0.09666 -0.43543 0.89502
vn -0.04921 -0.43443 0.89936
vn 0.00404 -0.42698 0.90425
vn 0.06614 -0.41595 0.90698
vn 0.14065 -0.39930 0.90597
vn 0.22638 -0.37062 0.90078
vn 0.30917 -0.32641 0.89324
vn 0.36924 -0.27308 0.88831
vn 0.39355 -0.22567 0.89117
vn 0.38222 -0.19937 0.90231
vn 0.35289 -0.19974 0.91410
vn 0.32948 -0.21843 0.91855
vn 0.32784 -0.23468 0.91512
vn 0.34919 -0.22620 0.90934
vn 0.38036 -0.17994 0.90717
vn 0.31943 -0.07760 0.94443
vn 0.31883 0.00109 0.94781
vn 0.30389 0.07789 0.94952
vn 0.28459 0.13907 0.94851
vn 0.27346 0.18045 0.94481
vn 0.26947 0.20528 0.94087
vn 0.27494 0.22159 0.93558
vn 0.27600 0.23635 0.93165
vn 0.26808 0.24883 0.93071
vn 0.24594 0.26093 0.93350
vn 0.20481 0.27066 0.94064
vn 0.14153 0.28405 0.94831
vn 0.05522 0.29391 0.95424
vn -0.08127 0.30962 0.94738
vn -0.22642 0.33013 0.91638
vn -0.32622 0.34177 0.88135
vn -0.40476 0.33663 0.85021
vn -0.43749 0.33082 0.83616
vn -0.43849 0.32155 0.83924
vn -0.41705 0.32340 0.84940
vn -0.39290 0.30540 0.86739
vn -0.37639 0.28542 0.88140
vn -0.37164 0.28038 0.88503
vn -0.38787 0.24328 0.88903
vn -0.41416 0.21003 0.88564
vn -0.43724 0.18335 0.88045
vn -0.44781 0.19635 0.87230
vn -0.45161 0.23178 0.86158
vn -0.45641 0.25657 0.85197
vn -0.46260 0.24801 0.85117
vn -0.46635 0.19504 0.86283
vn -0.46088 0.10446 0.88130
vn -0.40293 -0.04700 0.91402
vn -0.35791 -0.16367 0.91930
vn -0.28241 -0.25385 0.92510
vn -0.22774 -0.29214 0.92886
vn -0.19301 -0.30349 0.93308
vn -0.17174 -0.30644 0.93627
vn -0.15329 -0.31433 0.93686
vn -0.13718 -0.32964 0.93409
vn -0.11711 -0.34368 0.93176
vn -0.08649 -0.34983 0.93281
vn -0.05066 -0.34821 0.93605
vn -0.00823 -0.34112 0.93998
vn 0.04342 -0.33103 0.94262
vn 0.10528 -0.31755 0.94238
vn 0.17538 -0.29499 0.93927
vn 0.24234 -0.26115 0.93438
vn 0.29029 -0.22160 0.93093
vn 0.30877 -0.18676 0.93262
vn 0.30038 -0.16689 0.93911
vn 0.28006 -0.16450 0.94578
vn 0.26499 -0.17372 0.94847
vn 0.26613 -0.18207 0.94659
vn 0.28295 -0.17418 0.94319
vn 0.30493 -0.13944 0.94211
vn 0.19739 -0.05639 0.97870
vn 0.19284 -0.00764 0.98120
vn 0.18260 0.04217 0.98228
vn 0.17259 0.08397 0.98141
vn 0.16754 0.11224 0.97946
vn 0.17333 0.12825 0.97648
vn 0.18332 0.13827 0.97328
vn 0.19505 0.14558 0.96993
vn 0.19725 0.15568 0.96791
vn 0.19280 0.16532 0.96721
vn 0.16735 0.17517 0.97021
vn 0.12197 0.18564 0.97502
vn 0.04661 0.19035 0.98061
vn -0.08774 0.19722 0.97642
vn -0.23966 0.19971 0.95009
vn -0.33538 0.20484 0.91955
vn -0.40369 0.20458 0.89173
vn -0.42316 0.20228 0.88319
vn -0.40636 0.18935 0.89388
vn -0.37359 0.17722 0.91051
vn -0.32756 0.19851 0.92374
vn -0.29073 0.19234 0.93727
vn -0.26956 0.18746 0.94456
vn -0.27096 0.18369 0.94490
vn -0.28453 0.16435 0.94448
vn -0.30352 0.16819 0.93786
vn -0.31070 0.20358 0.92845
vn -0.32310 0.25558 0.91120
vn -0.33575 0.29016 0.89614
vn -0.34008 0.28942 0.89475
vn -0.33144 0.23139 0.91466
vn -0.32430 0.14090 0.93540
vn -0.26959 -0.00020 0.96297
vn -0.21249 -0.12140 0.96959
vn -0.18317 -0.18475 0.96556
vn -0.14522 -0.20963 0.96693
vn -0.12486 -0.20563 0.97063
vn -0.11054 -0.20030 0.97348
vn -0.10235 -0.20468 0.97346
vn -0.09221 -0.21121 0.97308
vn -0.08075 -0.21698 0.97283
vn -0.06649 -0.22262 0.97263
vn -0.04838 -0.22356 0.97349
vn -0.02372 -0.22044 0.97511
vn 0.01019 -0.21378 0.97683
vn 0.05213 -0.20357 0.97767
vn 0.09924 -0.18784 0.97717
vn 0.14566 -0.16511 0.97546
vn 0.17976 -0.14090 0.97357
vn 0.19439 -0.11974 0.97359
vn 0.19161 -0.10729 0.97559
vn 0.18147 -0.10471 0.97781
vn 0.17409 -0.10906 0.97867
vn 0.17521 -0.11354 0.97796
vn 0.18389 -0.11055 0.97671
vn 0.19314 -0.09210 0.97684
vn 0.12934 -0.04814 0.99043
vn 0.12282 -0.01671 0.99229
vn 0.11083 0.01873 0.99366
vn 0.10299 0.04973 0.99344
vn 0.10371 0.07199 0.99200
vn 0.10928 0.08190 0.99063
vn 0.12447 0.08753 0.98835
vn 0.14095 0.09270 0.98567
vn 0.14885 0.09703 0.98409
vn 0.15637 0.11074 0.98147
vn 0.14641 0.11913 0.98202
vn 0.11518 0.12814 0.98505
vn 0.05423 0.13163 0.98981
vn -0.05591 0.14099 0.98843
vn -0.21834 0.13295 0.96677
vn -0.32189 0.12085 0.93903
vn -0.39267 0.12013 0.91180
vn -0.41680 0.12673 0.90012
vn -0.38965 0.13383 0.91119
vn -0.35060 0.11400 0.92956
vn -0.29832 0.10822 0.94831
vn -0.25059 0.14649 0.95695
vn -0.21133 0.13019 0.96870
vn -0.20208 0.14201 0.96902
vn -0.21079 0.13858 0.96766
vn -0.20979 0.14703 0.96663
vn -0.20758 0.19251 0.95909
vn -0.22015 0.25517 0.94150
vn -0.24335 0.30082 0.92211
vn -0.26316 0.31492 0.91190
vn -0.25907 0.26608 0.92848
vn -0.24089 0.17388 0.95485
vn -0.21474 0.04859 0.97546
vn -0.14001 -0.08382 0.98660
vn -0.11532 -0.14431 0.98279
vn -0.09610 -0.16306 0.98192
vn -0.08978 -0.15634 0.98361
vn -0.07825 -0.14197 0.98677
vn -0.06952 -0.13628 0.98823
vn -0.06758 -0.14589 0.98699
vn -0.06323 -0.14886 0.98683
vn -0.05446 -0.14786 0.98751
vn -0.04518 -0.14666 0.98815
vn -0.03206 -0.14544 0.98885
vn -0.01083 -0.14325 0.98963
vn 0.01823 -0.13801 0.99026
vn 0.05146 -0.12743 0.99051
vn 0.08513 -0.11015 0.99026
vn 0.11296 -0.09255 0.98928
vn 0.12675 -0.07793 0.98887
vn 0.12935 -0.07028 0.98910
vn 0.12522 -0.06776 0.98981
vn 0.12088 -0.06978 0.99021
vn 0.12253 -0.07458 0.98966
vn 0.12758 -0.07606 0.98891
vn 0.13038 -0.06856 0.98909
vn -0.56252 0.13423 0.81581
vn -0.56842 0.00100 0.82274
vn -0.54368 -0.14056 0.82744
vn -0.49897 -0.26334 0.82564
vn -0.45493 -0.36309 0.81314
vn -0.41738 -0.43932 0.79548
vn -0.38507 -0.48082 0.78774
vn -0.36810 -0.49706 0.78577
vn -0.35194 -0.50693 0.78687
vn -0.30916 -0.52394 0.79366
vn -0.23277 -0.54447 0.80584
vn -0.13735 -0.56928 0.81059
vn -0.03152 -0.59800 0.80087
vn 0.06610 -0.62507 0.77777
vn 0.13717 -0.64647 0.75051
vn 0.17490 -0.66117 0.72956
vn 0.17851 -0.66924 0.72128
vn 0.16870 -0.66840 0.72441
vn 0.17844 -0.65402 0.73513
vn 0.21113 -0.61910 0.75639
vn 0.27432 -0.55252 0.78707
vn 0.35986 -0.46893 0.80660
vn 0.45109 -0.37318 0.81071
vn 0.53057 -0.24853 0.81038
vn 0.58048 -0.09493 0.80872
vn 0.60440 0.02075 0.79641
vn 0.60899 0.11961 0.78411
vn 0.60836 0.19142 0.77023
vn 0.61463 0.22417 0.75630
vn 0.63779 0.19730 0.74452
vn 0.66492 0.17315 0.72657
vn 0.67863 0.15319 0.71832
vn 0.67920 0.11787 0.72443
vn 0.65925 0.13902 0.73896
vn 0.59754 0.17918 0.78156
vn 0.51524 0.19356 0.83490
vn 0.43937 0.24103 0.86536
vn 0.33818 0.31075 0.88830
vn 0.26386 0.37115 0.89029
vn 0.20426 0.40883 0.88946
vn 0.13753 0.42615 0.89414
vn 0.07800 0.43640 0.89636
vn -0.01131 0.44266 0.89662
vn -0.12730 0.44360 0.88714
vn -0.25233 0.44368 0.85993
vn -0.36649 0.44246 0.81848
vn -0.46024 0.41836 0.78304
vn -0.52134 0.37976 0.76419
vn -0.53484 0.36782 0.76069
vn -0.49854 0.40109 0.76850
vn -0.45658 0.40680 0.79124
vn -0.43065 0.40019 0.80894
vn -0.42223 0.40155 0.81270
vn -0.44348 0.38486 0.80945
vn -0.48191 0.32754 0.81270
vn -0.52948 0.24650 0.81172
vn -0.49286 0.13940 0.85887
vn -0.50481 0.02823 0.86277
vn -0.49045 -0.09564 0.86620
vn -0.45271 -0.21284 0.86588
vn -0.40720 -0.31420 0.85759
vn -0.37439 -0.39132 0.84066
vn -0.34769 -0.43539 0.83039
vn -0.33266 -0.45263 0.82732
vn -0.32360 -0.46087 0.82637
vn -0.29748 -0.47251 0.82960
vn -0.23279 -0.49089 0.83955
vn -0.14054 -0.51407 0.84615
vn -0.03305 -0.54031 0.84082
vn 0.06903 -0.56461 0.82247
vn 0.14277 -0.58498 0.79838
vn 0.17839 -0.60216 0.77819
vn 0.17585 -0.61629 0.76763
vn 0.15680 -0.62237 0.76686
vn 0.15376 -0.61472 0.77361
vn 0.17689 -0.58980 0.78794
vn 0.22998 -0.53585 0.81239
vn 0.31171 -0.44988 0.83692
vn 0.39781 -0.35572 0.84570
vn 0.46947 -0.25340 0.84580
vn 0.52108 -0.11342 0.84594
vn 0.54918 0.00414 0.83569
vn 0.55704 0.09846 0.82463
vn 0.55624 0.17828 0.81167
vn 0.55852 0.22231 0.79915
vn 0.57450 0.21254 0.79043
vn 0.60155 0.18206 0.77781
vn 0.62614 0.14566 0.76598
vn 0.63169 0.10163 0.76853
vn 0.62487 0.09585 0.77482
vn 0.58958 0.11697 0.79919
vn 0.50821 0.13275 0.85094
vn 0.43024 0.17216 0.88615
vn 0.32817 0.23585 0.91470
vn 0.24006 0.28559 0.92780
vn 0.18498 0.31993 0.92921
vn 0.12967 0.34258 0.93050
vn 0.07540 0.35628 0.93133
vn -0.00021 0.36328 0.93168
vn -0.10821 0.36388 0.92514
vn -0.22734 0.35579 0.90649
vn -0.33812 0.35443 0.87181
vn -0.42263 0.35844 0.83241
vn -0.47482 0.34282 0.81056
vn -0.48394 0.32741 0.81154
vn -0.45016 0.36127 0.81660
vn -0.40833 0.39603 0.82245
vn -0.38294 0.38511 0.83967
vn -0.37079 0.37052 0.85160
vn -0.38330 0.35098 0.85434
vn -0.41840 0.30143 0.85679
vn -0.45962 0.23034 0.85772
vn -0.25373 0.09629 0.96247
vn -0.26452 0.04213 0.96346
vn -0.26139 -0.02726 0.96485
vn -0.24265 -0.10289 0.96464
vn -0.21196 -0.18090 0.96039
vn -0.19021 -0.24443 0.95083
vn -0.18530 -0.27438 0.94360
vn -0.18313 -0.28432 0.94108
vn -0.19109 -0.28743 0.93855
vn -0.19021 -0.29030 0.93784
vn -0.15134 -0.30078 0.94161
vn -0.07737 -0.32046 0.94410
vn 0.01450 -0.34330 0.93911
vn 0.10201 -0.36170 0.92670
vn 0.15985 -0.37532 0.91301
vn 0.17593 -0.38921 0.90419
vn 0.14989 -0.40640 0.90132
vn 0.10940 -0.42087 0.90050
vn 0.08792 -0.42466 0.90107
vn 0.09484 -0.40929 0.90746
vn 0.13033 -0.37819 0.91651
vn 0.19148 -0.30995 0.93127
vn 0.25213 -0.22656 0.94080
vn 0.29696 -0.16484 0.94055
vn 0.32707 -0.07090 0.94234
vn 0.34234 0.02248 0.93931
vn 0.35009 0.08826 0.93255
vn 0.35182 0.15844 0.92256
vn 0.35255 0.20460 0.91315
vn 0.36078 0.20037 0.91087
vn 0.38215 0.17088 0.90816
vn 0.41421 0.10350 0.90428
vn 0.42773 0.02160 0.90365
vn 0.43181 -0.02264 0.90168
vn 0.41810 -0.05073 0.90698
vn 0.37417 -0.05894 0.92549
vn 0.30246 -0.02538 0.95283
vn 0.21989 0.01424 0.97542
vn 0.13831 0.03947 0.98960
vn 0.09587 0.05374 0.99394
vn 0.05755 0.06472 0.99624
vn 0.02735 0.07886 0.99651
vn -0.01979 0.08825 0.99590
vn -0.09607 0.09460 0.99087
vn -0.18016 0.09463 0.97908
vn -0.25752 0.09167 0.96192
vn -0.31153 0.11890 0.94277
vn -0.32300 0.16933 0.93113
vn -0.29352 0.18499 0.93788
vn -0.24502 0.22131 0.94392
vn -0.20748 0.28602 0.93549
vn -0.18612 0.28523 0.94022
vn -0.17657 0.25336 0.95112
vn -0.18564 0.22414 0.95671
vn -0.20774 0.18262 0.96099
vn -0.23334 0.13919 0.96238
vn 0.23640 0.01094 0.97159
vn 0.22745 0.06205 0.97181
vn 0.20973 0.09766 0.97287
vn 0.19374 0.10999 0.97487
vn 0.18542 0.09956 0.97760
vn 0.18632 0.08741 0.97859
vn 0.16988 0.08903 0.98143
vn 0.14182 0.09488 0.98534
vn 0.11086 0.10480 0.98829
vn 0.06818 0.11158 0.99141
vn 0.04917 0.10550 0.99320
vn 0.06401 0.09158 0.99374
vn 0.09807 0.08494 0.99155
vn 0.13016 0.09254 0.98717
vn 0.13779 0.10972 0.98437
vn 0.11181 0.12376 0.98599
vn 0.05385 0.12113 0.99118
vn -0.00769 0.09930 0.99503
vn -0.05155 0.06627 0.99647
vn -0.07284 0.04251 0.99644
vn -0.07325 0.02489 0.99700
vn -0.06413 0.02266 0.99768
vn -0.06517 0.04784 0.99673
vn -0.07814 0.04536 0.99591
vn -0.08172 0.03769 0.99594
vn -0.09380 0.05611 0.99401
vn -0.10433 0.06222 0.99259
vn -0.11178 0.09202 0.98946
vn -0.12318 0.12078 0.98501
vn -0.13876 0.11349 0.98380
vn -0.14678 0.08480 0.98553
vn -0.12591 -0.01612 0.99191
vn -0.09637 -0.13956 0.98551
vn -0.03333 -0.24355 0.96932
vn 0.00001 -0.32677 0.94510
vn 0.03420 -0.36221 0.93147
vn 0.02634 -0.35802 0.93334
vn -0.00268 -0.35938 0.93319
vn -0.04478 -0.36512 0.92988
vn -0.05500 -0.37164 0.92675
vn -0.05957 -0.37795 0.92391
vn -0.05355 -0.37832 0.92412
vn -0.04815 -0.37229 0.92687
vn -0.05630 -0.36340 0.92993
vn -0.06127 -0.35551 0.93266
vn -0.05215 -0.34321 0.93781
vn -0.01586 -0.32268 0.94637
vn 0.05552 -0.24387 0.96822
vn 0.13326 -0.14517 0.98039
vn 0.18635 -0.08465 0.97883
vn 0.21078 -0.00509 0.97752
vn 0.21467 0.02491 0.97637
vn 0.21261 -0.01180 0.97707
vn 0.21214 -0.03919 0.97645
vn 0.21937 -0.05014 0.97435
vn 0.23193 -0.03505 0.97210
vn 0.49075 -0.03943 0.87041
vn 0.48715 0.05939 0.87130
vn 0.46386 0.14897 0.87329
vn 0.43363 0.21127 0.87597
vn 0.40448 0.24758 0.88039
vn 0.38593 0.27091 0.88185
vn 0.36619 0.29074 0.88395
vn 0.33004 0.30968 0.89172
vn 0.28953 0.32847 0.89904
vn 0.23671 0.34132 0.90965
vn 0.18422 0.34152 0.92165
vn 0.15550 0.33855 0.92801
vn 0.13865 0.34555 0.92810
vn 0.12225 0.36925 0.92126
vn 0.09169 0.40214 0.91098
vn 0.04294 0.42947 0.90206
vn -0.01882 0.43746 0.89904
vn -0.07555 0.42123 0.90380
vn -0.12218 0.38467 0.91493
vn -0.15837 0.33957 0.92715
vn -0.18513 0.29298 0.93803
vn -0.21546 0.24631 0.94494
vn -0.25211 0.21079 0.94446
vn -0.29302 0.17149 0.94060
vn -0.32807 0.11121 0.93808
vn -0.35721 0.07486 0.93102
vn -0.37494 0.04020 0.92618
vn -0.39026 0.03403 0.92008
vn -0.41047 0.04044 0.91098
vn -0.43530 0.02852 0.89983
vn -0.45831 -0.00040 0.88879
vn -0.45411 -0.09372 0.88600
vn -0.41154 -0.21644 0.88532
vn -0.33131 -0.33917 0.88045
vn -0.24697 -0.43894 0.86391
vn -0.17206 -0.49379 0.85239
vn -0.14242 -0.51728 0.84388
vn -0.12210 -0.53389 0.83669
vn -0.13058 -0.54689 0.82696
vn -0.12671 -0.55866 0.81966
vn -0.11080 -0.56632 0.81671
vn -0.09083 -0.57129 0.81571
vn -0.06404 -0.57112 0.81836
vn -0.03584 -0.56733 0.82271
vn 0.00310 -0.56257 0.82674
vn 0.06199 -0.54823 0.83403
vn 0.15046 -0.51795 0.84207
vn 0.25888 -0.45939 0.84967
vn 0.35759 -0.34857 0.86639
vn 0.41252 -0.25954 0.87319
vn 0.43643 -0.19917 0.87742
vn 0.43337 -0.15262 0.88820
vn 0.42038 -0.16690 0.89187
vn 0.42364 -0.18225 0.88731
vn 0.44521 -0.17015 0.87911
vn 0.47275 -0.12359 0.87249
vn 0.49612 -0.03857 0.86740
vn 0.49377 0.05298 0.86798
vn 0.47348 0.13943 0.86970
vn 0.44558 0.20199 0.87216
vn 0.41596 0.24395 0.87605
vn 0.39418 0.27082 0.87822
vn 0.37389 0.28972 0.88106
vn 0.34644 0.30806 0.88605
vn 0.30456 0.32561 0.89511
vn 0.25970 0.33542 0.90557
vn 0.20518 0.33880 0.91821
vn 0.16416 0.34184 0.92531
vn 0.13284 0.35363 0.92590
vn 0.10303 0.37841 0.91989
vn 0.06750 0.40975 0.90970
vn 0.02286 0.43549 0.89991
vn -0.02567 0.44519 0.89507
vn -0.06949 0.43316 0.89863
vn -0.10738 0.40286 0.90894
vn -0.14191 0.35816 0.92281
vn -0.17210 0.30848 0.93553
vn -0.20686 0.25465 0.94465
vn -0.24503 0.20253 0.94812
vn -0.28384 0.16371 0.94479
vn -0.32507 0.10654 0.93967
vn -0.35906 0.06696 0.93091
vn -0.37940 0.03452 0.92459
vn -0.39667 0.02003 0.91774
vn -0.41716 0.01825 0.90865
vn -0.44252 0.00502 0.89675
vn -0.46292 -0.02876 0.88593
vn -0.46872 -0.10376 0.87723
vn -0.42618 -0.21871 0.87780
vn -0.35516 -0.33312 0.87344
vn -0.26054 -0.43343 0.86271
vn -0.18211 -0.48909 0.85301
vn -0.14094 -0.52103 0.84182
vn -0.12363 -0.53670 0.83467
vn -0.11540 -0.54408 0.83106
vn -0.11919 -0.55495 0.82330
vn -0.10886 -0.56368 0.81879
vn -0.09241 -0.56875 0.81730
vn -0.06873 -0.56926 0.81928
vn -0.03883 -0.56630 0.82329
vn 0.00171 -0.56269 0.82667
vn 0.06070 -0.55074 0.83247
vn 0.14830 -0.51962 0.84143
vn 0.24945 -0.46619 0.84879
vn 0.34114 -0.38034 0.85963
vn 0.40677 -0.27565 0.87095
vn 0.43395 -0.22267 0.87299
vn 0.43421 -0.17833 0.88298
vn 0.42700 -0.16792 0.88852
vn 0.43441 -0.17644 0.88326
vn 0.45551 -0.15976 0.87578
vn 0.48033 -0.11553 0.86944
vn 0.42068 -0.02032 0.90698
vn 0.41710 0.04753 0.90762
vn 0.40079 0.11228 0.90927
vn 0.38045 0.15963 0.91092
vn 0.35966 0.19059 0.91341
vn 0.34054 0.21094 0.91626
vn 0.32360 0.22481 0.91910
vn 0.30501 0.23809 0.92211
vn 0.27024 0.24962 0.92987
vn 0.23172 0.25613 0.93846
vn 0.18668 0.26140 0.94701
vn 0.14457 0.26734 0.95270
vn 0.11270 0.27954 0.95350
vn 0.08244 0.30123 0.94998
vn 0.05273 0.32820 0.94314
vn 0.02021 0.35070 0.93627
vn -0.01184 0.35949 0.93307
vn -0.04017 0.34854 0.93643
vn -0.06674 0.32100 0.94472
vn -0.09336 0.28114 0.95512
vn -0.11892 0.23751 0.96408
vn -0.14547 0.19216 0.97052
vn -0.17341 0.14086 0.97473
vn -0.20172 0.10679 0.97360
vn -0.23397 0.07100 0.96965
vn -0.26197 0.04420 0.96406
vn -0.28729 0.03119 0.95734
vn -0.31048 0.02019 0.95037
vn -0.33406 0.01710 0.94240
vn -0.35775 0.00382 0.93381
vn -0.37218 -0.03304 0.92757
vn -0.37471 -0.09476 0.92229
vn -0.32864 -0.20021 0.92299
vn -0.27495 -0.29993 0.91348
vn -0.18586 -0.39236 0.90084
vn -0.12953 -0.44438 0.88642
vn -0.08212 -0.47256 0.87746
vn -0.07797 -0.48075 0.87338
vn -0.07469 -0.48648 0.87049
vn -0.08390 -0.49512 0.86477
vn -0.08611 -0.50016 0.86164
vn -0.08018 -0.50182 0.86125
vn -0.06964 -0.50098 0.86265
vn -0.05045 -0.49942 0.86489
vn -0.02101 -0.49848 0.86664
vn 0.02291 -0.49079 0.87097
vn 0.09155 -0.46473 0.88071
vn 0.17552 -0.41272 0.89379
vn 0.26165 -0.34613 0.90096
vn 0.32980 -0.25610 0.90865
vn 0.36006 -0.18165 0.91507
vn 0.36974 -0.14989 0.91696
vn 0.37402 -0.12480 0.91899
vn 0.38221 -0.12237 0.91594
vn 0.39681 -0.11085 0.91118
vn 0.41137 -0.07654 0.90825
vn 0.31188 0.00083 0.95012
vn 0.30742 0.04022 0.95072
vn 0.29551 0.07658 0.95226
vn 0.28004 0.10359 0.95438
vn 0.27158 0.11707 0.95527
vn 0.25940 0.12626 0.95748
vn 0.24841 0.13190 0.95963
vn 0.23407 0.13902 0.96223
vn 0.21333 0.14494 0.96617
vn 0.18087 0.15094 0.97186
vn 0.14945 0.15772 0.97611
vn 0.11464 0.16359 0.97984
vn 0.08837 0.17342 0.98088
vn 0.06501 0.18928 0.97977
vn 0.04530 0.20883 0.97690
vn 0.02695 0.22687 0.97355
vn 0.01054 0.23636 0.97161
vn -0.00345 0.23243 0.97261
vn -0.01833 0.21134 0.97724
vn -0.03442 0.17324 0.98428
vn -0.05126 0.13182 0.98995
vn -0.06693 0.10113 0.99262
vn -0.08177 0.06845 0.99430
vn -0.09667 0.04083 0.99448
vn -0.11451 0.02991 0.99297
vn -0.12928 0.01885 0.99143
vn -0.15423 0.02148 0.98780
vn -0.18329 0.02234 0.98280
vn -0.20974 0.02395 0.97746
vn -0.23240 0.01417 0.97252
vn -0.24068 -0.02087 0.97038
vn -0.23887 -0.07328 0.96828
vn -0.19379 -0.16329 0.96736
vn -0.14150 -0.25526 0.95646
vn -0.07649 -0.33049 0.94071
vn -0.03026 -0.37685 0.92578
vn -0.00732 -0.39461 0.91882
vn -0.00833 -0.39859 0.91709
vn -0.02253 -0.40023 0.91614
vn -0.03604 -0.39790 0.91672
vn -0.05391 -0.39504 0.91708
vn -0.06522 -0.39464 0.91652
vn -0.06951 -0.39101 0.91776
vn -0.06632 -0.38841 0.91910
vn -0.05417 -0.38947 0.91944
vn -0.03317 -0.39246 0.91917
vn 0.00979 -0.37952 0.92513
vn 0.07239 -0.33756 0.93852
vn 0.14968 -0.27170 0.95067
vn 0.21530 -0.20584 0.95461
vn 0.25840 -0.12531 0.95788
vn 0.28244 -0.08924 0.95513
vn 0.29465 -0.06344 0.95350
vn 0.29999 -0.05468 0.95237
vn 0.30512 -0.05025 0.95099
vn 0.31021 -0.03231 0.95012
vn 0.25174 0.00942 0.96775
vn 0.24673 0.03438 0.96847
vn 0.23808 0.05594 0.96963
vn 0.22425 0.07156 0.97190
vn 0.21767 0.07711 0.97297
vn 0.21123 0.07713 0.97439
vn 0.20658 0.07960 0.97519
vn 0.19278 0.08082 0.97791
vn 0.17982 0.08432 0.98008
vn 0.15415 0.09046 0.98390
vn 0.12778 0.09736 0.98701
vn 0.09973 0.10255 0.98972
vn 0.07609 0.10976 0.99104
vn 0.05739 0.12103 0.99099
vn 0.04316 0.13528 0.98987
vn 0.03231 0.15018 0.98813
vn 0.02338 0.16052 0.98676
vn 0.01617 0.16299 0.98649
vn 0.00779 0.15562 0.98779
vn -0.00226 0.12923 0.99161
vn -0.01294 0.08583 0.99623
vn -0.02361 0.05009 0.99847
vn -0.03245 0.03147 0.99898
vn -0.03890 0.00792 0.99921
vn -0.04646 0.00239 0.99892
vn -0.05365 0.00266 0.99856
vn -0.07383 0.01027 0.99722
vn -0.10246 0.01788 0.99458
vn -0.12951 0.02789 0.99119
vn -0.15333 0.02196 0.98793
vn -0.16407 -0.00203 0.98645
vn -0.15928 -0.05370 0.98577
vn -0.13239 -0.12249 0.98360
vn -0.06961 -0.21894 0.97325
vn -0.02552 -0.28587 0.95793
vn 0.02339 -0.33516 0.94187
vn 0.03963 -0.34546 0.93760
vn 0.04168 -0.34551 0.93749
vn 0.01211 -0.35036 0.93654
vn -0.00940 -0.34416 0.93886
vn -0.02996 -0.32281 0.94599
vn -0.04766 -0.31961 0.94635
vn -0.06328 -0.32113 0.94492
vn -0.07372 -0.32130 0.94410
vn -0.07159 -0.31929 0.94495
vn -0.06658 -0.32420 0.94364
vn -0.04171 -0.32355 0.94529
vn 0.00367 -0.29840 0.95443
vn 0.07229 -0.24092 0.96785
vn 0.13820 -0.17487 0.97485
vn 0.18071 -0.09895 0.97855
vn 0.22893 -0.05149 0.97208
vn 0.24651 -0.03157 0.96863
vn 0.25108 -0.01858 0.96779
vn 0.25123 -0.01614 0.96779
vn 0.25188 -0.00943 0.96771
vn -0.60243 0.08979 0.79310
vn -0.60247 -0.02378 0.79779
vn -0.57788 -0.13775 0.80441
vn -0.53796 -0.24667 0.80607
vn -0.49708 -0.33220 0.80160
vn -0.46385 -0.38830 0.79628
vn -0.43774 -0.42438 0.79264
vn -0.41741 -0.44287 0.79350
vn -0.39726 -0.45006 0.79977
vn -0.35934 -0.46081 0.81150
vn -0.28746 -0.48077 0.82839
vn -0.19269 -0.51160 0.83734
vn -0.08906 -0.54867 0.83128
vn 0.00939 -0.58512 0.81089
vn 0.08424 -0.61450 0.78441
vn 0.12842 -0.63421 0.76242
vn 0.13984 -0.64503 0.75126
vn 0.13873 -0.64477 0.75168
vn 0.16037 -0.62741 0.76200
vn 0.20660 -0.59394 0.77753
vn 0.27498 -0.53955 0.79579
vn 0.36217 -0.46660 0.80692
vn 0.45010 -0.37912 0.80850
vn 0.52036 -0.27468 0.80856
vn 0.56768 -0.16509 0.80653
vn 0.59219 -0.06109 0.80348
vn 0.60003 0.02935 0.79944
vn 0.60285 0.09812 0.79180
vn 0.61083 0.13874 0.77951
vn 0.62743 0.15166 0.76376
vn 0.64756 0.14842 0.74742
vn 0.65903 0.15069 0.73686
vn 0.64959 0.17714 0.73936
vn 0.60903 0.23283 0.75820
vn 0.53501 0.30417 0.78819
vn 0.44188 0.37640 0.81429
vn 0.34554 0.44479 0.82629
vn 0.26043 0.50410 0.82345
vn 0.19009 0.54856 0.81421
vn 0.14239 0.57665 0.80448
vn 0.10596 0.59269 0.79843
vn 0.05610 0.60050 0.79766
vn -0.01467 0.60058 0.79943
vn -0.10949 0.59182 0.79860
vn -0.22177 0.57165 0.78996
vn -0.33767 0.53791 0.77242
vn -0.43872 0.49337 0.75108
vn -0.50424 0.44799 0.73828
vn -0.52839 0.41055 0.74314
vn -0.52391 0.38922 0.75765
vn -0.50444 0.37755 0.77653
vn -0.48802 0.36975 0.79064
vn -0.49032 0.34994 0.79821
vn -0.50860 0.31544 0.80114
vn -0.53881 0.26417 0.79994
vn -0.57760 0.19387 0.79297
vn -0.54267 0.09428 0.83464
vn -0.54875 0.00062 0.83598
vn -0.53224 -0.09760 0.84095
vn -0.49796 -0.19829 0.84423
vn -0.45847 -0.28296 0.84246
vn -0.42635 -0.34058 0.83799
vn -0.40418 -0.37646 0.83362
vn -0.38800 -0.39424 0.83309
vn -0.37396 -0.39926 0.83710
vn -0.34864 -0.40539 0.84505
vn -0.28836 -0.42286 0.85909
vn -0.19617 -0.45128 0.87055
vn -0.08991 -0.48528 0.86972
vn 0.01135 -0.51884 0.85480
vn 0.08799 -0.54767 0.83205
vn 0.12936 -0.57051 0.81104
vn 0.13561 -0.58742 0.79784
vn 0.12540 -0.59577 0.79331
vn 0.13516 -0.58712 0.79814
vn 0.17395 -0.55878 0.81087
vn 0.23634 -0.51051 0.82676
vn 0.31747 -0.44158 0.83918
vn 0.39881 -0.36080 0.84308
vn 0.46465 -0.27143 0.84287
vn 0.51077 -0.17551 0.84161
vn 0.53750 -0.08144 0.83932
vn 0.54775 0.00558 0.83662
vn 0.55006 0.07968 0.83131
vn 0.55404 0.13091 0.82213
vn 0.56573 0.15372 0.81013
vn 0.58474 0.15243 0.79677
vn 0.60161 0.14491 0.78554
vn 0.60280 0.15459 0.78278
vn 0.57824 0.19224 0.79289
vn 0.51940 0.25220 0.81647
vn 0.43191 0.32201 0.84248
vn 0.33491 0.39187 0.85690
vn 0.24566 0.45162 0.85772
vn 0.17315 0.49544 0.85121
vn 0.12431 0.52302 0.84321
vn 0.09408 0.53866 0.83726
vn 0.05616 0.54671 0.83544
vn -0.00391 0.54785 0.83657
vn -0.08847 0.54039 0.83675
vn -0.19293 0.52213 0.83075
vn -0.30170 0.49277 0.81618
vn -0.39721 0.45480 0.79711
vn -0.45845 0.42053 0.78293
vn -0.48184 0.39279 0.78329
vn -0.47714 0.37674 0.79398
vn -0.45956 0.36474 0.80980
vn -0.44405 0.35157 0.82415
vn -0.44174 0.32692 0.83546
vn -0.45603 0.28547 0.84294
vn -0.48394 0.23626 0.84260
vn -0.51719 0.17631 0.83752
vn -0.33258 0.05268 0.94160
vn -0.33804 0.01495 0.94101
vn -0.33033 -0.03139 0.94334
vn -0.31033 -0.09239 0.94613
vn -0.28355 -0.14809 0.94746
vn -0.26181 -0.18827 0.94658
vn -0.25466 -0.21262 0.94337
vn -0.25183 -0.21830 0.94283
vn -0.25261 -0.21279 0.94388
vn -0.24657 -0.21114 0.94584
vn -0.21028 -0.22413 0.95160
vn -0.13610 -0.24947 0.95877
vn -0.04488 -0.27856 0.95937
vn 0.04073 -0.30550 0.95132
vn 0.09975 -0.32797 0.93941
vn 0.12102 -0.34841 0.92950
vn 0.10554 -0.36905 0.92340
vn 0.07734 -0.38644 0.91907
vn 0.07214 -0.39259 0.91688
vn 0.09696 -0.37685 0.92119
vn 0.14492 -0.34155 0.92862
vn 0.20690 -0.29297 0.93347
vn 0.26147 -0.23671 0.93574
vn 0.29899 -0.18463 0.93622
vn 0.32452 -0.13022 0.93687
vn 0.34054 -0.07503 0.93723
vn 0.34717 -0.01688 0.93765
vn 0.34795 0.04611 0.93638
vn 0.34869 0.10034 0.93185
vn 0.35280 0.13142 0.92642
vn 0.36448 0.13216 0.92178
vn 0.38165 0.11115 0.91760
vn 0.39340 0.09419 0.91453
vn 0.38946 0.09901 0.91571
vn 0.35895 0.12823 0.92451
vn 0.29576 0.17943 0.93826
vn 0.21707 0.23911 0.94642
vn 0.14283 0.28891 0.94664
vn 0.08480 0.32129 0.94318
vn 0.04880 0.33742 0.94009
vn 0.03581 0.34378 0.93837
vn 0.01992 0.34588 0.93807
vn -0.01562 0.34468 0.93859
vn -0.07347 0.33769 0.93839
vn -0.14879 0.32343 0.93448
vn -0.22542 0.30390 0.92565
vn -0.28485 0.28238 0.91604
vn -0.31130 0.26949 0.91130
vn -0.30868 0.27086 0.91178
vn -0.29326 0.27436 0.91582
vn -0.27746 0.26983 0.92207
vn -0.26682 0.25068 0.93057
vn -0.26625 0.21394 0.93986
vn -0.27773 0.16419 0.94653
vn -0.29698 0.11918 0.94742
vn -0.31794 0.08755 0.94406
vn 0.14051 -0.02722 0.98970
vn 0.13509 0.03924 0.99006
vn 0.11778 0.09275 0.98870
vn 0.10202 0.11803 0.98776
vn 0.09763 0.13001 0.98669
vn 0.09557 0.13687 0.98597
vn 0.08335 0.14377 0.98609
vn 0.05974 0.15854 0.98554
vn 0.03223 0.17505 0.98403
vn 0.00114 0.18188 0.98332
vn -0.01497 0.17272 0.98486
vn 0.00199 0.15634 0.98770
vn 0.03726 0.14481 0.98876
vn 0.06763 0.14357 0.98733
vn 0.07606 0.15158 0.98552
vn 0.05646 0.15677 0.98602
vn 0.01147 0.14713 0.98905
vn -0.03392 0.12201 0.99195
vn -0.05738 0.08786 0.99448
vn -0.06013 0.06285 0.99621
vn -0.04826 0.05092 0.99754
vn -0.03639 0.04433 0.99835
vn -0.04125 0.03563 0.99851
vn -0.05812 0.01174 0.99824
vn -0.07426 -0.01818 0.99707
vn -0.08449 -0.04111 0.99558
vn -0.08767 -0.04808 0.99499
vn -0.09254 -0.02612 0.99537
vn -0.10625 0.01116 0.99428
vn -0.12882 0.04053 0.99084
vn -0.14822 0.04104 0.98810
vn -0.14879 0.00483 0.98886
vn -0.12523 -0.04806 0.99096
vn -0.08326 -0.09446 0.99204
vn -0.04462 -0.11508 0.99235
vn -0.03042 -0.10342 0.99417
vn -0.04699 -0.07728 0.99590
vn -0.07129 -0.06050 0.99562
vn -0.08987 -0.05976 0.99416
vn -0.09470 -0.07039 0.99301
vn -0.07582 -0.08356 0.99361
vn -0.05301 -0.09441 0.99412
vn -0.03899 -0.10092 0.99413
vn -0.03405 -0.10658 0.99372
vn -0.03508 -0.11380 0.99288
vn -0.02850 -0.11810 0.99259
vn 0.00173 -0.11249 0.99365
vn 0.05352 -0.09405 0.99413
vn 0.10061 -0.05154 0.99359
vn 0.12238 -0.00724 0.99246
vn 0.12544 0.01041 0.99205
vn 0.11657 -0.00461 0.99317
vn 0.10534 -0.04187 0.99355
vn 0.10045 -0.08540 0.99127
vn 0.10796 -0.10371 0.98873
vn 0.12635 -0.07780 0.98893
vn 0.41729 -0.07038 0.90605
vn 0.41843 0.04313 0.90722
vn 0.39426 0.14868 0.90689
vn 0.35573 0.22652 0.90672
vn 0.32287 0.28129 0.90367
vn 0.30128 0.31667 0.89942
vn 0.28148 0.34267 0.89630
vn 0.24955 0.36786 0.89577
vn 0.21072 0.38714 0.89762
vn 0.16575 0.39670 0.90286
vn 0.12174 0.39308 0.91141
vn 0.09412 0.38382 0.91860
vn 0.08281 0.38404 0.91959
vn 0.06907 0.39848 0.91457
vn 0.04118 0.42114 0.90606
vn 0.00079 0.43967 0.89816
vn -0.04929 0.44180 0.89576
vn -0.09021 0.42454 0.90091
vn -0.11829 0.38846 0.91384
vn -0.13812 0.34648 0.92783
vn -0.15541 0.30372 0.94000
vn -0.18274 0.26202 0.94760
vn -0.22748 0.21020 0.95082
vn -0.27886 0.14205 0.94977
vn -0.32207 0.06306 0.94461
vn -0.34828 -0.00766 0.93736
vn -0.35819 -0.05692 0.93191
vn -0.36310 -0.06984 0.92913
vn -0.37599 -0.05614 0.92492
vn -0.40189 -0.03638 0.91496
vn -0.43002 -0.03461 0.90216
vn -0.44310 -0.06622 0.89402
vn -0.42745 -0.12434 0.89545
vn -0.38083 -0.18991 0.90493
vn -0.31463 -0.23793 0.91891
vn -0.25081 -0.25832 0.93293
vn -0.21729 -0.26467 0.93954
vn -0.20209 -0.27353 0.94039
vn -0.18578 -0.29064 0.93862
vn -0.16797 -0.31649 0.93361
vn -0.13494 -0.34276 0.92968
vn -0.09276 -0.36099 0.92794
vn -0.05095 -0.37078 0.92732
vn -0.00668 -0.37565 0.92674
vn 0.04168 -0.37847 0.92467
vn 0.10307 -0.37508 0.92124
vn 0.18743 -0.35332 0.91654
vn 0.27587 -0.31335 0.90869
vn 0.33898 -0.25886 0.90448
vn 0.36880 -0.20283 0.90711
vn 0.36804 -0.17155 0.91385
vn 0.34730 -0.17727 0.92084
vn 0.32516 -0.20061 0.92413
vn 0.32408 -0.22231 0.91954
vn 0.35238 -0.21938 0.90978
vn 0.39083 -0.16295 0.90592
vn 0.42967 -0.06760 0.90045
vn 0.42953 0.03896 0.90221
vn 0.40832 0.14072 0.90193
vn 0.37415 0.22159 0.90051
vn 0.33780 0.28175 0.89806
vn 0.30785 0.32075 0.89574
vn 0.28849 0.34779 0.89209
vn 0.26245 0.37108 0.89074
vn 0.22708 0.38725 0.89357
vn 0.18700 0.39239 0.90059
vn 0.14334 0.38933 0.90988
vn 0.10789 0.38500 0.91659
vn 0.08165 0.38793 0.91807
vn 0.05636 0.40312 0.91341
vn 0.02425 0.42464 0.90504
vn -0.01195 0.44147 0.89720
vn -0.05055 0.44411 0.89454
vn -0.07839 0.43093 0.89898
vn -0.09909 0.40157 0.91045
vn -0.11836 0.36301 0.92424
vn -0.14167 0.31597 0.93813
vn -0.17754 0.26821 0.94686
vn -0.22722 0.21240 0.95040
vn -0.28020 0.14438 0.94902
vn -0.32594 0.06652 0.94305
vn -0.35485 -0.00262 0.93492
vn -0.36637 -0.05426 0.92889
vn -0.37209 -0.07481 0.92518
vn -0.38241 -0.07121 0.92124
vn -0.40339 -0.05796 0.91319
vn -0.42670 -0.05491 0.90272
vn -0.43918 -0.07597 0.89518
vn -0.42639 -0.12126 0.89638
vn -0.38946 -0.17528 0.90421
vn -0.33617 -0.21783 0.91626
vn -0.27527 -0.24417 0.92984
vn -0.22736 -0.25891 0.93876
vn -0.20030 -0.27157 0.94135
vn -0.17862 -0.29264 0.93939
vn -0.15537 -0.32009 0.93456
vn -0.12574 -0.34787 0.92907
vn -0.08824 -0.36808 0.92560
vn -0.04833 -0.37909 0.92410
vn -0.00208 -0.38416 0.92327
vn 0.05113 -0.38578 0.92117
vn 0.11796 -0.38261 0.91635
vn 0.20164 -0.36384 0.90938
vn 0.28348 -0.32290 0.90298
vn 0.34266 -0.27488 0.89835
vn 0.37376 -0.22862 0.89891
vn 0.37443 -0.19634 0.90623
vn 0.35274 -0.19485 0.91521
vn 0.33553 -0.20864 0.91863
vn 0.34289 -0.21795 0.91374
vn 0.37086 -0.20530 0.90571
vn 0.40628 -0.15258 0.90092
vn 0.36126 -0.04844 0.93121
vn 0.35988 0.03444 0.93236
vn 0.33974 0.11605 0.93333
vn 0.30989 0.18318 0.93296
vn 0.28118 0.23520 0.93039
vn 0.25480 0.26892 0.92885
vn 0.23383 0.29230 0.92730
vn 0.21592 0.30936 0.92611
vn 0.18977 0.31707 0.92922
vn 0.15814 0.31660 0.93528
vn 0.12409 0.31398 0.94129
vn 0.09131 0.31287 0.94540
vn 0.06574 0.31762 0.94594
vn 0.04175 0.32968 0.94317
vn 0.01614 0.34549 0.93828
vn -0.00823 0.35747 0.93389
vn -0.03055 0.35794 0.93325
vn -0.04474 0.34417 0.93784
vn -0.05496 0.31890 0.94619
vn -0.06893 0.28514 0.95600
vn -0.08903 0.24654 0.96504
vn -0.12311 0.20211 0.97160
vn -0.16536 0.15403 0.97413
vn -0.20986 0.10011 0.97259
vn -0.24821 0.04062 0.96785
vn -0.27165 -0.01151 0.96233
vn -0.28239 -0.05016 0.95799
vn -0.28893 -0.06750 0.95497
vn -0.29936 -0.06758 0.95174
vn -0.31822 -0.05901 0.94618
vn -0.33794 -0.05513 0.93955
vn -0.34935 -0.06526 0.93472
vn -0.33889 -0.09372 0.93615
vn -0.30794 -0.12689 0.94291
vn -0.26329 -0.15529 0.95214
vn -0.22378 -0.17298 0.95917
vn -0.18146 -0.18496 0.96585
vn -0.15416 -0.19692 0.96822
vn -0.13420 -0.21843 0.96658
vn -0.11428 -0.24503 0.96276
vn -0.09289 -0.26987 0.95840
vn -0.06700 -0.28847 0.95514
vn -0.03859 -0.30061 0.95297
vn -0.00322 -0.30793 0.95140
vn 0.03941 -0.31107 0.94957
vn 0.09628 -0.30834 0.94639
vn 0.16332 -0.29845 0.94035
vn 0.22701 -0.26980 0.93577
vn 0.27810 -0.22835 0.93301
vn 0.30639 -0.19671 0.93136
vn 0.30447 -0.17083 0.93708
vn 0.28994 -0.16161 0.94330
vn 0.28500 -0.16877 0.94355
vn 0.29538 -0.16767 0.94055
vn 0.31786 -0.15586 0.93524
vn 0.34342 -0.11352 0.93230
vn 0.26279 -0.02547 0.96452
vn 0.26158 0.02686 0.96481
vn 0.24532 0.08270 0.96591
vn 0.22026 0.12928 0.96684
vn 0.19224 0.16725 0.96699
vn 0.17350 0.19107 0.96612
vn 0.15657 0.20944 0.96521
vn 0.14395 0.21626 0.96567
vn 0.12697 0.21565 0.96818
vn 0.10737 0.21401 0.97091
vn 0.08557 0.21087 0.97376
vn 0.06157 0.20655 0.97650
vn 0.04364 0.20725 0.97732
vn 0.03002 0.21507 0.97614
vn 0.01652 0.22463 0.97430
vn 0.00616 0.23199 0.97270
vn 0.00011 0.23196 0.97273
vn -0.00245 0.21970 0.97556
vn -0.00325 0.20108 0.97957
vn -0.01091 0.17240 0.98497
vn -0.02600 0.14429 0.98919
vn -0.05177 0.11246 0.99231
vn -0.08352 0.07647 0.99357
vn -0.11638 0.04283 0.99228
vn -0.14238 0.00643 0.98979
vn -0.15728 -0.02359 0.98727
vn -0.16422 -0.04461 0.98542
vn -0.16779 -0.05396 0.98434
vn -0.17355 -0.05341 0.98338
vn -0.18612 -0.04770 0.98137
vn -0.20138 -0.04228 0.97860
vn -0.21363 -0.04349 0.97595
vn -0.21147 -0.05399 0.97589
vn -0.19484 -0.06598 0.97861
vn -0.16162 -0.07655 0.98388
vn -0.13685 -0.08209 0.98718
vn -0.11340 -0.08659 0.98977
vn -0.09131 -0.09666 0.99112
vn -0.07609 -0.11459 0.99049
vn -0.06284 -0.13599 0.98872
vn -0.05233 -0.15764 0.98611
vn -0.03925 -0.17483 0.98382
vn -0.02511 -0.18849 0.98175
vn -0.00609 -0.19906 0.97997
vn 0.01912 -0.20638 0.97829
vn 0.05738 -0.20719 0.97662
vn 0.10148 -0.20154 0.97421
vn 0.14731 -0.18679 0.97129
vn 0.18809 -0.16366 0.96842
vn 0.20766 -0.13590 0.96872
vn 0.20952 -0.12192 0.97017
vn 0.20897 -0.10956 0.97176
vn 0.21147 -0.10894 0.97129
vn 0.22029 -0.10590 0.96967
vn 0.23556 -0.09655 0.96705
vn 0.25255 -0.06891 0.96513
vn 0.20831 -0.01755 0.97791
vn 0.20520 0.01752 0.97856
vn 0.19226 0.05990 0.97951
vn 0.17446 0.09443 0.98013
vn 0.14699 0.12466 0.98125
vn 0.12583 0.14273 0.98173
vn 0.11196 0.15765 0.98113
vn 0.10480 0.16451 0.98079
vn 0.09058 0.15605 0.98359
vn 0.07618 0.15446 0.98506
vn 0.06455 0.15601 0.98564
vn 0.04833 0.14732 0.98791
vn 0.03158 0.13921 0.98976
vn 0.02273 0.14216 0.98958
vn 0.01743 0.14949 0.98861
vn 0.01465 0.15531 0.98776
vn 0.01637 0.15812 0.98728
vn 0.02013 0.15031 0.98843
vn 0.02371 0.13720 0.99026
vn 0.02077 0.11429 0.99323
vn 0.00988 0.08887 0.99599
vn -0.01092 0.06543 0.99780
vn -0.03375 0.03529 0.99881
vn -0.06144 0.01076 0.99805
vn -0.08239 -0.01125 0.99654
vn -0.09206 -0.03049 0.99529
vn -0.09690 -0.04132 0.99444
vn -0.09897 -0.04671 0.99399
vn -0.10067 -0.04262 0.99401
vn -0.10581 -0.03965 0.99360
vn -0.11552 -0.03234 0.99278
vn -0.12608 -0.03165 0.99151
vn -0.13452 -0.03165 0.99041
vn -0.12750 -0.03512 0.99122
vn -0.11129 -0.03366 0.99322
vn -0.08632 -0.03447 0.99567
vn -0.07275 -0.03051 0.99688
vn -0.05757 -0.03997 0.99754
vn -0.04473 -0.05386 0.99755
vn -0.03312 -0.06743 0.99717
vn -0.02625 -0.08631 0.99592
vn -0.02093 -0.10444 0.99431
vn -0.01529 -0.11949 0.99272
vn -0.00663 -0.13223 0.99120
vn 0.00695 -0.14164 0.98989
vn 0.03054 -0.14755 0.98858
vn 0.06297 -0.14595 0.98729
vn 0.09332 -0.13366 0.98662
vn 0.13321 -0.12561 0.98310
vn 0.15079 -0.10461 0.98302
vn 0.14945 -0.08621 0.98500
vn 0.16125 -0.07986 0.98368
vn 0.16992 -0.07538 0.98257
vn 0.17136 -0.07082 0.98266
vn 0.18361 -0.06176 0.98106
vn 0.20110 -0.04864 0.97836
vn -0.62115 -0.15718 0.76776
vn -0.61015 -0.26024 0.74832
vn -0.58406 -0.35475 0.73009
vn -0.54906 -0.44231 0.70915
vn -0.51382 -0.51163 0.68864
vn -0.48498 -0.55840 0.67304
vn -0.45856 -0.59130 0.66339
vn -0.42228 -0.61936 0.66186
vn -0.37014 -0.64469 0.66886
vn -0.30420 -0.66255 0.68447
vn -0.23656 -0.67237 0.70140
vn -0.17261 -0.68067 0.71197
vn -0.09308 -0.69163 0.71622
vn -0.00456 -0.70312 0.71106
vn 0.06810 -0.71142 0.69946
vn 0.10752 -0.71603 0.68974
vn 0.11762 -0.71863 0.68537
vn 0.12026 -0.71799 0.68559
vn 0.14312 -0.70844 0.69111
vn 0.19567 -0.68100 0.70566
vn 0.26418 -0.63777 0.72351
vn 0.34211 -0.58527 0.73513
vn 0.42618 -0.51276 0.74528
vn 0.50943 -0.43301 0.74363
vn 0.58667 -0.35975 0.72553
vn 0.64945 -0.29785 0.69964
vn 0.70143 -0.23557 0.67269
vn 0.73687 -0.15822 0.65726
vn 0.75685 -0.07782 0.64894
vn 0.76789 -0.00877 0.64052
vn 0.77257 0.05071 0.63290
vn 0.76453 0.11249 0.63470
vn 0.73492 0.18865 0.65139
vn 0.67606 0.27610 0.68317
vn 0.58491 0.36033 0.72666
vn 0.48272 0.42035 0.76831
vn 0.36733 0.45528 0.81104
vn 0.24459 0.47978 0.84261
vn 0.11756 0.50938 0.85247
vn -0.00982 0.51030 0.85994
vn -0.06888 0.51153 0.85650
vn -0.08598 0.49137 0.86670
vn -0.04198 0.47496 0.87900
vn 0.02072 0.47023 0.88230
vn 0.01495 0.47012 0.88248
vn -0.07365 0.46246 0.88358
vn -0.20632 0.42898 0.87943
vn -0.32471 0.37005 0.87042
vn -0.39420 0.30339 0.86750
vn -0.41191 0.24696 0.87712
vn -0.40041 0.21235 0.89139
vn -0.39402 0.20114 0.89682
vn -0.41558 0.18541 0.89046
vn -0.47354 0.14167 0.86930
vn -0.54860 0.05975 0.83395
vn -0.60075 -0.04931 0.79792
vn -0.58580 -0.16402 0.79369
vn -0.58385 -0.25146 0.77193
vn -0.55975 -0.33700 0.75704
vn -0.52263 -0.42099 0.74137
vn -0.48737 -0.48891 0.72349
vn -0.45894 -0.53413 0.70998
vn -0.43563 -0.56268 0.70258
vn -0.40599 -0.58534 0.70182
vn -0.36259 -0.60704 0.70713
vn -0.30682 -0.62622 0.71674
vn -0.24497 -0.63859 0.72951
vn -0.18001 -0.64844 0.73968
vn -0.10495 -0.66258 0.74160
vn -0.01562 -0.67549 0.73720
vn 0.06190 -0.68285 0.72793
vn 0.10468 -0.68789 0.71822
vn 0.11252 -0.69226 0.71283
vn 0.10928 -0.69139 0.71417
vn 0.12343 -0.68143 0.72140
vn 0.16818 -0.65875 0.73332
vn 0.23306 -0.61981 0.74935
vn 0.30434 -0.56871 0.76417
vn 0.38076 -0.50183 0.77666
vn 0.45600 -0.42305 0.78300
vn 0.52589 -0.35114 0.77469
vn 0.58843 -0.29517 0.75274
vn 0.64576 -0.24480 0.72323
vn 0.69372 -0.17727 0.69809
vn 0.72209 -0.09985 0.68456
vn 0.73371 -0.02417 0.67903
vn 0.73931 0.03704 0.67235
vn 0.73419 0.09138 0.67277
vn 0.70870 0.15031 0.68931
vn 0.65366 0.22071 0.72389
vn 0.57034 0.28973 0.76862
vn 0.46961 0.34067 0.81450
vn 0.36730 0.37270 0.85216
vn 0.24536 0.39759 0.88415
vn 0.12194 0.42268 0.89804
vn -0.01143 0.42811 0.90365
vn -0.08630 0.42298 0.90202
vn -0.09702 0.41509 0.90459
vn -0.05046 0.40180 0.91434
vn 0.02171 0.39960 0.91643
vn 0.04036 0.40678 0.91263
vn -0.03161 0.40676 0.91299
vn -0.15343 0.38727 0.90911
vn -0.26773 0.34289 0.90041
vn -0.33828 0.28714 0.89617
vn -0.36465 0.23847 0.90009
vn -0.36239 0.20280 0.90969
vn -0.35831 0.17790 0.91650
vn -0.38138 0.15139 0.91194
vn -0.43804 0.10241 0.89310
vn -0.50748 0.02539 0.86129
vn -0.55930 -0.07344 0.82570
vn -0.46632 -0.22133 0.85648
vn -0.47294 -0.26888 0.83906
vn -0.45912 -0.32212 0.82792
vn -0.42496 -0.38441 0.81953
vn -0.38857 -0.43553 0.81199
vn -0.36343 -0.46281 0.80853
vn -0.34451 -0.47569 0.80934
vn -0.32219 -0.48644 0.81214
vn -0.28640 -0.50064 0.81691
vn -0.24026 -0.51567 0.82241
vn -0.19550 -0.53062 0.82476
vn -0.14693 -0.54760 0.82374
vn -0.08388 -0.56636 0.81988
vn -0.00619 -0.57969 0.81481
vn 0.06288 -0.58323 0.80987
vn 0.09628 -0.58416 0.80591
vn 0.09012 -0.58815 0.80371
vn 0.07235 -0.58875 0.80507
vn 0.07932 -0.57847 0.81184
vn 0.11861 -0.55622 0.82253
vn 0.17337 -0.52378 0.83403
vn 0.22922 -0.48344 0.84483
vn 0.28539 -0.43073 0.85617
vn 0.33995 -0.36911 0.86498
vn 0.38564 -0.31416 0.86752
vn 0.42884 -0.28111 0.85853
vn 0.48349 -0.25648 0.83693
vn 0.54188 -0.21205 0.81326
vn 0.58754 -0.14252 0.79654
vn 0.61157 -0.06157 0.78879
vn 0.61497 0.00427 0.78854
vn 0.59894 0.04439 0.79956
vn 0.56337 0.07407 0.82288
vn 0.50200 0.10432 0.85855
vn 0.41558 0.13363 0.89969
vn 0.32692 0.14946 0.93316
vn 0.23891 0.15398 0.95876
vn 0.14157 0.16310 0.97640
vn 0.02622 0.17669 0.98392
vn -0.08156 0.18244 0.97983
vn -0.15723 0.16960 0.97289
vn -0.14817 0.15932 0.97604
vn -0.06513 0.15804 0.98528
vn 0.04168 0.16983 0.98459
vn 0.09183 0.19911 0.97567
vn 0.04567 0.22164 0.97406
vn -0.05134 0.22732 0.97247
vn -0.13989 0.21310 0.96696
vn -0.18875 0.18242 0.96493
vn -0.20434 0.14405 0.96824
vn -0.20957 0.11137 0.97143
vn -0.22770 0.08196 0.97027
vn -0.27088 0.04331 0.96164
vn -0.33516 -0.01469 0.94205
vn -0.39928 -0.08557 0.91283
vn -0.44270 -0.16131 0.88204
vn -0.18511 -0.30784 0.93326
vn -0.20283 -0.28939 0.93548
vn -0.20907 -0.27612 0.93811
vn -0.19499 -0.28504 0.93847
vn -0.17414 -0.29512 0.93946
vn -0.15878 -0.28417 0.94553
vn -0.14318 -0.26546 0.95343
vn -0.12530 -0.25764 0.95808
vn -0.10374 -0.26613 0.95834
vn -0.08301 -0.28401 0.95522
vn -0.06807 -0.30348 0.95040
vn -0.05717 -0.32532 0.94387
vn -0.03843 -0.33577 0.94116
vn 0.00133 -0.31755 0.94824
vn 0.04237 -0.28917 0.95634
vn 0.05434 -0.27954 0.95859
vn 0.02814 -0.29394 0.95541
vn -0.00669 -0.31269 0.94983
vn -0.00959 -0.31507 0.94902
vn 0.01910 -0.30695 0.95153
vn 0.05262 -0.29980 0.95255
vn 0.07801 -0.29292 0.95295
vn 0.10051 -0.28005 0.95471
vn 0.11965 -0.26250 0.95748
vn 0.12413 -0.25519 0.95889
vn 0.11982 -0.26449 0.95691
vn 0.13639 -0.28323 0.94930
vn 0.18176 -0.27941 0.94281
vn 0.22871 -0.23116 0.94565
vn 0.25302 -0.15422 0.95509
vn 0.23881 -0.09580 0.96633
vn 0.19705 -0.08125 0.97702
vn 0.14336 -0.09394 0.98520
vn 0.09402 -0.11413 0.98901
vn 0.05441 -0.12903 0.99015
vn 0.03044 -0.14396 0.98912
vn 0.01080 -0.15808 0.98737
vn -0.03166 -0.16188 0.98630
vn -0.10478 -0.16591 0.98056
vn -0.18723 -0.17633 0.96636
vn -0.23101 -0.19227 0.95377
vn -0.20259 -0.21801 0.95469
vn -0.08553 -0.22900 0.96966
vn 0.06486 -0.20807 0.97596
vn 0.16569 -0.15873 0.97332
vn 0.18144 -0.11548 0.97660
vn 0.15091 -0.08673 0.98474
vn 0.12321 -0.06369 0.99033
vn 0.11259 -0.05096 0.99233
vn 0.10159 -0.05867 0.99310
vn 0.07484 -0.08013 0.99397
vn 0.02759 -0.11452 0.99304
vn -0.03674 -0.15653 0.98699
vn -0.09943 -0.20970 0.97270
vn -0.14388 -0.26341 0.95390
vn -0.16937 -0.29976 0.93886
vn 0.01306 -0.35174 0.93600
vn 0.00241 -0.29592 0.95521
vn -0.00979 -0.22944 0.97327
vn -0.00171 -0.19003 0.98178
vn 0.00798 -0.16462 0.98633
vn 0.00375 -0.12859 0.99169
vn 0.00274 -0.09737 0.99524
vn 0.01226 -0.08893 0.99596
vn 0.02717 -0.10009 0.99461
vn 0.03885 -0.11592 0.99250
vn 0.03934 -0.13200 0.99047
vn 0.01861 -0.13858 0.99018
vn -0.01451 -0.10228 0.99465
vn -0.02105 -0.02010 0.99958
vn -0.00235 0.05353 0.99856
vn 0.01141 0.07173 0.99736
vn -0.01019 0.02079 0.99973
vn -0.05449 -0.05391 0.99706
vn -0.06962 -0.08911 0.99359
vn -0.05162 -0.09002 0.99460
vn -0.03258 -0.09957 0.99450
vn -0.02427 -0.13114 0.99107
vn -0.01694 -0.16088 0.98683
vn -0.01527 -0.18407 0.98280
vn -0.03352 -0.21314 0.97645
vn -0.06572 -0.25045 0.96590
vn -0.09047 -0.28791 0.95338
vn -0.09491 -0.30306 0.94823
vn -0.08484 -0.27899 0.95654
vn -0.09181 -0.22675 0.96962
vn -0.12813 -0.18813 0.97375
vn -0.17281 -0.18504 0.96742
vn -0.19906 -0.20854 0.95754
vn -0.20214 -0.23892 0.94977
vn -0.18291 -0.26124 0.94779
vn -0.14572 -0.28192 0.94831
vn -0.11465 -0.30140 0.94658
vn -0.11659 -0.30942 0.94375
vn -0.14912 -0.31340 0.93784
vn -0.20626 -0.33320 0.92002
vn -0.24539 -0.36711 0.89723
vn -0.21124 -0.40343 0.89029
vn -0.09357 -0.42679 0.89950
vn 0.06165 -0.41113 0.90949
vn 0.18265 -0.35924 0.91520
vn 0.23553 -0.30681 0.92217
vn 0.24873 -0.26834 0.93066
vn 0.26305 -0.23137 0.93663
vn 0.27837 -0.19704 0.94005
vn 0.27032 -0.18625 0.94458
vn 0.22941 -0.20257 0.95202
vn 0.16344 -0.23472 0.95822
vn 0.09285 -0.27397 0.95725
vn 0.04095 -0.31629 0.94778
vn 0.01719 -0.35629 0.93422
vn 0.01240 -0.37091 0.92859
vn 0.00217 -0.35116 0.93631
vn 0.00125 -0.30065 0.95373
vn -0.00822 -0.22420 0.97451
vn 0.00083 -0.17152 0.98518
vn 0.01872 -0.14604 0.98910
vn 0.01149 -0.11766 0.99299
vn -0.00376 -0.10170 0.99481
vn -0.00480 -0.11147 0.99376
vn 0.00800 -0.12772 0.99178
vn 0.02826 -0.13264 0.99076
vn 0.04550 -0.12507 0.99110
vn 0.01947 -0.08825 0.99591
vn -0.05177 0.00974 0.99861
vn -0.07901 0.13394 0.98783
vn -0.04798 0.20972 0.97658
vn 0.00483 0.22463 0.97443
vn 0.02324 0.16050 0.98676
vn -0.02637 0.03388 0.99908
vn -0.07109 -0.04215 0.99658
vn -0.06245 -0.04125 0.99720
vn -0.03854 -0.04514 0.99824
vn -0.02284 -0.08649 0.99599
vn -0.00627 -0.13770 0.99045
vn 0.00679 -0.18121 0.98342
vn -0.00139 -0.22343 0.97472
vn -0.02608 -0.26233 0.96463
vn -0.05466 -0.29639 0.95350
vn -0.08430 -0.30928 0.94723
vn -0.10933 -0.28871 0.95115
vn -0.13720 -0.25176 0.95801
vn -0.17720 -0.21964 0.95935
vn -0.20532 -0.21041 0.95581
vn -0.21316 -0.22000 0.95193
vn -0.20158 -0.23141 0.95174
vn -0.17327 -0.23598 0.95619
vn -0.12975 -0.24840 0.95993
vn -0.09078 -0.26342 0.96040
vn -0.08279 -0.26394 0.96098
vn -0.10563 -0.26788 0.95765
vn -0.15177 -0.29458 0.94350
vn -0.20291 -0.33873 0.91874
vn -0.18726 -0.38619 0.90321
vn -0.09226 -0.41881 0.90337
vn 0.04067 -0.40813 0.91202
vn 0.15027 -0.35817 0.92148
vn 0.20537 -0.30647 0.92946
vn 0.22243 -0.27045 0.93669
vn 0.23920 -0.23318 0.94256
vn 0.25368 -0.19737 0.94694
vn 0.23819 -0.18250 0.95392
vn 0.18686 -0.19961 0.96189
vn 0.11630 -0.23542 0.96491
vn 0.05038 -0.27353 0.96054
vn 0.00718 -0.30842 0.95122
vn -0.00930 -0.34322 0.93921
vn -0.00608 -0.36302 0.93176
vn -0.09214 -0.32848 0.94001
vn -0.08111 -0.29912 0.95076
vn -0.08582 -0.23739 0.96762
vn -0.08353 -0.18797 0.97862
vn -0.05048 -0.17280 0.98366
vn -0.03510 -0.16239 0.98610
vn -0.04805 -0.16534 0.98506
vn -0.05589 -0.18352 0.98142
vn -0.04745 -0.18482 0.98163
vn -0.01552 -0.15773 0.98736
vn 0.01902 -0.11081 0.99366
vn -0.01722 -0.01503 0.99974
vn -0.11235 0.12891 0.98527
vn -0.14104 0.23690 0.96124
vn -0.08017 0.28577 0.95494
vn 0.01157 0.29906 0.95416
vn 0.07573 0.25852 0.96303
vn 0.02391 0.13513 0.99054
vn -0.07379 0.02585 0.99694
vn -0.08354 0.02147 0.99627
vn -0.04789 0.02332 0.99858
vn -0.02038 -0.02338 0.99952
vn 0.00700 -0.09477 0.99547
vn 0.04219 -0.16332 0.98567
vn 0.06684 -0.22913 0.97110
vn 0.07176 -0.27175 0.95969
vn 0.06294 -0.30075 0.95163
vn 0.04033 -0.31326 0.94881
vn 0.00554 -0.29083 0.95676
vn -0.02836 -0.25422 0.96673
vn -0.05907 -0.22151 0.97337
vn -0.08353 -0.19834 0.97657
vn -0.08935 -0.18582 0.97851
vn -0.07967 -0.17015 0.98219
vn -0.06355 -0.15547 0.98579
vn -0.04057 -0.16072 0.98617
vn -0.01866 -0.17035 0.98521
vn -0.02060 -0.16086 0.98676
vn -0.03266 -0.15650 0.98714
vn -0.06890 -0.17980 0.98129
vn -0.12613 -0.22545 0.96606
vn -0.13775 -0.28508 0.94855
vn -0.07904 -0.32907 0.94099
vn 0.01305 -0.32074 0.94708
vn 0.09816 -0.27203 0.95727
vn 0.14251 -0.22680 0.96346
vn 0.15238 -0.20047 0.96778
vn 0.16037 -0.17756 0.97095
vn 0.16363 -0.14965 0.97510
vn 0.13302 -0.13849 0.98139
vn 0.06829 -0.15451 0.98563
vn -0.00367 -0.18733 0.98229
vn -0.05750 -0.22316 0.97308
vn -0.08619 -0.25811 0.96226
vn -0.09805 -0.29691 0.94986
vn -0.10006 -0.32578 0.94014
vn -0.21390 -0.29490 0.93128
vn -0.19546 -0.28877 0.93723
vn -0.18930 -0.25820 0.94737
vn -0.19329 -0.22013 0.95613
vn -0.15629 -0.20715 0.96574
vn -0.10196 -0.20742 0.97292
vn -0.08091 -0.21253 0.97380
vn -0.07875 -0.21089 0.97433
vn -0.07407 -0.17253 0.98222
vn -0.04190 -0.10641 0.99344
vn -0.00459 -0.03654 0.99932
vn -0.06898 0.07446 0.99484
vn -0.16675 0.21327 0.96266
vn -0.17241 0.27831 0.94489
vn -0.09114 0.28752 0.95343
vn 0.01422 0.30103 0.95351
vn 0.10614 0.30845 0.94530
vn 0.05820 0.24297 0.96829
vn -0.08110 0.13549 0.98745
vn -0.11123 0.10615 0.98811
vn -0.06398 0.11342 0.99149
vn -0.04043 0.07472 0.99638
vn -0.02487 0.00573 0.99967
vn 0.02388 -0.07952 0.99655
vn 0.09676 -0.18415 0.97812
vn 0.15155 -0.25669 0.95454
vn 0.17330 -0.28808 0.94179
vn 0.17449 -0.30285 0.93693
vn 0.15730 -0.28191 0.94646
vn 0.13226 -0.23933 0.96189
vn 0.11317 -0.19979 0.97328
vn 0.09548 -0.17191 0.98047
vn 0.07059 -0.13519 0.98830
vn 0.06930 -0.09778 0.99279
vn 0.06553 -0.07070 0.99534
vn 0.06631 -0.06957 0.99537
vn 0.06255 -0.07098 0.99551
vn 0.04171 -0.05509 0.99761
vn 0.02749 -0.04822 0.99846
vn 0.00197 -0.05953 0.99822
vn -0.04452 -0.08235 0.99561
vn -0.06783 -0.13653 0.98831
vn -0.05618 -0.18989 0.98020
vn -0.02013 -0.18692 0.98217
vn 0.03682 -0.14217 0.98916
vn 0.06974 -0.11124 0.99134
vn 0.06555 -0.09942 0.99288
vn 0.05541 -0.08947 0.99445
vn 0.04094 -0.07729 0.99617
vn -0.00575 -0.07645 0.99706
vn -0.07649 -0.09234 0.99279
vn -0.13795 -0.11908 0.98325
vn -0.17265 -0.15167 0.97324
vn -0.18825 -0.19100 0.96337
vn -0.20151 -0.24145 0.94926
vn -0.21481 -0.28147 0.93522
vn -0.28060 -0.27423 0.91982
vn -0.26593 -0.27554 0.92377
vn -0.24826 -0.26759 0.93100
vn -0.25361 -0.24276 0.93635
vn -0.23495 -0.22413 0.94581
vn -0.16858 -0.22520 0.95962
vn -0.11463 -0.23184 0.96598
vn -0.09821 -0.22386 0.96966
vn -0.09746 -0.17133 0.98038
vn -0.07328 -0.08109 0.99401
vn -0.02446 0.00095 0.99970
vn -0.06615 0.09144 0.99361
vn -0.18726 0.22080 0.95717
vn -0.20013 0.27987 0.93895
vn -0.10456 0.27398 0.95604
vn -0.00544 0.27308 0.96198
vn 0.09698 0.29965 0.94911
vn 0.09477 0.28880 0.95269
vn -0.05727 0.21232 0.97552
vn -0.12957 0.15467 0.97943
vn -0.07628 0.15680 0.98468
vn -0.04707 0.12978 0.99042
vn -0.05069 0.07624 0.99580
vn -0.02546 0.01216 0.99960
vn 0.05714 -0.09434 0.99390
vn 0.15248 -0.21078 0.96557
vn 0.20919 -0.26735 0.94062
vn 0.23148 -0.28983 0.92866
vn 0.23238 -0.27978 0.93152
vn 0.21827 -0.23599 0.94692
vn 0.20164 -0.19100 0.96066
vn 0.19446 -0.15961 0.96784
vn 0.15900 -0.12398 0.97946
vn 0.14151 -0.07015 0.98745
vn 0.13346 -0.03389 0.99047
vn 0.12395 -0.02526 0.99197
vn 0.11267 -0.02356 0.99335
vn 0.08455 -0.00387 0.99641
vn 0.05811 0.00828 0.99828
vn 0.04123 -0.00158 0.99915
vn 0.00023 -0.00664 0.99998
vn -0.02577 -0.03946 0.99889
vn -0.03113 -0.09871 0.99463
vn -0.03627 -0.11365 0.99286
vn -0.00624 -0.07550 0.99713
vn 0.03295 -0.04268 0.99855
vn 0.02523 -0.04053 0.99886
vn 0.00211 -0.04134 0.99914
vn -0.02006 -0.03690 0.99912
vn -0.06767 -0.04243 0.99681
vn -0.14020 -0.05907 0.98836
vn -0.19963 -0.07959 0.97663
vn -0.23012 -0.10345 0.96765
vn -0.23912 -0.14302 0.96040
vn -0.24638 -0.20294 0.94769
vn -0.26711 -0.25496 0.92933
f 1//1 57//57 58//58
f 1//1 58//58 2//2
f 2//2 58//58 59//59
f 2//2 59//59 3//3
f 3//3 59//59 60//60
f 3//3 60//60 4//4
f 4//4 60//60 61//61
f 4//4 61//61 5//5
f 5//5 61//61 62//62
f 5//5 62//62 6//6
f 6//6 62//62 63//63
f 6//6 63//63 7//7
f 7//7 63//63 64//64
f 7//7 64//64 8//8
f 8//8 64//64 65//65
f 8//8 65//65 9//9
f 9//9 65//65 66//66
f 9//9 66//66 10//10
f 10//10 66//66 67//67
f 10//10 67//67 11//11
f 11//11 67//67 68//68
f 11//11 68//68 12//12
f 12//12 68//68 69//69
f 12//12 69//69 13//13
f 13//13 69//69 70//70
f 13//13 70//70 14//14
f 14//14 70//70 71//71
f 14//14 71//71 15//15
f 15//15 71//71 72//72
f 15//15 72//72 16//16
f 16//16 72//72 73//73
f 16//16 73//73 17//17
f 17//17 73//73 74//74
f 17//17 74//74 18//18
f 18//18 74//74 75//75
f 18//18 75//75 19//19
f 19//19 75//75 76//76
f 19//19 76//76 20//20
f 20//20 76//76 77//77
f 20//20 77//77 21//21
f 21//21 77//77 78//78
f 21//21 78//78 22//22
f 22//22 78//78 79//79
f 22//22 79//79 23//23
f 23//23 79//79 80//80
f 23//23 80//80 24//24
f 24//24 80//80 81//81
f 24//24 81//81 25//25
f 25//25 81//81 82//82
f 25//25 82//82 26//26
f 26//26 82//82 83//83
f 26//26 83//83 27//27
f 27//27 83//83 84//84
f 27//27 84//84 28//28
f 28//28 84//84 85//85
f 28//28 85//85 29//29
f 29//29 85//85 86//86
f 29//29 86//86 30//30
f 30//30 86//86 87//87
f 30//30 87//87 31//31
f 31//31 87//87 88//88
f 31//31 88//88 32//32
f 32//32 88//88 89//89
f 32//32 89//89 33//33
f 33//33 89//89 90//90
f 33//33 90//90 34//34
f 34//34 90//90 91//91
f 34//34 91//91 35//35
f 35//35 91//91 92//92
f 35//35 92//92 36//36
f 36//36 92//92 93//93
f 36//36 93//93 37//37
f 37//37 93//93 94//94
f 37//37 94//94 38//38
f 38//38 94//94 95//95
f 38//38 95//95 39//39
f 39//39 95//95 96//96
f 39//39 96//96 40//40
f 40//40 96//96 97//97
f 40//40 97//97 41//41
f 41//41 97//97 98//98
f 41//41 98//98 42//42
f 42//42 98//98 99//99
f 42//42 99//99 43//43
f 43//43 99//99 100//100
f 43//43 100//100 44//44
f 44//44 100//100 101//101
f 44//44 101//101 45//45
f 45//45 101//101 102//102
f 45//45 102//102 46//46
f 46//46 102//102 103//103
f 46//46 103//103 47//47
f 47//47 103//103 104//104
f 47//47 104//104 48//48
f 48//48 104//104 105//105
f 48//48 105//105 49//49
f 49//49 105//105 106//106
f 49//49 106//106 50//50
f 50//50 106//106 107//107
f 50//50 107//107 51//51
f 51//51 107//107 108//108
f 51//51 108//108 52//52
f 52//52 108//108 109//109
f 52//52 109//109 53//53
f 53//53 109//109 110//110
f 53//53 110//110 54//54
f 54//54 110//110 111//111
f 54//54 111//111 55//55
f 55//55 111//111 112//112
f 55//55 112//112 56//56
f 56//56 112//112 57//57
f 56//56 57//57 1//1
f 57//57 113//113 114//114
f 57//57 114//114 58//58
f 58//58 114//114 115//115
f 58//58 115//115 59//59
f 59//59 115//115 116//116
f 59//59 116//116 60//60
f 60//60 116//116 117//117
f 60//60 117//117 61//61
f 61//61 117//117 118//118
f 61//61 118//118 62//62
f 62//62 118//118 119//119
f 62//62 119//119 63//63
f 63//63 119//119 120//120
f 63//63 120//120 64//64
f 64//64 120//120 121//121
f 64//64 121//121 65//65
f 65//65 121//121 122//122
f 65//65 122//122 66//66
f 66//66 122//122 123//123
f 66//66 123//123 67//67
f 67//67 123//123 124//124
f 67//67 124//124 68//68
f 68//68 124//124 125//125
f 68//68 125//125 69//69
f 69//69 125//125 126//126
f 69//69 126//126 70//70
f 70//70 126//126 127//127
f 70//70 127//127 71//71
f 71//71 127//127 128//128
f 71//71 128//128 72//72
f 72//72 128//128 129//129
f 72//72 129//129 73//73
f 73//73 129//129 130//130
f 73//73 130//130 74//74
f 74//74 130//130 131//131
f 74//74 131//131 75//75
f 75//75 131//131 132//132
f 75//75 132//132 76//76
f 76//76 132//132 133//133
f 76//76 133//133 77//77
f 77//77 133//133 134//134
f 77//77 134//134 78//78
f 78//78 134//134 135//135
f 78//78 135//135 79//79
f 79//79 135//135 136//136
f 79//79 136//136 80//80
f 80//80 136//136 137//137
f 80//80 137//137 81//81
f 81//81 137//137 138//138
f 81//81 138//138 82//82
f 82//82 138//138 139//139
f 82//82 139//139 83//83
f 83//83 139//139 140//140
f 83//83 140//140 84//84
f 84//84 140//140 141//141
f 84//84 141//141 85//85
f 85//85 141//141 142//142
f 85//85 142//142 86//86
f 86//86 142//142 143//143
f 86//86 143//143 87//87
f 87//87 143//143 144//144
f 87//87 144//144 88//88
f 88//88 144//144 145//145
f 88//88 145//145 89//89
f 89//89 145//145 146//146
f 89//89 146//146 90//90
f 90//90 146//146 147//147
f 90//90 147//147 91//91
f 91//91 147//147 148//148
f 91//91 148//148 92//92
f 92//92 148//148 149//149
f 92//92 149//149 93//93
f 93//93 149//149 150//150
f 93//93 150//150 94//94
f 94//94 150//150 151//151
f 94//94 151//151 95//95
f 95//95 151//151 152//152
f 95//95 152//152 96//96
f 96//96 152//152 153//153
f 96//96 153//153 97//97
f 97//97 153//153 154//154
f 97//97 154//154 98//98
f 98//98 154//154 155//155
f 98//98 155//155 99//99
f 99//99 155//155 156//156
f 99//99 156//156 100//100
f 100//100 156//156 157//157
f 100//100 157//157 101//101
f 101//101 157//157 158//158
f 101//101 158//158 102//102
f 102//102 158//158 159//159
f 102//102 159//159 103//103
f 103//103 159//159 160//160
f 103//103 160//160 104//104
f 104//104 160//160 161//161
f 104//104 161//161 105//105
f 105//105 161//161 162//162
f 105//105 162//162 106//106
f 106//106 162//162 163//163
f 106//106 163//163 107//107
f 107//107 163//163 164//164
f 107//107 164//164 108//108
f 108//108 164//164 165//165
f 108//108 165//165 109//109
f 109//109 165//165 166//166
f 109//109 166//166 110//110
f 110//110 166//166 167//167
f 110//110 167//167 111//111
f 111//111 167//167 168//168
f 111//111 168//168 112//112
f 112//112 168//168 113//113
f 112//112 113//113 57//57
f 113//113 169//169 170//170
f 113//113 170//170 114//114
f 114//114 170//170 171//171
f 114//114 171//171 115//115
f 115//115 171//171 172//172
f 115//115 172//172 116//116
f 116//116 172//172 173//173
f 116//116 173//173 117//117
f 117//117 173//173 174//174
f 117//117 174//174 118//118
f 118//118 174//174 175//175
f 118//118 175//175 119//119
f 119//119 175//175 176//176
f 119//119 176//176 120//120
f 120//120 176//176 177//177
f 120//120 177//177 121//121
f 121//121 177//177 178//178
f 121//121 178//178 122//122
f 122//122 178//178 179//179
f 122//122 179//179 123//123
f 123//123 179//179 180//180
f 123//123 180//180 124//124
f 124//124 180//180 181//181
f 124//124 181//181 125//125
f 125//125 181//181 182//182
f 125//125 182//182 126//126
f 126//126 182//182 183//183
f 126//126 183//183 127//127
f 127//127 183//183 184//184
f 127//127 184//184 128//128
f 128//128 184//184 185//185
f 128//128 185//185 129//129
f 129//129 185//185 186//186
f 129//129 186//186 130//130
f 130//130 186//186 187//187
f 130//130 187//187 131//131
f 131//131 187//187 188//188
f 131//131 188//188 132//132
f 132//132 188//188 189//189
f 132//132 189//189 133//133
f 133//133 189//189 190//190
f 133//133 190//190 134//134
f 134//134 190//190 191//191
f 134//134 191//191 135//135
f 135//135 191//191 192//192
f 135//135 192//192 136//136
f 136//136 192//192 193//193
f 136//136 193//193 137//137
f 137//137 193//193 194//194
f 137//137 194//194 138//138
f 138//138 194//194 195//195
f 138//138 195//195 139//139
f 139//139 195//195 196//196
f 139//139 196//196 140//140
f 140//140 196//196 197//197
f 140//140 197//197 141//141
f 141//141 197//197 198//198
f 141//141 198//198 142//142
f 142//142 198//198 199//199
f 142//142 199//199 143//143
f 143//143 199//199 200//200
f 143//143 200//200 144//144
f 144//144 200//200 201//201
f 144//144 201//201 145//145
f 145//145 201//201 202//202
f 145//145 202//202 146//146
f 146//146 202//202 203//203
f 146//146 203//203 147//147
f 147//147 203//203 204//204
f 147//147 204//204 148//148
f 148//148 204//204 205//205
f 148//148 205//205 149//149
f 149//149 205//205 206//206
f 149//149 206//206 150//150
f 150//150 206//206 207//207
f 150//150 207//207 151//151
f 151//151 207//207 208//208
f 151//151 208//208 152//152
f 152//152 208//208 209//209
f 152//152 209//209 153//153
f 153//153 209//209 210//210
f 153//153 210//210 154//154
f 154//154 210//210 211//211
f 154//154 211//211 155//155
f 155//155 211//211 212//212
f 155//155 212//212 156//156
f 156//156 212//212 213//213
f 156//156 213//213 157//157
f 157//157 213//213 214//214
f 157//157 214//214 158//158
f 158//158 214//214 215//215
f 158//158 215//215 159//159
f 159//159 215//215 216//216
f 159//159 216//216 160//160
f 160//160 216//216 217//217
f 160//160 217//217 161//161
f 161//161 217//217 218//218
f 161//161 218//218 162//162
f 162//162 218//218 219//219
f 162//162 219//219 163//163
f 163//163 219//219 220//220
f 163//163 220//220 164//164
f 164//164 220//220 221//221
f 164//164 221//221 165//165
f 165//165 221//221 222//222
f 165//165 222//222 166//166
f 166//166 222//222 223//223
f 166//166 223//223 167//167
f 167//167 223//223 224//224
f 167//167 224//224 168//168
f 168//168 224//224 169//169
f 168//168 169//169 113//113
f 169//169 225//225 226//226
f 169//169 226//226 170//170
f 170//170 226//226 227//227
f 170//170 227//227 171//171
f 171//171 227//227 228//228
f 171//171 228//228 172//172
f 172//172 228//228 229//229
f 172//172 229//229 173//173
f 173//173 229//229 230//230
f 173//173 230//230 174//174
f 174//174 230//230 231//231
f 174//174 231//231 175//175
f 175//175 231//231 232//232
f 175//175 232//232 176//176
f 176//176 232//232 233//233
f 176//176 233//233 177//177
f 177//177 233//233 234//234
f 177//177 234//234 178//178
f 178//178 234//234 235//235
f 178//178 235//235 179//179
f 179//179 235//235 236//236
f 179//179 236//236 180//180
f 180//180 236//236 237//237
f 180//180 237//237 181//181
f 181//181 237//237 238//238
f 181//181 238//238 182//182
f 182//182 238//238 239//239
f 182//182 239//239 183//183
f 183//183 239//239 240//240
f 183//183 240//240 184//184
f 184//184 240//240 241//241
f 184//184 241//241 185//185
f 185//185 241//241 242//242
f 185//185 242//242 186//186
f 186//186 242//242 243//243
f 186//186 243//243 187//187
f 187//187 243//243 244//244
f 187//187 244//244 188//188
f 188//188 244//244 245//245
f 188//188 245//245 189//189
f 189//189 245//245 246//246
f 189//189 246//246 190//190
f 190//190 246//246 247//247
f 190//190 247//247 191//191
f 191//191 247//247 248//248
f 191//191 248//248 192//192
f 192//192 248//248 249//249
f 192//192 249//249 193//193
f 193//193 249//249 250//250
f 193//193 250//250 194//194
f 194//194 250//250 251//251
f 194//194 251//251 195//195
f 195//195 251//251 252//252
f 195//195 252//252 196//196
f 196//196 252//252 253//253
f 196//196 253//253 197//197
f 197//197 253//253 254//254
f 197//197 254//254 198//198
f 198//198 254//254 255//255
f 198//198 255//255 199//199
f 199//199 255//255 256//256
f 199//199 256//256 200//200
f 200//200 256//256 257//257
f 200//200 257//257 201//201
f 201//201 257//257 258//258
f 201//201 258//258 202//202
f 202//202 258//258 259//259
f 202//202 259//259 203//203
f 203//203 259//259 260//260
f 203//203 260//260 204//204
f 204//204 260//260 261//261
f 204//204 261//261 205//205
f 205//205 261//261 262//262
f 205//205 262//262 206//206
f 206//206 262//262 263//263
f 206//206 263//263 207//207
f 207//207 263//263 264//264
f 207//207 264//264 208//208
f 208//208 264//264 265//265
f 208//208 265//265 209//209
f 209//209 265//265 266//266
f 209//209 266//266 210//210
f 210//210 266//266 267//267
f 210//210 267//267 211//211
f 211//211 267//267 268//268
f 211//211 268//268 212//212
f 212//212 268//268 269//269
f 212//212 269//269 213//213
f 213//213 269//269 270//270
f 213//213 270//270 214//214
f 214//214 270//270 271//271
f 214//214 271//271 215//215
f 215//215 271//271 272//272
f 215//215 272//272 216//216
f 216//216 272//272 273//273
f 216//216 273//273 217//217
f 217//217 273//273 274//274
f 217//217 274//274 218//218
f 218//218 274//274 275//275
f 218//218 275//275 219//219
f 219//219 275//275 276//276
f 219//219 276//276 220//220
f 220//220 276//276 277//277
f 220//220 277//277 221//221
f 221//221 277//277 278//278
f 221//221 278//278 222//222
f 222//222 278//278 279//279
f 222//222 279//279 223//223
f 223//223 279//279 280//280
f 223//223 280//280 224//224
f 224//224 280//280 225//225
f 224//224 225//225 169//169
f 225//225 281//281 282//282
f 225//225 282//282 226//226
f 226//226 282//282 283//283
f 226//226 283//283 227//227
f 227//227 283//283 284//284
f 227//227 284//284 228//228
f 228//228 284//284 285//285
f 228//228 285//285 229//229
f 229//229 285//285 286//286
f 229//229 286//286 230//230
f 230//230 286//286 287//287
f 230//230 287//287 231//231
f 231//231 287//287 288//288
f 231//231 288//288 232//232
f 232//232 288//288 289//289
f 232//232 289//289 233//233
f 233//233 289//289 290//290
f 233//233 290//290 234//234
f 234//234 290//290 291//291
f 234//234 291//291 235//235
f 235//235 291//291 292//292
f 235//235 292//292 236//236
f 236//236 292//292 293//293
f 236//236 293//293 237//237
f 237//237 293//293 294//294
f 237//237 294//294 238//238
f 238//238 294//294 295//295
f 238//238 295//295 239//239
f 239//239 295//295 296//296
f 239//239 296//296 240//240
f 240//240 296//296 297//297
f 240//240 297//297 241//241
f 241//241 297//297 298//298
f 241//241 298//298 242//242
f 242//242 298//298 299//299
f 242//242 299//299 243//243
f 243//243 299//299 300//300
f 243//243 300//300 244//244
f 244//244 300//300 301//301
f 244//244 301//301 245//245
f 245//245 301//301 302//302
f 245//245 302//302 246//246
f 246//246 302//302 303//303
f 246//246 303//303 247//247
f 247//247 303//303 304//304
f 247//247 304//304 248//248
f 248//248 304//304 305//305
f 248//248 305//305 249//249
f 249//249 305//305 306//306
f 249//249 306//306 250//250
f 250//250 306//306 307//307
f 250//250 307//307 251//251
f 251//251 307//307 308//308
f 251//251 308//308 252//252
f 252//252 308//308 309//309
f 252//252 309//309 253//253
f 253//253 309//309 310//310
f 253//253 310//310 254//254
f 254//254 310//310 311//311
f 254//254 311//311 255//255
f 255//255 311//311 312//312
f 255//255 312//312 256//256
f 256//256 312//312 313//313
f 256//256 313//313 257//257
f 257//257 313//313 314//314
f 257//257 314//314 258//258
f 258//258 314//314 315//315
f 258//258 315//315 259//259
f 259//259 315//315 316//316
f 259//259 316//316 260//260
f 260//260 316//316 317//317
f 260//260 317//317 261//261
f 261//261 317//317 318//318
f 261//261 318//318 262//262
f 262//262 318//318 319//319
f 262//262 319//319 263//263
f 263//263 319//319 320//320
f 263//263 320//320 264//264
f 264//264 320//320 321//321
f 264//264 321//321 265//265
f 265//265 321//321 322//322
f 265//265 322//322 266//266
f 266//266 322//322 323//323
f 266//266 323//323 267//267
f 267//267 323//323 324//324
f 267//267 324//324 268//268
f 268//268 324//324 325//325
f 268//268 325//325 269//269
f 269//269 325//325 326//326
f 269//269 326//326 270//270
f 270//270 326//326 327//327
f 270//270 327//327 271//271
f 271//271 327//327 328//328
f 271//271 328//328 272//272
f 272//272 328//328 329//329
f 272//272 329//329 273//273
f 273//273 329//329 330//330
f 273//273 330//330 274//274
f 274//274 330//330 331//331
f 274//274 331//331 275//275
f 275//275 331//331 332//332
f 275//275 332//332 276//276
f 276//276 332//332 333//333
f 276//276 333//333 277//277
f 277//277 333//333 334//334
f 277//277 334//334 278//278
f 278//278 334//334 335//335
f 278//278 335//335 279//279
f 279//279 335//335 336//336
f 279//279 336//336 280//280
f 280//280 336//336 281//281
f 280//280 281//281 225//225
f 281//281 337//337 338//338
f 281//281 338//338 282//282
f 282//282 338//338 339//339
f 282//282 339//339 283//283
f 283//283 339//339 340//340
f 283//283 340//340 284//284
f 284//284 340//340 341//341
f 284//284 341//341 285//285
f 285//285 341//341 342//342
f 285//285 342//342 286//286
f 286//286 342//342 343//343
f 286//286 343//343 287//287
f 287//287 343//343 344//344
f 287//287 344//344 288//288
f 288//288 344//344 345//345
f 288//288 345//345 289//289
f 289//289 345//345 346//346
f 289//289 346//346 290//290
f 290//290 346//346 347//347
f 290//290 347//347 291//291
f 291//291 347//347 348//348
f 291//291 348//348 292//292
f 292//292 348//348 349//349
f 292//292 349//349 293//293
f 293//293 349//349 350//350
f 293//293 350//350 294//294
f 294//294 350//350 351//351
f 294//294 351//351 295//295
f 295//295 351//351 352//352
f 295//295 352//352 296//296
f 296//296 352//352 353//353
f 296//296 353//353 297//297
f 297//297 353//353 354//354
f 297//297 354//354 298//298
f 298//298 354//354 355//355
f 298//298 355//355 299//299
f 299//299 355//355 356//356
f 299//299 356//356 300//300
f 300//300 356//356 357//357
f 300//300 357//357 301//301
f 301//301 357//357 358//358
f 301//301 358//358 302//302
f 302//302 358//358 359//359
f 302//302 359//359 303//303
f 303//303 359//359 360//360
f 303//303 360//360 304//304
f 304//304 360//360 361//361
f 304//304 361//361 305//305
f 305//305 361//361 362//362
f 305//305 362//362 306//306
f 306//306 362//362 363//363
f 306//306 363//363 307//307
f 307//307 363//363 364//364
f 307//307 364//364 308//308
f 308//308 364//364 365//365
f 308//308 365//365 309//309
f 309//309 365//365 366//366
f 309//309 366//366 310//310
f 310//310 366//366 367//367
f 310//310 367//367 311//311
f 311//311 367//367 368//368
f 311//311 368//368 312//312
f 312//312 368//368 369//369
f 312//312 369//369 313//313
f 313//313 369//369 370//370
f 313//313 370//370 314//314
f 314//314 370//370 371//371
f 314//314 371//371 315//315
f 315//315 371//371 372//372
f 315//315 372//372 316//316
f 316//316 372//372 373//373
f 316//316 373//373 317//317
f 317//317 373//373 374//374
f 317//317 374//374 318//318
f 318//318 374//374 375//375
f 318//318 375//375 319//319
f 319//319 375//375 376//376
f 319//319 376//376 320//320
f 320//320 376//376 377//377
f 320//320 377//377 321//321
f 321//321 377//377 378//378
f 321//321 378//378 322//322
f 322//322 378//378 379//379
f 322//322 379//379 323//323
f 323//323 379//379 380//380
f 323//323 380//380 324//324
f 324//324 380//380 381//381
f 324//324 381//381 325//325
f 325//325 381//381 382//382
f 325//325 382//382 326//326
f 326//326 382//382 383//383
f 326//326 383//383 327//327
f 327//327 383//383 384//384
f 327//327 384//384 328//328
f 328//328 384//384 385//385
f 328//328 385//385 329//329
f 329//329 385//385 386//386
f 329//329 386//386 330//330
f 330//330 386//386 387//387
f 330//330 387//387 331//331
f 331//331 387//387 388//388
f 331//331 388//388 332//332
f 332//332 388//388 389//389
f 332//332 389//389 333//333
f 333//333 389//389 390//390
f 333//333 390//390 334//334
f 334//334 390//390 391//391
f 334//334 391//391 335//335
f 335//335 391//391 392//392
f 335//335 392//392 336//336
f 336//336 392//392 337//337
f 336//336 337//337 281//281
f 337//337 393//393 394//394
f 337//337 394//394 338//338
f 338//338 394//394 395//395
f 338//338 395//395 339//339
f 339//339 395//395 396//396
f 339//339 396//396 340//340
f 340//340 396//396 397//397
f 340//340 397//397 341//341
f 341//341 397//397 398//398
f 341//341 398//398 342//342
f 342//342 398//398 399//399
f 342//342 399//399 343//343
f 343//343 399//399 400//400
f 343//343 400//400 344//344
f 344//344 400//400 401//401
f 344//344 401//401 345//345
f 345//345 401//401 402//402
f 345//345 402//402 346//346
f 346//346 402//402 403//403
f 346//346 403//403 347//347
f 347//347 403//403 404//404
f 347//347 404//404 348//348
f 348//348 404//404 405//405
f 348//348 405//405 349//349
f 349//349 405//405 406//406
f 349//349 406//406 350//350
f 350//350 406//406 407//407
f 350//350 407//407 351//351
f 351//351 407//407 408//408
f 351//351 408//408 352//352
f 352//352 408//408 409//409
f 352//352 409//409 353//353
f 353//353 409//409 410//410
f 353//353 410//410 354//354
f 354//354 410//410 411//411
f 354//354 411//411 355//355
f 355//355 411//411 412//412
f 355//355 412//412 356//356
f 356//356 412//412 413//413
f 356//356 413//413 357//357
f 357//357 413//413 414//414
f 357//357 414//414 358//358
f 358//358 414//414 415//415
f 358//358 415//415 359//359
f 359//359 415//415 416//416
f 359//359 416//416 360//360
f 360//360 416//416 417//417
f 360//360 417//417 361//361
f 361//361 417//417 418//418
f 361//361 418//418 362//362
f 362//362 418//418 419//419
f 362//362 419//419 363//363
f 363//363 419//419 420//420
f 363//363 420//420 364//364
f 364//364 420//420 421//421
f 364//364 421//421 365//365
f 365//365 421//421 422//422
f 365//365 422//422 366//366
f 366//366 422//422 423//423
f 366//366 423//423 367//367
f 367//367 423//423 424//424
f 367//367 424//424 368//368
f 368//368 424//424 425//425
f 368//368 425//425 369//369
f 369//369 425//425 426//426
f 369//369 426//426 370//370
f 370//370 426//426 427//427
f 370//370 427//427 371//371
f 371//371 427//427 428//428
f 371//371 428//428 372//372
f 372//372 428//428 429//429
f 372//372 429//429 373//373
f 373//373 429//429 430//430
f 373//373 430//430 374//374
f 374//374 430//430 431//431
f 374//374 431//431 375//375
f 375//375 431//431 432//432
f 375//375 432//432 376//376
f 376//376 432//432 433//433
f 376//376 433//433 377//377
f 377//377 433//433 434//434
f 377//377 434//434 378//378
f 378//378 434//434 435//435
f 378//378 435//435 379//379
f 379//379 435//435 436//436
f 379//379 436//436 380//380
f 380//380 436//436 437//437
f 380//380 437//437 381//381
f 381//381 437//437 438//438
f 381//381 438//438 382//382
f 382//382 438//438 439//439
f 382//382 439//439 383//383
f 383//383 439//439 440//440
f 383//383 440//440 384//384
f 384//384 440//440 441//441
f 384//384 441//441 385//385
f 385//385 441//441 442//442
f 385//385 442//442 386//386
f 386//386 442//442 443//443
f 386//386 443//443 387//387
f 387//387 443//443 444//444
f 387//387 444//444 388//388
f 388//388 444//444 445//445
f 388//388 445//445 389//389
f 389//389 445//445 446//446
f 389//389 446//446 390//390
f 390//390 446//446 447//447
f 390//390 447//447 391//391
f 391//391 447//447 448//448
f 391//391 448//448 392//392
f 392//392 448//448 393//393
f 392//392 393//393 337//337
f 393//393 449//449 450//450
f 393//393 450//450 394//394
f 394//394 450//450 451//451
f 394//394 451//451 395//395
f 395//395 451//451 452//452
f 395//395 452//452 396//396
f 396//396 452//452 453//453
f 396//396 453//453 397//397
f 397//397 453//453 454//454
f 397//397 454//454 398//398
f 398//398 454//454 455//455
f 398//398 455//455 399//399
f 399//399 455//455 456//456
f 399//399 456//456 400//400
f 400//400 456//456 457//457
f 400//400 457//457 401//401
f 401//401 457//457 458//458
f 401//401 458//458 402//402
f 402//402 458//458 459//459
f 402//402 459//459 403//403
f 403//403 459//459 460//460
f 403//403 460//460 404//404
f 404//404 460//460 461//461
f 404//404 461//461 405//405
f 405//405 461//461 462//462
f 405//405 462//462 406//406
f 406//406 462//462 463//463
f 406//406 463//463 407//407
f 407//407 463//463 464//464
f 407//407 464//464 408//408
f 408//408 464//464 465//465
f 408//408 465//465 409//409
f 409//409 465//465 466//466
f 409//409 466//466 410//410
f 410//410 466//466 467//467
f 410//410 467//467 411//411
f 411//411 467//467 468//468
f 411//411 468//468 412//412
f 412//412 468//468 469//469
f 412//412 469//469 413//413
f 413//413 469//469 470//470
f 413//413 470//470 414//414
f 414//414 470//470 471//471
f 414//414 471//471 415//415
f 415//415 471//471 472//472
f 415//415 472//472 416//416
f 416//416 472//472 473//473
f 416//416 473//473 417//417
f 417//417 473//473 474//474
f 417//417 474//474 418//418
f 418//418 474//474 475//475
f 418//418 475//475 419//419
f 419//419 475//475 476//476
f 419//419 476//476 420//420
f 420//420 476//476 477//477
f 420//420 477//477 421//421
f 421//421 477//477 478//478
f 421//421 478//478 422//422
f 422//422 478//478 479//479
f 422//422 479//479 423//423
f 423//423 479//479 480//480
f 423//423 480//480 424//424
f 424//424 480//480 481//481
f 424//424 481//481 425//425
f 425//425 481//481 482//482
f 425//425 482//482 426//426
f 426//426 482//482 483//483
f 426//426 483//483 427//427
f 427//427 483//483 484//484
f 427//427 484//484 428//428
f 428//428 484//484 485//485
f 428//428 485//485 429//429
f 429//429 485//485 486//486
f 429//429 486//486 430//430
f 430//430 486//486 487//487
f 430//430 487//487 431//431
f 431//431 487//487 488//488
f 431//431 488//488 432//432
f 432//432 488//488 489//489
f 432//432 489//489 433//433
f 433//433 489//489 490//490
f 433//433 490//490 434//434
f 434//434 490//490 491//491
f 434//434 491//491 435//435
f 435//435 491//491 492//492
f 435//435 492//492 436//436
f 436//436 492//492 493//493
f 436//436 493//493 437//437
f 437//437 493//493 494//494
f 437//437 494//494 438//438
f 438//438 494//494 495//495
f 438//438 495//495 439//439
f 439//439 495//495 496//496
f 439//439 496//496 440//440
f 440//440 496//496 497//497
f 440//440 497//497 441//441
f 441//441 497//497 498//498
f 441//441 498//498 442//442
f 442//442 498//498 499//499
f 442//442 499//499 443//443
f 443//443 499//499 500//500
f 443//443 500//500 444//444
f 444//444 500//500 501//501
f 444//444 501//501 445//445
f 445//445 501//501 502//502
f 445//445 502//502 446//446
f 446//446 502//502 503//503
f 446//446 503//503 447//447
f 447//447 503//503 504//504
f 447//447 504//504 448//448
f 448//448 504//504 449//449
f 448//448 449//449 393//393
f 505//505 561//561 562//562
f 505//505 562//562 506//506
f 506//506 562//562 563//563
f 506//506 563//563 507//507
f 507//507 563//563 564//564
f 507//507 564//564 508//508
f 508//508 564//564 565//565
f 508//508 565//565 509//509
f 509//509 565//565 566//566
f 509//509 566//566 510//510
f 510//510 566//566 567//567
f 510//510 567//567 511//511
f 511//511 567//567 568//568
f 511//511 568//568 512//512
f 512//512 568//568 569//569
f 512//512 569//569 513//513
f 513//513 569//569 570//570
f 513//513 570//570 514//514
f 514//514 570//570 571//571
f 514//514 571//571 515//515
f 515//515 571//571 572//572
f 515//515 572//572 516//516
f 516//516 572//572 573//573
f 516//516 573//573 517//517
f 517//517 573//573 574//574
f 517//517 574//574 518//518
f 518//518 574//574 575//575
f 518//518 575//575 519//519
f 519//519 575//575 576//576
f 519//519 576//576 520//520
f 520//520 576//576 577//577
f 520//520 577//577 521//521
f 521//521 577//577 578//578
f 521//521 578//578 522//522
f 522//522 578//578 579//579
f 522//522 579//579 523//523
f 523//523 579//579 580//580
f 523//523 580//580 524//524
f 524//524 580//580 581//581
f 524//524 581//581 525//525
f 525//525 581//581 582//582
f 525//525 582//582 526//526
f 526//526 582//582 583//583
f 526//526 583//583 527//527
f 527//527 583//583 584//584
f 527//527 584//584 528//528
f 528//528 584//584 585//585
f 528//528 585//585 529//529
f 529//529 585//585 586//586
f 529//529 586//586 530//530
f 530//530 586//586 587//587
f 530//530 587//587 531//531
f 531//531 587//587 588//588
f 531//531 588//588 532//532
f 532//532 588//588 589//589
f 532//532 589//589 533//533
f 533//533 589//589 590//590
f 533//533 590//590 534//534
f 534//534 590//590 591//591
f 534//534 591//591 535//535
f 535//535 591//591 592//592
f 535//535 592//592 536//536
f 536//536 592//592 593//593
f 536//536 593//593 537//537
f 537//537 593//593 594//594
f 537//537 594//594 538//538
f 538//538 594//594 595//595
f 538//538 595//595 539//539
f 539//539 595//595 596//596
f 539//539 596//596 540//540
f 540//540 596//596 597//597
f 540//540 597//597 541//541
f 541//541 597//597 598//598
f 541//541 598//598 542//542
f 542//542 598//598 599//599
f 542//542 599//599 543//543
f 543//543 599//599 600//600
f 543//543 600//600 544//544
f 544//544 600//600 601//601
f 544//544 601//601 545//545
f 545//545 601//601 602//602
f 545//545 602//602 546//546
f 546//546 602//602 603//603
f 546//546 603//603 547//547
f 547//547 603//603 604//604
f 547//547 604//604 548//548
f 548//548 604//604 605//605
f 548//548 605//605 549//549
f 549//549 605//605 606//606
f 549//549 606//606 550//550
f 550//550 606//606 607//607
f 550//550 607//607 551//551
f 551//551 607//607 608//608
f 551//551 608//608 552//552
f 552//552 608//608 609//609
f 552//552 609//609 553//553
f 553//553 609//609 610//610
f 553//553 610//610 554//554
f 554//554 610//610 611//611
f 554//554 611//611 555//555
f 555//555 611//611 612//612
f 555//555 612//612 556//556
f 556//556 612//612 613//613
f 556//556 613//613 557//557
f 557//557 613//613 614//614
f 557//557 614//614 558//558
f 558//558 614//614 615//615
f 558//558 615//615 559//559
f 559//559 615//615 616//616
f 559//559 616//616 560//560
f 560//560 616//616 561//561
f 560//560 561//561 505//505
f 561//561 617//617 618//618
f 561//561 618//618 562//562
f 562//562 618//618 619//619
f 562//562 619//619 563//563
f 563//563 619//619 620//620
f 563//563 620//620 564//564
f 564//564 620//620 621//621
f 564//564 621//621 565//565
f 565//565 621//621 622//622
f 565//565 622//622 566//566
f 566//566 622//622 623//623
f 566//566 623//623 567//567
f 567//567 623//623 624//624
f 567//567 624//624 568//568
f 568//568 624//624 625//625
f 568//568 625//625 569//569
f 569//569 625//625 626//626
f 569//569 626//626 570//570
f 570//570 626//626 627//627
f 570//570 627//627 571//571
f 571//571 627//627 628//628
f 571//571 628//628 572//572
f 572//572 628//628 629//629
f 572//572 629//629 573//573
f 573//573 629//629 630//630
f 573//573 630//630 574//574
f 574//574 630//630 631//631
f 574//574 631//631 575//575
f 575//575 631//631 632//632
f 575//575 632//632 576//576
f 576//576 632//632 633//633
f 576//576 633//633 577//577
f 577//577 633//633 634//634
f 577//577 634//634 578//578
f 578//578 634//634 635//635
f 578//578 635//635 579//579
f 579//579 635//635 636//636
f 579//579 636//636 580//580
f 580//580 636//636 637//637
f 580//580 637//637 581//581
f 581//581 637//637 638//638
f 581//581 638//638 582//582
f 582//582 638//638 639//639
f 582//582 639//639 583//583
f 583//583 639//639 640//640
f 583//583 640//640 584//584
f 584//584 640//640 641//641
f 584//584 641//641 585//585
f 585//585 641//641 642//642
f 585//585 642//642 586//586
f 586//586 642//642 643//643
f 586//586 643//643 587//587
f 587//587 643//643 644//644
f 587//587 644//644 588//588
f 588//588 644//644 645//645
f 588//588 645//645 589//589
f 589//589 645//645 646//646
f 589//589 646//646 590//590
f 590//590 646//646 647//647
f 590//590 647//647 591//591
f 591//591 647//647 648//648
f 591//591 648//648 592//592
f 592//592 648//648 649//649
f 592//592 649//649 593//593
f 593//593 649//649 650//650
f 593//593 650//650 594//594
f 594//594 650//650 651//651
f 594//594 651//651 595//595
f 595//595 651//651 652//652
f 595//595 652//652 596//596
f 596//596 652//652 653//653
f 596//596 653//653 597//597
f 597//597 653//653 654//654
f 597//597 654//654 598//598
f 598//598 654//654 655//655
f 598//598 655//655 599//599
f 599//599 655//655 656//656
f 599//599 656//656 600//600
f 600//600 656//656 657//657
f 600//600 657//657 601//601
f 601//601 657//657 658//658
f 601//601 658//658 602//602
f 602//602 658//658 659//659
f 602//602 659//659 603//603
f 603//603 659//659 660//660
f 603//603 660//660 604//604
f 604//604 660//660 661//661
f 604//604 661//661 605//605
f 605//605 661//661 662//662
f 605//605 662//662 606//606
f 606//606 662//662 663//663
f 606//606 663//663 607//607
f 607//607 663//663 664//664
f 607//607 664//664 608//608
f 608//608 664//664 665//665
f 608//608 665//665 609//609
f 609//609 665//665 666//666
f 609//609 666//666 610//610
f 610//610 666//666 667//667
f 610//610 667//667 611//611
f 611//611 667//667 668//668
f 611//611 668//668 612//612
f 612//612 668//668 669//669
f 612//612 669//669 613//613
f 613//613 669//669 670//670
f 613//613 670//670 614//614
f 614//614 670//670 671//671
f 614//614 671//671 615//615
f 615//615 671//671 672//672
f 615//615 672//672 616//616
f 616//616 672//672 617//617
f 616//616 617//617 561//561
f 617//617 673//673 674//674
f 617//617 674//674 618//618
f 618//618 674//674 675//675
f 618//618 675//675 619//619
f 619//619 675//675 676//676
f 619//619 676//676 620//620
f 620//620 676//676 677//677
f 620//620 677//677 621//621
f 621//621 677//677 678//678
f 621//621 678//678 622//622
f 622//622 678//678 679//679
f 622//622 679//679 623//623
f 623//623 679//679 680//680
f 623//623 680//680 624//624
f 624//624 680//680 681//681
f 624//624 681//681 625//625
f 625//625 681//681 682//682
f 625//625 682//682 626//626
f 626//626 682//682 683//683
f 626//626 683//683 627//627
f 627//627 683//683 684//684
f 627//627 684//684 628//628
f 628//628 684//684 685//685
f 628//628 685//685 629//629
f 629//629 685//685 686//686
f 629//629 686//686 630//630
f 630//630 686//686 687//687
f 630//630 687//687 631//631
f 631//631 687//687 688//688
f 631//631 688//688 632//632
f 632//632 688//688 689//689
f 632//632 689//689 633//633
f 633//633 689//689 690//690
f 633//633 690//690 634//634
f 634//634 690//690 691//691
f 634//634 691//691 635//635
f 635//635 691//691 692//692
f 635//635 692//692 636//636
f 636//636 692//692 693//693
f 636//636 693//693 637//637
f 637//637 693//693 694//694
f 637//637 694//694 638//638
f 638//638 694//694 695//695
f 638//638 695//695 639//639
f 639//639 695//695 696//696
f 639//639 696//696 640//640
f 640//640 696//696 697//697
f 640//640 697//697 641//641
f 641//641 697//697 698//698
f 641//641 698//698 642//642
f 642//642 698//698 699//699
f 642//642 699//699 643//643
f 643//643 699//699 700//700
f 643//643 700//700 644//644
f 644//644 700//700 701//701
f 644//644 701//701 645//645
f 645//645 701//701 702//702
f 645//645 702//702 646//646
f 646//646 702//702 703//703
f 646//646 703//703 647//647
f 647//647 703//703 704//704
f 647//647 704//704 648//648
f 648//648 704//704 705//705
f 648//648 705//705 649//649
f 649//649 705//705 706//706
f 649//649 706//706 650//650
f 650//650 706//706 707//707
f 650//650 707//707 651//651
f 651//651 707//707 708//708
f 651//651 708//708 652//652
f 652//652 708//708 709//709
f 652//652 709//709 653//653
f 653//653 709//709 710//710
f 653//653 710//710 654//654
f 654//654 710//710 711//711
f 654//654 711//711 655//655
f 655//655 711//711 712//712
f 655//655 712//712 656//656
f 656//656 712//712 713//713
f 656//656 713//713 657//657
f 657//657 713//713 714//714
f 657//657 714//714 658//658
f 658//658 714//714 715//715
f 658//658 715//715 659//659
f 659//659 715//715 716//716
f 659//659 716//716 660//660
f 660//660 716//716 717//717
f 660//660 717//717 661//661
f 661//661 717//717 718//718
f 661//661 718//718 662//662
f 662//662 718//718 719//719
f 662//662 719//719 663//663
f 663//663 719//719 720//720
f 663//663 720//720 664//664
f 664//664 720//720 721//721
f 664//664 721//721 665//665
f 665//665 721//721 722//722
f 665//665 722//722 666//666
f 666//666 722//722 723//723
f 666//666 723//723 667//667
f 667//667 723//723 724//724
f 667//667 724//724 668//668
f 668//668 724//724 725//725
f 668//668 725//725 669//669
f 669//669 725//725 726//726
f 669//669 726//726 670//670
f 670//670 726//726 727//727
f 670//670 727//727 671//671
f 671//671 727//727 728//728
f 671//671 728//728 672//672
f 672//672 728//728 673//673
f 672//672 673//673 617//617
f 673//673 729//729 730//730
f 673//673 730//730 674//674
f 674//674 730//730 731//731
f 674//674 731//731 675//675
f 675//675 731//731 732//732
f 675//675 732//732 676//676
f 676//676 732//732 733//733
f 676//676 733//733 677//677
f 677//677 733//733 734//734
f 677//677 734//734 678//678
f 678//678 734//734 735//735
f 678//678 735//735 679//679
f 679//679 735//735 736//736
f 679//679 736//736 680//680
f 680//680 736//736 737//737
f 680//680 737//737 681//681
f 681//681 737//737 738//738
f 681//681 738//738 682//682
f 682//682 738//738 739//739
f 682//682 739//739 683//683
f 683//683 739//739 740//740
f 683//683 740//740 684//684
f 684//684 740//740 741//741
f 684//684 741//741 685//685
f 685//685 741//741 742//742
f 685//685 742//742 686//686
f 686//686 742//742 743//743
f 686//686 743//743 687//687
f 687//687 743//743 744//744
f 687//687 744//744 688//688
f 688//688 744//744 745//745
f 688//688 745//745 689//689
f 689//689 745//745 746//746
f 689//689 746//746 690//690
f 690//690 746//746 747//747
f 690//690 747//747 691//691
f 691//691 747//747 748//748
f 691//691 748//748 692//692
f 692//692 748//748 749//749
f 692//692 749//749 693//693
f 693//693 749//749 750//750
f 693//693 750//750 694//694
f 694//694 750//750 751//751
f 694//694 751//751 695//695
f 695//695 751//751 752//752
f 695//695 752//752 696//696
f 696//696 752//752 753//753
f 696//696 753//753 697//697
f 697//697 753//753 754//754
f 697//697 754//754 698//698
f 698//698 754//754 755//755
f 698//698 755//755 699//699
f 699//699 755//755 756//756
f 699//699 756//756 700//700
f 700//700 756//756 757//757
f 700//700 757//757 701//701
f 701//701 757//757 758//758
f 701//701 758//758 702//702
f 702//702 758//758 759//759
f 702//702 759//759 703//703
f 703//703 759//759 760//760
f 703//703 760//760 704//704
f 704//704 760//760 761//761
f 704//704 761//761 705//705
f 705//705 761//761 762//762
f 705//705 762//762 706//706
f 706//706 762//762 763//763
f 706//706 763//763 707//707
f 707//707 763//763 764//764
f 707//707 764//764 708//708
f 708//708 764//764 765//765
f 708//708 765//765 709//709
f 709//709 765//765 766//766
f 709//709 766//766 710//710
f 710//710 766//766 767//767
f 710//710 767//767 711//711
f 711//711 767//767 768//768
f 711//711 768//768 712//712
f 712//712 768//768 769//769
f 712//712 769//769 713//713
f 713//713 769//769 770//770
f 713//713 770//770 714//714
f 714//714 770//770 771//771
f 714//714 771//771 715//715
f 715//715 771//771 772//772
f 715//715 772//772 716//716
f 716//716 772//772 773//773
f 716//716 773//773 717//717
f 717//717 773//773 774//774
f 717//717 774//774 718//718
f 718//718 774//774 775//775
f 718//718 775//775 719//719
f 719//719 775//775 776//776
f 719//719 776//776 720//720
f 720//720 776//776 777//777
f 720//720 777//777 721//721
f 721//721 777//777 778//778
f 721//721 778//778 722//722
f 722//722 778//778 779//779
f 722//722 779//779 723//723
f 723//723 779//779 780//780
f 723//723 780//780 724//724
f 724//724 780//780 781//781
f 724//724 781//781 725//725
f 725//725 781//781 782//782
f 725//725 782//782 726//726
f 726//726 782//782 783//783
f 726//726 783//783 727//727
f 727//727 783//783 784//784
f 727//727 784//784 728//728
f 728//728 784//784 729//729
f 728//728 729//729 673//673
f 729//729 785//785 786//786
f 729//729 786//786 730//730
f 730//730 786//786 787//787
f 730//730 787//787 731//731
f 731//731 787//787 788//788
f 731//731 788//788 732//732
f 732//732 788//788 789//789
f 732//732 789//789 733//733
f 733//733 789//789 790//790
f 733//733 790//790 734//734
f 734//734 790//790 791//791
f 734//734 791//791 735//735
f 735//735 791//791 792//792
f 735//735 792//792 736//736
f 736//736 792//792 793//793
f 736//736 793//793 737//737
f 737//737 793//793 794//794
f 737//737 794//794 738//738
f 738//738 794//794 795//795
f 738//738 795//795 739//739
f 739//739 795//795 796//796
f 739//739 796//796 740//740
f 740//740 796//796 797//797
f 740//740 797//797 741//741
f 741//741 797//797 798//798
f 741//741 798//798 742//742
f 742//742 798//798 799//799
f 742//742 799//799 743//743
f 743//743 799//799 800//800
f 743//743 800//800 744//744
f 744//744 800//800 801//801
f 744//744 801//801 745//745
f 745//745 801//801 802//802
f 745//745 802//802 746//746
f 746//746 802//802 803//803
f 746//746 803//803 747//747
f 747//747 803//803 804//804
f 747//747 804//804 748//748
f 748//748 804//804 805//805
f 748//748 805//805 749//749
f 749//749 805//805 806//806
f 749//749 806//806 750//750
f 750//750 806//806 807//807
f 750//750 807//807 751//751
f 751//751 807//807 808//808
f 751//751 808//808 752//752
f 752//752 808//808 809//809
f 752//752 809//809 753//753
f 753//753 809//809 810//810
f 753//753 810//810 754//754
f 754//754 810//810 811//811
f 754//754 811//811 755//755
f 755//755 811//811 812//812
f 755//755 812//812 756//756
f 756//756 812//812 813//813
f 756//756 813//813 757//757
f 757//757 813//813 814//814
f 757//757 814//814 758//758
f 758//758 814//814 815//815
f 758//758 815//815 759//759
f 759//759 815//815 816//816
f 759//759 816//816 760//760
f 760//760 816//816 817//817
f 760//760 817//817 761//761
f 761//761 817//817 818//818
f 761//761 818//818 762//762
f 762//762 818//818 819//819
f 762//762 819//819 763//763
f 763//763 819//819 820//820
f 763//763 820//820 764//764
f 764//764 820//820 821//821
f 764//764 821//821 765//765
f 765//765 821//821 822//822
f 765//765 822//822 766//766
f 766//766 822//822 823//823
f 766//766 823//823 767//767
f 767//767 823//823 824//824
f 767//767 824//824 768//768
f 768//768 824//824 825//825
f 768//768 825//825 769//769
f 769//769 825//825 826//826
f 769//769 826//826 770//770
f 770//770 826//826 827//827
f 770//770 827//827 771//771
f 771//771 827//827 828//828
f 771//771 828//828 772//772
f 772//772 828//828 829//829
f 772//772 829//829 773//773
f 773//773 829//829 830//830
f 773//773 830//830 774//774
f 774//774 830//830 831//831
f 774//774 831//831 775//775
f 775//775 831//831 832//832
f 775//775 832//832 776//776
f 776//776 832//832 833//833
f 776//776 833//833 777//777
f 777//777 833//833 834//834
f 777//777 834//834 778//778
f 778//778 834//834 835//835
f 778//778 835//835 779//779
f 779//779 835//835 836//836
f 779//779 836//836 780//780
f 780//780 836//836 837//837
f 780//780 837//837 781//781
f 781//781 837//837 838//838
f 781//781 838//838 782//782
f 782//782 838//838 839//839
f 782//782 839//839 783//783
f 783//783 839//839 840//840
f 783//783 840//840 784//784
f 784//784 840//840 785//785
f 784//784 785//785 729//729
f 785//785 841//841 842//842
f 785//785 842//842 786//786
f 786//786 842//842 843//843
f 786//786 843//843 787//787
f 787//787 843//843 844//844
f 787//787 844//844 788//788
f 788//788 844//844 845//845
f 788//788 845//845 789//789
f 789//789 845//845 846//846
f 789//789 846//846 790//790
f 790//790 846//846 847//847
f 790//790 847//847 791//791
f 791//791 847//847 848//848
f 791//791 848//848 792//792
f 792//792 848//848 849//849
f 792//792 849//849 793//793
f 793//793 849//849 850//850
f 793//793 850//850 794//794
f 794//794 850//850 851//851
f 794//794 851//851 795//795
f 795//795 851//851 852//852
f 795//795 852//852 796//796
f 796//796 852//852 853//853
f 796//796 853//853 797//797
f 797//797 853//853 854//854
f 797//797 854//854 798//798
f 798//798 854//854 855//855
f 798//798 855//855 799//799
f 799//799 855//855 856//856
f 799//799 856//856 800//800
f 800//800 856//856 857//857
f 800//800 857//857 801//801
f 801//801 857//857 858//858
f 801//801 858//858 802//802
f 802//802 858//858 859//859
f 802//802 859//859 803//803
f 803//803 859//859 860//860
f 803//803 860//860 804//804
f 804//804 860//860 861//861
f 804//804 861//861 805//805
f 805//805 861//861 862//862
f 805//805 862//862 806//806
f 806//806 862//862 863//863
f 806//806 863//863 807//807
f 807//807 863//863 864//864
f 807//807 864//864 808//808
f 808//808 864//864 865//865
f 808//808 865//865 809//809
f 809//809 865//865 866//866
f 809//809 866//866 810//810
f 810//810 866//866 867//867
f 810//810 867//867 811//811
f 811//811 867//867 868//868
f 811//811 868//868 812//812
f 812//812 868//868 869//869
f 812//812 869//869 813//813
f 813//813 869//869 870//870
f 813//813 870//870 814//814
f 814//814 870//870 871//871
f 814//814 871//871 815//815
f 815//815 871//871 872//872
f 815//815 872//872 816//816
f 816//816 872//872 873//873
f 816//816 873//873 817//817
f 817//817 873//873 874//874
f 817//817 874//874 818//818
f 818//818 874//874 875//875
f 818//818 875//875 819//819
f 819//819 875//875 876//876
f 819//819 876//876 820//820
f 820//820 876//876 877//877
f 820//820 877//877 821//821
f 821//821 877//877 878//878
f 821//821 878//878 822//822
f 822//822 878//878 879//879
f 822//822 879//879 823//823
f 823//823 879//879 880//880
f 823//823 880//880 824//824
f 824//824 880//880 881//881
f 824//824 881//881 825//825
f 825//825 881//881 882//882
f 825//825 882//882 826//826
f 826//826 882//882 883//883
f 826//826 883//883 827//827
f 827//827 883//883 884//884
f 827//827 884//884 828//828
f 828//828 884//884 885//885
f 828//828 885//885 829//829
f 829//829 885//885 886//886
f 829//829 886//886 830//830
f 830//830 886//886 887//887
f 830//830 887//887 831//831
f 831//831 887//887 888//888
f 831//831 888//888 832//832
f 832//832 888//888 889//889
f 832//832 889//889 833//833
f 833//833 889//889 890//890
f 833//833 890//890 834//834
f 834//834 890//890 891//891
f 834//834 891//891 835//835
f 835//835 891//891 892//892
f 835//835 892//892 836//836
f 836//836 892//892 893//893
f 836//836 893//893 837//837
f 837//837 893//893 894//894
f 837//837 894//894 838//838
f 838//838 894//894 895//895
f 838//838 895//895 839//839
f 839//839 895//895 896//896
f 839//839 896//896 840//840
f 840//840 896//896 841//841
f 840//840 841//841 785//785
f 841//841 897//897 898//898
f 841//841 898//898 842//842
f 842//842 898//898 899//899
f 842//842 899//899 843//843
f 843//843 899//899 900//900
f 843//843 900//900 844//844
f 844//844 900//900 901//901
f 844//844 901//901 845//845
f 845//845 901//901 902//902
f 845//845 902//902 846//846
f 846//846 902//902 903//903
f 846//846 903//903 847//847
f 847//847 903//903 904//904
f 847//847 904//904 848//848
f 848//848 904//904 905//905
f 848//848 905//905 849//849
f 849//849 905//905 906//906
f 849//849 906//906 850//850
f 850//850 906//906 907//907
f 850//850 907//907 851//851
f 851//851 907//907 908//908
f 851//851 908//908 852//852
f 852//852 908//908 909//909
f 852//852 909//909 853//853
f 853//853 909//909 910//910
f 853//853 910//910 854//854
f 854//854 910//910 911//911
f 854//854 911//911 855//855
f 855//855 911//911 912//912
f 855//855 912//912 856//856
f 856//856 912//912 913//913
f 856//856 913//913 857//857
f 857//857 913//913 914//914
f 857//857 914//914 858//858
f 858//858 914//914 915//915
f 858//858 915//915 859//859
f 859//859 915//915 916//916
f 859//859 916//916 860//860
f 860//860 916//916 917//917
f 860//860 917//917 861//861
f 861//861 917//917 918//918
f 861//861 918//918 862//862
f 862//862 918//918 919//919
f 862//862 919//919 863//863
f 863//863 919//919 920//920
f 863//863 920//920 864//864
f 864//864 920//920 921//921
f 864//864 921//921 865//865
f 865//865 921//921 922//922
f 865//865 922//922 866//866
f 866//866 922//922 923//923
f 866//866 923//923 867//867
f 867//867 923//923 924//924
f 867//867 924//924 868//868
f 868//868 924//924 925//925
f 868//868 925//925 869//869
f 869//869 925//925 926//926
f 869//869 926//926 870//870
f 870//870 926//926 927//927
f 870//870 927//927 871//871
f 871//871 927//927 928//928
f 871//871 928//928 872//872
f 872//872 928//928 929//929
f 872//872 929//929 873//873
f 873//873 929//929 930//930
f 873//873 930//930 874//874
f 874//874 930//930 931//931
f 874//874 931//931 875//875
f 875//875 931//931 932//932
f 875//875 932//932 876//876
f 876//876 932//932 933//933
f 876//876 933//933 877//877
f 877//877 933//933 934//934
f 877//877 934//934 878//878
f 878//878 934//934 935//935
f 878//878 935//935 879//879
f 879//879 935//935 936//936
f 879//879 936//936 880//880
f 880//880 936//936 937//937
f 880//880 937//937 881//881
f 881//881 937//937 938//938
f 881//881 938//938 882//882
f 882//882 938//938 939//939
f 882//882 939//939 883//883
f 883//883 939//939 940//940
f 883//883 940//940 884//884
f 884//884 940//940 941//941
f 884//884 941//941 885//885
f 885//885 941//941 942//942
f 885//885 942//942 886//886
f 886//886 942//942 943//943
f 886//886 943//943 887//887
f 887//887 943//943 944//944
f 887//887 944//944 888//888
f 888//888 944//944 945//945
f 888//888 945//945 889//889
f 889//889 945//945 946//946
f 889//889 946//946 890//890
f 890//890 946//946 947//947
f 890//890 947//947 891//891
f 891//891 947//947 948//948
f 891//891 948//948 892//892
f 892//892 948//948 949//949
f 892//892 949//949 893//893
f 893//893 949//949 950//950
f 893//893 950//950 894//894
f 894//894 950//950 951//951
f 894//894 951//951 895//895
f 895//895 951//951 952//952
f 895//895 952//952 896//896
f 896//896 952//952 897//897
f 896//896 897//897 841//841
f 897//897 953//953 954//954
f 897//897 954//954 898//898
f 898//898 954//954 955//955
f 898//898 955//955 899//899
f 899//899 955//955 956//956
f 899//899 956//956 900//900
f 900//900 956//956 957//957
f 900//900 957//957 901//901
f 901//901 957//957 958//958
f 901//901 958//958 902//902
f 902//902 958//958 959//959
f 902//902 959//959 903//903
f 903//903 959//959 960//960
f 903//903 960//960 904//904
f 904//904 960//960 961//961
f 904//904 961//961 905//905
f 905//905 961//961 962//962
f 905//905 962//962 906//906
f 906//906 962//962 963//963
f 906//906 963//963 907//907
f 907//907 963//963 964//964
f 907//907 964//964 908//908
f 908//908 964//964 965//965
f 908//908 965//965 909//909
f 909//909 965//965 966//966
f 909//909 966//966 910//910
f 910//910 966//966 967//967
f 910//910 967//967 911//911
f 911//911 967//967 968//968
f 911//911 968//968 912//912
f 912//912 968//968 969//969
f 912//912 969//969 913//913
f 913//913 969//969 970//970
f 913//913 970//970 914//914
f 914//914 970//970 971//971
f 914//914 971//971 915//915
f 915//915 971//971 972//972
f 915//915 972//972 916//916
f 916//916 972//972 973//973
f 916//916 973//973 917//917
f 917//917 973//973 974//974
f 917//917 974//974 918//918
f 918//918 974//974 975//975
f 918//918 975//975 919//919
f 919//919 975//975 976//976
f 919//919 976//976 920//920
f 920//920 976//976 977//977
f 920//920 977//977 921//921
f 921//921 977//977 978//978
f 921//921 978//978 922//922
f 922//922 978//978 979//979
f 922//922 979//979 923//923
f 923//923 979//979 980//980
f 923//923 980//980 924//924
f 924//924 980//980 981//981
f 924//924 981//981 925//925
f 925//925 981//981 982//982
f 925//925 982//982 926//926
f 926//926 982//982 983//983
f 926//926 983//983 927//927
f 927//927 983//983 984//984
f 927//927 984//984 928//928
f 928//928 984//984 985//985
f 928//928 985//985 929//929
f 929//929 985//985 986//986
f 929//929 986//986 930//930
f 930//930 986//986 987//987
f 930//930 987//987 931//931
f 931//931 987//987 988//988
f 931//931 988//988 932//932
f 932//932 988//988 989//989
f 932//932 989//989 933//933
f 933//933 989//989 990//990
f 933//933 990//990 934//934
f 934//934 990//990 991//991
f 934//934 991//991 935//935
f 935//935 991//991 992//992
f 935//935 992//992 936//936
f 936//936 992//992 993//993
f 936//936 993//993 937//937
f 937//937 993//993 994//994
f 937//937 994//994 938//938
f 938//938 994//994 995//995
f 938//938 995//995 939//939
f 939//939 995//995 996//996
f 939//939 996//996 940//940
f 940//940 996//996 997//997
f 940//940 997//997 941//941
f 941//941 997//997 998//998
f 941//941 998//998 942//942
f 942//942 998//998 999//999
f 942//942 999//999 943//943
f 943//943 999//999 1000//1000
f 943//943 1000//1000 944//944
f 944//944 1000//1000 1001//1001
f 944//944 1001//1001 945//945
f 945//945 1001//1001 1002//1002
f 945//945 1002//1002 946//946
f 946//946 1002//1002 1003//1003
f 946//946 1003//1003 947//947
f 947//947 1003//1003 1004//1004
f 947//947 1004//1004 948//948
f 948//948 1004//1004 1005//1005
f 948//948 1005//1005 949//949
f 949//949 1005//1005 1006//1006
f 949//949 1006//1006 950//950
f 950//950 1006//1006 1007//1007
f 950//950 1007//1007 951//951
f 951//951 1007//1007 1008//1008
f 951//951 1008//1008 952//952
f 952//952 1008//1008 953//953
f 952//952 953//953 897//897
f 1009//1009 1065//1065 1066//1066
f 1009//1009 1066//1066 1010//1010
f 1010//1010 1066//1066 1067//1067
f 1010//1010 1067//1067 1011//1011
f 1011//1011 1067//1067 1068//1068
f 1011//1011 1068//1068 1012//1012
f 1012//1012 1068//1068 1069//1069
f 1012//1012 1069//1069 1013//1013
f 1013//1013 1069//1069 1070//1070
f 1013//1013 1070//1070 1014//1014
f 1014//1014 1070//1070 1071//1071
f 1014//1014 1071//1071 1015//1015
f 1015//1015 1071//1071 1072//1072
f 1015//1015 1072//1072 1016//1016
f 1016//1016 1072//1072 1073//1073
f 1016//1016 1073//1073 1017//1017
f 1017//1017 1073//1073 1074//1074
f 1017//1017 1074//1074 1018//1018
f 1018//1018 1074//1074 1075//1075
f 1018//1018 1075//1075 1019//1019
f 1019//1019 1075//1075 1076//1076
f 1019//1019 1076//1076 1020//1020
f 1020//1020 1076//1076 1077//1077
f 1020//1020 1077//1077 1021//1021
f 1021//1021 1077//1077 1078//1078
f 1021//1021 1078//1078 1022//1022
f 1022//1022 1078//1078 1079//1079
f 1022//1022 1079//1079 1023//1023
f 1023//1023 1079//1079 1080//1080
f 1023//1023 1080//1080 1024//1024
f 1024//1024 1080//1080 1081//1081
f 1024//1024 1081//1081 1025//1025
f 1025//1025 1081//1081 1082//1082
f 1025//1025 1082//1082 1026//1026
f 1026//1026 1082//1082 1083//1083
f 1026//1026 1083//1083 1027//1027
f 1027//1027 1083//1083 1084//1084
f 1027//1027 1084//1084 1028//1028
f 1028//1028 1084//1084 1085//1085
f 1028//1028 1085//1085 1029//1029
f 1029//1029 1085//1085 1086//1086
f 1029//1029 1086//1086 1030//1030
f 1030//1030 1086//1086 1087//1087
f 1030//1030 1087//1087 1031//1031
f 1031//1031 1087//1087 1088//1088
f 1031//1031 1088//1088 1032//1032
f 1032//1032 1088//1088 1089//1089
f 1032//1032 1089//1089 1033//1033
f 1033//1033 1089//1089 1090//1090
f 1033//1033 1090//1090 1034//1034
f 1034//1034 1090//1090 1091//1091
f 1034//1034 1091//1091 1035//1035
f 1035//1035 1091//1091 1092//1092
f 1035//1035 1092//1092 1036//1036
f 1036//1036 1092//1092 1093//1093
f 1036//1036 1093//1093 1037//1037
f 1037//1037 1093//1093 1094//1094
f 1037//1037 1094//1094 1038//1038
f 1038//1038 1094//1094 1095//1095
f 1038//1038 1095//1095 1039//1039
f 1039//1039 1095//1095 1096//1096
f 1039//1039 1096//1096 1040//1040
f 1040//1040 1096//1096 1097//1097
f 1040//1040 1097//1097 1041//1041
f 1041//1041 1097//1097 1098//1098
f 1041//1041 1098//1098 1042//1042
f 1042//1042 1098//1098 1099//1099
f 1042//1042 1099//1099 1043//1043
f 1043//1043 1099//1099 1100//1100
f 1043//1043 1100//1100 1044//1044
f 1044//1044 1100//1100 1101//1101
f 1044//1044 1101//1101 1045//1045
f 1045//1045 1101//1101 1102//1102
f 1045//1045 1102//1102 1046//1046
f 1046//1046 1102//1102 1103//1103
f 1046//1046 1103//1103 1047//1047
f 1047//1047 1103//1103 1104//1104
f 1047//1047 1104//1104 1048//1048
f 1048//1048 1104//1104 1105//1105
f 1048//1048 1105//1105 1049//1049
f 1049//1049 1105//1105 1106//1106
f 1049//1049 1106//1106 1050//1050
f 1050//1050 1106//1106 1107//1107
f 1050//1050 1107//1107 1051//1051
f 1051//1051 1107//1107 1108//1108
f 1051//1051 1108//1108 1052//1052
f 1052//1052 1108//1108 1109//1109
f 1052//1052 1109//1109 1053//1053
f 1053//1053 1109//1109 1110//1110
f 1053//1053 1110//1110 1054//1054
f 1054//1054 1110//1110 1111//1111
f 1054//1054 1111//1111 1055//1055
f 1055//1055 1111//1111 1112//1112
f 1055//1055 1112//1112 1056//1056
f 1056//1056 1112//1112 1113//1113
f 1056//1056 1113//1113 1057//1057
f 1057//1057 1113//1113 1114//1114
f 1057//1057 1114//1114 1058//1058
f 1058//1058 1114//1114 1115//1115
f 1058//1058 1115//1115 1059//1059
f 1059//1059 1115//1115 1116//1116
f 1059//1059 1116//1116 1060//1060
f 1060//1060 1116//1116 1117//1117
f 1060//1060 1117//1117 1061//1061
f 1061//1061 1117//1117 1118//1118
f 1061//1061 1118//1118 1062//1062
f 1062//1062 1118//1118 1119//1119
f 1062//1062 1119//1119 1063//1063
f 1063//1063 1119//1119 1120//1120
f 1063//1063 1120//1120 1064//1064
f 1064//1064 1120//1120 1065//1065
f 1064//1064 1065//1065 1009//1009
f 1065//1065 1121//1121 1122//1122
f 1065//1065 1122//1122 1066//1066
f 1066//1066 1122//1122 1123//1123
f 1066//1066 1123//1123 1067//1067
f 1067//1067 1123//1123 1124//1124
f 1067//1067 1124//1124 1068//1068
f 1068//1068 1124//1124 1125//1125
f 1068//1068 1125//1125 1069//1069
f 1069//1069 1125//1125 1126//1126
f 1069//1069 1126//1126 1070//1070
f 1070//1070 1126//1126 1127//1127
f 1070//1070 1127//1127 1071//1071
f 1071//1071 1127//1127 1128//1128
f 1071//1071 1128//1128 1072//1072
f 1072//1072 1128//1128 1129//1129
f 1072//1072 1129//1129 1073//1073
f 1073//1073 1129//1129 1130//1130
f 1073//1073 1130//1130 1074//1074
f 1074//1074 1130//1130 1131//1131
f 1074//1074 1131//1131 1075//1075
f 1075//1075 1131//1131 1132//1132
f 1075//1075 1132//1132 1076//1076
f 1076//1076 1132//1132 1133//1133
f 1076//1076 1133//1133 1077//1077
f 1077//1077 1133//1133 1134//1134
f 1077//1077 1134//1134 1078//1078
f 1078//1078 1134//1134 1135//1135
f 1078//1078 1135//1135 1079//1079
f 1079//1079 1135//1135 1136//1136
f 1079//1079 1136//1136 1080//1080
f 1080//1080 1136//1136 1137//1137
f 1080//1080 1137//1137 1081//1081
f 1081//1081 1137//1137 1138//1138
f 1081//1081 1138//1138 1082//1082
f 1082//1082 1138//1138 1139//1139
f 1082//1082 1139//1139 1083//1083
f 1083//1083 1139//1139 1140//1140
f 1083//1083 1140//1140 1084//1084
f 1084//1084 1140//1140 1141//1141
f 1084//1084 1141//1141 1085//1085
f 1085//1085 1141//1141 1142//1142
f 1085//1085 1142//1142 1086//1086
f 1086//1086 1142//1142 1143//1143
f 1086//1086 1143//1143 1087//1087
f 1087//1087 1143//1143 1144//1144
f 1087//1087 1144//1144 1088//1088
f 1088//1088 1144//1144 1145//1145
f 1088//1088 1145//1145 1089//1089
f 1089//1089 1145//1145 1146//1146
f 1089//1089 1146//1146 1090//1090
f 1090//1090 1146//1146 1147//1147
f 1090//1090 1147//1147 1091//1091
f 1091//1091 1147//1147 1148//1148
f 1091//1091 1148//1148 1092//1092
f 1092//1092 1148//1148 1149//1149
f 1092//1092 1149//1149 1093//1093
f 1093//1093 1149//1149 1150//1150
f 1093//1093 1150//1150 1094//1094
f 1094//1094 1150//1150 1151//1151
f 1094//1094 1151//1151 1095//1095
f 1095//1095 1151//1151 1152//1152
f 1095//1095 1152//1152 1096//1096
f 1096//1096 1152//1152 1153//1153
f 1096//1096 1153//1153 1097//1097
f 1097//1097 1153//1153 1154//1154
f 1097//1097 1154//1154 1098//1098
f 1098//1098 1154//1154 1155//1155
f 1098//1098 1155//1155 1099//1099
f 1099//1099 1155//1155 1156//1156
f 1099//1099 1156//1156 1100//1100
f 1100//1100 1156//1156 1157//1157
f 1100//1100 1157//1157 1101//1101
f 1101//1101 1157//1157 1158//1158
f 1101//1101 1158//1158 1102//1102
f 1102//1102 1158//1158 1159//1159
f 1102//1102 1159//1159 1103//1103
f 1103//1103 1159//1159 1160//1160
f 1103//1103 1160//1160 1104//1104
f 1104//1104 1160//1160 1161//1161
f 1104//1104 1161//1161 1105//1105
f 1105//1105 1161//1161 1162//1162
f 1105//1105 1162//1162 1106//1106
f 1106//1106 1162//1162 1163//1163
f 1106//1106 1163//1163 1107//1107
f 1107//1107 1163//1163 1164//1164
f 1107//1107 1164//1164 1108//1108
f 1108//1108 1164//1164 1165//1165
f 1108//1108 1165//1165 1109//1109
f 1109//1109 1165//1165 1166//1166
f 1109//1109 1166//1166 1110//1110
f 1110//1110 1166//1166 1167//1167
f 1110//1110 1167//1167 1111//1111
f 1111//1111 1167//1167 1168//1168
f 1111//1111 1168//1168 1112//1112
f 1112//1112 1168//1168 1169//1169
f 1112//1112 1169//1169 1113//1113
f 1113//1113 1169//1169 1170//1170
f 1113//1113 1170//1170 1114//1114
f 1114//1114 1170//1170 1171//1171
f 1114//1114 1171//1171 1115//1115
f 1115//1115 1171//1171 1172//1172
f 1115//1115 1172//1172 1116//1116
f 1116//1116 1172//1172 1173//1173
f 1116//1116 1173//1173 1117//1117
f 1117//1117 1173//1173 1174//1174
f 1117//1117 1174//1174 1118//1118
f 1118//1118 1174//1174 1175//1175
f 1118//1118 1175//1175 1119//1119
f 1119//1119 1175//1175 1176//1176
f 1119//1119 1176//1176 1120//1120
f 1120//1120 1176//1176 1121//1121
f 1120//1120 1121//1121 1065//1065
f 1121//1121 1177//1177 1178//1178
f 1121//1121 1178//1178 1122//1122
f 1122//1122 1178//1178 1179//1179
f 1122//1122 1179//1179 1123//1123
f 1123//1123 1179//1179 1180//1180
f 1123//1123 1180//1180 1124//1124
f 1124//1124 1180//1180 1181//1181
f 1124//1124 1181//1181 1125//1125
f 1125//1125 1181//1181 1182//1182
f 1125//1125 1182//1182 1126//1126
f 1126//1126 1182//1182 1183//1183
f 1126//1126 1183//1183 1127//1127
f 1127//1127 1183//1183 1184//1184
f 1127//1127 1184//1184 1128//1128
f 1128//1128 1184//1184 1185//1185
f 1128//1128 1185//1185 1129//1129
f 1129//1129 1185//1185 1186//1186
f 1129//1129 1186//1186 1130//1130
f 1130//1130 1186//1186 1187//1187
f 1130//1130 1187//1187 1131//1131
f 1131//1131 1187//1187 1188//1188
f 1131//1131 1188//1188 1132//1132
f 1132//1132 1188//1188 1189//1189
f 1132//1132 1189//1189 1133//1133
f 1133//1133 1189//1189 1190//1190
f 1133//1133 1190//1190 1134//1134
f 1134//1134 1190//1190 1191//1191
f 1134//1134 1191//1191 1135//1135
f 1135//1135 1191//1191 1192//1192
f 1135//1135 1192//1192 1136//1136
f 1136//1136 1192//1192 1193//1193
f 1136//1136 1193//1193 1137//1137
f 1137//1137 1193//1193 1194//1194
f 1137//1137 1194//1194 1138//1138
f 1138//1138 1194//1194 1195//1195
f 1138//1138 1195//1195 1139//1139
f 1139//1139 1195//1195 1196//1196
f 1139//1139 1196//1196 1140//1140
f 1140//1140 1196//1196 1197//1197
f 1140//1140 1197//1197 1141//1141
f 1141//1141 1197//1197 1198//1198
f 1141//1141 1198//1198 1142//1142
f 1142//1142 1198//1198 1199//1199
f 1142//1142 1199//1199 1143//1143
f 1143//1143 1199//1199 1200//1200
f 1143//1143 1200//1200 1144//1144
f 1144//1144 1200//1200 1201//1201
f 1144//1144 1201//1201 1145//1145
f 1145//1145 1201//1201 1202//1202
f 1145//1145 1202//1202 1146//1146
f 1146//1146 1202//1202 1203//1203
f 1146//1146 1203//1203 1147//1147
f 1147//1147 1203//1203 1204//1204
f 1147//1147 1204//1204 1148//1148
f 1148//1148 1204//1204 1205//1205
f 1148//1148 1205//1205 1149//1149
f 1149//1149 1205//1205 1206//1206
f 1149//1149 1206//1206 1150//1150
f 1150//1150 1206//1206 1207//1207
f 1150//1150 1207//1207 1151//1151
f 1151//1151 1207//1207 1208//1208
f 1151//1151 1208//1208 1152//1152
f 1152//1152 1208//1208 1209//1209
f 1152//1152 1209//1209 1153//1153
f 1153//1153 1209//1209 1210//1210
f 1153//1153 1210//1210 1154//1154
f 1154//1154 1210//1210 1211//1211
f 1154//1154 1211//1211 1155//1155
f 1155//1155 1211//1211 1212//1212
f 1155//1155 1212//1212 1156//1156
f 1156//1156 1212//1212 1213//1213
f 1156//1156 1213//1213 1157//1157
f 1157//1157 1213//1213 1214//1214
f 1157//1157 1214//1214 1158//1158
f 1158//1158 1214//1214 1215//1215
f 1158//1158 1215//1215 1159//1159
f 1159//1159 1215//1215 1216//1216
f 1159//1159 1216//1216 1160//1160
f 1160//1160 1216//1216 1217//1217
f 1160//1160 1217//1217 1161//1161
f 1161//1161 1217//1217 1218//1218
f 1161//1161 1218//1218 1162//1162
f 1162//1162 1218//1218 1219//1219
f 1162//1162 1219//1219 1163//1163
f 1163//1163 1219//1219 1220//1220
f 1163//1163 1220//1220 1164//1164
f 1164//1164 1220//1220 1221//1221
f 1164//1164 1221//1221 1165//1165
f 1165//1165 1221//1221 1222//1222
f 1165//1165 1222//1222 1166//1166
f 1166//1166 1222//1222 1223//1223
f 1166//1166 1223//1223 1167//1167
f 1167//1167 1223//1223 1224//1224
f 1167//1167 1224//1224 1168//1168
f 1168//1168 1224//1224 1225//1225
f 1168//1168 1225//1225 1169//1169
f 1169//1169 1225//1225 1226//1226
f 1169//1169 1226//1226 1170//1170
f 1170//1170 1226//1226 1227//1227
f 1170//1170 1227//1227 1171//1171
f 1171//1171 1227//1227 1228//1228
f 1171//1171 1228//1228 1172//1172
f 1172//1172 1228//1228 1229//1229
f 1172//1172 1229//1229 1173//1173
f 1173//1173 1229//1229 1230//1230
f 1173//1173 1230//1230 1174//1174
f 1174//1174 1230//1230 1231//1231
f 1174//1174 1231//1231 1175//1175
f 1175//1175 1231//1231 1232//1232
f 1175//1175 1232//1232 1176//1176
f 1176//1176 1232//1232 1177//1177
f 1176//1176 1177//1177 1121//1121
f 1177//1177 1233//1233 1234//1234
f 1177//1177 1234//1234 1178//1178
f 1178//1178 1234//1234 1235//1235
f 1178//1178 1235//1235 1179//1179
f 1179//1179 1235//1235 1236//1236
f 1179//1179 1236//1236 1180//1180
f 1180//1180 1236//1236 1237//1237
f 1180//1180 1237//1237 1181//1181
f 1181//1181 1237//1237 1238//1238
f 1181//1181 1238//1238 1182//1182
f 1182//1182 1238//1238 1239//1239
f 1182//1182 1239//1239 1183//1183
f 1183//1183 1239//1239 1240//1240
f 1183//1183 1240//1240 1184//1184
f 1184//1184 1240//1240 1241//1241
f 1184//1184 1241//1241 1185//1185
f 1185//1185 1241//1241 1242//1242
f 1185//1185 1242//1242 1186//1186
f 1186//1186 1242//1242 1243//1243
f 1186//1186 1243//1243 1187//1187
f 1187//1187 1243//1243 1244//1244
f 1187//1187 1244//1244 1188//1188
f 1188//1188 1244//1244 1245//1245
f 1188//1188 1245//1245 1189//1189
f 1189//1189 1245//1245 1246//1246
f 1189//1189 1246//1246 1190//1190
f 1190//1190 1246//1246 1247//1247
f 1190//1190 1247//1247 1191//1191
f 1191//1191 1247//1247 1248//1248
f 1191//1191 1248//1248 1192//1192
f 1192//1192 1248//1248 1249//1249
f 1192//1192 1249//1249 1193//1193
f 1193//1193 1249//1249 1250//1250
f 1193//1193 1250//1250 1194//1194
f 1194//1194 1250//1250 1251//1251
f 1194//1194 1251//1251 1195//1195
f 1195//1195 1251//1251 1252//1252
f 1195//1195 1252//1252 1196//1196
f 1196//1196 1252//1252 1253//1253
f 1196//1196 1253//1253 1197//1197
f 1197//1197 1253//1253 1254//1254
f 1197//1197 1254//1254 1198//1198
f 1198//1198 1254//1254 1255//1255
f 1198//1198 1255//1255 1199//1199
f 1199//1199 1255//1255 1256//1256
f 1199//1199 1256//1256 1200//1200
f 1200//1200 1256//1256 1257//1257
f 1200//1200 1257//1257 1201//1201
f 1201//1201 1257//1257 1258//1258
f 1201//1201 1258//1258 1202//1202
f 1202//1202 1258//1258 1259//1259
f 1202//1202 1259//1259 1203//1203
f 1203//1203 1259//1259 1260//1260
f 1203//1203 1260//1260 1204//1204
f 1204//1204 1260//1260 1261//1261
f 1204//1204 1261//1261 1205//1205
f 1205//1205 1261//1261 1262//1262
f 1205//1205 1262//1262 1206//1206
f 1206//1206 1262//1262 1263//1263
f 1206//1206 1263//1263 1207//1207
f 1207//1207 1263//1263 1264//1264
f 1207//1207 1264//1264 1208//1208
f 1208//1208 1264//1264 1265//1265
f 1208//1208 1265//1265 1209//1209
f 1209//1209 1265//1265 1266//1266
f 1209//1209 1266//1266 1210//1210
f 1210//1210 1266//1266 1267//1267
f 1210//1210 1267//1267 1211//1211
f 1211//1211 1267//1267 1268//1268
f 1211//1211 1268//1268 1212//1212
f 1212//1212 1268//1268 1269//1269
f 1212//1212 1269//1269 1213//1213
f 1213//1213 1269//1269 1270//1270
f 1213//1213 1270//1270 1214//1214
f 1214//1214 1270//1270 1271//1271
f 1214//1214 1271//1271 1215//1215
f 1215//1215 1271//1271 1272//1272
f 1215//1215 1272//1272 1216//1216
f 1216//1216 1272//1272 1273//1273
f 1216//1216 1273//1273 1217//1217
f 1217//1217 1273//1273 1274//1274
f 1217//1217 1274//1274 1218//1218
f 1218//1218 1274//1274 1275//1275
f 1218//1218 1275//1275 1219//1219
f 1219//1219 1275//1275 1276//1276
f 1219//1219 1276//1276 1220//1220
f 1220//1220 1276//1276 1277//1277
f 1220//1220 1277//1277 1221//1221
f 1221//1221 1277//1277 1278//1278
f 1221//1221 1278//1278 1222//1222
f 1222//1222 1278//1278 1279//1279
f 1222//1222 1279//1279 1223//1223
f 1223//1223 1279//1279 1280//1280
f 1223//1223 1280//1280 1224//1224
f 1224//1224 1280//1280 1281//1281
f 1224//1224 1281//1281 1225//1225
f 1225//1225 1281//1281 1282//1282
f 1225//1225 1282//1282 1226//1226
f 1226//1226 1282//1282 1283//1283
f 1226//1226 1283//1283 1227//1227
f 1227//1227 1283//1283 1284//1284
f 1227//1227 1284//1284 1228//1228
f 1228//1228 1284//1284 1285//1285
f 1228//1228 1285//1285 1229//1229
f 1229//1229 1285//1285 1286//1286
f 1229//1229 1286//1286 1230//1230
f 1230//1230 1286//1286 1287//1287
f 1230//1230 1287//1287 1231//1231
f 1231//1231 1287//1287 1288//1288
f 1231//1231 1288//1288 1232//1232
f 1232//1232 1288//1288 1233//1233
f 1232//1232 1233//1233 1177//1177
f 1233//1233 1289//1289 1290//1290
f 1233//1233 1290//1290 1234//1234
f 1234//1234 1290//1290 1291//1291
f 1234//1234 1291//1291 1235//1235
f 1235//1235 1291//1291 1292//1292
f 1235//1235 1292//1292 1236//1236
f 1236//1236 1292//1292 1293//1293
f 1236//1236 1293//1293 1237//1237
f 1237//1237 1293//1293 1294//1294
f 1237//1237 1294//1294 1238//1238
f 1238//1238 1294//1294 1295//1295
f 1238//1238 1295//1295 1239//1239
f 1239//1239 1295//1295 1296//1296
f 1239//1239 1296//1296 1240//1240
f 1240//1240 1296//1296 1297//1297
f 1240//1240 1297//1297 1241//1241
f 1241//1241 1297//1297 1298//1298
f 1241//1241 1298//1298 1242//1242
f 1242//1242 1298//1298 1299//1299
f 1242//1242 1299//1299 1243//1243
f 1243//1243 1299//1299 1300//1300
f 1243//1243 1300//1300 1244//1244
f 1244//1244 1300//1300 1301//1301
f 1244//1244 1301//1301 1245//1245
f 1245//1245 1301//1301 1302//1302
f 1245//1245 1302//1302 1246//1246
f 1246//1246 1302//1302 1303//1303
f 1246//1246 1303//1303 1247//1247
f 1247//1247 1303//1303 1304//1304
f 1247//1247 1304//1304 1248//1248
f 1248//1248 1304//1304 1305//1305
f 1248//1248 1305//1305 1249//1249
f 1249//1249 1305//1305 1306//1306
f 1249//1249 1306//1306 1250//1250
f 1250//1250 1306//1306 1307//1307
f 1250//1250 1307//1307 1251//1251
f 1251//1251 1307//1307 1308//1308
f 1251//1251 1308//1308 1252//1252
f 1252//1252 1308//1308 1309//1309
f 1252//1252 1309//1309 1253//1253
f 1253//1253 1309//1309 1310//1310
f 1253//1253 1310//1310 1254//1254
f 1254//1254 1310//1310 1311//1311
f 1254//1254 1311//1311 1255//1255
f 1255//1255 1311//1311 1312//1312
f 1255//1255 1312//1312 1256//1256
f 1256//1256 1312//1312 1313//1313
f 1256//1256 1313//1313 1257//1257
f 1257//1257 1313//1313 1314//1314
f 1257//1257 1314//1314 1258//1258
f 1258//1258 1314//1314 1315//1315
f 1258//1258 1315//1315 1259//1259
f 1259//1259 1315//1315 1316//1316
f 1259//1259 1316//1316 1260//1260
f 1260//1260 1316//1316 1317//1317
f 1260//1260 1317//1317 1261//1261
f 1261//1261 1317//1317 1318//1318
f 1261//1261 1318//1318 1262//1262
f 1262//1262 1318//1318 1319//1319
f 1262//1262 1319//1319 1263//1263
f 1263//1263 1319//1319 1320//1320
f 1263//1263 1320//1320 1264//1264
f 1264//1264 1320//1320 1321//1321
f 1264//1264 1321//1321 1265//1265
f 1265//1265 1321//1321 1322//1322
f 1265//1265 1322//1322 1266//1266
f 1266//1266 1322//1322 1323//1323
f 1266//1266 1323//1323 1267//1267
f 1267//1267 1323//1323 1324//1324
f 1267//1267 1324//1324 1268//1268
f 1268//1268 1324//1324 1325//1325
f 1268//1268 1325//1325 1269//1269
f 1269//1269 1325//1325 1326//1326
f 1269//1269 1326//1326 1270//1270
f 1270//1270 1326//1326 1327//1327
f 1270//1270 1327//1327 1271//1271
f 1271//1271 1327//1327 1328//1328
f 1271//1271 1328//1328 1272//1272
f 1272//1272 1328//1328 1329//1329
f 1272//1272 1329//1329 1273//1273
f 1273//1273 1329//1329 1330//1330
f 1273//1273 1330//1330 1274//1274
f 1274//1274 1330//1330 1331//1331
f 1274//1274 1331//1331 1275//1275
f 1275//1275 1331//1331 1332//1332
f 1275//1275 1332//1332 1276//1276
f 1276//1276 1332//1332 1333//1333
f 1276//1276 1333//1333 1277//1277
f 1277//1277 1333//1333 1334//1334
f 1277//1277 1334//1334 1278//1278
f 1278//1278 1334//1334 1335//1335
f 1278//1278 1335//1335 1279//1279
f 1279//1279 1335//1335 1336//1336
f 1279//1279 1336//1336 1280//1280
f 1280//1280 1336//1336 1337//1337
f 1280//1280 1337//1337 1281//1281
f 1281//1281 1337//1337 1338//1338
f 1281//1281 1338//1338 1282//1282
f 1282//1282 1338//1338 1339//1339
f 1282//1282 1339//1339 1283//1283
f 1283//1283 1339//1339 1340//1340
f 1283//1283 1340//1340 1284//1284
f 1284//1284 1340//1340 1341//1341
f 1284//1284 1341//1341 1285//1285
f 1285//1285 1341//1341 1342//1342
f 1285//1285 1342//1342 1286//1286
f 1286//1286 1342//1342 1343//1343
f 1286//1286 1343//1343 1287//1287
f 1287//1287 1343//1343 1344//1344
f 1287//1287 1344//1344 1288//1288
f 1288//1288 1344//1344 1289//1289
f 1288//1288 1289//1289 1233//1233
f 1289//1289 1345//1345 1346//1346
f 1289//1289 1346//1346 1290//1290
f 1290//1290 1346//1346 1347//1347
f 1290//1290 1347//1347 1291//1291
f 1291//1291 1347//1347 1348//1348
f 1291//1291 1348//1348 1292//1292
f 1292//1292 1348//1348 1349//1349
f 1292//1292 1349//1349 1293//1293
f 1293//1293 1349//1349 1350//1350
f 1293//1293 1350//1350 1294//1294
f 1294//1294 1350//1350 1351//1351
f 1294//1294 1351//1351 1295//1295
f 1295//1295 1351//1351 1352//1352
f 1295//1295 1352//1352 1296//1296
f 1296//1296 1352//1352 1353//1353
f 1296//1296 1353//1353 1297//1297
f 1297//1297 1353//1353 1354//1354
f 1297//1297 1354//1354 1298//1298
f 1298//1298 1354//1354 1355//1355
f 1298//1298 1355//1355 1299//1299
f 1299//1299 1355//1355 1356//1356
f 1299//1299 1356//1356 1300//1300
f 1300//1300 1356//1356 1357//1357
f 1300//1300 1357//1357 1301//1301
f 1301//1301 1357//1357 1358//1358
f 1301//1301 1358//1358 1302//1302
f 1302//1302 1358//1358 1359//1359
f 1302//1302 1359//1359 1303//1303
f 1303//1303 1359//1359 1360//1360
f 1303//1303 1360//1360 1304//1304
f 1304//1304 1360//1360 1361//1361
f 1304//1304 1361//1361 1305//1305
f 1305//1305 1361//1361 1362//1362
f 1305//1305 1362//1362 1306//1306
f 1306//1306 1362//1362 1363//1363
f 1306//1306 1363//1363 1307//1307
f 1307//1307 1363//1363 1364//1364
f 1307//1307 1364//1364 1308//1308
f 1308//1308 1364//1364 1365//1365
f 1308//1308 1365//1365 1309//1309
f 1309//1309 1365//1365 1366//1366
f 1309//1309 1366//1366 1310//1310
f 1310//1310 1366//1366 1367//1367
f 1310//1310 1367//1367 1311//1311
f 1311//1311 1367//1367 1368//1368
f 1311//1311 1368//1368 1312//1312
f 1312//1312 1368//1368 1369//1369
f 1312//1312 1369//1369 1313//1313
f 1313//1313 1369//1369 1370//1370
f 1313//1313 1370//1370 1314//1314
f 1314//1314 1370//1370 1371//1371
f 1314//1314 1371//1371 1315//1315
f 1315//1315 1371//1371 1372//1372
f 1315//1315 1372//1372 1316//1316
f 1316//1316 1372//1372 1373//1373
f 1316//1316 1373//1373 1317//1317
f 1317//1317 1373//1373 1374//1374
f 1317//1317 1374//1374 1318//1318
f 1318//1318 1374//1374 1375//1375
f 1318//1318 1375//1375 1319//1319
f 1319//1319 1375//1375 1376//1376
f 1319//1319 1376//1376 1320//1320
f 1320//1320 1376//1376 1377//1377
f 1320//1320 1377//1377 1321//1321
f 1321//1321 1377//1377 1378//1378
f 1321//1321 1378//1378 1322//1322
f 1322//1322 1378//1378 1379//1379
f 1322//1322 1379//1379 1323//1323
f 1323//1323 1379//1379 1380//1380
f 1323//1323 1380//1380 1324//1324
f 1324//1324 1380//1380 1381//1381
f 1324//1324 1381//1381 1325//1325
f 1325//1325 1381//1381 1382//1382
f 1325//1325 1382//1382 1326//1326
f 1326//1326 1382//1382 1383//1383
f 1326//1326 1383//1383 1327//1327
f 1327//1327 1383//1383 1384//1384
f 1327//1327 1384//1384 1328//1328
f 1328//1328 1384//1384 1385//1385
f 1328//1328 1385//1385 1329//1329
f 1329//1329 1385//1385 1386//1386
f 1329//1329 1386//1386 1330//1330
f 1330//1330 1386//1386 1387//1387
f 1330//1330 1387//1387 1331//1331
f 1331//1331 1387//1387 1388//1388
f 1331//1331 1388//1388 1332//1332
f 1332//1332 1388//1388 1389//1389
f 1332//1332 1389//1389 1333//1333
f 1333//1333 1389//1389 1390//1390
f 1333//1333 1390//1390 1334//1334
f 1334//1334 1390//1390 1391//1391
f 1334//1334 1391//1391 1335//1335
f 1335//1335 1391//1391 1392//1392
f 1335//1335 1392//1392 1336//1336
f 1336//1336 1392//1392 1393//1393
f 1336//1336 1393//1393 1337//1337
f 1337//1337 1393//1393 1394//1394
f 1337//1337 1394//1394 1338//1338
f 1338//1338 1394//1394 1395//1395
f 1338//1338 1395//1395 1339//1339
f 1339//1339 1395//1395 1396//1396
f 1339//1339 1396//1396 1340//1340
f 1340//1340 1396//1396 1397//1397
f 1340//1340 1397//1397 1341//1341
f 1341//1341 1397//1397 1398//1398
f 1341//1341 1398//1398 1342//1342
f 1342//1342 1398//1398 1399//1399
f 1342//1342 1399//1399 1343//1343
f 1343//1343 1399//1399 1400//1400
f 1343//1343 1400//1400 1344//1344
f 1344//1344 1400//1400 1345//1345
f 1344//1344 1345//1345 1289//1289
f 1345//1345 1401//1401 1402//1402
f 1345//1345 1402//1402 1346//1346
f 1346//1346 1402//1402 1403//1403
f 1346//1346 1403//1403 1347//1347
f 1347//1347 1403//1403 1404//1404
f 1347//1347 1404//1404 1348//1348
f 1348//1348 1404//1404 1405//1405
f 1348//1348 1405//1405 1349//1349
f 1349//1349 1405//1405 1406//1406
f 1349//1349 1406//1406 1350//1350
f 1350//1350 1406//1406 1407//1407
f 1350//1350 1407//1407 1351//1351
f 1351//1351 1407//1407 1408//1408
f 1351//1351 1408//1408 1352//1352
f 1352//1352 1408//1408 1409//1409
f 1352//1352 1409//1409 1353//1353
f 1353//1353 1409//1409 1410//1410
f 1353//1353 1410//1410 1354//1354
f 1354//1354 1410//1410 1411//1411
f 1354//1354 1411//1411 1355//1355
f 1355//1355 1411//1411 1412//1412
f 1355//1355 1412//1412 1356//1356
f 1356//1356 1412//1412 1413//1413
f 1356//1356 1413//1413 1357//1357
f 1357//1357 1413//1413 1414//1414
f 1357//1357 1414//1414 1358//1358
f 1358//1358 1414//1414 1415//1415
f 1358//1358 1415//1415 1359//1359
f 1359//1359 1415//1415 1416//1416
f 1359//1359 1416//1416 1360//1360
f 1360//1360 1416//1416 1417//1417
f 1360//1360 1417//1417 1361//1361
f 1361//1361 1417//1417 1418//1418
f 1361//1361 1418//1418 1362//1362
f 1362//1362 1418//1418 1419//1419
f 1362//1362 1419//1419 1363//1363
f 1363//1363 1419//1419 1420//1420
f 1363//1363 1420//1420 1364//1364
f 1364//1364 1420//1420 1421//1421
f 1364//1364 1421//1421 1365//1365
f 1365//1365 1421//1421 1422//1422
f 1365//1365 1422//1422 1366//1366
f 1366//1366 1422//1422 1423//1423
f 1366//1366 1423//1423 1367//1367
f 1367//1367 1423//1423 1424//1424
f 1367//1367 1424//1424 1368//1368
f 1368//1368 1424//1424 1425//1425
f 1368//1368 1425//1425 1369//1369
f 1369//1369 1425//1425 1426//1426
f 1369//1369 1426//1426 1370//1370
f 1370//1370 1426//1426 1427//1427
f 1370//1370 1427//1427 1371//1371
f 1371//1371 1427//1427 1428//1428
f 1371//1371 1428//1428 1372//1372
f 1372//1372 1428//1428 1429//1429
f 1372//1372 1429//1429 1373//1373
f 1373//1373 1429//1429 1430//1430
f 1373//1373 1430//1430 1374//1374
f 1374//1374 1430//1430 1431//1431
f 1374//1374 1431//1431 1375//1375
f 1375//1375 1431//1431 1432//1432
f 1375//1375 1432//1432 1376//1376
f 1376//1376 1432//1432 1433//1433
f 1376//1376 1433//1433 1377//1377
f 1377//1377 1433//1433 1434//1434
f 1377//1377 1434//1434 1378//1378
f 1378//1378 1434//1434 1435//1435
f 1378//1378 1435//1435 1379//1379
f 1379//1379 1435//1435 1436//1436
f 1379//1379 1436//1436 1380//1380
f 1380//1380 1436//1436 1437//1437
f 1380//1380 1437//1437 1381//1381
f 1381//1381 1437//1437 1438//1438
f 1381//1381 1438//1438 1382//1382
f 1382//1382 1438//1438 1439//1439
f 1382//1382 1439//1439 1383//1383
f 1383//1383 1439//1439 1440//1440
f 1383//1383 1440//1440 1384//1384
f 1384//1384 1440//1440 1441//1441
f 1384//1384 1441//1441 1385//1385
f 1385//1385 1441//1441 1442//1442
f 1385//1385 1442//1442 1386//1386
f 1386//1386 1442//1442 1443//1443
f 1386//1386 1443//1443 1387//1387
f 1387//1387 1443//1443 1444//1444
f 1387//1387 1444//1444 1388//1388
f 1388//1388 1444//1444 1445//1445
f 1388//1388 1445//1445 1389//1389
f 1389//1389 1445//1445 1446//1446
f 1389//1389 1446//1446 1390//1390
f 1390//1390 1446//1446 1447//1447
f 1390//1390 1447//1447 1391//1391
f 1391//1391 1447//1447 1448//1448
f 1391//1391 1448//1448 1392//1392
f 1392//1392 1448//1448 1449//1449
f 1392//1392 1449//1449 1393//1393
f 1393//1393 1449//1449 1450//1450
f 1393//1393 1450//1450 1394//1394
f 1394//1394 1450//1450 1451//1451
f 1394//1394 1451//1451 1395//1395
f 1395//1395 1451//1451 1452//1452
f 1395//1395 1452//1452 1396//1396
f 1396//1396 1452//1452 1453//1453
f 1396//1396 1453//1453 1397//1397
f 1397//1397 1453//1453 1454//1454
f 1397//1397 1454//1454 1398//1398
f 1398//1398 1454//1454 1455//1455
f 1398//1398 1455//1455 1399//1399
f 1399//1399 1455//1455 1456//1456
f 1399//1399 1456//1456 1400//1400
f 1400//1400 1456//1456 1401//1401
f 1400//1400 1401//1401 1345//1345
f 1401//1401 1457//1457 1458//1458
f 1401//1401 1458//1458 1402//1402
f 1402//1402 1458//1458 1459//1459
f 1402//1402 1459//1459 1403//1403
f 1403//1403 1459//1459 1460//1460
f 1403//1403 1460//1460 1404//1404
f 1404//1404 1460//1460 1461//1461
f 1404//1404 1461//1461 1405//1405
f 1405//1405 1461//1461 1462//1462
f 1405//1405 1462//1462 1406//1406
f 1406//1406 1462//1462 1463//1463
f 1406//1406 1463//1463 1407//1407
f 1407//1407 1463//1463 1464//1464
f 1407//1407 1464//1464 1408//1408
f 1408//1408 1464//1464 1465//1465
f 1408//1408 1465//1465 1409//1409
f 1409//1409 1465//1465 1466//1466
f 1409//1409 1466//1466 1410//1410
f 1410//1410 1466//1466 1467//1467
f 1410//1410 1467//1467 1411//1411
f 1411//1411 1467//1467 1468//1468
f 1411//1411 1468//1468 1412//1412
f 1412//1412 1468//1468 1469//1469
f 1412//1412 1469//1469 1413//1413
f 1413//1413 1469//1469 1470//1470
f 1413//1413 1470//1470 1414//1414
f 1414//1414 1470//1470 1471//1471
f 1414//1414 1471//1471 1415//1415
f 1415//1415 1471//1471 1472//1472
f 1415//1415 1472//1472 1416//1416
f 1416//1416 1472//1472 1473//1473
f 1416//1416 1473//1473 1417//1417
f 1417//1417 1473//1473 1474//1474
f 1417//1417 1474//1474 1418//1418
f 1418//1418 1474//1474 1475//1475
f 1418//1418 1475//1475 1419//1419
f 1419//1419 1475//1475 1476//1476
f 1419//1419 1476//1476 1420//1420
f 1420//1420 1476//1476 1477//1477
f 1420//1420 1477//1477 1421//1421
f 1421//1421 1477//1477 1478//1478
f 1421//1421 1478//1478 1422//1422
f 1422//1422 1478//1478 1479//1479
f 1422//1422 1479//1479 1423//1423
f 1423//1423 1479//1479 1480//1480
f 1423//1423 1480//1480 1424//1424
f 1424//1424 1480//1480 1481//1481
f 1424//1424 1481//1481 1425//1425
f 1425//1425 1481//1481 1482//1482
f 1425//1425 1482//1482 1426//1426
f 1426//1426 1482//1482 1483//1483
f 1426//1426 1483//1483 1427//1427
f 1427//1427 1483//1483 1484//1484
f 1427//1427 1484//1484 1428//1428
f 1428//1428 1484//1484 1485//1485
f 1428//1428 1485//1485 1429//1429
f 1429//1429 1485//1485 1486//1486
f 1429//1429 1486//1486 1430//1430
f 1430//1430 1486//1486 1487//1487
f 1430//1430 1487//1487 1431//1431
f 1431//1431 1487//1487 1488//1488
f 1431//1431 1488//1488 1432//1432
f 1432//1432 1488//1488 1489//1489
f 1432//1432 1489//1489 1433//1433
f 1433//1433 1489//1489 1490//1490
f 1433//1433 1490//1490 1434//1434
f 1434//1434 1490//1490 1491//1491
f 1434//1434 1491//1491 1435//1435
f 1435//1435 1491//1491 1492//1492
f 1435//1435 1492//1492 1436//1436
f 1436//1436 1492//1492 1493//1493
f 1436//1436 1493//1493 1437//1437
f 1437//1437 1493//1493 1494//1494
f 1437//1437 1494//1494 1438//1438
f 1438//1438 1494//1494 1495//1495
f 1438//1438 1495//1495 1439//1439
f 1439//1439 1495//1495 1496//1496
f 1439//1439 1496//1496 1440//1440
f 1440//1440 1496//1496 1497//1497
f 1440//1440 1497//1497 1441//1441
f 1441//1441 1497//1497 1498//1498
f 1441//1441 1498//1498 1442//1442
f 1442//1442 1498//1498 1499//1499
f 1442//1442 1499//1499 1443//1443
f 1443//1443 1499//1499 1500//1500
f 1443//1443 1500//1500 1444//1444
f 1444//1444 1500//1500 1501//1501
f 1444//1444 1501//1501 1445//1445
f 1445//1445 1501//1501 1502//1502
f 1445//1445 1502//1502 1446//1446
f 1446//1446 1502//1502 1503//1503
f 1446//1446 1503//1503 1447//1447
f 1447//1447 1503//1503 1504//1504
f 1447//1447 1504//1504 1448//1448
f 1448//1448 1504//1504 1505//1505
f 1448//1448 1505//1505 1449//1449
f 1449//1449 1505//1505 1506//1506
f 1449//1449 1506//1506 1450//1450
f 1450//1450 1506//1506 1507//1507
f 1450//1450 1507//1507 1451//1451
f 1451//1451 1507//1507 1508//1508
f 1451//1451 1508//1508 1452//1452
f 1452//1452 1508//1508 1509//1509
f 1452//1452 1509//1509 1453//1453
f 1453//1453 1509//1509 1510//1510
f 1453//1453 1510//1510 1454//1454
f 1454//1454 1510//1510 1511//1511
f 1454//1454 1511//1511 1455//1455
f 1455//1455 1511//1511 1512//1512
f 1455//1455 1512//1512 1456//1456
f 1456//1456 1512//1512 1457//1457
f 1456//1456 1457//1457 1401//1401
f 1513//1513 1569//1569 1570//1570
f 1513//1513 1570//1570 1514//1514
f 1514//1514 1570//1570 1571//1571
f 1514//1514 1571//1571 1515//1515
f 1515//1515 1571//1571 1572//1572
f 1515//1515 1572//1572 1516//1516
f 1516//1516 1572//1572 1573//1573
f 1516//1516 1573//1573 1517//1517
f 1517//1517 1573//1573 1574//1574
f 1517//1517 1574//1574 1518//1518
f 1518//1518 1574//1574 1575//1575
f 1518//1518 1575//1575 1519//1519
f 1519//1519 1575//1575 1576//1576
f 1519//1519 1576//1576 1520//1520
f 1520//1520 1576//1576 1577//1577
f 1520//1520 1577//1577 1521//1521
f 1521//1521 1577//1577 1578//1578
f 1521//1521 1578//1578 1522//1522
f 1522//1522 1578//1578 1579//1579
f 1522//1522 1579//1579 1523//1523
f 1523//1523 1579//1579 1580//1580
f 1523//1523 1580//1580 1524//1524
f 1524//1524 1580//1580 1581//1581
f 1524//1524 1581//1581 1525//1525
f 1525//1525 1581//1581 1582//1582
f 1525//1525 1582//1582 1526//1526
f 1526//1526 1582//1582 1583//1583
f 1526//1526 1583//1583 1527//1527
f 1527//1527 1583//1583 1584//1584
f 1527//1527 1584//1584 1528//1528
f 1528//1528 1584//1584 1585//1585
f 1528//1528 1585//1585 1529//1529
f 1529//1529 1585//1585 1586//1586
f 1529//1529 1586//1586 1530//1530
f 1530//1530 1586//1586 1587//1587
f 1530//1530 1587//1587 1531//1531
f 1531//1531 1587//1587 1588//1588
f 1531//1531 1588//1588 1532//1532
f 1532//1532 1588//1588 1589//1589
f 1532//1532 1589//1589 1533//1533
f 1533//1533 1589//1589 1590//1590
f 1533//1533 1590//1590 1534//1534
f 1534//1534 1590//1590 1591//1591
f 1534//1534 1591//1591 1535//1535
f 1535//1535 1591//1591 1592//1592
f 1535//1535 1592//1592 1536//1536
f 1536//1536 1592//1592 1593//1593
f 1536//1536 1593//1593 1537//1537
f 1537//1537 1593//1593 1594//1594
f 1537//1537 1594//1594 1538//1538
f 1538//1538 1594//1594 1595//1595
f 1538//1538 1595//1595 1539//1539
f 1539//1539 1595//1595 1596//1596
f 1539//1539 1596//1596 1540//1540
f 1540//1540 1596//1596 1597//1597
f 1540//1540 1597//1597 1541//1541
f 1541//1541 1597//1597 1598//1598
f 1541//1541 1598//1598 1542//1542
f 1542//1542 1598//1598 1599//1599
f 1542//1542 1599//1599 1543//1543
f 1543//1543 1599//1599 1600//1600
f 1543//1543 1600//1600 1544//1544
f 1544//1544 1600//1600 1601//1601
f 1544//1544 1601//1601 1545//1545
f 1545//1545 1601//1601 1602//1602
f 1545//1545 1602//1602 1546//1546
f 1546//1546 1602//1602 1603//1603
f 1546//1546 1603//1603 1547//1547
f 1547//1547 1603//1603 1604//1604
f 1547//1547 1604//1604 1548//1548
f 1548//1548 1604//1604 1605//1605
f 1548//1548 1605//1605 1549//1549
f 1549//1549 1605//1605 1606//1606
f 1549//1549 1606//1606 1550//1550
f 1550//1550 1606//1606 1607//1607
f 1550//1550 1607//1607 1551//1551
f 1551//1551 1607//1607 1608//1608
f 1551//1551 1608//1608 1552//1552
f 1552//1552 1608//1608 1609//1609
f 1552//1552 1609//1609 1553//1553
f 1553//1553 1609//1609 1610//1610
f 1553//1553 1610//1610 1554//1554
f 1554//1554 1610//1610 1611//1611
f 1554//1554 1611//1611 1555//1555
f 1555//1555 1611//1611 1612//1612
f 1555//1555 1612//1612 1556//1556
f 1556//1556 1612//1612 1613//1613
f 1556//1556 1613//1613 1557//1557
f 1557//1557 1613//1613 1614//1614
f 1557//1557 1614//1614 1558//1558
f 1558//1558 1614//1614 1615//1615
f 1558//1558 1615//1615 1559//1559
f 1559//1559 1615//1615 1616//1616
f 1559//1559 1616//1616 1560//1560
f 1560//1560 1616//1616 1617//1617
f 1560//1560 1617//1617 1561//1561
f 1561//1561 1617//1617 1618//1618
f 1561//1561 1618//1618 1562//1562
f 1562//1562 1618//1618 1619//1619
f 1562//1562 1619//1619 1563//1563
f 1563//1563 1619//1619 1620//1620
f 1563//1563 1620//1620 1564//1564
f 1564//1564 1620//1620 1621//1621
f 1564//1564 1621//1621 1565//1565
f 1565//1565 1621//1621 1622//1622
f 1565//1565 1622//1622 1566//1566
f 1566//1566 1622//1622 1623//1623
f 1566//1566 1623//1623 1567//1567
f 1567//1567 1623//1623 1624//1624
f 1567//1567 1624//1624 1568//1568
f 1568//1568 1624//1624 1569//1569
f 1568//1568 1569//1569 1513//1513
f 1569//1569 1625//1625 1626//1626
f 1569//1569 1626//1626 1570//1570
f 1570//1570 1626//1626 1627//1627
f 1570//1570 1627//1627 1571//1571
f 1571//1571 1627//1627 1628//1628
f 1571//1571 1628//1628 1572//1572
f 1572//1572 1628//1628 1629//1629
f 1572//1572 1629//1629 1573//1573
f 1573//1573 1629//1629 1630//1630
f 1573//1573 1630//1630 1574//1574
f 1574//1574 1630//1630 1631//1631
f 1574//1574 1631//1631 1575//1575
f 1575//1575 1631//1631 1632//1632
f 1575//1575 1632//1632 1576//1576
f 1576//1576 1632//1632 1633//1633
f 1576//1576 1633//1633 1577//1577
f 1577//1577 1633//1633 1634//1634
f 1577//1577 1634//1634 1578//1578
f 1578//1578 1634//1634 1635//1635
f 1578//1578 1635//1635 1579//1579
f 1579//1579 1635//1635 1636//1636
f 1579//1579 1636//1636 1580//1580
f 1580//1580 1636//1636 1637//1637
f 1580//1580 1637//1637 1581//1581
f 1581//1581 1637//1637 1638//1638
f 1581//1581 1638//1638 1582//1582
f 1582//1582 1638//1638 1639//1639
f 1582//1582 1639//1639 1583//1583
f 1583//1583 1639//1639 1640//1640
f 1583//1583 1640//1640 1584//1584
f 1584//1584 1640//1640 1641//1641
f 1584//1584 1641//1641 1585//1585
f 1585//1585 1641//1641 1642//1642
f 1585//1585 1642//1642 1586//1586
f 1586//1586 1642//1642 1643//1643
f 1586//1586 1643//1643 1587//1587
f 1587//1587 1643//1643 1644//1644
f 1587//1587 1644//1644 1588//1588
f 1588//1588 1644//1644 1645//1645
f 1588//1588 1645//1645 1589//1589
f 1589//1589 1645//1645 1646//1646
f 1589//1589 1646//1646 1590//1590
f 1590//1590 1646//1646 1647//1647
f 1590//1590 1647//1647 1591//1591
f 1591//1591 1647//1647 1648//1648
f 1591//1591 1648//1648 1592//1592
f 1592//1592 1648//1648 1649//1649
f 1592//1592 1649//1649 1593//1593
f 1593//1593 1649//1649 1650//1650
f 1593//1593 1650//1650 1594//1594
f 1594//1594 1650//1650 1651//1651
f 1594//1594 1651//1651 1595//1595
f 1595//1595 1651//1651 1652//1652
f 1595//1595 1652//1652 1596//1596
f 1596//1596 1652//1652 1653//1653
f 1596//1596 1653//1653 1597//1597
f 1597//1597 1653//1653 1654//1654
f 1597//1597 1654//1654 1598//1598
f 1598//1598 1654//1654 1655//1655
f 1598//1598 1655//1655 1599//1599
f 1599//1599 1655//1655 1656//1656
f 1599//1599 1656//1656 1600//1600
f 1600//1600 1656//1656 1657//1657
f 1600//1600 1657//1657 1601//1601
f 1601//1601 1657//1657 1658//1658
f 1601//1601 1658//1658 1602//1602
f 1602//1602 1658//1658 1659//1659
f 1602//1602 1659//1659 1603//1603
f 1603//1603 1659//1659 1660//1660
f 1603//1603 1660//1660 1604//1604
f 1604//1604 1660//1660 1661//1661
f 1604//1604 1661//1661 1605//1605
f 1605//1605 1661//1661 1662//1662
f 1605//1605 1662//1662 1606//1606
f 1606//1606 1662//1662 1663//1663
f 1606//1606 1663//1663 1607//1607
f 1607//1607 1663//1663 1664//1664
f 1607//1607 1664//1664 1608//1608
f 1608//1608 1664//1664 1665//1665
f 1608//1608 1665//1665 1609//1609
f 1609//1609 1665//1665 1666//1666
f 1609//1609 1666//1666 1610//1610
f 1610//1610 1666//1666 1667//1667
f 1610//1610 1667//1667 1611//1611
f 1611//1611 1667//1667 1668//1668
f 1611//1611 1668//1668 1612//1612
f 1612//1612 1668//1668 1669//1669
f 1612//1612 1669//1669 1613//1613
f 1613//1613 1669//1669 1670//1670
f 1613//1613 1670//1670 1614//1614
f 1614//1614 1670//1670 1671//1671
f 1614//1614 1671//1671 1615//1615
f 1615//1615 1671//1671 1672//1672
f 1615//1615 1672//1672 1616//1616
f 1616//1616 1672//1672 1673//1673
f 1616//1616 1673//1673 1617//1617
f 1617//1617 1673//1673 1674//1674
f 1617//1617 1674//1674 1618//1618
f 1618//1618 1674//1674 1675//1675
f 1618//1618 1675//1675 1619//1619
f 1619//1619 1675//1675 1676//1676
f 1619//1619 1676//1676 1620//1620
f 1620//1620 1676//1676 1677//1677
f 1620//1620 1677//1677 1621//1621
f 1621//1621 1677//1677 1678//1678
f 1621//1621 1678//1678 1622//1622
f 1622//1622 1678//1678 1679//1679
f 1622//1622 1679//1679 1623//1623
f 1623//1623 1679//1679 1680//1680
f 1623//1623 1680//1680 1624//1624
f 1624//1624 1680//1680 1625//1625
f 1624//1624 1625//1625 1569//1569
f 1625//1625 1681//1681 1682//1682
f 1625//1625 1682//1682 1626//1626
f 1626//1626 1682//1682 1683//1683
f 1626//1626 1683//1683 1627//1627
f 1627//1627 1683//1683 1684//1684
f 1627//1627 1684//1684 1628//1628
f 1628//1628 1684//1684 1685//1685
f 1628//1628 1685//1685 1629//1629
f 1629//1629 1685//1685 1686//1686
f 1629//1629 1686//1686 1630//1630
f 1630//1630 1686//1686 1687//1687
f 1630//1630 1687//1687 1631//1631
f 1631//1631 1687//1687 1688//1688
f 1631//1631 1688//1688 1632//1632
f 1632//1632 1688//1688 1689//1689
f 1632//1632 1689//1689 1633//1633
f 1633//1633 1689//1689 1690//1690
f 1633//1633 1690//1690 1634//1634
f 1634//1634 1690//1690 1691//1691
f 1634//1634 1691//1691 1635//1635
f 1635//1635 1691//1691 1692//1692
f 1635//1635 1692//1692 1636//1636
f 1636//1636 1692//1692 1693//1693
f 1636//1636 1693//1693 1637//1637
f 1637//1637 1693//1693 1694//1694
f 1637//1637 1694//1694 1638//1638
f 1638//1638 1694//1694 1695//1695
f 1638//1638 1695//1695 1639//1639
f 1639//1639 1695//1695 1696//1696
f 1639//1639 1696//1696 1640//1640
f 1640//1640 1696//1696 1697//1697
f 1640//1640 1697//1697 1641//1641
f 1641//1641 1697//1697 1698//1698
f 1641//1641 1698//1698 1642//1642
f 1642//1642 1698//1698 1699//1699
f 1642//1642 1699//1699 1643//1643
f 1643//1643 1699//1699 1700//1700
f 1643//1643 1700//1700 1644//1644
f 1644//1644 1700//1700 1701//1701
f 1644//1644 1701//1701 1645//1645
f 1645//1645 1701//1701 1702//1702
f 1645//1645 1702//1702 1646//1646
f 1646//1646 1702//1702 1703//1703
f 1646//1646 1703//1703 1647//1647
f 1647//1647 1703//1703 1704//1704
f 1647//1647 1704//1704 1648//1648
f 1648//1648 1704//1704 1705//1705
f 1648//1648 1705//1705 1649//1649
f 1649//1649 1705//1705 1706//1706
f 1649//1649 1706//1706 1650//1650
f 1650//1650 1706//1706 1707//1707
f 1650//1650 1707//1707 1651//1651
f 1651//1651 1707//1707 1708//1708
f 1651//1651 1708//1708 1652//1652
f 1652//1652 1708//1708 1709//1709
f 1652//1652 1709//1709 1653//1653
f 1653//1653 1709//1709 1710//1710
f 1653//1653 1710//1710 1654//1654
f 1654//1654 1710//1710 1711//1711
f 1654//1654 1711//1711 1655//1655
f 1655//1655 1711//1711 1712//1712
f 1655//1655 1712//1712 1656//1656
f 1656//1656 1712//1712 1713//1713
f 1656//1656 1713//1713 1657//1657
f 1657//1657 1713//1713 1714//1714
f 1657//1657 1714//1714 1658//1658
f 1658//1658 1714//1714 1715//1715
f 1658//1658 1715//1715 1659//1659
f 1659//1659 1715//1715 1716//1716
f 1659//1659 1716//1716 1660//1660
f 1660//1660 1716//1716 1717//1717
f 1660//1660 1717//1717 1661//1661
f 1661//1661 1717//1717 1718//1718
f 1661//1661 1718//1718 1662//1662
f 1662//1662 1718//1718 1719//1719
f 1662//1662 1719//1719 1663//1663
f 1663//1663 1719//1719 1720//1720
f 1663//1663 1720//1720 1664//1664
f 1664//1664 1720//1720 1721//1721
f 1664//1664 1721//1721 1665//1665
f 1665//1665 1721//1721 1722//1722
f 1665//1665 1722//1722 1666//1666
f 1666//1666 1722//1722 1723//1723
f 1666//1666 1723//1723 1667//1667
f 1667//1667 1723//1723 1724//1724
f 1667//1667 1724//1724 1668//1668
f 1668//1668 1724//1724 1725//1725
f 1668//1668 1725//1725 1669//1669
f 1669//1669 1725//1725 1726//1726
f 1669//1669 1726//1726 1670//1670
f 1670//1670 1726//1726 1727//1727
f 1670//1670 1727//1727 1671//1671
f 1671//1671 1727//1727 1728//1728
f 1671//1671 1728//1728 1672//1672
f 1672//1672 1728//1728 1729//1729
f 1672//1672 1729//1729 1673//1673
f 1673//1673 1729//1729 1730//1730
f 1673//1673 1730//1730 1674//1674
f 1674//1674 1730//1730 1731//1731
f 1674//1674 1731//1731 1675//1675
f 1675//1675 1731//1731 1732//1732
f 1675//1675 1732//1732 1676//1676
f 1676//1676 1732//1732 1733//1733
f 1676//1676 1733//1733 1677//1677
f 1677//1677 1733//1733 1734//1734
f 1677//1677 1734//1734 1678//1678
f 1678//1678 1734//1734 1735//1735
f 1678//1678 1735//1735 1679//1679
f 1679//1679 1735//1735 1736//1736
f 1679//1679 1736//1736 1680//1680
f 1680//1680 1736//1736 1681//1681
f 1680//1680 1681//1681 1625//1625
f 1681//1681 1737//1737 1738//1738
f 1681//1681 1738//1738 1682//1682
f 1682//1682 1738//1738 1739//1739
f 1682//1682 1739//1739 1683//1683
f 1683//1683 1739//1739 1740//1740
f 1683//1683 1740//1740 1684//1684
f 1684//1684 1740//1740 1741//1741
f 1684//1684 1741//1741 1685//1685
f 1685//1685 1741//1741 1742//1742
f 1685//1685 1742//1742 1686//1686
f 1686//1686 1742//1742 1743//1743
f 1686//1686 1743//1743 1687//1687
f 1687//1687 1743//1743 1744//1744
f 1687//1687 1744//1744 1688//1688
f 1688//1688 1744//1744 1745//1745
f 1688//1688 1745//1745 1689//1689
f 1689//1689 1745//1745 1746//1746
f 1689//1689 1746//1746 1690//1690
f 1690//1690 1746//1746 1747//1747
f 1690//1690 1747//1747 1691//1691
f 1691//1691 1747//1747 1748//1748
f 1691//1691 1748//1748 1692//1692
f 1692//1692 1748//1748 1749//1749
f 1692//1692 1749//1749 1693//1693
f 1693//1693 1749//1749 1750//1750
f 1693//1693 1750//1750 1694//1694
f 1694//1694 1750//1750 1751//1751
f 1694//1694 1751//1751 1695//1695
f 1695//1695 1751//1751 1752//1752
f 1695//1695 1752//1752 1696//1696
f 1696//1696 1752//1752 1753//1753
f 1696//1696 1753//1753 1697//1697
f 1697//1697 1753//1753 1754//1754
f 1697//1697 1754//1754 1698//1698
f 1698//1698 1754//1754 1755//1755
f 1698//1698 1755//1755 1699//1699
f 1699//1699 1755//1755 1756//1756
f 1699//1699 1756//1756 1700//1700
f 1700//1700 1756//1756 1757//1757
f 1700//1700 1757//1757 1701//1701
f 1701//1701 1757//1757 1758//1758
f 1701//1701 1758//1758 1702//1702
f 1702//1702 1758//1758 1759//1759
f 1702//1702 1759//1759 1703//1703
f 1703//1703 1759//1759 1760//1760
f 1703//1703 1760//1760 1704//1704
f 1704//1704 1760//1760 1761//1761
f 1704//1704 1761//1761 1705//1705
f 1705//1705 1761//1761 1762//1762
f 1705//1705 1762//1762 1706//1706
f 1706//1706 1762//1762 1763//1763
f 1706//1706 1763//1763 1707//1707
f 1707//1707 1763//1763 1764//1764
f 1707//1707 1764//1764 1708//1708
f 1708//1708 1764//1764 1765//1765
f 1708//1708 1765//1765 1709//1709
f 1709//1709 1765//1765 1766//1766
f 1709//1709 1766//1766 1710//1710
f 1710//1710 1766//1766 1767//1767
f 1710//1710 1767//1767 1711//1711
f 1711//1711 1767//1767 1768//1768
f 1711//1711 1768//1768 1712//1712
f 1712//1712 1768//1768 1769//1769
f 1712//1712 1769//1769 1713//1713
f 1713//1713 1769//1769 1770//1770
f 1713//1713 1770//1770 1714//1714
f 1714//1714 1770//1770 1771//1771
f 1714//1714 1771//1771 1715//1715
f 1715//1715 1771//1771 1772//1772
f 1715//1715 1772//1772 1716//1716
f 1716//1716 1772//1772 1773//1773
f 1716//1716 1773//1773 1717//1717
f 1717//1717 1773//1773 1774//1774
f 1717//1717 1774//1774 1718//1718
f 1718//1718 1774//1774 1775//1775
f 1718//1718 1775//1775 1719//1719
f 1719//1719 1775//1775 1776//1776
f 1719//1719 1776//1776 1720//1720
f 1720//1720 1776//1776 1777//1777
f 1720//1720 1777//1777 1721//1721
f 1721//1721 1777//1777 1778//1778
f 1721//1721 1778//1778 1722//1722
f 1722//1722 1778//1778 1779//1779
f 1722//1722 1779//1779 1723//1723
f 1723//1723 1779//1779 1780//1780
f 1723//1723 1780//1780 1724//1724
f 1724//1724 1780//1780 1781//1781
f 1724//1724 1781//1781 1725//1725
f 1725//1725 1781//1781 1782//1782
f 1725//1725 1782//1782 1726//1726
f 1726//1726 1782//1782 1783//1783
f 1726//1726 1783//1783 1727//1727
f 1727//1727 1783//1783 1784//1784
f 1727//1727 1784//1784 1728//1728
f 1728//1728 1784//1784 1785//1785
f 1728//1728 1785//1785 1729//1729
f 1729//1729 1785//1785 1786//1786
f 1729//1729 1786//1786 1730//1730
f 1730//1730 1786//1786 1787//1787
f 1730//1730 1787//1787 1731//1731
f 1731//1731 1787//1787 1788//1788
f 1731//1731 1788//1788 1732//1732
f 1732//1732 1788//1788 1789//1789
f 1732//1732 1789//1789 1733//1733
f 1733//1733 1789//1789 1790//1790
f 1733//1733 1790//1790 1734//1734
f 1734//1734 1790//1790 1791//1791
f 1734//1734 1791//1791 1735//1735
f 1735//1735 1791//1791 1792//1792
f 1735//1735 1792//1792 1736//1736
f 1736//1736 1792//1792 1737//1737
f 1736//1736 1737//1737 1681//1681
f 1737//1737 1793//1793 1794//1794
f 1737//1737 1794//1794 1738//1738
f 1738//1738 1794//1794 1795//1795
f 1738//1738 1795//1795 1739//1739
f 1739//1739 1795//1795 1796//1796
f 1739//1739 1796//1796 1740//1740
f 1740//1740 1796//1796 1797//1797
f 1740//1740 1797//1797 1741//1741
f 1741//1741 1797//1797 1798//1798
f 1741//1741 1798//1798 1742//1742
f 1742//1742 1798//1798 1799//1799
f 1742//1742 1799//1799 1743//1743
f 1743//1743 1799//1799 1800//1800
f 1743//1743 1800//1800 1744//1744
f 1744//1744 1800//1800 1801//1801
f 1744//1744 1801//1801 1745//1745
f 1745//1745 1801//1801 1802//1802
f 1745//1745 1802//1802 1746//1746
f 1746//1746 1802//1802 1803//1803
f 1746//1746 1803//1803 1747//1747
f 1747//1747 1803//1803 1804//1804
f 1747//1747 1804//1804 1748//1748
f 1748//1748 1804//1804 1805//1805
f 1748//1748 1805//1805 1749//1749
f 1749//1749 1805//1805 1806//1806
f 1749//1749 1806//1806 1750//1750
f 1750//1750 1806//1806 1807//1807
f 1750//1750 1807//1807 1751//1751
f 1751//1751 1807//1807 1808//1808
f 1751//1751 1808//1808 1752//1752
f 1752//1752 1808//1808 1809//1809
f 1752//1752 1809//1809 1753//1753
f 1753//1753 1809//1809 1810//1810
f 1753//1753 1810//1810 1754//1754
f 1754//1754 1810//1810 1811//1811
f 1754//1754 1811//1811 1755//1755
f 1755//1755 1811//1811 1812//1812
f 1755//1755 1812//1812 1756//1756
f 1756//1756 1812//1812 1813//1813
f 1756//1756 1813//1813 1757//1757
f 1757//1757 1813//1813 1814//1814
f 1757//1757 1814//1814 1758//1758
f 1758//1758 1814//1814 1815//1815
f 1758//1758 1815//1815 1759//1759
f 1759//1759 1815//1815 1816//1816
f 1759//1759 1816//1816 1760//1760
f 1760//1760 1816//1816 1817//1817
f 1760//1760 1817//1817 1761//1761
f 1761//1761 1817//1817 1818//1818
f 1761//1761 1818//1818 1762//1762
f 1762//1762 1818//1818 1819//1819
f 1762//1762 1819//1819 1763//1763
f 1763//1763 1819//1819 1820//1820
f 1763//1763 1820//1820 1764//1764
f 1764//1764 1820//1820 1821//1821
f 1764//1764 1821//1821 1765//1765
f 1765//1765 1821//1821 1822//1822
f 1765//1765 1822//1822 1766//1766
f 1766//1766 1822//1822 1823//1823
f 1766//1766 1823//1823 1767//1767
f 1767//1767 1823//1823 1824//1824
f 1767//1767 1824//1824 1768//1768
f 1768//1768 1824//1824 1825//1825
f 1768//1768 1825//1825 1769//1769
f 1769//1769 1825//1825 1826//1826
f 1769//1769 1826//1826 1770//1770
f 1770//1770 1826//1826 1827//1827
f 1770//1770 1827//1827 1771//1771
f 1771//1771 1827//1827 1828//1828
f 1771//1771 1828//1828 1772//1772
f 1772//1772 1828//1828 1829//1829
f 1772//1772 1829//1829 1773//1773
f 1773//1773 1829//1829 1830//1830
f 1773//1773 1830//1830 1774//1774
f 1774//1774 1830//1830 1831//1831
f 1774//1774 1831//1831 1775//1775
f 1775//1775 1831//1831 1832//1832
f 1775//1775 1832//1832 1776//1776
f 1776//1776 1832//1832 1833//1833
f 1776//1776 1833//1833 1777//1777
f 1777//1777 1833//1833 1834//1834
f 1777//1777 1834//1834 1778//1778
f 1778//1778 1834//1834 1835//1835
f 1778//1778 1835//1835 1779//1779
f 1779//1779 1835//1835 1836//1836
f 1779//1779 1836//1836 1780//1780
f 1780//1780 1836//1836 1837//1837
f 1780//1780 1837//1837 1781//1781
f 1781//1781 1837//1837 1838//1838
f 1781//1781 1838//1838 1782//1782
f 1782//1782 1838//1838 1839//1839
f 1782//1782 1839//1839 1783//1783
f 1783//1783 1839//1839 1840//1840
f 1783//1783 1840//1840 1784//1784
f 1784//1784 1840//1840 1841//1841
f 1784//1784 1841//1841 1785//1785
f 1785//1785 1841//1841 1842//1842
f 1785//1785 1842//1842 1786//1786
f 1786//1786 1842//1842 1843//1843
f 1786//1786 1843//1843 1787//1787
f 1787//1787 1843//1843 1844//1844
f 1787//1787 1844//1844 1788//1788
f 1788//1788 1844//1844 1845//1845
f 1788//1788 1845//1845 1789//1789
f 1789//1789 1845//1845 1846//1846
f 1789//1789 1846//1846 1790//1790
f 1790//1790 1846//1846 1847//1847
f 1790//1790 1847//1847 1791//1791
f 1791//1791 1847//1847 1848//1848
f 1791//1791 1848//1848 1792//1792
f 1792//1792 1848//1848 1793//1793
f 1792//1792 1793//1793 1737//1737
f 1793//1793 1849//1849 1850//1850
f 1793//1793 1850//1850 1794//1794
f 1794//1794 1850//1850 1851//1851
f 1794//1794 1851//1851 1795//1795
f 1795//1795 1851//1851 1852//1852
f 1795//1795 1852//1852 1796//1796
f 1796//1796 1852//1852 1853//1853
f 1796//1796 1853//1853 1797//1797
f 1797//1797 1853//1853 1854//1854
f 1797//1797 1854//1854 1798//1798
f 1798//1798 1854//1854 1855//1855
f 1798//1798 1855//1855 1799//1799
f 1799//1799 1855//1855 1856//1856
f 1799//1799 1856//1856 1800//1800
f 1800//1800 1856//1856 1857//1857
f 1800//1800 1857//1857 1801//1801
f 1801//1801 1857//1857 1858//1858
f 1801//1801 1858//1858 1802//1802
f 1802//1802 1858//1858 1859//1859
f 1802//1802 1859//1859 1803//1803
f 1803//1803 1859//1859 1860//1860
f 1803//1803 1860//1860 1804//1804
f 1804//1804 1860//1860 1861//1861
f 1804//1804 1861//1861 1805//1805
f 1805//1805 1861//1861 1862//1862
f 1805//1805 1862//1862 1806//1806
f 1806//1806 1862//1862 1863//1863
f 1806//1806 1863//1863 1807//1807
f 1807//1807 1863//1863 1864//1864
f 1807//1807 1864//1864 1808//1808
f 1808//1808 1864//1864 1865//1865
f 1808//1808 1865//1865 1809//1809
f 1809//1809 1865//1865 1866//1866
f 1809//1809 1866//1866 1810//1810
f 1810//1810 1866//1866 1867//1867
f 1810//1810 1867//1867 1811//1811
f 1811//1811 1867//1867 1868//1868
f 1811//1811 1868//1868 1812//1812
f 1812//1812 1868//1868 1869//1869
f 1812//1812 1869//1869 1813//1813
f 1813//1813 1869//1869 1870//1870
f 1813//1813 1870//1870 1814//1814
f 1814//1814 1870//1870 1871//1871
f 1814//1814 1871//1871 1815//1815
f 1815//1815 1871//1871 1872//1872
f 1815//1815 1872//1872 1816//1816
f 1816//1816 1872//1872 1873//1873
f 1816//1816 1873//1873 1817//1817
f 1817//1817 1873//1873 1874//1874
f 1817//1817 1874//1874 1818//1818
f 1818//1818 1874//1874 1875//1875
f 1818//1818 1875//1875 1819//1819
f 1819//1819 1875//1875 1876//1876
f 1819//1819 1876//1876 1820//1820
f 1820//1820 1876//1876 1877//1877
f 1820//1820 1877//1877 1821//1821
f 1821//1821 1877//1877 1878//1878
f 1821//1821 1878//1878 1822//1822
f 1822//1822 1878//1878 1879//1879
f 1822//1822 1879//1879 1823//1823
f 1823//1823 1879//1879 1880//1880
f 1823//1823 1880//1880 1824//1824
f 1824//1824 1880//1880 1881//1881
f 1824//1824 1881//1881 1825//1825
f 1825//1825 1881//1881 1882//1882
f 1825//1825 1882//1882 1826//1826
f 1826//1826 1882//1882 1883//1883
f 1826//1826 1883//1883 1827//1827
f 1827//1827 1883//1883 1884//1884
f 1827//1827 1884//1884 1828//1828
f 1828//1828 1884//1884 1885//1885
f 1828//1828 1885//1885 1829//1829
f 1829//1829 1885//1885 1886//1886
f 1829//1829 1886//1886 1830//1830
f 1830//1830 1886//1886 1887//1887
f 1830//1830 1887//1887 1831//1831
f 1831//1831 1887//1887 1888//1888
f 1831//1831 1888//1888 1832//1832
f 1832//1832 1888//1888 1889//1889
f 1832//1832 1889//1889 1833//1833
f 1833//1833 1889//1889 1890//1890
f 1833//1833 1890//1890 1834//1834
f 1834//1834 1890//1890 1891//1891
f 1834//1834 1891//1891 1835//1835
f 1835//1835 1891//1891 1892//1892
f 1835//1835 1892//1892 1836//1836
f 1836//1836 1892//1892 1893//1893
f 1836//1836 1893//1893 1837//1837
f 1837//1837 1893//1893 1894//1894
f 1837//1837 1894//1894 1838//1838
f 1838//1838 1894//1894 1895//1895
f 1838//1838 1895//1895 1839//1839
f 1839//1839 1895//1895 1896//1896
f 1839//1839 1896//1896 1840//1840
f 1840//1840 1896//1896 1897//1897
f 1840//1840 1897//1897 1841//1841
f 1841//1841 1897//1897 1898//1898
f 1841//1841 1898//1898 1842//1842
f 1842//1842 1898//1898 1899//1899
f 1842//1842 1899//1899 1843//1843
f 1843//1843 1899//1899 1900//1900
f 1843//1843 1900//1900 1844//1844
f 1844//1844 1900//1900 1901//1901
f 1844//1844 1901//1901 1845//1845
f 1845//1845 1901//1901 1902//1902
f 1845//1845 1902//1902 1846//1846
f 1846//1846 1902//1902 1903//1903
f 1846//1846 1903//1903 1847//1847
f 1847//1847 1903//1903 1904//1904
f 1847//1847 1904//1904 1848//1848
f 1848//1848 1904//1904 1849//1849
f 1848//1848 1849//1849 1793//1793
f 1849//1849 1905//1905 1906//1906
f 1849//1849 1906//1906 1850//1850
f 1850//1850 1906//1906 1907//1907
f 1850//1850 1907//1907 1851//1851
f 1851//1851 1907//1907 1908//1908
f 1851//1851 1908//1908 1852//1852
f 1852//1852 1908//1908 1909//1909
f 1852//1852 1909//1909 1853//1853
f 1853//1853 1909//1909 1910//1910
f 1853//1853 1910//1910 1854//1854
f 1854//1854 1910//1910 1911//1911
f 1854//1854 1911//1911 1855//1855
f 1855//1855 1911//1911 1912//1912
f 1855//1855 1912//1912 1856//1856
f 1856//1856 1912//1912 1913//1913
f 1856//1856 1913//1913 1857//1857
f 1857//1857 1913//1913 1914//1914
f 1857//1857 1914//1914 1858//1858
f 1858//1858 1914//1914 1915//1915
f 1858//1858 1915//1915 1859//1859
f 1859//1859 1915//1915 1916//1916
f 1859//1859 1916//1916 1860//1860
f 1860//1860 1916//1916 1917//1917
f 1860//1860 1917//1917 1861//1861
f 1861//1861 1917//1917 1918//1918
f 1861//1861 1918//1918 1862//1862
f 1862//1862 1918//1918 1919//1919
f 1862//1862 1919//1919 1863//1863
f 1863//1863 1919//1919 1920//1920
f 1863//1863 1920//1920 1864//1864
f 1864//1864 1920//1920 1921//1921
f 1864//1864 1921//1921 1865//1865
f 1865//1865 1921//1921 1922//1922
f 1865//1865 1922//1922 1866//1866
f 1866//1866 1922//1922 1923//1923
f 1866//1866 1923//1923 1867//1867
f 1867//1867 1923//1923 1924//1924
f 1867//1867 1924//1924 1868//1868
f 1868//1868 1924//1924 1925//1925
f 1868//1868 1925//1925 1869//1869
f 1869//1869 1925//1925 1926//1926
f 1869//1869 1926//1926 1870//1870
f 1870//1870 1926//1926 1927//1927
f 1870//1870 1927//1927 1871//1871
f 1871//1871 1927//1927 1928//1928
f 1871//1871 1928//1928 1872//1872
f 1872//1872 1928//1928 1929//1929
f 1872//1872 1929//1929 1873//1873
f 1873//1873 1929//1929 1930//1930
f 1873//1873 1930//1930 1874//1874
f 1874//1874 1930//1930 1931//1931
f 1874//1874 1931//1931 1875//1875
f 1875//1875 1931//1931 1932//1932
f 1875//1875 1932//1932 1876//1876
f 1876//1876 1932//1932 1933//1933
f 1876//1876 1933//1933 1877//1877
f 1877//1877 1933//1933 1934//1934
f 1877//1877 1934//1934 1878//1878
f 1878//1878 1934//1934 1935//1935
f 1878//1878 1935//1935 1879//1879
f 1879//1879 1935//1935 1936//1936
f 1879//1879 1936//1936 1880//1880
f 1880//1880 1936//1936 1937//1937
f 1880//1880 1937//1937 1881//1881
f 1881//1881 1937//1937 1938//1938
f 1881//1881 1938//1938 1882//1882
f 1882//1882 1938//1938 1939//1939
f 1882//1882 1939//1939 1883//1883
f 1883//1883 1939//1939 1940//1940
f 1883//1883 1940//1940 1884//1884
f 1884//1884 1940//1940 1941//1941
f 1884//1884 1941//1941 1885//1885
f 1885//1885 1941//1941 1942//1942
f 1885//1885 1942//1942 1886//1886
f 1886//1886 1942//1942 1943//1943
f 1886//1886 1943//1943 1887//1887
f 1887//1887 1943//1943 1944//1944
f 1887//1887 1944//1944 1888//1888
f 1888//1888 1944//1944 1945//1945
f 1888//1888 1945//1945 1889//1889
f 1889//1889 1945//1945 1946//1946
f 1889//1889 1946//1946 1890//1890
f 1890//1890 1946//1946 1947//1947
f 1890//1890 1947//1947 1891//1891
f 1891//1891 1947//1947 1948//1948
f 1891//1891 1948//1948 1892//1892
f 1892//1892 1948//1948 1949//1949
f 1892//1892 1949//1949 1893//1893
f 1893//1893 1949//1949 1950//1950
f 1893//1893 1950//1950 1894//1894
f 1894//1894 1950//1950 1951//1951
f 1894//1894 1951//1951 1895//1895
f 1895//1895 1951//1951 1952//1952
f 1895//1895 1952//1952 1896//1896
f 1896//1896 1952//1952 1953//1953
f 1896//1896 1953//1953 1897//1897
f 1897//1897 1953//1953 1954//1954
f 1897//1897 1954//1954 1898//1898
f 1898//1898 1954//1954 1955//1955
f 1898//1898 1955//1955 1899//1899
f 1899//1899 1955//1955 1956//1956
f 1899//1899 1956//1956 1900//1900
f 1900//1900 1956//1956 1957//1957
f 1900//1900 1957//1957 1901//1901
f 1901//1901 1957//1957 1958//1958
f 1901//1901 1958//1958 1902//1902
f 1902//1902 1958//1958 1959//1959
f 1902//1902 1959//1959 1903//1903
f 1903//1903 1959//1959 1960//1960
f 1903//1903 1960//1960 1904//1904
f 1904//1904 1960//1960 1905//1905
f 1904//1904 1905//1905 1849//1849
f 1905//1905 1961//1961 1962//1962
f 1905//1905 1962//1962 1906//1906
f 1906//1906 1962//1962 1963//1963
f 1906//1906 1963//1963 1907//1907
f 1907//1907 1963//1963 1964//1964
f 1907//1907 1964//1964 1908//1908
f 1908//1908 1964//1964 1965//1965
f 1908//1908 1965//1965 1909//1909
f 1909//1909 1965//1965 1966//1966
f 1909//1909 1966//1966 1910//1910
f 1910//1910 1966//1966 1967//1967
f 1910//1910 1967//1967 1911//1911
f 1911//1911 1967//1967 1968//1968
f 1911//1911 1968//1968 1912//1912
f 1912//1912 1968//1968 1969//1969
f 1912//1912 1969//1969 1913//1913
f 1913//1913 1969//1969 1970//1970
f 1913//1913 1970//1970 1914//1914
f 1914//1914 1970//1970 1971//1971
f 1914//1914 1971//1971 1915//1915
f 1915//1915 1971//1971 1972//1972
f 1915//1915 1972//1972 1916//1916
f 1916//1916 1972//1972 1973//1973
f 1916//1916 1973//1973 1917//1917
f 1917//1917 1973//1973 1974//1974
f 1917//1917 1974//1974 1918//1918
f 1918//1918 1974//1974 1975//1975
f 1918//1918 1975//1975 1919//1919
f 1919//1919 1975//1975 1976//1976
f 1919//1919 1976//1976 1920//1920
f 1920//1920 1976//1976 1977//1977
f 1920//1920 1977//1977 1921//1921
f 1921//1921 1977//1977 1978//1978
f 1921//1921 1978//1978 1922//1922
f 1922//1922 1978//1978 1979//1979
f 1922//1922 1979//1979 1923//1923
f 1923//1923 1979//1979 1980//1980
f 1923//1923 1980//1980 1924//1924
f 1924//1924 1980//1980 1981//1981
f 1924//1924 1981//1981 1925//1925
f 1925//1925 1981//1981 1982//1982
f 1925//1925 1982//1982 1926//1926
f 1926//1926 1982//1982 1983//1983
f 1926//1926 1983//1983 1927//1927
f 1927//1927 1983//1983 1984//1984
f 1927//1927 1984//1984 1928//1928
f 1928//1928 1984//1984 1985//1985
f 1928//1928 1985//1985 1929//1929
f 1929//1929 1985//1985 1986//1986
f 1929//1929 1986//1986 1930//1930
f 1930//1930 1986//1986 1987//1987
f 1930//1930 1987//1987 1931//1931
f 1931//1931 1987//1987 1988//1988
f 1931//1931 1988//1988 1932//1932
f 1932//1932 1988//1988 1989//1989
f 1932//1932 1989//1989 1933//1933
f 1933//1933 1989//1989 1990//1990
f 1933//1933 1990//1990 1934//1934
f 1934//1934 1990//1990 1991//1991
f 1934//1934 1991//1991 1935//1935
f 1935//1935 1991//1991 1992//1992
f 1935//1935 1992//1992 1936//1936
f 1936//1936 1992//1992 1993//1993
f 1936//1936 1993//1993 1937//1937
f 1937//1937 1993//1993 1994//1994
f 1937//1937 1994//1994 1938//1938
f 1938//1938 1994//1994 1995//1995
f 1938//1938 1995//1995 1939//1939
f 1939//1939 1995//1995 1996//1996
f 1939//1939 1996//1996 1940//1940
f 1940//1940 1996//1996 1997//1997
f 1940//1940 1997//1997 1941//1941
f 1941//1941 1997//1997 1998//1998
f 1941//1941 1998//1998 1942//1942
f 1942//1942 1998//1998 1999//1999
f 1942//1942 1999//1999 1943//1943
f 1943//1943 1999//1999 2000//2000
f 1943//1943 2000//2000 1944//1944
f 1944//1944 2000//2000 2001//2001
f 1944//1944 2001//2001 1945//1945
f 1945//1945 2001//2001 2002//2002
f 1945//1945 2002//2002 1946//1946
f 1946//1946 2002//2002 2003//2003
f 1946//1946 2003//2003 1947//1947
f 1947//1947 2003//2003 2004//2004
f 1947//1947 2004//2004 1948//1948
f 1948//1948 2004//2004 2005//2005
f 1948//1948 2005//2005 1949//1949
f 1949//1949 2005//2005 2006//2006
f 1949//1949 2006//2006 1950//1950
f 1950//1950 2006//2006 2007//2007
f 1950//1950 2007//2007 1951//1951
f 1951//1951 2007//2007 2008//2008
f 1951//1951 2008//2008 1952//1952
f 1952//1952 2008//2008 2009//2009
f 1952//1952 2009//2009 1953//1953
f 1953//1953 2009//2009 2010//2010
f 1953//1953 2010//2010 1954//1954
f 1954//1954 2010//2010 2011//2011
f 1954//1954 2011//2011 1955//1955
f 1955//1955 2011//2011 2012//2012
f 1955//1955 2012//2012 1956//1956
f 1956//1956 2012//2012 2013//2013
f 1956//1956 2013//2013 1957//1957
f 1957//1957 2013//2013 2014//2014
f 1957//1957 2014//2014 1958//1958
f 1958//1958 2014//2014 2015//2015
f 1958//1958 2015//2015 1959//1959
f 1959//1959 2015//2015 2016//2016
f 1959//1959 2016//2016 1960//1960
f 1960//1960 2016//2016 1961//1961
f 1960//1960 1961//1961 1905//1905
f 2017//2017 2073//2073 2074//2074
f 2017//2017 2074//2074 2018//2018
f 2018//2018 2074//2074 2075//2075
f 2018//2018 2075//2075 2019//2019
f 2019//2019 2075//2075 2076//2076
f 2019//2019 2076//2076 2020//2020
f 2020//2020 2076//2076 2077//2077
f 2020//2020 2077//2077 2021//2021
f 2021//2021 2077//2077 2078//2078
f 2021//2021 2078//2078 2022//2022
f 2022//2022 2078//2078 2079//2079
f 2022//2022 2079//2079 2023//2023
f 2023//2023 2079//2079 2080//2080
f 2023//2023 2080//2080 2024//2024
f 2024//2024 2080//2080 2081//2081
f 2024//2024 2081//2081 2025//2025
f 2025//2025 2081//2081 2082//2082
f 2025//2025 2082//2082 2026//2026
f 2026//2026 2082//2082 2083//2083
f 2026//2026 2083//2083 2027//2027
f 2027//2027 2083//2083 2084//2084
f 2027//2027 2084//2084 2028//2028
f 2028//2028 2084//2084 2085//2085
f 2028//2028 2085//2085 2029//2029
f 2029//2029 2085//2085 2086//2086
f 2029//2029 2086//2086 2030//2030
f 2030//2030 2086//2086 2087//2087
f 2030//2030 2087//2087 2031//2031
f 2031//2031 2087//2087 2088//2088
f 2031//2031 2088//2088 2032//2032
f 2032//2032 2088//2088 2089//2089
f 2032//2032 2089//2089 2033//2033
f 2033//2033 2089//2089 2090//2090
f 2033//2033 2090//2090 2034//2034
f 2034//2034 2090//2090 2091//2091
f 2034//2034 2091//2091 2035//2035
f 2035//2035 2091//2091 2092//2092
f 2035//2035 2092//2092 2036//2036
f 2036//2036 2092//2092 2093//2093
f 2036//2036 2093//2093 2037//2037
f 2037//2037 2093//2093 2094//2094
f 2037//2037 2094//2094 2038//2038
f 2038//2038 2094//2094 2095//2095
f 2038//2038 2095//2095 2039//2039
f 2039//2039 2095//2095 2096//2096
f 2039//2039 2096//2096 2040//2040
f 2040//2040 2096//2096 2097//2097
f 2040//2040 2097//2097 2041//2041
f 2041//2041 2097//2097 2098//2098
f 2041//2041 2098//2098 2042//2042
f 2042//2042 2098//2098 2099//2099
f 2042//2042 2099//2099 2043//2043
f 2043//2043 2099//2099 2100//2100
f 2043//2043 2100//2100 2044//2044
f 2044//2044 2100//2100 2101//2101
f 2044//2044 2101//2101 2045//2045
f 2045//2045 2101//2101 2102//2102
f 2045//2045 2102//2102 2046//2046
f 2046//2046 2102//2102 2103//2103
f 2046//2046 2103//2103 2047//2047
f 2047//2047 2103//2103 2104//2104
f 2047//2047 2104//2104 2048//2048
f 2048//2048 2104//2104 2105//2105
f 2048//2048 2105//2105 2049//2049
f 2049//2049 2105//2105 2106//2106
f 2049//2049 2106//2106 2050//2050
f 2050//2050 2106//2106 2107//2107
f 2050//2050 2107//2107 2051//2051
f 2051//2051 2107//2107 2108//2108
f 2051//2051 2108//2108 2052//2052
f 2052//2052 2108//2108 2109//2109
f 2052//2052 2109//2109 2053//2053
f 2053//2053 2109//2109 2110//2110
f 2053//2053 2110//2110 2054//2054
f 2054//2054 2110//2110 2111//2111
f 2054//2054 2111//2111 2055//2055
f 2055//2055 2111//2111 2112//2112
f 2055//2055 2112//2112 2056//2056
f 2056//2056 2112//2112 2113//2113
f 2056//2056 2113//2113 2057//2057
f 2057//2057 2113//2113 2114//2114
f 2057//2057 2114//2114 2058//2058
f 2058//2058 2114//2114 2115//2115
f 2058//2058 2115//2115 2059//2059
f 2059//2059 2115//2115 2116//2116
f 2059//2059 2116//2116 2060//2060
f 2060//2060 2116//2116 2117//2117
f 2060//2060 2117//2117 2061//2061
f 2061//2061 2117//2117 2118//2118
f 2061//2061 2118//2118 2062//2062
f 2062//2062 2118//2118 2119//2119
f 2062//2062 2119//2119 2063//2063
f 2063//2063 2119//2119 2120//2120
f 2063//2063 2120//2120 2064//2064
f 2064//2064 2120//2120 2121//2121
f 2064//2064 2121//2121 2065//2065
f 2065//2065 2121//2121 2122//2122
f 2065//2065 2122//2122 2066//2066
f 2066//2066 2122//2122 2123//2123
f 2066//2066 2123//2123 2067//2067
f 2067//2067 2123//2123 2124//2124
f 2067//2067 2124//2124 2068//2068
f 2068//2068 2124//2124 2125//2125
f 2068//2068 2125//2125 2069//2069
f 2069//2069 2125//2125 2126//2126
f 2069//2069 2126//2126 2070//2070
f 2070//2070 2126//2126 2127//2127
f 2070//2070 2127//2127 2071//2071
f 2071//2071 2127//2127 2128//2128
f 2071//2071 2128//2128 2072//2072
f 2072//2072 2128//2128 2073//2073
f 2072//2072 2073//2073 2017//2017
f 2073//2073 2129//2129 2130//2130
f 2073//2073 2130//2130 2074//2074
f 2074//2074 2130//2130 2131//2131
f 2074//2074 2131//2131 2075//2075
f 2075//2075 2131//2131 2132//2132
f 2075//2075 2132//2132 2076//2076
f 2076//2076 2132//2132 2133//2133
f 2076//2076 2133//2133 2077//2077
f 2077//2077 2133//2133 2134//2134
f 2077//2077 2134//2134 2078//2078
f 2078//2078 2134//2134 2135//2135
f 2078//2078 2135//2135 2079//2079
f 2079//2079 2135//2135 2136//2136
f 2079//2079 2136//2136 2080//2080
f 2080//2080 2136//2136 2137//2137
f 2080//2080 2137//2137 2081//2081
f 2081//2081 2137//2137 2138//2138
f 2081//2081 2138//2138 2082//2082
f 2082//2082 2138//2138 2139//2139
f 2082//2082 2139//2139 2083//2083
f 2083//2083 2139//2139 2140//2140
f 2083//2083 2140//2140 2084//2084
f 2084//2084 2140//2140 2141//2141
f 2084//2084 2141//2141 2085//2085
f 2085//2085 2141//2141 2142//2142
f 2085//2085 2142//2142 2086//2086
f 2086//2086 2142//2142 2143//2143
f 2086//2086 2143//2143 2087//2087
f 2087//2087 2143//2143 2144//2144
f 2087//2087 2144//2144 2088//2088
f 2088//2088 2144//2144 2145//2145
f 2088//2088 2145//2145 2089//2089
f 2089//2089 2145//2145 2146//2146
f 2089//2089 2146//2146 2090//2090
f 2090//2090 2146//2146 2147//2147
f 2090//2090 2147//2147 2091//2091
f 2091//2091 2147//2147 2148//2148
f 2091//2091 2148//2148 2092//2092
f 2092//2092 2148//2148 2149//2149
f 2092//2092 2149//2149 2093//2093
f 2093//2093 2149//2149 2150//2150
f 2093//2093 2150//2150 2094//2094
f 2094//2094 2150//2150 2151//2151
f 2094//2094 2151//2151 2095//2095
f 2095//2095 2151//2151 2152//2152
f 2095//2095 2152//2152 2096//2096
f 2096//2096 2152//2152 2153//2153
f 2096//2096 2153//2153 2097//2097
f 2097//2097 2153//2153 2154//2154
f 2097//2097 2154//2154 2098//2098
f 2098//2098 2154//2154 2155//2155
f 2098//2098 2155//2155 2099//2099
f 2099//2099 2155//2155 2156//2156
f 2099//2099 2156//2156 2100//2100
f 2100//2100 2156//2156 2157//2157
f 2100//2100 2157//2157 2101//2101
f 2101//2101 2157//2157 2158//2158
f 2101//2101 2158//2158 2102//2102
f 2102//2102 2158//2158 2159//2159
f 2102//2102 2159//2159 2103//2103
f 2103//2103 2159//2159 2160//2160
f 2103//2103 2160//2160 2104//2104
f 2104//2104 2160//2160 2161//2161
f 2104//2104 2161//2161 2105//2105
f 2105//2105 2161//2161 2162//2162
f 2105//2105 2162//2162 2106//2106
f 2106//2106 2162//2162 2163//2163
f 2106//2106 2163//2163 2107//2107
f 2107//2107 2163//2163 2164//2164
f 2107//2107 2164//2164 2108//2108
f 2108//2108 2164//2164 2165//2165
f 2108//2108 2165//2165 2109//2109
f 2109//2109 2165//2165 2166//2166
f 2109//2109 2166//2166 2110//2110
f 2110//2110 2166//2166 2167//2167
f 2110//2110 2167//2167 2111//2111
f 2111//2111 2167//2167 2168//2168
f 2111//2111 2168//2168 2112//2112
f 2112//2112 2168//2168 2169//2169
f 2112//2112 2169//2169 2113//2113
f 2113//2113 2169//2169 2170//2170
f 2113//2113 2170//2170 2114//2114
f 2114//2114 2170//2170 2171//2171
f 2114//2114 2171//2171 2115//2115
f 2115//2115 2171//2171 2172//2172
f 2115//2115 2172//2172 2116//2116
f 2116//2116 2172//2172 2173//2173
f 2116//2116 2173//2173 2117//2117
f 2117//2117 2173//2173 2174//2174
f 2117//2117 2174//2174 2118//2118
f 2118//2118 2174//2174 2175//2175
f 2118//2118 2175//2175 2119//2119
f 2119//2119 2175//2175 2176//2176
f 2119//2119 2176//2176 2120//2120
f 2120//2120 2176//2176 2177//2177
f 2120//2120 2177//2177 2121//2121
f 2121//2121 2177//2177 2178//2178
f 2121//2121 2178//2178 2122//2122
f 2122//2122 2178//2178 2179//2179
f 2122//2122 2179//2179 2123//2123
f 2123//2123 2179//2179 2180//2180
f 2123//2123 2180//2180 2124//2124
f 2124//2124 2180//2180 2181//2181
f 2124//2124 2181//2181 2125//2125
f 2125//2125 2181//2181 2182//2182
f 2125//2125 2182//2182 2126//2126
f 2126//2126 2182//2182 2183//2183
f 2126//2126 2183//2183 2127//2127
f 2127//2127 2183//2183 2184//2184
f 2127//2127 2184//2184 2128//2128
f 2128//2128 2184//2184 2129//2129
f 2128//2128 2129//2129 2073//2073
f 2129//2129 2185//2185 2186//2186
f 2129//2129 2186//2186 2130//2130
f 2130//2130 2186//2186 2187//2187
f 2130//2130 2187//2187 2131//2131
f 2131//2131 2187//2187 2188//2188
f 2131//2131 2188//2188 2132//2132
f 2132//2132 2188//2188 2189//2189
f 2132//2132 2189//2189 2133//2133
f 2133//2133 2189//2189 2190//2190
f 2133//2133 2190//2190 2134//2134
f 2134//2134 2190//2190 2191//2191
f 2134//2134 2191//2191 2135//2135
f 2135//2135 2191//2191 2192//2192
f 2135//2135 2192//2192 2136//2136
f 2136//2136 2192//2192 2193//2193
f 2136//2136 2193//2193 2137//2137
f 2137//2137 2193//2193 2194//2194
f 2137//2137 2194//2194 2138//2138
f 2138//2138 2194//2194 2195//2195
f 2138//2138 2195//2195 2139//2139
f 2139//2139 2195//2195 2196//2196
f 2139//2139 2196//2196 2140//2140
f 2140//2140 2196//2196 2197//2197
f 2140//2140 2197//2197 2141//2141
f 2141//2141 2197//2197 2198//2198
f 2141//2141 2198//2198 2142//2142
f 2142//2142 2198//2198 2199//2199
f 2142//2142 2199//2199 2143//2143
f 2143//2143 2199//2199 2200//2200
f 2143//2143 2200//2200 2144//2144
f 2144//2144 2200//2200 2201//2201
f 2144//2144 2201//2201 2145//2145
f 2145//2145 2201//2201 2202//2202
f 2145//2145 2202//2202 2146//2146
f 2146//2146 2202//2202 2203//2203
f 2146//2146 2203//2203 2147//2147
f 2147//2147 2203//2203 2204//2204
f 2147//2147 2204//2204 2148//2148
f 2148//2148 2204//2204 2205//2205
f 2148//2148 2205//2205 2149//2149
f 2149//2149 2205//2205 2206//2206
f 2149//2149 2206//2206 2150//2150
f 2150//2150 2206//2206 2207//2207
f 2150//2150 2207//2207 2151//2151
f 2151//2151 2207//2207 2208//2208
f 2151//2151 2208//2208 2152//2152
f 2152//2152 2208//2208 2209//2209
f 2152//2152 2209//2209 2153//2153
f 2153//2153 2209//2209 2210//2210
f 2153//2153 2210//2210 2154//2154
f 2154//2154 2210//2210 2211//2211
f 2154//2154 2211//2211 2155//2155
f 2155//2155 2211//2211 2212//2212
f 2155//2155 2212//2212 2156//2156
f 2156//2156 2212//2212 2213//2213
f 2156//2156 2213//2213 2157//2157
f 2157//2157 2213//2213 2214//2214
f 2157//2157 2214//2214 2158//2158
f 2158//2158 2214//2214 2215//2215
f 2158//2158 2215//2215 2159//2159
f 2159//2159 2215//2215 2216//2216
f 2159//2159 2216//2216 2160//2160
f 2160//2160 2216//2216 2217//2217
f 2160//2160 2217//2217 2161//2161
f 2161//2161 2217//2217 2218//2218
f 2161//2161 2218//2218 2162//2162
f 2162//2162 2218//2218 2219//2219
f 2162//2162 2219//2219 2163//2163
f 2163//2163 2219//2219 2220//2220
f 2163//2163 2220//2220 2164//2164
f 2164//2164 2220//2220 2221//2221
f 2164//2164 2221//2221 2165//2165
f 2165//2165 2221//2221 2222//2222
f 2165//2165 2222//2222 2166//2166
f 2166//2166 2222//2222 2223//2223
f 2166//2166 2223//2223 2167//2167
f 2167//2167 2223//2223 2224//2224
f 2167//2167 2224//2224 2168//2168
f 2168//2168 2224//2224 2225//2225
f 2168//2168 2225//2225 2169//2169
f 2169//2169 2225//2225 2226//2226
f 2169//2169 2226//2226 2170//2170
f 2170//2170 2226//2226 2227//2227
f 2170//2170 2227//2227 2171//2171
f 2171//2171 2227//2227 2228//2228
f 2171//2171 2228//2228 2172//2172
f 2172//2172 2228//2228 2229//2229
f 2172//2172 2229//2229 2173//2173
f 2173//2173 2229//2229 2230//2230
f 2173//2173 2230//2230 2174//2174
f 2174//2174 2230//2230 2231//2231
f 2174//2174 2231//2231 2175//2175
f 2175//2175 2231//2231 2232//2232
f 2175//2175 2232//2232 2176//2176
f 2176//2176 2232//2232 2233//2233
f 2176//2176 2233//2233 2177//2177
f 2177//2177 2233//2233 2234//2234
f 2177//2177 2234//2234 2178//2178
f 2178//2178 2234//2234 2235//2235
f 2178//2178 2235//2235 2179//2179
f 2179//2179 2235//2235 2236//2236
f 2179//2179 2236//2236 2180//2180
f 2180//2180 2236//2236 2237//2237
f 2180//2180 2237//2237 2181//2181
f 2181//2181 2237//2237 2238//2238
f 2181//2181 2238//2238 2182//2182
f 2182//2182 2238//2238 2239//2239
f 2182//2182 2239//2239 2183//2183
f 2183//2183 2239//2239 2240//2240
f 2183//2183 2240//2240 2184//2184
f 2184//2184 2240//2240 2185//2185
f 2184//2184 2185//2185 2129//2129
f 2185//2185 2241//2241 2242//2242
f 2185//2185 2242//2242 2186//2186
f 2186//2186 2242//2242 2243//2243
f 2186//2186 2243//2243 2187//2187
f 2187//2187 2243//2243 2244//2244
f 2187//2187 2244//2244 2188//2188
f 2188//2188 2244//2244 2245//2245
f 2188//2188 2245//2245 2189//2189
f 2189//2189 2245//2245 2246//2246
f 2189//2189 2246//2246 2190//2190
f 2190//2190 2246//2246 2247//2247
f 2190//2190 2247//2247 2191//2191
f 2191//2191 2247//2247 2248//2248
f 2191//2191 2248//2248 2192//2192
f 2192//2192 2248//2248 2249//2249
f 2192//2192 2249//2249 2193//2193
f 2193//2193 2249//2249 2250//2250
f 2193//2193 2250//2250 2194//2194
f 2194//2194 2250//2250 2251//2251
f 2194//2194 2251//2251 2195//2195
f 2195//2195 2251//2251 2252//2252
f 2195//2195 2252//2252 2196//2196
f 2196//2196 2252//2252 2253//2253
f 2196//2196 2253//2253 2197//2197
f 2197//2197 2253//2253 2254//2254
f 2197//2197 2254//2254 2198//2198
f 2198//2198 2254//2254 2255//2255
f 2198//2198 2255//2255 2199//2199
f 2199//2199 2255//2255 2256//2256
f 2199//2199 2256//2256 2200//2200
f 2200//2200 2256//2256 2257//2257
f 2200//2200 2257//2257 2201//2201
f 2201//2201 2257//2257 2258//2258
f 2201//2201 2258//2258 2202//2202
f 2202//2202 2258//2258 2259//2259
f 2202//2202 2259//2259 2203//2203
f 2203//2203 2259//2259 2260//2260
f 2203//2203 2260//2260 2204//2204
f 2204//2204 2260//2260 2261//2261
f 2204//2204 2261//2261 2205//2205
f 2205//2205 2261//2261 2262//2262
f 2205//2205 2262//2262 2206//2206
f 2206//2206 2262//2262 2263//2263
f 2206//2206 2263//2263 2207//2207
f 2207//2207 2263//2263 2264//2264
f 2207//2207 2264//2264 2208//2208
f 2208//2208 2264//2264 2265//2265
f 2208//2208 2265//2265 2209//2209
f 2209//2209 2265//2265 2266//2266
f 2209//2209 2266//2266 2210//2210
f 2210//2210 2266//2266 2267//2267
f 2210//2210 2267//2267 2211//2211
f 2211//2211 2267//2267 2268//2268
f 2211//2211 2268//2268 2212//2212
f 2212//2212 2268//2268 2269//2269
f 2212//2212 2269//2269 2213//2213
f 2213//2213 2269//2269 2270//2270
f 2213//2213 2270//2270 2214//2214
f 2214//2214 2270//2270 2271//2271
f 2214//2214 2271//2271 2215//2215
f 2215//2215 2271//2271 2272//2272
f 2215//2215 2272//2272 2216//2216
f 2216//2216 2272//2272 2273//2273
f 2216//2216 2273//2273 2217//2217
f 2217//2217 2273//2273 2274//2274
f 2217//2217 2274//2274 2218//2218
f 2218//2218 2274//2274 2275//2275
f 2218//2218 2275//2275 2219//2219
f 2219//2219 2275//2275 2276//2276
f 2219//2219 2276//2276 2220//2220
f 2220//2220 2276//2276 2277//2277
f 2220//2220 2277//2277 2221//2221
f 2221//2221 2277//2277 2278//2278
f 2221//2221 2278//2278 2222//2222
f 2222//2222 2278//2278 2279//2279
f 2222//2222 2279//2279 2223//2223
f 2223//2223 2279//2279 2280//2280
f 2223//2223 2280//2280 2224//2224
f 2224//2224 2280//2280 2281//2281
f 2224//2224 2281//2281 2225//2225
f 2225//2225 2281//2281 2282//2282
f 2225//2225 2282//2282 2226//2226
f 2226//2226 2282//2282 2283//2283
f 2226//2226 2283//2283 2227//2227
f 2227//2227 2283//2283 2284//2284
f 2227//2227 2284//2284 2228//2228
f 2228//2228 2284//2284 2285//2285
f 2228//2228 2285//2285 2229//2229
f 2229//2229 2285//2285 2286//2286
f 2229//2229 2286//2286 2230//2230
f 2230//2230 2286//2286 2287//2287
f 2230//2230 2287//2287 2231//2231
f 2231//2231 2287//2287 2288//2288
f 2231//2231 2288//2288 2232//2232
f 2232//2232 2288//2288 2289//2289
f 2232//2232 2289//2289 2233//2233
f 2233//2233 2289//2289 2290//2290
f 2233//2233 2290//2290 2234//2234
f 2234//2234 2290//2290 2291//2291
f 2234//2234 2291//2291 2235//2235
f 2235//2235 2291//2291 2292//2292
f 2235//2235 2292//2292 2236//2236
f 2236//2236 2292//2292 2293//2293
f 2236//2236 2293//2293 2237//2237
f 2237//2237 2293//2293 2294//2294
f 2237//2237 2294//2294 2238//2238
f 2238//2238 2294//2294 2295//2295
f 2238//2238 2295//2295 2239//2239
f 2239//2239 2295//2295 2296//2296
f 2239//2239 2296//2296 2240//2240
f 2240//2240 2296//2296 2241//2241
f 2240//2240 2241//2241 2185//2185
f 2241//2241 2297//2297 2298//2298
f 2241//2241 2298//2298 2242//2242
f 2242//2242 2298//2298 2299//2299
f 2242//2242 2299//2299 2243//2243
f 2243//2243 2299//2299 2300//2300
f 2243//2243 2300//2300 2244//2244
f 2244//2244 2300//2300 2301//2301
f 2244//2244 2301//2301 2245//2245
f 2245//2245 2301//2301 2302//2302
f 2245//2245 2302//2302 2246//2246
f 2246//2246 2302//2302 2303//2303
f 2246//2246 2303//2303 2247//2247
f 2247//2247 2303//2303 2304//2304
f 2247//2247 2304//2304 2248//2248
f 2248//2248 2304//2304 2305//2305
f 2248//2248 2305//2305 2249//2249
f 2249//2249 2305//2305 2306//2306
f 2249//2249 2306//2306 2250//2250
f 2250//2250 2306//2306 2307//2307
f 2250//2250 2307//2307 2251//2251
f 2251//2251 2307//2307 2308//2308
f 2251//2251 2308//2308 2252//2252
f 2252//2252 2308//2308 2309//2309
f 2252//2252 2309//2309 2253//2253
f 2253//2253 2309//2309 2310//2310
f 2253//2253 2310//2310 2254//2254
f 2254//2254 2310//2310 2311//2311
f 2254//2254 2311//2311 2255//2255
f 2255//2255 2311//2311 2312//2312
f 2255//2255 2312//2312 2256//2256
f 2256//2256 2312//2312 2313//2313
f 2256//2256 2313//2313 2257//2257
f 2257//2257 2313//2313 2314//2314
f 2257//2257 2314//2314 2258//2258
f 2258//2258 2314//2314 2315//2315
f 2258//2258 2315//2315 2259//2259
f 2259//2259 2315//2315 2316//2316
f 2259//2259 2316//2316 2260//2260
f 2260//2260 2316//2316 2317//2317
f 2260//2260 2317//2317 2261//2261
f 2261//2261 2317//2317 2318//2318
f 2261//2261 2318//2318 2262//2262
f 2262//2262 2318//2318 2319//2319
f 2262//2262 2319//2319 2263//2263
f 2263//2263 2319//2319 2320//2320
f 2263//2263 2320//2320 2264//2264
f 2264//2264 2320//2320 2321//2321
f 2264//2264 2321//2321 2265//2265
f 2265//2265 2321//2321 2322//2322
f 2265//2265 2322//2322 2266//2266
f 2266//2266 2322//2322 2323//2323
f 2266//2266 2323//2323 2267//2267
f 2267//2267 2323//2323 2324//2324
f 2267//2267 2324//2324 2268//2268
f 2268//2268 2324//2324 2325//2325
f 2268//2268 2325//2325 2269//2269
f 2269//2269 2325//2325 2326//2326
f 2269//2269 2326//2326 2270//2270
f 2270//2270 2326//2326 2327//2327
f 2270//2270 2327//2327 2271//2271
f 2271//2271 2327//2327 2328//2328
f 2271//2271 2328//2328 2272//2272
f 2272//2272 2328//2328 2329//2329
f 2272//2272 2329//2329 2273//2273
f 2273//2273 2329//2329 2330//2330
f 2273//2273 2330//2330 2274//2274
f 2274//2274 2330//2330 2331//2331
f 2274//2274 2331//2331 2275//2275
f 2275//2275 2331//2331 2332//2332
f 2275//2275 2332//2332 2276//2276
f 2276//2276 2332//2332 2333//2333
f 2276//2276 2333//2333 2277//2277
f 2277//2277 2333//2333 2334//2334
f 2277//2277 2334//2334 2278//2278
f 2278//2278 2334//2334 2335//2335
f 2278//2278 2335//2335 2279//2279
f 2279//2279 2335//2335 2336//2336
f 2279//2279 2336//2336 2280//2280
f 2280//2280 2336//2336 2337//2337
f 2280//2280 2337//2337 2281//2281
f 2281//2281 2337//2337 2338//2338
f 2281//2281 2338//2338 2282//2282
f 2282//2282 2338//2338 2339//2339
f 2282//2282 2339//2339 2283//2283
f 2283//2283 2339//2339 2340//2340
f 2283//2283 2340//2340 2284//2284
f 2284//2284 2340//2340 2341//2341
f 2284//2284 2341//2341 2285//2285
f 2285//2285 2341//2341 2342//2342
f 2285//2285 2342//2342 2286//2286
f 2286//2286 2342//2342 2343//2343
f 2286//2286 2343//2343 2287//2287
f 2287//2287 2343//2343 2344//2344
f 2287//2287 2344//2344 2288//2288
f 2288//2288 2344//2344 2345//2345
f 2288//2288 2345//2345 2289//2289
f 2289//2289 2345//2345 2346//2346
f 2289//2289 2346//2346 2290//2290
f 2290//2290 2346//2346 2347//2347
f 2290//2290 2347//2347 2291//2291
f 2291//2291 2347//2347 2348//2348
f 2291//2291 2348//2348 2292//2292
f 2292//2292 2348//2348 2349//2349
f 2292//2292 2349//2349 2293//2293
f 2293//2293 2349//2349 2350//2350
f 2293//2293 2350//2350 2294//2294
f 2294//2294 2350//2350 2351//2351
f 2294//2294 2351//2351 2295//2295
f 2295//2295 2351//2351 2352//2352
f 2295//2295 2352//2352 2296//2296
f 2296//2296 2352//2352 2297//2297
f 2296//2296 2297//2297 2241//2241
f 2297//2297 2353//2353 2354//2354
f 2297//2297 2354//2354 2298//2298
f 2298//2298 2354//2354 2355//2355
f 2298//2298 2355//2355 2299//2299
f 2299//2299 2355//2355 2356//2356
f 2299//2299 2356//2356 2300//2300
f 2300//2300 2356//2356 2357//2357
f 2300//2300 2357//2357 2301//2301
f 2301//2301 2357//2357 2358//2358
f 2301//2301 2358//2358 2302//2302
f 2302//2302 2358//2358 2359//2359
f 2302//2302 2359//2359 2303//2303
f 2303//2303 2359//2359 2360//2360
f 2303//2303 2360//2360 2304//2304
f 2304//2304 2360//2360 2361//2361
f 2304//2304 2361//2361 2305//2305
f 2305//2305 2361//2361 2362//2362
f 2305//2305 2362//2362 2306//2306
f 2306//2306 2362//2362 2363//2363
f 2306//2306 2363//2363 2307//2307
f 2307//2307 2363//2363 2364//2364
f 2307//2307 2364//2364 2308//2308
f 2308//2308 2364//2364 2365//2365
f 2308//2308 2365//2365 2309//2309
f 2309//2309 2365//2365 2366//2366
f 2309//2309 2366//2366 2310//2310
f 2310//2310 2366//2366 2367//2367
f 2310//2310 2367//2367 2311//2311
f 2311//2311 2367//2367 2368//2368
f 2311//2311 2368//2368 2312//2312
f 2312//2312 2368//2368 2369//2369
f 2312//2312 2369//2369 2313//2313
f 2313//2313 2369//2369 2370//2370
f 2313//2313 2370//2370 2314//2314
f 2314//2314 2370//2370 2371//2371
f 2314//2314 2371//2371 2315//2315
f 2315//2315 2371//2371 2372//2372
f 2315//2315 2372//2372 2316//2316
f 2316//2316 2372//2372 2373//2373
f 2316//2316 2373//2373 2317//2317
f 2317//2317 2373//2373 2374//2374
f 2317//2317 2374//2374 2318//2318
f 2318//2318 2374//2374 2375//2375
f 2318//2318 2375//2375 2319//2319
f 2319//2319 2375//2375 2376//2376
f 2319//2319 2376//2376 2320//2320
f 2320//2320 2376//2376 2377//2377
f 2320//2320 2377//2377 2321//2321
f 2321//2321 2377//2377 2378//2378
f 2321//2321 2378//2378 2322//2322
f 2322//2322 2378//2378 2379//2379
f 2322//2322 2379//2379 2323//2323
f 2323//2323 2379//2379 2380//2380
f 2323//2323 2380//2380 2324//2324
f 2324//2324 2380//2380 2381//2381
f 2324//2324 2381//2381 2325//2325
f 2325//2325 2381//2381 2382//2382
f 2325//2325 2382//2382 2326//2326
f 2326//2326 2382//2382 2383//2383
f 2326//2326 2383//2383 2327//2327
f 2327//2327 2383//2383 2384//2384
f 2327//2327 2384//2384 2328//2328
f 2328//2328 2384//2384 2385//2385
f 2328//2328 2385//2385 2329//2329
f 2329//2329 2385//2385 2386//2386
f 2329//2329 2386//2386 2330//2330
f 2330//2330 2386//2386 2387//2387
f 2330//2330 2387//2387 2331//2331
f 2331//2331 2387//2387 2388//2388
f 2331//2331 2388//2388 2332//2332
f 2332//2332 2388//2388 2389//2389
f 2332//2332 2389//2389 2333//2333
f 2333//2333 2389//2389 2390//2390
f 2333//2333 2390//2390 2334//2334
f 2334//2334 2390//2390 2391//2391
f 2334//2334 2391//2391 2335//2335
f 2335//2335 2391//2391 2392//2392
f 2335//2335 2392//2392 2336//2336
f 2336//2336 2392//2392 2393//2393
f 2336//2336 2393//2393 2337//2337
f 2337//2337 2393//2393 2394//2394
f 2337//2337 2394//2394 2338//2338
f 2338//2338 2394//2394 2395//2395
f 2338//2338 2395//2395 2339//2339
f 2339//2339 2395//2395 2396//2396
f 2339//2339 2396//2396 2340//2340
f 2340//2340 2396//2396 2397//2397
f 2340//2340 2397//2397 2341//2341
f 2341//2341 2397//2397 2398//2398
f 2341//2341 2398//2398 2342//2342
f 2342//2342 2398//2398 2399//2399
f 2342//2342 2399//2399 2343//2343
f 2343//2343 2399//2399 2400//2400
f 2343//2343 2400//2400 2344//2344
f 2344//2344 2400//2400 2401//2401
f 2344//2344 2401//2401 2345//2345
f 2345//2345 2401//2401 2402//2402
f 2345//2345 2402//2402 2346//2346
f 2346//2346 2402//2402 2403//2403
f 2346//2346 2403//2403 2347//2347
f 2347//2347 2403//2403 2404//2404
f 2347//2347 2404//2404 2348//2348
f 2348//2348 2404//2404 2405//2405
f 2348//2348 2405//2405 2349//2349
f 2349//2349 2405//2405 2406//2406
f 2349//2349 2406//2406 2350//2350
f 2350//2350 2406//2406 2407//2407
f 2350//2350 2407//2407 2351//2351
f 2351//2351 2407//2407 2408//2408
f 2351//2351 2408//2408 2352//2352
f 2352//2352 2408//2408 2353//2353
f 2352//2352 2353//2353 2297//2297
f 2353//2353 2409//2409 2410//2410
f 2353//2353 2410//2410 2354//2354
f 2354//2354 2410//2410 2411//2411
f 2354//2354 2411//2411 2355//2355
f 2355//2355 2411//2411 2412//2412
f 2355//2355 2412//2412 2356//2356
f 2356//2356 2412//2412 2413//2413
f 2356//2356 2413//2413 2357//2357
f 2357//2357 2413//2413 2414//2414
f 2357//2357 2414//2414 2358//2358
f 2358//2358 2414//2414 2415//2415
f 2358//2358 2415//2415 2359//2359
f 2359//2359 2415//2415 2416//2416
f 2359//2359 2416//2416 2360//2360
f 2360//2360 2416//2416 2417//2417
f 2360//2360 2417//2417 2361//2361
f 2361//2361 2417//2417 2418//2418
f 2361//2361 2418//2418 2362//2362
f 2362//2362 2418//2418 2419//2419
f 2362//2362 2419//2419 2363//2363
f 2363//2363 2419//2419 2420//2420
f 2363//2363 2420//2420 2364//2364
f 2364//2364 2420//2420 2421//2421
f 2364//2364 2421//2421 2365//2365
f 2365//2365 2421//2421 2422//2422
f 2365//2365 2422//2422 2366//2366
f 2366//2366 2422//2422 2423//2423
f 2366//2366 2423//2423 2367//2367
f 2367//2367 2423//2423 2424//2424
f 2367//2367 2424//2424 2368//2368
f 2368//2368 2424//2424 2425//2425
f 2368//2368 2425//2425 2369//2369
f 2369//2369 2425//2425 2426//2426
f 2369//2369 2426//2426 2370//2370
f 2370//2370 2426//2426 2427//2427
f 2370//2370 2427//2427 2371//2371
f 2371//2371 2427//2427 2428//2428
f 2371//2371 2428//2428 2372//2372
f 2372//2372 2428//2428 2429//2429
f 2372//2372 2429//2429 2373//2373
f 2373//2373 2429//2429 2430//2430
f 2373//2373 2430//2430 2374//2374
f 2374//2374 2430//2430 2431//2431
f 2374//2374 2431//2431 2375//2375
f 2375//2375 2431//2431 2432//2432
f 2375//2375 2432//2432 2376//2376
f 2376//2376 2432//2432 2433//2433
f 2376//2376 2433//2433 2377//2377
f 2377//2377 2433//2433 2434//2434
f 2377//2377 2434//2434 2378//2378
f 2378//2378 2434//2434 2435//2435
f 2378//2378 2435//2435 2379//2379
f 2379//2379 2435//2435 2436//2436
f 2379//2379 2436//2436 2380//2380
f 2380//2380 2436//2436 2437//2437
f 2380//2380 2437//2437 2381//2381
f 2381//2381 2437//2437 2438//2438
f 2381//2381 2438//2438 2382//2382
f 2382//2382 2438//2438 2439//2439
f 2382//2382 2439//2439 2383//2383
f 2383//2383 2439//2439 2440//2440
f 2383//2383 2440//2440 2384//2384
f 2384//2384 2440//2440 2441//2441
f 2384//2384 2441//2441 2385//2385
f 2385//2385 2441//2441 2442//2442
f 2385//2385 2442//2442 2386//2386
f 2386//2386 2442//2442 2443//2443
f 2386//2386 2443//2443 2387//2387
f 2387//2387 2443//2443 2444//2444
f 2387//2387 2444//2444 2388//2388
f 2388//2388 2444//2444 2445//2445
f 2388//2388 2445//2445 2389//2389
f 2389//2389 2445//2445 2446//2446
f 2389//2389 2446//2446 2390//2390
f 2390//2390 2446//2446 2447//2447
f 2390//2390 2447//2447 2391//2391
f 2391//2391 2447//2447 2448//2448
f 2391//2391 2448//2448 2392//2392
f 2392//2392 2448//2448 2449//2449
f 2392//2392 2449//2449 2393//2393
f 2393//2393 2449//2449 2450//2450
f 2393//2393 2450//2450 2394//2394
f 2394//2394 2450//2450 2451//2451
f 2394//2394 2451//2451 2395//2395
f 2395//2395 2451//2451 2452//2452
f 2395//2395 2452//2452 2396//2396
f 2396//2396 2452//2452 2453//2453
f 2396//2396 2453//2453 2397//2397
f 2397//2397 2453//2453 2454//2454
f 2397//2397 2454//2454 2398//2398
f 2398//2398 2454//2454 2455//2455
f 2398//2398 2455//2455 2399//2399
f 2399//2399 2455//2455 2456//2456
f 2399//2399 2456//2456 2400//2400
f 2400//2400 2456//2456 2457//2457
f 2400//2400 2457//2457 2401//2401
f 2401//2401 2457//2457 2458//2458
f 2401//2401 2458//2458 2402//2402
f 2402//2402 2458//2458 2459//2459
f 2402//2402 2459//2459 2403//2403
f 2403//2403 2459//2459 2460//2460
f 2403//2403 2460//2460 2404//2404
f 2404//2404 2460//2460 2461//2461
f 2404//2404 2461//2461 2405//2405
f 2405//2405 2461//2461 2462//2462
f 2405//2405 2462//2462 2406//2406
f 2406//2406 2462//2462 2463//2463
f 2406//2406 2463//2463 2407//2407
f 2407//2407 2463//2463 2464//2464
f 2407//2407 2464//2464 2408//2408
f 2408//2408 2464//2464 2409//2409
f 2408//2408 2409//2409 2353//2353
f 2409//2409 2465//2465 2466//2466
f 2409//2409 2466//2466 2410//2410
f 2410//2410 2466//2466 2467//2467
f 2410//2410 2467//2467 2411//2411
f 2411//2411 2467//2467 2468//2468
f 2411//2411 2468//2468 2412//2412
f 2412//2412 2468//2468 2469//2469
f 2412//2412 2469//2469 2413//2413
f 2413//2413 2469//2469 2470//2470
f 2413//2413 2470//2470 2414//2414
f 2414//2414 2470//2470 2471//2471
f 2414//2414 2471//2471 2415//2415
f 2415//2415 2471//2471 2472//2472
f 2415//2415 2472//2472 2416//2416
f 2416//2416 2472//2472 2473//2473
f 2416//2416 2473//2473 2417//2417
f 2417//2417 2473//2473 2474//2474
f 2417//2417 2474//2474 2418//2418
f 2418//2418 2474//2474 2475//2475
f 2418//2418 2475//2475 2419//2419
f 2419//2419 2475//2475 2476//2476
f 2419//2419 2476//2476 2420//2420
f 2420//2420 2476//2476 2477//2477
f 2420//2420 2477//2477 2421//2421
f 2421//2421 2477//2477 2478//2478
f 2421//2421 2478//2478 2422//2422
f 2422//2422 2478//2478 2479//2479
f 2422//2422 2479//2479 2423//2423
f 2423//2423 2479//2479 2480//2480
f 2423//2423 2480//2480 2424//2424
f 2424//2424 2480//2480 2481//2481
f 2424//2424 2481//2481 2425//2425
f 2425//2425 2481//2481 2482//2482
f 2425//2425 2482//2482 2426//2426
f 2426//2426 2482//2482 2483//2483
f 2426//2426 2483//2483 2427//2427
f 2427//2427 2483//2483 2484//2484
f 2427//2427 2484//2484 2428//2428
f 2428//2428 2484//2484 2485//2485
f 2428//2428 2485//2485 2429//2429
f 2429//2429 2485//2485 2486//2486
f 2429//2429 2486//2486 2430//2430
f 2430//2430 2486//2486 2487//2487
f 2430//2430 2487//2487 2431//2431
f 2431//2431 2487//2487 2488//2488
f 2431//2431 2488//2488 2432//2432
f 2432//2432 2488//2488 2489//2489
f 2432//2432 2489//2489 2433//2433
f 2433//2433 2489//2489 2490//2490
f 2433//2433 2490//2490 2434//2434
f 2434//2434 2490//2490 2491//2491
f 2434//2434 2491//2491 2435//2435
f 2435//2435 2491//2491 2492//2492
f 2435//2435 2492//2492 2436//2436
f 2436//2436 2492//2492 2493//2493
f 2436//2436 2493//2493 2437//2437
f 2437//2437 2493//2493 2494//2494
f 2437//2437 2494//2494 2438//2438
f 2438//2438 2494//2494 2495//2495
f 2438//2438 2495//2495 2439//2439
f 2439//2439 2495//2495 2496//2496
f 2439//2439 2496//2496 2440//2440
f 2440//2440 2496//2496 2497//2497
f 2440//2440 2497//2497 2441//2441
f 2441//2441 2497//2497 2498//2498
f 2441//2441 2498//2498 2442//2442
f 2442//2442 2498//2498 2499//2499
f 2442//2442 2499//2499 2443//2443
f 2443//2443 2499//2499 2500//2500
f 2443//2443 2500//2500 2444//2444
f 2444//2444 2500//2500 2501//2501
f 2444//2444 2501//2501 2445//2445
f 2445//2445 2501//2501 2502//2502
f 2445//2445 2502//2502 2446//2446
f 2446//2446 2502//2502 2503//2503
f 2446//2446 2503//2503 2447//2447
f 2447//2447 2503//2503 2504//2504
f 2447//2447 2504//2504 2448//2448
f 2448//2448 2504//2504 2505//2505
f 2448//2448 2505//2505 2449//2449
f 2449//2449 2505//2505 2506//2506
f 2449//2449 2506//2506 2450//2450
f 2450//2450 2506//2506 2507//2507
f 2450//2450 2507//2507 2451//2451
f 2451//2451 2507//2507 2508//2508
f 2451//2451 2508//2508 2452//2452
f 2452//2452 2508//2508 2509//2509
f 2452//2452 2509//2509 2453//2453
f 2453//2453 2509//2509 2510//2510
f 2453//2453 2510//2510 2454//2454
f 2454//2454 2510//2510 2511//2511
f 2454//2454 2511//2511 2455//2455
f 2455//2455 2511//2511 2512//2512
f 2455//2455 2512//2512 2456//2456
f 2456//2456 2512//2512 2513//2513
f 2456//2456 2513//2513 2457//2457
f 2457//2457 2513//2513 2514//2514
f 2457//2457 2514//2514 2458//2458
f 2458//2458 2514//2514 2515//2515
f 2458//2458 2515//2515 2459//2459
f 2459//2459 2515//2515 2516//2516
f 2459//2459 2516//2516 2460//2460
f 2460//2460 2516//2516 2517//2517
f 2460//2460 2517//2517 2461//2461
f 2461//2461 2517//2517 2518//2518
f 2461//2461 2518//2518 2462//2462
f 2462//2462 2518//2518 2519//2519
f 2462//2462 2519//2519 2463//2463
f 2463//2463 2519//2519 2520//2520
f 2463//2463 2520//2520 2464//2464
f 2464//2464 2520//2520 2465//2465
f 2464//2464 2465//2465 2409//2409
f 2521//2521 2577//2577 2578//2578
f 2521//2521 2578//2578 2522//2522
f 2522//2522 2578//2578 2579//2579
f 2522//2522 2579//2579 2523//2523
f 2523//2523 2579//2579 2580//2580
f 2523//2523 2580//2580 2524//2524
f 2524//2524 2580//2580 2581//2581
f 2524//2524 2581//2581 2525//2525
f 2525//2525 2581//2581 2582//2582
f 2525//2525 2582//2582 2526//2526
f 2526//2526 2582//2582 2583//2583
f 2526//2526 2583//2583 2527//2527
f 2527//2527 2583//2583 2584//2584
f 2527//2527 2584//2584 2528//2528
f 2528//2528 2584//2584 2585//2585
f 2528//2528 2585//2585 2529//2529
f 2529//2529 2585//2585 2586//2586
f 2529//2529 2586//2586 2530//2530
f 2530//2530 2586//2586 2587//2587
f 2530//2530 2587//2587 2531//2531
f 2531//2531 2587//2587 2588//2588
f 2531//2531 2588//2588 2532//2532
f 2532//2532 2588//2588 2589//2589
f 2532//2532 2589//2589 2533//2533
f 2533//2533 2589//2589 2590//2590
f 2533//2533 2590//2590 2534//2534
f 2534//2534 2590//2590 2591//2591
f 2534//2534 2591//2591 2535//2535
f 2535//2535 2591//2591 2592//2592
f 2535//2535 2592//2592 2536//2536
f 2536//2536 2592//2592 2593//2593
f 2536//2536 2593//2593 2537//2537
f 2537//2537 2593//2593 2594//2594
f 2537//2537 2594//2594 2538//2538
f 2538//2538 2594//2594 2595//2595
f 2538//2538 2595//2595 2539//2539
f 2539//2539 2595//2595 2596//2596
f 2539//2539 2596//2596 2540//2540
f 2540//2540 2596//2596 2597//2597
f 2540//2540 2597//2597 2541//2541
f 2541//2541 2597//2597 2598//2598
f 2541//2541 2598//2598 2542//2542
f 2542//2542 2598//2598 2599//2599
f 2542//2542 2599//2599 2543//2543
f 2543//2543 2599//2599 2600//2600
f 2543//2543 2600//2600 2544//2544
f 2544//2544 2600//2600 2601//2601
f 2544//2544 2601//2601 2545//2545
f 2545//2545 2601//2601 2602//2602
f 2545//2545 2602//2602 2546//2546
f 2546//2546 2602//2602 2603//2603
f 2546//2546 2603//2603 2547//2547
f 2547//2547 2603//2603 2604//2604
f 2547//2547 2604//2604 2548//2548
f 2548//2548 2604//2604 2605//2605
f 2548//2548 2605//2605 2549//2549
f 2549//2549 2605//2605 2606//2606
f 2549//2549 2606//2606 2550//2550
f 2550//2550 2606//2606 2607//2607
f 2550//2550 2607//2607 2551//2551
f 2551//2551 2607//2607 2608//2608
f 2551//2551 2608//2608 2552//2552
f 2552//2552 2608//2608 2609//2609
f 2552//2552 2609//2609 2553//2553
f 2553//2553 2609//2609 2610//2610
f 2553//2553 2610//2610 2554//2554
f 2554//2554 2610//2610 2611//2611
f 2554//2554 2611//2611 2555//2555
f 2555//2555 2611//2611 2612//2612
f 2555//2555 2612//2612 2556//2556
f 2556//2556 2612//2612 2613//2613
f 2556//2556 2613//2613 2557//2557
f 2557//2557 2613//2613 2614//2614
f 2557//2557 2614//2614 2558//2558
f 2558//2558 2614//2614 2615//2615
f 2558//2558 2615//2615 2559//2559
f 2559//2559 2615//2615 2616//2616
f 2559//2559 2616//2616 2560//2560
f 2560//2560 2616//2616 2617//2617
f 2560//2560 2617//2617 2561//2561
f 2561//2561 2617//2617 2618//2618
f 2561//2561 2618//2618 2562//2562
f 2562//2562 2618//2618 2619//2619
f 2562//2562 2619//2619 2563//2563
f 2563//2563 2619//2619 2620//2620
f 2563//2563 2620//2620 2564//2564
f 2564//2564 2620//2620 2621//2621
f 2564//2564 2621//2621 2565//2565
f 2565//2565 2621//2621 2622//2622
f 2565//2565 2622//2622 2566//2566
f 2566//2566 2622//2622 2623//2623
f 2566//2566 2623//2623 2567//2567
f 2567//2567 2623//2623 2624//2624
f 2567//2567 2624//2624 2568//2568
f 2568//2568 2624//2624 2625//2625
f 2568//2568 2625//2625 2569//2569
f 2569//2569 2625//2625 2626//2626
f 2569//2569 2626//2626 2570//2570
f 2570//2570 2626//2626 2627//2627
f 2570//2570 2627//2627 2571//2571
f 2571//2571 2627//2627 2628//2628
f 2571//2571 2628//2628 2572//2572
f 2572//2572 2628//2628 2629//2629
f 2572//2572 2629//2629 2573//2573
f 2573//2573 2629//2629 2630//2630
f 2573//2573 2630//2630 2574//2574
f 2574//2574 2630//2630 2631//2631
f 2574//2574 2631//2631 2575//2575
f 2575//2575 2631//2631 2632//2632
f 2575//2575 2632//2632 2576//2576
f 2576//2576 2632//2632 2577//2577
f 2576//2576 2577//2577 2521//2521
f 2577//2577 2633//2633 2634//2634
f 2577//2577 2634//2634 2578//2578
f 2578//2578 2634//2634 2635//2635
f 2578//2578 2635//2635 2579//2579
f 2579//2579 2635//2635 2636//2636
f 2579//2579 2636//2636 2580//2580
f 2580//2580 2636//2636 2637//2637
f 2580//2580 2637//2637 2581//2581
f 2581//2581 2637//2637 2638//2638
f 2581//2581 2638//2638 2582//2582
f 2582//2582 2638//2638 2639//2639
f 2582//2582 2639//2639 2583//2583
f 2583//2583 2639//2639 2640//2640
f 2583//2583 2640//2640 2584//2584
f 2584//2584 2640//2640 2641//2641
f 2584//2584 2641//2641 2585//2585
f 2585//2585 2641//2641 2642//2642
f 2585//2585 2642//2642 2586//2586
f 2586//2586 2642//2642 2643//2643
f 2586//2586 2643//2643 2587//2587
f 2587//2587 2643//2643 2644//2644
f 2587//2587 2644//2644 2588//2588
f 2588//2588 2644//2644 2645//2645
f 2588//2588 2645//2645 2589//2589
f 2589//2589 2645//2645 2646//2646
f 2589//2589 2646//2646 2590//2590
f 2590//2590 2646//2646 2647//2647
f 2590//2590 2647//2647 2591//2591
f 2591//2591 2647//2647 2648//2648
f 2591//2591 2648//2648 2592//2592
f 2592//2592 2648//2648 2649//2649
f 2592//2592 2649//2649 2593//2593
f 2593//2593 2649//2649 2650//2650
f 2593//2593 2650//2650 2594//2594
f 2594//2594 2650//2650 2651//2651
f 2594//2594 2651//2651 2595//2595
f 2595//2595 2651//2651 2652//2652
f 2595//2595 2652//2652 2596//2596
f 2596//2596 2652//2652 2653//2653
f 2596//2596 2653//2653 2597//2597
f 2597//2597 2653//2653 2654//2654
f 2597//2597 2654//2654 2598//2598
f 2598//2598 2654//2654 2655//2655
f 2598//2598 2655//2655 2599//2599
f 2599//2599 2655//2655 2656//2656
f 2599//2599 2656//2656 2600//2600
f 2600//2600 2656//2656 2657//2657
f 2600//2600 2657//2657 2601//2601
f 2601//2601 2657//2657 2658//2658
f 2601//2601 2658//2658 2602//2602
f 2602//2602 2658//2658 2659//2659
f 2602//2602 2659//2659 2603//2603
f 2603//2603 2659//2659 2660//2660
f 2603//2603 2660//2660 2604//2604
f 2604//2604 2660//2660 2661//2661
f 2604//2604 2661//2661 2605//2605
f 2605//2605 2661//2661 2662//2662
f 2605//2605 2662//2662 2606//2606
f 2606//2606 2662//2662 2663//2663
f 2606//2606 2663//2663 2607//2607
f 2607//2607 2663//2663 2664//2664
f 2607//2607 2664//2664 2608//2608
f 2608//2608 2664//2664 2665//2665
f 2608//2608 2665//2665 2609//2609
f 2609//2609 2665//2665 2666//2666
f 2609//2609 2666//2666 2610//2610
f 2610//2610 2666//2666 2667//2667
f 2610//2610 2667//2667 2611//2611
f 2611//2611 2667//2667 2668//2668
f 2611//2611 2668//2668 2612//2612
f 2612//2612 2668//2668 2669//2669
f 2612//2612 2669//2669 2613//2613
f 2613//2613 2669//2669 2670//2670
f 2613//2613 2670//2670 2614//2614
f 2614//2614 2670//2670 2671//2671
f 2614//2614 2671//2671 2615//2615
f 2615//2615 2671//2671 2672//2672
f 2615//2615 2672//2672 2616//2616
f 2616//2616 2672//2672 2673//2673
f 2616//2616 2673//2673 2617//2617
f 2617//2617 2673//2673 2674//2674
f 2617//2617 2674//2674 2618//2618
f 2618//2618 2674//2674 2675//2675
f 2618//2618 2675//2675 2619//2619
f 2619//2619 2675//2675 2676//2676
f 2619//2619 2676//2676 2620//2620
f 2620//2620 2676//2676 2677//2677
f 2620//2620 2677//2677 2621//2621
f 2621//2621 2677//2677 2678//2678
f 2621//2621 2678//2678 2622//2622
f 2622//2622 2678//2678 2679//2679
f 2622//2622 2679//2679 2623//2623
f 2623//2623 2679//2679 2680//2680
f 2623//2623 2680//2680 2624//2624
f 2624//2624 2680//2680 2681//2681
f 2624//2624 2681//2681 2625//2625
f 2625//2625 2681//2681 2682//2682
f 2625//2625 2682//2682 2626//2626
f 2626//2626 2682//2682 2683//2683
f 2626//2626 2683//2683 2627//2627
f 2627//2627 2683//2683 2684//2684
f 2627//2627 2684//2684 2628//2628
f 2628//2628 2684//2684 2685//2685
f 2628//2628 2685//2685 2629//2629
f 2629//2629 2685//2685 2686//2686
f 2629//2629 2686//2686 2630//2630
f 2630//2630 2686//2686 2687//2687
f 2630//2630 2687//2687 2631//2631
f 2631//2631 2687//2687 2688//2688
f 2631//2631 2688//2688 2632//2632
f 2632//2632 2688//2688 2633//2633
f 2632//2632 2633//2633 2577//2577
f 2633//2633 2689//2689 2690//2690
f 2633//2633 2690//2690 2634//2634
f 2634//2634 2690//2690 2691//2691
f 2634//2634 2691//2691 2635//2635
f 2635//2635 2691//2691 2692//2692
f 2635//2635 2692//2692 2636//2636
f 2636//2636 2692//2692 2693//2693
f 2636//2636 2693//2693 2637//2637
f 2637//2637 2693//2693 2694//2694
f 2637//2637 2694//2694 2638//2638
f 2638//2638 2694//2694 2695//2695
f 2638//2638 2695//2695 2639//2639
f 2639//2639 2695//2695 2696//2696
f 2639//2639 2696//2696 2640//2640
f 2640//2640 2696//2696 2697//2697
f 2640//2640 2697//2697 2641//2641
f 2641//2641 2697//2697 2698//2698
f 2641//2641 2698//2698 2642//2642
f 2642//2642 2698//2698 2699//2699
f 2642//2642 2699//2699 2643//2643
f 2643//2643 2699//2699 2700//2700
f 2643//2643 2700//2700 2644//2644
f 2644//2644 2700//2700 2701//2701
f 2644//2644 2701//2701 2645//2645
f 2645//2645 2701//2701 2702//2702
f 2645//2645 2702//2702 2646//2646
f 2646//2646 2702//2702 2703//2703
f 2646//2646 2703//2703 2647//2647
f 2647//2647 2703//2703 2704//2704
f 2647//2647 2704//2704 2648//2648
f 2648//2648 2704//2704 2705//2705
f 2648//2648 2705//2705 2649//2649
f 2649//2649 2705//2705 2706//2706
f 2649//2649 2706//2706 2650//2650
f 2650//2650 2706//2706 2707//2707
f 2650//2650 2707//2707 2651//2651
f 2651//2651 2707//2707 2708//2708
f 2651//2651 2708//2708 2652//2652
f 2652//2652 2708//2708 2709//2709
f 2652//2652 2709//2709 2653//2653
f 2653//2653 2709//2709 2710//2710
f 2653//2653 2710//2710 2654//2654
f 2654//2654 2710//2710 2711//2711
f 2654//2654 2711//2711 2655//2655
f 2655//2655 2711//2711 2712//2712
f 2655//2655 2712//2712 2656//2656
f 2656//2656 2712//2712 2713//2713
f 2656//2656 2713//2713 2657//2657
f 2657//2657 2713//2713 2714//2714
f 2657//2657 2714//2714 2658//2658
f 2658//2658 2714//2714 2715//2715
f 2658//2658 2715//2715 2659//2659
f 2659//2659 2715//2715 2716//2716
f 2659//2659 2716//2716 2660//2660
f 2660//2660 2716//2716 2717//2717
f 2660//2660 2717//2717 2661//2661
f 2661//2661 2717//2717 2718//2718
f 2661//2661 2718//2718 2662//2662
f 2662//2662 2718//2718 2719//2719
f 2662//2662 2719//2719 2663//2663
f 2663//2663 2719//2719 2720//2720
f 2663//2663 2720//2720 2664//2664
f 2664//2664 2720//2720 2721//2721
f 2664//2664 2721//2721 2665//2665
f 2665//2665 2721//2721 2722//2722
f 2665//2665 2722//2722 2666//2666
f 2666//2666 2722//2722 2723//2723
f 2666//2666 2723//2723 2667//2667
f 2667//2667 2723//2723 2724//2724
f 2667//2667 2724//2724 2668//2668
f 2668//2668 2724//2724 2725//2725
f 2668//2668 2725//2725 2669//2669
f 2669//2669 2725//2725 2726//2726
f 2669//2669 2726//2726 2670//2670
f 2670//2670 2726//2726 2727//2727
f 2670//2670 2727//2727 2671//2671
f 2671//2671 2727//2727 2728//2728
f 2671//2671 2728//2728 2672//2672
f 2672//2672 2728//2728 2729//2729
f 2672//2672 2729//2729 2673//2673
f 2673//2673 2729//2729 2730//2730
f 2673//2673 2730//2730 2674//2674
f 2674//2674 2730//2730 2731//2731
f 2674//2674 2731//2731 2675//2675
f 2675//2675 2731//2731 2732//2732
f 2675//2675 2732//2732 2676//2676
f 2676//2676 2732//2732 2733//2733
f 2676//2676 2733//2733 2677//2677
f 2677//2677 2733//2733 2734//2734
f 2677//2677 2734//2734 2678//2678
f 2678//2678 2734//2734 2735//2735
f 2678//2678 2735//2735 2679//2679
f 2679//2679 2735//2735 2736//2736
f 2679//2679 2736//2736 2680//2680
f 2680//2680 2736//2736 2737//2737
f 2680//2680 2737//2737 2681//2681
f 2681//2681 2737//2737 2738//2738
f 2681//2681 2738//2738 2682//2682
f 2682//2682 2738//2738 2739//2739
f 2682//2682 2739//2739 2683//2683
f 2683//2683 2739//2739 2740//2740
f 2683//2683 2740//2740 2684//2684
f 2684//2684 2740//2740 2741//2741
f 2684//2684 2741//2741 2685//2685
f 2685//2685 2741//2741 2742//2742
f 2685//2685 2742//2742 2686//2686
f 2686//2686 2742//2742 2743//2743
f 2686//2686 2743//2743 2687//2687
f 2687//2687 2743//2743 2744//2744
f 2687//2687 2744//2744 2688//2688
f 2688//2688 2744//2744 2689//2689
f 2688//2688 2689//2689 2633//2633
f 2689//2689 2745//2745 2746//2746
f 2689//2689 2746//2746 2690//2690
f 2690//2690 2746//2746 2747//2747
f 2690//2690 2747//2747 2691//2691
f 2691//2691 2747//2747 2748//2748
f 2691//2691 2748//2748 2692//2692
f 2692//2692 2748//2748 2749//2749
f 2692//2692 2749//2749 2693//2693
f 2693//2693 2749//2749 2750//2750
f 2693//2693 2750//2750 2694//2694
f 2694//2694 2750//2750 2751//2751
f 2694//2694 2751//2751 2695//2695
f 2695//2695 2751//2751 2752//2752
f 2695//2695 2752//2752 2696//2696
f 2696//2696 2752//2752 2753//2753
f 2696//2696 2753//2753 2697//2697
f 2697//2697 2753//2753 2754//2754
f 2697//2697 2754//2754 2698//2698
f 2698//2698 2754//2754 2755//2755
f 2698//2698 2755//2755 2699//2699
f 2699//2699 2755//2755 2756//2756
f 2699//2699 2756//2756 2700//2700
f 2700//2700 2756//2756 2757//2757
f 2700//2700 2757//2757 2701//2701
f 2701//2701 2757//2757 2758//2758
f 2701//2701 2758//2758 2702//2702
f 2702//2702 2758//2758 2759//2759
f 2702//2702 2759//2759 2703//2703
f 2703//2703 2759//2759 2760//2760
f 2703//2703 2760//2760 2704//2704
f 2704//2704 2760//2760 2761//2761
f 2704//2704 2761//2761 2705//2705
f 2705//2705 2761//2761 2762//2762
f 2705//2705 2762//2762 2706//2706
f 2706//2706 2762//2762 2763//2763
f 2706//2706 2763//2763 2707//2707
f 2707//2707 2763//2763 2764//2764
f 2707//2707 2764//2764 2708//2708
f 2708//2708 2764//2764 2765//2765
f 2708//2708 2765//2765 2709//2709
f 2709//2709 2765//2765 2766//2766
f 2709//2709 2766//2766 2710//2710
f 2710//2710 2766//2766 2767//2767
f 2710//2710 2767//2767 2711//2711
f 2711//2711 2767//2767 2768//2768
f 2711//2711 2768//2768 2712//2712
f 2712//2712 2768//2768 2769//2769
f 2712//2712 2769//2769 2713//2713
f 2713//2713 2769//2769 2770//2770
f 2713//2713 2770//2770 2714//2714
f 2714//2714 2770//2770 2771//2771
f 2714//2714 2771//2771 2715//2715
f 2715//2715 2771//2771 2772//2772
f 2715//2715 2772//2772 2716//2716
f 2716//2716 2772//2772 2773//2773
f 2716//2716 2773//2773 2717//2717
f 2717//2717 2773//2773 2774//2774
f 2717//2717 2774//2774 2718//2718
f 2718//2718 2774//2774 2775//2775
f 2718//2718 2775//2775 2719//2719
f 2719//2719 2775//2775 2776//2776
f 2719//2719 2776//2776 2720//2720
f 2720//2720 2776//2776 2777//2777
f 2720//2720 2777//2777 2721//2721
f 2721//2721 2777//2777 2778//2778
f 2721//2721 2778//2778 2722//2722
f 2722//2722 2778//2778 2779//2779
f 2722//2722 2779//2779 2723//2723
f 2723//2723 2779//2779 2780//2780
f 2723//2723 2780//2780 2724//2724
f 2724//2724 2780//2780 2781//2781
f 2724//2724 2781//2781 2725//2725
f 2725//2725 2781//2781 2782//2782
f 2725//2725 2782//2782 2726//2726
f 2726//2726 2782//2782 2783//2783
f 2726//2726 2783//2783 2727//2727
f 2727//2727 2783//2783 2784//2784
f 2727//2727 2784//2784 2728//2728
f 2728//2728 2784//2784 2785//2785
f 2728//2728 2785//2785 2729//2729
f 2729//2729 2785//2785 2786//2786
f 2729//2729 2786//2786 2730//2730
f 2730//2730 2786//2786 2787//2787
f 2730//2730 2787//2787 2731//2731
f 2731//2731 2787//2787 2788//2788
f 2731//2731 2788//2788 2732//2732
f 2732//2732 2788//2788 2789//2789
f 2732//2732 2789//2789 2733//2733
f 2733//2733 2789//2789 2790//2790
f 2733//2733 2790//2790 2734//2734
f 2734//2734 2790//2790 2791//2791
f 2734//2734 2791//2791 2735//2735
f 2735//2735 2791//2791 2792//2792
f 2735//2735 2792//2792 2736//2736
f 2736//2736 2792//2792 2793//2793
f 2736//2736 2793//2793 2737//2737
f 2737//2737 2793//2793 2794//2794
f 2737//2737 2794//2794 2738//2738
f 2738//2738 2794//2794 2795//2795
f 2738//2738 2795//2795 2739//2739
f 2739//2739 2795//2795 2796//2796
f 2739//2739 2796//2796 2740//2740
f 2740//2740 2796//2796 2797//2797
f 2740//2740 2797//2797 2741//2741
f 2741//2741 2797//2797 2798//2798
f 2741//2741 2798//2798 2742//2742
f 2742//2742 2798//2798 2799//2799
f 2742//2742 2799//2799 2743//2743
f 2743//2743 2799//2799 2800//2800
f 2743//2743 2800//2800 2744//2744
f 2744//2744 2800//2800 2745//2745
f 2744//2744 2745//2745 2689//2689
f 2745//2745 2801//2801 2802//2802
f 2745//2745 2802//2802 2746//2746
f 2746//2746 2802//2802 2803//2803
f 2746//2746 2803//2803 2747//2747
f 2747//2747 2803//2803 2804//2804
f 2747//2747 2804//2804 2748//2748
f 2748//2748 2804//2804 2805//2805
f 2748//2748 2805//2805 2749//2749
f 2749//2749 2805//2805 2806//2806
f 2749//2749 2806//2806 2750//2750
f 2750//2750 2806//2806 2807//2807
f 2750//2750 2807//2807 2751//2751
f 2751//2751 2807//2807 2808//2808
f 2751//2751 2808//2808 2752//2752
f 2752//2752 2808//2808 2809//2809
f 2752//2752 2809//2809 2753//2753
f 2753//2753 2809//2809 2810//2810
f 2753//2753 2810//2810 2754//2754
f 2754//2754 2810//2810 2811//2811
f 2754//2754 2811//2811 2755//2755
f 2755//2755 2811//2811 2812//2812
f 2755//2755 2812//2812 2756//2756
f 2756//2756 2812//2812 2813//2813
f 2756//2756 2813//2813 2757//2757
f 2757//2757 2813//2813 2814//2814
f 2757//2757 2814//2814 2758//2758
f 2758//2758 2814//2814 2815//2815
f 2758//2758 2815//2815 2759//2759
f 2759//2759 2815//2815 2816//2816
f 2759//2759 2816//2816 2760//2760
f 2760//2760 2816//2816 2817//2817
f 2760//2760 2817//2817 2761//2761
f 2761//2761 2817//2817 2818//2818
f 2761//2761 2818//2818 2762//2762
f 2762//2762 2818//2818 2819//2819
f 2762//2762 2819//2819 2763//2763
f 2763//2763 2819//2819 2820//2820
f 2763//2763 2820//2820 2764//2764
f 2764//2764 2820//2820 2821//2821
f 2764//2764 2821//2821 2765//2765
f 2765//2765 2821//2821 2822//2822
f 2765//2765 2822//2822 2766//2766
f 2766//2766 2822//2822 2823//2823
f 2766//2766 2823//2823 2767//2767
f 2767//2767 2823//2823 2824//2824
f 2767//2767 2824//2824 2768//2768
f 2768//2768 2824//2824 2825//2825
f 2768//2768 2825//2825 2769//2769
f 2769//2769 2825//2825 2826//2826
f 2769//2769 2826//2826 2770//2770
f 2770//2770 2826//2826 2827//2827
f 2770//2770 2827//2827 2771//2771
f 2771//2771 2827//2827 2828//2828
f 2771//2771 2828//2828 2772//2772
f 2772//2772 2828//2828 2829//2829
f 2772//2772 2829//2829 2773//2773
f 2773//2773 2829//2829 2830//2830
f 2773//2773 2830//2830 2774//2774
f 2774//2774 2830//2830 2831//2831
f 2774//2774 2831//2831 2775//2775
f 2775//2775 2831//2831 2832//2832
f 2775//2775 2832//2832 2776//2776
f 2776//2776 2832//2832 2833//2833
f 2776//2776 2833//2833 2777//2777
f 2777//2777 2833//2833 2834//2834
f 2777//2777 2834//2834 2778//2778
f 2778//2778 2834//2834 2835//2835
f 2778//2778 2835//2835 2779//2779
f 2779//2779 2835//2835 2836//2836
f 2779//2779 2836//2836 2780//2780
f 2780//2780 2836//2836 2837//2837
f 2780//2780 2837//2837 2781//2781
f 2781//2781 2837//2837 2838//2838
f 2781//2781 2838//2838 2782//2782
f 2782//2782 2838//2838 2839//2839
f 2782//2782 2839//2839 2783//2783
f 2783//2783 2839//2839 2840//2840
f 2783//2783 2840//2840 2784//2784
f 2784//2784 2840//2840 2841//2841
f 2784//2784 2841//2841 2785//2785
f 2785//2785 2841//2841 2842//2842
f 2785//2785 2842//2842 2786//2786
f 2786//2786 2842//2842 2843//2843
f 2786//2786 2843//2843 2787//2787
f 2787//2787 2843//2843 2844//2844
f 2787//2787 2844//2844 2788//2788
f 2788//2788 2844//2844 2845//2845
f 2788//2788 2845//2845 2789//2789
f 2789//2789 2845//2845 2846//2846
f 2789//2789 2846//2846 2790//2790
f 2790//2790 2846//2846 2847//2847
f 2790//2790 2847//2847 2791//2791
f 2791//2791 2847//2847 2848//2848
f 2791//2791 2848//2848 2792//2792
f 2792//2792 2848//2848 2849//2849
f 2792//2792 2849//2849 2793//2793
f 2793//2793 2849//2849 2850//2850
f 2793//2793 2850//2850 2794//2794
f 2794//2794 2850//2850 2851//2851
f 2794//2794 2851//2851 2795//2795
f 2795//2795 2851//2851 2852//2852
f 2795//2795 2852//2852 2796//2796
f 2796//2796 2852//2852 2853//2853
f 2796//2796 2853//2853 2797//2797
f 2797//2797 2853//2853 2854//2854
f 2797//2797 2854//2854 2798//2798
f 2798//2798 2854//2854 2855//2855
f 2798//2798 2855//2855 2799//2799
f 2799//2799 2855//2855 2856//2856
f 2799//2799 2856//2856 2800//2800
f 2800//2800 2856//2856 2801//2801
f 2800//2800 2801//2801 2745//2745
f 2801//2801 2857//2857 2858//2858
f 2801//2801 2858//2858 2802//2802
f 2802//2802 2858//2858 2859//2859
f 2802//2802 2859//2859 2803//2803
f 2803//2803 2859//2859 2860//2860
f 2803//2803 2860//2860 2804//2804
f 2804//2804 2860//2860 2861//2861
f 2804//2804 2861//2861 2805//2805
f 2805//2805 2861//2861 2862//2862
f 2805//2805 2862//2862 2806//2806
f 2806//2806 2862//2862 2863//2863
f 2806//2806 2863//2863 2807//2807
f 2807//2807 2863//2863 2864//2864
f 2807//2807 2864//2864 2808//2808
f 2808//2808 2864//2864 2865//2865
f 2808//2808 2865//2865 2809//2809
f 2809//2809 2865//2865 2866//2866
f 2809//2809 2866//2866 2810//2810
f 2810//2810 2866//2866 2867//2867
f 2810//2810 2867//2867 2811//2811
f 2811//2811 2867//2867 2868//2868
f 2811//2811 2868//2868 2812//2812
f 2812//2812 2868//2868 2869//2869
f 2812//2812 2869//2869 2813//2813
f 2813//2813 2869//2869 2870//2870
f 2813//2813 2870//2870 2814//2814
f 2814//2814 2870//2870 2871//2871
f 2814//2814 2871//2871 2815//2815
f 2815//2815 2871//2871 2872//2872
f 2815//2815 2872//2872 2816//2816
f 2816//2816 2872//2872 2873//2873
f 2816//2816 2873//2873 2817//2817
f 2817//2817 2873//2873 2874//2874
f 2817//2817 2874//2874 2818//2818
f 2818//2818 2874//2874 2875//2875
f 2818//2818 2875//2875 2819//2819
f 2819//2819 2875//2875 2876//2876
f 2819//2819 2876//2876 2820//2820
f 2820//2820 2876//2876 2877//2877
f 2820//2820 2877//2877 2821//2821
f 2821//2821 2877//2877 2878//2878
f 2821//2821 2878//2878 2822//2822
f 2822//2822 2878//2878 2879//2879
f 2822//2822 2879//2879 2823//2823
f 2823//2823 2879//2879 2880//2880
f 2823//2823 2880//2880 2824//2824
f 2824//2824 2880//2880 2881//2881
f 2824//2824 2881//2881 2825//2825
f 2825//2825 2881//2881 2882//2882
f 2825//2825 2882//2882 2826//2826
f 2826//2826 2882//2882 2883//2883
f 2826//2826 2883//2883 2827//2827
f 2827//2827 2883//2883 2884//2884
f 2827//2827 2884//2884 2828//2828
f 2828//2828 2884//2884 2885//2885
f 2828//2828 2885//2885 2829//2829
f 2829//2829 2885//2885 2886//2886
f 2829//2829 2886//2886 2830//2830
f 2830//2830 2886//2886 2887//2887
f 2830//2830 2887//2887 2831//2831
f 2831//2831 2887//2887 2888//2888
f 2831//2831 2888//2888 2832//2832
f 2832//2832 2888//2888 2889//2889
f 2832//2832 2889//2889 2833//2833
f 2833//2833 2889//2889 2890//2890
f 2833//2833 2890//2890 2834//2834
f 2834//2834 2890//2890 2891//2891
f 2834//2834 2891//2891 2835//2835
f 2835//2835 2891//2891 2892//2892
f 2835//2835 2892//2892 2836//2836
f 2836//2836 2892//2892 2893//2893
f 2836//2836 2893//2893 2837//2837
f 2837//2837 2893//2893 2894//2894
f 2837//2837 2894//2894 2838//2838
f 2838//2838 2894//2894 2895//2895
f 2838//2838 2895//2895 2839//2839
f 2839//2839 2895//2895 2896//2896
f 2839//2839 2896//2896 2840//2840
f 2840//2840 2896//2896 2897//2897
f 2840//2840 2897//2897 2841//2841
f 2841//2841 2897//2897 2898//2898
f 2841//2841 2898//2898 2842//2842
f 2842//2842 2898//2898 2899//2899
f 2842//2842 2899//2899 2843//2843
f 2843//2843 2899//2899 2900//2900
f 2843//2843 2900//2900 2844//2844
f 2844//2844 2900//2900 2901//2901
f 2844//2844 2901//2901 2845//2845
f 2845//2845 2901//2901 2902//2902
f 2845//2845 2902//2902 2846//2846
f 2846//2846 2902//2902 2903//2903
f 2846//2846 2903//2903 2847//2847
f 2847//2847 2903//2903 2904//2904
f 2847//2847 2904//2904 2848//2848
f 2848//2848 2904//2904 2905//2905
f 2848//2848 2905//2905 2849//2849
f 2849//2849 2905//2905 2906//2906
f 2849//2849 2906//2906 2850//2850
f 2850//2850 2906//2906 2907//2907
f 2850//2850 2907//2907 2851//2851
f 2851//2851 2907//2907 2908//2908
f 2851//2851 2908//2908 2852//2852
f 2852//2852 2908//2908 2909//2909
f 2852//2852 2909//2909 2853//2853
f 2853//2853 2909//2909 2910//2910
f 2853//2853 2910//2910 2854//2854
f 2854//2854 2910//2910 2911//2911
f 2854//2854 2911//2911 2855//2855
f 2855//2855 2911//2911 2912//2912
f 2855//2855 2912//2912 2856//2856
f 2856//2856 2912//2912 2857//2857
f 2856//2856 2857//2857 2801//2801
f 2857//2857 2913//2913 2914//2914
f 2857//2857 2914//2914 2858//2858
f 2858//2858 2914//2914 2915//2915
f 2858//2858 2915//2915 2859//2859
f 2859//2859 2915//2915 2916//2916
f 2859//2859 2916//2916 2860//2860
f 2860//2860 2916//2916 2917//2917
f 2860//2860 2917//2917 2861//2861
f 2861//2861 2917//2917 2918//2918
f 2861//2861 2918//2918 2862//2862
f 2862//2862 2918//2918 2919//2919
f 2862//2862 2919//2919 2863//2863
f 2863//2863 2919//2919 2920//2920
f 2863//2863 2920//2920 2864//2864
f 2864//2864 2920//2920 2921//2921
f 2864//2864 2921//2921 2865//2865
f 2865//2865 2921//2921 2922//2922
f 2865//2865 2922//2922 2866//2866
f 2866//2866 2922//2922 2923//2923
f 2866//2866 2923//2923 2867//2867
f 2867//2867 2923//2923 2924//2924
f 2867//2867 2924//2924 2868//2868
f 2868//2868 2924//2924 2925//2925
f 2868//2868 2925//2925 2869//2869
f 2869//2869 2925//2925 2926//2926
f 2869//2869 2926//2926 2870//2870
f 2870//2870 2926//2926 2927//2927
f 2870//2870 2927//2927 2871//2871
f 2871//2871 2927//2927 2928//2928
f 2871//2871 2928//2928 2872//2872
f 2872//2872 2928//2928 2929//2929
f 2872//2872 2929//2929 2873//2873
f 2873//2873 2929//2929 2930//2930
f 2873//2873 2930//2930 2874//2874
f 2874//2874 2930//2930 2931//2931
f 2874//2874 2931//2931 2875//2875
f 2875//2875 2931//2931 2932//2932
f 2875//2875 2932//2932 2876//2876
f 2876//2876 2932//2932 2933//2933
f 2876//2876 2933//2933 2877//2877
f 2877//2877 2933//2933 2934//2934
f 2877//2877 2934//2934 2878//2878
f 2878//2878 2934//2934 2935//2935
f 2878//2878 2935//2935 2879//2879
f 2879//2879 2935//2935 2936//2936
f 2879//2879 2936//2936 2880//2880
f 2880//2880 2936//2936 2937//2937
f 2880//2880 2937//2937 2881//2881
f 2881//2881 2937//2937 2938//2938
f 2881//2881 2938//2938 2882//2882
f 2882//2882 2938//2938 2939//2939
f 2882//2882 2939//2939 2883//2883
f 2883//2883 2939//2939 2940//2940
f 2883//2883 2940//2940 2884//2884
f 2884//2884 2940//2940 2941//2941
f 2884//2884 2941//2941 2885//2885
f 2885//2885 2941//2941 2942//2942
f 2885//2885 2942//2942 2886//2886
f 2886//2886 2942//2942 2943//2943
f 2886//2886 2943//2943 2887//2887
f 2887//2887 2943//2943 2944//2944
f 2887//2887 2944//2944 2888//2888
f 2888//2888 2944//2944 2945//2945
f 2888//2888 2945//2945 2889//2889
f 2889//2889 2945//2945 2946//2946
f 2889//2889 2946//2946 2890//2890
f 2890//2890 2946//2946 2947//2947
f 2890//2890 2947//2947 2891//2891
f 2891//2891 2947//2947 2948//2948
f 2891//2891 2948//2948 2892//2892
f 2892//2892 2948//2948 2949//2949
f 2892//2892 2949//2949 2893//2893
f 2893//2893 2949//2949 2950//2950
f 2893//2893 2950//2950 2894//2894
f 2894//2894 2950//2950 2951//2951
f 2894//2894 2951//2951 2895//2895
f 2895//2895 2951//2951 2952//2952
f 2895//2895 2952//2952 2896//2896
f 2896//2896 2952//2952 2953//2953
f 2896//2896 2953//2953 2897//2897
f 2897//2897 2953//2953 2954//2954
f 2897//2897 2954//2954 2898//2898
f 2898//2898 2954//2954 2955//2955
f 2898//2898 2955//2955 2899//2899
f 2899//2899 2955//2955 2956//2956
f 2899//2899 2956//2956 2900//2900
f 2900//2900 2956//2956 2957//2957
f 2900//2900 2957//2957 2901//2901
f 2901//2901 2957//2957 2958//2958
f 2901//2901 2958//2958 2902//2902
f 2902//2902 2958//2958 2959//2959
f 2902//2902 2959//2959 2903//2903
f 2903//2903 2959//2959 2960//2960
f 2903//2903 2960//2960 2904//2904
f 2904//2904 2960//2960 2961//2961
f 2904//2904 2961//2961 2905//2905
f 2905//2905 2961//2961 2962//2962
f 2905//2905 2962//2962 2906//2906
f 2906//2906 2962//2962 2963//2963
f 2906//2906 2963//2963 2907//2907
f 2907//2907 2963//2963 2964//2964
f 2907//2907 2964//2964 2908//2908
f 2908//2908 2964//2964 2965//2965
f 2908//2908 2965//2965 2909//2909
f 2909//2909 2965//2965 2966//2966
f 2909//2909 2966//2966 2910//2910
f 2910//2910 2966//2966 2967//2967
f 2910//2910 2967//2967 2911//2911
f 2911//2911 2967//2967 2968//2968
f 2911//2911 2968//2968 2912//2912
f 2912//2912 2968//2968 2913//2913
f 2912//2912 2913//2913 2857//2857
f 2913//2913 2969//2969 2970//2970
f 2913//2913 2970//2970 2914//2914
f 2914//2914 2970//2970 2971//2971
f 2914//2914 2971//2971 2915//2915
f 2915//2915 2971//2971 2972//2972
f 2915//2915 2972//2972 2916//2916
f 2916//2916 2972//2972 2973//2973
f 2916//2916 2973//2973 2917//2917
f 2917//2917 2973//2973 2974//2974
f 2917//2917 2974//2974 2918//2918
f 2918//2918 2974//2974 2975//2975
f 2918//2918 2975//2975 2919//2919
f 2919//2919 2975//2975 2976//2976
f 2919//2919 2976//2976 2920//2920
f 2920//2920 2976//2976 2977//2977
f 2920//2920 2977//2977 2921//2921
f 2921//2921 2977//2977 2978//2978
f 2921//2921 2978//2978 2922//2922
f 2922//2922 2978//2978 2979//2979
f 2922//2922 2979//2979 2923//2923
f 2923//2923 2979//2979 2980//2980
f 2923//2923 2980//2980 2924//2924
f 2924//2924 2980//2980 2981//2981
f 2924//2924 2981//2981 2925//2925
f 2925//2925 2981//2981 2982//2982
f 2925//2925 2982//2982 2926//2926
f 2926//2926 2982//2982 2983//2983
f 2926//2926 2983//2983 2927//2927
f 2927//2927 2983//2983 2984//2984
f 2927//2927 2984//2984 2928//2928
f 2928//2928 2984//2984 2985//2985
f 2928//2928 2985//2985 2929//2929
f 2929//2929 2985//2985 2986//2986
f 2929//2929 2986//2986 2930//2930
f 2930//2930 2986//2986 2987//2987
f 2930//2930 2987//2987 2931//2931
f 2931//2931 2987//2987 2988//2988
f 2931//2931 2988//2988 2932//2932
f 2932//2932 2988//2988 2989//2989
f 2932//2932 2989//2989 2933//2933
f 2933//2933 2989//2989 2990//2990
f 2933//2933 2990//2990 2934//2934
f 2934//2934 2990//2990 2991//2991
f 2934//2934 2991//2991 2935//2935
f 2935//2935 2991//2991 2992//2992
f 2935//2935 2992//2992 2936//2936
f 2936//2936 2992//2992 2993//2993
f 2936//2936 2993//2993 2937//2937
f 2937//2937 2993//2993 2994//2994
f 2937//2937 2994//2994 2938//2938
f 2938//2938 2994//2994 2995//2995
f 2938//2938 2995//2995 2939//2939
f 2939//2939 2995//2995 2996//2996
f 2939//2939 2996//2996 2940//2940
f 2940//2940 2996//2996 2997//2997
f 2940//2940 2997//2997 2941//2941
f 2941//2941 2997//2997 2998//2998
f 2941//2941 2998//2998 2942//2942
f 2942//2942 2998//2998 2999//2999
f 2942//2942 2999//2999 2943//2943
f 2943//2943 2999//2999 3000//3000
f 2943//2943 3000//3000 2944//2944
f 2944//2944 3000//3000 3001//3001
f 2944//2944 3001//3001 2945//2945
f 2945//2945 3001//3001 3002//3002
f 2945//2945 3002//3002 2946//2946
f 2946//2946 3002//3002 3003//3003
f 2946//2946 3003//3003 2947//2947
f 2947//2947 3003//3003 3004//3004
f 2947//2947 3004//3004 2948//2948
f 2948//2948 3004//3004 3005//3005
f 2948//2948 3005//3005 2949//2949
f 2949//2949 3005//3005 3006//3006
f 2949//2949 3006//3006 2950//2950
f 2950//2950 3006//3006 3007//3007
f 2950//2950 3007//3007 2951//2951
f 2951//2951 3007//3007 3008//3008
f 2951//2951 3008//3008 2952//2952
f 2952//2952 3008//3008 3009//3009
f 2952//2952 3009//3009 2953//2953
f 2953//2953 3009//3009 3010//3010
f 2953//2953 3010//3010 2954//2954
f 2954//2954 3010//3010 3011//3011
f 2954//2954 3011//3011 2955//2955
f 2955//2955 3011//3011 3012//3012
f 2955//2955 3012//3012 2956//2956
f 2956//2956 3012//3012 3013//3013
f 2956//2956 3013//3013 2957//2957
f 2957//2957 3013//3013 3014//3014
f 2957//2957 3014//3014 2958//2958
f 2958//2958 3014//3014 3015//3015
f 2958//2958 3015//3015 2959//2959
f 2959//2959 3015//3015 3016//3016
f 2959//2959 3016//3016 2960//2960
f 2960//2960 3016//3016 3017//3017
f 2960//2960 3017//3017 2961//2961
f 2961//2961 3017//3017 3018//3018
f 2961//2961 3018//3018 2962//2962
f 2962//2962 3018//3018 3019//3019
f 2962//2962 3019//3019 2963//2963
f 2963//2963 3019//3019 3020//3020
f 2963//2963 3020//3020 2964//2964
f 2964//2964 3020//3020 3021//3021
f 2964//2964 3021//3021 2965//2965
f 2965//2965 3021//3021 3022//3022
f 2965//2965 3022//3022 2966//2966
f 2966//2966 3022//3022 3023//3023
f 2966//2966 3023//3023 2967//2967
f 2967//2967 3023//3023 3024//3024
f 2967//2967 3024//3024 2968//2968
f 2968//2968 3024//3024 2969//2969
f 2968//2968 2969//2969 2913//2913
f 3025//3025 3081//3081 3082//3082
f 3025//3025 3082//3082 3026//3026
f 3026//3026 3082//3082 3083//3083
f 3026//3026 3083//3083 3027//3027
f 3027//3027 3083//3083 3084//3084
f 3027//3027 3084//3084 3028//3028
f 3028//3028 3084//3084 3085//3085
f 3028//3028 3085//3085 3029//3029
f 3029//3029 3085//3085 3086//3086
f 3029//3029 3086//3086 3030//3030
f 3030//3030 3086//3086 3087//3087
f 3030//3030 3087//3087 3031//3031
f 3031//3031 3087//3087 3088//3088
f 3031//3031 3088//3088 3032//3032
f 3032//3032 3088//3088 3089//3089
f 3032//3032 3089//3089 3033//3033
f 3033//3033 3089//3089 3090//3090
f 3033//3033 3090//3090 3034//3034
f 3034//3034 3090//3090 3091//3091
f 3034//3034 3091//3091 3035//3035
f 3035//3035 3091//3091 3092//3092
f 3035//3035 3092//3092 3036//3036
f 3036//3036 3092//3092 3093//3093
f 3036//3036 3093//3093 3037//3037
f 3037//3037 3093//3093 3094//3094
f 3037//3037 3094//3094 3038//3038
f 3038//3038 3094//3094 3095//3095
f 3038//3038 3095//3095 3039//3039
f 3039//3039 3095//3095 3096//3096
f 3039//3039 3096//3096 3040//3040
f 3040//3040 3096//3096 3097//3097
f 3040//3040 3097//3097 3041//3041
f 3041//3041 3097//3097 3098//3098
f 3041//3041 3098//3098 3042//3042
f 3042//3042 3098//3098 3099//3099
f 3042//3042 3099//3099 3043//3043
f 3043//3043 3099//3099 3100//3100
f 3043//3043 3100//3100 3044//3044
f 3044//3044 3100//3100 3101//3101
f 3044//3044 3101//3101 3045//3045
f 3045//3045 3101//3101 3102//3102
f 3045//3045 3102//3102 3046//3046
f 3046//3046 3102//3102 3103//3103
f 3046//3046 3103//3103 3047//3047
f 3047//3047 3103//3103 3104//3104
f 3047//3047 3104//3104 3048//3048
f 3048//3048 3104//3104 3105//3105
f 3048//3048 3105//3105 3049//3049
f 3049//3049 3105//3105 3106//3106
f 3049//3049 3106//3106 3050//3050
f 3050//3050 3106//3106 3107//3107
f 3050//3050 3107//3107 3051//3051
f 3051//3051 3107//3107 3108//3108
f 3051//3051 3108//3108 3052//3052
f 3052//3052 3108//3108 3109//3109
f 3052//3052 3109//3109 3053//3053
f 3053//3053 3109//3109 3110//3110
f 3053//3053 3110//3110 3054//3054
f 3054//3054 3110//3110 3111//3111
f 3054//3054 3111//3111 3055//3055
f 3055//3055 3111//3111 3112//3112
f 3055//3055 3112//3112 3056//3056
f 3056//3056 3112//3112 3113//3113
f 3056//3056 3113//3113 3057//3057
f 3057//3057 3113//3113 3114//3114
f 3057//3057 3114//3114 3058//3058
f 3058//3058 3114//3114 3115//3115
f 3058//3058 3115//3115 3059//3059
f 3059//3059 3115//3115 3116//3116
f 3059//3059 3116//3116 3060//3060
f 3060//3060 3116//3116 3117//3117
f 3060//3060 3117//3117 3061//3061
f 3061//3061 3117//3117 3118//3118
f 3061//3061 3118//3118 3062//3062
f 3062//3062 3118//3118 3119//3119
f 3062//3062 3119//3119 3063//3063
f 3063//3063 3119//3119 3120//3120
f 3063//3063 3120//3120 3064//3064
f 3064//3064 3120//3120 3121//3121
f 3064//3064 3121//3121 3065//3065
f 3065//3065 3121//3121 3122//3122
f 3065//3065 3122//3122 3066//3066
f 3066//3066 3122//3122 3123//3123
f 3066//3066 3123//3123 3067//3067
f 3067//3067 3123//3123 3124//3124
f 3067//3067 3124//3124 3068//3068
f 3068//3068 3124//3124 3125//3125
f 3068//3068 3125//3125 3069//3069
f 3069//3069 3125//3125 3126//3126
f 3069//3069 3126//3126 3070//3070
f 3070//3070 3126//3126 3127//3127
f 3070//3070 3127//3127 3071//3071
f 3071//3071 3127//3127 3128//3128
f 3071//3071 3128//3128 3072//3072
f 3072//3072 3128//3128 3129//3129
f 3072//3072 3129//3129 3073//3073
f 3073//3073 3129//3129 3130//3130
f 3073//3073 3130//3130 3074//3074
f 3074//3074 3130//3130 3131//3131
f 3074//3074 3131//3131 3075//3075
f 3075//3075 3131//3131 3132//3132
f 3075//3075 3132//3132 3076//3076
f 3076//3076 3132//3132 3133//3133
f 3076//3076 3133//3133 3077//3077
f 3077//3077 3133//3133 3134//3134
f 3077//3077 3134//3134 3078//3078
f 3078//3078 3134//3134 3135//3135
f 3078//3078 3135//3135 3079//3079
f 3079//3079 3135//3135 3136//3136
f 3079//3079 3136//3136 3080//3080
f 3080//3080 3136//3136 3081//3081
f 3080//3080 3081//3081 3025//3025
f 3081//3081 3137//3137 3138//3138
f 3081//3081 3138//3138 3082//3082
f 3082//3082 3138//3138 3139//3139
f 3082//3082 3139//3139 3083//3083
f 3083//3083 3139//3139 3140//3140
f 3083//3083 3140//3140 3084//3084
f 3084//3084 3140//3140 3141//3141
f 3084//3084 3141//3141 3085//3085
f 3085//3085 3141//3141 3142//3142
f 3085//3085 3142//3142 3086//3086
f 3086//3086 3142//3142 3143//3143
f 3086//3086 3143//3143 3087//3087
f 3087//3087 3143//3143 3144//3144
f 3087//3087 3144//3144 3088//3088
f 3088//3088 3144//3144 3145//3145
f 3088//3088 3145//3145 3089//3089
f 3089//3089 3145//3145 3146//3146
f 3089//3089 3146//3146 3090//3090
f 3090//3090 3146//3146 3147//3147
f 3090//3090 3147//3147 3091//3091
f 3091//3091 3147//3147 3148//3148
f 3091//3091 3148//3148 3092//3092
f 3092//3092 3148//3148 3149//3149
f 3092//3092 3149//3149 3093//3093
f 3093//3093 3149//3149 3150//3150
f 3093//3093 3150//3150 3094//3094
f 3094//3094 3150//3150 3151//3151
f 3094//3094 3151//3151 3095//3095
f 3095//3095 3151//3151 3152//3152
f 3095//3095 3152//3152 3096//3096
f 3096//3096 3152//3152 3153//3153
f 3096//3096 3153//3153 3097//3097
f 3097//3097 3153//3153 3154//3154
f 3097//3097 3154//3154 3098//3098
f 3098//3098 3154//3154 3155//3155
f 3098//3098 3155//3155 3099//3099
f 3099//3099 3155//3155 3156//3156
f 3099//3099 3156//3156 3100//3100
f 3100//3100 3156//3156 3157//3157
f 3100//3100 3157//3157 3101//3101
f 3101//3101 3157//3157 3158//3158
f 3101//3101 3158//3158 3102//3102
f 3102//3102 3158//3158 3159//3159
f 3102//3102 3159//3159 3103//3103
f 3103//3103 3159//3159 3160//3160
f 3103//3103 3160//3160 3104//3104
f 3104//3104 3160//3160 3161//3161
f 3104//3104 3161//3161 3105//3105
f 3105//3105 3161//3161 3162//3162
f 3105//3105 3162//3162 3106//3106
f 3106//3106 3162//3162 3163//3163
f 3106//3106 3163//3163 3107//3107
f 3107//3107 3163//3163 3164//3164
f 3107//3107 3164//3164 3108//3108
f 3108//3108 3164//3164 3165//3165
f 3108//3108 3165//3165 3109//3109
f 3109//3109 3165//3165 3166//3166
f 3109//3109 3166//3166 3110//3110
f 3110//3110 3166//3166 3167//3167
f 3110//3110 3167//3167 3111//3111
f 3111//3111 3167//3167 3168//3168
f 3111//3111 3168//3168 3112//3112
f 3112//3112 3168//3168 3169//3169
f 3112//3112 3169//3169 3113//3113
f 3113//3113 3169//3169 3170//3170
f 3113//3113 3170//3170 3114//3114
f 3114//3114 3170//3170 3171//3171
f 3114//3114 3171//3171 3115//3115
f 3115//3115 3171//3171 3172//3172
f 3115//3115 3172//3172 3116//3116
f 3116//3116 3172//3172 3173//3173
f 3116//3116 3173//3173 3117//3117
f 3117//3117 3173//3173 3174//3174
f 3117//3117 3174//3174 3118//3118
f 3118//3118 3174//3174 3175//3175
f 3118//3118 3175//3175 3119//3119
f 3119//3119 3175//3175 3176//3176
f 3119//3119 3176//3176 3120//3120
f 3120//3120 3176//3176 3177//3177
f 3120//3120 3177//3177 3121//3121
f 3121//3121 3177//3177 3178//3178
f 3121//3121 3178//3178 3122//3122
f 3122//3122 3178//3178 3179//3179
f 3122//3122 3179//3179 3123//3123
f 3123//3123 3179//3179 3180//3180
f 3123//3123 3180//3180 3124//3124
f 3124//3124 3180//3180 3181//3181
f 3124//3124 3181//3181 3125//3125
f 3125//3125 3181//3181 3182//3182
f 3125//3125 3182//3182 3126//3126
f 3126//3126 3182//3182 3183//3183
f 3126//3126 3183//3183 3127//3127
f 3127//3127 3183//3183 3184//3184
f 3127//3127 3184//3184 3128//3128
f 3128//3128 3184//3184 3185//3185
f 3128//3128 3185//3185 3129//3129
f 3129//3129 3185//3185 3186//3186
f 3129//3129 3186//3186 3130//3130
f 3130//3130 3186//3186 3187//3187
f 3130//3130 3187//3187 3131//3131
f 3131//3131 3187//3187 3188//3188
f 3131//3131 3188//3188 3132//3132
f 3132//3132 3188//3188 3189//3189
f 3132//3132 3189//3189 3133//3133
f 3133//3133 3189//3189 3190//3190
f 3133//3133 3190//3190 3134//3134
f 3134//3134 3190//3190 3191//3191
f 3134//3134 3191//3191 3135//3135
f 3135//3135 3191//3191 3192//3192
f 3135//3135 3192//3192 3136//3136
f 3136//3136 3192//3192 3137//3137
f 3136//3136 3137//3137 3081//3081
f 3137//3137 3193//3193 3194//3194
f 3137//3137 3194//3194 3138//3138
f 3138//3138 3194//3194 3195//3195
f 3138//3138 3195//3195 3139//3139
f 3139//3139 3195//3195 3196//3196
f 3139//3139 3196//3196 3140//3140
f 3140//3140 3196//3196 3197//3197
f 3140//3140 3197//3197 3141//3141
f 3141//3141 3197//3197 3198//3198
f 3141//3141 3198//3198 3142//3142
f 3142//3142 3198//3198 3199//3199
f 3142//3142 3199//3199 3143//3143
f 3143//3143 3199//3199 3200//3200
f 3143//3143 3200//3200 3144//3144
f 3144//3144 3200//3200 3201//3201
f 3144//3144 3201//3201 3145//3145
f 3145//3145 3201//3201 3202//3202
f 3145//3145 3202//3202 3146//3146
f 3146//3146 3202//3202 3203//3203
f 3146//3146 3203//3203 3147//3147
f 3147//3147 3203//3203 3204//3204
f 3147//3147 3204//3204 3148//3148
f 3148//3148 3204//3204 3205//3205
f 3148//3148 3205//3205 3149//3149
f 3149//3149 3205//3205 3206//3206
f 3149//3149 3206//3206 3150//3150
f 3150//3150 3206//3206 3207//3207
f 3150//3150 3207//3207 3151//3151
f 3151//3151 3207//3207 3208//3208
f 3151//3151 3208//3208 3152//3152
f 3152//3152 3208//3208 3209//3209
f 3152//3152 3209//3209 3153//3153
f 3153//3153 3209//3209 3210//3210
f 3153//3153 3210//3210 3154//3154
f 3154//3154 3210//3210 3211//3211
f 3154//3154 3211//3211 3155//3155
f 3155//3155 3211//3211 3212//3212
f 3155//3155 3212//3212 3156//3156
f 3156//3156 3212//3212 3213//3213
f 3156//3156 3213//3213 3157//3157
f 3157//3157 3213//3213 3214//3214
f 3157//3157 3214//3214 3158//3158
f 3158//3158 3214//3214 3215//3215
f 3158//3158 3215//3215 3159//3159
f 3159//3159 3215//3215 3216//3216
f 3159//3159 3216//3216 3160//3160
f 3160//3160 3216//3216 3217//3217
f 3160//3160 3217//3217 3161//3161
f 3161//3161 3217//3217 3218//3218
f 3161//3161 3218//3218 3162//3162
f 3162//3162 3218//3218 3219//3219
f 3162//3162 3219//3219 3163//3163
f 3163//3163 3219//3219 3220//3220
f 3163//3163 3220//3220 3164//3164
f 3164//3164 3220//3220 3221//3221
f 3164//3164 3221//3221 3165//3165
f 3165//3165 3221//3221 3222//3222
f 3165//3165 3222//3222 3166//3166
f 3166//3166 3222//3222 3223//3223
f 3166//3166 3223//3223 3167//3167
f 3167//3167 3223//3223 3224//3224
f 3167//3167 3224//3224 3168//3168
f 3168//3168 3224//3224 3225//3225
f 3168//3168 3225//3225 3169//3169
f 3169//3169 3225//3225 3226//3226
f 3169//3169 3226//3226 3170//3170
f 3170//3170 3226//3226 3227//3227
f 3170//3170 3227//3227 3171//3171
f 3171//3171 3227//3227 3228//3228
f 3171//3171 3228//3228 3172//3172
f 3172//3172 3228//3228 3229//3229
f 3172//3172 3229//3229 3173//3173
f 3173//3173 3229//3229 3230//3230
f 3173//3173 3230//3230 3174//3174
f 3174//3174 3230//3230 3231//3231
f 3174//3174 3231//3231 3175//3175
f 3175//3175 3231//3231 3232//3232
f 3175//3175 3232//3232 3176//3176
f 3176//3176 3232//3232 3233//3233
f 3176//3176 3233//3233 3177//3177
f 3177//3177 3233//3233 3234//3234
f 3177//3177 3234//3234 3178//3178
f 3178//3178 3234//3234 3235//3235
f 3178//3178 3235//3235 3179//3179
f 3179//3179 3235//3235 3236//3236
f 3179//3179 3236//3236 3180//3180
f 3180//3180 3236//3236 3237//3237
f 3180//3180 3237//3237 3181//3181
f 3181//3181 3237//3237 3238//3238
f 3181//3181 3238//3238 3182//3182
f 3182//3182 3238//3238 3239//3239
f 3182//3182 3239//3239 3183//3183
f 3183//3183 3239//3239 3240//3240
f 3183//3183 3240//3240 3184//3184
f 3184//3184 3240//3240 3241//3241
f 3184//3184 3241//3241 3185//3185
f 3185//3185 3241//3241 3242//3242
f 3185//3185 3242//3242 3186//3186
f 3186//3186 3242//3242 3243//3243
f 3186//3186 3243//3243 3187//3187
f 3187//3187 3243//3243 3244//3244
f 3187//3187 3244//3244 3188//3188
f 3188//3188 3244//3244 3245//3245
f 3188//3188 3245//3245 3189//3189
f 3189//3189 3245//3245 3246//3246
f 3189//3189 3246//3246 3190//3190
f 3190//3190 3246//3246 3247//3247
f 3190//3190 3247//3247 3191//3191
f 3191//3191 3247//3247 3248//3248
f 3191//3191 3248//3248 3192//3192
f 3192//3192 3248//3248 3193//3193
f 3192//3192 3193//3193 3137//3137
f 3193//3193 3249//3249 3250//3250
f 3193//3193 3250//3250 3194//3194
f 3194//3194 3250//3250 3251//3251
f 3194//3194 3251//3251 3195//3195
f 3195//3195 3251//3251 3252//3252
f 3195//3195 3252//3252 3196//3196
f 3196//3196 3252//3252 3253//3253
f 3196//3196 3253//3253 3197//3197
f 3197//3197 3253//3253 3254//3254
f 3197//3197 3254//3254 3198//3198
f 3198//3198 3254//3254 3255//3255
f 3198//3198 3255//3255 3199//3199
f 3199//3199 3255//3255 3256//3256
f 3199//3199 3256//3256 3200//3200
f 3200//3200 3256//3256 3257//3257
f 3200//3200 3257//3257 3201//3201
f 3201//3201 3257//3257 3258//3258
f 3201//3201 3258//3258 3202//3202
f 3202//3202 3258//3258 3259//3259
f 3202//3202 3259//3259 3203//3203
f 3203//3203 3259//3259 3260//3260
f 3203//3203 3260//3260 3204//3204
f 3204//3204 3260//3260 3261//3261
f 3204//3204 3261//3261 3205//3205
f 3205//3205 3261//3261 3262//3262
f 3205//3205 3262//3262 3206//3206
f 3206//3206 3262//3262 3263//3263
f 3206//3206 3263//3263 3207//3207
f 3207//3207 3263//3263 3264//3264
f 3207//3207 3264//3264 3208//3208
f 3208//3208 3264//3264 3265//3265
f 3208//3208 3265//3265 3209//3209
f 3209//3209 3265//3265 3266//3266
f 3209//3209 3266//3266 3210//3210
f 3210//3210 3266//3266 3267//3267
f 3210//3210 3267//3267 3211//3211
f 3211//3211 3267//3267 3268//3268
f 3211//3211 3268//3268 3212//3212
f 3212//3212 3268//3268 3269//3269
f 3212//3212 3269//3269 3213//3213
f 3213//3213 3269//3269 3270//3270
f 3213//3213 3270//3270 3214//3214
f 3214//3214 3270//3270 3271//3271
f 3214//3214 3271//3271 3215//3215
f 3215//3215 3271//3271 3272//3272
f 3215//3215 3272//3272 3216//3216
f 3216//3216 3272//3272 3273//3273
f 3216//3216 3273//3273 3217//3217
f 3217//3217 3273//3273 3274//3274
f 3217//3217 3274//3274 3218//3218
f 3218//3218 3274//3274 3275//3275
f 3218//3218 3275//3275 3219//3219
f 3219//3219 3275//3275 3276//3276
f 3219//3219 3276//3276 3220//3220
f 3220//3220 3276//3276 3277//3277
f 3220//3220 3277//3277 3221//3221
f 3221//3221 3277//3277 3278//3278
f 3221//3221 3278//3278 3222//3222
f 3222//3222 3278//3278 3279//3279
f 3222//3222 3279//3279 3223//3223
f 3223//3223 3279//3279 3280//3280
f 3223//3223 3280//3280 3224//3224
f 3224//3224 3280//3280 3281//3281
f 3224//3224 3281//3281 3225//3225
f 3225//3225 3281//3281 3282//3282
f 3225//3225 3282//3282 3226//3226
f 3226//3226 3282//3282 3283//3283
f 3226//3226 3283//3283 3227//3227
f 3227//3227 3283//3283 3284//3284
f 3227//3227 3284//3284 3228//3228
f 3228//3228 3284//3284 3285//3285
f 3228//3228 3285//3285 3229//3229
f 3229//3229 3285//3285 3286//3286
f 3229//3229 3286//3286 3230//3230
f 3230//3230 3286//3286 3287//3287
f 3230//3230 3287//3287 3231//3231
f 3231//3231 3287//3287 3288//3288
f 3231//3231 3288//3288 3232//3232
f 3232//3232 3288//3288 3289//3289
f 3232//3232 3289//3289 3233//3233
f 3233//3233 3289//3289 3290//3290
f 3233//3233 3290//3290 3234//3234
f 3234//3234 3290//3290 3291//3291
f 3234//3234 3291//3291 3235//3235
f 3235//3235 3291//3291 3292//3292
f 3235//3235 3292//3292 3236//3236
f 3236//3236 3292//3292 3293//3293
f 3236//3236 3293//3293 3237//3237
f 3237//3237 3293//3293 3294//3294
f 3237//3237 3294//3294 3238//3238
f 3238//3238 3294//3294 3295//3295
f 3238//3238 3295//3295 3239//3239
f 3239//3239 3295//3295 3296//3296
f 3239//3239 3296//3296 3240//3240
f 3240//3240 3296//3296 3297//3297
f 3240//3240 3297//3297 3241//3241
f 3241//3241 3297//3297 3298//3298
f 3241//3241 3298//3298 3242//3242
f 3242//3242 3298//3298 3299//3299
f 3242//3242 3299//3299 3243//3243
f 3243//3243 3299//3299 3300//3300
f 3243//3243 3300//3300 3244//3244
f 3244//3244 3300//3300 3301//3301
f 3244//3244 3301//3301 3245//3245
f 3245//3245 3301//3301 3302//3302
f 3245//3245 3302//3302 3246//3246
f 3246//3246 3302//3302 3303//3303
f 3246//3246 3303//3303 3247//3247
f 3247//3247 3303//3303 3304//3304
f 3247//3247 3304//3304 3248//3248
f 3248//3248 3304//3304 3249//3249
f 3248//3248 3249//3249 3193//3193
f 3249//3249 3305//3305 3306//3306
f 3249//3249 3306//3306 3250//3250
f 3250//3250 3306//3306 3307//3307
f 3250//3250 3307//3307 3251//3251
f 3251//3251 3307//3307 3308//3308
f 3251//3251 3308//3308 3252//3252
f 3252//3252 3308//3308 3309//3309
f 3252//3252 3309//3309 3253//3253
f 3253//3253 3309//3309 3310//3310
f 3253//3253 3310//3310 3254//3254
f 3254//3254 3310//3310 3311//3311
f 3254//3254 3311//3311 3255//3255
f 3255//3255 3311//3311 3312//3312
f 3255//3255 3312//3312 3256//3256
f 3256//3256 3312//3312 3313//3313
f 3256//3256 3313//3313 3257//3257
f 3257//3257 3313//3313 3314//3314
f 3257//3257 3314//3314 3258//3258
f 3258//3258 3314//3314 3315//3315
f 3258//3258 3315//3315 3259//3259
f 3259//3259 3315//3315 3316//3316
f 3259//3259 3316//3316 3260//3260
f 3260//3260 3316//3316 3317//3317
f 3260//3260 3317//3317 3261//3261
f 3261//3261 3317//3317 3318//3318
f 3261//3261 3318//3318 3262//3262
f 3262//3262 3318//3318 3319//3319
f 3262//3262 3319//3319 3263//3263
f 3263//3263 3319//3319 3320//3320
f 3263//3263 3320//3320 3264//3264
f 3264//3264 3320//3320 3321//3321
f 3264//3264 3321//3321 3265//3265
f 3265//3265 3321//3321 3322//3322
f 3265//3265 3322//3322 3266//3266
f 3266//3266 3322//3322 3323//3323
f 3266//3266 3323//3323 3267//3267
f 3267//3267 3323//3323 3324//3324
f 3267//3267 3324//3324 3268//3268
f 3268//3268 3324//3324 3325//3325
f 3268//3268 3325//3325 3269//3269
f 3269//3269 3325//3325 3326//3326
f 3269//3269 3326//3326 3270//3270
f 3270//3270 3326//3326 3327//3327
f 3270//3270 3327//3327 3271//3271
f 3271//3271 3327//3327 3328//3328
f 3271//3271 3328//3328 3272//3272
f 3272//3272 3328//3328 3329//3329
f 3272//3272 3329//3329 3273//3273
f 3273//3273 3329//3329 3330//3330
f 3273//3273 3330//3330 3274//3274
f 3274//3274 3330//3330 3331//3331
f 3274//3274 3331//3331 3275//3275
f 3275//3275 3331//3331 3332//3332
f 3275//3275 3332//3332 3276//3276
f 3276//3276 3332//3332 3333//3333
f 3276//3276 3333//3333 3277//3277
f 3277//3277 3333//3333 3334//3334
f 3277//3277 3334//3334 3278//3278
f 3278//3278 3334//3334 3335//3335
f 3278//3278 3335//3335 3279//3279
f 3279//3279 3335//3335 3336//3336
f 3279//3279 3336//3336 3280//3280
f 3280//3280 3336//3336 3337//3337
f 3280//3280 3337//3337 3281//3281
f 3281//3281 3337//3337 3338//3338
f 3281//3281 3338//3338 3282//3282
f 3282//3282 3338//3338 3339//3339
f 3282//3282 3339//3339 3283//3283
f 3283//3283 3339//3339 3340//3340
f 3283//3283 3340//3340 3284//3284
f 3284//3284 3340//3340 3341//3341
f 3284//3284 3341//3341 3285//3285
f 3285//3285 3341//3341 3342//3342
f 3285//3285 3342//3342 3286//3286
f 3286//3286 3342//3342 3343//3343
f 3286//3286 3343//3343 3287//3287
f 3287//3287 3343//3343 3344//3344
f 3287//3287 3344//3344 3288//3288
f 3288//3288 3344//3344 3345//3345
f 3288//3288 3345//3345 3289//3289
f 3289//3289 3345//3345 3346//3346
f 3289//3289 3346//3346 3290//3290
f 3290//3290 3346//3346 3347//3347
f 3290//3290 3347//3347 3291//3291
f 3291//3291 3347//3347 3348//3348
f 3291//3291 3348//3348 3292//3292
f 3292//3292 3348//3348 3349//3349
f 3292//3292 3349//3349 3293//3293
f 3293//3293 3349//3349 3350//3350
f 3293//3293 3350//3350 3294//3294
f 3294//3294 3350//3350 3351//3351
f 3294//3294 3351//3351 3295//3295
f 3295//3295 3351//3351 3352//3352
f 3295//3295 3352//3352 3296//3296
f 3296//3296 3352//3352 3353//3353
f 3296//3296 3353//3353 3297//3297
f 3297//3297 3353//3353 3354//3354
f 3297//3297 3354//3354 3298//3298
f 3298//3298 3354//3354 3355//3355
f 3298//3298 3355//3355 3299//3299
f 3299//3299 3355//3355 3356//3356
f 3299//3299 3356//3356 3300//3300
f 3300//3300 3356//3356 3357//3357
f 3300//3300 3357//3357 3301//3301
f 3301//3301 3357//3357 3358//3358
f 3301//3301 3358//3358 3302//3302
f 3302//3302 3358//3358 3359//3359
f 3302//3302 3359//3359 3303//3303
f 3303//3303 3359//3359 3360//3360
f 3303//3303 3360//3360 3304//3304
f 3304//3304 3360//3360 3305//3305
f 3304//3304 3305//3305 3249//3249
f 3305//3305 3361//3361 3362//3362
f 3305//3305 3362//3362 3306//3306
f 3306//3306 3362//3362 3363//3363
f 3306//3306 3363//3363 3307//3307
f 3307//3307 3363//3363 3364//3364
f 3307//3307 3364//3364 3308//3308
f 3308//3308 3364//3364 3365//3365
f 3308//3308 3365//3365 3309//3309
f 3309//3309 3365//3365 3366//3366
f 3309//3309 3366//3366 3310//3310
f 3310//3310 3366//3366 3367//3367
f 3310//3310 3367//3367 3311//3311
f 3311//3311 3367//3367 3368//3368
f 3311//3311 3368//3368 3312//3312
f 3312//3312 3368//3368 3369//3369
f 3312//3312 3369//3369 3313//3313
f 3313//3313 3369//3369 3370//3370
f 3313//3313 3370//3370 3314//3314
f 3314//3314 3370//3370 3371//3371
f 3314//3314 3371//3371 3315//3315
f 3315//3315 3371//3371 3372//3372
f 3315//3315 3372//3372 3316//3316
f 3316//3316 3372//3372 3373//3373
f 3316//3316 3373//3373 3317//3317
f 3317//3317 3373//3373 3374//3374
f 3317//3317 3374//3374 3318//3318
f 3318//3318 3374//3374 3375//3375
f 3318//3318 3375//3375 3319//3319
f 3319//3319 3375//3375 3376//3376
f 3319//3319 3376//3376 3320//3320
f 3320//3320 3376//3376 3377//3377
f 3320//3320 3377//3377 3321//3321
f 3321//3321 3377//3377 3378//3378
f 3321//3321 3378//3378 3322//3322
f 3322//3322 3378//3378 3379//3379
f 3322//3322 3379//3379 3323//3323
f 3323//3323 3379//3379 3380//3380
f 3323//3323 3380//3380 3324//3324
f 3324//3324 3380//3380 3381//3381
f 3324//3324 3381//3381 3325//3325
f 3325//3325 3381//3381 3382//3382
f 3325//3325 3382//3382 3326//3326
f 3326//3326 3382//3382 3383//3383
f 3326//3326 3383//3383 3327//3327
f 3327//3327 3383//3383 3384//3384
f 3327//3327 3384//3384 3328//3328
f 3328//3328 3384//3384 3385//3385
f 3328//3328 3385//3385 3329//3329
f 3329//3329 3385//3385 3386//3386
f 3329//3329 3386//3386 3330//3330
f 3330//3330 3386//3386 3387//3387
f 3330//3330 3387//3387 3331//3331
f 3331//3331 3387//3387 3388//3388
f 3331//3331 3388//3388 3332//3332
f 3332//3332 3388//3388 3389//3389
f 3332//3332 3389//3389 3333//3333
f 3333//3333 3389//3389 3390//3390
f 3333//3333 3390//3390 3334//3334
f 3334//3334 3390//3390 3391//3391
f 3334//3334 3391//3391 3335//3335
f 3335//3335 3391//3391 3392//3392
f 3335//3335 3392//3392 3336//3336
f 3336//3336 3392//3392 3393//3393
f 3336//3336 3393//3393 3337//3337
f 3337//3337 3393//3393 3394//3394
f 3337//3337 3394//3394 3338//3338
f 3338//3338 3394//3394 3395//3395
f 3338//3338 3395//3395 3339//3339
f 3339//3339 3395//3395 3396//3396
f 3339//3339 3396//3396 3340//3340
f 3340//3340 3396//3396 3397//3397
f 3340//3340 3397//3397 3341//3341
f 3341//3341 3397//3397 3398//3398
f 3341//3341 3398//3398 3342//3342
f 3342//3342 3398//3398 3399//3399
f 3342//3342 3399//3399 3343//3343
f 3343//3343 3399//3399 3400//3400
f 3343//3343 3400//3400 3344//3344
f 3344//3344 3400//3400 3401//3401
f 3344//3344 3401//3401 3345//3345
f 3345//3345 3401//3401 3402//3402
f 3345//3345 3402//3402 3346//3346
f 3346//3346 3402//3402 3403//3403
f 3346//3346 3403//3403 3347//3347
f 3347//3347 3403//3403 3404//3404
f 3347//3347 3404//3404 3348//3348
f 3348//3348 3404//3404 3405//3405
f 3348//3348 3405//3405 3349//3349
f 3349//3349 3405//3405 3406//3406
f 3349//3349 3406//3406 3350//3350
f 3350//3350 3406//3406 3407//3407
f 3350//3350 3407//3407 3351//3351
f 3351//3351 3407//3407 3408//3408
f 3351//3351 3408//3408 3352//3352
f 3352//3352 3408//3408 3409//3409
f 3352//3352 3409//3409 3353//3353
f 3353//3353 3409//3409 3410//3410
f 3353//3353 3410//3410 3354//3354
f 3354//3354 3410//3410 3411//3411
f 3354//3354 3411//3411 3355//3355
f 3355//3355 3411//3411 3412//3412
f 3355//3355 3412//3412 3356//3356
f 3356//3356 3412//3412 3413//3413
f 3356//3356 3413//3413 3357//3357
f 3357//3357 3413//3413 3414//3414
f 3357//3357 3414//3414 3358//3358
f 3358//3358 3414//3414 3415//3415
f 3358//3358 3415//3415 3359//3359
f 3359//3359 3415//3415 3416//3416
f 3359//3359 3416//3416 3360//3360
f 3360//3360 3416//3416 3361//3361
f 3360//3360 3361//3361 3305//3305
f 3361//3361 3417//3417 3418//3418
f 3361//3361 3418//3418 3362//3362
f 3362//3362 3418//3418 3419//3419
f 3362//3362 3419//3419 3363//3363
f 3363//3363 3419//3419 3420//3420
f 3363//3363 3420//3420 3364//3364
f 3364//3364 3420//3420 3421//3421
f 3364//3364 3421//3421 3365//3365
f 3365//3365 3421//3421 3422//3422
f 3365//3365 3422//3422 3366//3366
f 3366//3366 3422//3422 3423//3423
f 3366//3366 3423//3423 3367//3367
f 3367//3367 3423//3423 3424//3424
f 3367//3367 3424//3424 3368//3368
f 3368//3368 3424//3424 3425//3425
f 3368//3368 3425//3425 3369//3369
f 3369//3369 3425//3425 3426//3426
f 3369//3369 3426//3426 3370//3370
f 3370//3370 3426//3426 3427//3427
f 3370//3370 3427//3427 3371//3371
f 3371//3371 3427//3427 3428//3428
f 3371//3371 3428//3428 3372//3372
f 3372//3372 3428//3428 3429//3429
f 3372//3372 3429//3429 3373//3373
f 3373//3373 3429//3429 3430//3430
f 3373//3373 3430//3430 3374//3374
f 3374//3374 3430//3430 3431//3431
f 3374//3374 3431//3431 3375//3375
f 3375//3375 3431//3431 3432//3432
f 3375//3375 3432//3432 3376//3376
f 3376//3376 3432//3432 3433//3433
f 3376//3376 3433//3433 3377//3377
f 3377//3377 3433//3433 3434//3434
f 3377//3377 3434//3434 3378//3378
f 3378//3378 3434//3434 3435//3435
f 3378//3378 3435//3435 3379//3379
f 3379//3379 3435//3435 3436//3436
f 3379//3379 3436//3436 3380//3380
f 3380//3380 3436//3436 3437//3437
f 3380//3380 3437//3437 3381//3381
f 3381//3381 3437//3437 3438//3438
f 3381//3381 3438//3438 3382//3382
f 3382//3382 3438//3438 3439//3439
f 3382//3382 3439//3439 3383//3383
f 3383//3383 3439//3439 3440//3440
f 3383//3383 3440//3440 3384//3384
f 3384//3384 3440//3440 3441//3441
f 3384//3384 3441//3441 3385//3385
f 3385//3385 3441//3441 3442//3442
f 3385//3385 3442//3442 3386//3386
f 3386//3386 3442//3442 3443//3443
f 3386//3386 3443//3443 3387//3387
f 3387//3387 3443//3443 3444//3444
f 3387//3387 3444//3444 3388//3388
f 3388//3388 3444//3444 3445//3445
f 3388//3388 3445//3445 3389//3389
f 3389//3389 3445//3445 3446//3446
f 3389//3389 3446//3446 3390//3390
f 3390//3390 3446//3446 3447//3447
f 3390//3390 3447//3447 3391//3391
f 3391//3391 3447//3447 3448//3448
f 3391//3391 3448//3448 3392//3392
f 3392//3392 3448//3448 3449//3449
f 3392//3392 3449//3449 3393//3393
f 3393//3393 3449//3449 3450//3450
f 3393//3393 3450//3450 3394//3394
f 3394//3394 3450//3450 3451//3451
f 3394//3394 3451//3451 3395//3395
f 3395//3395 3451//3451 3452//3452
f 3395//3395 3452//3452 3396//3396
f 3396//3396 3452//3452 3453//3453
f 3396//3396 3453//3453 3397//3397
f 3397//3397 3453//3453 3454//3454
f 3397//3397 3454//3454 3398//3398
f 3398//3398 3454//3454 3455//3455
f 3398//3398 3455//3455 3399//3399
f 3399//3399 3455//3455 3456//3456
f 3399//3399 3456//3456 3400//3400
f 3400//3400 3456//3456 3457//3457
f 3400//3400 3457//3457 3401//3401
f 3401//3401 3457//3457 3458//3458
f 3401//3401 3458//3458 3402//3402
f 3402//3402 3458//3458 3459//3459
f 3402//3402 3459//3459 3403//3403
f 3403//3403 3459//3459 3460//3460
f 3403//3403 3460//3460 3404//3404
f 3404//3404 3460//3460 3461//3461
f 3404//3404 3461//3461 3405//3405
f 3405//3405 3461//3461 3462//3462
f 3405//3405 3462//3462 3406//3406
f 3406//3406 3462//3462 3463//3463
f 3406//3406 3463//3463 3407//3407
f 3407//3407 3463//3463 3464//3464
f 3407//3407 3464//3464 3408//3408
f 3408//3408 3464//3464 3465//3465
f 3408//3408 3465//3465 3409//3409
f 3409//3409 3465//3465 3466//3466
f 3409//3409 3466//3466 3410//3410
f 3410//3410 3466//3466 3467//3467
f 3410//3410 3467//3467 3411//3411
f 3411//3411 3467//3467 3468//3468
f 3411//3411 3468//3468 3412//3412
f 3412//3412 3468//3468 3469//3469
f 3412//3412 3469//3469 3413//3413
f 3413//3413 3469//3469 3470//3470
f 3413//3413 3470//3470 3414//3414
f 3414//3414 3470//3470 3471//3471
f 3414//3414 3471//3471 3415//3415
f 3415//3415 3471//3471 3472//3472
f 3415//3415 3472//3472 3416//3416
f 3416//3416 3472//3472 3417//3417
f 3416//3416 3417//3417 3361//3361
f 3417//3417 3473//3473 3474//3474
f 3417//3417 3474//3474 3418//3418
f 3418//3418 3474//3474 3475//3475
f 3418//3418 3475//3475 3419//3419
f 3419//3419 3475//3475 3476//3476
f 3419//3419 3476//3476 3420//3420
f 3420//3420 3476//3476 3477//3477
f 3420//3420 3477//3477 3421//3421
f 3421//3421 3477//3477 3478//3478
f 3421//3421 3478//3478 3422//3422
f 3422//3422 3478//3478 3479//3479
f 3422//3422 3479//3479 3423//3423
f 3423//3423 3479//3479 3480//3480
f 3423//3423 3480//3480 3424//3424
f 3424//3424 3480//3480 3481//3481
f 3424//3424 3481//3481 3425//3425
f 3425//3425 3481//3481 3482//3482
f 3425//3425 3482//3482 3426//3426
f 3426//3426 3482//3482 3483//3483
f 3426//3426 3483//3483 3427//3427
f 3427//3427 3483//3483 3484//3484
f 3427//3427 3484//3484 3428//3428
f 3428//3428 3484//3484 3485//3485
f 3428//3428 3485//3485 3429//3429
f 3429//3429 3485//3485 3486//3486
f 3429//3429 3486//3486 3430//3430
f 3430//3430 3486//3486 3487//3487
f 3430//3430 3487//3487 3431//3431
f 3431//3431 3487//3487 3488//3488
f 3431//3431 3488//3488 3432//3432
f 3432//3432 3488//3488 3489//3489
f 3432//3432 3489//3489 3433//3433
f 3433//3433 3489//3489 3490//3490
f 3433//3433 3490//3490 3434//3434
f 3434//3434 3490//3490 3491//3491
f 3434//3434 3491//3491 3435//3435
f 3435//3435 3491//3491 3492//3492
f 3435//3435 3492//3492 3436//3436
f 3436//3436 3492//3492 3493//3493
f 3436//3436 3493//3493 3437//3437
f 3437//3437 3493//3493 3494//3494
f 3437//3437 3494//3494 3438//3438
f 3438//3438 3494//3494 3495//3495
f 3438//3438 3495//3495 3439//3439
f 3439//3439 3495//3495 3496//3496
f 3439//3439 3496//3496 3440//3440
f 3440//3440 3496//3496 3497//3497
f 3440//3440 3497//3497 3441//3441
f 3441//3441 3497//3497 3498//3498
f 3441//3441 3498//3498 3442//3442
f 3442//3442 3498//3498 3499//3499
f 3442//3442 3499//3499 3443//3443
f 3443//3443 3499//3499 3500//3500
f 3443//3443 3500//3500 3444//3444
f 3444//3444 3500//3500 3501//3501
f 3444//3444 3501//3501 3445//3445
f 3445//3445 3501//3501 3502//3502
f 3445//3445 3502//3502 3446//3446
f 3446//3446 3502//3502 3503//3503
f 3446//3446 3503//3503 3447//3447
f 3447//3447 3503//3503 3504//3504
f 3447//3447 3504//3504 3448//3448
f 3448//3448 3504//3504 3505//3505
f 3448//3448 3505//3505 3449//3449
f 3449//3449 3505//3505 3506//3506
f 3449//3449 3506//3506 3450//3450
f 3450//3450 3506//3506 3507//3507
f 3450//3450 3507//3507 3451//3451
f 3451//3451 3507//3507 3508//3508
f 3451//3451 3508//3508 3452//3452
f 3452//3452 3508//3508 3509//3509
f 3452//3452 3509//3509 3453//3453
f 3453//3453 3509//3509 3510//3510
f 3453//3453 3510//3510 3454//3454
f 3454//3454 3510//3510 3511//3511
f 3454//3454 3511//3511 3455//3455
f 3455//3455 3511//3511 3512//3512
f 3455//3455 3512//3512 3456//3456
f 3456//3456 3512//3512 3513//3513
f 3456//3456 3513//3513 3457//3457
f 3457//3457 3513//3513 3514//3514
f 3457//3457 3514//3514 3458//3458
f 3458//3458 3514//3514 3515//3515
f 3458//3458 3515//3515 3459//3459
f 3459//3459 3515//3515 3516//3516
f 3459//3459 3516//3516 3460//3460
f 3460//3460 3516//3516 3517//3517
f 3460//3460 3517//3517 3461//3461
f 3461//3461 3517//3517 3518//3518
f 3461//3461 3518//3518 3462//3462
f 3462//3462 3518//3518 3519//3519
f 3462//3462 3519//3519 3463//3463
f 3463//3463 3519//3519 3520//3520
f 3463//3463 3520//3520 3464//3464
f 3464//3464 3520//3520 3521//3521
f 3464//3464 3521//3521 3465//3465
f 3465//3465 3521//3521 3522//3522
f 3465//3465 3522//3522 3466//3466
f 3466//3466 3522//3522 3523//3523
f 3466//3466 3523//3523 3467//3467
f 3467//3467 3523//3523 3524//3524
f 3467//3467 3524//3524 3468//3468
f 3468//3468 3524//3524 3525//3525
f 3468//3468 3525//3525 3469//3469
f 3469//3469 3525//3525 3526//3526
f 3469//3469 3526//3526 3470//3470
f 3470//3470 3526//3526 3527//3527
f 3470//3470 3527//3527 3471//3471
f 3471//3471 3527//3527 3528//3528
f 3471//3471 3528//3528 3472//3472
f 3472//3472 3528//3528 3473//3473
f 3472//3472 3473//3473 3417//3417
f 3529//3529 3585//3585 3586//3586
f 3529//3529 3586//3586 3530//3530
f 3530//3530 3586//3586 3587//3587
f 3530//3530 3587//3587 3531//3531
f 3531//3531 3587//3587 3588//3588
f 3531//3531 3588//3588 3532//3532
f 3532//3532 3588//3588 3589//3589
f 3532//3532 3589//3589 3533//3533
f 3533//3533 3589//3589 3590//3590
f 3533//3533 3590//3590 3534//3534
f 3534//3534 3590//3590 3591//3591
f 3534//3534 3591//3591 3535//3535
f 3535//3535 3591//3591 3592//3592
f 3535//3535 3592//3592 3536//3536
f 3536//3536 3592//3592 3593//3593
f 3536//3536 3593//3593 3537//3537
f 3537//3537 3593//3593 3594//3594
f 3537//3537 3594//3594 3538//3538
f 3538//3538 3594//3594 3595//3595
f 3538//3538 3595//3595 3539//3539
f 3539//3539 3595//3595 3596//3596
f 3539//3539 3596//3596 3540//3540
f 3540//3540 3596//3596 3597//3597
f 3540//3540 3597//3597 3541//3541
f 3541//3541 3597//3597 3598//3598
f 3541//3541 3598//3598 3542//3542
f 3542//3542 3598//3598 3599//3599
f 3542//3542 3599//3599 3543//3543
f 3543//3543 3599//3599 3600//3600
f 3543//3543 3600//3600 3544//3544
f 3544//3544 3600//3600 3601//3601
f 3544//3544 3601//3601 3545//3545
f 3545//3545 3601//3601 3602//3602
f 3545//3545 3602//3602 3546//3546
f 3546//3546 3602//3602 3603//3603
f 3546//3546 3603//3603 3547//3547
f 3547//3547 3603//3603 3604//3604
f 3547//3547 3604//3604 3548//3548
f 3548//3548 3604//3604 3605//3605
f 3548//3548 3605//3605 3549//3549
f 3549//3549 3605//3605 3606//3606
f 3549//3549 3606//3606 3550//3550
f 3550//3550 3606//3606 3607//3607
f 3550//3550 3607//3607 3551//3551
f 3551//3551 3607//3607 3608//3608
f 3551//3551 3608//3608 3552//3552
f 3552//3552 3608//3608 3609//3609
f 3552//3552 3609//3609 3553//3553
f 3553//3553 3609//3609 3610//3610
f 3553//3553 3610//3610 3554//3554
f 3554//3554 3610//3610 3611//3611
f 3554//3554 3611//3611 3555//3555
f 3555//3555 3611//3611 3612//3612
f 3555//3555 3612//3612 3556//3556
f 3556//3556 3612//3612 3613//3613
f 3556//3556 3613//3613 3557//3557
f 3557//3557 3613//3613 3614//3614
f 3557//3557 3614//3614 3558//3558
f 3558//3558 3614//3614 3615//3615
f 3558//3558 3615//3615 3559//3559
f 3559//3559 3615//3615 3616//3616
f 3559//3559 3616//3616 3560//3560
f 3560//3560 3616//3616 3617//3617
f 3560//3560 3617//3617 3561//3561
f 3561//3561 3617//3617 3618//3618
f 3561//3561 3618//3618 3562//3562
f 3562//3562 3618//3618 3619//3619
f 3562//3562 3619//3619 3563//3563
f 3563//3563 3619//3619 3620//3620
f 3563//3563 3620//3620 3564//3564
f 3564//3564 3620//3620 3621//3621
f 3564//3564 3621//3621 3565//3565
f 3565//3565 3621//3621 3622//3622
f 3565//3565 3622//3622 3566//3566
f 3566//3566 3622//3622 3623//3623
f 3566//3566 3623//3623 3567//3567
f 3567//3567 3623//3623 3624//3624
f 3567//3567 3624//3624 3568//3568
f 3568//3568 3624//3624 3625//3625
f 3568//3568 3625//3625 3569//3569
f 3569//3569 3625//3625 3626//3626
f 3569//3569 3626//3626 3570//3570
f 3570//3570 3626//3626 3627//3627
f 3570//3570 3627//3627 3571//3571
f 3571//3571 3627//3627 3628//3628
f 3571//3571 3628//3628 3572//3572
f 3572//3572 3628//3628 3629//3629
f 3572//3572 3629//3629 3573//3573
f 3573//3573 3629//3629 3630//3630
f 3573//3573 3630//3630 3574//3574
f 3574//3574 3630//3630 3631//3631
f 3574//3574 3631//3631 3575//3575
f 3575//3575 3631//3631 3632//3632
f 3575//3575 3632//3632 3576//3576
f 3576//3576 3632//3632 3633//3633
f 3576//3576 3633//3633 3577//3577
f 3577//3577 3633//3633 3634//3634
f 3577//3577 3634//3634 3578//3578
f 3578//3578 3634//3634 3635//3635
f 3578//3578 3635//3635 3579//3579
f 3579//3579 3635//3635 3636//3636
f 3579//3579 3636//3636 3580//3580
f 3580//3580 3636//3636 3637//3637
f 3580//3580 3637//3637 3581//3581
f 3581//3581 3637//3637 3638//3638
f 3581//3581 3638//3638 3582//3582
f 3582//3582 3638//3638 3639//3639
f 3582//3582 3639//3639 3583//3583
f 3583//3583 3639//3639 3640//3640
f 3583//3583 3640//3640 3584//3584
f 3584//3584 3640//3640 3585//3585
f 3584//3584 3585//3585 3529//3529
f 3585//3585 3641//3641 3642//3642
f 3585//3585 3642//3642 3586//3586
f 3586//3586 3642//3642 3643//3643
f 3586//3586 3643//3643 3587//3587
f 3587//3587 3643//3643 3644//3644
f 3587//3587 3644//3644 3588//3588
f 3588//3588 3644//3644 3645//3645
f 3588//3588 3645//3645 3589//3589
f 3589//3589 3645//3645 3646//3646
f 3589//3589 3646//3646 3590//3590
f 3590//3590 3646//3646 3647//3647
f 3590//3590 3647//3647 3591//3591
f 3591//3591 3647//3647 3648//3648
f 3591//3591 3648//3648 3592//3592
f 3592//3592 3648//3648 3649//3649
f 3592//3592 3649//3649 3593//3593
f 3593//3593 3649//3649 3650//3650
f 3593//3593 3650//3650 3594//3594
f 3594//3594 3650//3650 3651//3651
f 3594//3594 3651//3651 3595//3595
f 3595//3595 3651//3651 3652//3652
f 3595//3595 3652//3652 3596//3596
f 3596//3596 3652//3652 3653//3653
f 3596//3596 3653//3653 3597//3597
f 3597//3597 3653//3653 3654//3654
f 3597//3597 3654//3654 3598//3598
f 3598//3598 3654//3654 3655//3655
f 3598//3598 3655//3655 3599//3599
f 3599//3599 3655//3655 3656//3656
f 3599//3599 3656//3656 3600//3600
f 3600//3600 3656//3656 3657//3657
f 3600//3600 3657//3657 3601//3601
f 3601//3601 3657//3657 3658//3658
f 3601//3601 3658//3658 3602//3602
f 3602//3602 3658//3658 3659//3659
f 3602//3602 3659//3659 3603//3603
f 3603//3603 3659//3659 3660//3660
f 3603//3603 3660//3660 3604//3604
f 3604//3604 3660//3660 3661//3661
f 3604//3604 3661//3661 3605//3605
f 3605//3605 3661//3661 3662//3662
f 3605//3605 3662//3662 3606//3606
f 3606//3606 3662//3662 3663//3663
f 3606//3606 3663//3663 3607//3607
f 3607//3607 3663//3663 3664//3664
f 3607//3607 3664//3664 3608//3608
f 3608//3608 3664//3664 3665//3665
f 3608//3608 3665//3665 3609//3609
f 3609//3609 3665//3665 3666//3666
f 3609//3609 3666//3666 3610//3610
f 3610//3610 3666//3666 3667//3667
f 3610//3610 3667//3667 3611//3611
f 3611//3611 3667//3667 3668//3668
f 3611//3611 3668//3668 3612//3612
f 3612//3612 3668//3668 3669//3669
f 3612//3612 3669//3669 3613//3613
f 3613//3613 3669//3669 3670//3670
f 3613//3613 3670//3670 3614//3614
f 3614//3614 3670//3670 3671//3671
f 3614//3614 3671//3671 3615//3615
f 3615//3615 3671//3671 3672//3672
f 3615//3615 3672//3672 3616//3616
f 3616//3616 3672//3672 3673//3673
f 3616//3616 3673//3673 3617//3617
f 3617//3617 3673//3673 3674//3674
f 3617//3617 3674//3674 3618//3618
f 3618//3618 3674//3674 3675//3675
f 3618//3618 3675//3675 3619//3619
f 3619//3619 3675//3675 3676//3676
f 3619//3619 3676//3676 3620//3620
f 3620//3620 3676//3676 3677//3677
f 3620//3620 3677//3677 3621//3621
f 3621//3621 3677//3677 3678//3678
f 3621//3621 3678//3678 3622//3622
f 3622//3622 3678//3678 3679//3679
f 3622//3622 3679//3679 3623//3623
f 3623//3623 3679//3679 3680//3680
f 3623//3623 3680//3680 3624//3624
f 3624//3624 3680//3680 3681//3681
f 3624//3624 3681//3681 3625//3625
f 3625//3625 3681//3681 3682//3682
f 3625//3625 3682//3682 3626//3626
f 3626//3626 3682//3682 3683//3683
f 3626//3626 3683//3683 3627//3627
f 3627//3627 3683//3683 3684//3684
f 3627//3627 3684//3684 3628//3628
f 3628//3628 3684//3684 3685//3685
f 3628//3628 3685//3685 3629//3629
f 3629//3629 3685//3685 3686//3686
f 3629//3629 3686//3686 3630//3630
f 3630//3630 3686//3686 3687//3687
f 3630//3630 3687//3687 3631//3631
f 3631//3631 3687//3687 3688//3688
f 3631//3631 3688//3688 3632//3632
f 3632//3632 3688//3688 3689//3689
f 3632//3632 3689//3689 3633//3633
f 3633//3633 3689//3689 3690//3690
f 3633//3633 3690//3690 3634//3634
f 3634//3634 3690//3690 3691//3691
f 3634//3634 3691//3691 3635//3635
f 3635//3635 3691//3691 3692//3692
f 3635//3635 3692//3692 3636//3636
f 3636//3636 3692//3692 3693//3693
f 3636//3636 3693//3693 3637//3637
f 3637//3637 3693//3693 3694//3694
f 3637//3637 3694//3694 3638//3638
f 3638//3638 3694//3694 3695//3695
f 3638//3638 3695//3695 3639//3639
f 3639//3639 3695//3695 3696//3696
f 3639//3639 3696//3696 3640//3640
f 3640//3640 3696//3696 3641//3641
f 3640//3640 3641//3641 3585//3585
f 3641//3641 3697//3697 3698//3698
f 3641//3641 3698//3698 3642//3642
f 3642//3642 3698//3698 3699//3699
f 3642//3642 3699//3699 3643//3643
f 3643//3643 3699//3699 3700//3700
f 3643//3643 3700//3700 3644//3644
f 3644//3644 3700//3700 3701//3701
f 3644//3644 3701//3701 3645//3645
f 3645//3645 3701//3701 3702//3702
f 3645//3645 3702//3702 3646//3646
f 3646//3646 3702//3702 3703//3703
f 3646//3646 3703//3703 3647//3647
f 3647//3647 3703//3703 3704//3704
f 3647//3647 3704//3704 3648//3648
f 3648//3648 3704//3704 3705//3705
f 3648//3648 3705//3705 3649//3649
f 3649//3649 3705//3705 3706//3706
f 3649//3649 3706//3706 3650//3650
f 3650//3650 3706//3706 3707//3707
f 3650//3650 3707//3707 3651//3651
f 3651//3651 3707//3707 3708//3708
f 3651//3651 3708//3708 3652//3652
f 3652//3652 3708//3708 3709//3709
f 3652//3652 3709//3709 3653//3653
f 3653//3653 3709//3709 3710//3710
f 3653//3653 3710//3710 3654//3654
f 3654//3654 3710//3710 3711//3711
f 3654//3654 3711//3711 3655//3655
f 3655//3655 3711//3711 3712//3712
f 3655//3655 3712//3712 3656//3656
f 3656//3656 3712//3712 3713//3713
f 3656//3656 3713//3713 3657//3657
f 3657//3657 3713//3713 3714//3714
f 3657//3657 3714//3714 3658//3658
f 3658//3658 3714//3714 3715//3715
f 3658//3658 3715//3715 3659//3659
f 3659//3659 3715//3715 3716//3716
f 3659//3659 3716//3716 3660//3660
f 3660//3660 3716//3716 3717//3717
f 3660//3660 3717//3717 3661//3661
f 3661//3661 3717//3717 3718//3718
f 3661//3661 3718//3718 3662//3662
f 3662//3662 3718//3718 3719//3719
f 3662//3662 3719//3719 3663//3663
f 3663//3663 3719//3719 3720//3720
f 3663//3663 3720//3720 3664//3664
f 3664//3664 3720//3720 3721//3721
f 3664//3664 3721//3721 3665//3665
f 3665//3665 3721//3721 3722//3722
f 3665//3665 3722//3722 3666//3666
f 3666//3666 3722//3722 3723//3723
f 3666//3666 3723//3723 3667//3667
f 3667//3667 3723//3723 3724//3724
f 3667//3667 3724//3724 3668//3668
f 3668//3668 3724//3724 3725//3725
f 3668//3668 3725//3725 3669//3669
f 3669//3669 3725//3725 3726//3726
f 3669//3669 3726//3726 3670//3670
f 3670//3670 3726//3726 3727//3727
f 3670//3670 3727//3727 3671//3671
f 3671//3671 3727//3727 3728//3728
f 3671//3671 3728//3728 3672//3672
f 3672//3672 3728//3728 3729//3729
f 3672//3672 3729//3729 3673//3673
f 3673//3673 3729//3729 3730//3730
f 3673//3673 3730//3730 3674//3674
f 3674//3674 3730//3730 3731//3731
f 3674//3674 3731//3731 3675//3675
f 3675//3675 3731//3731 3732//3732
f 3675//3675 3732//3732 3676//3676
f 3676//3676 3732//3732 3733//3733
f 3676//3676 3733//3733 3677//3677
f 3677//3677 3733//3733 3734//3734
f 3677//3677 3734//3734 3678//3678
f 3678//3678 3734//3734 3735//3735
f 3678//3678 3735//3735 3679//3679
f 3679//3679 3735//3735 3736//3736
f 3679//3679 3736//3736 3680//3680
f 3680//3680 3736//3736 3737//3737
f 3680//3680 3737//3737 3681//3681
f 3681//3681 3737//3737 3738//3738
f 3681//3681 3738//3738 3682//3682
f 3682//3682 3738//3738 3739//3739
f 3682//3682 3739//3739 3683//3683
f 3683//3683 3739//3739 3740//3740
f 3683//3683 3740//3740 3684//3684
f 3684//3684 3740//3740 3741//3741
f 3684//3684 3741//3741 3685//3685
f 3685//3685 3741//3741 3742//3742
f 3685//3685 3742//3742 3686//3686
f 3686//3686 3742//3742 3743//3743
f 3686//3686 3743//3743 3687//3687
f 3687//3687 3743//3743 3744//3744
f 3687//3687 3744//3744 3688//3688
f 3688//3688 3744//3744 3745//3745
f 3688//3688 3745//3745 3689//3689
f 3689//3689 3745//3745 3746//3746
f 3689//3689 3746//3746 3690//3690
f 3690//3690 3746//3746 3747//3747
f 3690//3690 3747//3747 3691//3691
f 3691//3691 3747//3747 3748//3748
f 3691//3691 3748//3748 3692//3692
f 3692//3692 3748//3748 3749//3749
f 3692//3692 3749//3749 3693//3693
f 3693//3693 3749//3749 3750//3750
f 3693//3693 3750//3750 3694//3694
f 3694//3694 3750//3750 3751//3751
f 3694//3694 3751//3751 3695//3695
f 3695//3695 3751//3751 3752//3752
f 3695//3695 3752//3752 3696//3696
f 3696//3696 3752//3752 3697//3697
f 3696//3696 3697//3697 3641//3641
f 3697//3697 3753//3753 3754//3754
f 3697//3697 3754//3754 3698//3698
f 3698//3698 3754//3754 3755//3755
f 3698//3698 3755//3755 3699//3699
f 3699//3699 3755//3755 3756//3756
f 3699//3699 3756//3756 3700//3700
f 3700//3700 3756//3756 3757//3757
f 3700//3700 3757//3757 3701//3701
f 3701//3701 3757//3757 3758//3758
f 3701//3701 3758//3758 3702//3702
f 3702//3702 3758//3758 3759//3759
f 3702//3702 3759//3759 3703//3703
f 3703//3703 3759//3759 3760//3760
f 3703//3703 3760//3760 3704//3704
f 3704//3704 3760//3760 3761//3761
f 3704//3704 3761//3761 3705//3705
f 3705//3705 3761//3761 3762//3762
f 3705//3705 3762//3762 3706//3706
f 3706//3706 3762//3762 3763//3763
f 3706//3706 3763//3763 3707//3707
f 3707//3707 3763//3763 3764//3764
f 3707//3707 3764//3764 3708//3708
f 3708//3708 3764//3764 3765//3765
f 3708//3708 3765//3765 3709//3709
f 3709//3709 3765//3765 3766//3766
f 3709//3709 3766//3766 3710//3710
f 3710//3710 3766//3766 3767//3767
f 3710//3710 3767//3767 3711//3711
f 3711//3711 3767//3767 3768//3768
f 3711//3711 3768//3768 3712//3712
f 3712//3712 3768//3768 3769//3769
f 3712//3712 3769//3769 3713//3713
f 3713//3713 3769//3769 3770//3770
f 3713//3713 3770//3770 3714//3714
f 3714//3714 3770//3770 3771//3771
f 3714//3714 3771//3771 3715//3715
f 3715//3715 3771//3771 3772//3772
f 3715//3715 3772//3772 3716//3716
f 3716//3716 3772//3772 3773//3773
f 3716//3716 3773//3773 3717//3717
f 3717//3717 3773//3773 3774//3774
f 3717//3717 3774//3774 3718//3718
f 3718//3718 3774//3774 3775//3775
f 3718//3718 3775//3775 3719//3719
f 3719//3719 3775//3775 3776//3776
f 3719//3719 3776//3776 3720//3720
f 3720//3720 3776//3776 3777//3777
f 3720//3720 3777//3777 3721//3721
f 3721//3721 3777//3777 3778//3778
f 3721//3721 3778//3778 3722//3722
f 3722//3722 3778//3778 3779//3779
f 3722//3722 3779//3779 3723//3723
f 3723//3723 3779//3779 3780//3780
f 3723//3723 3780//3780 3724//3724
f 3724//3724 3780//3780 3781//3781
f 3724//3724 3781//3781 3725//3725
f 3725//3725 3781//3781 3782//3782
f 3725//3725 3782//3782 3726//3726
f 3726//3726 3782//3782 3783//3783
f 3726//3726 3783//3783 3727//3727
f 3727//3727 3783//3783 3784//3784
f 3727//3727 3784//3784 3728//3728
f 3728//3728 3784//3784 3785//3785
f 3728//3728 3785//3785 3729//3729
f 3729//3729 3785//3785 3786//3786
f 3729//3729 3786//3786 3730//3730
f 3730//3730 3786//3786 3787//3787
f 3730//3730 3787//3787 3731//3731
f 3731//3731 3787//3787 3788//3788
f 3731//3731 3788//3788 3732//3732
f 3732//3732 3788//3788 3789//3789
f 3732//3732 3789//3789 3733//3733
f 3733//3733 3789//3789 3790//3790
f 3733//3733 3790//3790 3734//3734
f 3734//3734 3790//3790 3791//3791
f 3734//3734 3791//3791 3735//3735
f 3735//3735 3791//3791 3792//3792
f 3735//3735 3792//3792 3736//3736
f 3736//3736 3792//3792 3793//3793
f 3736//3736 3793//3793 3737//3737
f 3737//3737 3793//3793 3794//3794
f 3737//3737 3794//3794 3738//3738
f 3738//3738 3794//3794 3795//3795
f 3738//3738 3795//3795 3739//3739
f 3739//3739 3795//3795 3796//3796
f 3739//3739 3796//3796 3740//3740
f 3740//3740 3796//3796 3797//3797
f 3740//3740 3797//3797 3741//3741
f 3741//3741 3797//3797 3798//3798
f 3741//3741 3798//3798 3742//3742
f 3742//3742 3798//3798 3799//3799
f 3742//3742 3799//3799 3743//3743
f 3743//3743 3799//3799 3800//3800
f 3743//3743 3800//3800 3744//3744
f 3744//3744 3800//3800 3801//3801
f 3744//3744 3801//3801 3745//3745
f 3745//3745 3801//3801 3802//3802
f 3745//3745 3802//3802 3746//3746
f 3746//3746 3802//3802 3803//3803
f 3746//3746 3803//3803 3747//3747
f 3747//3747 3803//3803 3804//3804
f 3747//3747 3804//3804 3748//3748
f 3748//3748 3804//3804 3805//3805
f 3748//3748 3805//3805 3749//3749
f 3749//3749 3805//3805 3806//3806
f 3749//3749 3806//3806 3750//3750
f 3750//3750 3806//3806 3807//3807
f 3750//3750 3807//3807 3751//3751
f 3751//3751 3807//3807 3808//3808
f 3751//3751 3808//3808 3752//3752
f 3752//3752 3808//3808 3753//3753
f 3752//3752 3753//3753 3697//3697
f 3753//3753 3809//3809 3810//3810
f 3753//3753 3810//3810 3754//3754
f 3754//3754 3810//3810 3811//3811
f 3754//3754 3811//3811 3755//3755
f 3755//3755 3811//3811 3812//3812
f 3755//3755 3812//3812 3756//3756
f 3756//3756 3812//3812 3813//3813
f 3756//3756 3813//3813 3757//3757
f 3757//3757 3813//3813 3814//3814
f 3757//3757 3814//3814 3758//3758
f 3758//3758 3814//3814 3815//3815
f 3758//3758 3815//3815 3759//3759
f 3759//3759 3815//3815 3816//3816
f 3759//3759 3816//3816 3760//3760
f 3760//3760 3816//3816 3817//3817
f 3760//3760 3817//3817 3761//3761
f 3761//3761 3817//3817 3818//3818
f 3761//3761 3818//3818 3762//3762
f 3762//3762 3818//3818 3819//3819
f 3762//3762 3819//3819 3763//3763
f 3763//3763 3819//3819 3820//3820
f 3763//3763 3820//3820 3764//3764
f 3764//3764 3820//3820 3821//3821
f 3764//3764 3821//3821 3765//3765
f 3765//3765 3821//3821 3822//3822
f 3765//3765 3822//3822 3766//3766
f 3766//3766 3822//3822 3823//3823
f 3766//3766 3823//3823 3767//3767
f 3767//3767 3823//3823 3824//3824
f 3767//3767 3824//3824 3768//3768
f 3768//3768 3824//3824 3825//3825
f 3768//3768 3825//3825 3769//3769
f 3769//3769 3825//3825 3826//3826
f 3769//3769 3826//3826 3770//3770
f 3770//3770 3826//3826 3827//3827
f 3770//3770 3827//3827 3771//3771
f 3771//3771 3827//3827 3828//3828
f 3771//3771 3828//3828 3772//3772
f 3772//3772 3828//3828 3829//3829
f 3772//3772 3829//3829 3773//3773
f 3773//3773 3829//3829 3830//3830
f 3773//3773 3830//3830 3774//3774
f 3774//3774 3830//3830 3831//3831
f 3774//3774 3831//3831 3775//3775
f 3775//3775 3831//3831 3832//3832
f 3775//3775 3832//3832 3776//3776
f 3776//3776 3832//3832 3833//3833
f 3776//3776 3833//3833 3777//3777
f 3777//3777 3833//3833 3834//3834
f 3777//3777 3834//3834 3778//3778
f 3778//3778 3834//3834 3835//3835
f 3778//3778 3835//3835 3779//3779
f 3779//3779 3835//3835 3836//3836
f 3779//3779 3836//3836 3780//3780
f 3780//3780 3836//3836 3837//3837
f 3780//3780 3837//3837 3781//3781
f 3781//3781 3837//3837 3838//3838
f 3781//3781 3838//3838 3782//3782
f 3782//3782 3838//3838 3839//3839
f 3782//3782 3839//3839 3783//3783
f 3783//3783 3839//3839 3840//3840
f 3783//3783 3840//3840 3784//3784
f 3784//3784 3840//3840 3841//3841
f 3784//3784 3841//3841 3785//3785
f 3785//3785 3841//3841 3842//3842
f 3785//3785 3842//3842 3786//3786
f 3786//3786 3842//3842 3843//3843
f 3786//3786 3843//3843 3787//3787
f 3787//3787 3843//3843 3844//3844
f 3787//3787 3844//3844 3788//3788
f 3788//3788 3844//3844 3845//3845
f 3788//3788 3845//3845 3789//3789
f 3789//3789 3845//3845 3846//3846
f 3789//3789 3846//3846 3790//3790
f 3790//3790 3846//3846 3847//3847
f 3790//3790 3847//3847 3791//3791
f 3791//3791 3847//3847 3848//3848
f 3791//3791 3848//3848 3792//3792
f 3792//3792 3848//3848 3849//3849
f 3792//3792 3849//3849 3793//3793
f 3793//3793 3849//3849 3850//3850
f 3793//3793 3850//3850 3794//3794
f 3794//3794 3850//3850 3851//3851
f 3794//3794 3851//3851 3795//3795
f 3795//3795 3851//3851 3852//3852
f 3795//3795 3852//3852 3796//3796
f 3796//3796 3852//3852 3853//3853
f 3796//3796 3853//3853 3797//3797
f 3797//3797 3853//3853 3854//3854
f 3797//3797 3854//3854 3798//3798
f 3798//3798 3854//3854 3855//3855
f 3798//3798 3855//3855 3799//3799
f 3799//3799 3855//3855 3856//3856
f 3799//3799 3856//3856 3800//3800
f 3800//3800 3856//3856 3857//3857
f 3800//3800 3857//3857 3801//3801
f 3801//3801 3857//3857 3858//3858
f 3801//3801 3858//3858 3802//3802
f 3802//3802 3858//3858 3859//3859
f 3802//3802 3859//3859 3803//3803
f 3803//3803 3859//3859 3860//3860
f 3803//3803 3860//3860 3804//3804
f 3804//3804 3860//3860 3861//3861
f 3804//3804 3861//3861 3805//3805
f 3805//3805 3861//3861 3862//3862
f 3805//3805 3862//3862 3806//3806
f 3806//3806 3862//3862 3863//3863
f 3806//3806 3863//3863 3807//3807
f 3807//3807 3863//3863 3864//3864
f 3807//3807 3864//3864 3808//3808
f 3808//3808 3864//3864 3809//3809
f 3808//3808 3809//3809 3753//3753
f 3809//3809 3865//3865 3866//3866
f 3809//3809 3866//3866 3810//3810
f 3810//3810 3866//3866 3867//3867
f 3810//3810 3867//3867 3811//3811
f 3811//3811 3867//3867 3868//3868
f 3811//3811 3868//3868 3812//3812
f 3812//3812 3868//3868 3869//3869
f 3812//3812 3869//3869 3813//3813
f 3813//3813 3869//3869 3870//3870
f 3813//3813 3870//3870 3814//3814
f 3814//3814 3870//3870 3871//3871
f 3814//3814 3871//3871 3815//3815
f 3815//3815 3871//3871 3872//3872
f 3815//3815 3872//3872 3816//3816
f 3816//3816 3872//3872 3873//3873
f 3816//3816 3873//3873 3817//3817
f 3817//3817 3873//3873 3874//3874
f 3817//3817 3874//3874 3818//3818
f 3818//3818 3874//3874 3875//3875
f 3818//3818 3875//3875 3819//3819
f 3819//3819 3875//3875 3876//3876
f 3819//3819 3876//3876 3820//3820
f 3820//3820 3876//3876 3877//3877
f 3820//3820 3877//3877 3821//3821
f 3821//3821 3877//3877 3878//3878
f 3821//3821 3878//3878 3822//3822
f 3822//3822 3878//3878 3879//3879
f 3822//3822 3879//3879 3823//3823
f 3823//3823 3879//3879 3880//3880
f 3823//3823 3880//3880 3824//3824
f 3824//3824 3880//3880 3881//3881
f 3824//3824 3881//3881 3825//3825
f 3825//3825 3881//3881 3882//3882
f 3825//3825 3882//3882 3826//3826
f 3826//3826 3882//3882 3883//3883
f 3826//3826 3883//3883 3827//3827
f 3827//3827 3883//3883 3884//3884
f 3827//3827 3884//3884 3828//3828
f 3828//3828 3884//3884 3885//3885
f 3828//3828 3885//3885 3829//3829
f 3829//3829 3885//3885 3886//3886
f 3829//3829 3886//3886 3830//3830
f 3830//3830 3886//3886 3887//3887
f 3830//3830 3887//3887 3831//3831
f 3831//3831 3887//3887 3888//3888
f 3831//3831 3888//3888 3832//3832
f 3832//3832 3888//3888 3889//3889
f 3832//3832 3889//3889 3833//3833
f 3833//3833 3889//3889 3890//3890
f 3833//3833 3890//3890 3834//3834
f 3834//3834 3890//3890 3891//3891
f 3834//3834 3891//3891 3835//3835
f 3835//3835 3891//3891 3892//3892
f 3835//3835 3892//3892 3836//3836
f 3836//3836 3892//3892 3893//3893
f 3836//3836 3893//3893 3837//3837
f 3837//3837 3893//3893 3894//3894
f 3837//3837 3894//3894 3838//3838
f 3838//3838 3894//3894 3895//3895
f 3838//3838 3895//3895 3839//3839
f 3839//3839 3895//3895 3896//3896
f 3839//3839 3896//3896 3840//3840
f 3840//3840 3896//3896 3897//3897
f 3840//3840 3897//3897 3841//3841
f 3841//3841 3897//3897 3898//3898
f 3841//3841 3898//3898 3842//3842
f 3842//3842 3898//3898 3899//3899
f 3842//3842 3899//3899 3843//3843
f 3843//3843 3899//3899 3900//3900
f 3843//3843 3900//3900 3844//3844
f 3844//3844 3900//3900 3901//3901
f 3844//3844 3901//3901 3845//3845
f 3845//3845 3901//3901 3902//3902
f 3845//3845 3902//3902 3846//3846
f 3846//3846 3902//3902 3903//3903
f 3846//3846 3903//3903 3847//3847
f 3847//3847 3903//3903 3904//3904
f 3847//3847 3904//3904 3848//3848
f 3848//3848 3904//3904 3905//3905
f 3848//3848 3905//3905 3849//3849
f 3849//3849 3905//3905 3906//3906
f 3849//3849 3906//3906 3850//3850
f 3850//3850 3906//3906 3907//3907
f 3850//3850 3907//3907 3851//3851
f 3851//3851 3907//3907 3908//3908
f 3851//3851 3908//3908 3852//3852
f 3852//3852 3908//3908 3909//3909
f 3852//3852 3909//3909 3853//3853
f 3853//3853 3909//3909 3910//3910
f 3853//3853 3910//3910 3854//3854
f 3854//3854 3910//3910 3911//3911
f 3854//3854 3911//3911 3855//3855
f 3855//3855 3911//3911 3912//3912
f 3855//3855 3912//3912 3856//3856
f 3856//3856 3912//3912 3913//3913
f 3856//3856 3913//3913 3857//3857
f 3857//3857 3913//3913 3914//3914
f 3857//3857 3914//3914 3858//3858
f 3858//3858 3914//3914 3915//3915
f 3858//3858 3915//3915 3859//3859
f 3859//3859 3915//3915 3916//3916
f 3859//3859 3916//3916 3860//3860
f 3860//3860 3916//3916 3917//3917
f 3860//3860 3917//3917 3861//3861
f 3861//3861 3917//3917 3918//3918
f 3861//3861 3918//3918 3862//3862
f 3862//3862 3918//3918 3919//3919
f 3862//3862 3919//3919 3863//3863
f 3863//3863 3919//3919 3920//3920
f 3863//3863 3920//3920 3864//3864
f 3864//3864 3920//3920 3865//3865
f 3864//3864 3865//3865 3809//3809
f 3865//3865 3921//3921 3922//3922
f 3865//3865 3922//3922 3866//3866
f 3866//3866 3922//3922 3923//3923
f 3866//3866 3923//3923 3867//3867
f 3867//3867 3923//3923 3924//3924
f 3867//3867 3924//3924 3868//3868
f 3868//3868 3924//3924 3925//3925
f 3868//3868 3925//3925 3869//3869
f 3869//3869 3925//3925 3926//3926
f 3869//3869 3926//3926 3870//3870
f 3870//3870 3926//3926 3927//3927
f 3870//3870 3927//3927 3871//3871
f 3871//3871 3927//3927 3928//3928
f 3871//3871 3928//3928 3872//3872
f 3872//3872 3928//3928 3929//3929
f 3872//3872 3929//3929 3873//3873
f 3873//3873 3929//3929 3930//3930
f 3873//3873 3930//3930 3874//3874
f 3874//3874 3930//3930 3931//3931
f 3874//3874 3931//3931 3875//3875
f 3875//3875 3931//3931 3932//3932
f 3875//3875 3932//3932 3876//3876
f 3876//3876 3932//3932 3933//3933
f 3876//3876 3933//3933 3877//3877
f 3877//3877 3933//3933 3934//3934
f 3877//3877 3934//3934 3878//3878
f 3878//3878 3934//3934 3935//3935
f 3878//3878 3935//3935 3879//3879
f 3879//3879 3935//3935 3936//3936
f 3879//3879 3936//3936 3880//3880
f 3880//3880 3936//3936 3937//3937
f 3880//3880 3937//3937 3881//3881
f 3881//3881 3937//3937 3938//3938
f 3881//3881 3938//3938 3882//3882
f 3882//3882 3938//3938 3939//3939
f 3882//3882 3939//3939 3883//3883
f 3883//3883 3939//3939 3940//3940
f 3883//3883 3940//3940 3884//3884
f 3884//3884 3940//3940 3941//3941
f 3884//3884 3941//3941 3885//3885
f 3885//3885 3941//3941 3942//3942
f 3885//3885 3942//3942 3886//3886
f 3886//3886 3942//3942 3943//3943
f 3886//3886 3943//3943 3887//3887
f 3887//3887 3943//3943 3944//3944
f 3887//3887 3944//3944 3888//3888
f 3888//3888 3944//3944 3945//3945
f 3888//3888 3945//3945 3889//3889
f 3889//3889 3945//3945 3946//3946
f 3889//3889 3946//3946 3890//3890
f 3890//3890 3946//3946 3947//3947
f 3890//3890 3947//3947 3891//3891
f 3891//3891 3947//3947 3948//3948
f 3891//3891 3948//3948 3892//3892
f 3892//3892 3948//3948 3949//3949
f 3892//3892 3949//3949 3893//3893
f 3893//3893 3949//3949 3950//3950
f 3893//3893 3950//3950 3894//3894
f 3894//3894 3950//3950 3951//3951
f 3894//3894 3951//3951 3895//3895
f 3895//3895 3951//3951 3952//3952
f 3895//3895 3952//3952 3896//3896
f 3896//3896 3952//3952 3953//3953
f 3896//3896 3953//3953 3897//3897
f 3897//3897 3953//3953 3954//3954
f 3897//3897 3954//3954 3898//3898
f 3898//3898 3954//3954 3955//3955
f 3898//3898 3955//3955 3899//3899
f 3899//3899 3955//3955 3956//3956
f 3899//3899 3956//3956 3900//3900
f 3900//3900 3956//3956 3957//3957
f 3900//3900 3957//3957 3901//3901
f 3901//3901 3957//3957 3958//3958
f 3901//3901 3958//3958 3902//3902
f 3902//3902 3958//3958 3959//3959
f 3902//3902 3959//3959 3903//3903
f 3903//3903 3959//3959 3960//3960
f 3903//3903 3960//3960 3904//3904
f 3904//3904 3960//3960 3961//3961
f 3904//3904 3961//3961 3905//3905
f 3905//3905 3961//3961 3962//3962
f 3905//3905 3962//3962 3906//3906
f 3906//3906 3962//3962 3963//3963
f 3906//3906 3963//3963 3907//3907
f 3907//3907 3963//3963 3964//3964
f 3907//3907 3964//3964 3908//3908
f 3908//3908 3964//3964 3965//3965
f 3908//3908 3965//3965 3909//3909
f 3909//3909 3965//3965 3966//3966
f 3909//3909 3966//3966 3910//3910
f 3910//3910 3966//3966 3967//3967
f 3910//3910 3967//3967 3911//3911
f 3911//3911 3967//3967 3968//3968
f 3911//3911 3968//3968 3912//3912
f 3912//3912 3968//3968 3969//3969
f 3912//3912 3969//3969 3913//3913
f 3913//3913 3969//3969 3970//3970
f 3913//3913 3970//3970 3914//3914
f 3914//3914 3970//3970 3971//3971
f 3914//3914 3971//3971 3915//3915
f 3915//3915 3971//3971 3972//3972
f 3915//3915 3972//3972 3916//3916
f 3916//3916 3972//3972 3973//3973
f 3916//3916 3973//3973 3917//3917
f 3917//3917 3973//3973 3974//3974
f 3917//3917 3974//3974 3918//3918
f 3918//3918 3974//3974 3975//3975
f 3918//3918 3975//3975 3919//3919
f 3919//3919 3975//3975 3976//3976
f 3919//3919 3976//3976 3920//3920
f 3920//3920 3976//3976 3921//3921
f 3920//3920 3921//3921 3865//3865
f 3921//3921 3977//3977 3978//3978
f 3921//3921 3978//3978 3922//3922
f 3922//3922 3978//3978 3979//3979
f 3922//3922 3979//3979 3923//3923
f 3923//3923 3979//3979 3980//3980
f 3923//3923 3980//3980 3924//3924
f 3924//3924 3980//3980 3981//3981
f 3924//3924 3981//3981 3925//3925
f 3925//3925 3981//3981 3982//3982
f 3925//3925 3982//3982 3926//3926
f 3926//3926 3982//3982 3983//3983
f 3926//3926 3983//3983 3927//3927
f 3927//3927 3983//3983 3984//3984
f 3927//3927 3984//3984 3928//3928
f 3928//3928 3984//3984 3985//3985
f 3928//3928 3985//3985 3929//3929
f 3929//3929 3985//3985 3986//3986
f 3929//3929 3986//3986 3930//3930
f 3930//3930 3986//3986 3987//3987
f 3930//3930 3987//3987 3931//3931
f 3931//3931 3987//3987 3988//3988
f 3931//3931 3988//3988 3932//3932
f 3932//3932 3988//3988 3989//3989
f 3932//3932 3989//3989 3933//3933
f 3933//3933 3989//3989 3990//3990
f 3933//3933 3990//3990 3934//3934
f 3934//3934 3990//3990 3991//3991
f 3934//3934 3991//3991 3935//3935
f 3935//3935 3991//3991 3992//3992
f 3935//3935 3992//3992 3936//3936
f 3936//3936 3992//3992 3993//3993
f 3936//3936 3993//3993 3937//3937
f 3937//3937 3993//3993 3994//3994
f 3937//3937 3994//3994 3938//3938
f 3938//3938 3994//3994 3995//3995
f 3938//3938 3995//3995 3939//3939
f 3939//3939 3995//3995 3996//3996
f 3939//3939 3996//3996 3940//3940
f 3940//3940 3996//3996 3997//3997
f 3940//3940 3997//3997 3941//3941
f 3941//3941 3997//3997 3998//3998
f 3941//3941 3998//3998 3942//3942
f 3942//3942 3998//3998 3999//3999
f 3942//3942 3999//3999 3943//3943
f 3943//3943 3999//3999 4000//4000
f 3943//3943 4000//4000 3944//3944
f 3944//3944 4000//4000 4001//4001
f 3944//3944 4001//4001 3945//3945
f 3945//3945 4001//4001 4002//4002
f 3945//3945 4002//4002 3946//3946
f 3946//3946 4002//4002 4003//4003
f 3946//3946 4003//4003 3947//3947
f 3947//3947 4003//4003 4004//4004
f 3947//3947 4004//4004 3948//3948
f 3948//3948 4004//4004 4005//4005
f 3948//3948 4005//4005 3949//3949
f 3949//3949 4005//4005 4006//4006
f 3949//3949 4006//4006 3950//3950
f 3950//3950 4006//4006 4007//4007
f 3950//3950 4007//4007 3951//3951
f 3951//3951 4007//4007 4008//4008
f 3951//3951 4008//4008 3952//3952
f 3952//3952 4008//4008 4009//4009
f 3952//3952 4009//4009 3953//3953
f 3953//3953 4009//4009 4010//4010
f 3953//3953 4010//4010 3954//3954
f 3954//3954 4010//4010 4011//4011
f 3954//3954 4011//4011 3955//3955
f 3955//3955 4011//4011 4012//4012
f 3955//3955 4012//4012 3956//3956
f 3956//3956 4012//4012 4013//4013
f 3956//3956 4013//4013 3957//3957
f 3957//3957 4013//4013 4014//4014
f 3957//3957 4014//4014 3958//3958
f 3958//3958 4014//4014 4015//4015
f 3958//3958 4015//4015 3959//3959
f 3959//3959 4015//4015 4016//4016
f 3959//3959 4016//4016 3960//3960
f 3960//3960 4016//4016 4017//4017
f 3960//3960 4017//4017 3961//3961
f 3961//3961 4017//4017 4018//4018
f 3961//3961 4018//4018 3962//3962
f 3962//3962 4018//4018 4019//4019
f 3962//3962 4019//4019 3963//3963
f 3963//3963 4019//4019 4020//4020
f 3963//3963 4020//4020 3964//3964
f 3964//3964 4020//4020 4021//4021
f 3964//3964 4021//4021 3965//3965
f 3965//3965 4021//4021 4022//4022
f 3965//3965 4022//4022 3966//3966
f 3966//3966 4022//4022 4023//4023
f 3966//3966 4023//4023 3967//3967
f 3967//3967 4023//4023 4024//4024
f 3967//3967 4024//4024 3968//3968
f 3968//3968 4024//4024 4025//4025
f 3968//3968 4025//4025 3969//3969
f 3969//3969 4025//4025 4026//4026
f 3969//3969 4026//4026 3970//3970
f 3970//3970 4026//4026 4027//4027
f 3970//3970 4027//4027 3971//3971
f 3971//3971 4027//4027 4028//4028
f 3971//3971 4028//4028 3972//3972
f 3972//3972 4028//4028 4029//4029
f 3972//3972 4029//4029 3973//3973
f 3973//3973 4029//4029 4030//4030
f 3973//3973 4030//4030 3974//3974
f 3974//3974 4030//4030 4031//4031
f 3974//3974 4031//4031 3975//3975
f 3975//3975 4031//4031 4032//4032
f 3975//3975 4032//4032 3976//3976
f 3976//3976 4032//4032 3977//3977
f 3976//3976 3977//3977 3921//3921
f 4033//4033 4089//4089 4090//4090
f 4033//4033 4090//4090 4034//4034
f 4034//4034 4090//4090 4091//4091
f 4034//4034 4091//4091 4035//4035
f 4035//4035 4091//4091 4092//4092
f 4035//4035 4092//4092 4036//4036
f 4036//4036 4092//4092 4093//4093
f 4036//4036 4093//4093 4037//4037
f 4037//4037 4093//4093 4094//4094
f 4037//4037 4094//4094 4038//4038
f 4038//4038 4094//4094 4095//4095
f 4038//4038 4095//4095 4039//4039
f 4039//4039 4095//4095 4096//4096
f 4039//4039 4096//4096 4040//4040
f 4040//4040 4096//4096 4097//4097
f 4040//4040 4097//4097 4041//4041
f 4041//4041 4097//4097 4098//4098
f 4041//4041 4098//4098 4042//4042
f 4042//4042 4098//4098 4099//4099
f 4042//4042 4099//4099 4043//4043
f 4043//4043 4099//4099 4100//4100
f 4043//4043 4100//4100 4044//4044
f 4044//4044 4100//4100 4101//4101
f 4044//4044 4101//4101 4045//4045
f 4045//4045 4101//4101 4102//4102
f 4045//4045 4102//4102 4046//4046
f 4046//4046 4102//4102 4103//4103
f 4046//4046 4103//4103 4047//4047
f 4047//4047 4103//4103 4104//4104
f 4047//4047 4104//4104 4048//4048
f 4048//4048 4104//4104 4105//4105
f 4048//4048 4105//4105 4049//4049
f 4049//4049 4105//4105 4106//4106
f 4049//4049 4106//4106 4050//4050
f 4050//4050 4106//4106 4107//4107
f 4050//4050 4107//4107 4051//4051
f 4051//4051 4107//4107 4108//4108
f 4051//4051 4108//4108 4052//4052
f 4052//4052 4108//4108 4109//4109
f 4052//4052 4109//4109 4053//4053
f 4053//4053 4109//4109 4110//4110
f 4053//4053 4110//4110 4054//4054
f 4054//4054 4110//4110 4111//4111
f 4054//4054 4111//4111 4055//4055
f 4055//4055 4111//4111 4112//4112
f 4055//4055 4112//4112 4056//4056
f 4056//4056 4112//4112 4113//4113
f 4056//4056 4113//4113 4057//4057
f 4057//4057 4113//4113 4114//4114
f 4057//4057 4114//4114 4058//4058
f 4058//4058 4114//4114 4115//4115
f 4058//4058 4115//4115 4059//4059
f 4059//4059 4115//4115 4116//4116
f 4059//4059 4116//4116 4060//4060
f 4060//4060 4116//4116 4117//4117
f 4060//4060 4117//4117 4061//4061
f 4061//4061 4117//4117 4118//4118
f 4061//4061 4118//4118 4062//4062
f 4062//4062 4118//4118 4119//4119
f 4062//4062 4119//4119 4063//4063
f 4063//4063 4119//4119 4120//4120
f 4063//4063 4120//4120 4064//4064
f 4064//4064 4120//4120 4121//4121
f 4064//4064 4121//4121 4065//4065
f 4065//4065 4121//4121 4122//4122
f 4065//4065 4122//4122 4066//4066
f 4066//4066 4122//4122 4123//4123
f 4066//4066 4123//4123 4067//4067
f 4067//4067 4123//4123 4124//4124
f 4067//4067 4124//4124 4068//4068
f 4068//4068 4124//4124 4125//4125
f 4068//4068 4125//4125 4069//4069
f 4069//4069 4125//4125 4126//4126
f 4069//4069 4126//4126 4070//4070
f 4070//4070 4126//4126 4127//4127
f 4070//4070 4127//4127 4071//4071
f 4071//4071 4127//4127 4128//4128
f 4071//4071 4128//4128 4072//4072
f 4072//4072 4128//4128 4129//4129
f 4072//4072 4129//4129 4073//4073
f 4073//4073 4129//4129 4130//4130
f 4073//4073 4130//4130 4074//4074
f 4074//4074 4130//4130 4131//4131
f 4074//4074 4131//4131 4075//4075
f 4075//4075 4131//4131 4132//4132
f 4075//4075 4132//4132 4076//4076
f 4076//4076 4132//4132 4133//4133
f 4076//4076 4133//4133 4077//4077
f 4077//4077 4133//4133 4134//4134
f 4077//4077 4134//4134 4078//4078
f 4078//4078 4134//4134 4135//4135
f 4078//4078 4135//4135 4079//4079
f 4079//4079 4135//4135 4136//4136
f 4079//4079 4136//4136 4080//4080
f 4080//4080 4136//4136 4137//4137
f 4080//4080 4137//4137 4081//4081
f 4081//4081 4137//4137 4138//4138
f 4081//4081 4138//4138 4082//4082
f 4082//4082 4138//4138 4139//4139
f 4082//4082 4139//4139 4083//4083
f 4083//4083 4139//4139 4140//4140
f 4083//4083 4140//4140 4084//4084
f 4084//4084 4140//4140 4141//4141
f 4084//4084 4141//4141 4085//4085
f 4085//4085 4141//4141 4142//4142
f 4085//4085 4142//4142 4086//4086
f 4086//4086 4142//4142 4143//4143
f 4086//4086 4143//4143 4087//4087
f 4087//4087 4143//4143 4144//4144
f 4087//4087 4144//4144 4088//4088
f 4088//4088 4144//4144 4089//4089
f 4088//4088 4089//4089 4033//4033
f 4089//4089 4145//4145 4146//4146
f 4089//4089 4146//4146 4090//4090
f 4090//4090 4146//4146 4147//4147
f 4090//4090 4147//4147 4091//4091
f 4091//4091 4147//4147 4148//4148
f 4091//4091 4148//4148 4092//4092
f 4092//4092 4148//4148 4149//4149
f 4092//4092 4149//4149 4093//4093
f 4093//4093 4149//4149 4150//4150
f 4093//4093 4150//4150 4094//4094
f 4094//4094 4150//4150 4151//4151
f 4094//4094 4151//4151 4095//4095
f 4095//4095 4151//4151 4152//4152
f 4095//4095 4152//4152 4096//4096
f 4096//4096 4152//4152 4153//4153
f 4096//4096 4153//4153 4097//4097
f 4097//4097 4153//4153 4154//4154
f 4097//4097 4154//4154 4098//4098
f 4098//4098 4154//4154 4155//4155
f 4098//4098 4155//4155 4099//4099
f 4099//4099 4155//4155 4156//4156
f 4099//4099 4156//4156 4100//4100
f 4100//4100 4156//4156 4157//4157
f 4100//4100 4157//4157 4101//4101
f 4101//4101 4157//4157 4158//4158
f 4101//4101 4158//4158 4102//4102
f 4102//4102 4158//4158 4159//4159
f 4102//4102 4159//4159 4103//4103
f 4103//4103 4159//4159 4160//4160
f 4103//4103 4160//4160 4104//4104
f 4104//4104 4160//4160 4161//4161
f 4104//4104 4161//4161 4105//4105
f 4105//4105 4161//4161 4162//4162
f 4105//4105 4162//4162 4106//4106
f 4106//4106 4162//4162 4163//4163
f 4106//4106 4163//4163 4107//4107
f 4107//4107 4163//4163 4164//4164
f 4107//4107 4164//4164 4108//4108
f 4108//4108 4164//4164 4165//4165
f 4108//4108 4165//4165 4109//4109
f 4109//4109 4165//4165 4166//4166
f 4109//4109 4166//4166 4110//4110
f 4110//4110 4166//4166 4167//4167
f 4110//4110 4167//4167 4111//4111
f 4111//4111 4167//4167 4168//4168
f 4111//4111 4168//4168 4112//4112
f 4112//4112 4168//4168 4169//4169
f 4112//4112 4169//4169 4113//4113
f 4113//4113 4169//4169 4170//4170
f 4113//4113 4170//4170 4114//4114
f 4114//4114 4170//4170 4171//4171
f 4114//4114 4171//4171 4115//4115
f 4115//4115 4171//4171 4172//4172
f 4115//4115 4172//4172 4116//4116
f 4116//4116 4172//4172 4173//4173
f 4116//4116 4173//4173 4117//4117
f 4117//4117 4173//4173 4174//4174
f 4117//4117 4174//4174 4118//4118
f 4118//4118 4174//4174 4175//4175
f 4118//4118 4175//4175 4119//4119
f 4119//4119 4175//4175 4176//4176
f 4119//4119 4176//4176 4120//4120
f 4120//4120 4176//4176 4177//4177
f 4120//4120 4177//4177 4121//4121
f 4121//4121 4177//4177 4178//4178
f 4121//4121 4178//4178 4122//4122
f 4122//4122 4178//4178 4179//4179
f 4122//4122 4179//4179 4123//4123
f 4123//4123 4179//4179 4180//4180
f 4123//4123 4180//4180 4124//4124
f 4124//4124 4180//4180 4181//4181
f 4124//4124 4181//4181 4125//4125
f 4125//4125 4181//4181 4182//4182
f 4125//4125 4182//4182 4126//4126
f 4126//4126 4182//4182 4183//4183
f 4126//4126 4183//4183 4127//4127
f 4127//4127 4183//4183 4184//4184
f 4127//4127 4184//4184 4128//4128
f 4128//4128 4184//4184 4185//4185
f 4128//4128 4185//4185 4129//4129
f 4129//4129 4185//4185 4186//4186
f 4129//4129 4186//4186 4130//4130
f 4130//4130 4186//4186 4187//4187
f 4130//4130 4187//4187 4131//4131
f 4131//4131 4187//4187 4188//4188
f 4131//4131 4188//4188 4132//4132
f 4132//4132 4188//4188 4189//4189
f 4132//4132 4189//4189 4133//4133
f 4133//4133 4189//4189 4190//4190
f 4133//4133 4190//4190 4134//4134
f 4134//4134 4190//4190 4191//4191
f 4134//4134 4191//4191 4135//4135
f 4135//4135 4191//4191 4192//4192
f 4135//4135 4192//4192 4136//4136
f 4136//4136 4192//4192 4193//4193
f 4136//4136 4193//4193 4137//4137
f 4137//4137 4193//4193 4194//4194
f 4137//4137 4194//4194 4138//4138
f 4138//4138 4194//4194 4195//4195
f 4138//4138 4195//4195 4139//4139
f 4139//4139 4195//4195 4196//4196
f 4139//4139 4196//4196 4140//4140
f 4140//4140 4196//4196 4197//4197
f 4140//4140 4197//4197 4141//4141
f 4141//4141 4197//4197 4198//4198
f 4141//4141 4198//4198 4142//4142
f 4142//4142 4198//4198 4199//4199
f 4142//4142 4199//4199 4143//4143
f 4143//4143 4199//4199 4200//4200
f 4143//4143 4200//4200 4144//4144
f 4144//4144 4200//4200 4145//4145
f 4144//4144 4145//4145 4089//4089
f 4145//4145 4201//4201 4202//4202
f 4145//4145 4202//4202 4146//4146
f 4146//4146 4202//4202 4203//4203
f 4146//4146 4203//4203 4147//4147
f 4147//4147 4203//4203 4204//4204
f 4147//4147 4204//4204 4148//4148
f 4148//4148 4204//4204 4205//4205
f 4148//4148 4205//4205 4149//4149
f 4149//4149 4205//4205 4206//4206
f 4149//4149 4206//4206 4150//4150
f 4150//4150 4206//4206 4207//4207
f 4150//4150 4207//4207 4151//4151
f 4151//4151 4207//4207 4208//4208
f 4151//4151 4208//4208 4152//4152
f 4152//4152 4208//4208 4209//4209
f 4152//4152 4209//4209 4153//4153
f 4153//4153 4209//4209 4210//4210
f 4153//4153 4210//4210 4154//4154
f 4154//4154 4210//4210 4211//4211
f 4154//4154 4211//4211 4155//4155
f 4155//4155 4211//4211 4212//4212
f 4155//4155 4212//4212 4156//4156
f 4156//4156 4212//4212 4213//4213
f 4156//4156 4213//4213 4157//4157
f 4157//4157 4213//4213 4214//4214
f 4157//4157 4214//4214 4158//4158
f 4158//4158 4214//4214 4215//4215
f 4158//4158 4215//4215 4159//4159
f 4159//4159 4215//4215 4216//4216
f 4159//4159 4216//4216 4160//4160
f 4160//4160 4216//4216 4217//4217
f 4160//4160 4217//4217 4161//4161
f 4161//4161 4217//4217 4218//4218
f 4161//4161 4218//4218 4162//4162
f 4162//4162 4218//4218 4219//4219
f 4162//4162 4219//4219 4163//4163
f 4163//4163 4219//4219 4220//4220
f 4163//4163 4220//4220 4164//4164
f 4164//4164 4220//4220 4221//4221
f 4164//4164 4221//4221 4165//4165
f 4165//4165 4221//4221 4222//4222
f 4165//4165 4222//4222 4166//4166
f 4166//4166 4222//4222 4223//4223
f 4166//4166 4223//4223 4167//4167
f 4167//4167 4223//4223 4224//4224
f 4167//4167 4224//4224 4168//4168
f 4168//4168 4224//4224 4225//4225
f 4168//4168 4225//4225 4169//4169
f 4169//4169 4225//4225 4226//4226
f 4169//4169 4226//4226 4170//4170
f 4170//4170 4226//4226 4227//4227
f 4170//4170 4227//4227 4171//4171
f 4171//4171 4227//4227 4228//4228
f 4171//4171 4228//4228 4172//4172
f 4172//4172 4228//4228 4229//4229
f 4172//4172 4229//4229 4173//4173
f 4173//4173 4229//4229 4230//4230
f 4173//4173 4230//4230 4174//4174
f 4174//4174 4230//4230 4231//4231
f 4174//4174 4231//4231 4175//4175
f 4175//4175 4231//4231 4232//4232
f 4175//4175 4232//4232 4176//4176
f 4176//4176 4232//4232 4233//4233
f 4176//4176 4233//4233 4177//4177
f 4177//4177 4233//4233 4234//4234
f 4177//4177 4234//4234 4178//4178
f 4178//4178 4234//4234 4235//4235
f 4178//4178 4235//4235 4179//4179
f 4179//4179 4235//4235 4236//4236
f 4179//4179 4236//4236 4180//4180
f 4180//4180 4236//4236 4237//4237
f 4180//4180 4237//4237 4181//4181
f 4181//4181 4237//4237 4238//4238
f 4181//4181 4238//4238 4182//4182
f 4182//4182 4238//4238 4239//4239
f 4182//4182 4239//4239 4183//4183
f 4183//4183 4239//4239 4240//4240
f 4183//4183 4240//4240 4184//4184
f 4184//4184 4240//4240 4241//4241
f 4184//4184 4241//4241 4185//4185
f 4185//4185 4241//4241 4242//4242
f 4185//4185 4242//4242 4186//4186
f 4186//4186 4242//4242 4243//4243
f 4186//4186 4243//4243 4187//4187
f 4187//4187 4243//4243 4244//4244
f 4187//4187 4244//4244 4188//4188
f 4188//4188 4244//4244 4245//4245
f 4188//4188 4245//4245 4189//4189
f 4189//4189 4245//4245 4246//4246
f 4189//4189 4246//4246 4190//4190
f 4190//4190 4246//4246 4247//4247
f 4190//4190 4247//4247 4191//4191
f 4191//4191 4247//4247 4248//4248
f 4191//4191 4248//4248 4192//4192
f 4192//4192 4248//4248 4249//4249
f 4192//4192 4249//4249 4193//4193
f 4193//4193 4249//4249 4250//4250
f 4193//4193 4250//4250 4194//4194
f 4194//4194 4250//4250 4251//4251
f 4194//4194 4251//4251 4195//4195
f 4195//4195 4251//4251 4252//4252
f 4195//4195 4252//4252 4196//4196
f 4196//4196 4252//4252 4253//4253
f 4196//4196 4253//4253 4197//4197
f 4197//4197 4253//4253 4254//4254
f 4197//4197 4254//4254 4198//4198
f 4198//4198 4254//4254 4255//4255
f 4198//4198 4255//4255 4199//4199
f 4199//4199 4255//4255 4256//4256
f 4199//4199 4256//4256 4200//4200
f 4200//4200 4256//4256 4201//4201
f 4200//4200 4201//4201 4145//4145
f 4201//4201 4257//4257 4258//4258
f 4201//4201 4258//4258 4202//4202
f 4202//4202 4258//4258 4259//4259
f 4202//4202 4259//4259 4203//4203
f 4203//4203 4259//4259 4260//4260
f 4203//4203 4260//4260 4204//4204
f 4204//4204 4260//4260 4261//4261
f 4204//4204 4261//4261 4205//4205
f 4205//4205 4261//4261 4262//4262
f 4205//4205 4262//4262 4206//4206
f 4206//4206 4262//4262 4263//4263
f 4206//4206 4263//4263 4207//4207
f 4207//4207 4263//4263 4264//4264
f 4207//4207 4264//4264 4208//4208
f 4208//4208 4264//4264 4265//4265
f 4208//4208 4265//4265 4209//4209
f 4209//4209 4265//4265 4266//4266
f 4209//4209 4266//4266 4210//4210
f 4210//4210 4266//4266 4267//4267
f 4210//4210 4267//4267 4211//4211
f 4211//4211 4267//4267 4268//4268
f 4211//4211 4268//4268 4212//4212
f 4212//4212 4268//4268 4269//4269
f 4212//4212 4269//4269 4213//4213
f 4213//4213 4269//4269 4270//4270
f 4213//4213 4270//4270 4214//4214
f 4214//4214 4270//4270 4271//4271
f 4214//4214 4271//4271 4215//4215
f 4215//4215 4271//4271 4272//4272
f 4215//4215 4272//4272 4216//4216
f 4216//4216 4272//4272 4273//4273
f 4216//4216 4273//4273 4217//4217
f 4217//4217 4273//4273 4274//4274
f 4217//4217 4274//4274 4218//4218
f 4218//4218 4274//4274 4275//4275
f 4218//4218 4275//4275 4219//4219
f 4219//4219 4275//4275 4276//4276
f 4219//4219 4276//4276 4220//4220
f 4220//4220 4276//4276 4277//4277
f 4220//4220 4277//4277 4221//4221
f 4221//4221 4277//4277 4278//4278
f 4221//4221 4278//4278 4222//4222
f 4222//4222 4278//4278 4279//4279
f 4222//4222 4279//4279 4223//4223
f 4223//4223 4279//4279 4280//4280
f 4223//4223 4280//4280 4224//4224
f 4224//4224 4280//4280 4281//4281
f 4224//4224 4281//4281 4225//4225
f 4225//4225 4281//4281 4282//4282
f 4225//4225 4282//4282 4226//4226
f 4226//4226 4282//4282 4283//4283
f 4226//4226 4283//4283 4227//4227
f 4227//4227 4283//4283 4284//4284
f 4227//4227 4284//4284 4228//4228
f 4228//4228 4284//4284 4285//4285
f 4228//4228 4285//4285 4229//4229
f 4229//4229 4285//4285 4286//4286
f 4229//4229 4286//4286 4230//4230
f 4230//4230 4286//4286 4287//4287
f 4230//4230 4287//4287 4231//4231
f 4231//4231 4287//4287 4288//4288
f 4231//4231 4288//4288 4232//4232
f 4232//4232 4288//4288 4289//4289
f 4232//4232 4289//4289 4233//4233
f 4233//4233 4289//4289 4290//4290
f 4233//4233 4290//4290 4234//4234
f 4234//4234 4290//4290 4291//4291
f 4234//4234 4291//4291 4235//4235
f 4235//4235 4291//4291 4292//4292
f 4235//4235 4292//4292 4236//4236
f 4236//4236 4292//4292 4293//4293
f 4236//4236 4293//4293 4237//4237
f 4237//4237 4293//4293 4294//4294
f 4237//4237 4294//4294 4238//4238
f 4238//4238 4294//4294 4295//4295
f 4238//4238 4295//4295 4239//4239
f 4239//4239 4295//4295 4296//4296
f 4239//4239 4296//4296 4240//4240
f 4240//4240 4296//4296 4297//4297
f 4240//4240 4297//4297 4241//4241
f 4241//4241 4297//4297 4298//4298
f 4241//4241 4298//4298 4242//4242
f 4242//4242 4298//4298 4299//4299
f 4242//4242 4299//4299 4243//4243
f 4243//4243 4299//4299 4300//4300
f 4243//4243 4300//4300 4244//4244
f 4244//4244 4300//4300 4301//4301
f 4244//4244 4301//4301 4245//4245
f 4245//4245 4301//4301 4302//4302
f 4245//4245 4302//4302 4246//4246
f 4246//4246 4302//4302 4303//4303
f 4246//4246 4303//4303 4247//4247
f 4247//4247 4303//4303 4304//4304
f 4247//4247 4304//4304 4248//4248
f 4248//4248 4304//4304 4305//4305
f 4248//4248 4305//4305 4249//4249
f 4249//4249 4305//4305 4306//4306
f 4249//4249 4306//4306 4250//4250
f 4250//4250 4306//4306 4307//4307
f 4250//4250 4307//4307 4251//4251
f 4251//4251 4307//4307 4308//4308
f 4251//4251 4308//4308 4252//4252
f 4252//4252 4308//4308 4309//4309
f 4252//4252 4309//4309 4253//4253
f 4253//4253 4309//4309 4310//4310
f 4253//4253 4310//4310 4254//4254
f 4254//4254 4310//4310 4311//4311
f 4254//4254 4311//4311 4255//4255
f 4255//4255 4311//4311 4312//4312
f 4255//4255 4312//4312 4256//4256
f 4256//4256 4312//4312 4257//4257
f 4256//4256 4257//4257 4201//4201
f 4257//4257 4313//4313 4314//4314
f 4257//4257 4314//4314 4258//4258
f 4258//4258 4314//4314 4315//4315
f 4258//4258 4315//4315 4259//4259
f 4259//4259 4315//4315 4316//4316
f 4259//4259 4316//4316 4260//4260
f 4260//4260 4316//4316 4317//4317
f 4260//4260 4317//4317 4261//4261
f 4261//4261 4317//4317 4318//4318
f 4261//4261 4318//4318 4262//4262
f 4262//4262 4318//4318 4319//4319
f 4262//4262 4319//4319 4263//4263
f 4263//4263 4319//4319 4320//4320
f 4263//4263 4320//4320 4264//4264
f 4264//4264 4320//4320 4321//4321
f 4264//4264 4321//4321 4265//4265
f 4265//4265 4321//4321 4322//4322
f 4265//4265 4322//4322 4266//4266
f 4266//4266 4322//4322 4323//4323
f 4266//4266 4323//4323 4267//4267
f 4267//4267 4323//4323 4324//4324
f 4267//4267 4324//4324 4268//4268
f 4268//4268 4324//4324 4325//4325
f 4268//4268 4325//4325 4269//4269
f 4269//4269 4325//4325 4326//4326
f 4269//4269 4326//4326 4270//4270
f 4270//4270 4326//4326 4327//4327
f 4270//4270 4327//4327 4271//4271
f 4271//4271 4327//4327 4328//4328
f 4271//4271 4328//4328 4272//4272
f 4272//4272 4328//4328 4329//4329
f 4272//4272 4329//4329 4273//4273
f 4273//4273 4329//4329 4330//4330
f 4273//4273 4330//4330 4274//4274
f 4274//4274 4330//4330 4331//4331
f 4274//4274 4331//4331 4275//4275
f 4275//4275 4331//4331 4332//4332
f 4275//4275 4332//4332 4276//4276
f 4276//4276 4332//4332 4333//4333
f 4276//4276 4333//4333 4277//4277
f 4277//4277 4333//4333 4334//4334
f 4277//4277 4334//4334 4278//4278
f 4278//4278 4334//4334 4335//4335
f 4278//4278 4335//4335 4279//4279
f 4279//4279 4335//4335 4336//4336
f 4279//4279 4336//4336 4280//4280
f 4280//4280 4336//4336 4337//4337
f 4280//4280 4337//4337 4281//4281
f 4281//4281 4337//4337 4338//4338
f 4281//4281 4338//4338 4282//4282
f 4282//4282 4338//4338 4339//4339
f 4282//4282 4339//4339 4283//4283
f 4283//4283 4339//4339 4340//4340
f 4283//4283 4340//4340 4284//4284
f 4284//4284 4340//4340 4341//4341
f 4284//4284 4341//4341 4285//4285
f 4285//4285 4341//4341 4342//4342
f 4285//4285 4342//4342 4286//4286
f 4286//4286 4342//4342 4343//4343
f 4286//4286 4343//4343 4287//4287
f 4287//4287 4343//4343 4344//4344
f 4287//4287 4344//4344 4288//4288
f 4288//4288 4344//4344 4345//4345
f 4288//4288 4345//4345 4289//4289
f 4289//4289 4345//4345 4346//4346
f 4289//4289 4346//4346 4290//4290
f 4290//4290 4346//4346 4347//4347
f 4290//4290 4347//4347 4291//4291
f 4291//4291 4347//4347 4348//4348
f 4291//4291 4348//4348 4292//4292
f 4292//4292 4348//4348 4349//4349
f 4292//4292 4349//4349 4293//4293
f 4293//4293 4349//4349 4350//4350
f 4293//4293 4350//4350 4294//4294
f 4294//4294 4350//4350 4351//4351
f 4294//4294 4351//4351 4295//4295
f 4295//4295 4351//4351 4352//4352
f 4295//4295 4352//4352 4296//4296
f 4296//4296 4352//4352 4353//4353
f 4296//4296 4353//4353 4297//4297
f 4297//4297 4353//4353 4354//4354
f 4297//4297 4354//4354 4298//4298
f 4298//4298 4354//4354 4355//4355
f 4298//4298 4355//4355 4299//4299
f 4299//4299 4355//4355 4356//4356
f 4299//4299 4356//4356 4300//4300
f 4300//4300 4356//4356 4357//4357
f 4300//4300 4357//4357 4301//4301
f 4301//4301 4357//4357 4358//4358
f 4301//4301 4358//4358 4302//4302
f 4302//4302 4358//4358 4359//4359
f 4302//4302 4359//4359 4303//4303
f 4303//4303 4359//4359 4360//4360
f 4303//4303 4360//4360 4304//4304
f 4304//4304 4360//4360 4361//4361
f 4304//4304 4361//4361 4305//4305
f 4305//4305 4361//4361 4362//4362
f 4305//4305 4362//4362 4306//4306
f 4306//4306 4362//4362 4363//4363
f 4306//4306 4363//4363 4307//4307
f 4307//4307 4363//4363 4364//4364
f 4307//4307 4364//4364 4308//4308
f 4308//4308 4364//4364 4365//4365
f 4308//4308 4365//4365 4309//4309
f 4309//4309 4365//4365 4366//4366
f 4309//4309 4366//4366 4310//4310
f 4310//4310 4366//4366 4367//4367
f 4310//4310 4367//4367 4311//4311
f 4311//4311 4367//4367 4368//4368
f 4311//4311 4368//4368 4312//4312
f 4312//4312 4368//4368 4313//4313
f 4312//4312 4313//4313 4257//4257
f 4313//4313 4369//4369 4370//4370
f 4313//4313 4370//4370 4314//4314
f 4314//4314 4370//4370 4371//4371
f 4314//4314 4371//4371 4315//4315
f 4315//4315 4371//4371 4372//4372
f 4315//4315 4372//4372 4316//4316
f 4316//4316 4372//4372 4373//4373
f 4316//4316 4373//4373 4317//4317
f 4317//4317 4373//4373 4374//4374
f 4317//4317 4374//4374 4318//4318
f 4318//4318 4374//4374 4375//4375
f 4318//4318 4375//4375 4319//4319
f 4319//4319 4375//4375 4376//4376
f 4319//4319 4376//4376 4320//4320
f 4320//4320 4376//4376 4377//4377
f 4320//4320 4377//4377 4321//4321
f 4321//4321 4377//4377 4378//4378
f 4321//4321 4378//4378 4322//4322
f 4322//4322 4378//4378 4379//4379
f 4322//4322 4379//4379 4323//4323
f 4323//4323 4379//4379 4380//4380
f 4323//4323 4380//4380 4324//4324
f 4324//4324 4380//4380 4381//4381
f 4324//4324 4381//4381 4325//4325
f 4325//4325 4381//4381 4382//4382
f 4325//4325 4382//4382 4326//4326
f 4326//4326 4382//4382 4383//4383
f 4326//4326 4383//4383 4327//4327
f 4327//4327 4383//4383 4384//4384
f 4327//4327 4384//4384 4328//4328
f 4328//4328 4384//4384 4385//4385
f 4328//4328 4385//4385 4329//4329
f 4329//4329 4385//4385 4386//4386
f 4329//4329 4386//4386 4330//4330
f 4330//4330 4386//4386 4387//4387
f 4330//4330 4387//4387 4331//4331
f 4331//4331 4387//4387 4388//4388
f 4331//4331 4388//4388 4332//4332
f 4332//4332 4388//4388 4389//4389
f 4332//4332 4389//4389 4333//4333
f 4333//4333 4389//4389 4390//4390
f 4333//4333 4390//4390 4334//4334
f 4334//4334 4390//4390 4391//4391
f 4334//4334 4391//4391 4335//4335
f 4335//4335 4391//4391 4392//4392
f 4335//4335 4392//4392 4336//4336
f 4336//4336 4392//4392 4393//4393
f 4336//4336 4393//4393 4337//4337
f 4337//4337 4393//4393 4394//4394
f 4337//4337 4394//4394 4338//4338
f 4338//4338 4394//4394 4395//4395
f 4338//4338 4395//4395 4339//4339
f 4339//4339 4395//4395 4396//4396
f 4339//4339 4396//4396 4340//4340
f 4340//4340 4396//4396 4397//4397
f 4340//4340 4397//4397 4341//4341
f 4341//4341 4397//4397 4398//4398
f 4341//4341 4398//4398 4342//4342
f 4342//4342 4398//4398 4399//4399
f 4342//4342 4399//4399 4343//4343
f 4343//4343 4399//4399 4400//4400
f 4343//4343 4400//4400 4344//4344
f 4344//4344 4400//4400 4401//4401
f 4344//4344 4401//4401 4345//4345
f 4345//4345 4401//4401 4402//4402
f 4345//4345 4402//4402 4346//4346
f 4346//4346 4402//4402 4403//4403
f 4346//4346 4403//4403 4347//4347
f 4347//4347 4403//4403 4404//4404
f 4347//4347 4404//4404 4348//4348
f 4348//4348 4404//4404 4405//4405
f 4348//4348 4405//4405 4349//4349
f 4349//4349 4405//4405 4406//4406
f 4349//4349 4406//4406 4350//4350
f 4350//4350 4406//4406 4407//4407
f 4350//4350 4407//4407 4351//4351
f 4351//4351 4407//4407 4408//4408
f 4351//4351 4408//4408 4352//4352
f 4352//4352 4408//4408 4409//4409
f 4352//4352 4409//4409 4353//4353
f 4353//4353 4409//4409 4410//4410
f 4353//4353 4410//4410 4354//4354
f 4354//4354 4410//4410 4411//4411
f 4354//4354 4411//4411 4355//4355
f 4355//4355 4411//4411 4412//4412
f 4355//4355 4412//4412 4356//4356
f 4356//4356 4412//4412 4413//4413
f 4356//4356 4413//4413 4357//4357
f 4357//4357 4413//4413 4414//4414
f 4357//4357 4414//4414 4358//4358
f 4358//4358 4414//4414 4415//4415
f 4358//4358 4415//4415 4359//4359
f 4359//4359 4415//4415 4416//4416
f 4359//4359 4416//4416 4360//4360
f 4360//4360 4416//4416 4417//4417
f 4360//4360 4417//4417 4361//4361
f 4361//4361 4417//4417 4418//4418
f 4361//4361 4418//4418 4362//4362
f 4362//4362 4418//4418 4419//4419
f 4362//4362 4419//4419 4363//4363
f 4363//4363 4419//4419 4420//4420
f 4363//4363 4420//4420 4364//4364
f 4364//4364 4420//4420 4421//4421
f 4364//4364 4421//4421 4365//4365
f 4365//4365 4421//4421 4422//4422
f 4365//4365 4422//4422 4366//4366
f 4366//4366 4422//4422 4423//4423
f 4366//4366 4423//4423 4367//4367
f 4367//4367 4423//4423 4424//4424
f 4367//4367 4424//4424 4368//4368
f 4368//4368 4424//4424 4369//4369
f 4368//4368 4369//4369 4313//4313
f 4369//4369 4425//4425 4426//4426
f 4369//4369 4426//4426 4370//4370
f 4370//4370 4426//4426 4427//4427
f 4370//4370 4427//4427 4371//4371
f 4371//4371 4427//4427 4428//4428
f 4371//4371 4428//4428 4372//4372
f 4372//4372 4428//4428 4429//4429
f 4372//4372 4429//4429 4373//4373
f 4373//4373 4429//4429 4430//4430
f 4373//4373 4430//4430 4374//4374
f 4374//4374 4430//4430 4431//4431
f 4374//4374 4431//4431 4375//4375
f 4375//4375 4431//4431 4432//4432
f 4375//4375 4432//4432 4376//4376
f 4376//4376 4432//4432 4433//4433
f 4376//4376 4433//4433 4377//4377
f 4377//4377 4433//4433 4434//4434
f 4377//4377 4434//4434 4378//4378
f 4378//4378 4434//4434 4435//4435
f 4378//4378 4435//4435 4379//4379
f 4379//4379 4435//4435 4436//4436
f 4379//4379 4436//4436 4380//4380
f 4380//4380 4436//4436 4437//4437
f 4380//4380 4437//4437 4381//4381
f 4381//4381 4437//4437 4438//4438
f 4381//4381 4438//4438 4382//4382
f 4382//4382 4438//4438 4439//4439
f 4382//4382 4439//4439 4383//4383
f 4383//4383 4439//4439 4440//4440
f 4383//4383 4440//4440 4384//4384
f 4384//4384 4440//4440 4441//4441
f 4384//4384 4441//4441 4385//4385
f 4385//4385 4441//4441 4442//4442
f 4385//4385 4442//4442 4386//4386
f 4386//4386 4442//4442 4443//4443
f 4386//4386 4443//4443 4387//4387
f 4387//4387 4443//4443 4444//4444
f 4387//4387 4444//4444 4388//4388
f 4388//4388 4444//4444 4445//4445
f 4388//4388 4445//4445 4389//4389
f 4389//4389 4445//4445 4446//4446
f 4389//4389 4446//4446 4390//4390
f 4390//4390 4446//4446 4447//4447
f 4390//4390 4447//4447 4391//4391
f 4391//4391 4447//4447 4448//4448
f 4391//4391 4448//4448 4392//4392
f 4392//4392 4448//4448 4449//4449
f 4392//4392 4449//4449 4393//4393
f 4393//4393 4449//4449 4450//4450
f 4393//4393 4450//4450 4394//4394
f 4394//4394 4450//4450 4451//4451
f 4394//4394 4451//4451 4395//4395
f 4395//4395 4451//4451 4452//4452
f 4395//4395 4452//4452 4396//4396
f 4396//4396 4452//4452 4453//4453
f 4396//4396 4453//4453 4397//4397
f 4397//4397 4453//4453 4454//4454
f 4397//4397 4454//4454 4398//4398
f 4398//4398 4454//4454 4455//4455
f 4398//4398 4455//4455 4399//4399
f 4399//4399 4455//4455 4456//4456
f 4399//4399 4456//4456 4400//4400
f 4400//4400 4456//4456 4457//4457
f 4400//4400 4457//4457 4401//4401
f 4401//4401 4457//4457 4458//4458
f 4401//4401 4458//4458 4402//4402
f 4402//4402 4458//4458 4459//4459
f 4402//4402 4459//4459 4403//4403
f 4403//4403 4459//4459 4460//4460
f 4403//4403 4460//4460 4404//4404
f 4404//4404 4460//4460 4461//4461
f 4404//4404 4461//4461 4405//4405
f 4405//4405 4461//4461 4462//4462
f 4405//4405 4462//4462 4406//4406
f 4406//4406 4462//4462 4463//4463
f 4406//4406 4463//4463 4407//4407
f 4407//4407 4463//4463 4464//4464
f 4407//4407 4464//4464 4408//4408
f 4408//4408 4464//4464 4465//4465
f 4408//4408 4465//4465 4409//4409
f 4409//4409 4465//4465 4466//4466
f 4409//4409 4466//4466 4410//4410
f 4410//4410 4466//4466 4467//4467
f 4410//4410 4467//4467 4411//4411
f 4411//4411 4467//4467 4468//4468
f 4411//4411 4468//4468 4412//4412
f 4412//4412 4468//4468 4469//4469
f 4412//4412 4469//4469 4413//4413
f 4413//4413 4469//4469 4470//4470
f 4413//4413 4470//4470 4414//4414
f 4414//4414 4470//4470 4471//4471
f 4414//4414 4471//4471 4415//4415
f 4415//4415 4471//4471 4472//4472
f 4415//4415 4472//4472 4416//4416
f 4416//4416 4472//4472 4473//4473
f 4416//4416 4473//4473 4417//4417
f 4417//4417 4473//4473 4474//4474
f 4417//4417 4474//4474 4418//4418
f 4418//4418 4474//4474 4475//4475
f 4418//4418 4475//4475 4419//4419
f 4419//4419 4475//4475 4476//4476
f 4419//4419 4476//4476 4420//4420
f 4420//4420 4476//4476 4477//4477
f 4420//4420 4477//4477 4421//4421
f 4421//4421 4477//4477 4478//4478
f 4421//4421 4478//4478 4422//4422
f 4422//4422 4478//4478 4479//4479
f 4422//4422 4479//4479 4423//4423
f 4423//4423 4479//4479 4480//4480
f 4423//4423 4480//4480 4424//4424
f 4424//4424 4480//4480 4425//4425
f 4424//4424 4425//4425 4369//4369
f 4425//4425 4481//4481 4482//4482
f 4425//4425 4482//4482 4426//4426
f 4426//4426 4482//4482 4483//4483
f 4426//4426 4483//4483 4427//4427
f 4427//4427 4483//4483 4484//4484
f 4427//4427 4484//4484 4428//4428
f 4428//4428 4484//4484 4485//4485
f 4428//4428 4485//4485 4429//4429
f 4429//4429 4485//4485 4486//4486
f 4429//4429 4486//4486 4430//4430
f 4430//4430 4486//4486 4487//4487
f 4430//4430 4487//4487 4431//4431
f 4431//4431 4487//4487 4488//4488
f 4431//4431 4488//4488 4432//4432
f 4432//4432 4488//4488 4489//4489
f 4432//4432 4489//4489 4433//4433
f 4433//4433 4489//4489 4490//4490
f 4433//4433 4490//4490 4434//4434
f 4434//4434 4490//4490 4491//4491
f 4434//4434 4491//4491 4435//4435
f 4435//4435 4491//4491 4492//4492
f 4435//4435 4492//4492 4436//4436
f 4436//4436 4492//4492 4493//4493
f 4436//4436 4493//4493 4437//4437
f 4437//4437 4493//4493 4494//4494
f 4437//4437 4494//4494 4438//4438
f 4438//4438 4494//4494 4495//4495
f 4438//4438 4495//4495 4439//4439
f 4439//4439 4495//4495 4496//4496
f 4439//4439 4496//4496 4440//4440
f 4440//4440 4496//4496 4497//4497
f 4440//4440 4497//4497 4441//4441
f 4441//4441 4497//4497 4498//4498
f 4441//4441 4498//4498 4442//4442
f 4442//4442 4498//4498 4499//4499
f 4442//4442 4499//4499 4443//4443
f 4443//4443 4499//4499 4500//4500
f 4443//4443 4500//4500 4444//4444
f 4444//4444 4500//4500 4501//4501
f 4444//4444 4501//4501 4445//4445
f 4445//4445 4501//4501 4502//4502
f 4445//4445 4502//4502 4446//4446
f 4446//4446 4502//4502 4503//4503
f 4446//4446 4503//4503 4447//4447
f 4447//4447 4503//4503 4504//4504
f 4447//4447 4504//4504 4448//4448
f 4448//4448 4504//4504 4505//4505
f 4448//4448 4505//4505 4449//4449
f 4449//4449 4505//4505 4506//4506
f 4449//4449 4506//4506 4450//4450
f 4450//4450 4506//4506 4507//4507
f 4450//4450 4507//4507 4451//4451
f 4451//4451 4507//4507 4508//4508
f 4451//4451 4508//4508 4452//4452
f 4452//4452 4508//4508 4509//4509
f 4452//4452 4509//4509 4453//4453
f 4453//4453 4509//4509 4510//4510
f 4453//4453 4510//4510 4454//4454
f 4454//4454 4510//4510 4511//4511
f 4454//4454 4511//4511 4455//4455
f 4455//4455 4511//4511 4512//4512
f 4455//4455 4512//4512 4456//4456
f 4456//4456 4512//4512 4513//4513
f 4456//4456 4513//4513 4457//4457
f 4457//4457 4513//4513 4514//4514
f 4457//4457 4514//4514 4458//4458
f 4458//4458 4514//4514 4515//4515
f 4458//4458 4515//4515 4459//4459
f 4459//4459 4515//4515 4516//4516
f 4459//4459 4516//4516 4460//4460
f 4460//4460 4516//4516 4517//4517
f 4460//4460 4517//4517 4461//4461
f 4461//4461 4517//4517 4518//4518
f 4461//4461 4518//4518 4462//4462
f 4462//4462 4518//4518 4519//4519
f 4462//4462 4519//4519 4463//4463
f 4463//4463 4519//4519 4520//4520
f 4463//4463 4520//4520 4464//4464
f 4464//4464 4520//4520 4521//4521
f 4464//4464 4521//4521 4465//4465
f 4465//4465 4521//4521 4522//4522
f 4465//4465 4522//4522 4466//4466
f 4466//4466 4522//4522 4523//4523
f 4466//4466 4523//4523 4467//4467
f 4467//4467 4523//4523 4524//4524
f 4467//4467 4524//4524 4468//4468
f 4468//4468 4524//4524 4525//4525
f 4468//4468 4525//4525 4469//4469
f 4469//4469 4525//4525 4526//4526
f 4469//4469 4526//4526 4470//4470
f 4470//4470 4526//4526 4527//4527
f 4470//4470 4527//4527 4471//4471
f 4471//4471 4527//4527 4528//4528
f 4471//4471 4528//4528 4472//4472
f 4472//4472 4528//4528 4529//4529
f 4472//4472 4529//4529 4473//4473
f 4473//4473 4529//4529 4530//4530
f 4473//4473 4530//4530 4474//4474
f 4474//4474 4530//4530 4531//4531
f 4474//4474 4531//4531 4475//4475
f 4475//4475 4531//4531 4532//4532
f 4475//4475 4532//4532 4476//4476
f 4476//4476 4532//4532 4533//4533
f 4476//4476 4533//4533 4477//4477
f 4477//4477 4533//4533 4534//4534
f 4477//4477 4534//4534 4478//4478
f 4478//4478 4534//4534 4535//4535
f 4478//4478 4535//4535 4479//4479
f 4479//4479 4535//4535 4536//4536
f 4479//4479 4536//4536 4480//4480
f 4480//4480 4536//4536 4481//4481
f 4480//4480 4481//4481 4425//4425
