# Grand South-Pole Massif Mountain Range
o lunar_massif_ridge
v -23.0000 -55.0000 0.0000 0.3605 0.3605 0.3641
v -22.4458 -55.0000 0.0000 0.3606 0.3606 0.3642
v -21.8916 -55.0000 0.0000 0.3602 0.3602 0.3638
v -21.3373 -55.0000 0.0000 0.3598 0.3598 0.3634
v -20.7831 -55.0000 0.0000 0.3593 0.3593 0.3629
v -20.2289 -55.0000 0.0000 0.3588 0.3588 0.3624
v -19.6747 -55.0000 0.0000 0.3581 0.3581 0.3617
v -19.1205 -55.0000 0.0000 0.3573 0.3573 0.3609
v -18.5663 -55.0000 0.0000 0.3563 0.3563 0.3599
v -18.0120 -55.0000 0.0000 0.3552 0.3552 0.3588
v -17.4578 -55.0000 0.0000 0.3540 0.3540 0.3575
v -16.9036 -55.0000 0.0000 0.3526 0.3526 0.3562
v -16.3494 -55.0000 0.0000 0.3512 0.3512 0.3547
v -15.7952 -55.0000 0.0000 0.3498 0.3498 0.3533
v -15.2410 -55.0000 0.0000 0.3484 0.3484 0.3518
v -14.6867 -55.0000 0.0000 0.3469 0.3469 0.3504
v -14.1325 -55.0000 0.0000 0.3455 0.3455 0.3489
v -13.5783 -55.0000 0.0000 0.3441 0.3441 0.3475
v -13.0241 -55.0000 0.0000 0.3426 0.3426 0.3461
v -12.4699 -55.0000 0.0000 0.3411 0.3411 0.3446
v -11.9157 -55.0000 0.0000 0.3395 0.3395 0.3429
v -11.3614 -55.0000 0.0000 0.3377 0.3377 0.3411
v -10.8072 -55.0000 0.0000 0.3356 0.3356 0.3389
v -10.2530 -55.0000 0.0000 0.3331 0.3331 0.3365
v -9.6988 -55.0000 0.0000 0.3302 0.3302 0.3335
v -9.1446 -55.0000 0.0000 0.3268 0.3268 0.3300
v -8.5904 -55.0000 0.0000 0.3228 0.3228 0.3260
v -8.0361 -55.0000 0.0000 0.3182 0.3182 0.3213
v -7.4819 -55.0000 0.0000 0.3129 0.3129 0.3160
v -6.9277 -55.0000 0.0000 0.3071 0.3071 0.3102
v -6.3735 -55.0000 0.0000 0.3007 0.3007 0.3037
v -5.8193 -55.0000 0.0000 0.2939 0.2939 0.2969
v -5.2651 -55.0000 0.0000 0.2868 0.2868 0.2897
v -4.7108 -55.0000 0.0000 0.2795 0.2795 0.2823
v -4.1566 -55.0000 0.0000 0.2722 0.2722 0.2749
v -3.6024 -55.0000 0.0000 0.2651 0.2651 0.2677
v -3.0482 -55.0000 0.0000 0.2582 0.2582 0.2608
v -2.4940 -55.0000 0.0000 0.2519 0.2519 0.2544
v -1.9398 -55.0000 0.0000 0.2463 0.2463 0.2487
v -1.3855 -55.0000 0.0000 0.2413 0.2413 0.2438
v -0.8313 -55.0000 0.0000 0.2373 0.2373 0.2397
v -0.2771 -55.0000 0.0000 0.2341 0.2341 0.2365
v 0.2771 -55.0000 0.0000 0.2319 0.2319 0.2342
v 0.8313 -55.0000 0.0000 0.2306 0.2306 0.2329
v 1.3855 -55.0000 0.0000 0.2302 0.2302 0.2325
v 1.9398 -55.0000 0.0000 0.2306 0.2306 0.2329
v 2.4940 -55.0000 0.0000 0.2317 0.2317 0.2340
v 3.0482 -55.0000 0.0000 0.2334 0.2334 0.2358
v 3.6024 -55.0000 0.0000 0.2358 0.2358 0.2381
v 4.1566 -55.0000 0.0000 0.2385 0.2385 0.2409
v 4.7108 -55.0000 0.0000 0.2416 0.2416 0.2441
v 5.2651 -55.0000 0.0000 0.2451 0.2451 0.2475
v 5.8193 -55.0000 0.0000 0.2488 0.2488 0.2513
v 6.3735 -55.0000 0.0000 0.2527 0.2527 0.2552
v 6.9277 -55.0000 0.0000 0.2568 0.2568 0.2594
v 7.4819 -55.0000 0.0000 0.2611 0.2611 0.2637
v 8.0361 -55.0000 0.0000 0.2656 0.2656 0.2682
v 8.5904 -55.0000 0.0000 0.2703 0.2703 0.2730
v 9.1446 -55.0000 0.0000 0.2752 0.2752 0.2779
v 9.6988 -55.0000 0.0000 0.2803 0.2803 0.2831
v 10.2530 -55.0000 0.0000 0.2856 0.2856 0.2884
v 10.8072 -55.0000 0.0000 0.2911 0.2911 0.2940
v 11.3614 -55.0000 0.0000 0.2967 0.2967 0.2997
v 11.9157 -55.0000 0.0000 0.3024 0.3024 0.3054
v 12.4699 -55.0000 0.0000 0.3081 0.3081 0.3112
v 13.0241 -55.0000 0.0000 0.3138 0.3138 0.3169
v 13.5783 -55.0000 0.0000 0.3193 0.3193 0.3225
v 14.1325 -55.0000 0.0000 0.3245 0.3245 0.3278
v 14.6867 -55.0000 0.0000 0.3295 0.3295 0.3328
v 15.2410 -55.0000 0.0000 0.3341 0.3341 0.3374
v 15.7952 -55.0000 0.0000 0.3382 0.3382 0.3416
v 16.3494 -55.0000 0.0000 0.3419 0.3419 0.3453
v 16.9036 -55.0000 0.0000 0.3451 0.3451 0.3485
v 17.4578 -55.0000 0.0000 0.3478 0.3478 0.3513
v 18.0120 -55.0000 0.0000 0.3501 0.3501 0.3536
v 18.5663 -55.0000 0.0000 0.3520 0.3520 0.3555
v 19.1205 -55.0000 0.0000 0.3536 0.3536 0.3571
v 19.6747 -55.0000 0.0000 0.3550 0.3550 0.3585
v 20.2289 -55.0000 0.0000 0.3562 0.3562 0.3598
v 20.7831 -55.0000 0.0000 0.3574 0.3574 0.3609
v 21.3373 -55.0000 0.0000 0.3586 0.3586 0.3622
v 21.8916 -55.0000 0.0000 0.3601 0.3601 0.3637
v 22.4458 -55.0000 0.0000 0.3626 0.3626 0.3662
v 23.0000 -55.0000 0.0000 0.3621 0.3621 0.3657
v -23.0000 -53.2540 0.0000 0.3584 0.3584 0.3620
v -22.4458 -53.2540 0.0038 0.3595 0.3595 0.3631
v -21.8916 -53.2540 0.0060 0.3595 0.3595 0.3631
v -21.3373 -53.2540 0.0079 0.3593 0.3593 0.3629
v -20.7831 -53.2540 0.0097 0.3591 0.3591 0.3627
v -20.2289 -53.2540 0.0117 0.3588 0.3588 0.3624
v -19.6747 -53.2540 0.0142 0.3584 0.3584 0.3620
v -19.1205 -53.2540 0.0171 0.3578 0.3578 0.3614
v -18.5663 -53.2540 0.0206 0.3571 0.3571 0.3606
v -18.0120 -53.2540 0.0248 0.3561 0.3561 0.3597
v -17.4578 -53.2540 0.0296 0.3550 0.3550 0.3586
v -16.9036 -53.2540 0.0349 0.3537 0.3537 0.3572
v -16.3494 -53.2540 0.0407 0.3522 0.3522 0.3557
v -15.7952 -53.2540 0.0468 0.3506 0.3506 0.3541
v -15.2410 -53.2540 0.0531 0.3488 0.3488 0.3523
v -14.6867 -53.2540 0.0595 0.3468 0.3468 0.3503
v -14.1325 -53.2540 0.0658 0.3448 0.3448 0.3482
v -13.5783 -53.2540 0.0720 0.3426 0.3426 0.3460
v -13.0241 -53.2540 0.0782 0.3402 0.3402 0.3436
v -12.4699 -53.2540 0.0845 0.3377 0.3377 0.3411
v -11.9157 -53.2540 0.0909 0.3350 0.3350 0.3384
v -11.3614 -53.2540 0.0979 0.3321 0.3321 0.3354
v -10.8072 -53.2540 0.1056 0.3288 0.3288 0.3321
v -10.2530 -53.2540 0.1144 0.3252 0.3252 0.3285
v -9.6988 -53.2540 0.1247 0.3213 0.3213 0.3245
v -9.1446 -53.2540 0.1368 0.3169 0.3169 0.3200
v -8.5904 -53.2540 0.1510 0.3120 0.3120 0.3151
v -8.0361 -53.2540 0.1675 0.3067 0.3067 0.3098
v -7.4819 -53.2540 0.1865 0.3009 0.3009 0.3039
v -6.9277 -53.2540 0.2080 0.2947 0.2947 0.2977
v -6.3735 -53.2540 0.2318 0.2882 0.2882 0.2911
v -5.8193 -53.2540 0.2578 0.2815 0.2815 0.2843
v -5.2651 -53.2540 0.2855 0.2745 0.2745 0.2773
v -4.7108 -53.2540 0.3145 0.2676 0.2676 0.2703
v -4.1566 -53.2540 0.3441 0.2608 0.2608 0.2634
v -3.6024 -53.2540 0.3738 0.2543 0.2543 0.2568
v -3.0482 -53.2540 0.4029 0.2482 0.2482 0.2507
v -2.4940 -53.2540 0.4306 0.2427 0.2427 0.2451
v -1.9398 -53.2540 0.4564 0.2379 0.2379 0.2403
v -1.3855 -53.2540 0.4796 0.2339 0.2339 0.2363
v -0.8313 -53.2540 0.4998 0.2308 0.2308 0.2331
v -0.2771 -53.2540 0.5166 0.2287 0.2287 0.2309
v 0.2771 -53.2540 0.5298 0.2274 0.2274 0.2297
v 0.8313 -53.2540 0.5393 0.2272 0.2272 0.2294
v 1.3855 -53.2540 0.5451 0.2278 0.2278 0.2301
v 1.9398 -53.2540 0.5473 0.2292 0.2292 0.2315
v 2.4940 -53.2540 0.5463 0.2314 0.2314 0.2338
v 3.0482 -53.2540 0.5422 0.2343 0.2343 0.2367
v 3.6024 -53.2540 0.5356 0.2377 0.2377 0.2401
v 4.1566 -53.2540 0.5267 0.2416 0.2416 0.2440
v 4.7108 -53.2540 0.5159 0.2459 0.2459 0.2483
v 5.2651 -53.2540 0.5035 0.2504 0.2504 0.2529
v 5.8193 -53.2540 0.4899 0.2551 0.2551 0.2577
v 6.3735 -53.2540 0.4753 0.2600 0.2600 0.2626
v 6.9277 -53.2540 0.4597 0.2649 0.2649 0.2676
v 7.4819 -53.2540 0.4433 0.2699 0.2699 0.2726
v 8.0361 -53.2540 0.4262 0.2749 0.2749 0.2777
v 8.5904 -53.2540 0.4082 0.2800 0.2800 0.2828
v 9.1446 -53.2540 0.3894 0.2850 0.2850 0.2879
v 9.6988 -53.2540 0.3697 0.2901 0.2901 0.2930
v 10.2530 -53.2540 0.3491 0.2952 0.2952 0.2982
v 10.8072 -53.2540 0.3277 0.3003 0.3003 0.3033
v 11.3614 -53.2540 0.3054 0.3054 0.3054 0.3085
v 11.9157 -53.2540 0.2826 0.3104 0.3104 0.3135
v 12.4699 -53.2540 0.2592 0.3154 0.3154 0.3186
v 13.0241 -53.2540 0.2356 0.3202 0.3202 0.3235
v 13.5783 -53.2540 0.2122 0.3249 0.3249 0.3282
v 14.1325 -53.2540 0.1892 0.3294 0.3294 0.3327
v 14.6867 -53.2540 0.1670 0.3336 0.3336 0.3369
v 15.2410 -53.2540 0.1459 0.3374 0.3374 0.3408
v 15.7952 -53.2540 0.1262 0.3410 0.3410 0.3444
v 16.3494 -53.2540 0.1083 0.3442 0.3442 0.3476
v 16.9036 -53.2540 0.0921 0.3470 0.3470 0.3504
v 17.4578 -53.2540 0.0780 0.3494 0.3494 0.3529
v 18.0120 -53.2540 0.0658 0.3515 0.3515 0.3550
v 18.5663 -53.2540 0.0554 0.3533 0.3533 0.3569
v 19.1205 -53.2540 0.0467 0.3549 0.3549 0.3585
v 19.6747 -53.2540 0.0393 0.3563 0.3563 0.3599
v 20.2289 -53.2540 0.0330 0.3577 0.3577 0.3612
v 20.7831 -53.2540 0.0275 0.3590 0.3590 0.3626
v 21.3373 -53.2540 0.0221 0.3604 0.3604 0.3640
v 21.8916 -53.2540 0.0166 0.3621 0.3621 0.3657
v 22.4458 -53.2540 0.0103 0.3652 0.3652 0.3689
v 23.0000 -53.2540 0.0000 0.3654 0.3654 0.3690
v -23.0000 -51.5079 0.0000 0.3553 0.3553 0.3589
v -22.4458 -51.5079 0.0088 0.3572 0.3572 0.3608
v -21.8916 -51.5079 0.0134 0.3581 0.3581 0.3617
v -21.3373 -51.5079 0.0164 0.3585 0.3585 0.3621
v -20.7831 -51.5079 0.0186 0.3587 0.3587 0.3623
v -20.2289 -51.5079 0.0204 0.3589 0.3589 0.3625
v -19.6747 -51.5079 0.0223 0.3588 0.3588 0.3624
v -19.1205 -51.5079 0.0246 0.3586 0.3586 0.3622
v -18.5663 -51.5079 0.0279 0.3581 0.3581 0.3617
v -18.0120 -51.5079 0.0324 0.3572 0.3572 0.3608
v -17.4578 -51.5079 0.0385 0.3560 0.3560 0.3596
v -16.9036 -51.5079 0.0464 0.3544 0.3544 0.3579
v -16.3494 -51.5079 0.0562 0.3523 0.3523 0.3558
v -15.7952 -51.5079 0.0679 0.3498 0.3498 0.3533
v -15.2410 -51.5079 0.0813 0.3469 0.3469 0.3504
v -14.6867 -51.5079 0.0965 0.3436 0.3436 0.3470
v -14.1325 -51.5079 0.1132 0.3399 0.3399 0.3433
v -13.5783 -51.5079 0.1311 0.3358 0.3358 0.3391
v -13.0241 -51.5079 0.1502 0.3313 0.3313 0.3346
v -12.4699 -51.5079 0.1704 0.3265 0.3265 0.3298
v -11.9157 -51.5079 0.1915 0.3214 0.3214 0.3246
v -11.3614 -51.5079 0.2137 0.3160 0.3160 0.3191
v -10.8072 -51.5079 0.2371 0.3103 0.3103 0.3134
v -10.2530 -51.5079 0.2619 0.3043 0.3043 0.3073
v -9.6988 -51.5079 0.2885 0.2980 0.2980 0.3010
v -9.1446 -51.5079 0.3173 0.2915 0.2915 0.2945
v -8.5904 -51.5079 0.3485 0.2848 0.2848 0.2877
v -8.0361 -51.5079 0.3826 0.2780 0.2780 0.2808
v -7.4819 -51.5079 0.4198 0.2710 0.2710 0.2737
v -6.9277 -51.5079 0.4604 0.2639 0.2639 0.2665
v -6.3735 -51.5079 0.5042 0.2568 0.2568 0.2593
v -5.8193 -51.5079 0.5512 0.2497 0.2497 0.2522
v -5.2651 -51.5079 0.6011 0.2428 0.2428 0.2453
v -4.7108 -51.5079 0.6531 0.2363 0.2363 0.2386
v -4.1566 -51.5079 0.7067 0.2300 0.2300 0.2323
v -3.6024 -51.5079 0.7609 0.2243 0.2243 0.2266
v -3.0482 -51.5079 0.8145 0.2193 0.2193 0.2215
v -2.4940 -51.5079 0.8666 0.2150 0.2150 0.2171
v -1.9398 -51.5079 0.9159 0.2115 0.2115 0.2136
v -1.3855 -51.5079 0.9613 0.2089 0.2089 0.2110
v -0.8313 -51.5079 1.0016 0.2073 0.2073 0.2094
v -0.2771 -51.5079 1.0361 0.2067 0.2067 0.2088
v 0.2771 -51.5079 1.0639 0.2072 0.2072 0.2093
v 0.8313 -51.5079 1.0845 0.2086 0.2086 0.2107
v 1.3855 -51.5079 1.0977 0.2110 0.2110 0.2132
v 1.9398 -51.5079 1.1034 0.2143 0.2143 0.2165
v 2.4940 -51.5079 1.1017 0.2184 0.2184 0.2206
v 3.0482 -51.5079 1.0931 0.2232 0.2232 0.2255
v 3.6024 -51.5079 1.0782 0.2286 0.2286 0.2309
v 4.1566 -51.5079 1.0577 0.2345 0.2345 0.2368
v 4.7108 -51.5079 1.0325 0.2407 0.2407 0.2431
v 5.2651 -51.5079 1.0033 0.2472 0.2472 0.2497
v 5.8193 -51.5079 0.9710 0.2538 0.2538 0.2563
v 6.3735 -51.5079 0.9363 0.2604 0.2604 0.2630
v 6.9277 -51.5079 0.9000 0.2670 0.2670 0.2697
v 7.4819 -51.5079 0.8626 0.2735 0.2735 0.2762
v 8.0361 -51.5079 0.8245 0.2797 0.2797 0.2825
v 8.5904 -51.5079 0.7860 0.2858 0.2858 0.2886
v 9.1446 -51.5079 0.7473 0.2916 0.2916 0.2945
v 9.6988 -51.5079 0.7085 0.2971 0.2971 0.3001
v 10.2530 -51.5079 0.6695 0.3024 0.3024 0.3054
v 10.8072 -51.5079 0.6303 0.3074 0.3074 0.3104
v 11.3614 -51.5079 0.5908 0.3121 0.3121 0.3153
v 11.9157 -51.5079 0.5511 0.3167 0.3167 0.3198
v 12.4699 -51.5079 0.5111 0.3210 0.3210 0.3242
v 13.0241 -51.5079 0.4710 0.3251 0.3251 0.3284
v 13.5783 -51.5079 0.4310 0.3291 0.3291 0.3324
v 14.1325 -51.5079 0.3913 0.3328 0.3328 0.3362
v 14.6867 -51.5079 0.3522 0.3364 0.3364 0.3398
v 15.2410 -51.5079 0.3143 0.3398 0.3398 0.3432
v 15.7952 -51.5079 0.2779 0.3429 0.3429 0.3463
v 16.3494 -51.5079 0.2433 0.3458 0.3458 0.3493
v 16.9036 -51.5079 0.2110 0.3485 0.3485 0.3520
v 17.4578 -51.5079 0.1814 0.3510 0.3510 0.3545
v 18.0120 -51.5079 0.1544 0.3533 0.3533 0.3568
v 18.5663 -51.5079 0.1304 0.3553 0.3553 0.3589
v 19.1205 -51.5079 0.1091 0.3572 0.3572 0.3608
v 19.6747 -51.5079 0.0904 0.3589 0.3589 0.3625
v 20.2289 -51.5079 0.0741 0.3606 0.3606 0.3642
v 20.7831 -51.5079 0.0595 0.3622 0.3622 0.3658
v 21.3373 -51.5079 0.0462 0.3639 0.3639 0.3675
v 21.8916 -51.5079 0.0334 0.3659 0.3659 0.3696
v 22.4458 -51.5079 0.0199 0.3701 0.3701 0.3738
v 23.0000 -51.5079 0.0000 0.3712 0.3712 0.3749
v -23.0000 -49.7619 0.0000 0.3525 0.3525 0.3561
v -22.4458 -49.7619 0.0141 0.3549 0.3549 0.3585
v -21.8916 -49.7619 0.0215 0.3568 0.3568 0.3604
v -21.3373 -49.7619 0.0263 0.3575 0.3575 0.3611
v -20.7831 -49.7619 0.0294 0.3581 0.3581 0.3616
v -20.2289 -49.7619 0.0311 0.3584 0.3584 0.3619
v -19.6747 -49.7619 0.0323 0.3584 0.3584 0.3620
v -19.1205 -49.7619 0.0336 0.3581 0.3581 0.3617
v -18.5663 -49.7619 0.0358 0.3573 0.3573 0.3609
v -18.0120 -49.7619 0.0396 0.3560 0.3560 0.3596
v -17.4578 -49.7619 0.0459 0.3542 0.3542 0.3577
v -16.9036 -49.7619 0.0553 0.3517 0.3517 0.3552
v -16.3494 -49.7619 0.0683 0.3485 0.3485 0.3520
v -15.7952 -49.7619 0.0853 0.3446 0.3446 0.3480
v -15.2410 -49.7619 0.1066 0.3400 0.3400 0.3434
v -14.6867 -49.7619 0.1323 0.3347 0.3347 0.3381
v -14.1325 -49.7619 0.1622 0.3288 0.3288 0.3321
v -13.5783 -49.7619 0.1962 0.3223 0.3223 0.3255
v -13.0241 -49.7619 0.2339 0.3152 0.3152 0.3184
v -12.4699 -49.7619 0.2749 0.3077 0.3077 0.3108
v -11.9157 -49.7619 0.3189 0.2998 0.2998 0.3028
v -11.3614 -49.7619 0.3654 0.2915 0.2915 0.2944
v -10.8072 -49.7619 0.4143 0.2830 0.2830 0.2858
v -10.2530 -49.7619 0.4652 0.2743 0.2743 0.2770
v -9.6988 -49.7619 0.5180 0.2655 0.2655 0.2681
v -9.1446 -49.7619 0.5729 0.2566 0.2566 0.2592
v -8.5904 -49.7619 0.6297 0.2478 0.2478 0.2503
v -8.0361 -49.7619 0.6888 0.2391 0.2391 0.2415
v -7.4819 -49.7619 0.7503 0.2306 0.2306 0.2329
v -6.9277 -49.7619 0.8144 0.2223 0.2223 0.2246
v -6.3735 -49.7619 0.8811 0.2144 0.2144 0.2165
v -5.8193 -49.7619 0.9505 0.2069 0.2069 0.2089
v -5.2651 -49.7619 1.0223 0.1998 0.1998 0.2018
v -4.7108 -49.7619 1.0962 0.1933 0.1933 0.1952
v -4.1566 -49.7619 1.1716 0.1875 0.1875 0.1893
v -3.6024 -49.7619 1.2475 0.1824 0.1824 0.1842
v -3.0482 -49.7619 1.3230 0.1781 0.1781 0.1799
v -2.4940 -49.7619 1.3968 0.1748 0.1748 0.1766
v -1.9398 -49.7619 1.4676 0.1725 0.1725 0.1742
v -1.3855 -49.7619 1.5337 0.1712 0.1712 0.1729
v -0.8313 -49.7619 1.5939 0.1710 0.1710 0.1727
v -0.2771 -49.7619 1.6466 0.1719 0.1719 0.1736
v 0.2771 -49.7619 1.6905 0.1739 0.1739 0.1756
v 0.8313 -49.7619 1.7247 0.1769 0.1769 0.1787
v 1.3855 -49.7619 1.7482 0.1809 0.1809 0.1827
v 1.9398 -49.7619 1.7606 0.1859 0.1859 0.1877
v 2.4940 -49.7619 1.7617 0.1916 0.1916 0.1935
v 3.0482 -49.7619 1.7517 0.1980 0.1980 0.2000
v 3.6024 -49.7619 1.7311 0.2050 0.2050 0.2071
v 4.1566 -49.7619 1.7006 0.2125 0.2125 0.2146
v 4.7108 -49.7619 1.6614 0.2203 0.2203 0.2225
v 5.2651 -49.7619 1.6145 0.2283 0.2283 0.2306
v 5.8193 -49.7619 1.5614 0.2365 0.2365 0.2388
v 6.3735 -49.7619 1.5034 0.2447 0.2447 0.2471
v 6.9277 -49.7619 1.4418 0.2528 0.2528 0.2553
v 7.4819 -49.7619 1.3779 0.2607 0.2607 0.2633
v 8.0361 -49.7619 1.3128 0.2685 0.2685 0.2711
v 8.5904 -49.7619 1.2473 0.2759 0.2759 0.2787
v 9.1446 -49.7619 1.1821 0.2830 0.2830 0.2858
v 9.6988 -49.7619 1.1178 0.2897 0.2897 0.2926
v 10.2530 -49.7619 1.0545 0.2961 0.2961 0.2990
v 10.8072 -49.7619 0.9925 0.3020 0.3020 0.3051
v 11.3614 -49.7619 0.9316 0.3077 0.3077 0.3107
v 11.9157 -49.7619 0.8717 0.3129 0.3129 0.3161
v 12.4699 -49.7619 0.8128 0.3179 0.3179 0.3211
v 13.0241 -49.7619 0.7546 0.3226 0.3226 0.3259
v 13.5783 -49.7619 0.6970 0.3271 0.3271 0.3304
v 14.1325 -49.7619 0.6401 0.3314 0.3314 0.3347
v 14.6867 -49.7619 0.5839 0.3354 0.3354 0.3388
v 15.2410 -49.7619 0.5286 0.3393 0.3393 0.3427
v 15.7952 -49.7619 0.4746 0.3430 0.3430 0.3464
v 16.3494 -49.7619 0.4221 0.3464 0.3464 0.3499
v 16.9036 -49.7619 0.3717 0.3497 0.3497 0.3532
v 17.4578 -49.7619 0.3237 0.3528 0.3528 0.3563
v 18.0120 -49.7619 0.2786 0.3557 0.3557 0.3592
v 18.5663 -49.7619 0.2367 0.3583 0.3583 0.3619
v 19.1205 -49.7619 0.1983 0.3607 0.3607 0.3643
v 19.6747 -49.7619 0.1634 0.3629 0.3629 0.3665
v 20.2289 -49.7619 0.1319 0.3649 0.3649 0.3685
v 20.7831 -49.7619 0.1036 0.3667 0.3667 0.3704
v 21.3373 -49.7619 0.0781 0.3686 0.3686 0.3723
v 21.8916 -49.7619 0.0544 0.3707 0.3707 0.3744
v 22.4458 -49.7619 0.0312 0.3756 0.3756 0.3794
v 23.0000 -49.7619 0.0000 0.3772 0.3772 0.3810
v -23.0000 -48.0159 0.0000 0.3512 0.3512 0.3547
v -22.4458 -48.0159 0.0177 0.3534 0.3534 0.3570
v -21.8916 -48.0159 0.0279 0.3558 0.3558 0.3594
v -21.3373 -48.0159 0.0353 0.3566 0.3566 0.3601
v -20.7831 -48.0159 0.0405 0.3569 0.3569 0.3605
v -20.2289 -48.0159 0.0440 0.3570 0.3570 0.3605
v -19.6747 -48.0159 0.0465 0.3566 0.3566 0.3602
v -19.1205 -48.0159 0.0487 0.3557 0.3557 0.3593
v -18.5663 -48.0159 0.0517 0.3542 0.3542 0.3578
v -18.0120 -48.0159 0.0565 0.3521 0.3521 0.3556
v -17.4578 -48.0159 0.0642 0.3491 0.3491 0.3526
v -16.9036 -48.0159 0.0760 0.3453 0.3453 0.3488
v -16.3494 -48.0159 0.0929 0.3406 0.3406 0.3440
v -15.7952 -48.0159 0.1159 0.3350 0.3350 0.3383
v -15.2410 -48.0159 0.1457 0.3284 0.3284 0.3317
v -14.6867 -48.0159 0.1828 0.3209 0.3209 0.3241
v -14.1325 -48.0159 0.2275 0.3125 0.3125 0.3156
v -13.5783 -48.0159 0.2797 0.3033 0.3033 0.3064
v -13.0241 -48.0159 0.3392 0.2935 0.2935 0.2964
v -12.4699 -48.0159 0.4055 0.2831 0.2831 0.2859
v -11.9157 -48.0159 0.4780 0.2722 0.2722 0.2749
v -11.3614 -48.0159 0.5558 0.2610 0.2610 0.2636
v -10.8072 -48.0159 0.6381 0.2496 0.2496 0.2521
v -10.2530 -48.0159 0.7241 0.2382 0.2382 0.2406
v -9.6988 -48.0159 0.8130 0.2269 0.2269 0.2291
v -9.1446 -48.0159 0.9040 0.2158 0.2158 0.2179
v -8.5904 -48.0159 0.9966 0.2049 0.2049 0.2070
v -8.0361 -48.0159 1.0904 0.1946 0.1946 0.1965
v -7.4819 -48.0159 1.1851 0.1847 0.1847 0.1866
v -6.9277 -48.0159 1.2804 0.1755 0.1755 0.1772
v -6.3735 -48.0159 1.3763 0.1669 0.1669 0.1685
v -5.8193 -48.0159 1.4726 0.1591 0.1591 0.1606
v -5.2651 -48.0159 1.5693 0.1520 0.1520 0.1536
v -4.7108 -48.0159 1.6661 0.1459 0.1459 0.1474
v -4.1566 -48.0159 1.7627 0.1407 0.1407 0.1421
v -3.6024 -48.0159 1.8585 0.1365 0.1365 0.1379
v -3.0482 -48.0159 1.9528 0.1333 0.1333 0.1347
v -2.4940 -48.0159 2.0445 0.1313 0.1313 0.1326
v -1.9398 -48.0159 2.1326 0.1304 0.1304 0.1317
v -1.3855 -48.0159 2.2155 0.1306 0.1306 0.1319
v -0.8313 -48.0159 2.2919 0.1320 0.1320 0.1334
v -0.2771 -48.0159 2.3602 0.1346 0.1346 0.1360
v 0.2771 -48.0159 2.4187 0.1383 0.1383 0.1397
v 0.8313 -48.0159 2.4660 0.1430 0.1430 0.1445
v 1.3855 -48.0159 2.5008 0.1488 0.1488 0.1502
v 1.9398 -48.0159 2.5221 0.1553 0.1553 0.1569
v 2.4940 -48.0159 2.5291 0.1627 0.1627 0.1643
v 3.0482 -48.0159 2.5216 0.1706 0.1706 0.1723
v 3.6024 -48.0159 2.4995 0.1791 0.1791 0.1809
v 4.1566 -48.0159 2.4634 0.1880 0.1880 0.1899
v 4.7108 -48.0159 2.4141 0.1972 0.1972 0.1991
v 5.2651 -48.0159 2.3529 0.2065 0.2065 0.2086
v 5.8193 -48.0159 2.2812 0.2160 0.2160 0.2181
v 6.3735 -48.0159 2.2006 0.2255 0.2255 0.2277
v 6.9277 -48.0159 2.1131 0.2349 0.2349 0.2372
v 7.4819 -48.0159 2.0205 0.2442 0.2442 0.2466
v 8.0361 -48.0159 1.9245 0.2533 0.2533 0.2558
v 8.5904 -48.0159 1.8267 0.2621 0.2621 0.2648
v 9.1446 -48.0159 1.7287 0.2707 0.2707 0.2734
v 9.6988 -48.0159 1.6315 0.2789 0.2789 0.2817
v 10.2530 -48.0159 1.5361 0.2868 0.2868 0.2897
v 10.8072 -48.0159 1.4430 0.2943 0.2943 0.2972
v 11.3614 -48.0159 1.3526 0.3013 0.3013 0.3043
v 11.9157 -48.0159 1.2650 0.3080 0.3080 0.3111
v 12.4699 -48.0159 1.1800 0.3143 0.3143 0.3174
v 13.0241 -48.0159 1.0974 0.3202 0.3202 0.3234
v 13.5783 -48.0159 1.0169 0.3258 0.3258 0.3291
v 14.1325 -48.0159 0.9383 0.3311 0.3311 0.3344
v 14.6867 -48.0159 0.8613 0.3361 0.3361 0.3395
v 15.2410 -48.0159 0.7857 0.3409 0.3409 0.3443
v 15.7952 -48.0159 0.7116 0.3454 0.3454 0.3489
v 16.3494 -48.0159 0.6390 0.3497 0.3497 0.3532
v 16.9036 -48.0159 0.5683 0.3537 0.3537 0.3572
v 17.4578 -48.0159 0.4998 0.3575 0.3575 0.3610
v 18.0120 -48.0159 0.4340 0.3609 0.3609 0.3645
v 18.5663 -48.0159 0.3714 0.3641 0.3641 0.3677
v 19.1205 -48.0159 0.3124 0.3669 0.3669 0.3706
v 19.6747 -48.0159 0.2575 0.3694 0.3694 0.3731
v 20.2289 -48.0159 0.2070 0.3716 0.3716 0.3753
v 20.7831 -48.0159 0.1609 0.3734 0.3734 0.3772
v 21.3373 -48.0159 0.1191 0.3752 0.3752 0.3789
v 21.8916 -48.0159 0.0809 0.3771 0.3771 0.3809
v 22.4458 -48.0159 0.0449 0.3824 0.3824 0.3863
v 23.0000 -48.0159 0.0000 0.3843 0.3843 0.3881
v -23.0000 -46.2698 0.0000 0.3518 0.3518 0.3554
v -22.4458 -46.2698 0.0183 0.3532 0.3532 0.3568
v -21.8916 -46.2698 0.0303 0.3553 0.3553 0.3589
v -21.3373 -46.2698 0.0404 0.3556 0.3556 0.3591
v -20.7831 -46.2698 0.0493 0.3552 0.3552 0.3588
v -20.2289 -46.2698 0.0570 0.3544 0.3544 0.3579
v -19.6747 -46.2698 0.0642 0.3530 0.3530 0.3565
v -19.1205 -46.2698 0.0713 0.3510 0.3510 0.3545
v -18.5663 -46.2698 0.0794 0.3482 0.3482 0.3517
v -18.0120 -46.2698 0.0894 0.3446 0.3446 0.3481
v -17.4578 -46.2698 0.1028 0.3401 0.3401 0.3435
v -16.9036 -46.2698 0.1208 0.3346 0.3346 0.3379
v -16.3494 -46.2698 0.1450 0.3280 0.3280 0.3313
v -15.7952 -46.2698 0.1766 0.3204 0.3204 0.3236
v -15.2410 -46.2698 0.2169 0.3116 0.3116 0.3147
v -14.6867 -46.2698 0.2670 0.3018 0.3018 0.3048
v -14.1325 -46.2698 0.3275 0.2909 0.2909 0.2938
v -13.5783 -46.2698 0.3990 0.2791 0.2791 0.2819
v -13.0241 -46.2698 0.4815 0.2666 0.2666 0.2692
v -12.4699 -46.2698 0.5746 0.2534 0.2534 0.2559
v -11.9157 -46.2698 0.6778 0.2397 0.2397 0.2421
v -11.3614 -46.2698 0.7900 0.2258 0.2258 0.2281
v -10.8072 -46.2698 0.9100 0.2118 0.2118 0.2139
v -10.2530 -46.2698 1.0365 0.1979 0.1979 0.1999
v -9.6988 -46.2698 1.1680 0.1843 0.1843 0.1861
v -9.1446 -46.2698 1.3030 0.1711 0.1711 0.1728
v -8.5904 -46.2698 1.4400 0.1584 0.1584 0.1600
v -8.0361 -46.2698 1.5777 0.1464 0.1464 0.1479
v -7.4819 -46.2698 1.7150 0.1352 0.1352 0.1365
v -6.9277 -46.2698 1.8509 0.1247 0.1247 0.1260
v -6.3735 -46.2698 1.9847 0.1161 0.1161 0.1172
v -5.8193 -46.2698 2.1158 0.1089 0.1089 0.1100
v -5.2651 -46.2698 2.2438 0.1027 0.1027 0.1037
v -4.7108 -46.2698 2.3684 0.0984 0.0984 0.0994
v -4.1566 -46.2698 2.4893 0.0960 0.0960 0.0970
v -3.6024 -46.2698 2.6063 0.0942 0.0942 0.0952
v -3.0482 -46.2698 2.7188 0.0929 0.0929 0.0939
v -2.4940 -46.2698 2.8266 0.0923 0.0923 0.0932
v -1.9398 -46.2698 2.9287 0.0922 0.0922 0.0931
v -1.3855 -46.2698 3.0243 0.0927 0.0927 0.0936
v -0.8313 -46.2698 3.1123 0.0938 0.0938 0.0947
v -0.2771 -46.2698 3.1914 0.0954 0.0954 0.0964
v 0.2771 -46.2698 3.2602 0.1001 0.1001 0.1011
v 0.8313 -46.2698 3.3173 0.1072 0.1072 0.1082
v 1.3855 -46.2698 3.3610 0.1150 0.1150 0.1161
v 1.9398 -46.2698 3.3902 0.1235 0.1235 0.1247
v 2.4940 -46.2698 3.4035 0.1326 0.1326 0.1339
v 3.0482 -46.2698 3.4003 0.1423 0.1423 0.1437
v 3.6024 -46.2698 3.3799 0.1524 0.1524 0.1539
v 4.1566 -46.2698 3.3422 0.1628 0.1628 0.1645
v 4.7108 -46.2698 3.2875 0.1735 0.1735 0.1752
v 5.2651 -46.2698 3.2167 0.1842 0.1842 0.1861
v 5.8193 -46.2698 3.1310 0.1950 0.1950 0.1970
v 6.3735 -46.2698 3.0318 0.2058 0.2058 0.2079
v 6.9277 -46.2698 2.9212 0.2165 0.2165 0.2187
v 7.4819 -46.2698 2.8011 0.2271 0.2271 0.2294
v 8.0361 -46.2698 2.6739 0.2376 0.2376 0.2400
v 8.5904 -46.2698 2.5417 0.2479 0.2479 0.2504
v 9.1446 -46.2698 2.4067 0.2580 0.2580 0.2606
v 9.6988 -46.2698 2.2708 0.2679 0.2679 0.2706
v 10.2530 -46.2698 2.1358 0.2775 0.2775 0.2802
v 10.8072 -46.2698 2.0029 0.2867 0.2867 0.2896
v 11.3614 -46.2698 1.8733 0.2956 0.2956 0.2986
v 11.9157 -46.2698 1.7477 0.3041 0.3041 0.3072
v 12.4699 -46.2698 1.6263 0.3122 0.3122 0.3153
v 13.0241 -46.2698 1.5093 0.3199 0.3199 0.3231
v 13.5783 -46.2698 1.3966 0.3271 0.3271 0.3303
v 14.1325 -46.2698 1.2877 0.3338 0.3338 0.3372
v 14.6867 -46.2698 1.1824 0.3402 0.3402 0.3436
v 15.2410 -46.2698 1.0802 0.3461 0.3461 0.3495
v 15.7952 -46.2698 0.9809 0.3516 0.3516 0.3551
v 16.3494 -46.2698 0.8841 0.3567 0.3567 0.3602
v 16.9036 -46.2698 0.7899 0.3614 0.3614 0.3650
v 17.4578 -46.2698 0.6983 0.3657 0.3657 0.3693
v 18.0120 -46.2698 0.6098 0.3695 0.3695 0.3732
v 18.5663 -46.2698 0.5246 0.3729 0.3729 0.3767
v 19.1205 -46.2698 0.4434 0.3759 0.3759 0.3797
v 19.6747 -46.2698 0.3666 0.3784 0.3784 0.3822
v 20.2289 -46.2698 0.2949 0.3804 0.3804 0.3842
v 20.7831 -46.2698 0.2287 0.3821 0.3821 0.3859
v 21.3373 -46.2698 0.1681 0.3834 0.3834 0.3873
v 21.8916 -46.2698 0.1128 0.3849 0.3849 0.3887
v 22.4458 -46.2698 0.0614 0.3905 0.3905 0.3944
v 23.0000 -46.2698 0.0000 0.3925 0.3925 0.3965
v -23.0000 -44.5238 0.0000 0.3544 0.3544 0.3579
v -22.4458 -44.5238 0.0152 0.3544 0.3544 0.3580
v -21.8916 -44.5238 0.0275 0.3554 0.3554 0.3589
v -21.3373 -44.5238 0.0402 0.3545 0.3545 0.3580
v -20.7831 -44.5238 0.0536 0.3528 0.3528 0.3563
v -20.2289 -44.5238 0.0678 0.3505 0.3505 0.3540
v -19.6747 -44.5238 0.0831 0.3475 0.3475 0.3509
v -19.1205 -44.5238 0.0998 0.3436 0.3436 0.3471
v -18.5663 -44.5238 0.1185 0.3390 0.3390 0.3424
v -18.0120 -44.5238 0.1401 0.3334 0.3334 0.3368
v -17.4578 -44.5238 0.1656 0.3269 0.3269 0.3301
v -16.9036 -44.5238 0.1964 0.3192 0.3192 0.3224
v -16.3494 -44.5238 0.2339 0.3105 0.3105 0.3136
v -15.7952 -44.5238 0.2795 0.3006 0.3006 0.3036
v -15.2410 -44.5238 0.3349 0.2896 0.2896 0.2925
v -14.6867 -44.5238 0.4014 0.2775 0.2775 0.2803
v -14.1325 -44.5238 0.4802 0.2643 0.2643 0.2669
v -13.5783 -44.5238 0.5723 0.2502 0.2502 0.2527
v -13.0241 -44.5238 0.6782 0.2353 0.2353 0.2376
v -12.4699 -44.5238 0.7980 0.2197 0.2197 0.2219
v -11.9157 -44.5238 0.9314 0.2038 0.2038 0.2058
v -11.3614 -44.5238 1.0776 0.1876 0.1876 0.1894
v -10.8072 -44.5238 1.2355 0.1713 0.1713 0.1731
v -10.2530 -44.5238 1.4034 0.1553 0.1553 0.1568
v -9.6988 -44.5238 1.5795 0.1395 0.1395 0.1409
v -9.1446 -44.5238 1.7616 0.1240 0.1240 0.1252
v -8.5904 -44.5238 1.9476 0.1113 0.1113 0.1125
v -8.0361 -44.5238 2.1353 0.1003 0.1003 0.1013
v -7.4819 -44.5238 2.3225 0.0923 0.0923 0.0932
v -6.9277 -44.5238 2.5073 0.0865 0.0865 0.0874
v -6.3735 -44.5238 2.6879 0.0821 0.0821 0.0829
v -5.8193 -44.5238 2.8629 0.0796 0.0796 0.0804
v -5.2651 -44.5238 3.0313 0.0781 0.0781 0.0789
v -4.7108 -44.5238 3.1920 0.0768 0.0768 0.0776
v -4.1566 -44.5238 3.3446 0.0768 0.0768 0.0776
v -3.6024 -44.5238 3.4886 0.0768 0.0768 0.0776
v -3.0482 -44.5238 3.6238 0.0768 0.0768 0.0776
v -2.4940 -44.5238 3.7499 0.0768 0.0768 0.0776
v -1.9398 -44.5238 3.8667 0.0768 0.0768 0.0776
v -1.3855 -44.5238 3.9738 0.0768 0.0768 0.0776
v -0.8313 -44.5238 4.0707 0.0768 0.0768 0.0776
v -0.2771 -44.5238 4.1569 0.0768 0.0768 0.0776
v 0.2771 -44.5238 4.2314 0.0778 0.0778 0.0786
v 0.8313 -44.5238 4.2932 0.0817 0.0817 0.0825
v 1.3855 -44.5238 4.3411 0.0863 0.0863 0.0871
v 1.9398 -44.5238 4.3739 0.0915 0.0915 0.0925
v 2.4940 -44.5238 4.3903 0.1015 0.1015 0.1025
v 3.0482 -44.5238 4.3893 0.1137 0.1137 0.1149
v 3.6024 -44.5238 4.3698 0.1260 0.1260 0.1272
v 4.1566 -44.5238 4.3312 0.1384 0.1384 0.1398
v 4.7108 -44.5238 4.2731 0.1509 0.1509 0.1524
v 5.2651 -44.5238 4.1958 0.1635 0.1635 0.1651
v 5.8193 -44.5238 4.0998 0.1760 0.1760 0.1778
v 6.3735 -44.5238 3.9861 0.1885 0.1885 0.1903
v 6.9277 -44.5238 3.8561 0.2008 0.2008 0.2028
v 7.4819 -44.5238 3.7119 0.2129 0.2129 0.2151
v 8.0361 -44.5238 3.5556 0.2249 0.2249 0.2272
v 8.5904 -44.5238 3.3897 0.2368 0.2368 0.2391
v 9.1446 -44.5238 3.2166 0.2484 0.2484 0.2509
v 9.6988 -44.5238 3.0390 0.2599 0.2599 0.2625
v 10.2530 -44.5238 2.8594 0.2712 0.2712 0.2739
v 10.8072 -44.5238 2.6799 0.2823 0.2823 0.2851
v 11.3614 -44.5238 2.5025 0.2930 0.2930 0.2960
v 11.9157 -44.5238 2.3289 0.3035 0.3035 0.3065
v 12.4699 -44.5238 2.1602 0.3135 0.3135 0.3166
v 13.0241 -44.5238 1.9973 0.3230 0.3230 0.3263
v 13.5783 -44.5238 1.8406 0.3320 0.3320 0.3354
v 14.1325 -44.5238 1.6902 0.3404 0.3404 0.3438
v 14.6867 -44.5238 1.5461 0.3482 0.3482 0.3517
v 15.2410 -44.5238 1.4079 0.3553 0.3553 0.3589
v 15.7952 -44.5238 1.2753 0.3618 0.3618 0.3654
v 16.3494 -44.5238 1.1477 0.3676 0.3676 0.3713
v 16.9036 -44.5238 1.0249 0.3728 0.3728 0.3765
v 17.4578 -44.5238 0.9066 0.3773 0.3773 0.3811
v 18.0120 -44.5238 0.7928 0.3813 0.3813 0.3851
v 18.5663 -44.5238 0.6836 0.3846 0.3846 0.3884
v 19.1205 -44.5238 0.5794 0.3873 0.3873 0.3911
v 19.6747 -44.5238 0.4805 0.3894 0.3894 0.3933
v 20.2289 -44.5238 0.3876 0.3909 0.3909 0.3948
v 20.7831 -44.5238 0.3010 0.3920 0.3920 0.3959
v 21.3373 -44.5238 0.2212 0.3927 0.3927 0.3966
v 21.8916 -44.5238 0.1480 0.3935 0.3935 0.3975
v 22.4458 -44.5238 0.0800 0.3993 0.3993 0.4033
v 23.0000 -44.5238 0.0000 0.4018 0.4018 0.4058
v -23.0000 -42.7778 0.0000 0.3576 0.3576 0.3611
v -22.4458 -42.7778 0.0098 0.3564 0.3564 0.3600
v -21.8916 -42.7778 0.0209 0.3555 0.3555 0.3591
v -21.3373 -42.7778 0.0353 0.3530 0.3530 0.3565
v -20.7831 -42.7778 0.0535 0.3495 0.3495 0.3530
v -20.2289 -42.7778 0.0755 0.3452 0.3452 0.3487
v -19.6747 -42.7778 0.1014 0.3400 0.3400 0.3434
v -19.1205 -42.7778 0.1316 0.3339 0.3339 0.3373
v -18.5663 -42.7778 0.1662 0.3269 0.3269 0.3302
v -18.0120 -42.7778 0.2056 0.3189 0.3189 0.3221
v -17.4578 -42.7778 0.2506 0.3098 0.3098 0.3129
v -16.9036 -42.7778 0.3018 0.2997 0.2997 0.3027
v -16.3494 -42.7778 0.3605 0.2886 0.2886 0.2915
v -15.7952 -42.7778 0.4279 0.2764 0.2764 0.2791
v -15.2410 -42.7778 0.5053 0.2631 0.2631 0.2657
v -14.6867 -42.7778 0.5943 0.2488 0.2488 0.2513
v -14.1325 -42.7778 0.6961 0.2336 0.2336 0.2359
v -13.5783 -42.7778 0.8120 0.2175 0.2175 0.2197
v -13.0241 -42.7778 0.9431 0.2007 0.2007 0.2027
v -12.4699 -42.7778 1.0898 0.1834 0.1834 0.1852
v -11.9157 -42.7778 1.2525 0.1656 0.1656 0.1673
v -11.3614 -42.7778 1.4308 0.1476 0.1476 0.1491
v -10.8072 -42.7778 1.6239 0.1294 0.1294 0.1307
v -10.2530 -42.7778 1.8305 0.1122 0.1122 0.1133
v -9.6988 -42.7778 2.0488 0.0985 0.0985 0.0995
v -9.1446 -42.7778 2.2766 0.0881 0.0881 0.0889
v -8.5904 -42.7778 2.5113 0.0818 0.0818 0.0827
v -8.0361 -42.7778 2.7500 0.0787 0.0787 0.0795
v -7.4819 -42.7778 2.9900 0.0768 0.0768 0.0776
v -6.9277 -42.7778 3.2283 0.0768 0.0768 0.0776
v -6.3735 -42.7778 3.4621 0.0768 0.0768 0.0776
v -5.8193 -42.7778 3.6890 0.0768 0.0768 0.0776
v -5.2651 -42.7778 3.9067 0.0768 0.0768 0.0776
v -4.7108 -42.7778 4.1133 0.0768 0.0768 0.0776
v -4.1566 -42.7778 4.3076 0.0768 0.0768 0.0776
v -3.6024 -42.7778 4.4884 0.0768 0.0768 0.0776
v -3.0482 -42.7778 4.6550 0.0768 0.0768 0.0776
v -2.4940 -42.7778 4.8070 0.0768 0.0768 0.0776
v -1.9398 -42.7778 4.9443 0.0768 0.0768 0.0776
v -1.3855 -42.7778 5.0669 0.0768 0.0768 0.0776
v -0.8313 -42.7778 5.1747 0.0768 0.0768 0.0776
v -0.2771 -42.7778 5.2677 0.0768 0.0768 0.0776
v 0.2771 -42.7778 5.3458 0.0768 0.0768 0.0776
v 0.8313 -42.7778 5.4087 0.0768 0.0768 0.0776
v 1.3855 -42.7778 5.4558 0.0768 0.0768 0.0776
v 1.9398 -42.7778 5.4866 0.0772 0.0772 0.0780
v 2.4940 -42.7778 5.5001 0.0801 0.0801 0.0809
v 3.0482 -42.7778 5.4954 0.0883 0.0883 0.0892
v 3.6024 -42.7778 5.4716 0.1012 0.1012 0.1022
v 4.1566 -42.7778 5.4278 0.1166 0.1166 0.1178
v 4.7108 -42.7778 5.3634 0.1317 0.1317 0.1330
v 5.2651 -42.7778 5.2778 0.1466 0.1466 0.1481
v 5.8193 -42.7778 5.1711 0.1614 0.1614 0.1630
v 6.3735 -42.7778 5.0435 0.1760 0.1760 0.1778
v 6.9277 -42.7778 4.8959 0.1904 0.1904 0.1923
v 7.4819 -42.7778 4.7296 0.2045 0.2045 0.2066
v 8.0361 -42.7778 4.5464 0.2184 0.2184 0.2206
v 8.5904 -42.7778 4.3485 0.2319 0.2319 0.2342
v 9.1446 -42.7778 4.1383 0.2452 0.2452 0.2477
v 9.6988 -42.7778 3.9187 0.2583 0.2583 0.2609
v 10.2530 -42.7778 3.6926 0.2711 0.2711 0.2738
v 10.8072 -42.7778 3.4628 0.2837 0.2837 0.2865
v 11.3614 -42.7778 3.2323 0.2960 0.2960 0.2989
v 11.9157 -42.7778 3.0034 0.3080 0.3080 0.3111
v 12.4699 -42.7778 2.7787 0.3196 0.3196 0.3228
v 13.0241 -42.7778 2.5598 0.3307 0.3307 0.3340
v 13.5783 -42.7778 2.3482 0.3412 0.3412 0.3447
v 14.1325 -42.7778 2.1451 0.3511 0.3511 0.3546
v 14.6867 -42.7778 1.9509 0.3601 0.3601 0.3637
v 15.2410 -42.7778 1.7660 0.3683 0.3683 0.3720
v 15.7952 -42.7778 1.5903 0.3756 0.3756 0.3793
v 16.3494 -42.7778 1.4234 0.3819 0.3819 0.3857
v 16.9036 -42.7778 1.2651 0.3873 0.3873 0.3912
v 17.4578 -42.7778 1.1148 0.3918 0.3918 0.3957
v 18.0120 -42.7778 0.9722 0.3954 0.3954 0.3993
v 18.5663 -42.7778 0.8371 0.3982 0.3982 0.4021
v 19.1205 -42.7778 0.7092 0.4002 0.4002 0.4042
v 19.6747 -42.7778 0.5887 0.4015 0.4015 0.4055
v 20.2289 -42.7778 0.4757 0.4021 0.4021 0.4062
v 20.7831 -42.7778 0.3703 0.4023 0.4023 0.4063
v 21.3373 -42.7778 0.2729 0.4021 0.4021 0.4061
v 21.8916 -42.7778 0.1831 0.4022 0.4022 0.4062
v 22.4458 -42.7778 0.0992 0.4082 0.4082 0.4122
v 23.0000 -42.7778 0.0000 0.4113 0.4113 0.4154
v -23.0000 -41.0317 0.0000 0.3597 0.3597 0.3633
v -22.4458 -41.0317 0.0047 0.3578 0.3578 0.3614
v -21.8916 -41.0317 0.0142 0.3549 0.3549 0.3584
v -21.3373 -41.0317 0.0299 0.3506 0.3506 0.3541
v -20.7831 -41.0317 0.0525 0.3451 0.3451 0.3486
v -20.2289 -41.0317 0.0825 0.3386 0.3386 0.3420
v -19.6747 -41.0317 0.1203 0.3310 0.3310 0.3343
v -19.1205 -41.0317 0.1659 0.3223 0.3223 0.3255
v -18.5663 -41.0317 0.2197 0.3125 0.3125 0.3157
v -18.0120 -41.0317 0.2815 0.3018 0.3018 0.3048
v -17.4578 -41.0317 0.3516 0.2900 0.2900 0.2929
v -16.9036 -41.0317 0.4302 0.2773 0.2773 0.2801
v -16.3494 -41.0317 0.5178 0.2636 0.2636 0.2663
v -15.7952 -41.0317 0.6150 0.2491 0.2491 0.2515
v -15.2410 -41.0317 0.7227 0.2336 0.2336 0.2359
v -14.6867 -41.0317 0.8419 0.2173 0.2173 0.2195
v -14.1325 -41.0317 0.9737 0.2003 0.2003 0.2023
v -13.5783 -41.0317 1.1193 0.1825 0.1825 0.1844
v -13.0241 -41.0317 1.2798 0.1642 0.1642 0.1659
v -12.4699 -41.0317 1.4561 0.1454 0.1454 0.1469
v -11.9157 -41.0317 1.6488 0.1260 0.1260 0.1272
v -11.3614 -41.0317 1.8583 0.1077 0.1077 0.1088
v -10.8072 -41.0317 2.0843 0.0937 0.0937 0.0946
v -10.2530 -41.0317 2.3260 0.0841 0.0841 0.0850
v -9.6988 -41.0317 2.5823 0.0787 0.0787 0.0795
v -9.1446 -41.0317 2.8511 0.0768 0.0768 0.0776
v -8.5904 -41.0317 3.1303 0.0768 0.0768 0.0776
v -8.0361 -41.0317 3.4168 0.0768 0.0768 0.0776
v -7.4819 -41.0317 3.7075 0.0768 0.0768 0.0776
v -6.9277 -41.0317 3.9991 0.0768 0.0768 0.0776
v -6.3735 -41.0317 4.2879 0.0768 0.0768 0.0776
v -5.8193 -41.0317 4.5705 0.0768 0.0768 0.0776
v -5.2651 -41.0317 4.8436 0.0768 0.0768 0.0776
v -4.7108 -41.0317 5.1041 0.0768 0.0768 0.0776
v -4.1566 -41.0317 5.3495 0.0768 0.0768 0.0776
v -3.6024 -41.0317 5.5776 0.0768 0.0768 0.0776
v -3.0482 -41.0317 5.7867 0.0768 0.0768 0.0776
v -2.4940 -41.0317 5.9757 0.0768 0.0768 0.0776
v -1.9398 -41.0317 6.1438 0.0768 0.0768 0.0776
v -1.3855 -41.0317 6.2908 0.0768 0.0768 0.0776
v -0.8313 -41.0317 6.4166 0.0768 0.0768 0.0776
v -0.2771 -41.0317 6.5215 0.0768 0.0768 0.0776
v 0.2771 -41.0317 6.6058 0.0768 0.0768 0.0776
v 0.8313 -41.0317 6.6698 0.0768 0.0768 0.0776
v 1.3855 -41.0317 6.7138 0.0768 0.0768 0.0776
v 1.9398 -41.0317 6.7380 0.0768 0.0768 0.0776
v 2.4940 -41.0317 6.7423 0.0768 0.0768 0.0776
v 3.0482 -41.0317 6.7264 0.0779 0.0779 0.0787
v 3.6024 -41.0317 6.6900 0.0839 0.0839 0.0848
v 4.1566 -41.0317 6.6325 0.0998 0.0998 0.1008
v 4.7108 -41.0317 6.5533 0.1184 0.1184 0.1195
v 5.2651 -41.0317 6.4520 0.1362 0.1362 0.1376
v 5.8193 -41.0317 6.3282 0.1538 0.1538 0.1554
v 6.3735 -41.0317 6.1817 0.1711 0.1711 0.1728
v 6.9277 -41.0317 6.0129 0.1879 0.1879 0.1898
v 7.4819 -41.0317 5.8224 0.2044 0.2044 0.2064
v 8.0361 -41.0317 5.6113 0.2204 0.2204 0.2226
v 8.5904 -41.0317 5.3813 0.2358 0.2358 0.2382
v 9.1446 -41.0317 5.1345 0.2508 0.2508 0.2533
v 9.6988 -41.0317 4.8734 0.2653 0.2653 0.2679
v 10.2530 -41.0317 4.6010 0.2793 0.2793 0.2821
v 10.8072 -41.0317 4.3205 0.2930 0.2930 0.2959
v 11.3614 -41.0317 4.0351 0.3063 0.3063 0.3093
v 11.9157 -41.0317 3.7481 0.3191 0.3191 0.3223
v 12.4699 -41.0317 3.4628 0.3315 0.3315 0.3349
v 13.0241 -41.0317 3.1821 0.3435 0.3435 0.3469
v 13.5783 -41.0317 2.9086 0.3548 0.3548 0.3583
v 14.1325 -41.0317 2.6444 0.3654 0.3654 0.3691
v 14.6867 -41.0317 2.3913 0.3752 0.3752 0.3789
v 15.2410 -41.0317 2.1504 0.3839 0.3839 0.3878
v 15.7952 -41.0317 1.9225 0.3916 0.3916 0.3955
v 16.3494 -41.0317 1.7080 0.3981 0.3981 0.4021
v 16.9036 -41.0317 1.5067 0.4035 0.4035 0.4075
v 17.4578 -41.0317 1.3184 0.4076 0.4076 0.4117
v 18.0120 -41.0317 1.1425 0.4106 0.4106 0.4147
v 18.5663 -41.0317 0.9785 0.4126 0.4126 0.4167
v 19.1205 -41.0317 0.8257 0.4136 0.4136 0.4177
v 19.6747 -41.0317 0.6837 0.4137 0.4137 0.4179
v 20.2289 -41.0317 0.5520 0.4132 0.4132 0.4173
v 20.7831 -41.0317 0.4302 0.4121 0.4121 0.4162
v 21.3373 -41.0317 0.3179 0.4108 0.4108 0.4149
v 21.8916 -41.0317 0.2142 0.4101 0.4101 0.4142
v 22.4458 -41.0317 0.1167 0.4161 0.4161 0.4202
v 23.0000 -41.0317 0.0000 0.4200 0.4200 0.4242
v -23.0000 -39.2857 0.0000 0.3591 0.3591 0.3627
v -22.4458 -39.2857 0.0030 0.3573 0.3573 0.3608
v -21.8916 -39.2857 0.0125 0.3525 0.3525 0.3561
v -21.3373 -39.2857 0.0302 0.3465 0.3465 0.3500
v -20.7831 -39.2857 0.0572 0.3392 0.3392 0.3426
v -20.2289 -39.2857 0.0950 0.3305 0.3305 0.3338
v -19.6747 -39.2857 0.1442 0.3205 0.3205 0.3237
v -19.1205 -39.2857 0.2054 0.3093 0.3093 0.3124
v -18.5663 -39.2857 0.2789 0.2969 0.2969 0.2998
v -18.0120 -39.2857 0.3646 0.2834 0.2834 0.2862
v -17.4578 -39.2857 0.4625 0.2690 0.2690 0.2717
v -16.9036 -39.2857 0.5723 0.2536 0.2536 0.2562
v -16.3494 -39.2857 0.6939 0.2375 0.2375 0.2399
v -15.7952 -39.2857 0.8272 0.2206 0.2206 0.2228
v -15.2410 -39.2857 0.9723 0.2030 0.2030 0.2051
v -14.6867 -39.2857 1.1294 0.1849 0.1849 0.1867
v -14.1325 -39.2857 1.2990 0.1661 0.1661 0.1678
v -13.5783 -39.2857 1.4818 0.1468 0.1468 0.1483
v -13.0241 -39.2857 1.6785 0.1268 0.1268 0.1281
v -12.4699 -39.2857 1.8900 0.1081 0.1081 0.1091
v -11.9157 -39.2857 2.1169 0.0930 0.0930 0.0939
v -11.3614 -39.2857 2.3599 0.0830 0.0830 0.0838
v -10.8072 -39.2857 2.6192 0.0776 0.0776 0.0783
v -10.2530 -39.2857 2.8947 0.0768 0.0768 0.0776
v -9.6988 -39.2857 3.1859 0.0768 0.0768 0.0776
v -9.1446 -39.2857 3.4916 0.0768 0.0768 0.0776
v -8.5904 -39.2857 3.8100 0.0768 0.0768 0.0776
v -8.0361 -39.2857 4.1389 0.0768 0.0768 0.0776
v -7.4819 -39.2857 4.4753 0.0768 0.0768 0.0776
v -6.9277 -39.2857 4.8157 0.0768 0.0768 0.0776
v -6.3735 -39.2857 5.1566 0.0768 0.0768 0.0776
v -5.8193 -39.2857 5.4939 0.0768 0.0768 0.0776
v -5.2651 -39.2857 5.8234 0.0768 0.0768 0.0776
v -4.7108 -39.2857 6.1412 0.0768 0.0768 0.0776
v -4.1566 -39.2857 6.4435 0.0768 0.0768 0.0776
v -3.6024 -39.2857 6.7267 0.0768 0.0768 0.0776
v -3.0482 -39.2857 6.9879 0.0768 0.0768 0.0776
v -2.4940 -39.2857 7.2245 0.0768 0.0768 0.0776
v -1.9398 -39.2857 7.4349 0.0768 0.0768 0.0776
v -1.3855 -39.2857 7.6176 0.0768 0.0768 0.0776
v -0.8313 -39.2857 7.7720 0.0768 0.0768 0.0776
v -0.2771 -39.2857 7.8978 0.0768 0.0768 0.0776
v 0.2771 -39.2857 7.9954 0.0768 0.0768 0.0776
v 0.8313 -39.2857 8.0652 0.0768 0.0768 0.0776
v 1.3855 -39.2857 8.1080 0.0768 0.0768 0.0776
v 1.9398 -39.2857 8.1246 0.0768 0.0768 0.0776
v 2.4940 -39.2857 8.1158 0.0768 0.0768 0.0776
v 3.0482 -39.2857 8.0823 0.0768 0.0768 0.0776
v 3.6024 -39.2857 8.0245 0.0800 0.0800 0.0808
v 4.1566 -39.2857 7.9428 0.0926 0.0926 0.0935
v 4.7108 -39.2857 7.8375 0.1139 0.1139 0.1151
v 5.2651 -39.2857 7.7085 0.1351 0.1351 0.1364
v 5.8193 -39.2857 7.5559 0.1556 0.1556 0.1572
v 6.3735 -39.2857 7.3796 0.1757 0.1757 0.1775
v 6.9277 -39.2857 7.1798 0.1952 0.1952 0.1972
v 7.4819 -39.2857 6.9570 0.2141 0.2141 0.2163
v 8.0361 -39.2857 6.7118 0.2323 0.2323 0.2346
v 8.5904 -39.2857 6.4453 0.2497 0.2497 0.2521
v 9.1446 -39.2857 6.1592 0.2662 0.2662 0.2688
v 9.6988 -39.2857 5.8556 0.2819 0.2819 0.2847
v 10.2530 -39.2857 5.5370 0.2968 0.2968 0.2998
v 10.8072 -39.2857 5.2065 0.3110 0.3110 0.3141
v 11.3614 -39.2857 4.8673 0.3245 0.3245 0.3278
v 11.9157 -39.2857 4.5231 0.3374 0.3374 0.3408
v 12.4699 -39.2857 4.1776 0.3498 0.3498 0.3533
v 13.0241 -39.2857 3.8345 0.3615 0.3615 0.3651
v 13.5783 -39.2857 3.4974 0.3726 0.3726 0.3763
v 14.1325 -39.2857 3.1694 0.3830 0.3830 0.3868
v 14.6867 -39.2857 2.8534 0.3925 0.3925 0.3964
v 15.2410 -39.2857 2.5519 0.4011 0.4011 0.4051
v 15.7952 -39.2857 2.2664 0.4086 0.4086 0.4127
v 16.3494 -39.2857 1.9985 0.4149 0.4149 0.4190
v 16.9036 -39.2857 1.7486 0.4198 0.4198 0.4240
v 17.4578 -39.2857 1.5170 0.4234 0.4234 0.4276
v 18.0120 -39.2857 1.3034 0.4256 0.4256 0.4298
v 18.5663 -39.2857 1.1072 0.4265 0.4265 0.4308
v 19.1205 -39.2857 0.9276 0.4263 0.4263 0.4306
v 19.6747 -39.2857 0.7635 0.4252 0.4252 0.4294
v 20.2289 -39.2857 0.6139 0.4233 0.4233 0.4275
v 20.7831 -39.2857 0.4774 0.4208 0.4208 0.4251
v 21.3373 -39.2857 0.3529 0.4183 0.4183 0.4225
v 21.8916 -39.2857 0.2386 0.4166 0.4166 0.4207
v 22.4458 -39.2857 0.1308 0.4224 0.4224 0.4267
v 23.0000 -39.2857 0.0000 0.4272 0.4272 0.4315
v -23.0000 -37.5397 0.0000 0.3544 0.3544 0.3579
v -22.4458 -37.5397 0.0074 0.3535 0.3535 0.3570
v -21.8916 -37.5397 0.0205 0.3476 0.3476 0.3511
v -21.3373 -37.5397 0.0424 0.3402 0.3402 0.3436
v -20.7831 -37.5397 0.0752 0.3312 0.3312 0.3345
v -20.2289 -37.5397 0.1208 0.3208 0.3208 0.3240
v -19.6747 -37.5397 0.1807 0.3088 0.3088 0.3119
v -19.1205 -37.5397 0.2561 0.2954 0.2954 0.2984
v -18.5663 -37.5397 0.3476 0.2808 0.2808 0.2836
v -18.0120 -37.5397 0.4557 0.2650 0.2650 0.2676
v -17.4578 -37.5397 0.5803 0.2482 0.2482 0.2506
v -16.9036 -37.5397 0.7212 0.2305 0.2305 0.2328
v -16.3494 -37.5397 0.8778 0.2121 0.2121 0.2142
v -15.7952 -37.5397 1.0495 0.1931 0.1931 0.1950
v -15.2410 -37.5397 1.2357 0.1736 0.1736 0.1753
v -14.6867 -37.5397 1.4359 0.1535 0.1535 0.1550
v -14.1325 -37.5397 1.6497 0.1329 0.1329 0.1342
v -13.5783 -37.5397 1.8769 0.1125 0.1125 0.1136
v -13.0241 -37.5397 2.1175 0.0954 0.0954 0.0963
v -12.4699 -37.5397 2.3718 0.0836 0.0836 0.0844
v -11.9157 -37.5397 2.6400 0.0780 0.0780 0.0788
v -11.3614 -37.5397 2.9227 0.0768 0.0768 0.0776
v -10.8072 -37.5397 3.2201 0.0768 0.0768 0.0776
v -10.2530 -37.5397 3.5325 0.0768 0.0768 0.0776
v -9.6988 -37.5397 3.8598 0.0768 0.0768 0.0776
v -9.1446 -37.5397 4.2016 0.0768 0.0768 0.0776
v -8.5904 -37.5397 4.5568 0.0768 0.0768 0.0776
v -8.0361 -37.5397 4.9240 0.0768 0.0768 0.0776
v -7.4819 -37.5397 5.3009 0.0768 0.0768 0.0776
v -6.9277 -37.5397 5.6846 0.0768 0.0768 0.0776
v -6.3735 -37.5397 6.0719 0.0768 0.0768 0.0776
v -5.8193 -37.5397 6.4588 0.0768 0.0768 0.0776
v -5.2651 -37.5397 6.8409 0.0768 0.0768 0.0776
v -4.7108 -37.5397 7.2138 0.0768 0.0768 0.0776
v -4.1566 -37.5397 7.5727 0.0768 0.0768 0.0776
v -3.6024 -37.5397 7.9131 0.0768 0.0768 0.0776
v -3.0482 -37.5397 8.2306 0.0768 0.0768 0.0776
v -2.4940 -37.5397 8.5214 0.0768 0.0768 0.0776
v -1.9398 -37.5397 8.7820 0.0768 0.0768 0.0776
v -1.3855 -37.5397 9.0099 0.0768 0.0768 0.0776
v -0.8313 -37.5397 9.2028 0.0768 0.0768 0.0776
v -0.2771 -37.5397 9.3596 0.0768 0.0768 0.0776
v 0.2771 -37.5397 9.4797 0.0768 0.0768 0.0776
v 0.8313 -37.5397 9.5630 0.0768 0.0768 0.0776
v 1.3855 -37.5397 9.6101 0.0768 0.0768 0.0776
v 1.9398 -37.5397 9.6220 0.0768 0.0768 0.0776
v 2.4940 -37.5397 9.6001 0.0768 0.0768 0.0776
v 3.0482 -37.5397 9.5457 0.0768 0.0768 0.0776
v 3.6024 -37.5397 9.4604 0.0808 0.0808 0.0816
v 4.1566 -37.5397 9.3457 0.0958 0.0958 0.0968
v 4.7108 -37.5397 9.2029 0.1206 0.1206 0.1218
v 5.2651 -37.5397 9.0331 0.1448 0.1448 0.1463
v 5.8193 -37.5397 8.8375 0.1683 0.1683 0.1699
v 6.3735 -37.5397 8.6168 0.1910 0.1910 0.1929
v 6.9277 -37.5397 8.3718 0.2130 0.2130 0.2151
v 7.4819 -37.5397 8.1034 0.2341 0.2341 0.2364
v 8.0361 -37.5397 7.8124 0.2542 0.2542 0.2567
v 8.5904 -37.5397 7.5000 0.2731 0.2731 0.2759
v 9.1446 -37.5397 7.1674 0.2909 0.2909 0.2938
v 9.6988 -37.5397 6.8165 0.3074 0.3074 0.3105
v 10.2530 -37.5397 6.4493 0.3228 0.3228 0.3260
v 10.8072 -37.5397 6.0686 0.3370 0.3370 0.3403
v 11.3614 -37.5397 5.6773 0.3501 0.3501 0.3536
v 11.9157 -37.5397 5.2788 0.3623 0.3623 0.3660
v 12.4699 -37.5397 4.8770 0.3737 0.3737 0.3774
v 13.0241 -37.5397 4.4757 0.3843 0.3843 0.3881
v 13.5783 -37.5397 4.0789 0.3942 0.3942 0.3981
v 14.1325 -37.5397 3.6905 0.4033 0.4033 0.4073
v 14.6867 -37.5397 3.3143 0.4117 0.4117 0.4158
v 15.2410 -37.5397 2.9534 0.4192 0.4192 0.4234
v 15.7952 -37.5397 2.6107 0.4257 0.4257 0.4299
v 16.3494 -37.5397 2.2886 0.4310 0.4310 0.4353
v 16.9036 -37.5397 1.9885 0.4351 0.4351 0.4395
v 17.4578 -37.5397 1.7115 0.4379 0.4379 0.4422
v 18.0120 -37.5397 1.4578 0.4392 0.4392 0.4436
v 18.5663 -37.5397 1.2273 0.4391 0.4391 0.4435
v 19.1205 -37.5397 1.0189 0.4377 0.4377 0.4421
v 19.6747 -37.5397 0.8316 0.4352 0.4352 0.4396
v 20.2289 -37.5397 0.6637 0.4319 0.4319 0.4362
v 20.7831 -37.5397 0.5134 0.4281 0.4281 0.4324
v 21.3373 -37.5397 0.3783 0.4243 0.4243 0.4285
v 21.8916 -37.5397 0.2558 0.4215 0.4215 0.4257
v 22.4458 -37.5397 0.1408 0.4271 0.4271 0.4313
v 23.0000 -37.5397 0.0000 0.4325 0.4325 0.4368
v -23.0000 -35.7937 0.0000 0.3454 0.3454 0.3488
v -22.4458 -35.7937 0.0191 0.3460 0.3460 0.3495
v -21.8916 -35.7937 0.0408 0.3398 0.3398 0.3432
v -21.3373 -35.7937 0.0709 0.3313 0.3313 0.3346
v -20.7831 -35.7937 0.1122 0.3211 0.3211 0.3244
v -20.2289 -35.7937 0.1670 0.3094 0.3094 0.3125
v -19.6747 -35.7937 0.2375 0.2961 0.2961 0.2990
v -19.1205 -35.7937 0.3255 0.2813 0.2813 0.2841
v -18.5663 -35.7937 0.4325 0.2650 0.2650 0.2677
v -18.0120 -35.7937 0.5595 0.2475 0.2475 0.2500
v -17.4578 -35.7937 0.7070 0.2289 0.2289 0.2312
v -16.9036 -35.7937 0.8750 0.2094 0.2094 0.2115
v -16.3494 -35.7937 1.0632 0.1891 0.1891 0.1910
v -15.7952 -35.7937 1.2711 0.1683 0.1683 0.1700
v -15.2410 -35.7937 1.4975 0.1469 0.1469 0.1483
v -14.6867 -35.7937 1.7416 0.1247 0.1247 0.1260
v -14.1325 -35.7937 2.0022 0.1039 0.1039 0.1049
v -13.5783 -35.7937 2.2782 0.0880 0.0880 0.0888
v -13.0241 -35.7937 2.5687 0.0797 0.0797 0.0805
v -12.4699 -35.7937 2.8732 0.0768 0.0768 0.0776
v -11.9157 -35.7937 3.1911 0.0768 0.0768 0.0776
v -11.3614 -35.7937 3.5221 0.0768 0.0768 0.0776
v -10.8072 -35.7937 3.8661 0.0768 0.0768 0.0776
v -10.2530 -35.7937 4.2231 0.0768 0.0768 0.0776
v -9.6988 -35.7937 4.5930 0.0768 0.0768 0.0776
v -9.1446 -35.7937 4.9756 0.0768 0.0768 0.0776
v -8.5904 -35.7937 5.3704 0.0768 0.0768 0.0776
v -8.0361 -35.7937 5.7765 0.0768 0.0768 0.0776
v -7.4819 -35.7937 6.1923 0.0768 0.0768 0.0776
v -6.9277 -35.7937 6.6159 0.0768 0.0768 0.0776
v -6.3735 -35.7937 7.0446 0.0768 0.0768 0.0776
v -5.8193 -35.7937 7.4749 0.0768 0.0768 0.0776
v -5.2651 -35.7937 7.9030 0.0768 0.0768 0.0776
v -4.7108 -35.7937 8.3244 0.0768 0.0768 0.0776
v -4.1566 -35.7937 8.7341 0.0768 0.0768 0.0776
v -3.6024 -35.7937 9.1271 0.0768 0.0768 0.0776
v -3.0482 -35.7937 9.4980 0.0768 0.0768 0.0776
v -2.4940 -35.7937 9.8420 0.0768 0.0768 0.0776
v -1.9398 -35.7937 10.1541 0.0768 0.0768 0.0776
v -1.3855 -35.7937 10.4302 0.0768 0.0768 0.0776
v -0.8313 -35.7937 10.6666 0.0768 0.0768 0.0776
v -0.2771 -35.7937 10.8605 0.0768 0.0768 0.0776
v 0.2771 -35.7937 11.0099 0.0768 0.0768 0.0776
v 0.8313 -35.7937 11.1136 0.0768 0.0768 0.0776
v 1.3855 -35.7937 11.1714 0.0768 0.0768 0.0776
v 1.9398 -35.7937 11.1837 0.0768 0.0768 0.0776
v 2.4940 -35.7937 11.1518 0.0768 0.0768 0.0776
v 3.0482 -35.7937 11.0773 0.0768 0.0768 0.0776
v 3.6024 -35.7937 10.9624 0.0893 0.0893 0.0902
v 4.1566 -35.7937 10.8096 0.1107 0.1107 0.1118
v 4.7108 -35.7937 10.6214 0.1392 0.1392 0.1406
v 5.2651 -35.7937 10.4004 0.1660 0.1660 0.1677
v 5.8193 -35.7937 10.1490 0.1918 0.1918 0.1937
v 6.3735 -35.7937 9.8697 0.2166 0.2166 0.2188
v 6.9277 -35.7937 9.5644 0.2404 0.2404 0.2428
v 7.4819 -35.7937 9.2353 0.2630 0.2630 0.2656
v 8.0361 -35.7937 8.8840 0.2843 0.2843 0.2872
v 8.5904 -35.7937 8.5124 0.3042 0.3042 0.3073
v 9.1446 -35.7937 8.1223 0.3226 0.3226 0.3258
v 9.6988 -35.7937 7.7154 0.3394 0.3394 0.3428
v 10.2530 -35.7937 7.2939 0.3547 0.3547 0.3582
v 10.8072 -35.7937 6.8601 0.3684 0.3684 0.3721
v 11.3614 -35.7937 6.4167 0.3807 0.3807 0.3845
v 11.9157 -35.7937 5.9667 0.3918 0.3918 0.3957
v 12.4699 -35.7937 5.5134 0.4017 0.4017 0.4057
v 13.0241 -35.7937 5.0605 0.4106 0.4106 0.4147
v 13.5783 -35.7937 4.6119 0.4186 0.4186 0.4228
v 14.1325 -35.7937 4.1714 0.4258 0.4258 0.4301
v 14.6867 -35.7937 3.7430 0.4322 0.4322 0.4366
v 15.2410 -35.7937 3.3306 0.4379 0.4379 0.4422
v 15.7952 -35.7937 2.9374 0.4426 0.4426 0.4471
v 16.3494 -35.7937 2.5665 0.4464 0.4464 0.4509
v 16.9036 -35.7937 2.2202 0.4492 0.4492 0.4537
v 17.4578 -35.7937 1.9004 0.4507 0.4507 0.4552
v 18.0120 -35.7937 1.6080 0.4508 0.4508 0.4553
v 18.5663 -35.7937 1.3434 0.4496 0.4496 0.4541
v 19.1205 -35.7937 1.1060 0.4471 0.4471 0.4516
v 19.6747 -35.7937 0.8948 0.4435 0.4435 0.4479
v 20.2289 -35.7937 0.7080 0.4389 0.4389 0.4433
v 20.7831 -35.7937 0.5434 0.4338 0.4338 0.4382
v 21.3373 -35.7937 0.3980 0.4289 0.4289 0.4332
v 21.8916 -35.7937 0.2681 0.4252 0.4252 0.4294
v 22.4458 -35.7937 0.1475 0.4303 0.4303 0.4346
v 23.0000 -35.7937 0.0000 0.4361 0.4361 0.4404
v -23.0000 -34.0476 0.0000 0.3330 0.3330 0.3363
v -22.4458 -34.0476 0.0372 0.3354 0.3354 0.3387
v -21.8916 -34.0476 0.0726 0.3294 0.3294 0.3327
v -21.3373 -34.0476 0.1156 0.3201 0.3201 0.3233
v -20.7831 -34.0476 0.1693 0.3092 0.3092 0.3123
v -20.2289 -34.0476 0.2361 0.2967 0.2967 0.2997
v -19.6747 -34.0476 0.3186 0.2826 0.2826 0.2855
v -19.1205 -34.0476 0.4190 0.2670 0.2670 0.2697
v -18.5663 -34.0476 0.5395 0.2499 0.2499 0.2524
v -18.0120 -34.0476 0.6818 0.2315 0.2315 0.2338
v -17.4578 -34.0476 0.8473 0.2118 0.2118 0.2139
v -16.9036 -34.0476 1.0368 0.1911 0.1911 0.1930
v -16.3494 -34.0476 1.2506 0.1695 0.1695 0.1711
v -15.7952 -34.0476 1.4885 0.1470 0.1470 0.1485
v -15.2410 -34.0476 1.7500 0.1237 0.1237 0.1250
v -14.6867 -34.0476 2.0340 0.1010 0.1010 0.1020
v -14.1325 -34.0476 2.3391 0.0856 0.0856 0.0864
v -13.5783 -34.0476 2.6639 0.0783 0.0783 0.0791
v -13.0241 -34.0476 3.0067 0.0768 0.0768 0.0776
v -12.4699 -34.0476 3.3659 0.0768 0.0768 0.0776
v -11.9157 -34.0476 3.7401 0.0768 0.0768 0.0776
v -11.3614 -34.0476 4.1279 0.0768 0.0768 0.0776
v -10.8072 -34.0476 4.5283 0.0768 0.0768 0.0776
v -10.2530 -34.0476 4.9404 0.0768 0.0768 0.0776
v -9.6988 -34.0476 5.3633 0.0768 0.0768 0.0776
v -9.1446 -34.0476 5.7966 0.0768 0.0768 0.0776
v -8.5904 -34.0476 6.2393 0.0768 0.0768 0.0776
v -8.0361 -34.0476 6.6907 0.0768 0.0768 0.0776
v -7.4819 -34.0476 7.1497 0.0768 0.0768 0.0776
v -6.9277 -34.0476 7.6146 0.0768 0.0768 0.0776
v -6.3735 -34.0476 8.0835 0.0768 0.0768 0.0776
v -5.8193 -34.0476 8.5536 0.0768 0.0768 0.0776
v -5.2651 -34.0476 9.0217 0.0768 0.0768 0.0776
v -4.7108 -34.0476 9.4837 0.0768 0.0768 0.0776
v -4.1566 -34.0476 9.9353 0.0768 0.0768 0.0776
v -3.6024 -34.0476 10.3712 0.0768 0.0768 0.0776
v -3.0482 -34.0476 10.7862 0.0768 0.0768 0.0776
v -2.4940 -34.0476 11.1745 0.0768 0.0768 0.0776
v -1.9398 -34.0476 11.5307 0.0768 0.0768 0.0776
v -1.3855 -34.0476 11.8494 0.0768 0.0768 0.0776
v -0.8313 -34.0476 12.1255 0.0768 0.0768 0.0776
v -0.2771 -34.0476 12.3549 0.0768 0.0768 0.0776
v 0.2771 -34.0476 12.5338 0.0768 0.0768 0.0776
v 0.8313 -34.0476 12.6598 0.0768 0.0768 0.0776
v 1.3855 -34.0476 12.7312 0.0768 0.0768 0.0776
v 1.9398 -34.0476 12.7475 0.0768 0.0768 0.0776
v 2.4940 -34.0476 12.7089 0.0768 0.0768 0.0776
v 3.0482 -34.0476 12.6169 0.0858 0.0858 0.0866
v 3.6024 -34.0476 12.4738 0.1073 0.1073 0.1083
v 4.1566 -34.0476 12.2823 0.1388 0.1388 0.1402
v 4.7108 -34.0476 12.0460 0.1692 0.1692 0.1709
v 5.2651 -34.0476 11.7685 0.1979 0.1979 0.1999
v 5.8193 -34.0476 11.4539 0.2251 0.2251 0.2274
v 6.3735 -34.0476 11.1062 0.2509 0.2509 0.2534
v 6.9277 -34.0476 10.7291 0.2753 0.2753 0.2780
v 7.4819 -34.0476 10.3264 0.2982 0.2982 0.3012
v 8.0361 -34.0476 9.9016 0.3196 0.3196 0.3228
v 8.5904 -34.0476 9.4578 0.3394 0.3394 0.3428
v 9.1446 -34.0476 8.9979 0.3575 0.3575 0.3611
v 9.6988 -34.0476 8.5246 0.3739 0.3739 0.3777
v 10.2530 -34.0476 8.0406 0.3886 0.3886 0.3925
v 10.8072 -34.0476 7.5483 0.4015 0.4015 0.4055
v 11.3614 -34.0476 7.0504 0.4128 0.4128 0.4169
v 11.9157 -34.0476 6.5495 0.4226 0.4226 0.4268
v 12.4699 -34.0476 6.0486 0.4310 0.4310 0.4353
v 13.0241 -34.0476 5.5506 0.4382 0.4382 0.4425
v 13.5783 -34.0476 5.0588 0.4442 0.4442 0.4487
v 14.1325 -34.0476 4.5768 0.4493 0.4493 0.4538
v 14.6867 -34.0476 4.1079 0.4535 0.4535 0.4581
v 15.2410 -34.0476 3.6557 0.4569 0.4569 0.4615
v 15.7952 -34.0476 3.2237 0.4595 0.4595 0.4641
v 16.3494 -34.0476 2.8148 0.4613 0.4613 0.4659
v 16.9036 -34.0476 2.4319 0.4622 0.4622 0.4668
v 17.4578 -34.0476 2.0771 0.4620 0.4620 0.4666
v 18.0120 -34.0476 1.7520 0.4608 0.4608 0.4654
v 18.5663 -34.0476 1.4575 0.4583 0.4583 0.4629
v 19.1205 -34.0476 1.1935 0.4547 0.4547 0.4592
v 19.6747 -34.0476 0.9595 0.4500 0.4500 0.4545
v 20.2289 -34.0476 0.7538 0.4444 0.4444 0.4488
v 20.7831 -34.0476 0.5742 0.4384 0.4384 0.4428
v 21.3373 -34.0476 0.4176 0.4325 0.4325 0.4369
v 21.8916 -34.0476 0.2797 0.4281 0.4281 0.4323
v 22.4458 -34.0476 0.1533 0.4329 0.4329 0.4372
v 23.0000 -34.0476 0.0000 0.4387 0.4387 0.4431
v -23.0000 -32.3016 0.0000 0.3191 0.3191 0.3223
v -22.4458 -32.3016 0.0588 0.3228 0.3228 0.3261
v -21.8916 -32.3016 0.1117 0.3176 0.3176 0.3208
v -21.3373 -32.3016 0.1719 0.3078 0.3078 0.3109
v -20.7831 -32.3016 0.2420 0.2963 0.2963 0.2993
v -20.2289 -32.3016 0.3245 0.2834 0.2834 0.2862
v -19.6747 -32.3016 0.4218 0.2690 0.2690 0.2717
v -19.1205 -32.3016 0.5361 0.2531 0.2531 0.2557
v -18.5663 -32.3016 0.6701 0.2358 0.2358 0.2382
v -18.0120 -32.3016 0.8260 0.2170 0.2170 0.2192
v -17.4578 -32.3016 1.0060 0.1968 0.1968 0.1988
v -16.9036 -32.3016 1.2118 0.1754 0.1754 0.1772
v -16.3494 -32.3016 1.4447 0.1529 0.1529 0.1544
v -15.7952 -32.3016 1.7056 0.1291 0.1291 0.1304
v -15.2410 -32.3016 1.9947 0.1040 0.1040 0.1050
v -14.6867 -32.3016 2.3114 0.0868 0.0868 0.0876
v -14.1325 -32.3016 2.6549 0.0779 0.0779 0.0786
v -13.5783 -32.3016 3.0238 0.0768 0.0768 0.0776
v -13.0241 -32.3016 3.4163 0.0768 0.0768 0.0776
v -12.4699 -32.3016 3.8302 0.0768 0.0768 0.0776
v -11.9157 -32.3016 4.2632 0.0768 0.0768 0.0776
v -11.3614 -32.3016 4.7132 0.0768 0.0768 0.0776
v -10.8072 -32.3016 5.1776 0.0768 0.0768 0.0776
v -10.2530 -32.3016 5.6545 0.0768 0.0768 0.0776
v -9.6988 -32.3016 6.1417 0.0768 0.0768 0.0776
v -9.1446 -32.3016 6.6375 0.0768 0.0768 0.0776
v -8.5904 -32.3016 7.1402 0.0768 0.0768 0.0776
v -8.0361 -32.3016 7.6482 0.0768 0.0768 0.0776
v -7.4819 -32.3016 8.1598 0.0768 0.0768 0.0776
v -6.9277 -32.3016 8.6732 0.0768 0.0768 0.0776
v -6.3735 -32.3016 9.1867 0.0768 0.0768 0.0776
v -5.8193 -32.3016 9.6976 0.0768 0.0768 0.0776
v -5.2651 -32.3016 10.2034 0.0768 0.0768 0.0776
v -4.7108 -32.3016 10.7006 0.0768 0.0768 0.0776
v -4.1566 -32.3016 11.1853 0.0768 0.0768 0.0776
v -3.6024 -32.3016 11.6531 0.0768 0.0768 0.0776
v -3.0482 -32.3016 12.0990 0.0768 0.0768 0.0776
v -2.4940 -32.3016 12.5176 0.0768 0.0768 0.0776
v -1.9398 -32.3016 12.9034 0.0768 0.0768 0.0776
v -1.3855 -32.3016 13.2505 0.0768 0.0768 0.0776
v -0.8313 -32.3016 13.5535 0.0768 0.0768 0.0776
v -0.2771 -32.3016 13.8070 0.0768 0.0768 0.0776
v 0.2771 -32.3016 14.0066 0.0768 0.0768 0.0776
v 0.8313 -32.3016 14.1482 0.0768 0.0768 0.0776
v 1.3855 -32.3016 14.2290 0.0768 0.0768 0.0776
v 1.9398 -32.3016 14.2470 0.0768 0.0768 0.0776
v 2.4940 -32.3016 14.2017 0.0865 0.0865 0.0874
v 3.0482 -32.3016 14.0935 0.1097 0.1097 0.1108
v 3.6024 -32.3016 13.9240 0.1437 0.1437 0.1452
v 4.1566 -32.3016 13.6960 0.1784 0.1784 0.1801
v 4.7108 -32.3016 13.4131 0.2102 0.2102 0.2123
v 5.2651 -32.3016 13.0798 0.2395 0.2395 0.2419
v 5.8193 -32.3016 12.7010 0.2666 0.2666 0.2693
v 6.3735 -32.3016 12.2821 0.2918 0.2918 0.2947
v 6.9277 -32.3016 11.8287 0.3151 0.3151 0.3183
v 7.4819 -32.3016 11.3464 0.3367 0.3367 0.3401
v 8.0361 -32.3016 10.8404 0.3567 0.3567 0.3602
v 8.5904 -32.3016 10.3158 0.3750 0.3750 0.3788
v 9.1446 -32.3016 9.7773 0.3918 0.3918 0.3957
v 9.6988 -32.3016 9.2290 0.4069 0.4069 0.4110
v 10.2530 -32.3016 8.6748 0.4204 0.4204 0.4246
v 10.8072 -32.3016 8.1181 0.4323 0.4323 0.4366
v 11.3614 -32.3016 7.5618 0.4425 0.4425 0.4469
v 11.9157 -32.3016 7.0087 0.4512 0.4512 0.4557
v 12.4699 -32.3016 6.4617 0.4584 0.4584 0.4629
v 13.0241 -32.3016 5.9230 0.4641 0.4641 0.4688
v 13.5783 -32.3016 5.3954 0.4687 0.4687 0.4733
v 14.1325 -32.3016 4.8814 0.4720 0.4720 0.4767
v 14.6867 -32.3016 4.3837 0.4743 0.4743 0.4790
v 15.2410 -32.3016 3.9049 0.4756 0.4756 0.4804
v 15.7952 -32.3016 3.4477 0.4761 0.4761 0.4809
v 16.3494 -32.3016 3.0146 0.4757 0.4757 0.4805
v 16.9036 -32.3016 2.6081 0.4745 0.4745 0.4793
v 17.4578 -32.3016 2.2301 0.4725 0.4725 0.4772
v 18.0120 -32.3016 1.8825 0.4696 0.4696 0.4742
v 18.5663 -32.3016 1.5661 0.4657 0.4657 0.4703
v 19.1205 -32.3016 1.2815 0.4609 0.4609 0.4655
v 19.6747 -32.3016 1.0283 0.4552 0.4552 0.4597
v 20.2289 -32.3016 0.8056 0.4488 0.4488 0.4533
v 20.7831 -32.3016 0.6112 0.4421 0.4421 0.4466
v 21.3373 -32.3016 0.4424 0.4357 0.4357 0.4401
v 21.8916 -32.3016 0.2948 0.4309 0.4309 0.4352
v 22.4458 -32.3016 0.1608 0.4357 0.4357 0.4400
v 23.0000 -32.3016 0.0000 0.4414 0.4414 0.4458
v -23.0000 -30.5556 0.0000 0.3058 0.3058 0.3089
v -22.4458 -30.5556 0.0806 0.3104 0.3104 0.3135
v -21.8916 -30.5556 0.1521 0.3060 0.3060 0.3091
v -21.3373 -30.5556 0.2315 0.2957 0.2957 0.2986
v -20.7831 -30.5556 0.3210 0.2838 0.2838 0.2866
v -20.2289 -30.5556 0.4225 0.2705 0.2705 0.2732
v -19.6747 -30.5556 0.5378 0.2560 0.2560 0.2586
v -19.1205 -30.5556 0.6690 0.2401 0.2401 0.2425
v -18.5663 -30.5556 0.8185 0.2228 0.2228 0.2250
v -18.0120 -30.5556 0.9889 0.2039 0.2039 0.2060
v -17.4578 -30.5556 1.1829 0.1836 0.1836 0.1854
v -16.9036 -30.5556 1.4028 0.1618 0.1618 0.1634
v -16.3494 -30.5556 1.6510 0.1385 0.1385 0.1398
v -15.7952 -30.5556 1.9294 0.1134 0.1134 0.1146
v -15.2410 -30.5556 2.2392 0.0908 0.0908 0.0917
v -14.6867 -30.5556 2.5813 0.0786 0.0786 0.0793
v -14.1325 -30.5556 2.9555 0.0768 0.0768 0.0776
v -13.5783 -30.5556 3.3612 0.0768 0.0768 0.0776
v -13.0241 -30.5556 3.7970 0.0768 0.0768 0.0776
v -12.4699 -30.5556 4.2610 0.0768 0.0768 0.0776
v -11.9157 -30.5556 4.7505 0.0768 0.0768 0.0776
v -11.3614 -30.5556 5.2625 0.0768 0.0768 0.0776
v -10.8072 -30.5556 5.7938 0.0768 0.0768 0.0776
v -10.2530 -30.5556 6.3410 0.0768 0.0768 0.0776
v -9.6988 -30.5556 6.9005 0.0768 0.0768 0.0776
v -9.1446 -30.5556 7.4690 0.0768 0.0768 0.0776
v -8.5904 -30.5556 8.0431 0.0768 0.0768 0.0776
v -8.0361 -30.5556 8.6198 0.0768 0.0768 0.0776
v -7.4819 -30.5556 9.1959 0.0768 0.0768 0.0776
v -6.9277 -30.5556 9.7688 0.0768 0.0768 0.0776
v -6.3735 -30.5556 10.3356 0.0768 0.0768 0.0776
v -5.8193 -30.5556 10.8935 0.0768 0.0768 0.0776
v -5.2651 -30.5556 11.4397 0.0768 0.0768 0.0776
v -4.7108 -30.5556 11.9709 0.0768 0.0768 0.0776
v -4.1566 -30.5556 12.4839 0.0768 0.0768 0.0776
v -3.6024 -30.5556 12.9747 0.0768 0.0768 0.0776
v -3.0482 -30.5556 13.4391 0.0768 0.0768 0.0776
v -2.4940 -30.5556 13.8725 0.0768 0.0768 0.0776
v -1.9398 -30.5556 14.2701 0.0768 0.0768 0.0776
v -1.3855 -30.5556 14.6265 0.0768 0.0768 0.0776
v -0.8313 -30.5556 14.9366 0.0768 0.0768 0.0776
v -0.2771 -30.5556 15.1952 0.0768 0.0768 0.0776
v 0.2771 -30.5556 15.3974 0.0768 0.0768 0.0776
v 0.8313 -30.5556 15.5388 0.0768 0.0768 0.0776
v 1.3855 -30.5556 15.6158 0.0768 0.0768 0.0776
v 1.9398 -30.5556 15.6257 0.0890 0.0890 0.0899
v 2.4940 -30.5556 15.5667 0.1153 0.1153 0.1165
v 3.0482 -30.5556 15.4384 0.1539 0.1539 0.1555
v 3.6024 -30.5556 15.2417 0.1935 0.1935 0.1955
v 4.1566 -30.5556 14.9785 0.2291 0.2291 0.2314
v 4.7108 -30.5556 14.6522 0.2608 0.2608 0.2634
v 5.2651 -30.5556 14.2673 0.2892 0.2892 0.2920
v 5.8193 -30.5556 13.8290 0.3144 0.3144 0.3176
v 6.3735 -30.5556 13.3436 0.3371 0.3371 0.3404
v 6.9277 -30.5556 12.8176 0.3575 0.3575 0.3611
v 7.4819 -30.5556 12.2580 0.3761 0.3761 0.3799
v 8.0361 -30.5556 11.6720 0.3931 0.3931 0.3970
v 8.5904 -30.5556 11.0663 0.4086 0.4086 0.4127
v 9.1446 -30.5556 10.4474 0.4229 0.4229 0.4271
v 9.6988 -30.5556 9.8215 0.4359 0.4359 0.4402
v 10.2530 -30.5556 9.1938 0.4476 0.4476 0.4520
v 10.8072 -30.5556 8.5693 0.4580 0.4580 0.4626
v 11.3614 -30.5556 7.9520 0.4670 0.4670 0.4717
v 11.9157 -30.5556 7.3453 0.4747 0.4747 0.4795
v 12.4699 -30.5556 6.7522 0.4810 0.4810 0.4859
v 13.0241 -30.5556 6.1752 0.4860 0.4860 0.4908
v 13.5783 -30.5556 5.6162 0.4895 0.4895 0.4944
v 14.1325 -30.5556 5.0770 0.4918 0.4918 0.4967
v 14.6867 -30.5556 4.5594 0.4928 0.4928 0.4977
v 15.2410 -30.5556 4.0649 0.4926 0.4926 0.4975
v 15.7952 -30.5556 3.5949 0.4914 0.4914 0.4963
v 16.3494 -30.5556 3.1509 0.4892 0.4892 0.4941
v 16.9036 -30.5556 2.7344 0.4862 0.4862 0.4910
v 17.4578 -30.5556 2.3465 0.4823 0.4823 0.4871
v 18.0120 -30.5556 1.9883 0.4776 0.4776 0.4824
v 18.5663 -30.5556 1.6608 0.4722 0.4722 0.4770
v 19.1205 -30.5556 1.3642 0.4662 0.4662 0.4709
v 19.6747 -30.5556 1.0984 0.4596 0.4596 0.4642
v 20.2289 -30.5556 0.8628 0.4526 0.4526 0.4572
v 20.7831 -30.5556 0.6557 0.4456 0.4456 0.4500
v 21.3373 -30.5556 0.4748 0.4390 0.4390 0.4434
v 21.8916 -30.5556 0.3160 0.4341 0.4341 0.4384
v 22.4458 -30.5556 0.1719 0.4393 0.4393 0.4437
v 23.0000 -30.5556 0.0000 0.4451 0.4451 0.4495
v -23.0000 -28.8095 0.0000 0.2950 0.2950 0.2980
v -22.4458 -28.8095 0.0990 0.2998 0.2998 0.3028
v -21.8916 -28.8095 0.1875 0.2963 0.2963 0.2993
v -21.3373 -28.8095 0.2853 0.2855 0.2855 0.2883
v -20.7831 -28.8095 0.3945 0.2731 0.2731 0.2758
v -20.2289 -28.8095 0.5164 0.2594 0.2594 0.2620
v -19.6747 -28.8095 0.6522 0.2447 0.2447 0.2471
v -19.1205 -28.8095 0.8033 0.2286 0.2286 0.2309
v -18.5663 -28.8095 0.9718 0.2111 0.2111 0.2132
v -18.0120 -28.8095 1.1600 0.1921 0.1921 0.1940
v -17.4578 -28.8095 1.3706 0.1715 0.1715 0.1732
v -16.9036 -28.8095 1.6063 0.1491 0.1491 0.1506
v -16.3494 -28.8095 1.8700 0.1250 0.1250 0.1262
v -15.7952 -28.8095 2.1645 0.0991 0.0991 0.1001
v -15.2410 -28.8095 2.4922 0.0827 0.0827 0.0836
v -14.6867 -28.8095 2.8549 0.0768 0.0768 0.0776
v -14.1325 -28.8095 3.2538 0.0768 0.0768 0.0776
v -13.5783 -28.8095 3.6894 0.0768 0.0768 0.0776
v -13.0241 -28.8095 4.1613 0.0768 0.0768 0.0776
v -12.4699 -28.8095 4.6680 0.0768 0.0768 0.0776
v -11.9157 -28.8095 5.2075 0.0768 0.0768 0.0776
v -11.3614 -28.8095 5.7767 0.0768 0.0768 0.0776
v -10.8072 -28.8095 6.3718 0.0768 0.0768 0.0776
v -10.2530 -28.8095 6.9885 0.0768 0.0768 0.0776
v -9.6988 -28.8095 7.6221 0.0768 0.0768 0.0776
v -9.1446 -28.8095 8.2675 0.0768 0.0768 0.0776
v -8.5904 -28.8095 8.9196 0.0768 0.0768 0.0776
v -8.0361 -28.8095 9.5734 0.0768 0.0768 0.0776
v -7.4819 -28.8095 10.2239 0.0768 0.0768 0.0776
v -6.9277 -28.8095 10.8663 0.0768 0.0768 0.0776
v -6.3735 -28.8095 11.4964 0.0768 0.0768 0.0776
v -5.8193 -28.8095 12.1098 0.0768 0.0768 0.0776
v -5.2651 -28.8095 12.7028 0.0768 0.0768 0.0776
v -4.7108 -28.8095 13.2716 0.0768 0.0768 0.0776
v -4.1566 -28.8095 13.8126 0.0768 0.0768 0.0776
v -3.6024 -28.8095 14.3222 0.0768 0.0768 0.0776
v -3.0482 -28.8095 14.7968 0.0768 0.0768 0.0776
v -2.4940 -28.8095 15.2327 0.0768 0.0768 0.0776
v -1.9398 -28.8095 15.6259 0.0768 0.0768 0.0776
v -1.3855 -28.8095 15.9725 0.0768 0.0768 0.0776
v -0.8313 -28.8095 16.2683 0.0768 0.0768 0.0776
v -0.2771 -28.8095 16.5091 0.0768 0.0768 0.0776
v 0.2771 -28.8095 16.6909 0.0768 0.0768 0.0776
v 0.8313 -28.8095 16.8098 0.0768 0.0768 0.0776
v 1.3855 -28.8095 16.8626 0.0930 0.0930 0.0939
v 1.9398 -28.8095 16.8463 0.1240 0.1240 0.1252
v 2.4940 -28.8095 16.7592 0.1688 0.1688 0.1705
v 3.0482 -28.8095 16.6003 0.2138 0.2138 0.2159
v 3.6024 -28.8095 16.3697 0.2538 0.2538 0.2563
v 4.1566 -28.8095 16.0689 0.2886 0.2886 0.2915
v 4.7108 -28.8095 15.7006 0.3185 0.3185 0.3217
v 5.2651 -28.8095 15.2685 0.3440 0.3440 0.3474
v 5.8193 -28.8095 14.7779 0.3657 0.3657 0.3693
v 6.3735 -28.8095 14.2349 0.3843 0.3843 0.3881
v 6.9277 -28.8095 13.6464 0.4004 0.4004 0.4044
v 7.4819 -28.8095 13.0200 0.4148 0.4148 0.4189
v 8.0361 -28.8095 12.3638 0.4277 0.4277 0.4320
v 8.5904 -28.8095 11.6859 0.4395 0.4395 0.4439
v 9.1446 -28.8095 10.9943 0.4503 0.4503 0.4548
v 9.6988 -28.8095 10.2966 0.4603 0.4603 0.4650
v 10.2530 -28.8095 9.5999 0.4696 0.4696 0.4743
v 10.8072 -28.8095 8.9106 0.4780 0.4780 0.4828
v 11.3614 -28.8095 8.2340 0.4856 0.4856 0.4905
v 11.9157 -28.8095 7.5748 0.4922 0.4922 0.4971
v 12.4699 -28.8095 6.9368 0.4977 0.4977 0.5027
v 13.0241 -28.8095 6.3226 0.5021 0.5021 0.5071
v 13.5783 -28.8095 5.7345 0.5051 0.5051 0.5102
v 14.1325 -28.8095 5.1738 0.5069 0.5069 0.5119
v 14.6867 -28.8095 4.6415 0.5073 0.5073 0.5123
v 15.2410 -28.8095 4.1380 0.5063 0.5063 0.5114
v 15.7952 -28.8095 3.6636 0.5041 0.5041 0.5092
v 16.3494 -28.8095 3.2185 0.5008 0.5008 0.5058
v 16.9036 -28.8095 2.8027 0.4963 0.4963 0.5013
v 17.4578 -28.8095 2.4162 0.4910 0.4910 0.4959
v 18.0120 -28.8095 2.0589 0.4849 0.4849 0.4898
v 18.5663 -28.8095 1.7310 0.4782 0.4782 0.4830
v 19.1205 -28.8095 1.4320 0.4711 0.4711 0.4758
v 19.6747 -28.8095 1.1618 0.4637 0.4637 0.4683
v 20.2289 -28.8095 0.9194 0.4562 0.4562 0.4608
v 20.7831 -28.8095 0.7037 0.4490 0.4490 0.4535
v 21.3373 -28.8095 0.5127 0.4425 0.4425 0.4470
v 21.8916 -28.8095 0.3428 0.4380 0.4380 0.4423
v 22.4458 -28.8095 0.1870 0.4439 0.4439 0.4484
v 23.0000 -28.8095 0.0000 0.4500 0.4500 0.4545
v -23.0000 -27.0635 0.0000 0.2875 0.2875 0.2904
v -22.4458 -27.0635 0.1124 0.2923 0.2923 0.2952
v -21.8916 -27.0635 0.2135 0.2896 0.2896 0.2925
v -21.3373 -27.0635 0.3261 0.2784 0.2784 0.2812
v -20.7831 -27.0635 0.4523 0.2654 0.2654 0.2681
v -20.2289 -27.0635 0.5932 0.2512 0.2512 0.2537
v -19.6747 -27.0635 0.7495 0.2358 0.2358 0.2382
v -19.1205 -27.0635 0.9222 0.2191 0.2191 0.2213
v -18.5663 -27.0635 1.1127 0.2011 0.2011 0.2031
v -18.0120 -27.0635 1.3228 0.1814 0.1814 0.1832
v -17.4578 -27.0635 1.5546 0.1600 0.1600 0.1616
v -16.9036 -27.0635 1.8110 0.1368 0.1368 0.1382
v -16.3494 -27.0635 2.0948 0.1112 0.1112 0.1123
v -15.7952 -27.0635 2.4090 0.0896 0.0896 0.0905
v -15.2410 -27.0635 2.7567 0.0774 0.0774 0.0782
v -14.6867 -27.0635 3.1405 0.0768 0.0768 0.0776
v -14.1325 -27.0635 3.5627 0.0768 0.0768 0.0776
v -13.5783 -27.0635 4.0248 0.0768 0.0768 0.0776
v -13.0241 -27.0635 4.5275 0.0768 0.0768 0.0776
v -12.4699 -27.0635 5.0704 0.0768 0.0768 0.0776
v -11.9157 -27.0635 5.6524 0.0768 0.0768 0.0776
v -11.3614 -27.0635 6.2707 0.0768 0.0768 0.0776
v -10.8072 -27.0635 6.9218 0.0768 0.0768 0.0776
v -10.2530 -27.0635 7.6012 0.0768 0.0768 0.0776
v -9.6988 -27.0635 8.3034 0.0768 0.0768 0.0776
v -9.1446 -27.0635 9.0222 0.0768 0.0768 0.0776
v -8.5904 -27.0635 9.7511 0.0768 0.0768 0.0776
v -8.0361 -27.0635 10.4829 0.0768 0.0768 0.0776
v -7.4819 -27.0635 11.2107 0.0768 0.0768 0.0776
v -6.9277 -27.0635 11.9276 0.0768 0.0768 0.0776
v -6.3735 -27.0635 12.6270 0.0768 0.0768 0.0776
v -5.8193 -27.0635 13.3026 0.0768 0.0768 0.0776
v -5.2651 -27.0635 13.9487 0.0768 0.0768 0.0776
v -4.7108 -27.0635 14.5602 0.0768 0.0768 0.0776
v -4.1566 -27.0635 15.1324 0.0768 0.0768 0.0776
v -3.6024 -27.0635 15.6613 0.0768 0.0768 0.0776
v -3.0482 -27.0635 16.1432 0.0768 0.0768 0.0776
v -2.4940 -27.0635 16.5749 0.0768 0.0768 0.0776
v -1.9398 -27.0635 16.9533 0.0768 0.0768 0.0776
v -1.3855 -27.0635 17.2757 0.0768 0.0768 0.0776
v -0.8313 -27.0635 17.5395 0.0768 0.0768 0.0776
v -0.2771 -27.0635 17.7420 0.0768 0.0768 0.0776
v 0.2771 -27.0635 17.8809 0.0792 0.0792 0.0800
v 0.8313 -27.0635 17.9540 0.0977 0.0977 0.0987
v 1.3855 -27.0635 17.9592 0.1346 0.1346 0.1360
v 1.9398 -27.0635 17.8950 0.1865 0.1865 0.1884
v 2.4940 -27.0635 17.7602 0.2364 0.2364 0.2387
v 3.0482 -27.0635 17.5542 0.2808 0.2808 0.2836
v 3.6024 -27.0635 17.2774 0.3192 0.3192 0.3224
v 4.1566 -27.0635 16.9310 0.3514 0.3514 0.3549
v 4.7108 -27.0635 16.5173 0.3778 0.3778 0.3815
v 5.2651 -27.0635 16.0396 0.3990 0.3990 0.4030
v 5.8193 -27.0635 15.5024 0.4162 0.4162 0.4203
v 6.3735 -27.0635 14.9113 0.4301 0.4301 0.4344
v 6.9277 -27.0635 14.2729 0.4416 0.4416 0.4460
v 7.4819 -27.0635 13.5946 0.4514 0.4514 0.4559
v 8.0361 -27.0635 12.8843 0.4599 0.4599 0.4645
v 8.5904 -27.0635 12.1507 0.4676 0.4676 0.4723
v 9.1446 -27.0635 11.4022 0.4747 0.4747 0.4794
v 9.6988 -27.0635 10.6475 0.4813 0.4813 0.4862
v 10.2530 -27.0635 9.8947 0.4877 0.4877 0.4925
v 10.8072 -27.0635 9.1513 0.4937 0.4937 0.4986
v 11.3614 -27.0635 8.4241 0.4993 0.4993 0.5043
v 11.9157 -27.0635 7.7189 0.5044 0.5044 0.5094
v 12.4699 -27.0635 7.0404 0.5088 0.5088 0.5139
v 13.0241 -27.0635 6.3924 0.5125 0.5125 0.5176
v 13.5783 -27.0635 5.7773 0.5151 0.5151 0.5203
v 14.1325 -27.0635 5.1968 0.5166 0.5166 0.5218
v 14.6867 -27.0635 4.6516 0.5168 0.5168 0.5220
v 15.2410 -27.0635 4.1416 0.5156 0.5156 0.5208
v 15.7952 -27.0635 3.6663 0.5131 0.5131 0.5182
v 16.3494 -27.0635 3.2246 0.5092 0.5092 0.5143
v 16.9036 -27.0635 2.8153 0.5041 0.5041 0.5091
v 17.4578 -27.0635 2.4371 0.4979 0.4979 0.5029
v 18.0120 -27.0635 2.0885 0.4909 0.4909 0.4958
v 18.5663 -27.0635 1.7683 0.4833 0.4833 0.4882
v 19.1205 -27.0635 1.4753 0.4755 0.4755 0.4802
v 19.6747 -27.0635 1.2083 0.4675 0.4675 0.4722
v 20.2289 -27.0635 0.9661 0.4598 0.4598 0.4643
v 20.7831 -27.0635 0.7474 0.4525 0.4525 0.4570
v 21.3373 -27.0635 0.5501 0.4463 0.4463 0.4507
v 21.8916 -27.0635 0.3713 0.4422 0.4422 0.4466
v 22.4458 -27.0635 0.2041 0.4491 0.4491 0.4535
v 23.0000 -27.0635 0.0000 0.4558 0.4558 0.4603
v -23.0000 -25.3175 0.0000 0.2829 0.2829 0.2857
v -22.4458 -25.3175 0.1208 0.2880 0.2880 0.2908
v -21.8916 -25.3175 0.2292 0.2863 0.2863 0.2891
v -21.3373 -25.3175 0.3509 0.2749 0.2749 0.2776
v -20.7831 -25.3175 0.4889 0.2614 0.2614 0.2640
v -20.2289 -25.3175 0.6444 0.2464 0.2464 0.2489
v -19.6747 -25.3175 0.8184 0.2300 0.2300 0.2323
v -19.1205 -25.3175 1.0115 0.2122 0.2122 0.2143
v -18.5663 -25.3175 1.2248 0.1929 0.1929 0.1948
v -18.0120 -25.3175 1.4595 0.1719 0.1719 0.1737
v -17.4578 -25.3175 1.7174 0.1492 0.1492 0.1506
v -16.9036 -25.3175 2.0005 0.1243 0.1243 0.1255
v -16.3494 -25.3175 2.3112 0.0982 0.0982 0.0992
v -15.7952 -25.3175 2.6524 0.0819 0.0819 0.0827
v -15.2410 -25.3175 3.0269 0.0768 0.0768 0.0776
v -14.6867 -25.3175 3.4376 0.0768 0.0768 0.0776
v -14.1325 -25.3175 3.8872 0.0768 0.0768 0.0776
v -13.5783 -25.3175 4.3778 0.0768 0.0768 0.0776
v -13.0241 -25.3175 4.9110 0.0768 0.0768 0.0776
v -12.4699 -25.3175 5.4873 0.0768 0.0768 0.0776
v -11.9157 -25.3175 6.1062 0.0768 0.0768 0.0776
v -11.3614 -25.3175 6.7660 0.0768 0.0768 0.0776
v -10.8072 -25.3175 7.4639 0.0768 0.0768 0.0776
v -10.2530 -25.3175 8.1956 0.0768 0.0768 0.0776
v -9.6988 -25.3175 8.9555 0.0768 0.0768 0.0776
v -9.1446 -25.3175 9.7371 0.0768 0.0768 0.0776
v -8.5904 -25.3175 10.5328 0.0768 0.0768 0.0776
v -8.0361 -25.3175 11.3345 0.0768 0.0768 0.0776
v -7.4819 -25.3175 12.1335 0.0768 0.0768 0.0776
v -6.9277 -25.3175 12.9207 0.0768 0.0768 0.0776
v -6.3735 -25.3175 13.6875 0.0768 0.0768 0.0776
v -5.8193 -25.3175 14.4254 0.0768 0.0768 0.0776
v -5.2651 -25.3175 15.1263 0.0768 0.0768 0.0776
v -4.7108 -25.3175 15.7832 0.0768 0.0768 0.0776
v -4.1566 -25.3175 16.3897 0.0768 0.0768 0.0776
v -3.6024 -25.3175 16.9403 0.0768 0.0768 0.0776
v -3.0482 -25.3175 17.4307 0.0768 0.0768 0.0776
v -2.4940 -25.3175 17.8573 0.0768 0.0768 0.0776
v -1.9398 -25.3175 18.2174 0.0768 0.0768 0.0776
v -1.3855 -25.3175 18.5090 0.0768 0.0768 0.0776
v -0.8313 -25.3175 18.7307 0.0768 0.0768 0.0776
v -0.2771 -25.3175 18.8819 0.0810 0.0810 0.0818
v 0.2771 -25.3175 18.9620 0.1047 0.1047 0.1058
v 0.8313 -25.3175 18.9711 0.1480 0.1480 0.1494
v 1.3855 -25.3175 18.9091 0.2044 0.2044 0.2064
v 1.9398 -25.3175 18.7766 0.2578 0.2578 0.2604
v 2.4940 -25.3175 18.5742 0.3056 0.3056 0.3087
v 3.0482 -25.3175 18.3031 0.3469 0.3469 0.3504
v 3.6024 -25.3175 17.9645 0.3813 0.3813 0.3851
v 4.1566 -25.3175 17.5604 0.4091 0.4091 0.4132
v 4.7108 -25.3175 17.0934 0.4310 0.4310 0.4353
v 5.2651 -25.3175 16.5668 0.4479 0.4479 0.4524
v 5.8193 -25.3175 15.9847 0.4608 0.4608 0.4654
v 6.3735 -25.3175 15.3519 0.4707 0.4707 0.4754
v 6.9277 -25.3175 14.6743 0.4782 0.4782 0.4830
v 7.4819 -25.3175 13.9585 0.4841 0.4841 0.4890
v 8.0361 -25.3175 13.2117 0.4889 0.4889 0.4938
v 8.5904 -25.3175 12.4418 0.4930 0.4930 0.4979
v 9.1446 -25.3175 11.6571 0.4966 0.4966 0.5016
v 9.6988 -25.3175 10.8659 0.5000 0.5000 0.5050
v 10.2530 -25.3175 10.0766 0.5033 0.5033 0.5084
v 10.8072 -25.3175 9.2972 0.5066 0.5066 0.5117
v 11.3614 -25.3175 8.5349 0.5098 0.5098 0.5149
v 11.9157 -25.3175 7.7965 0.5130 0.5130 0.5181
v 12.4699 -25.3175 7.0876 0.5159 0.5159 0.5210
v 13.0241 -25.3175 6.4127 0.5184 0.5184 0.5236
v 13.5783 -25.3175 5.7751 0.5203 0.5203 0.5255
v 14.1325 -25.3175 5.1772 0.5214 0.5214 0.5266
v 14.6867 -25.3175 4.6199 0.5215 0.5215 0.5267
v 15.2410 -25.3175 4.1033 0.5203 0.5203 0.5255
v 15.7952 -25.3175 3.6264 0.5178 0.5178 0.5229
v 16.3494 -25.3175 3.1879 0.5138 0.5138 0.5190
v 16.9036 -25.3175 2.7855 0.5086 0.5086 0.5137
v 17.4578 -25.3175 2.4168 0.5023 0.5023 0.5073
v 18.0120 -25.3175 2.0794 0.4950 0.4950 0.5000
v 18.5663 -25.3175 1.7707 0.4871 0.4871 0.4920
v 19.1205 -25.3175 1.4883 0.4790 0.4790 0.4837
v 19.6747 -25.3175 1.2300 0.4708 0.4708 0.4755
v 20.2289 -25.3175 0.9936 0.4630 0.4630 0.4676
v 20.7831 -25.3175 0.7774 0.4558 0.4558 0.4604
v 21.3373 -25.3175 0.5791 0.4499 0.4499 0.4544
v 21.8916 -25.3175 0.3954 0.4462 0.4462 0.4506
v 22.4458 -25.3175 0.2197 0.4538 0.4538 0.4584
v 23.0000 -25.3175 0.0000 0.4613 0.4613 0.4659
v -23.0000 -23.5714 0.0000 0.2799 0.2799 0.2827
v -22.4458 -23.5714 0.1258 0.2859 0.2859 0.2887
v -21.8916 -23.5714 0.2367 0.2857 0.2857 0.2885
v -21.3373 -23.5714 0.3616 0.2745 0.2745 0.2772
v -20.7831 -23.5714 0.5049 0.2606 0.2606 0.2632
v -20.2289 -23.5714 0.6688 0.2448 0.2448 0.2472
v -19.6747 -23.5714 0.8550 0.2271 0.2271 0.2294
v -19.1205 -23.5714 1.0645 0.2077 0.2077 0.2098
v -18.5663 -23.5714 1.2984 0.1866 0.1866 0.1884
v -18.0120 -23.5714 1.5578 0.1636 0.1636 0.1653
v -17.4578 -23.5714 1.8439 0.1388 0.1388 0.1401
v -16.9036 -23.5714 2.1582 0.1113 0.1113 0.1125
v -16.3494 -23.5714 2.5025 0.0896 0.0896 0.0905
v -15.7952 -23.5714 2.8787 0.0775 0.0775 0.0783
v -15.2410 -23.5714 3.2890 0.0768 0.0768 0.0776
v -14.6867 -23.5714 3.7358 0.0768 0.0768 0.0776
v -14.1325 -23.5714 4.2213 0.0768 0.0768 0.0776
v -13.5783 -23.5714 4.7475 0.0768 0.0768 0.0776
v -13.0241 -23.5714 5.3160 0.0768 0.0768 0.0776
v -12.4699 -23.5714 5.9278 0.0768 0.0768 0.0776
v -11.9157 -23.5714 6.5829 0.0768 0.0768 0.0776
v -11.3614 -23.5714 7.2801 0.0768 0.0768 0.0776
v -10.8072 -23.5714 8.0173 0.0768 0.0768 0.0776
v -10.2530 -23.5714 8.7908 0.0768 0.0768 0.0776
v -9.6988 -23.5714 9.5957 0.0768 0.0768 0.0776
v -9.1446 -23.5714 10.4255 0.0768 0.0768 0.0776
v -8.5904 -23.5714 11.2726 0.0768 0.0768 0.0776
v -8.0361 -23.5714 12.1284 0.0768 0.0768 0.0776
v -7.4819 -23.5714 12.9834 0.0768 0.0768 0.0776
v -6.9277 -23.5714 13.8273 0.0768 0.0768 0.0776
v -6.3735 -23.5714 14.6499 0.0768 0.0768 0.0776
v -5.8193 -23.5714 15.4409 0.0768 0.0768 0.0776
v -5.2651 -23.5714 16.1902 0.0768 0.0768 0.0776
v -4.7108 -23.5714 16.8886 0.0768 0.0768 0.0776
v -4.1566 -23.5714 17.5279 0.0768 0.0768 0.0776
v -3.6024 -23.5714 18.1007 0.0768 0.0768 0.0776
v -3.0482 -23.5714 18.6012 0.0768 0.0768 0.0776
v -2.4940 -23.5714 19.0249 0.0768 0.0768 0.0776
v -1.9398 -23.5714 19.3685 0.0768 0.0768 0.0776
v -1.3855 -23.5714 19.6301 0.0768 0.0768 0.0776
v -0.8313 -23.5714 19.8091 0.0828 0.0828 0.0836
v -0.2771 -23.5714 19.9058 0.1114 0.1114 0.1125
v 0.2771 -23.5714 19.9215 0.1592 0.1592 0.1608
v 0.8313 -23.5714 19.8583 0.2203 0.2203 0.2225
v 1.3855 -23.5714 19.7186 0.2761 0.2761 0.2788
v 1.9398 -23.5714 19.5054 0.3254 0.3254 0.3287
v 2.4940 -23.5714 19.2217 0.3678 0.3678 0.3715
v 3.0482 -23.5714 18.8711 0.4031 0.4031 0.4071
v 3.6024 -23.5714 18.4569 0.4317 0.4317 0.4360
v 4.1566 -23.5714 17.9829 0.4543 0.4543 0.4588
v 4.7108 -23.5714 17.4527 0.4718 0.4718 0.4765
v 5.2651 -23.5714 16.8704 0.4851 0.4851 0.4900
v 5.8193 -23.5714 16.2404 0.4950 0.4950 0.4999
v 6.3735 -23.5714 15.5673 0.5022 0.5022 0.5072
v 6.9277 -23.5714 14.8564 0.5073 0.5073 0.5124
v 7.4819 -23.5714 14.1132 0.5108 0.5108 0.5159
v 8.0361 -23.5714 13.3439 0.5132 0.5132 0.5184
v 8.5904 -23.5714 12.5552 0.5148 0.5148 0.5200
v 9.1446 -23.5714 11.7540 0.5159 0.5159 0.5211
v 9.6988 -23.5714 10.9478 0.5167 0.5167 0.5219
v 10.2530 -23.5714 10.1440 0.5175 0.5175 0.5226
v 10.8072 -23.5714 9.3499 0.5182 0.5182 0.5234
v 11.3614 -23.5714 8.5726 0.5190 0.5190 0.5242
v 11.9157 -23.5714 7.8188 0.5200 0.5200 0.5252
v 12.4699 -23.5714 7.0944 0.5209 0.5209 0.5261
v 13.0241 -23.5714 6.4044 0.5218 0.5218 0.5271
v 13.5783 -23.5714 5.7527 0.5225 0.5225 0.5278
v 14.1325 -23.5714 5.1425 0.5228 0.5228 0.5280
v 14.6867 -23.5714 4.5752 0.5224 0.5224 0.5276
v 15.2410 -23.5714 4.0517 0.5210 0.5210 0.5262
v 15.7952 -23.5714 3.5713 0.5186 0.5186 0.5238
v 16.3494 -23.5714 3.1326 0.5149 0.5149 0.5201
v 16.9036 -23.5714 2.7335 0.5100 0.5100 0.5151
v 17.4578 -23.5714 2.3712 0.5040 0.5040 0.5090
v 18.0120 -23.5714 2.0424 0.4969 0.4969 0.5019
v 18.5663 -23.5714 1.7438 0.4893 0.4893 0.4941
v 19.1205 -23.5714 1.4721 0.4812 0.4812 0.4861
v 19.6747 -23.5714 1.2239 0.4732 0.4732 0.4780
v 20.2289 -23.5714 0.9965 0.4656 0.4656 0.4702
v 20.7831 -23.5714 0.7868 0.4586 0.4586 0.4632
v 21.3373 -23.5714 0.5921 0.4528 0.4528 0.4573
v 21.8916 -23.5714 0.4088 0.4493 0.4493 0.4538
v 22.4458 -23.5714 0.2297 0.4573 0.4573 0.4618
v 23.0000 -23.5714 0.0000 0.4655 0.4655 0.4702
v -23.0000 -21.8254 0.0000 0.2772 0.2772 0.2799
v -22.4458 -21.8254 0.1296 0.2847 0.2847 0.2875
v -21.8916 -21.8254 0.2401 0.2865 0.2865 0.2894
v -21.3373 -21.8254 0.3638 0.2759 0.2759 0.2787
v -20.7831 -21.8254 0.5068 0.2619 0.2619 0.2645
v -20.2289 -21.8254 0.6729 0.2453 0.2453 0.2477
v -19.6747 -21.8254 0.8647 0.2262 0.2262 0.2285
v -19.1205 -21.8254 1.0845 0.2050 0.2050 0.2070
v -18.5663 -21.8254 1.3340 0.1817 0.1817 0.1835
v -18.0120 -21.8254 1.6146 0.1563 0.1563 0.1579
v -17.4578 -21.8254 1.9276 0.1289 0.1289 0.1301
v -16.9036 -21.8254 2.2741 0.0998 0.0998 0.1008
v -16.3494 -21.8254 2.6552 0.0823 0.0823 0.0831
v -15.7952 -21.8254 3.0720 0.0768 0.0768 0.0776
v -15.2410 -21.8254 3.5257 0.0768 0.0768 0.0776
v -14.6867 -21.8254 4.0174 0.0768 0.0768 0.0776
v -14.1325 -21.8254 4.5483 0.0768 0.0768 0.0776
v -13.5783 -21.8254 5.1196 0.0768 0.0768 0.0776
v -13.0241 -21.8254 5.7319 0.0768 0.0768 0.0776
v -12.4699 -21.8254 6.3858 0.0768 0.0768 0.0776
v -11.9157 -21.8254 7.0809 0.0768 0.0768 0.0776
v -11.3614 -21.8254 7.8162 0.0768 0.0768 0.0776
v -10.8072 -21.8254 8.5897 0.0768 0.0768 0.0776
v -10.2530 -21.8254 9.3982 0.0768 0.0768 0.0776
v -9.6988 -21.8254 10.2372 0.0768 0.0768 0.0776
v -9.1446 -21.8254 11.1010 0.0768 0.0768 0.0776
v -8.5904 -21.8254 11.9824 0.0768 0.0768 0.0776
v -8.0361 -21.8254 12.8732 0.0768 0.0768 0.0776
v -7.4819 -21.8254 13.7637 0.0768 0.0768 0.0776
v -6.9277 -21.8254 14.6438 0.0768 0.0768 0.0776
v -6.3735 -21.8254 15.5025 0.0768 0.0768 0.0776
v -5.8193 -21.8254 16.3285 0.0768 0.0768 0.0776
v -5.2651 -21.8254 17.1106 0.0768 0.0768 0.0776
v -4.7108 -21.8254 17.8383 0.0768 0.0768 0.0776
v -4.1566 -21.8254 18.5015 0.0768 0.0768 0.0776
v -3.6024 -21.8254 19.0912 0.0768 0.0768 0.0776
v -3.0482 -21.8254 19.6001 0.0768 0.0768 0.0776
v -2.4940 -21.8254 20.0220 0.0768 0.0768 0.0776
v -1.9398 -21.8254 20.3527 0.0768 0.0768 0.0776
v -1.3855 -21.8254 20.5897 0.0837 0.0837 0.0845
v -0.8313 -21.8254 20.7320 0.1156 0.1156 0.1167
v -0.2771 -21.8254 20.7803 0.1680 0.1680 0.1697
v 0.2771 -21.8254 20.7368 0.2333 0.2333 0.2356
v 0.8313 -21.8254 20.6050 0.2911 0.2911 0.2940
v 1.3855 -21.8254 20.3892 0.3410 0.3410 0.3444
v 1.9398 -21.8254 20.0946 0.3828 0.3828 0.3866
v 2.4940 -21.8254 19.7269 0.4171 0.4171 0.4212
v 3.0482 -21.8254 19.2920 0.4447 0.4447 0.4492
v 3.6024 -21.8254 18.7958 0.4668 0.4668 0.4715
v 4.1566 -21.8254 18.2445 0.4844 0.4844 0.4892
v 4.7108 -21.8254 17.6437 0.4981 0.4981 0.5031
v 5.2651 -21.8254 16.9992 0.5087 0.5087 0.5138
v 5.8193 -21.8254 16.3163 0.5168 0.5168 0.5219
v 6.3735 -21.8254 15.6002 0.5227 0.5227 0.5279
v 6.9277 -21.8254 14.8562 0.5268 0.5268 0.5321
v 7.4819 -21.8254 14.0894 0.5295 0.5295 0.5348
v 8.0361 -21.8254 13.3050 0.5310 0.5310 0.5363
v 8.5904 -21.8254 12.5084 0.5316 0.5316 0.5369
v 9.1446 -21.8254 11.7050 0.5314 0.5314 0.5368
v 9.6988 -21.8254 10.9005 0.5308 0.5308 0.5361
v 10.2530 -21.8254 10.1009 0.5299 0.5299 0.5352
v 10.8072 -21.8254 9.3119 0.5288 0.5288 0.5340
v 11.3614 -21.8254 8.5395 0.5276 0.5276 0.5329
v 11.9157 -21.8254 7.7893 0.5265 0.5265 0.5318
v 12.4699 -21.8254 7.0667 0.5255 0.5255 0.5308
v 13.0241 -21.8254 6.3764 0.5246 0.5246 0.5298
v 13.5783 -21.8254 5.7226 0.5237 0.5237 0.5289
v 14.1325 -21.8254 5.1086 0.5226 0.5226 0.5279
v 14.6867 -21.8254 4.5366 0.5213 0.5213 0.5265
v 15.2410 -21.8254 4.0081 0.5195 0.5195 0.5247
v 15.7952 -21.8254 3.5232 0.5169 0.5169 0.5221
v 16.3494 -21.8254 3.0814 0.5134 0.5134 0.5186
v 16.9036 -21.8254 2.6808 0.5090 0.5090 0.5140
v 17.4578 -21.8254 2.3191 0.5034 0.5034 0.5085
v 18.0120 -21.8254 1.9932 0.4970 0.4970 0.5020
v 18.5663 -21.8254 1.6996 0.4899 0.4899 0.4948
v 19.1205 -21.8254 1.4345 0.4823 0.4823 0.4871
v 19.6747 -21.8254 1.1943 0.4746 0.4746 0.4794
v 20.2289 -21.8254 0.9751 0.4672 0.4672 0.4718
v 20.7831 -21.8254 0.7734 0.4603 0.4603 0.4649
v 21.3373 -21.8254 0.5855 0.4545 0.4545 0.4591
v 21.8916 -21.8254 0.4072 0.4510 0.4510 0.4555
v 22.4458 -21.8254 0.2307 0.4586 0.4586 0.4632
v 23.0000 -21.8254 0.0000 0.4674 0.4674 0.4720
v -23.0000 -20.0794 0.0000 0.2739 0.2739 0.2766
v -22.4458 -20.0794 0.1340 0.2832 0.2832 0.2861
v -21.8916 -20.0794 0.2435 0.2873 0.2873 0.2902
v -21.3373 -20.0794 0.3643 0.2775 0.2775 0.2803
v -20.7831 -20.0794 0.5040 0.2636 0.2636 0.2662
v -20.2289 -20.0794 0.6678 0.2463 0.2463 0.2488
v -19.6747 -20.0794 0.8600 0.2260 0.2260 0.2283
v -19.1205 -20.0794 1.0840 0.2029 0.2029 0.2050
v -18.5663 -20.0794 1.3429 0.1774 0.1774 0.1792
v -18.0120 -20.0794 1.6389 0.1496 0.1496 0.1510
v -17.4578 -20.0794 1.9739 0.1193 0.1193 0.1205
v -16.9036 -20.0794 2.3491 0.0922 0.0922 0.0932
v -16.3494 -20.0794 2.7654 0.0779 0.0779 0.0787
v -15.7952 -20.0794 3.2233 0.0768 0.0768 0.0776
v -15.2410 -20.0794 3.7230 0.0768 0.0768 0.0776
v -14.6867 -20.0794 4.2644 0.0768 0.0768 0.0776
v -14.1325 -20.0794 4.8473 0.0768 0.0768 0.0776
v -13.5783 -20.0794 5.4713 0.0768 0.0768 0.0776
v -13.0241 -20.0794 6.1356 0.0768 0.0768 0.0776
v -12.4699 -20.0794 6.8393 0.0768 0.0768 0.0776
v -11.9157 -20.0794 7.5809 0.0768 0.0768 0.0776
v -11.3614 -20.0794 8.3587 0.0768 0.0768 0.0776
v -10.8072 -20.0794 9.1700 0.0768 0.0768 0.0776
v -10.2530 -20.0794 10.0114 0.0768 0.0768 0.0776
v -9.6988 -20.0794 10.8788 0.0768 0.0768 0.0776
v -9.1446 -20.0794 11.7665 0.0768 0.0768 0.0776
v -8.5904 -20.0794 12.6683 0.0768 0.0768 0.0776
v -8.0361 -20.0794 13.5765 0.0768 0.0768 0.0776
v -7.4819 -20.0794 14.4823 0.0768 0.0768 0.0776
v -6.9277 -20.0794 15.3762 0.0768 0.0768 0.0776
v -6.3735 -20.0794 16.2475 0.0768 0.0768 0.0776
v -5.8193 -20.0794 17.0854 0.0768 0.0768 0.0776
v -5.2651 -20.0794 17.8785 0.0768 0.0768 0.0776
v -4.7108 -20.0794 18.6159 0.0768 0.0768 0.0776
v -4.1566 -20.0794 19.2867 0.0768 0.0768 0.0776
v -3.6024 -20.0794 19.8811 0.0768 0.0768 0.0776
v -3.0482 -20.0794 20.3905 0.0768 0.0768 0.0776
v -2.4940 -20.0794 20.8076 0.0768 0.0768 0.0776
v -1.9398 -20.0794 21.1267 0.0827 0.0827 0.0836
v -1.3855 -20.0794 21.3444 0.1152 0.1152 0.1164
v -0.8313 -20.0794 21.4587 0.1718 0.1718 0.1735
v -0.2771 -20.0794 21.4699 0.2418 0.2418 0.2442
v 0.2771 -20.0794 21.3802 0.3033 0.3033 0.3064
v 0.8313 -20.0794 21.1933 0.3547 0.3547 0.3583
v 1.3855 -20.0794 20.9145 0.3959 0.3959 0.3999
v 1.9398 -20.0794 20.5504 0.4281 0.4281 0.4324
v 2.4940 -20.0794 20.1085 0.4532 0.4532 0.4578
v 3.0482 -20.0794 19.5966 0.4730 0.4730 0.4777
v 3.6024 -20.0794 19.0234 0.4887 0.4887 0.4936
v 4.1566 -20.0794 18.3969 0.5014 0.5014 0.5064
v 4.7108 -20.0794 17.7255 0.5118 0.5118 0.5169
v 5.2651 -20.0794 17.0168 0.5202 0.5202 0.5254
v 5.8193 -20.0794 16.2780 0.5270 0.5270 0.5322
v 6.3735 -20.0794 15.5158 0.5323 0.5323 0.5376
v 6.9277 -20.0794 14.7359 0.5363 0.5363 0.5417
v 7.4819 -20.0794 13.9440 0.5392 0.5392 0.5446
v 8.0361 -20.0794 13.1449 0.5409 0.5409 0.5463
v 8.5904 -20.0794 12.3432 0.5417 0.5417 0.5471
v 9.1446 -20.0794 11.5430 0.5416 0.5416 0.5471
v 9.6988 -20.0794 10.7486 0.5408 0.5408 0.5462
v 10.2530 -20.0794 9.9640 0.5394 0.5394 0.5448
v 10.8072 -20.0794 9.1931 0.5375 0.5375 0.5428
v 11.3614 -20.0794 8.4401 0.5352 0.5352 0.5406
v 11.9157 -20.0794 7.7089 0.5328 0.5328 0.5381
v 12.4699 -20.0794 7.0034 0.5303 0.5303 0.5356
v 13.0241 -20.0794 6.3274 0.5278 0.5278 0.5330
v 13.5783 -20.0794 5.6843 0.5253 0.5253 0.5305
v 14.1325 -20.0794 5.0773 0.5228 0.5228 0.5280
v 14.6867 -20.0794 4.5086 0.5203 0.5203 0.5255
v 15.2410 -20.0794 3.9802 0.5176 0.5176 0.5228
v 15.7952 -20.0794 3.4930 0.5146 0.5146 0.5197
v 16.3494 -20.0794 3.0472 0.5110 0.5110 0.5161
v 16.9036 -20.0794 2.6421 0.5068 0.5068 0.5119
v 17.4578 -20.0794 2.2762 0.5018 0.5018 0.5068
v 18.0120 -20.0794 1.9471 0.4960 0.4960 0.5009
v 18.5663 -20.0794 1.6521 0.4895 0.4895 0.4944
v 19.1205 -20.0794 1.3877 0.4824 0.4824 0.4873
v 19.6747 -20.0794 1.1503 0.4751 0.4751 0.4799
v 20.2289 -20.0794 0.9360 0.4678 0.4678 0.4725
v 20.7831 -20.0794 0.7407 0.4609 0.4609 0.4655
v 21.3373 -20.0794 0.5604 0.4548 0.4548 0.4594
v 21.8916 -20.0794 0.3901 0.4507 0.4507 0.4552
v 22.4458 -20.0794 0.2216 0.4573 0.4573 0.4618
v 23.0000 -20.0794 0.0000 0.4662 0.4662 0.4709
v -23.0000 -18.3333 0.0000 0.2702 0.2702 0.2729
v -22.4458 -18.3333 0.1394 0.2809 0.2809 0.2837
v -21.8916 -18.3333 0.2494 0.2869 0.2869 0.2898
v -21.3373 -18.3333 0.3684 0.2778 0.2778 0.2806
v -20.7831 -18.3333 0.5051 0.2639 0.2639 0.2666
v -20.2289 -18.3333 0.6657 0.2461 0.2461 0.2486
v -19.6747 -18.3333 0.8558 0.2248 0.2248 0.2270
v -19.1205 -18.3333 1.0802 0.2002 0.2002 0.2022
v -18.5663 -18.3333 1.3432 0.1727 0.1727 0.1744
v -18.0120 -18.3333 1.6483 0.1426 0.1426 0.1440
v -17.4578 -18.3333 1.9984 0.1098 0.1098 0.1109
v -16.9036 -18.3333 2.3954 0.0865 0.0865 0.0874
v -16.3494 -18.3333 2.8406 0.0768 0.0768 0.0776
v -15.7952 -18.3333 3.3344 0.0768 0.0768 0.0776
v -15.2410 -18.3333 3.8764 0.0768 0.0768 0.0776
v -14.6867 -18.3333 4.4656 0.0768 0.0768 0.0776
v -14.1325 -18.3333 5.1006 0.0768 0.0768 0.0776
v -13.5783 -18.3333 5.7792 0.0768 0.0768 0.0776
v -13.0241 -18.3333 6.4990 0.0768 0.0768 0.0776
v -12.4699 -18.3333 7.2571 0.0768 0.0768 0.0776
v -11.9157 -18.3333 8.0505 0.0768 0.0768 0.0776
v -11.3614 -18.3333 8.8756 0.0768 0.0768 0.0776
v -10.8072 -18.3333 9.7284 0.0768 0.0768 0.0776
v -10.2530 -18.3333 10.6046 0.0768 0.0768 0.0776
v -9.6988 -18.3333 11.4993 0.0768 0.0768 0.0776
v -9.1446 -18.3333 12.4070 0.0768 0.0768 0.0776
v -8.5904 -18.3333 13.3213 0.0768 0.0768 0.0776
v -8.0361 -18.3333 14.2354 0.0768 0.0768 0.0776
v -7.4819 -18.3333 15.1413 0.0768 0.0768 0.0776
v -6.9277 -18.3333 16.0305 0.0768 0.0768 0.0776
v -6.3735 -18.3333 16.8937 0.0768 0.0768 0.0776
v -5.8193 -18.3333 17.7210 0.0768 0.0768 0.0776
v -5.2651 -18.3333 18.5023 0.0768 0.0768 0.0776
v -4.7108 -18.3333 19.2271 0.0768 0.0768 0.0776
v -4.1566 -18.3333 19.8852 0.0768 0.0768 0.0776
v -3.6024 -18.3333 20.4670 0.0768 0.0768 0.0776
v -3.0482 -18.3333 20.9635 0.0768 0.0768 0.0776
v -2.4940 -18.3333 21.3669 0.0801 0.0801 0.0809
v -1.9398 -18.3333 21.6710 0.1101 0.1101 0.1112
v -1.3855 -18.3333 21.8710 0.1672 0.1672 0.1688
v -0.8313 -18.3333 21.9642 0.2417 0.2417 0.2441
v -0.2771 -18.3333 21.9499 0.3092 0.3092 0.3123
v 0.2771 -18.3333 21.8293 0.3655 0.3655 0.3692
v 0.8313 -18.3333 21.6057 0.4089 0.4089 0.4130
v 1.3855 -18.3333 21.2842 0.4405 0.4405 0.4449
v 1.9398 -18.3333 20.8715 0.4632 0.4632 0.4678
v 2.4940 -18.3333 20.3758 0.4797 0.4797 0.4845
v 3.0482 -18.3333 19.8061 0.4921 0.4921 0.4970
v 3.6024 -18.3333 19.1721 0.5019 0.5019 0.5069
v 4.1566 -18.3333 18.4842 0.5100 0.5100 0.5151
v 4.7108 -18.3333 17.7521 0.5169 0.5169 0.5221
v 5.2651 -18.3333 16.9859 0.5230 0.5230 0.5282
v 5.8193 -18.3333 16.1945 0.5284 0.5284 0.5336
v 6.3735 -18.3333 15.3863 0.5330 0.5330 0.5384
v 6.9277 -18.3333 14.5687 0.5370 0.5370 0.5424
v 7.4819 -18.3333 13.7483 0.5403 0.5403 0.5457
v 8.0361 -18.3333 12.9305 0.5427 0.5427 0.5482
v 8.5904 -18.3333 12.1198 0.5444 0.5444 0.5498
v 9.1446 -18.3333 11.3201 0.5452 0.5452 0.5507
v 9.6988 -18.3333 10.5345 0.5452 0.5452 0.5506
v 10.2530 -18.3333 9.7657 0.5444 0.5444 0.5498
v 10.8072 -18.3333 9.0161 0.5428 0.5428 0.5482
v 11.3614 -18.3333 8.2878 0.5406 0.5406 0.5460
v 11.9157 -18.3333 7.5829 0.5379 0.5379 0.5433
v 12.4699 -18.3333 6.9035 0.5348 0.5348 0.5401
v 13.0241 -18.3333 6.2517 0.5314 0.5314 0.5367
v 13.5783 -18.3333 5.6297 0.5279 0.5279 0.5332
v 14.1325 -18.3333 5.0395 0.5243 0.5243 0.5295
v 14.6867 -18.3333 4.4829 0.5207 0.5207 0.5259
v 15.2410 -18.3333 3.9618 0.5170 0.5170 0.5222
v 15.7952 -18.3333 3.4774 0.5133 0.5133 0.5184
v 16.3494 -18.3333 3.0304 0.5093 0.5093 0.5144
v 16.9036 -18.3333 2.6212 0.5050 0.5050 0.5101
v 17.4578 -18.3333 2.2493 0.5002 0.5002 0.5052
v 18.0120 -18.3333 1.9137 0.4948 0.4948 0.4998
v 18.5663 -18.3333 1.6124 0.4888 0.4888 0.4937
v 19.1205 -18.3333 1.3433 0.4822 0.4822 0.4870
v 19.6747 -18.3333 1.1033 0.4751 0.4751 0.4798
v 20.2289 -18.3333 0.8891 0.4677 0.4677 0.4724
v 20.7831 -18.3333 0.6969 0.4605 0.4605 0.4651
v 21.3373 -18.3333 0.5226 0.4537 0.4537 0.4583
v 21.8916 -18.3333 0.3610 0.4486 0.4486 0.4530
v 22.4458 -18.3333 0.2038 0.4533 0.4533 0.4578
v 23.0000 -18.3333 0.0000 0.4620 0.4620 0.4666
v -23.0000 -16.5873 0.0000 0.2672 0.2672 0.2699
v -22.4458 -16.5873 0.1447 0.2781 0.2781 0.2809
v -21.8916 -16.5873 0.2576 0.2850 0.2850 0.2879
v -21.3373 -16.5873 0.3780 0.2760 0.2760 0.2787
v -20.7831 -16.5873 0.5149 0.2618 0.2618 0.2644
v -20.2289 -16.5873 0.6751 0.2434 0.2434 0.2458
v -19.6747 -16.5873 0.8645 0.2212 0.2212 0.2234
v -19.1205 -16.5873 1.0890 0.1954 0.1954 0.1973
v -18.5663 -16.5873 1.3539 0.1665 0.1665 0.1681
v -18.0120 -16.5873 1.6638 0.1348 0.1348 0.1362
v -17.4578 -16.5873 2.0227 0.1001 0.1001 0.1011
v -16.9036 -16.5873 2.4336 0.0805 0.0805 0.0813
v -16.3494 -16.5873 2.8985 0.0768 0.0768 0.0776
v -15.7952 -16.5873 3.4184 0.0768 0.0768 0.0776
v -15.2410 -16.5873 3.9930 0.0768 0.0768 0.0776
v -14.6867 -16.5873 4.6210 0.0768 0.0768 0.0776
v -14.1325 -16.5873 5.3001 0.0768 0.0768 0.0776
v -13.5783 -16.5873 6.0272 0.0768 0.0768 0.0776
v -13.0241 -16.5873 6.7983 0.0768 0.0768 0.0776
v -12.4699 -16.5873 7.6088 0.0768 0.0768 0.0776
v -11.9157 -16.5873 8.4535 0.0768 0.0768 0.0776
v -11.3614 -16.5873 9.3270 0.0768 0.0768 0.0776
v -10.8072 -16.5873 10.2234 0.0768 0.0768 0.0776
v -10.2530 -16.5873 11.1368 0.0768 0.0768 0.0776
v -9.6988 -16.5873 12.0607 0.0768 0.0768 0.0776
v -9.1446 -16.5873 12.9888 0.0768 0.0768 0.0776
v -8.5904 -16.5873 13.9144 0.0768 0.0768 0.0776
v -8.0361 -16.5873 14.8304 0.0768 0.0768 0.0776
v -7.4819 -16.5873 15.7295 0.0768 0.0768 0.0776
v -6.9277 -16.5873 16.6041 0.0768 0.0768 0.0776
v -6.3735 -16.5873 17.4461 0.0768 0.0768 0.0776
v -5.8193 -16.5873 18.2473 0.0768 0.0768 0.0776
v -5.2651 -16.5873 18.9991 0.0768 0.0768 0.0776
v -4.7108 -16.5873 19.6926 0.0768 0.0768 0.0776
v -4.1566 -16.5873 20.3193 0.0768 0.0768 0.0776
v -3.6024 -16.5873 20.8707 0.0768 0.0768 0.0776
v -3.0482 -16.5873 21.3388 0.0780 0.0780 0.0787
v -2.4940 -16.5873 21.7164 0.1034 0.1034 0.1045
v -1.9398 -16.5873 21.9972 0.1548 0.1548 0.1563
v -1.3855 -16.5873 22.1764 0.2301 0.2301 0.2324
v -0.8313 -16.5873 22.2507 0.3024 0.3024 0.3054
v -0.2771 -16.5873 22.2183 0.3660 0.3660 0.3697
v 0.2771 -16.5873 22.0796 0.4162 0.4162 0.4204
v 0.8313 -16.5873 21.8367 0.4519 0.4519 0.4564
v 1.3855 -16.5873 21.4936 0.4754 0.4754 0.4802
v 1.9398 -16.5873 21.0564 0.4903 0.4903 0.4952
v 2.4940 -16.5873 20.5324 0.4998 0.4998 0.5048
v 3.0482 -16.5873 19.9307 0.5060 0.5060 0.5111
v 3.6024 -16.5873 19.2611 0.5106 0.5106 0.5157
v 4.1566 -16.5873 18.5343 0.5143 0.5143 0.5195
v 4.7108 -16.5873 17.7615 0.5178 0.5178 0.5230
v 5.2651 -16.5873 16.9535 0.5211 0.5211 0.5263
v 5.8193 -16.5873 16.1211 0.5245 0.5245 0.5298
v 6.3735 -16.5873 15.2741 0.5279 0.5279 0.5332
v 6.9277 -16.5873 14.4217 0.5313 0.5313 0.5366
v 7.4819 -16.5873 13.5718 0.5345 0.5345 0.5398
v 8.0361 -16.5873 12.7310 0.5374 0.5374 0.5428
v 8.5904 -16.5873 11.9049 0.5399 0.5399 0.5453
v 9.1446 -16.5873 11.0977 0.5419 0.5419 0.5473
v 9.6988 -16.5873 10.3126 0.5432 0.5432 0.5486
v 10.2530 -16.5873 9.5517 0.5437 0.5437 0.5491
v 10.8072 -16.5873 8.8166 0.5434 0.5434 0.5488
v 11.3614 -16.5873 8.1082 0.5422 0.5422 0.5477
v 11.9157 -16.5873 7.4270 0.5403 0.5403 0.5457
v 12.4699 -16.5873 6.7734 0.5377 0.5377 0.5431
v 13.0241 -16.5873 6.1478 0.5346 0.5346 0.5399
v 13.5783 -16.5873 5.5508 0.5309 0.5309 0.5362
v 14.1325 -16.5873 4.9828 0.5269 0.5269 0.5322
v 14.6867 -16.5873 4.4448 0.5228 0.5228 0.5280
v 15.2410 -16.5873 3.9376 0.5184 0.5184 0.5236
v 15.7952 -16.5873 3.4622 0.5140 0.5140 0.5192
v 16.3494 -16.5873 3.0195 0.5095 0.5095 0.5146
v 16.9036 -16.5873 2.6102 0.5049 0.5049 0.5099
v 17.4578 -16.5873 2.2347 0.4999 0.4999 0.5049
v 18.0120 -16.5873 1.8929 0.4945 0.4945 0.4994
v 18.5663 -16.5873 1.5844 0.4886 0.4886 0.4934
v 19.1205 -16.5873 1.3080 0.4820 0.4820 0.4868
v 19.6747 -16.5873 1.0620 0.4749 0.4749 0.4796
v 20.2289 -16.5873 0.8441 0.4673 0.4673 0.4719
v 20.7831 -16.5873 0.6515 0.4594 0.4594 0.4640
v 21.3373 -16.5873 0.4804 0.4517 0.4517 0.4562
v 21.8916 -16.5873 0.3262 0.4451 0.4451 0.4495
v 22.4458 -16.5873 0.1811 0.4473 0.4473 0.4518
v 23.0000 -16.5873 0.0000 0.4550 0.4550 0.4595
v -23.0000 -14.8413 0.0000 0.2662 0.2662 0.2688
v -22.4458 -14.8413 0.1480 0.2758 0.2758 0.2785
v -21.8916 -14.8413 0.2655 0.2820 0.2820 0.2849
v -21.3373 -14.8413 0.3911 0.2721 0.2721 0.2748
v -20.7831 -14.8413 0.5332 0.2569 0.2569 0.2595
v -20.2289 -14.8413 0.6980 0.2377 0.2377 0.2401
v -19.6747 -14.8413 0.8915 0.2146 0.2146 0.2167
v -19.1205 -14.8413 1.1196 0.1880 0.1880 0.1899
v -18.5663 -14.8413 1.3878 0.1583 0.1583 0.1599
v -18.0120 -14.8413 1.7017 0.1257 0.1257 0.1270
v -17.4578 -14.8413 2.0658 0.0939 0.0939 0.0948
v -16.9036 -14.8413 2.4843 0.0768 0.0768 0.0776
v -16.3494 -14.8413 2.9600 0.0768 0.0768 0.0776
v -15.7952 -14.8413 3.4947 0.0768 0.0768 0.0776
v -15.2410 -14.8413 4.0888 0.0768 0.0768 0.0776
v -14.6867 -14.8413 4.7415 0.0768 0.0768 0.0776
v -14.1325 -14.8413 5.4505 0.0768 0.0768 0.0776
v -13.5783 -14.8413 6.2123 0.0768 0.0768 0.0776
v -13.0241 -14.8413 7.0220 0.0768 0.0768 0.0776
v -12.4699 -14.8413 7.8740 0.0768 0.0768 0.0776
v -11.9157 -14.8413 8.7616 0.0768 0.0768 0.0776
v -11.3614 -14.8413 9.6775 0.0768 0.0768 0.0776
v -10.8072 -14.8413 10.6141 0.0768 0.0768 0.0776
v -10.2530 -14.8413 11.5634 0.0768 0.0768 0.0776
v -9.6988 -14.8413 12.5173 0.0768 0.0768 0.0776
v -9.1446 -14.8413 13.4678 0.0768 0.0768 0.0776
v -8.5904 -14.8413 14.4070 0.0768 0.0768 0.0776
v -8.0361 -14.8413 15.3272 0.0768 0.0768 0.0776
v -7.4819 -14.8413 16.2208 0.0768 0.0768 0.0776
v -6.9277 -14.8413 17.0805 0.0768 0.0768 0.0776
v -6.3735 -14.8413 17.8989 0.0768 0.0768 0.0776
v -5.8193 -14.8413 18.6691 0.0768 0.0768 0.0776
v -5.2651 -14.8413 19.3841 0.0768 0.0768 0.0776
v -4.7108 -14.8413 20.0370 0.0768 0.0768 0.0776
v -4.1566 -14.8413 20.6211 0.0768 0.0768 0.0776
v -3.6024 -14.8413 21.1300 0.0768 0.0768 0.0776
v -3.0482 -14.8413 21.5575 0.0957 0.0957 0.0967
v -2.4940 -14.8413 21.8980 0.1393 0.1393 0.1407
v -1.9398 -14.8413 22.1464 0.2098 0.2098 0.2119
v -1.3855 -14.8413 22.2986 0.2818 0.2818 0.2846
v -0.8313 -14.8413 22.3514 0.3500 0.3500 0.3535
v -0.2771 -14.8413 22.3030 0.4084 0.4084 0.4125
v 0.2771 -14.8413 22.1530 0.4527 0.4527 0.4572
v 0.8313 -14.8413 21.9025 0.4826 0.4826 0.4874
v 1.3855 -14.8413 21.5543 0.5006 0.5006 0.5056
v 1.9398 -14.8413 21.1130 0.5104 0.5104 0.5155
v 2.4940 -14.8413 20.5847 0.5150 0.5150 0.5202
v 3.0482 -14.8413 19.9770 0.5168 0.5168 0.5220
v 3.6024 -14.8413 19.2988 0.5173 0.5173 0.5225
v 4.1566 -14.8413 18.5602 0.5173 0.5173 0.5225
v 4.7108 -14.8413 17.7717 0.5174 0.5174 0.5225
v 5.2651 -14.8413 16.9447 0.5178 0.5178 0.5230
v 5.8193 -14.8413 16.0901 0.5187 0.5187 0.5239
v 6.3735 -14.8413 15.2189 0.5202 0.5202 0.5254
v 6.9277 -14.8413 14.3412 0.5222 0.5222 0.5274
v 7.4819 -14.8413 13.4663 0.5246 0.5246 0.5299
v 8.0361 -14.8413 12.6024 0.5273 0.5273 0.5326
v 8.5904 -14.8413 11.7562 0.5301 0.5301 0.5354
v 9.1446 -14.8413 10.9333 0.5328 0.5328 0.5381
v 9.6988 -14.8413 10.1376 0.5352 0.5352 0.5405
v 10.2530 -14.8413 9.3720 0.5372 0.5372 0.5425
v 10.8072 -14.8413 8.6382 0.5385 0.5385 0.5439
v 11.3614 -14.8413 7.9367 0.5391 0.5391 0.5445
v 11.9157 -14.8413 7.2677 0.5389 0.5389 0.5442
v 12.4699 -14.8413 6.6304 0.5377 0.5377 0.5431
v 13.0241 -14.8413 6.0240 0.5358 0.5358 0.5411
v 13.5783 -14.8413 5.4476 0.5331 0.5331 0.5384
v 14.1325 -14.8413 4.9005 0.5297 0.5297 0.5350
v 14.6867 -14.8413 4.3820 0.5257 0.5257 0.5310
v 15.2410 -14.8413 3.8919 0.5214 0.5214 0.5266
v 15.7952 -14.8413 3.4302 0.5167 0.5167 0.5219
v 16.3494 -14.8413 2.9973 0.5118 0.5118 0.5169
v 16.9036 -14.8413 2.5936 0.5066 0.5066 0.5117
v 17.4578 -14.8413 2.2198 0.5012 0.5012 0.5062
v 18.0120 -14.8413 1.8764 0.4954 0.4954 0.5003
v 18.5663 -14.8413 1.5637 0.4891 0.4891 0.4940
v 19.1205 -14.8413 1.2818 0.4822 0.4822 0.4871
v 19.6747 -14.8413 1.0300 0.4747 0.4747 0.4795
v 20.2289 -14.8413 0.8074 0.4666 0.4666 0.4713
v 20.7831 -14.8413 0.6122 0.4580 0.4580 0.4625
v 21.3373 -14.8413 0.4420 0.4491 0.4491 0.4536
v 21.8916 -14.8413 0.2928 0.4410 0.4410 0.4454
v 22.4458 -14.8413 0.1582 0.4404 0.4404 0.4449
v 23.0000 -14.8413 0.0000 0.4464 0.4464 0.4509
v -23.0000 -13.0952 0.0000 0.2679 0.2679 0.2706
v -22.4458 -13.0952 0.1474 0.2749 0.2749 0.2776
v -21.8916 -13.0952 0.2698 0.2787 0.2787 0.2815
v -21.3373 -13.0952 0.4033 0.2668 0.2668 0.2695
v -20.7831 -13.0952 0.5551 0.2501 0.2501 0.2526
v -20.2289 -13.0952 0.7303 0.2296 0.2296 0.2319
v -19.6747 -13.0952 0.9340 0.2056 0.2056 0.2076
v -19.1205 -13.0952 1.1714 0.1784 0.1784 0.1802
v -18.5663 -13.0952 1.4478 0.1484 0.1484 0.1499
v -18.0120 -13.0952 1.7683 0.1156 0.1156 0.1167
v -17.4578 -13.0952 2.1379 0.0887 0.0887 0.0896
v -16.9036 -13.0952 2.5610 0.0768 0.0768 0.0776
v -16.3494 -13.0952 3.0412 0.0768 0.0768 0.0776
v -15.7952 -13.0952 3.5812 0.0768 0.0768 0.0776
v -15.2410 -13.0952 4.1822 0.0768 0.0768 0.0776
v -14.6867 -13.0952 4.8442 0.0768 0.0768 0.0776
v -14.1325 -13.0952 5.5656 0.0768 0.0768 0.0776
v -13.5783 -13.0952 6.3434 0.0768 0.0768 0.0776
v -13.0241 -13.0952 7.1730 0.0768 0.0768 0.0776
v -12.4699 -13.0952 8.0483 0.0768 0.0768 0.0776
v -11.9157 -13.0952 8.9623 0.0768 0.0768 0.0776
v -11.3614 -13.0952 9.9066 0.0768 0.0768 0.0776
v -10.8072 -13.0952 10.8723 0.0768 0.0768 0.0776
v -10.2530 -13.0952 11.8499 0.0768 0.0768 0.0776
v -9.6988 -13.0952 12.8296 0.0768 0.0768 0.0776
v -9.1446 -13.0952 13.8018 0.0768 0.0768 0.0776
v -8.5904 -13.0952 14.7570 0.0768 0.0768 0.0776
v -8.0361 -13.0952 15.6861 0.0768 0.0768 0.0776
v -7.4819 -13.0952 16.5805 0.0768 0.0768 0.0776
v -6.9277 -13.0952 17.4323 0.0768 0.0768 0.0776
v -6.3735 -13.0952 18.2342 0.0768 0.0768 0.0776
v -5.8193 -13.0952 18.9797 0.0768 0.0768 0.0776
v -5.2651 -13.0952 19.6627 0.0768 0.0768 0.0776
v -4.7108 -13.0952 20.2777 0.0768 0.0768 0.0776
v -4.1566 -13.0952 20.8199 0.0768 0.0768 0.0776
v -3.6024 -13.0952 21.2848 0.0865 0.0865 0.0874
v -3.0482 -13.0952 21.6684 0.1219 0.1219 0.1231
v -2.4940 -13.0952 21.9671 0.1840 0.1840 0.1859
v -1.9398 -13.0952 22.1777 0.2524 0.2524 0.2550
v -1.3855 -13.0952 22.2977 0.3203 0.3203 0.3235
v -0.8313 -13.0952 22.3251 0.3828 0.3828 0.3867
v -0.2771 -13.0952 22.2588 0.4351 0.4351 0.4395
v 0.2771 -13.0952 22.0985 0.4742 0.4742 0.4790
v 0.8313 -13.0952 21.8449 0.5002 0.5002 0.5052
v 1.3855 -13.0952 21.5001 0.5153 0.5153 0.5205
v 1.9398 -13.0952 21.0672 0.5227 0.5227 0.5279
v 2.4940 -13.0952 20.5508 0.5250 0.5250 0.5303
v 3.0482 -13.0952 19.9568 0.5244 0.5244 0.5297
v 3.6024 -13.0952 19.2923 0.5223 0.5223 0.5276
v 4.1566 -13.0952 18.5657 0.5197 0.5197 0.5249
v 4.7108 -13.0952 17.7863 0.5171 0.5171 0.5223
v 5.2651 -13.0952 16.9639 0.5150 0.5150 0.5202
v 5.8193 -13.0952 16.1093 0.5135 0.5135 0.5187
v 6.3735 -13.0952 15.2328 0.5128 0.5128 0.5180
v 6.9277 -13.0952 14.3451 0.5129 0.5129 0.5181
v 7.4819 -13.0952 13.4559 0.5139 0.5139 0.5190
v 8.0361 -13.0952 12.5745 0.5155 0.5155 0.5206
v 8.5904 -13.0952 11.7089 0.5177 0.5177 0.5229
v 9.1446 -13.0952 10.8660 0.5204 0.5204 0.5256
v 9.6988 -13.0952 10.0514 0.5233 0.5233 0.5285
v 10.2530 -13.0952 9.2691 0.5263 0.5263 0.5315
v 10.8072 -13.0952 8.5219 0.5290 0.5290 0.5343
v 11.3614 -13.0952 7.8115 0.5314 0.5314 0.5367
v 11.9157 -13.0952 7.1381 0.5331 0.5331 0.5384
v 12.4699 -13.0952 6.5013 0.5340 0.5340 0.5393
v 13.0241 -13.0952 5.8999 0.5339 0.5339 0.5393
v 13.5783 -13.0952 5.3325 0.5329 0.5329 0.5383
v 14.1325 -13.0952 4.7973 0.5310 0.5310 0.5363
v 14.6867 -13.0952 4.2927 0.5281 0.5281 0.5334
v 15.2410 -13.0952 3.8171 0.5245 0.5245 0.5297
v 15.7952 -13.0952 3.3696 0.5201 0.5201 0.5253
v 16.3494 -13.0952 2.9493 0.5151 0.5151 0.5203
v 16.9036 -13.0952 2.5560 0.5096 0.5096 0.5147
v 17.4578 -13.0952 2.1898 0.5037 0.5037 0.5087
v 18.0120 -13.0952 1.8511 0.4972 0.4972 0.5022
v 18.5663 -13.0952 1.5404 0.4903 0.4903 0.4952
v 19.1205 -13.0952 1.2581 0.4827 0.4827 0.4876
v 19.6747 -13.0952 1.0046 0.4746 0.4746 0.4793
v 20.2289 -13.0952 0.7796 0.4657 0.4657 0.4704
v 20.7831 -13.0952 0.5828 0.4563 0.4563 0.4609
v 21.3373 -13.0952 0.4126 0.4465 0.4465 0.4510
v 21.8916 -13.0952 0.2665 0.4371 0.4371 0.4414
v 22.4458 -13.0952 0.1395 0.4342 0.4342 0.4385
v 23.0000 -13.0952 0.0000 0.4380 0.4380 0.4424
v -23.0000 -11.3492 0.0000 0.2723 0.2723 0.2751
v -22.4458 -11.3492 0.1423 0.2760 0.2760 0.2787
v -21.8916 -11.3492 0.2682 0.2760 0.2760 0.2787
v -21.3373 -11.3492 0.4102 0.2615 0.2615 0.2641
v -20.7831 -11.3492 0.5740 0.2427 0.2427 0.2451
v -20.2289 -11.3492 0.7635 0.2206 0.2206 0.2228
v -19.6747 -11.3492 0.9826 0.1956 0.1956 0.1975
v -19.1205 -11.3492 1.2351 0.1680 0.1680 0.1697
v -18.5663 -11.3492 1.5252 0.1381 0.1381 0.1395
v -18.0120 -11.3492 1.8572 0.1055 0.1055 0.1065
v -17.4578 -11.3492 2.2355 0.0838 0.0838 0.0846
v -16.9036 -11.3492 2.6641 0.0768 0.0768 0.0776
v -16.3494 -11.3492 3.1467 0.0768 0.0768 0.0776
v -15.7952 -11.3492 3.6864 0.0768 0.0768 0.0776
v -15.2410 -11.3492 4.2851 0.0768 0.0768 0.0776
v -14.6867 -11.3492 4.9436 0.0768 0.0768 0.0776
v -14.1325 -11.3492 5.6615 0.0768 0.0768 0.0776
v -13.5783 -11.3492 6.4367 0.0768 0.0768 0.0776
v -13.0241 -11.3492 7.2655 0.0768 0.0768 0.0776
v -12.4699 -11.3492 8.1428 0.0768 0.0768 0.0776
v -11.9157 -11.3492 9.0617 0.0768 0.0768 0.0776
v -11.3614 -11.3492 10.0143 0.0768 0.0768 0.0776
v -10.8072 -11.3492 10.9913 0.0768 0.0768 0.0776
v -10.2530 -11.3492 11.9825 0.0768 0.0768 0.0776
v -9.6988 -11.3492 12.9773 0.0768 0.0768 0.0776
v -9.1446 -11.3492 13.9649 0.0768 0.0768 0.0776
v -8.5904 -11.3492 14.9342 0.0768 0.0768 0.0776
v -8.0361 -11.3492 15.8747 0.0768 0.0768 0.0776
v -7.4819 -11.3492 16.7766 0.0768 0.0768 0.0776
v -6.9277 -11.3492 17.6306 0.0768 0.0768 0.0776
v -6.3735 -11.3492 18.4286 0.0768 0.0768 0.0776
v -5.8193 -11.3492 19.1635 0.0768 0.0768 0.0776
v -5.2651 -11.3492 19.8291 0.0768 0.0768 0.0776
v -4.7108 -11.3492 20.4205 0.0768 0.0768 0.0776
v -4.1566 -11.3492 20.9337 0.0768 0.0768 0.0776
v -3.6024 -11.3492 21.3654 0.1021 0.1021 0.1031
v -3.0482 -11.3492 21.7134 0.1521 0.1521 0.1536
v -2.4940 -11.3492 21.9760 0.2160 0.2160 0.2182
v -1.9398 -11.3492 22.1519 0.2811 0.2811 0.2839
v -1.3855 -11.3492 22.2407 0.3441 0.3441 0.3476
v -0.8313 -11.3492 22.2420 0.4007 0.4007 0.4047
v -0.2771 -11.3492 22.1561 0.4472 0.4472 0.4517
v 0.2771 -11.3492 21.9838 0.4819 0.4819 0.4867
v 0.8313 -11.3492 21.7263 0.5053 0.5053 0.5103
v 1.3855 -11.3492 21.3857 0.5193 0.5193 0.5244
v 1.9398 -11.3492 20.9644 0.5262 0.5262 0.5315
v 2.4940 -11.3492 20.4660 0.5283 0.5283 0.5336
v 3.0482 -11.3492 19.8948 0.5273 0.5273 0.5326
v 3.6024 -11.3492 19.2563 0.5246 0.5246 0.5298
v 4.1566 -11.3492 18.5568 0.5209 0.5209 0.5261
v 4.7108 -11.3492 17.8035 0.5170 0.5170 0.5221
v 5.2651 -11.3492 17.0046 0.5132 0.5132 0.5183
v 5.8193 -11.3492 16.1690 0.5100 0.5100 0.5151
v 6.3735 -11.3492 15.3058 0.5074 0.5074 0.5125
v 6.9277 -11.3492 14.4249 0.5057 0.5057 0.5108
v 7.4819 -11.3492 13.5356 0.5050 0.5050 0.5100
v 8.0361 -11.3492 12.6474 0.5051 0.5051 0.5102
v 8.5904 -11.3492 11.7690 0.5062 0.5062 0.5112
v 9.1446 -11.3492 10.9083 0.5081 0.5081 0.5131
v 9.6988 -11.3492 10.0722 0.5106 0.5106 0.5158
v 10.2530 -11.3492 9.2665 0.5138 0.5138 0.5189
v 10.8072 -11.3492 8.4955 0.5172 0.5172 0.5223
v 11.3614 -11.3492 7.7623 0.5206 0.5206 0.5258
v 11.9157 -11.3492 7.0688 0.5239 0.5239 0.5291
v 12.4699 -11.3492 6.4157 0.5266 0.5266 0.5319
v 13.0241 -11.3492 5.8025 0.5286 0.5286 0.5339
v 13.5783 -11.3492 5.2282 0.5296 0.5296 0.5349
v 14.1325 -11.3492 4.6909 0.5296 0.5296 0.5349
v 14.6867 -11.3492 4.1887 0.5284 0.5284 0.5336
v 15.2410 -11.3492 3.7194 0.5260 0.5260 0.5312
v 15.7952 -11.3492 3.2809 0.5225 0.5225 0.5277
v 16.3494 -11.3492 2.8715 0.5179 0.5179 0.5231
v 16.9036 -11.3492 2.4898 0.5125 0.5125 0.5176
v 17.4578 -11.3492 2.1350 0.5062 0.5062 0.5112
v 18.0120 -11.3492 1.8064 0.4991 0.4991 0.5041
v 18.5663 -11.3492 1.5042 0.4914 0.4914 0.4963
v 19.1205 -11.3492 1.2283 0.4831 0.4831 0.4879
v 19.6747 -11.3492 0.9792 0.4741 0.4741 0.4788
v 20.2289 -11.3492 0.7571 0.4645 0.4645 0.4691
v 20.7831 -11.3492 0.5621 0.4543 0.4543 0.4588
v 21.3373 -11.3492 0.3935 0.4438 0.4438 0.4483
v 21.8916 -11.3492 0.2499 0.4337 0.4337 0.4380
v 22.4458 -11.3492 0.1276 0.4295 0.4295 0.4338
v 23.0000 -11.3492 0.0000 0.4315 0.4315 0.4358
v -23.0000 -9.6032 0.0000 0.2780 0.2780 0.2807
v -22.4458 -9.6032 0.1341 0.2786 0.2786 0.2814
v -21.8916 -9.6032 0.2611 0.2743 0.2743 0.2771
v -21.3373 -9.6032 0.4099 0.2571 0.2571 0.2596
v -20.7831 -9.6032 0.5849 0.2361 0.2361 0.2384
v -20.2289 -9.6032 0.7893 0.2124 0.2124 0.2146
v -19.6747 -9.6032 1.0255 0.1866 0.1866 0.1884
v -19.1205 -9.6032 1.2961 0.1588 0.1588 0.1604
v -18.5663 -9.6032 1.6039 0.1293 0.1293 0.1306
v -18.0120 -9.6032 1.9517 0.0977 0.0977 0.0987
v -17.4578 -9.6032 2.3426 0.0796 0.0796 0.0804
v -16.9036 -9.6032 2.7798 0.0768 0.0768 0.0776
v -16.3494 -9.6032 3.2662 0.0768 0.0768 0.0776
v -15.7952 -9.6032 3.8045 0.0768 0.0768 0.0776
v -15.2410 -9.6032 4.3969 0.0768 0.0768 0.0776
v -14.6867 -9.6032 5.0447 0.0768 0.0768 0.0776
v -14.1325 -9.6032 5.7482 0.0768 0.0768 0.0776
v -13.5783 -9.6032 6.5066 0.0768 0.0768 0.0776
v -13.0241 -9.6032 7.3175 0.0768 0.0768 0.0776
v -12.4699 -9.6032 8.1771 0.0768 0.0768 0.0776
v -11.9157 -9.6032 9.0800 0.0768 0.0768 0.0776
v -11.3614 -9.6032 10.0193 0.0768 0.0768 0.0776
v -10.8072 -9.6032 10.9866 0.0768 0.0768 0.0776
v -10.2530 -9.6032 11.9724 0.0768 0.0768 0.0776
v -9.6988 -9.6032 12.9662 0.0768 0.0768 0.0776
v -9.1446 -9.6032 13.9567 0.0768 0.0768 0.0776
v -8.5904 -9.6032 14.9325 0.0768 0.0768 0.0776
v -8.0361 -9.6032 15.8819 0.0768 0.0768 0.0776
v -7.4819 -9.6032 16.7939 0.0768 0.0768 0.0776
v -6.9277 -9.6032 17.6578 0.0768 0.0768 0.0776
v -6.3735 -9.6032 18.4643 0.0768 0.0768 0.0776
v -5.8193 -9.6032 19.2048 0.0768 0.0768 0.0776
v -5.2651 -9.6032 19.8723 0.0768 0.0768 0.0776
v -4.7108 -9.6032 20.4611 0.0768 0.0768 0.0776
v -4.1566 -9.6032 20.9667 0.0817 0.0817 0.0826
v -3.6024 -9.6032 21.3863 0.1133 0.1133 0.1144
v -3.0482 -9.6032 21.7181 0.1714 0.1714 0.1731
v -2.4940 -9.6032 21.9614 0.2324 0.2324 0.2347
v -1.9398 -9.6032 22.1163 0.2941 0.2941 0.2970
v -1.3855 -9.6032 22.1838 0.3527 0.3527 0.3562
v -0.8313 -9.6032 22.1655 0.4044 0.4044 0.4084
v -0.2771 -9.6032 22.0631 0.4463 0.4463 0.4507
v 0.2771 -9.6032 21.8791 0.4776 0.4776 0.4824
v 0.8313 -9.6032 21.6158 0.4993 0.4993 0.5043
v 1.3855 -9.6032 21.2761 0.5130 0.5130 0.5181
v 1.9398 -9.6032 20.8629 0.5206 0.5206 0.5258
v 2.4940 -9.6032 20.3796 0.5239 0.5239 0.5291
v 3.0482 -9.6032 19.8298 0.5241 0.5241 0.5293
v 3.6024 -9.6032 19.2179 0.5223 0.5223 0.5275
v 4.1566 -9.6032 18.5486 0.5192 0.5192 0.5244
v 4.7108 -9.6032 17.8273 0.5155 0.5155 0.5207
v 5.2651 -9.6032 17.0603 0.5116 0.5116 0.5167
v 5.8193 -9.6032 16.2543 0.5078 0.5078 0.5128
v 6.3735 -9.6032 15.4168 0.5043 0.5043 0.5094
v 6.9277 -9.6032 14.5558 0.5015 0.5015 0.5065
v 7.4819 -9.6032 13.6796 0.4995 0.4995 0.5045
v 8.0361 -9.6032 12.7968 0.4983 0.4983 0.5033
v 8.5904 -9.6032 11.9158 0.4980 0.4980 0.5030
v 9.1446 -9.6032 11.0449 0.4987 0.4987 0.5037
v 9.6988 -9.6032 10.1917 0.5003 0.5003 0.5053
v 10.2530 -9.6032 9.3631 0.5028 0.5028 0.5078
v 10.8072 -9.6032 8.5650 0.5059 0.5059 0.5109
v 11.3614 -9.6032 7.8024 0.5095 0.5095 0.5146
v 11.9157 -9.6032 7.0788 0.5133 0.5133 0.5185
v 12.4699 -9.6032 6.3968 0.5171 0.5171 0.5223
v 13.0241 -9.6032 5.7575 0.5205 0.5205 0.5258
v 13.5783 -9.6032 5.1611 0.5233 0.5233 0.5285
v 14.1325 -9.6032 4.6068 0.5250 0.5250 0.5302
v 14.6867 -9.6032 4.0931 0.5255 0.5255 0.5307
v 15.2410 -9.6032 3.6180 0.5246 0.5246 0.5299
v 15.7952 -9.6032 3.1792 0.5223 0.5223 0.5275
v 16.3494 -9.6032 2.7741 0.5185 0.5185 0.5237
v 16.9036 -9.6032 2.4005 0.5135 0.5135 0.5186
v 17.4578 -9.6032 2.0563 0.5071 0.5071 0.5122
v 18.0120 -9.6032 1.7400 0.4997 0.4997 0.5047
v 18.5663 -9.6032 1.4503 0.4914 0.4914 0.4963
v 19.1205 -9.6032 1.1864 0.4823 0.4823 0.4871
v 19.6747 -9.6032 0.9479 0.4726 0.4726 0.4773
v 20.2289 -9.6032 0.7345 0.4623 0.4623 0.4669
v 20.7831 -9.6032 0.5461 0.4517 0.4517 0.4562
v 21.3373 -9.6032 0.3824 0.4410 0.4410 0.4454
v 21.8916 -9.6032 0.2423 0.4308 0.4308 0.4351
v 22.4458 -9.6032 0.1229 0.4269 0.4269 0.4311
v 23.0000 -9.6032 0.0000 0.4279 0.4279 0.4322
v -23.0000 -7.8571 0.0000 0.2825 0.2825 0.2853
v -22.4458 -7.8571 0.1257 0.2815 0.2815 0.2843
v -21.8916 -7.8571 0.2517 0.2737 0.2737 0.2764
v -21.3373 -7.8571 0.4039 0.2542 0.2542 0.2568
v -20.7831 -7.8571 0.5867 0.2316 0.2316 0.2339
v -20.2289 -7.8571 0.8026 0.2068 0.2068 0.2089
v -19.6747 -7.8571 1.0534 0.1804 0.1804 0.1822
v -19.1205 -7.8571 1.3407 0.1528 0.1528 0.1543
v -18.5663 -7.8571 1.6659 0.1240 0.1240 0.1253
v -18.0120 -7.8571 2.0305 0.0942 0.0942 0.0951
v -17.4578 -7.8571 2.4360 0.0779 0.0779 0.0787
v -16.9036 -7.8571 2.8843 0.0768 0.0768 0.0776
v -16.3494 -7.8571 3.3770 0.0768 0.0768 0.0776
v -15.7952 -7.8571 3.9159 0.0768 0.0768 0.0776
v -15.2410 -7.8571 4.5025 0.0768 0.0768 0.0776
v -14.6867 -7.8571 5.1382 0.0768 0.0768 0.0776
v -14.1325 -7.8571 5.8235 0.0768 0.0768 0.0776
v -13.5783 -7.8571 6.5583 0.0768 0.0768 0.0776
v -13.0241 -7.8571 7.3414 0.0768 0.0768 0.0776
v -12.4699 -7.8571 8.1706 0.0768 0.0768 0.0776
v -11.9157 -7.8571 9.0420 0.0768 0.0768 0.0776
v -11.3614 -7.8571 9.9506 0.0768 0.0768 0.0776
v -10.8072 -7.8571 10.8898 0.0768 0.0768 0.0776
v -10.2530 -7.8571 11.8515 0.0768 0.0768 0.0776
v -9.6988 -7.8571 12.8265 0.0768 0.0768 0.0776
v -9.1446 -7.8571 13.8045 0.0768 0.0768 0.0776
v -8.5904 -7.8571 14.7743 0.0768 0.0768 0.0776
v -8.0361 -7.8571 15.7244 0.0768 0.0768 0.0776
v -7.4819 -7.8571 16.6431 0.0768 0.0768 0.0776
v -6.9277 -7.8571 17.5189 0.0768 0.0768 0.0776
v -6.3735 -7.8571 18.3411 0.0768 0.0768 0.0776
v -5.8193 -7.8571 19.0999 0.0768 0.0768 0.0776
v -5.2651 -7.8571 19.7864 0.0768 0.0768 0.0776
v -4.7108 -7.8571 20.3936 0.0768 0.0768 0.0776
v -4.1566 -7.8571 20.9156 0.0843 0.0843 0.0851
v -3.6024 -7.8571 21.3485 0.1194 0.1194 0.1206
v -3.0482 -7.8571 21.6897 0.1743 0.1743 0.1760
v -2.4940 -7.8571 21.9383 0.2321 0.2321 0.2344
v -1.9398 -7.8571 22.0946 0.2910 0.2910 0.2939
v -1.3855 -7.8571 22.1601 0.3467 0.3467 0.3502
v -0.8313 -7.8571 22.1372 0.3953 0.3953 0.3993
v -0.2771 -7.8571 22.0291 0.4345 0.4345 0.4389
v 0.2771 -7.8571 21.8394 0.4639 0.4639 0.4685
v 0.8313 -7.8571 21.5721 0.4846 0.4846 0.4894
v 1.3855 -7.8571 21.2312 0.4984 0.4984 0.5034
v 1.9398 -7.8571 20.8209 0.5071 0.5071 0.5122
v 2.4940 -7.8571 20.3452 0.5120 0.5120 0.5171
v 3.0482 -7.8571 19.8083 0.5142 0.5142 0.5194
v 3.6024 -7.8571 19.2143 0.5145 0.5145 0.5196
v 4.1566 -7.8571 18.5676 0.5133 0.5133 0.5185
v 4.7108 -7.8571 17.8725 0.5112 0.5112 0.5164
v 5.2651 -7.8571 17.1338 0.5086 0.5086 0.5137
v 5.8193 -7.8571 16.3568 0.5056 0.5056 0.5107
v 6.3735 -7.8571 15.5472 0.5026 0.5026 0.5076
v 6.9277 -7.8571 14.7111 0.4998 0.4998 0.5048
v 7.4819 -7.8571 13.8552 0.4974 0.4974 0.5023
v 8.0361 -7.8571 12.9866 0.4955 0.4955 0.5004
v 8.5904 -7.8571 12.1127 0.4943 0.4943 0.4992
v 9.1446 -7.8571 11.2412 0.4939 0.4939 0.4988
v 9.6988 -7.8571 10.3795 0.4943 0.4943 0.4993
v 10.2530 -7.8571 9.5350 0.4956 0.4956 0.5006
v 10.8072 -7.8571 8.7144 0.4977 0.4977 0.5027
v 11.3614 -7.8571 7.9240 0.5006 0.5006 0.5056
v 11.9157 -7.8571 7.1690 0.5039 0.5039 0.5090
v 12.4699 -7.8571 6.4535 0.5076 0.5076 0.5127
v 13.0241 -7.8571 5.7809 0.5114 0.5114 0.5165
v 13.5783 -7.8571 5.1529 0.5148 0.5148 0.5200
v 14.1325 -7.8571 4.5705 0.5176 0.5176 0.5228
v 14.6867 -7.8571 4.0334 0.5194 0.5194 0.5246
v 15.2410 -7.8571 3.5406 0.5198 0.5198 0.5250
v 15.7952 -7.8571 3.0902 0.5187 0.5187 0.5239
v 16.3494 -7.8571 2.6798 0.5159 0.5159 0.5211
v 16.9036 -7.8571 2.3067 0.5115 0.5115 0.5166
v 17.4578 -7.8571 1.9681 0.5054 0.5054 0.5104
v 18.0120 -7.8571 1.6614 0.4979 0.4979 0.5029
v 18.5663 -7.8571 1.3840 0.4893 0.4893 0.4941
v 19.1205 -7.8571 1.1339 0.4797 0.4797 0.4845
v 19.6747 -7.8571 0.9092 0.4694 0.4694 0.4741
v 20.2289 -7.8571 0.7087 0.4588 0.4588 0.4634
v 20.7831 -7.8571 0.5312 0.4481 0.4481 0.4526
v 21.3373 -7.8571 0.3757 0.4377 0.4377 0.4421
v 21.8916 -7.8571 0.2410 0.4283 0.4283 0.4326
v 22.4458 -7.8571 0.1241 0.4259 0.4259 0.4302
v 23.0000 -7.8571 0.0000 0.4271 0.4271 0.4314
v -23.0000 -6.1111 0.0000 0.2837 0.2837 0.2865
v -22.4458 -6.1111 0.1211 0.2830 0.2830 0.2859
v -21.8916 -6.1111 0.2450 0.2733 0.2733 0.2761
v -21.3373 -6.1111 0.3973 0.2530 0.2530 0.2555
v -20.7831 -6.1111 0.5827 0.2297 0.2297 0.2320
v -20.2289 -6.1111 0.8040 0.2047 0.2047 0.2067
v -19.6747 -6.1111 1.0629 0.1784 0.1784 0.1802
v -19.1205 -6.1111 1.3607 0.1514 0.1514 0.1529
v -18.5663 -6.1111 1.6980 0.1238 0.1238 0.1250
v -18.0120 -6.1111 2.0754 0.0954 0.0954 0.0964
v -17.4578 -6.1111 2.4933 0.0785 0.0785 0.0793
v -16.9036 -6.1111 2.9519 0.0768 0.0768 0.0776
v -16.3494 -6.1111 3.4518 0.0768 0.0768 0.0776
v -15.7952 -6.1111 3.9932 0.0768 0.0768 0.0776
v -15.2410 -6.1111 4.5769 0.0768 0.0768 0.0776
v -14.6867 -6.1111 5.2031 0.0768 0.0768 0.0776
v -14.1325 -6.1111 5.8722 0.0768 0.0768 0.0776
v -13.5783 -6.1111 6.5842 0.0768 0.0768 0.0776
v -13.0241 -6.1111 7.3385 0.0768 0.0768 0.0776
v -12.4699 -6.1111 8.1337 0.0768 0.0768 0.0776
v -11.9157 -6.1111 8.9677 0.0768 0.0768 0.0776
v -11.3614 -6.1111 9.8370 0.0768 0.0768 0.0776
v -10.8072 -6.1111 10.7370 0.0768 0.0768 0.0776
v -10.2530 -6.1111 11.6618 0.0768 0.0768 0.0776
v -9.6988 -6.1111 12.6042 0.0768 0.0768 0.0776
v -9.1446 -6.1111 13.5555 0.0768 0.0768 0.0776
v -8.5904 -6.1111 14.5061 0.0768 0.0768 0.0776
v -8.0361 -6.1111 15.4455 0.0768 0.0768 0.0776
v -7.4819 -6.1111 16.3625 0.0768 0.0768 0.0776
v -6.9277 -6.1111 17.2456 0.0768 0.0768 0.0776
v -6.3735 -6.1111 18.0836 0.0768 0.0768 0.0776
v -5.8193 -6.1111 18.8654 0.0768 0.0768 0.0776
v -5.2651 -6.1111 19.5810 0.0768 0.0768 0.0776
v -4.7108 -6.1111 20.2214 0.0768 0.0768 0.0776
v -4.1566 -6.1111 20.7789 0.0808 0.0808 0.0816
v -3.6024 -6.1111 21.2477 0.1120 0.1120 0.1131
v -3.0482 -6.1111 21.6233 0.1624 0.1624 0.1641
v -2.4940 -6.1111 21.9033 0.2168 0.2168 0.2189
v -1.9398 -6.1111 22.0869 0.2733 0.2733 0.2761
v -1.3855 -6.1111 22.1747 0.3279 0.3279 0.3312
v -0.8313 -6.1111 22.1689 0.3761 0.3761 0.3799
v -0.2771 -6.1111 22.0730 0.4150 0.4150 0.4191
v 0.2771 -6.1111 21.8910 0.4440 0.4440 0.4485
v 0.8313 -6.1111 21.6279 0.4647 0.4647 0.4693
v 1.3855 -6.1111 21.2890 0.4789 0.4789 0.4837
v 1.9398 -6.1111 20.8798 0.4886 0.4886 0.4934
v 2.4940 -6.1111 20.4056 0.4950 0.4950 0.5000
v 3.0482 -6.1111 19.8719 0.4992 0.4992 0.5042
v 3.6024 -6.1111 19.2836 0.5017 0.5017 0.5067
v 4.1566 -6.1111 18.6458 0.5030 0.5030 0.5080
v 4.7108 -6.1111 17.9630 0.5033 0.5033 0.5084
v 5.2651 -6.1111 17.2398 0.5029 0.5029 0.5079
v 5.8193 -6.1111 16.4808 0.5019 0.5019 0.5069
v 6.3735 -6.1111 15.6906 0.5005 0.5005 0.5055
v 6.9277 -6.1111 14.8743 0.4989 0.4989 0.5039
v 7.4819 -6.1111 14.0370 0.4972 0.4972 0.5022
v 8.0361 -6.1111 13.1844 0.4956 0.4956 0.5006
v 8.5904 -6.1111 12.3224 0.4943 0.4943 0.4992
v 9.1446 -6.1111 11.4574 0.4933 0.4933 0.4983
v 9.6988 -6.1111 10.5962 0.4929 0.4929 0.4978
v 10.2530 -6.1111 9.7454 0.4931 0.4931 0.4980
v 10.8072 -6.1111 8.9119 0.4939 0.4939 0.4989
v 11.3614 -6.1111 8.1022 0.4955 0.4955 0.5004
v 11.9157 -6.1111 7.3224 0.4976 0.4976 0.5026
v 12.4699 -6.1111 6.5780 0.5002 0.5002 0.5052
v 13.0241 -6.1111 5.8736 0.5031 0.5031 0.5082
v 13.5783 -6.1111 5.2130 0.5061 0.5061 0.5112
v 14.1325 -6.1111 4.5987 0.5089 0.5089 0.5140
v 14.6867 -6.1111 4.0321 0.5110 0.5110 0.5161
v 15.2410 -6.1111 3.5137 0.5121 0.5121 0.5172
v 15.7952 -6.1111 3.0427 0.5118 0.5118 0.5169
v 16.3494 -6.1111 2.6174 0.5098 0.5098 0.5149
v 16.9036 -6.1111 2.2357 0.5060 0.5060 0.5111
v 17.4578 -6.1111 1.8945 0.5004 0.5004 0.5054
v 18.0120 -6.1111 1.5905 0.4931 0.4931 0.4981
v 18.5663 -6.1111 1.3205 0.4845 0.4845 0.4893
v 19.1205 -6.1111 1.0811 0.4748 0.4748 0.4795
v 19.6747 -6.1111 0.8691 0.4644 0.4644 0.4691
v 20.2289 -6.1111 0.6817 0.4539 0.4539 0.4584
v 20.7831 -6.1111 0.5165 0.4435 0.4435 0.4480
v 21.3373 -6.1111 0.3711 0.4339 0.4339 0.4382
v 21.8916 -6.1111 0.2432 0.4259 0.4259 0.4301
v 22.4458 -6.1111 0.1287 0.4260 0.4260 0.4303
v 23.0000 -6.1111 0.0000 0.4284 0.4284 0.4327
v -23.0000 -4.3651 0.0000 0.2801 0.2801 0.2829
v -22.4458 -4.3651 0.1230 0.2817 0.2817 0.2845
v -21.8916 -4.3651 0.2459 0.2726 0.2726 0.2753
v -21.3373 -4.3651 0.3961 0.2529 0.2529 0.2554
v -20.7831 -4.3651 0.5793 0.2304 0.2304 0.2327
v -20.2289 -4.3651 0.7989 0.2062 0.2062 0.2083
v -19.6747 -4.3651 1.0573 0.1810 0.1810 0.1828
v -19.1205 -4.3651 1.3560 0.1552 0.1552 0.1567
v -18.5663 -4.3651 1.6960 0.1291 0.1291 0.1304
v -18.0120 -4.3651 2.0774 0.1026 0.1026 0.1036
v -17.4578 -4.3651 2.5001 0.0818 0.0818 0.0826
v -16.9036 -4.3651 2.9637 0.0768 0.0768 0.0776
v -16.3494 -4.3651 3.4676 0.0768 0.0768 0.0776
v -15.7952 -4.3651 4.0109 0.0768 0.0768 0.0776
v -15.2410 -4.3651 4.5931 0.0768 0.0768 0.0776
v -14.6867 -4.3651 5.2136 0.0768 0.0768 0.0776
v -14.1325 -4.3651 5.8716 0.0768 0.0768 0.0776
v -13.5783 -4.3651 6.5668 0.0768 0.0768 0.0776
v -13.0241 -4.3651 7.2982 0.0768 0.0768 0.0776
v -12.4699 -4.3651 8.0648 0.0768 0.0768 0.0776
v -11.9157 -4.3651 8.8651 0.0768 0.0768 0.0776
v -11.3614 -4.3651 9.6970 0.0768 0.0768 0.0776
v -10.8072 -4.3651 10.5574 0.0768 0.0768 0.0776
v -10.2530 -4.3651 11.4422 0.0768 0.0768 0.0776
v -9.6988 -4.3651 12.3463 0.0768 0.0768 0.0776
v -9.1446 -4.3651 13.2633 0.0768 0.0768 0.0776
v -8.5904 -4.3651 14.1855 0.0768 0.0768 0.0776
v -8.0361 -4.3651 15.1043 0.0768 0.0768 0.0776
v -7.4819 -4.3651 16.0099 0.0768 0.0768 0.0776
v -6.9277 -4.3651 16.8919 0.0768 0.0768 0.0776
v -6.3735 -4.3651 17.7393 0.0768 0.0768 0.0776
v -5.8193 -4.3651 18.5411 0.0768 0.0768 0.0776
v -5.2651 -4.3651 19.2863 0.0768 0.0768 0.0776
v -4.7108 -4.3651 19.9647 0.0768 0.0768 0.0776
v -4.1566 -4.3651 20.5670 0.0768 0.0768 0.0776
v -3.6024 -4.3651 21.0851 0.0954 0.0954 0.0963
v -3.0482 -4.3651 21.5125 0.1399 0.1399 0.1413
v -2.4940 -4.3651 21.8443 0.1903 0.1903 0.1922
v -1.9398 -4.3651 22.0775 0.2446 0.2446 0.2470
v -1.3855 -4.3651 22.2109 0.2993 0.2993 0.3023
v -0.8313 -4.3651 22.2452 0.3494 0.3494 0.3529
v -0.2771 -4.3651 22.1825 0.3908 0.3908 0.3947
v 0.2771 -4.3651 22.0266 0.4220 0.4220 0.4262
v 0.8313 -4.3651 21.7823 0.4439 0.4439 0.4484
v 1.3855 -4.3651 21.4554 0.4590 0.4590 0.4636
v 1.9398 -4.3651 21.0521 0.4695 0.4695 0.4742
v 2.4940 -4.3651 20.5793 0.4769 0.4769 0.4817
v 3.0482 -4.3651 20.0436 0.4825 0.4825 0.4873
v 3.6024 -4.3651 19.4516 0.4867 0.4867 0.4916
v 4.1566 -4.3651 18.8096 0.4900 0.4900 0.4949
v 4.7108 -4.3651 18.1237 0.4926 0.4926 0.4975
v 5.2651 -4.3651 17.3993 0.4945 0.4945 0.4995
v 5.8193 -4.3651 16.6416 0.4959 0.4959 0.5008
v 6.3735 -4.3651 15.8555 0.4967 0.4967 0.5016
v 6.9277 -4.3651 15.0457 0.4970 0.4970 0.5020
v 7.4819 -4.3651 14.2168 0.4969 0.4969 0.5019
v 8.0361 -4.3651 13.3735 0.4965 0.4965 0.5015
v 8.5904 -4.3651 12.5208 0.4959 0.4959 0.5009
v 9.1446 -4.3651 11.6637 0.4952 0.4952 0.5002
v 9.6988 -4.3651 10.8077 0.4946 0.4946 0.4995
v 10.2530 -4.3651 9.9585 0.4942 0.4942 0.4991
v 10.8072 -4.3651 9.1220 0.4940 0.4940 0.4989
v 11.3614 -4.3651 8.3043 0.4942 0.4942 0.4992
v 11.9157 -4.3651 7.5113 0.4949 0.4949 0.4998
v 12.4699 -4.3651 6.7489 0.4959 0.4959 0.5009
v 13.0241 -4.3651 6.0222 0.4973 0.4973 0.5023
v 13.5783 -4.3651 5.3361 0.4990 0.4990 0.5039
v 14.1325 -4.3651 4.6944 0.5006 0.5006 0.5056
v 14.6867 -4.3651 4.0999 0.5020 0.5020 0.5070
v 15.2410 -4.3651 3.5546 0.5027 0.5027 0.5077
v 15.7952 -4.3651 3.0591 0.5025 0.5025 0.5075
v 16.3494 -4.3651 2.6130 0.5008 0.5008 0.5058
v 16.9036 -4.3651 2.2149 0.4976 0.4976 0.5025
v 17.4578 -4.3651 1.8625 0.4925 0.4925 0.4974
v 18.0120 -4.3651 1.5526 0.4857 0.4857 0.4906
v 18.5663 -4.3651 1.2817 0.4774 0.4774 0.4822
v 19.1205 -4.3651 1.0457 0.4680 0.4680 0.4727
v 19.6747 -4.3651 0.8404 0.4580 0.4580 0.4626
v 20.2289 -4.3651 0.6619 0.4480 0.4480 0.4524
v 20.7831 -4.3651 0.5061 0.4384 0.4384 0.4427
v 21.3373 -4.3651 0.3693 0.4299 0.4299 0.4342
v 21.8916 -4.3651 0.2475 0.4236 0.4236 0.4278
v 22.4458 -4.3651 0.1351 0.4267 0.4267 0.4310
v 23.0000 -4.3651 0.0000 0.4308 0.4308 0.4352
v -23.0000 -2.6190 0.0000 0.2719 0.2719 0.2747
v -22.4458 -2.6190 0.1325 0.2771 0.2771 0.2799
v -21.8916 -2.6190 0.2570 0.2709 0.2709 0.2736
v -21.3373 -2.6190 0.4048 0.2534 0.2534 0.2559
v -20.7831 -2.6190 0.5825 0.2331 0.2331 0.2354
v -20.2289 -2.6190 0.7945 0.2109 0.2109 0.2130
v -19.6747 -2.6190 1.0441 0.1876 0.1876 0.1895
v -19.1205 -2.6190 1.3338 0.1637 0.1637 0.1653
v -18.5663 -2.6190 1.6651 0.1395 0.1395 0.1409
v -18.0120 -2.6190 2.0389 0.1153 0.1153 0.1164
v -17.4578 -2.6190 2.4553 0.0917 0.0917 0.0926
v -16.9036 -2.6190 2.9140 0.0780 0.0780 0.0788
v -16.3494 -2.6190 3.4141 0.0768 0.0768 0.0776
v -15.7952 -2.6190 3.9542 0.0768 0.0768 0.0776
v -15.2410 -2.6190 4.5330 0.0768 0.0768 0.0776
v -14.6867 -2.6190 5.1489 0.0768 0.0768 0.0776
v -14.1325 -2.6190 5.8003 0.0768 0.0768 0.0776
v -13.5783 -2.6190 6.4857 0.0768 0.0768 0.0776
v -13.0241 -2.6190 7.2035 0.0768 0.0768 0.0776
v -12.4699 -2.6190 7.9522 0.0768 0.0768 0.0776
v -11.9157 -2.6190 8.7301 0.0768 0.0768 0.0776
v -11.3614 -2.6190 9.5353 0.0768 0.0768 0.0776
v -10.8072 -2.6190 10.3655 0.0768 0.0768 0.0776
v -10.2530 -2.6190 11.2179 0.0768 0.0768 0.0776
v -9.6988 -2.6190 12.0886 0.0768 0.0768 0.0776
v -9.1446 -2.6190 12.9732 0.0768 0.0768 0.0776
v -8.5904 -2.6190 13.8660 0.0768 0.0768 0.0776
v -8.0361 -2.6190 14.7602 0.0768 0.0768 0.0776
v -7.4819 -2.6190 15.6482 0.0768 0.0768 0.0776
v -6.9277 -2.6190 16.5211 0.0768 0.0768 0.0776
v -6.3735 -2.6190 17.3693 0.0768 0.0768 0.0776
v -5.8193 -2.6190 18.1825 0.0768 0.0768 0.0776
v -5.2651 -2.6190 18.9500 0.0768 0.0768 0.0776
v -4.7108 -2.6190 19.6614 0.0768 0.0768 0.0776
v -4.1566 -2.6190 20.3063 0.0768 0.0768 0.0776
v -3.6024 -2.6190 20.8752 0.0810 0.0810 0.0819
v -3.0482 -2.6190 21.3594 0.1118 0.1118 0.1130
v -2.4940 -2.6190 21.7521 0.1585 0.1585 0.1601
v -1.9398 -2.6190 22.0475 0.2100 0.2100 0.2121
v -1.3855 -2.6190 22.2420 0.2647 0.2647 0.2674
v -0.8313 -2.6190 22.3338 0.3181 0.3181 0.3212
v -0.2771 -2.6190 22.3230 0.3646 0.3646 0.3682
v 0.2771 -2.6190 22.2117 0.4006 0.4006 0.4046
v 0.8313 -2.6190 22.0033 0.4261 0.4261 0.4304
v 1.3855 -2.6190 21.7031 0.4432 0.4432 0.4476
v 1.9398 -2.6190 21.3173 0.4545 0.4545 0.4591
v 2.4940 -2.6190 20.8530 0.4624 0.4624 0.4670
v 3.0482 -2.6190 20.3181 0.4684 0.4684 0.4731
v 3.6024 -2.6190 19.7205 0.4733 0.4733 0.4780
v 4.1566 -2.6190 19.0682 0.4775 0.4775 0.4823
v 4.7108 -2.6190 18.3689 0.4813 0.4813 0.4861
v 5.2651 -2.6190 17.6298 0.4848 0.4848 0.4897
v 5.8193 -2.6190 16.8579 0.4879 0.4879 0.4928
v 6.3735 -2.6190 16.0593 0.4907 0.4907 0.4956
v 6.9277 -2.6190 15.2396 0.4929 0.4929 0.4978
v 7.4819 -2.6190 14.4042 0.4947 0.4947 0.4996
v 8.0361 -2.6190 13.5577 0.4959 0.4959 0.5009
v 8.5904 -2.6190 12.7048 0.4966 0.4966 0.5016
v 9.1446 -2.6190 11.8500 0.4969 0.4969 0.5019
v 9.6988 -2.6190 10.9977 0.4969 0.4969 0.5019
v 10.2530 -2.6190 10.1525 0.4966 0.4966 0.5015
v 10.8072 -2.6190 9.3192 0.4961 0.4961 0.5010
v 11.3614 -2.6190 8.5028 0.4955 0.4955 0.5004
v 11.9157 -2.6190 7.7081 0.4950 0.4950 0.4999
v 12.4699 -2.6190 6.9404 0.4946 0.4946 0.4995
v 13.0241 -2.6190 6.2046 0.4943 0.4943 0.4993
v 13.5783 -2.6190 5.5054 0.4942 0.4942 0.4992
v 14.1325 -2.6190 4.8471 0.4942 0.4942 0.4991
v 14.6867 -2.6190 4.2332 0.4940 0.4940 0.4990
v 15.2410 -2.6190 3.6665 0.4936 0.4936 0.4985
v 15.7952 -2.6190 3.1490 0.4926 0.4926 0.4975
v 16.3494 -2.6190 2.6814 0.4906 0.4906 0.4955
v 16.9036 -2.6190 2.2634 0.4875 0.4875 0.4923
v 17.4578 -2.6190 1.8938 0.4828 0.4828 0.4877
v 18.0120 -2.6190 1.5702 0.4767 0.4767 0.4815
v 18.5663 -2.6190 1.2893 0.4692 0.4692 0.4739
v 19.1205 -2.6190 1.0473 0.4605 0.4605 0.4652
v 19.6747 -2.6190 0.8397 0.4514 0.4514 0.4559
v 20.2289 -2.6190 0.6617 0.4422 0.4422 0.4466
v 20.7831 -2.6190 0.5085 0.4337 0.4337 0.4380
v 21.3373 -2.6190 0.3749 0.4266 0.4266 0.4308
v 21.8916 -2.6190 0.2556 0.4220 0.4220 0.4263
v 22.4458 -2.6190 0.1429 0.4280 0.4280 0.4323
v 23.0000 -2.6190 0.0000 0.4339 0.4339 0.4382
v -23.0000 -0.8730 0.0000 0.2611 0.2611 0.2637
v -22.4458 -0.8730 0.1477 0.2701 0.2701 0.2728
v -21.8916 -0.8730 0.2770 0.2685 0.2685 0.2712
v -21.3373 -0.8730 0.4236 0.2542 0.2542 0.2567
v -20.7831 -0.8730 0.5951 0.2369 0.2369 0.2393
v -20.2289 -0.8730 0.7964 0.2178 0.2178 0.2199
v -19.6747 -0.8730 1.0316 0.1972 0.1972 0.1992
v -19.1205 -0.8730 1.3042 0.1758 0.1758 0.1775
v -18.5663 -0.8730 1.6169 0.1537 0.1537 0.1553
v -18.0120 -0.8730 1.9718 0.1314 0.1314 0.1327
v -17.4578 -0.8730 2.3699 0.1089 0.1089 0.1100
v -16.9036 -0.8730 2.8119 0.0876 0.0876 0.0884
v -16.3494 -0.8730 3.2973 0.0773 0.0773 0.0781
v -15.7952 -0.8730 3.8254 0.0768 0.0768 0.0776
v -15.2410 -0.8730 4.3946 0.0768 0.0768 0.0776
v -14.6867 -0.8730 5.0029 0.0768 0.0768 0.0776
v -14.1325 -0.8730 5.6483 0.0768 0.0768 0.0776
v -13.5783 -0.8730 6.3283 0.0768 0.0768 0.0776
v -13.0241 -0.8730 7.0405 0.0768 0.0768 0.0776
v -12.4699 -0.8730 7.7823 0.0768 0.0768 0.0776
v -11.9157 -0.8730 8.5514 0.0768 0.0768 0.0776
v -11.3614 -0.8730 9.3452 0.0768 0.0768 0.0776
v -10.8072 -0.8730 10.1611 0.0768 0.0768 0.0776
v -10.2530 -0.8730 10.9962 0.0768 0.0768 0.0776
v -9.6988 -0.8730 11.8473 0.0768 0.0768 0.0776
v -9.1446 -0.8730 12.7109 0.0768 0.0768 0.0776
v -8.5904 -0.8730 13.5824 0.0768 0.0768 0.0776
v -8.0361 -0.8730 14.4567 0.0768 0.0768 0.0776
v -7.4819 -0.8730 15.3278 0.0768 0.0768 0.0776
v -6.9277 -0.8730 16.1886 0.0768 0.0768 0.0776
v -6.3735 -0.8730 17.0313 0.0768 0.0768 0.0776
v -5.8193 -0.8730 17.8471 0.0768 0.0768 0.0776
v -5.2651 -0.8730 18.6264 0.0768 0.0768 0.0776
v -4.7108 -0.8730 19.3594 0.0768 0.0768 0.0776
v -4.1566 -0.8730 20.0359 0.0768 0.0768 0.0776
v -3.6024 -0.8730 20.6459 0.0768 0.0768 0.0776
v -3.0482 -0.8730 21.1799 0.0880 0.0880 0.0889
v -2.4940 -0.8730 21.6291 0.1272 0.1272 0.1284
v -1.9398 -0.8730 21.9862 0.1760 0.1760 0.1778
v -1.3855 -0.8730 22.2450 0.2299 0.2299 0.2322
v -0.8313 -0.8730 22.4012 0.2857 0.2857 0.2886
v -0.2771 -0.8730 22.4525 0.3381 0.3381 0.3415
v 0.2771 -0.8730 22.3983 0.3814 0.3814 0.3852
v 0.8313 -0.8730 22.2403 0.4129 0.4129 0.4170
v 1.3855 -0.8730 21.9817 0.4337 0.4337 0.4381
v 1.9398 -0.8730 21.6278 0.4468 0.4468 0.4512
v 2.4940 -0.8730 21.1851 0.4550 0.4550 0.4596
v 3.0482 -0.8730 20.6614 0.4607 0.4607 0.4653
v 3.6024 -0.8730 20.0653 0.4650 0.4650 0.4697
v 4.1566 -0.8730 19.4059 0.4689 0.4689 0.4736
v 4.7108 -0.8730 18.6925 0.4726 0.4726 0.4773
v 5.2651 -0.8730 17.9343 0.4762 0.4762 0.4810
v 5.8193 -0.8730 17.1401 0.4799 0.4799 0.4847
v 6.3735 -0.8730 16.3181 0.4834 0.4834 0.4883
v 6.9277 -0.8730 15.4758 0.4868 0.4868 0.4917
v 7.4819 -0.8730 14.6199 0.4899 0.4899 0.4948
v 8.0361 -0.8730 13.7567 0.4925 0.4925 0.4974
v 8.5904 -0.8730 12.8912 0.4946 0.4946 0.4996
v 9.1446 -0.8730 12.0284 0.4962 0.4962 0.5012
v 9.6988 -0.8730 11.1726 0.4972 0.4972 0.5022
v 10.2530 -0.8730 10.3277 0.4976 0.4976 0.5026
v 10.8072 -0.8730 9.4975 0.4975 0.4975 0.5025
v 11.3614 -0.8730 8.6859 0.4969 0.4969 0.5019
v 11.9157 -0.8730 7.8966 0.4960 0.4960 0.5009
v 12.4699 -0.8730 7.1334 0.4947 0.4947 0.4997
v 13.0241 -0.8730 6.4001 0.4933 0.4933 0.4982
v 13.5783 -0.8730 5.7005 0.4917 0.4917 0.4966
v 14.1325 -0.8730 5.0384 0.4900 0.4900 0.4949
v 14.6867 -0.8730 4.4169 0.4882 0.4882 0.4931
v 15.2410 -0.8730 3.8391 0.4863 0.4863 0.4911
v 15.7952 -0.8730 3.3071 0.4840 0.4840 0.4888
v 16.3494 -0.8730 2.8227 0.4812 0.4812 0.4860
v 16.9036 -0.8730 2.3863 0.4776 0.4776 0.4824
v 17.4578 -0.8730 1.9977 0.4732 0.4732 0.4779
v 18.0120 -0.8730 1.6557 0.4676 0.4676 0.4723
v 18.5663 -0.8730 1.3578 0.4611 0.4611 0.4657
v 19.1205 -0.8730 1.1009 0.4536 0.4536 0.4582
v 19.6747 -0.8730 0.8810 0.4457 0.4457 0.4502
v 20.2289 -0.8730 0.6936 0.4379 0.4379 0.4423
v 20.7831 -0.8730 0.5333 0.4307 0.4307 0.4350
v 21.3373 -0.8730 0.3945 0.4250 0.4250 0.4293
v 21.8916 -0.8730 0.2708 0.4221 0.4221 0.4264
v 22.4458 -0.8730 0.1533 0.4304 0.4304 0.4347
v 23.0000 -0.8730 0.0000 0.4377 0.4377 0.4421
v -23.0000 0.8730 0.0000 0.2508 0.2508 0.2533
v -22.4458 0.8730 0.1645 0.2627 0.2627 0.2653
v -21.8916 0.8730 0.3005 0.2661 0.2661 0.2688
v -21.3373 0.8730 0.4480 0.2553 0.2553 0.2579
v -20.7831 0.8730 0.6144 0.2415 0.2415 0.2440
v -20.2289 0.8730 0.8049 0.2258 0.2258 0.2280
v -19.6747 0.8730 1.0240 0.2084 0.2084 0.2105
v -19.1205 0.8730 1.2758 0.1897 0.1897 0.1916
v -18.5663 0.8730 1.5642 0.1699 0.1699 0.1716
v -18.0120 0.8730 1.8923 0.1494 0.1494 0.1509
v -17.4578 0.8730 2.2628 0.1284 0.1284 0.1297
v -16.9036 0.8730 2.6776 0.1069 0.1069 0.1080
v -16.3494 0.8730 3.1377 0.0861 0.0861 0.0869
v -15.7952 0.8730 3.6434 0.0769 0.0769 0.0777
v -15.2410 0.8730 4.1939 0.0768 0.0768 0.0776
v -14.6867 0.8730 4.7878 0.0768 0.0768 0.0776
v -14.1325 0.8730 5.4232 0.0768 0.0768 0.0776
v -13.5783 0.8730 6.0973 0.0768 0.0768 0.0776
v -13.0241 0.8730 6.8071 0.0768 0.0768 0.0776
v -12.4699 0.8730 7.5493 0.0768 0.0768 0.0776
v -11.9157 0.8730 8.3203 0.0768 0.0768 0.0776
v -11.3614 0.8730 9.1164 0.0768 0.0768 0.0776
v -10.8072 0.8730 9.9342 0.0768 0.0768 0.0776
v -10.2530 0.8730 10.7697 0.0768 0.0768 0.0776
v -9.6988 0.8730 11.6193 0.0768 0.0768 0.0776
v -9.1446 0.8730 12.4790 0.0768 0.0768 0.0776
v -8.5904 0.8730 13.3445 0.0768 0.0768 0.0776
v -8.0361 0.8730 14.2113 0.0768 0.0768 0.0776
v -7.4819 0.8730 15.0741 0.0768 0.0768 0.0776
v -6.9277 0.8730 15.9273 0.0768 0.0768 0.0776
v -6.3735 0.8730 16.7643 0.0768 0.0768 0.0776
v -5.8193 0.8730 17.5780 0.0768 0.0768 0.0776
v -5.2651 0.8730 18.3604 0.0768 0.0768 0.0776
v -4.7108 0.8730 19.1029 0.0768 0.0768 0.0776
v -4.1566 0.8730 19.7965 0.0768 0.0768 0.0776
v -3.6024 0.8730 20.4319 0.0768 0.0768 0.0776
v -3.0482 0.8730 20.9996 0.0776 0.0776 0.0784
v -2.4940 0.8730 21.4907 0.1012 0.1012 0.1023
v -1.9398 0.8730 21.8967 0.1479 0.1479 0.1494
v -1.3855 0.8730 22.2102 0.2005 0.2005 0.2025
v -0.8313 0.8730 22.4251 0.2573 0.2573 0.2599
v -0.2771 0.8730 22.5367 0.3142 0.3142 0.3174
v 0.2771 0.8730 22.5422 0.3649 0.3649 0.3685
v 0.8313 0.8730 22.4409 0.4042 0.4042 0.4082
v 1.3855 0.8730 22.2338 0.4308 0.4308 0.4351
v 1.9398 0.8730 21.9241 0.4469 0.4469 0.4514
v 2.4940 0.8730 21.5169 0.4560 0.4560 0.4606
v 3.0482 0.8730 21.0188 0.4612 0.4612 0.4658
v 3.6024 0.8730 20.4381 0.4643 0.4643 0.4689
v 4.1566 0.8730 19.7838 0.4666 0.4666 0.4713
v 4.7108 0.8730 19.0661 0.4689 0.4689 0.4736
v 5.2651 0.8730 18.2953 0.4713 0.4713 0.4760
v 5.8193 0.8730 17.4818 0.4740 0.4740 0.4788
v 6.3735 0.8730 16.6359 0.4770 0.4770 0.4818
v 6.9277 0.8730 15.7671 0.4802 0.4802 0.4850
v 7.4819 0.8730 14.8843 0.4834 0.4834 0.4882
v 8.0361 0.8730 13.9954 0.4866 0.4866 0.4914
v 8.5904 0.8730 13.1075 0.4895 0.4895 0.4943
v 9.1446 0.8730 12.2265 0.4920 0.4920 0.4969
v 9.6988 0.8730 11.3575 0.4940 0.4940 0.4989
v 10.2530 0.8730 10.5048 0.4954 0.4954 0.5004
v 10.8072 0.8730 9.6721 0.4962 0.4962 0.5011
v 11.3614 0.8730 8.8624 0.4962 0.4962 0.5012
v 11.9157 0.8730 8.0785 0.4956 0.4956 0.5005
v 12.4699 0.8730 7.3230 0.4943 0.4943 0.4993
v 13.0241 0.8730 6.5982 0.4925 0.4925 0.4974
v 13.5783 0.8730 5.9066 0.4902 0.4902 0.4951
v 14.1325 0.8730 5.2505 0.4875 0.4875 0.4924
v 14.6867 0.8730 4.6321 0.4845 0.4845 0.4894
v 15.2410 0.8730 4.0536 0.4813 0.4813 0.4861
v 15.7952 0.8730 3.5167 0.4778 0.4778 0.4826
v 16.3494 0.8730 3.0231 0.4741 0.4741 0.4788
v 16.9036 0.8730 2.5736 0.4700 0.4700 0.4747
v 17.4578 0.8730 2.1685 0.4654 0.4654 0.4701
v 18.0120 0.8730 1.8075 0.4604 0.4604 0.4650
v 18.5663 0.8730 1.4892 0.4548 0.4548 0.4594
v 19.1205 0.8730 1.2115 0.4487 0.4487 0.4532
v 19.6747 0.8730 0.9714 0.4424 0.4424 0.4468
v 20.2289 0.8730 0.7650 0.4362 0.4362 0.4405
v 20.7831 0.8730 0.5877 0.4306 0.4306 0.4349
v 21.3373 0.8730 0.4342 0.4263 0.4263 0.4306
v 21.8916 0.8730 0.2976 0.4247 0.4247 0.4290
v 22.4458 0.8730 0.1684 0.4347 0.4347 0.4391
v 23.0000 0.8730 0.0000 0.4428 0.4428 0.4473
v -23.0000 2.6190 0.0000 0.2443 0.2443 0.2468
v -22.4458 2.6190 0.1776 0.2574 0.2574 0.2600
v -21.8916 2.6190 0.3199 0.2653 0.2653 0.2679
v -21.3373 2.6190 0.4692 0.2576 0.2576 0.2602
v -20.7831 2.6190 0.6325 0.2469 0.2469 0.2493
v -20.2289 2.6190 0.8144 0.2342 0.2342 0.2365
v -19.6747 2.6190 1.0192 0.2197 0.2197 0.2219
v -19.1205 2.6190 1.2513 0.2036 0.2036 0.2057
v -18.5663 2.6190 1.5150 0.1860 0.1860 0.1879
v -18.0120 2.6190 1.8144 0.1671 0.1671 0.1688
v -17.4578 2.6190 2.1534 0.1471 0.1471 0.1486
v -16.9036 2.6190 2.5354 0.1263 0.1263 0.1276
v -16.3494 2.6190 2.9629 0.1047 0.1047 0.1057
v -15.7952 2.6190 3.4379 0.0840 0.0840 0.0849
v -15.2410 2.6190 3.9611 0.0768 0.0768 0.0776
v -14.6867 2.6190 4.5324 0.0768 0.0768 0.0776
v -14.1325 2.6190 5.1506 0.0768 0.0768 0.0776
v -13.5783 2.6190 5.8136 0.0768 0.0768 0.0776
v -13.0241 2.6190 6.5184 0.0768 0.0768 0.0776
v -12.4699 2.6190 7.2615 0.0768 0.0768 0.0776
v -11.9157 2.6190 8.0385 0.0768 0.0768 0.0776
v -11.3614 2.6190 8.8447 0.0768 0.0768 0.0776
v -10.8072 2.6190 9.6754 0.0768 0.0768 0.0776
v -10.2530 2.6190 10.5253 0.0768 0.0768 0.0776
v -9.6988 2.6190 11.3893 0.0768 0.0768 0.0776
v -9.1446 2.6190 12.2623 0.0768 0.0768 0.0776
v -8.5904 2.6190 13.1390 0.0768 0.0768 0.0776
v -8.0361 2.6190 14.0143 0.0768 0.0768 0.0776
v -7.4819 2.6190 14.8828 0.0768 0.0768 0.0776
v -6.9277 2.6190 15.7389 0.0768 0.0768 0.0776
v -6.3735 2.6190 16.5769 0.0768 0.0768 0.0776
v -5.8193 2.6190 17.3905 0.0768 0.0768 0.0776
v -5.2651 2.6190 18.1731 0.0768 0.0768 0.0776
v -4.7108 2.6190 18.9176 0.0768 0.0768 0.0776
v -4.1566 2.6190 19.6164 0.0768 0.0768 0.0776
v -3.6024 2.6190 20.2615 0.0768 0.0768 0.0776
v -3.0482 2.6190 20.8449 0.0768 0.0768 0.0776
v -2.4940 2.6190 21.3582 0.0885 0.0885 0.0894
v -1.9398 2.6190 21.7934 0.1285 0.1285 0.1298
v -1.3855 2.6190 22.1430 0.1804 0.1804 0.1822
v -0.8313 2.6190 22.4002 0.2371 0.2371 0.2395
v -0.2771 2.6190 22.5592 0.2963 0.2963 0.2993
v 0.2771 2.6190 22.6158 0.3523 0.3523 0.3558
v 0.8313 2.6190 22.5672 0.3989 0.3989 0.4029
v 1.3855 2.6190 22.4125 0.4324 0.4324 0.4367
v 1.9398 2.6190 22.1526 0.4531 0.4531 0.4576
v 2.4940 2.6190 21.7906 0.4642 0.4642 0.4688
v 3.0482 2.6190 21.3313 0.4693 0.4693 0.4740
v 3.6024 2.6190 20.7813 0.4711 0.4711 0.4758
v 4.1566 2.6190 20.1489 0.4715 0.4715 0.4762
v 4.7108 2.6190 19.4437 0.4714 0.4714 0.4762
v 5.2651 2.6190 18.6762 0.4716 0.4716 0.4763
v 5.8193 2.6190 17.8574 0.4722 0.4722 0.4770
v 6.3735 2.6190 16.9986 0.4734 0.4734 0.4781
v 6.9277 2.6190 16.1111 0.4751 0.4751 0.4798
v 7.4819 2.6190 15.2054 0.4772 0.4772 0.4820
v 8.0361 2.6190 14.2916 0.4796 0.4796 0.4844
v 8.5904 2.6190 13.3785 0.4822 0.4822 0.4870
v 9.1446 2.6190 12.4740 0.4848 0.4848 0.4896
v 9.6988 2.6190 11.5848 0.4872 0.4872 0.4921
v 10.2530 2.6190 10.7163 0.4893 0.4893 0.4942
v 10.8072 2.6190 9.8727 0.4909 0.4909 0.4958
v 11.3614 2.6190 9.0575 0.4918 0.4918 0.4967
v 11.9157 2.6190 8.2731 0.4920 0.4920 0.4969
v 12.4699 2.6190 7.5214 0.4915 0.4915 0.4964
v 13.0241 2.6190 6.8036 0.4902 0.4902 0.4951
v 13.5783 2.6190 6.1209 0.4881 0.4881 0.4930
v 14.1325 2.6190 5.4741 0.4854 0.4854 0.4902
v 14.6867 2.6190 4.8639 0.4821 0.4821 0.4869
v 15.2410 2.6190 4.2912 0.4784 0.4784 0.4832
v 15.7952 2.6190 3.7566 0.4744 0.4744 0.4791
v 16.3494 2.6190 3.2609 0.4701 0.4701 0.4748
v 16.9036 2.6190 2.8045 0.4657 0.4657 0.4703
v 17.4578 2.6190 2.3877 0.4612 0.4612 0.4658
v 18.0120 2.6190 2.0105 0.4565 0.4565 0.4611
v 18.5663 2.6190 1.6721 0.4518 0.4518 0.4563
v 19.1205 2.6190 1.3715 0.4470 0.4470 0.4515
v 19.6747 2.6190 1.1068 0.4422 0.4422 0.4466
v 20.2289 2.6190 0.8752 0.4376 0.4376 0.4420
v 20.7831 2.6190 0.6732 0.4336 0.4336 0.4379
v 21.3373 2.6190 0.4964 0.4306 0.4306 0.4349
v 21.8916 2.6190 0.3386 0.4301 0.4301 0.4344
v 22.4458 2.6190 0.1901 0.4413 0.4413 0.4457
v 23.0000 2.6190 0.0000 0.4498 0.4498 0.4543
v -23.0000 4.3651 0.0000 0.2443 0.2443 0.2467
v -22.4458 4.3651 0.1825 0.2566 0.2566 0.2591
v -21.8916 4.3651 0.3275 0.2673 0.2673 0.2699
v -21.3373 4.3651 0.4776 0.2617 0.2617 0.2643
v -20.7831 4.3651 0.6388 0.2531 0.2531 0.2557
v -20.2289 4.3651 0.8149 0.2426 0.2426 0.2450
v -19.6747 4.3651 1.0095 0.2303 0.2303 0.2326
v -19.1205 4.3651 1.2265 0.2162 0.2162 0.2183
v -18.5663 4.3651 1.4701 0.2002 0.2002 0.2022
v -18.0120 4.3651 1.7446 0.1826 0.1826 0.1844
v -17.4578 4.3651 2.0548 0.1633 0.1633 0.1649
v -16.9036 4.3651 2.4049 0.1426 0.1426 0.1440
v -16.3494 4.3651 2.7989 0.1208 0.1208 0.1220
v -15.7952 4.3651 3.2402 0.0977 0.0977 0.0987
v -15.2410 4.3651 3.7312 0.0798 0.0798 0.0806
v -14.6867 4.3651 4.2735 0.0768 0.0768 0.0776
v -14.1325 4.3651 4.8673 0.0768 0.0768 0.0776
v -13.5783 4.3651 5.5117 0.0768 0.0768 0.0776
v -13.0241 4.3651 6.2048 0.0768 0.0768 0.0776
v -12.4699 4.3651 6.9432 0.0768 0.0768 0.0776
v -11.9157 4.3651 7.7228 0.0768 0.0768 0.0776
v -11.3614 4.3651 8.5384 0.0768 0.0768 0.0776
v -10.8072 4.3651 9.3842 0.0768 0.0768 0.0776
v -10.2530 4.3651 10.2538 0.0768 0.0768 0.0776
v -9.6988 4.3651 11.1406 0.0768 0.0768 0.0776
v -9.1446 4.3651 12.0379 0.0768 0.0768 0.0776
v -8.5904 4.3651 12.9388 0.0768 0.0768 0.0776
v -8.0361 4.3651 13.8366 0.0768 0.0768 0.0776
v -7.4819 4.3651 14.7247 0.0768 0.0768 0.0776
v -6.9277 4.3651 15.5968 0.0768 0.0768 0.0776
v -6.3735 4.3651 16.4466 0.0768 0.0768 0.0776
v -5.8193 4.3651 17.2680 0.0768 0.0768 0.0776
v -5.2651 4.3651 18.0547 0.0768 0.0768 0.0776
v -4.7108 4.3651 18.8006 0.0768 0.0768 0.0776
v -4.1566 4.3651 19.4994 0.0768 0.0768 0.0776
v -3.6024 4.3651 20.1445 0.0768 0.0768 0.0776
v -3.0482 4.3651 20.7296 0.0768 0.0768 0.0776
v -2.4940 4.3651 21.2477 0.0848 0.0848 0.0857
v -1.9398 4.3651 21.6924 0.1189 0.1189 0.1201
v -1.3855 4.3651 22.0572 0.1708 0.1708 0.1725
v -0.8313 4.3651 22.3358 0.2272 0.2272 0.2295
v -0.2771 4.3651 22.5229 0.2868 0.2868 0.2897
v 0.2771 4.3651 22.6137 0.3453 0.3453 0.3488
v 0.8313 4.3651 22.6048 0.3967 0.3967 0.4007
v 1.3855 4.3651 22.4940 0.4360 0.4360 0.4404
v 1.9398 4.3651 22.2805 0.4618 0.4618 0.4665
v 2.4940 4.3651 21.9656 0.4761 0.4761 0.4809
v 3.0482 4.3651 21.5520 0.4822 0.4822 0.4870
v 3.6024 4.3651 21.0446 0.4835 0.4835 0.4883
v 4.1566 4.3651 20.4497 0.4822 0.4822 0.4870
v 4.7108 4.3651 19.7754 0.4799 0.4799 0.4847
v 5.2651 4.3651 19.0312 0.4774 0.4774 0.4822
v 5.8193 4.3651 18.2274 0.4754 0.4754 0.4801
v 6.3735 4.3651 17.3754 0.4740 0.4740 0.4787
v 6.9277 4.3651 16.4867 0.4732 0.4732 0.4780
v 7.4819 4.3651 15.5730 0.4732 0.4732 0.4779
v 8.0361 4.3651 14.6455 0.4739 0.4739 0.4786
v 8.5904 4.3651 13.7147 0.4750 0.4750 0.4798
v 9.1446 4.3651 12.7902 0.4766 0.4766 0.4814
v 9.6988 4.3651 11.8804 0.4785 0.4785 0.4833
v 10.2530 4.3651 10.9923 0.4804 0.4804 0.4852
v 10.8072 4.3651 10.1318 0.4823 0.4823 0.4871
v 11.3614 4.3651 9.3031 0.4838 0.4838 0.4886
v 11.9157 4.3651 8.5094 0.4849 0.4849 0.4897
v 12.4699 4.3651 7.7526 0.4853 0.4853 0.4902
v 13.0241 4.3651 7.0339 0.4851 0.4851 0.4899
v 13.5783 4.3651 6.3535 0.4841 0.4841 0.4889
v 14.1325 4.3651 5.7114 0.4823 0.4823 0.4871
v 14.6867 4.3651 5.1070 0.4797 0.4797 0.4845
v 15.2410 4.3651 4.5398 0.4766 0.4766 0.4814
v 15.7952 4.3651 4.0090 0.4730 0.4730 0.4777
v 16.3494 4.3651 3.5141 0.4691 0.4691 0.4738
v 16.9036 4.3651 3.0547 0.4650 0.4650 0.4696
v 17.4578 4.3651 2.6303 0.4608 0.4608 0.4654
v 18.0120 4.3651 2.2406 0.4567 0.4567 0.4613
v 18.5663 4.3651 1.8850 0.4528 0.4528 0.4573
v 19.1205 4.3651 1.5628 0.4491 0.4491 0.4536
v 19.6747 4.3651 1.2730 0.4455 0.4455 0.4500
v 20.2289 4.3651 1.0140 0.4423 0.4423 0.4467
v 20.7831 4.3651 0.7835 0.4395 0.4395 0.4439
v 21.3373 4.3651 0.5782 0.4377 0.4377 0.4421
v 21.8916 4.3651 0.3931 0.4380 0.4380 0.4423
v 22.4458 4.3651 0.2190 0.4498 0.4498 0.4543
v 23.0000 4.3651 0.0000 0.4586 0.4586 0.4632
v -23.0000 6.1111 0.0000 0.2513 0.2513 0.2538
v -22.4458 6.1111 0.1766 0.2614 0.2614 0.2640
v -21.8916 6.1111 0.3184 0.2729 0.2729 0.2756
v -21.3373 6.1111 0.4659 0.2682 0.2682 0.2709
v -20.7831 6.1111 0.6242 0.2606 0.2606 0.2632
v -20.2289 6.1111 0.7962 0.2511 0.2511 0.2536
v -19.6747 6.1111 0.9845 0.2397 0.2397 0.2421
v -19.1205 6.1111 1.1923 0.2265 0.2265 0.2288
v -18.5663 6.1111 1.4231 0.2114 0.2114 0.2135
v -18.0120 6.1111 1.6810 0.1942 0.1942 0.1962
v -17.4578 6.1111 1.9703 0.1752 0.1752 0.1769
v -16.9036 6.1111 2.2958 0.1544 0.1544 0.1559
v -16.3494 6.1111 2.6620 0.1321 0.1321 0.1334
v -15.7952 6.1111 3.0733 0.1084 0.1084 0.1095
v -15.2410 6.1111 3.5334 0.0850 0.0850 0.0858
v -14.6867 6.1111 4.0452 0.0768 0.0768 0.0776
v -14.1325 6.1111 4.6107 0.0768 0.0768 0.0776
v -13.5783 6.1111 5.2306 0.0768 0.0768 0.0776
v -13.0241 6.1111 5.9040 0.0768 0.0768 0.0776
v -12.4699 6.1111 6.6291 0.0768 0.0768 0.0776
v -11.9157 6.1111 7.4023 0.0768 0.0768 0.0776
v -11.3614 6.1111 8.2189 0.0768 0.0768 0.0776
v -10.8072 6.1111 9.0729 0.0768 0.0768 0.0776
v -10.2530 6.1111 9.9574 0.0768 0.0768 0.0776
v -9.6988 6.1111 10.8649 0.0768 0.0768 0.0776
v -9.1446 6.1111 11.7872 0.0768 0.0768 0.0776
v -8.5904 6.1111 12.7159 0.0768 0.0768 0.0776
v -8.0361 6.1111 13.6425 0.0768 0.0768 0.0776
v -7.4819 6.1111 14.5587 0.0768 0.0768 0.0776
v -6.9277 6.1111 15.4565 0.0768 0.0768 0.0776
v -6.3735 6.1111 16.3284 0.0768 0.0768 0.0776
v -5.8193 6.1111 17.1672 0.0768 0.0768 0.0776
v -5.2651 6.1111 17.9662 0.0768 0.0768 0.0776
v -4.7108 6.1111 18.7192 0.0768 0.0768 0.0776
v -4.1566 6.1111 19.4204 0.0768 0.0768 0.0776
v -3.6024 6.1111 20.0643 0.0768 0.0768 0.0776
v -3.0482 6.1111 20.6456 0.0768 0.0768 0.0776
v -2.4940 6.1111 21.1592 0.0856 0.0856 0.0865
v -1.9398 6.1111 21.6003 0.1187 0.1187 0.1199
v -1.3855 6.1111 21.9640 0.1709 0.1709 0.1727
v -0.8313 6.1111 22.2459 0.2271 0.2271 0.2293
v -0.2771 6.1111 22.4419 0.2861 0.2861 0.2890
v 0.2771 6.1111 22.5481 0.3446 0.3446 0.3481
v 0.8313 6.1111 22.5615 0.3976 0.3976 0.4015
v 1.3855 6.1111 22.4800 0.4401 0.4401 0.4445
v 1.9398 6.1111 22.3022 0.4699 0.4699 0.4746
v 2.4940 6.1111 22.0282 0.4876 0.4876 0.4925
v 3.0482 6.1111 21.6594 0.4959 0.4959 0.5009
v 3.6024 6.1111 21.1988 0.4978 0.4978 0.5028
v 4.1566 6.1111 20.6508 0.4959 0.4959 0.5009
v 4.7108 6.1111 20.0214 0.4921 0.4921 0.4970
v 5.2651 6.1111 19.3183 0.4876 0.4876 0.4925
v 5.8193 6.1111 18.5503 0.4830 0.4830 0.4879
v 6.3735 6.1111 17.7273 0.4790 0.4790 0.4838
v 6.9277 6.1111 16.8601 0.4756 0.4756 0.4803
v 7.4819 6.1111 15.9598 0.4729 0.4729 0.4777
v 8.0361 6.1111 15.0380 0.4712 0.4712 0.4759
v 8.5904 6.1111 14.1058 0.4702 0.4702 0.4749
v 9.1446 6.1111 13.1737 0.4699 0.4699 0.4746
v 9.6988 6.1111 12.2515 0.4703 0.4703 0.4750
v 10.2530 6.1111 11.3477 0.4713 0.4713 0.4760
v 10.8072 6.1111 10.4697 0.4725 0.4725 0.4773
v 11.3614 6.1111 9.6233 0.4740 0.4740 0.4787
v 11.9157 6.1111 8.8130 0.4754 0.4754 0.4802
v 12.4699 6.1111 8.0418 0.4767 0.4767 0.4815
v 13.0241 6.1111 7.3113 0.4776 0.4776 0.4824
v 13.5783 6.1111 6.6222 0.4779 0.4779 0.4827
v 14.1325 6.1111 5.9742 0.4777 0.4777 0.4824
v 14.6867 6.1111 5.3663 0.4767 0.4767 0.4815
v 15.2410 6.1111 4.7970 0.4751 0.4751 0.4798
v 15.7952 6.1111 4.2646 0.4728 0.4728 0.4776
v 16.3494 6.1111 3.7675 0.4701 0.4701 0.4748
v 16.9036 6.1111 3.3041 0.4671 0.4671 0.4718
v 17.4578 6.1111 2.8728 0.4639 0.4639 0.4686
v 18.0120 6.1111 2.4726 0.4607 0.4607 0.4653
v 18.5663 6.1111 2.1025 0.4576 0.4576 0.4622
v 19.1205 6.1111 1.7617 0.4547 0.4547 0.4593
v 19.6747 6.1111 1.4493 0.4521 0.4521 0.4566
v 20.2289 6.1111 1.1645 0.4497 0.4497 0.4542
v 20.7831 6.1111 0.9057 0.4478 0.4478 0.4523
v 21.3373 6.1111 0.6710 0.4466 0.4466 0.4511
v 21.8916 6.1111 0.4563 0.4473 0.4473 0.4518
v 22.4458 6.1111 0.2531 0.4593 0.4593 0.4639
v 23.0000 6.1111 0.0000 0.4685 0.4685 0.4731
v -23.0000 7.8571 0.0000 0.2643 0.2643 0.2669
v -22.4458 7.8571 0.1606 0.2715 0.2715 0.2742
v -21.8916 7.8571 0.2924 0.2819 0.2819 0.2847
v -21.3373 7.8571 0.4322 0.2771 0.2771 0.2799
v -20.7831 7.8571 0.5845 0.2694 0.2694 0.2721
v -20.2289 7.8571 0.7518 0.2596 0.2596 0.2622
v -19.6747 7.8571 0.9361 0.2480 0.2480 0.2504
v -19.1205 7.8571 1.1395 0.2345 0.2345 0.2368
v -18.5663 7.8571 1.3648 0.2191 0.2191 0.2213
v -18.0120 7.8571 1.6151 0.2017 0.2017 0.2037
v -17.4578 7.8571 1.8941 0.1823 0.1823 0.1841
v -16.9036 7.8571 2.2059 0.1611 0.1611 0.1627
v -16.3494 7.8571 2.5550 0.1383 0.1383 0.1396
v -15.7952 7.8571 2.9457 0.1139 0.1139 0.1150
v -15.2410 7.8571 3.3823 0.0882 0.0882 0.0891
v -14.6867 7.8571 3.8685 0.0768 0.0768 0.0776
v -14.1325 7.8571 4.4073 0.0768 0.0768 0.0776
v -13.5783 7.8571 5.0008 0.0768 0.0768 0.0776
v -13.0241 7.8571 5.6496 0.0768 0.0768 0.0776
v -12.4699 7.8571 6.3532 0.0768 0.0768 0.0776
v -11.9157 7.8571 7.1095 0.0768 0.0768 0.0776
v -11.3614 7.8571 7.9148 0.0768 0.0768 0.0776
v -10.8072 7.8571 8.7640 0.0768 0.0768 0.0776
v -10.2530 7.8571 9.6505 0.0768 0.0768 0.0776
v -9.6988 7.8571 10.5667 0.0768 0.0768 0.0776
v -9.1446 7.8571 11.5039 0.0768 0.0768 0.0776
v -8.5904 7.8571 12.4527 0.0768 0.0768 0.0776
v -8.0361 7.8571 13.4035 0.0768 0.0768 0.0776
v -7.4819 7.8571 14.3463 0.0768 0.0768 0.0776
v -6.9277 7.8571 15.2715 0.0768 0.0768 0.0776
v -6.3735 7.8571 16.1697 0.0768 0.0768 0.0776
v -5.8193 7.8571 17.0324 0.0768 0.0768 0.0776
v -5.2651 7.8571 17.8514 0.0768 0.0768 0.0776
v -4.7108 7.8571 18.6196 0.0768 0.0768 0.0776
v -4.1566 7.8571 19.3308 0.0768 0.0768 0.0776
v -3.6024 7.8571 19.9793 0.0768 0.0768 0.0776
v -3.0482 7.8571 20.5605 0.0768 0.0768 0.0776
v -2.4940 7.8571 21.0702 0.0899 0.0899 0.0908
v -1.9398 7.8571 21.5049 0.1262 0.1262 0.1274
v -1.3855 7.8571 21.8615 0.1783 0.1783 0.1801
v -0.8313 7.8571 22.1373 0.2340 0.2340 0.2363
v -0.2771 7.8571 22.3300 0.2920 0.2920 0.2949
v 0.2771 7.8571 22.4375 0.3491 0.3491 0.3526
v 0.8313 7.8571 22.4583 0.4012 0.4012 0.4052
v 1.3855 7.8571 22.3912 0.4441 0.4441 0.4485
v 1.9398 7.8571 22.2355 0.4757 0.4757 0.4804
v 2.4940 7.8571 21.9914 0.4959 0.4959 0.5009
v 3.0482 7.8571 21.6596 0.5066 0.5066 0.5116
v 3.6024 7.8571 21.2422 0.5102 0.5102 0.5153
v 4.1566 7.8571 20.7422 0.5091 0.5091 0.5142
v 4.7108 7.8571 20.1638 0.5051 0.5051 0.5101
v 5.2651 7.8571 19.5125 0.4996 0.4996 0.5046
v 5.8193 7.8571 18.7951 0.4935 0.4935 0.4985
v 6.3735 7.8571 18.0193 0.4875 0.4875 0.4923
v 6.9277 7.8571 17.1942 0.4818 0.4818 0.4866
v 7.4819 7.8571 16.3295 0.4768 0.4768 0.4816
v 8.0361 7.8571 15.4355 0.4726 0.4726 0.4773
v 8.5904 7.8571 14.5226 0.4692 0.4692 0.4739
v 9.1446 7.8571 13.6014 0.4668 0.4668 0.4715
v 9.6988 7.8571 12.6820 0.4652 0.4652 0.4699
v 10.2530 7.8571 11.7737 0.4645 0.4645 0.4692
v 10.8072 7.8571 10.8851 0.4645 0.4645 0.4692
v 11.3614 7.8571 10.0234 0.4652 0.4652 0.4698
v 11.9157 7.8571 9.1944 0.4663 0.4663 0.4710
v 12.4699 7.8571 8.4028 0.4678 0.4678 0.4725
v 13.0241 7.8571 7.6516 0.4694 0.4694 0.4741
v 13.5783 7.8571 6.9425 0.4709 0.4709 0.4756
v 14.1325 7.8571 6.2761 0.4722 0.4722 0.4769
v 14.6867 7.8571 5.6517 0.4731 0.4731 0.4778
v 15.2410 7.8571 5.0681 0.4734 0.4734 0.4781
v 15.7952 7.8571 4.5233 0.4732 0.4732 0.4779
v 16.3494 7.8571 4.0151 0.4724 0.4724 0.4771
v 16.9036 7.8571 3.5411 0.4711 0.4711 0.4758
v 17.4578 7.8571 3.0991 0.4694 0.4694 0.4741
v 18.0120 7.8571 2.6869 0.4674 0.4674 0.4721
v 18.5663 7.8571 2.3029 0.4653 0.4653 0.4699
v 19.1205 7.8571 1.9457 0.4631 0.4631 0.4677
v 19.6747 7.8571 1.6141 0.4610 0.4610 0.4656
v 20.2289 7.8571 1.3072 0.4591 0.4591 0.4636
v 20.7831 7.8571 1.0240 0.4574 0.4574 0.4620
v 21.3373 7.8571 0.7627 0.4563 0.4563 0.4609
v 21.8916 7.8571 0.5204 0.4570 0.4570 0.4616
v 22.4458 7.8571 0.2887 0.4687 0.4687 0.4734
v 23.0000 7.8571 0.0000 0.4780 0.4780 0.4828
v -23.0000 9.6032 0.0000 0.2803 0.2803 0.2831
v -22.4458 9.6032 0.1378 0.2848 0.2848 0.2877
v -21.8916 9.6032 0.2539 0.2931 0.2931 0.2961
v -21.3373 9.6032 0.3808 0.2876 0.2876 0.2905
v -20.7831 9.6032 0.5230 0.2790 0.2790 0.2818
v -20.2289 9.6032 0.6830 0.2681 0.2681 0.2708
v -19.6747 9.6032 0.8626 0.2552 0.2552 0.2578
v -19.1205 9.6032 1.0636 0.2405 0.2405 0.2429
v -18.5663 9.6032 1.2879 0.2239 0.2239 0.2261
v -18.0120 9.6032 1.5377 0.2055 0.2055 0.2075
v -17.4578 9.6032 1.8157 0.1852 0.1852 0.1871
v -16.9036 9.6032 2.1249 0.1633 0.1633 0.1650
v -16.3494 9.6032 2.4688 0.1399 0.1399 0.1413
v -15.7952 9.6032 2.8511 0.1150 0.1150 0.1162
v -15.2410 9.6032 3.2754 0.0893 0.0893 0.0902
v -14.6867 9.6032 3.7455 0.0768 0.0768 0.0776
v -14.1325 9.6032 4.2646 0.0768 0.0768 0.0776
v -13.5783 9.6032 4.8354 0.0768 0.0768 0.0776
v -13.0241 9.6032 5.4596 0.0768 0.0768 0.0776
v -12.4699 9.6032 6.1377 0.0768 0.0768 0.0776
v -11.9157 9.6032 6.8691 0.0768 0.0768 0.0776
v -11.3614 9.6032 7.6516 0.0768 0.0768 0.0776
v -10.8072 9.6032 8.4814 0.0768 0.0768 0.0776
v -10.2530 9.6032 9.3533 0.0768 0.0768 0.0776
v -9.6988 9.6032 10.2603 0.0768 0.0768 0.0776
v -9.1446 9.6032 11.1945 0.0768 0.0768 0.0776
v -8.5904 9.6032 12.1466 0.0768 0.0768 0.0776
v -8.0361 9.6032 13.1066 0.0768 0.0768 0.0776
v -7.4819 9.6032 14.0638 0.0768 0.0768 0.0776
v -6.9277 9.6032 15.0076 0.0768 0.0768 0.0776
v -6.3735 9.6032 15.9273 0.0768 0.0768 0.0776
v -5.8193 9.6032 16.8125 0.0768 0.0768 0.0776
v -5.2651 9.6032 17.6539 0.0768 0.0768 0.0776
v -4.7108 9.6032 18.4428 0.0768 0.0768 0.0776
v -4.1566 9.6032 19.1716 0.0768 0.0768 0.0776
v -3.6024 9.6032 19.8339 0.0768 0.0768 0.0776
v -3.0482 9.6032 20.4243 0.0768 0.0768 0.0776
v -2.4940 9.6032 20.9389 0.0961 0.0961 0.0971
v -1.9398 9.6032 21.3745 0.1382 0.1382 0.1395
v -1.3855 9.6032 21.7289 0.1895 0.1895 0.1914
v -0.8313 9.6032 22.0007 0.2443 0.2443 0.2467
v -0.2771 9.6032 22.1891 0.3008 0.3008 0.3038
v 0.2771 9.6032 22.2939 0.3560 0.3560 0.3596
v 0.8313 9.6032 22.3153 0.4060 0.4060 0.4100
v 1.3855 9.6032 22.2536 0.4475 0.4475 0.4520
v 1.9398 9.6032 22.1098 0.4788 0.4788 0.4836
v 2.4940 9.6032 21.8847 0.5000 0.5000 0.5050
v 3.0482 9.6032 21.5800 0.5125 0.5125 0.5176
v 3.6024 9.6032 21.1974 0.5180 0.5180 0.5232
v 4.1566 9.6032 20.7396 0.5185 0.5185 0.5237
v 4.7108 9.6032 20.2096 0.5156 0.5156 0.5208
v 5.2651 9.6032 19.6115 0.5106 0.5106 0.5157
v 5.8193 9.6032 18.9501 0.5043 0.5043 0.5094
v 6.3735 9.6032 18.2311 0.4975 0.4975 0.5025
v 6.9277 9.6032 17.4612 0.4907 0.4907 0.4956
v 7.4819 9.6032 16.6481 0.4841 0.4841 0.4889
v 8.0361 9.6032 15.7999 0.4781 0.4781 0.4829
v 8.5904 9.6032 14.9256 0.4728 0.4728 0.4776
v 9.1446 9.6032 14.0345 0.4684 0.4684 0.4731
v 9.6988 9.6032 13.1357 0.4649 0.4649 0.4696
v 10.2530 9.6032 12.2387 0.4624 0.4624 0.4671
v 10.8072 9.6032 11.3519 0.4609 0.4609 0.4655
v 11.3614 9.6032 10.4836 0.4603 0.4603 0.4649
v 11.9157 9.6032 9.6407 0.4606 0.4606 0.4652
v 12.4699 9.6032 8.8291 0.4616 0.4616 0.4662
v 13.0241 9.6032 8.0536 0.4632 0.4632 0.4679
v 13.5783 9.6032 7.3174 0.4653 0.4653 0.4700
v 14.1325 9.6032 6.6227 0.4676 0.4676 0.4723
v 14.6867 9.6032 5.9702 0.4699 0.4699 0.4746
v 15.2410 9.6032 5.3595 0.4721 0.4721 0.4768
v 15.7952 9.6032 4.7896 0.4738 0.4738 0.4786
v 16.3494 9.6032 4.2584 0.4751 0.4751 0.4798
v 16.9036 9.6032 3.7638 0.4757 0.4757 0.4805
v 17.4578 9.6032 3.3030 0.4757 0.4757 0.4805
v 18.0120 9.6032 2.8736 0.4752 0.4752 0.4800
v 18.5663 9.6032 2.4731 0.4742 0.4742 0.4789
v 19.1205 9.6032 2.0995 0.4727 0.4727 0.4774
v 19.6747 9.6032 1.7510 0.4710 0.4710 0.4757
v 20.2289 9.6032 1.4262 0.4691 0.4691 0.4738
v 20.7831 9.6032 1.1235 0.4673 0.4673 0.4719
v 21.3373 9.6032 0.8413 0.4659 0.4659 0.4705
v 21.8916 9.6032 0.5766 0.4660 0.4660 0.4707
v 22.4458 9.6032 0.3208 0.4768 0.4768 0.4816
v 23.0000 9.6032 0.0000 0.4861 0.4861 0.4909
v -23.0000 11.3492 0.0000 0.2958 0.2958 0.2988
v -22.4458 11.3492 0.1132 0.2988 0.2988 0.3017
v -21.8916 11.3492 0.2109 0.3046 0.3046 0.3077
v -21.3373 11.3492 0.3212 0.2982 0.2982 0.3012
v -20.7831 11.3492 0.4494 0.2884 0.2884 0.2913
v -20.2289 11.3492 0.5984 0.2761 0.2761 0.2789
v -19.6747 11.3492 0.7707 0.2616 0.2616 0.2643
v -19.1205 11.3492 0.9680 0.2452 0.2452 0.2476
v -18.5663 11.3492 1.1919 0.2269 0.2269 0.2291
v -18.0120 11.3492 1.4440 0.2069 0.2069 0.2090
v -17.4578 11.3492 1.7262 0.1855 0.1855 0.1873
v -16.9036 11.3492 2.0402 0.1627 0.1627 0.1643
v -16.3494 11.3492 2.3882 0.1388 0.1388 0.1402
v -15.7952 11.3492 2.7726 0.1137 0.1137 0.1148
v -15.2410 11.3492 3.1960 0.0890 0.0890 0.0899
v -14.6867 11.3492 3.6610 0.0768 0.0768 0.0776
v -14.1325 11.3492 4.1703 0.0768 0.0768 0.0776
v -13.5783 11.3492 4.7261 0.0768 0.0768 0.0776
v -13.0241 11.3492 5.3304 0.0768 0.0768 0.0776
v -12.4699 11.3492 5.9844 0.0768 0.0768 0.0776
v -11.9157 11.3492 6.6882 0.0768 0.0768 0.0776
v -11.3614 11.3492 7.4408 0.0768 0.0768 0.0776
v -10.8072 11.3492 8.2401 0.0768 0.0768 0.0776
v -10.2530 11.3492 9.0824 0.0768 0.0768 0.0776
v -9.6988 11.3492 9.9623 0.0768 0.0768 0.0776
v -9.1446 11.3492 10.8733 0.0768 0.0768 0.0776
v -8.5904 11.3492 11.8074 0.0768 0.0768 0.0776
v -8.0361 11.3492 12.7554 0.0768 0.0768 0.0776
v -7.4819 11.3492 13.7071 0.0768 0.0768 0.0776
v -6.9277 11.3492 14.6518 0.0768 0.0768 0.0776
v -6.3735 11.3492 15.5784 0.0768 0.0768 0.0776
v -5.8193 11.3492 16.4759 0.0768 0.0768 0.0776
v -5.2651 11.3492 17.3337 0.0768 0.0768 0.0776
v -4.7108 11.3492 18.1418 0.0768 0.0768 0.0776
v -4.1566 11.3492 18.8911 0.0768 0.0768 0.0776
v -3.6024 11.3492 19.5738 0.0768 0.0768 0.0776
v -3.0482 11.3492 20.1835 0.0820 0.0820 0.0829
v -2.4940 11.3492 20.7150 0.1063 0.1063 0.1073
v -1.9398 11.3492 21.1645 0.1512 0.1512 0.1527
v -1.3855 11.3492 21.5298 0.2007 0.2007 0.2027
v -0.8313 11.3492 21.8096 0.2539 0.2539 0.2564
v -0.2771 11.3492 22.0039 0.3087 0.3087 0.3118
v 0.2771 11.3492 22.1133 0.3619 0.3619 0.3655
v 0.8313 11.3492 22.1395 0.4098 0.4098 0.4139
v 1.3855 11.3492 22.0842 0.4495 0.4495 0.4540
v 1.9398 11.3492 21.9499 0.4798 0.4798 0.4846
v 2.4940 11.3492 21.7389 0.5008 0.5008 0.5059
v 3.0482 11.3492 21.4541 0.5140 0.5140 0.5191
v 3.6024 11.3492 21.0981 0.5209 0.5209 0.5261
v 4.1566 11.3492 20.6739 0.5231 0.5231 0.5283
v 4.7108 11.3492 20.1845 0.5219 0.5219 0.5271
v 5.2651 11.3492 19.6334 0.5183 0.5183 0.5235
v 5.8193 11.3492 19.0242 0.5131 0.5131 0.5183
v 6.3735 11.3492 18.3612 0.5070 0.5070 0.5120
v 6.9277 11.3492 17.6492 0.5003 0.5003 0.5053
v 7.4819 11.3492 16.8936 0.4934 0.4934 0.4984
v 8.0361 11.3492 16.1005 0.4868 0.4868 0.4916
v 8.5904 11.3492 15.2767 0.4805 0.4805 0.4853
v 9.1446 11.3492 14.4294 0.4749 0.4749 0.4797
v 9.6988 11.3492 13.5664 0.4701 0.4701 0.4748
v 10.2530 11.3492 12.6956 0.4662 0.4662 0.4708
v 10.8072 11.3492 11.8251 0.4632 0.4632 0.4679
v 11.3614 11.3492 10.9626 0.4613 0.4613 0.4659
v 11.9157 11.3492 10.1157 0.4605 0.4605 0.4651
v 12.4699 11.3492 9.2910 0.4606 0.4606 0.4652
v 13.0241 11.3492 8.4945 0.4617 0.4617 0.4663
v 13.5783 11.3492 7.7311 0.4635 0.4635 0.4682
v 14.1325 11.3492 7.0045 0.4661 0.4661 0.4707
v 14.6867 11.3492 6.3173 0.4690 0.4690 0.4737
v 15.2410 11.3492 5.6709 0.4722 0.4722 0.4769
v 15.7952 11.3492 5.0656 0.4753 0.4753 0.4801
v 16.3494 11.3492 4.5009 0.4781 0.4781 0.4829
v 16.9036 11.3492 3.9752 0.4804 0.4804 0.4852
v 17.4578 11.3492 3.4865 0.4820 0.4820 0.4869
v 18.0120 11.3492 3.0324 0.4829 0.4829 0.4877
v 18.5663 11.3492 2.6104 0.4829 0.4829 0.4877
v 19.1205 11.3492 2.2180 0.4821 0.4821 0.4869
v 19.6747 11.3492 1.8528 0.4806 0.4806 0.4854
v 20.2289 11.3492 1.5125 0.4786 0.4786 0.4834
v 20.7831 11.3492 1.1951 0.4764 0.4764 0.4811
v 21.3373 11.3492 0.8981 0.4743 0.4743 0.4790
v 21.8916 11.3492 0.6179 0.4736 0.4736 0.4783
v 22.4458 11.3492 0.3452 0.4832 0.4832 0.4880
v 23.0000 11.3492 0.0000 0.4921 0.4921 0.4970
v -23.0000 13.0952 0.0000 0.3080 0.3080 0.3111
v -22.4458 13.0952 0.0920 0.3104 0.3104 0.3136
v -21.8916 13.0952 0.1721 0.3142 0.3142 0.3174
v -21.3373 13.0952 0.2652 0.3071 0.3071 0.3102
v -20.7831 13.0952 0.3775 0.2965 0.2965 0.2994
v -20.2289 13.0952 0.5128 0.2830 0.2830 0.2858
v -19.6747 13.0952 0.6742 0.2670 0.2670 0.2697
v -19.1205 13.0952 0.8643 0.2489 0.2489 0.2514
v -18.5663 13.0952 1.0849 0.2290 0.2290 0.2313
v -18.0120 13.0952 1.3375 0.2076 0.2076 0.2096
v -17.4578 13.0952 1.6234 0.1849 0.1849 0.1868
v -16.9036 13.0952 1.9437 0.1614 0.1614 0.1630
v -16.3494 13.0952 2.2993 0.1372 0.1372 0.1386
v -15.7952 13.0952 2.6913 0.1122 0.1122 0.1134
v -15.2410 13.0952 3.1208 0.0884 0.0884 0.0892
v -14.6867 13.0952 3.5890 0.0768 0.0768 0.0776
v -14.1325 13.0952 4.0972 0.0768 0.0768 0.0776
v -13.5783 13.0952 4.6466 0.0768 0.0768 0.0776
v -13.0241 13.0952 5.2383 0.0768 0.0768 0.0776
v -12.4699 13.0952 5.8733 0.0768 0.0768 0.0776
v -11.9157 13.0952 6.5519 0.0768 0.0768 0.0776
v -11.3614 13.0952 7.2737 0.0768 0.0768 0.0776
v -10.8072 13.0952 8.0376 0.0768 0.0768 0.0776
v -10.2530 13.0952 8.8412 0.0768 0.0768 0.0776
v -9.6988 13.0952 9.6810 0.0768 0.0768 0.0776
v -9.1446 13.0952 10.5524 0.0768 0.0768 0.0776
v -8.5904 13.0952 11.4490 0.0768 0.0768 0.0776
v -8.0361 13.0952 12.3637 0.0768 0.0768 0.0776
v -7.4819 13.0952 13.2876 0.0768 0.0768 0.0776
v -6.9277 13.0952 14.2114 0.0768 0.0768 0.0776
v -6.3735 13.0952 15.1247 0.0768 0.0768 0.0776
v -5.8193 13.0952 16.0169 0.0768 0.0768 0.0776
v -5.2651 13.0952 16.8770 0.0768 0.0768 0.0776
v -4.7108 13.0952 17.6946 0.0768 0.0768 0.0776
v -4.1566 13.0952 18.4597 0.0768 0.0768 0.0776
v -3.6024 13.0952 19.1632 0.0768 0.0768 0.0776
v -3.0482 13.0952 19.7970 0.0895 0.0895 0.0904
v -2.4940 13.0952 20.3547 0.1205 0.1205 0.1217
v -1.9398 13.0952 20.8311 0.1625 0.1625 0.1641
v -1.3855 13.0952 21.2227 0.2089 0.2089 0.2110
v -0.8313 13.0952 21.5272 0.2594 0.2594 0.2620
v -0.2771 13.0952 21.7442 0.3120 0.3120 0.3151
v 0.2771 13.0952 21.8743 0.3636 0.3636 0.3673
v 0.8313 13.0952 21.9191 0.4104 0.4104 0.4145
v 1.3855 13.0952 21.8812 0.4493 0.4493 0.4538
v 1.9398 13.0952 21.7640 0.4790 0.4790 0.4837
v 2.4940 13.0952 21.5710 0.4998 0.4998 0.5048
v 3.0482 13.0952 21.3061 0.5131 0.5131 0.5182
v 3.6024 13.0952 20.9733 0.5207 0.5207 0.5259
v 4.1566 13.0952 20.5764 0.5241 0.5241 0.5293
v 4.7108 13.0952 20.1193 0.5243 0.5243 0.5296
v 5.2651 13.0952 19.6057 0.5224 0.5224 0.5276
v 5.8193 13.0952 19.0392 0.5189 0.5189 0.5241
v 6.3735 13.0952 18.4235 0.5143 0.5143 0.5194
v 6.9277 13.0952 17.7623 0.5089 0.5089 0.5140
v 7.4819 13.0952 17.0598 0.5031 0.5031 0.5081
v 8.0361 13.0952 16.3202 0.4970 0.4970 0.5020
v 8.5904 13.0952 15.5485 0.4911 0.4911 0.4960
v 9.1446 13.0952 14.7497 0.4854 0.4854 0.4903
v 9.6988 13.0952 13.9298 0.4802 0.4802 0.4850
v 10.2530 13.0952 13.0950 0.4756 0.4756 0.4804
v 10.8072 13.0952 12.2518 0.4718 0.4718 0.4766
v 11.3614 13.0952 11.4071 0.4690 0.4690 0.4736
v 11.9157 13.0952 10.5679 0.4670 0.4670 0.4717
v 12.4699 13.0952 9.7407 0.4661 0.4661 0.4708
v 13.0241 13.0952 8.9322 0.4663 0.4663 0.4709
v 13.5783 13.0952 8.1481 0.4673 0.4673 0.4720
v 14.1325 13.0952 7.3937 0.4693 0.4693 0.4740
v 14.6867 13.0952 6.6730 0.4720 0.4720 0.4767
v 15.2410 13.0952 5.9894 0.4751 0.4751 0.4799
v 15.7952 13.0952 5.3450 0.4786 0.4786 0.4834
v 16.3494 13.0952 4.7411 0.4821 0.4821 0.4869
v 16.9036 13.0952 4.1777 0.4852 0.4852 0.4901
v 17.4578 13.0952 3.6541 0.4878 0.4878 0.4927
v 18.0120 13.0952 3.1689 0.4896 0.4896 0.4944
v 18.5663 13.0952 2.7200 0.4903 0.4903 0.4952
v 19.1205 13.0952 2.3051 0.4901 0.4901 0.4950
v 19.6747 13.0952 1.9215 0.4888 0.4888 0.4937
v 20.2289 13.0952 1.5666 0.4867 0.4867 0.4915
v 20.7831 13.0952 1.2373 0.4839 0.4839 0.4887
v 21.3373 13.0952 0.9304 0.4810 0.4810 0.4858
v 21.8916 13.0952 0.6412 0.4793 0.4793 0.4840
v 22.4458 13.0952 0.3592 0.4875 0.4875 0.4924
v 23.0000 13.0952 0.0000 0.4959 0.4959 0.5009
v -23.0000 14.8413 0.0000 0.3155 0.3155 0.3186
v -22.4458 14.8413 0.0773 0.3182 0.3182 0.3213
v -21.8916 14.8413 0.1441 0.3204 0.3204 0.3236
v -21.3373 14.8413 0.2230 0.3130 0.3130 0.3161
v -20.7831 14.8413 0.3205 0.3019 0.3019 0.3049
v -20.2289 14.8413 0.4414 0.2878 0.2878 0.2907
v -19.6747 14.8413 0.5898 0.2711 0.2711 0.2738
v -19.1205 14.8413 0.7689 0.2520 0.2520 0.2546
v -18.5663 14.8413 0.9814 0.2311 0.2311 0.2334
v -18.0120 14.8413 1.2292 0.2088 0.2088 0.2109
v -17.4578 14.8413 1.5137 0.1855 0.1855 0.1873
v -16.9036 14.8413 1.8357 0.1617 0.1617 0.1633
v -16.3494 14.8413 2.1956 0.1376 0.1376 0.1390
v -15.7952 14.8413 2.5935 0.1133 0.1133 0.1144
v -15.2410 14.8413 3.0293 0.0890 0.0890 0.0899
v -14.6867 14.8413 3.5027 0.0769 0.0769 0.0777
v -14.1325 14.8413 4.0136 0.0768 0.0768 0.0776
v -13.5783 14.8413 4.5617 0.0768 0.0768 0.0776
v -13.0241 14.8413 5.1468 0.0768 0.0768 0.0776
v -12.4699 14.8413 5.7688 0.0768 0.0768 0.0776
v -11.9157 14.8413 6.4274 0.0768 0.0768 0.0776
v -11.3614 14.8413 7.1220 0.0768 0.0768 0.0776
v -10.8072 14.8413 7.8517 0.0768 0.0768 0.0776
v -10.2530 14.8413 8.6150 0.0768 0.0768 0.0776
v -9.6988 14.8413 9.4097 0.0768 0.0768 0.0776
v -9.1446 14.8413 10.2326 0.0768 0.0768 0.0776
v -8.5904 14.8413 11.0796 0.0768 0.0768 0.0776
v -8.0361 14.8413 11.9454 0.0768 0.0768 0.0776
v -7.4819 14.8413 12.8236 0.0768 0.0768 0.0776
v -6.9277 14.8413 13.7067 0.0768 0.0768 0.0776
v -6.3735 14.8413 14.5862 0.0768 0.0768 0.0776
v -5.8193 14.8413 15.4529 0.0768 0.0768 0.0776
v -5.2651 14.8413 16.2970 0.0768 0.0768 0.0776
v -4.7108 14.8413 17.1084 0.0768 0.0768 0.0776
v -4.1566 14.8413 17.8772 0.0768 0.0768 0.0776
v -3.6024 14.8413 18.5937 0.0825 0.0825 0.0834
v -3.0482 14.8413 19.2490 0.1002 0.1002 0.1012
v -2.4940 14.8413 19.8350 0.1333 0.1333 0.1347
v -1.9398 14.8413 20.3452 0.1708 0.1708 0.1725
v -1.3855 14.8413 20.7742 0.2128 0.2128 0.2149
v -0.8313 14.8413 21.1183 0.2592 0.2592 0.2618
v -0.2771 14.8413 21.3752 0.3089 0.3089 0.3120
v 0.2771 14.8413 21.5443 0.3589 0.3589 0.3625
v 0.8313 14.8413 21.6263 0.4056 0.4056 0.4097
v 1.3855 14.8413 21.6233 0.4455 0.4455 0.4499
v 1.9398 14.8413 21.5384 0.4763 0.4763 0.4811
v 2.4940 14.8413 21.3753 0.4981 0.4981 0.5031
v 3.0482 14.8413 21.1386 0.5121 0.5121 0.5172
v 3.6024 14.8413 20.8329 0.5202 0.5202 0.5254
v 4.1566 14.8413 20.4633 0.5241 0.5241 0.5294
v 4.7108 14.8413 20.0343 0.5253 0.5253 0.5306
v 5.2651 14.8413 19.5507 0.5246 0.5246 0.5298
v 5.8193 14.8413 19.0168 0.5226 0.5226 0.5278
v 6.3735 14.8413 18.4366 0.5196 0.5196 0.5248
v 6.9277 14.8413 17.8140 0.5160 0.5160 0.5212
v 7.4819 14.8413 17.1526 0.5119 0.5119 0.5171
v 8.0361 14.8413 16.4561 0.5075 0.5075 0.5126
v 8.5904 14.8413 15.7282 0.5029 0.5029 0.5079
v 9.1446 14.8413 14.9727 0.4982 0.4982 0.5032
v 9.6988 14.8413 14.1938 0.4937 0.4937 0.4986
v 10.2530 14.8413 13.3962 0.4894 0.4894 0.4943
v 10.8072 14.8413 12.5849 0.4856 0.4856 0.4905
v 11.3614 14.8413 11.7652 0.4824 0.4824 0.4872
v 11.9157 14.8413 10.9429 0.4798 0.4798 0.4846
v 12.4699 14.8413 10.1241 0.4781 0.4781 0.4829
v 13.0241 14.8413 9.3148 0.4772 0.4772 0.4819
v 13.5783 14.8413 8.5211 0.4772 0.4772 0.4819
v 14.1325 14.8413 7.7487 0.4780 0.4780 0.4828
v 14.6867 14.8413 7.0030 0.4796 0.4796 0.4844
v 15.2410 14.8413 6.2887 0.4819 0.4819 0.4867
v 15.7952 14.8413 5.6095 0.4847 0.4847 0.4895
v 16.3494 14.8413 4.9684 0.4877 0.4877 0.4926
v 16.9036 14.8413 4.3674 0.4907 0.4907 0.4956
v 17.4578 14.8413 3.8074 0.4933 0.4933 0.4982
v 18.0120 14.8413 3.2885 0.4953 0.4953 0.5002
v 18.5663 14.8413 2.8098 0.4963 0.4963 0.5013
v 19.1205 14.8413 2.3697 0.4963 0.4963 0.5012
v 19.6747 14.8413 1.9659 0.4950 0.4950 0.5000
v 20.2289 14.8413 1.5957 0.4926 0.4926 0.4975
v 20.7831 14.8413 1.2556 0.4893 0.4893 0.4941
v 21.3373 14.8413 0.9417 0.4855 0.4855 0.4904
v 21.8916 14.8413 0.6481 0.4828 0.4828 0.4877
v 22.4458 14.8413 0.3632 0.4899 0.4899 0.4948
v 23.0000 14.8413 0.0000 0.4978 0.4978 0.5028
v -23.0000 16.5873 0.0000 0.3184 0.3184 0.3215
v -22.4458 16.5873 0.0702 0.3215 0.3215 0.3247
v -21.8916 16.5873 0.1298 0.3227 0.3227 0.3259
v -21.3373 16.5873 0.1999 0.3151 0.3151 0.3183
v -20.7831 16.5873 0.2868 0.3041 0.3041 0.3071
v -20.2289 16.5873 0.3957 0.2901 0.2901 0.2930
v -19.6747 16.5873 0.5312 0.2735 0.2735 0.2762
v -19.1205 16.5873 0.6973 0.2545 0.2545 0.2571
v -18.5663 16.5873 0.8974 0.2337 0.2337 0.2360
v -18.0120 16.5873 1.1341 0.2115 0.2115 0.2136
v -17.4578 16.5873 1.4094 0.1884 0.1884 0.1903
v -16.9036 16.5873 1.7246 0.1650 0.1650 0.1667
v -16.3494 16.5873 2.0800 0.1417 0.1417 0.1431
v -15.7952 16.5873 2.4755 0.1187 0.1187 0.1198
v -15.2410 16.5873 2.9105 0.0956 0.0956 0.0965
v -14.6867 16.5873 3.3837 0.0789 0.0789 0.0797
v -14.1325 16.5873 3.8939 0.0768 0.0768 0.0776
v -13.5783 16.5873 4.4395 0.0768 0.0768 0.0776
v -13.0241 16.5873 5.0191 0.0768 0.0768 0.0776
v -12.4699 16.5873 5.6309 0.0768 0.0768 0.0776
v -11.9157 16.5873 6.2737 0.0768 0.0768 0.0776
v -11.3614 16.5873 6.9461 0.0768 0.0768 0.0776
v -10.8072 16.5873 7.6465 0.0768 0.0768 0.0776
v -10.2530 16.5873 8.3736 0.0768 0.0768 0.0776
v -9.6988 16.5873 9.1254 0.0768 0.0768 0.0776
v -9.1446 16.5873 9.9000 0.0768 0.0768 0.0776
v -8.5904 16.5873 10.6944 0.0768 0.0768 0.0776
v -8.0361 16.5873 11.5054 0.0768 0.0768 0.0776
v -7.4819 16.5873 12.3285 0.0768 0.0768 0.0776
v -6.9277 16.5873 13.1587 0.0768 0.0768 0.0776
v -6.3735 16.5873 13.9897 0.0768 0.0768 0.0776
v -5.8193 16.5873 14.8145 0.0768 0.0768 0.0776
v -5.2651 16.5873 15.6253 0.0768 0.0768 0.0776
v -4.7108 16.5873 16.4135 0.0768 0.0768 0.0776
v -4.1566 16.5873 17.1701 0.0803 0.0803 0.0811
v -3.6024 16.5873 17.8861 0.0920 0.0920 0.0929
v -3.0482 16.5873 18.5524 0.1150 0.1150 0.1161
v -2.4940 16.5873 19.1604 0.1440 0.1440 0.1454
v -1.9398 16.5873 19.7024 0.1764 0.1764 0.1782
v -1.3855 16.5873 20.1714 0.2132 0.2132 0.2153
v -0.8313 16.5873 20.5619 0.2546 0.2546 0.2571
v -0.2771 16.5873 20.8696 0.2999 0.2999 0.3029
v 0.2771 16.5873 21.0918 0.3475 0.3475 0.3510
v 0.8313 16.5873 21.2274 0.3943 0.3943 0.3982
v 1.3855 16.5873 21.2766 0.4365 0.4365 0.4408
v 1.9398 16.5873 21.2413 0.4708 0.4708 0.4755
v 2.4940 16.5873 21.1243 0.4959 0.4959 0.5008
v 3.0482 16.5873 20.9295 0.5123 0.5123 0.5174
v 3.6024 16.5873 20.6615 0.5218 0.5218 0.5270
v 4.1566 16.5873 20.3257 0.5265 0.5265 0.5318
v 4.7108 16.5873 19.9273 0.5282 0.5282 0.5335
v 5.2651 16.5873 19.4718 0.5281 0.5281 0.5333
v 5.8193 16.5873 18.9645 0.5269 0.5269 0.5321
v 6.3735 16.5873 18.4105 0.5250 0.5250 0.5303
v 6.9277 16.5873 17.8144 0.5228 0.5228 0.5281
v 7.4819 16.5873 17.1805 0.5204 0.5204 0.5256
v 8.0361 16.5873 16.5127 0.5177 0.5177 0.5229
v 8.5904 16.5873 15.8148 0.5148 0.5148 0.5199
v 9.1446 16.5873 15.0902 0.5118 0.5118 0.5169
v 9.6988 16.5873 14.3425 0.5086 0.5086 0.5137
v 10.2530 16.5873 13.5752 0.5055 0.5055 0.5105
v 10.8072 16.5873 12.7923 0.5024 0.5024 0.5074
v 11.3614 16.5873 11.9979 0.4995 0.4995 0.5045
v 11.9157 16.5873 11.1966 0.4970 0.4970 0.5019
v 12.4699 16.5873 10.3931 0.4948 0.4948 0.4997
v 13.0241 16.5873 9.5929 0.4931 0.4931 0.4981
v 13.5783 16.5873 8.8012 0.4921 0.4921 0.4970
v 14.1325 16.5873 8.0238 0.4917 0.4917 0.4966
v 14.6867 16.5873 7.2662 0.4919 0.4919 0.4968
v 15.2410 16.5873 6.5336 0.4927 0.4927 0.4976
v 15.7952 16.5873 5.8309 0.4940 0.4940 0.4990
v 16.3494 16.5873 5.1624 0.4957 0.4957 0.5007
v 16.9036 16.5873 4.5314 0.4976 0.4976 0.5026
v 17.4578 16.5873 3.9406 0.4993 0.4993 0.5043
v 18.0120 16.5873 3.3917 0.5007 0.5007 0.5057
v 18.5663 16.5873 2.8850 0.5013 0.5013 0.5063
v 19.1205 16.5873 2.4204 0.5009 0.5009 0.5059
v 19.6747 16.5873 1.9963 0.4993 0.4993 0.5043
v 20.2289 16.5873 1.6105 0.4965 0.4965 0.5014
v 20.7831 16.5873 1.2598 0.4926 0.4926 0.4975
v 21.3373 16.5873 0.9397 0.4881 0.4881 0.4930
v 21.8916 16.5873 0.6440 0.4845 0.4845 0.4893
v 22.4458 16.5873 0.3598 0.4905 0.4905 0.4954
v 23.0000 16.5873 0.0000 0.4981 0.4981 0.5030
v -23.0000 18.3333 0.0000 0.3182 0.3182 0.3214
v -22.4458 18.3333 0.0691 0.3214 0.3214 0.3247
v -21.8916 18.3333 0.1277 0.3218 0.3218 0.3250
v -21.3373 18.3333 0.1953 0.3141 0.3141 0.3172
v -20.7831 18.3333 0.2775 0.3033 0.3033 0.3063
v -20.2289 18.3333 0.3792 0.2900 0.2900 0.2929
v -19.6747 18.3333 0.5047 0.2743 0.2743 0.2770
v -19.1205 18.3333 0.6584 0.2565 0.2565 0.2590
v -18.5663 18.3333 0.8441 0.2369 0.2369 0.2393
v -18.0120 18.3333 1.0651 0.2160 0.2160 0.2182
v -17.4578 18.3333 1.3240 0.1943 0.1943 0.1963
v -16.9036 18.3333 1.6228 0.1723 0.1723 0.1740
v -16.3494 18.3333 1.9626 0.1505 0.1505 0.1520
v -15.7952 18.3333 2.3436 0.1293 0.1293 0.1306
v -15.2410 18.3333 2.7654 0.1087 0.1087 0.1098
v -14.6867 18.3333 3.2268 0.0897 0.0897 0.0906
v -14.1325 18.3333 3.7261 0.0780 0.0780 0.0788
v -13.5783 18.3333 4.2610 0.0768 0.0768 0.0776
v -13.0241 18.3333 4.8292 0.0768 0.0768 0.0776
v -12.4699 18.3333 5.4280 0.0768 0.0768 0.0776
v -11.9157 18.3333 6.0549 0.0768 0.0768 0.0776
v -11.3614 18.3333 6.7074 0.0768 0.0768 0.0776
v -10.8072 18.3333 7.3831 0.0768 0.0768 0.0776
v -10.2530 18.3333 8.0798 0.0768 0.0768 0.0776
v -9.6988 18.3333 8.7956 0.0768 0.0768 0.0776
v -9.1446 18.3333 9.5282 0.0768 0.0768 0.0776
v -8.5904 18.3333 10.2755 0.0768 0.0768 0.0776
v -8.0361 18.3333 11.0352 0.0768 0.0768 0.0776
v -7.4819 18.3333 11.8043 0.0768 0.0768 0.0776
v -6.9277 18.3333 12.5797 0.0768 0.0768 0.0776
v -6.3735 18.3333 13.3571 0.0768 0.0768 0.0776
v -5.8193 18.3333 14.1319 0.0768 0.0768 0.0776
v -5.2651 18.3333 14.8984 0.0769 0.0769 0.0776
v -4.7108 18.3333 15.6502 0.0806 0.0806 0.0814
v -4.1566 18.3333 16.3802 0.0897 0.0897 0.0906
v -3.6024 18.3333 17.0807 0.1064 0.1064 0.1075
v -3.0482 18.3333 17.7436 0.1287 0.1287 0.1300
v -2.4940 18.3333 18.3608 0.1533 0.1533 0.1548
v -1.9398 18.3333 18.9241 0.1810 0.1810 0.1828
v -1.3855 18.3333 19.4259 0.2126 0.2126 0.2147
v -0.8313 18.3333 19.8593 0.2484 0.2484 0.2509
v -0.2771 18.3333 20.2182 0.2886 0.2886 0.2915
v 0.2771 18.3333 20.4979 0.3323 0.3323 0.3357
v 0.8313 18.3333 20.6948 0.3778 0.3778 0.3816
v 1.3855 18.3333 20.8072 0.4218 0.4218 0.4260
v 1.9398 18.3333 20.8343 0.4607 0.4607 0.4653
v 2.4940 18.3333 20.7773 0.4916 0.4916 0.4965
v 3.0482 18.3333 20.6385 0.5131 0.5131 0.5183
v 3.6024 18.3333 20.4213 0.5263 0.5263 0.5316
v 4.1566 18.3333 20.1301 0.5331 0.5331 0.5385
v 4.7108 18.3333 19.7703 0.5357 0.5357 0.5411
v 5.2651 18.3333 19.3475 0.5359 0.5359 0.5412
v 5.8193 18.3333 18.8676 0.5348 0.5348 0.5402
v 6.3735 18.3333 18.3366 0.5332 0.5332 0.5386
v 6.9277 18.3333 17.7601 0.5315 0.5315 0.5369
v 7.4819 18.3333 17.1437 0.5299 0.5299 0.5352
v 8.0361 18.3333 16.4923 0.5283 0.5283 0.5336
v 8.5904 18.3333 15.8106 0.5267 0.5267 0.5320
v 9.1446 18.3333 15.1029 0.5251 0.5251 0.5304
v 9.6988 18.3333 14.3729 0.5234 0.5234 0.5287
v 10.2530 18.3333 13.6244 0.5216 0.5216 0.5269
v 10.8072 18.3333 12.8609 0.5197 0.5197 0.5249
v 11.3614 18.3333 12.0861 0.5177 0.5177 0.5229
v 11.9157 18.3333 11.3036 0.5157 0.5157 0.5208
v 12.4699 18.3333 10.5173 0.5136 0.5136 0.5188
v 13.0241 18.3333 9.7316 0.5117 0.5117 0.5168
v 13.5783 18.3333 8.9511 0.5100 0.5100 0.5151
v 14.1325 18.3333 8.1804 0.5086 0.5086 0.5137
v 14.6867 18.3333 7.4247 0.5075 0.5075 0.5126
v 15.2410 18.3333 6.6890 0.5068 0.5068 0.5118
v 15.7952 18.3333 5.9783 0.5064 0.5064 0.5115
v 16.3494 18.3333 5.2973 0.5063 0.5063 0.5114
v 16.9036 18.3333 4.6502 0.5065 0.5065 0.5115
v 17.4578 18.3333 4.0407 0.5066 0.5066 0.5117
v 18.0120 18.3333 3.4715 0.5065 0.5065 0.5116
v 18.5663 18.3333 2.9446 0.5060 0.5060 0.5110
v 19.1205 18.3333 2.4608 0.5046 0.5046 0.5097
v 19.6747 18.3333 2.0198 0.5023 0.5023 0.5073
v 20.2289 18.3333 1.6202 0.4988 0.4988 0.5038
v 20.7831 18.3333 1.2596 0.4943 0.4943 0.4992
v 21.3373 18.3333 0.9336 0.4891 0.4891 0.4940
v 21.8916 18.3333 0.6360 0.4847 0.4847 0.4896
v 22.4458 18.3333 0.3535 0.4901 0.4901 0.4950
v 23.0000 18.3333 0.0000 0.4973 0.4973 0.5023
v -23.0000 20.0794 0.0000 0.3170 0.3170 0.3202
v -22.4458 20.0794 0.0710 0.3197 0.3197 0.3229
v -21.8916 20.0794 0.1329 0.3191 0.3191 0.3222
v -21.3373 20.0794 0.2033 0.3111 0.3111 0.3142
v -20.7831 20.0794 0.2866 0.3008 0.3008 0.3038
v -20.2289 20.0794 0.3866 0.2884 0.2884 0.2913
v -19.6747 20.0794 0.5069 0.2742 0.2742 0.2770
v -19.1205 20.0794 0.6513 0.2584 0.2584 0.2610
v -18.5663 20.0794 0.8235 0.2411 0.2411 0.2435
v -18.0120 20.0794 1.0272 0.2226 0.2226 0.2248
v -17.4578 20.0794 1.2653 0.2033 0.2033 0.2054
v -16.9036 20.0794 1.5405 0.1837 0.1837 0.1856
v -16.3494 20.0794 1.8548 0.1643 0.1643 0.1659
v -15.7952 20.0794 2.2092 0.1453 0.1453 0.1468
v -15.2410 20.0794 2.6043 0.1272 0.1272 0.1284
v -14.6867 20.0794 3.0394 0.1100 0.1100 0.1111
v -14.1325 20.0794 3.5134 0.0938 0.0938 0.0947
v -13.5783 20.0794 4.0242 0.0829 0.0829 0.0837
v -13.0241 20.0794 4.5694 0.0781 0.0781 0.0789
v -12.4699 20.0794 5.1461 0.0768 0.0768 0.0776
v -11.9157 20.0794 5.7510 0.0768 0.0768 0.0776
v -11.3614 20.0794 6.3809 0.0768 0.0768 0.0776
v -10.8072 20.0794 7.0325 0.0768 0.0768 0.0776
v -10.2530 20.0794 7.7028 0.0768 0.0768 0.0776
v -9.6988 20.0794 8.3888 0.0768 0.0768 0.0776
v -9.1446 20.0794 9.0880 0.0768 0.0768 0.0776
v -8.5904 20.0794 9.7979 0.0768 0.0768 0.0776
v -8.0361 20.0794 10.5161 0.0768 0.0768 0.0776
v -7.4819 20.0794 11.2403 0.0768 0.0768 0.0776
v -6.9277 20.0794 11.9682 0.0768 0.0768 0.0776
v -6.3735 20.0794 12.6969 0.0768 0.0768 0.0776
v -5.8193 20.0794 13.4235 0.0788 0.0788 0.0796
v -5.2651 20.0794 14.1440 0.0827 0.0827 0.0836
v -4.7108 20.0794 14.8543 0.0919 0.0919 0.0929
v -4.1566 20.0794 15.5492 0.1056 0.1056 0.1067
v -3.6024 20.0794 16.2230 0.1226 0.1226 0.1239
v -3.0482 20.0794 16.8691 0.1414 0.1414 0.1428
v -2.4940 20.0794 17.4806 0.1624 0.1624 0.1640
v -1.9398 20.0794 18.0501 0.1862 0.1862 0.1880
v -1.3855 20.0794 18.5703 0.2133 0.2133 0.2154
v -0.8313 20.0794 19.0337 0.2442 0.2442 0.2467
v -0.2771 20.0794 19.4334 0.2793 0.2793 0.2821
v 0.2771 20.0794 19.7632 0.3184 0.3184 0.3216
v 0.8313 20.0794 20.0178 0.3609 0.3609 0.3645
v 1.3855 20.0794 20.1929 0.4046 0.4046 0.4087
v 1.9398 20.0794 20.2857 0.4467 0.4467 0.4512
v 2.4940 20.0794 20.2948 0.4835 0.4835 0.4884
v 3.0482 20.0794 20.2203 0.5123 0.5123 0.5174
v 3.6024 20.0794 20.0636 0.5319 0.5319 0.5372
v 4.1566 20.0794 19.8276 0.5432 0.5432 0.5486
v 4.7108 20.0794 19.5163 0.5483 0.5483 0.5538
v 5.2651 20.0794 19.1347 0.5495 0.5495 0.5550
v 5.8193 20.0794 18.6885 0.5484 0.5484 0.5539
v 6.3735 20.0794 18.1841 0.5465 0.5465 0.5519
v 6.9277 20.0794 17.6278 0.5443 0.5443 0.5498
v 7.4819 20.0794 17.0262 0.5424 0.5424 0.5478
v 8.0361 20.0794 16.3857 0.5408 0.5408 0.5462
v 8.5904 20.0794 15.7122 0.5395 0.5395 0.5449
v 9.1446 20.0794 15.0112 0.5384 0.5384 0.5438
v 9.6988 20.0794 14.2880 0.5375 0.5375 0.5429
v 10.2530 20.0794 13.5471 0.5367 0.5367 0.5420
v 10.8072 20.0794 12.7928 0.5357 0.5357 0.5411
v 11.3614 20.0794 12.0290 0.5346 0.5346 0.5400
v 11.9157 20.0794 11.2595 0.5333 0.5333 0.5387
v 12.4699 20.0794 10.4878 0.5318 0.5318 0.5371
v 13.0241 20.0794 9.7176 0.5301 0.5301 0.5354
v 13.5783 20.0794 8.9526 0.5283 0.5283 0.5336
v 14.1325 20.0794 8.1969 0.5264 0.5264 0.5316
v 14.6867 20.0794 7.4544 0.5244 0.5244 0.5296
v 15.2410 20.0794 6.7294 0.5224 0.5224 0.5277
v 15.7952 20.0794 6.0263 0.5206 0.5206 0.5258
v 16.3494 20.0794 5.3494 0.5188 0.5188 0.5240
v 16.9036 20.0794 4.7029 0.5170 0.5170 0.5222
v 17.4578 20.0794 4.0906 0.5153 0.5153 0.5204
v 18.0120 20.0794 3.5157 0.5134 0.5134 0.5185
v 18.5663 20.0794 2.9809 0.5111 0.5111 0.5162
v 19.1205 20.0794 2.4879 0.5083 0.5083 0.5134
v 19.6747 20.0794 2.0374 0.5048 0.5048 0.5098
v 20.2289 20.0794 1.6291 0.5003 0.5003 0.5053
v 20.7831 20.0794 1.2611 0.4950 0.4950 0.4999
v 21.3373 20.0794 0.9302 0.4892 0.4892 0.4941
v 21.8916 20.0794 0.6301 0.4843 0.4843 0.4891
v 22.4458 20.0794 0.3484 0.4892 0.4892 0.4941
v 23.0000 20.0794 0.0000 0.4963 0.4963 0.5013
v -23.0000 21.8254 0.0000 0.3166 0.3166 0.3198
v -22.4458 21.8254 0.0727 0.3181 0.3181 0.3213
v -21.8916 21.8254 0.1392 0.3163 0.3163 0.3195
v -21.3373 21.8254 0.2152 0.3081 0.3081 0.3112
v -20.7831 21.8254 0.3033 0.2982 0.2982 0.3012
v -20.2289 21.8254 0.4059 0.2870 0.2870 0.2898
v -19.6747 21.8254 0.5255 0.2745 0.2745 0.2773
v -19.1205 21.8254 0.6648 0.2610 0.2610 0.2636
v -18.5663 21.8254 0.8268 0.2465 0.2465 0.2490
v -18.0120 21.8254 1.0146 0.2311 0.2311 0.2335
v -17.4578 21.8254 1.2313 0.2151 0.2151 0.2173
v -16.9036 21.8254 1.4799 0.1987 0.1987 0.2007
v -16.3494 21.8254 1.7629 0.1822 0.1822 0.1841
v -15.7952 21.8254 2.0824 0.1660 0.1660 0.1677
v -15.2410 21.8254 2.4399 0.1504 0.1504 0.1519
v -14.6867 21.8254 2.8360 0.1355 0.1355 0.1369
v -14.1325 21.8254 3.2706 0.1218 0.1218 0.1230
v -13.5783 21.8254 3.7427 0.1091 0.1091 0.1102
v -13.0241 21.8254 4.2507 0.0975 0.0975 0.0985
v -12.4699 21.8254 4.7921 0.0896 0.0896 0.0905
v -11.9157 21.8254 5.3641 0.0848 0.0848 0.0857
v -11.3614 21.8254 5.9632 0.0816 0.0816 0.0824
v -10.8072 21.8254 6.5859 0.0792 0.0792 0.0800
v -10.2530 21.8254 7.2285 0.0780 0.0780 0.0788
v -9.6988 21.8254 7.8873 0.0775 0.0775 0.0783
v -9.1446 21.8254 8.5589 0.0773 0.0773 0.0781
v -8.5904 21.8254 9.2400 0.0775 0.0775 0.0782
v -8.0361 21.8254 9.9277 0.0779 0.0779 0.0787
v -7.4819 21.8254 10.6192 0.0789 0.0789 0.0797
v -6.9277 21.8254 11.3121 0.0812 0.0812 0.0820
v -6.3735 21.8254 12.0038 0.0844 0.0844 0.0853
v -5.8193 21.8254 12.6919 0.0903 0.0903 0.0912
v -5.2651 21.8254 13.3736 0.0988 0.0988 0.0998
v -4.7108 21.8254 14.0461 0.1101 0.1101 0.1112
v -4.1566 21.8254 14.7056 0.1230 0.1230 0.1242
v -3.6024 21.8254 15.3482 0.1375 0.1375 0.1389
v -3.0482 21.8254 15.9692 0.1538 0.1538 0.1554
v -2.4940 21.8254 16.5632 0.1723 0.1723 0.1740
v -1.9398 21.8254 17.1242 0.1933 0.1933 0.1952
v -1.3855 21.8254 17.6460 0.2172 0.2172 0.2193
v -0.8313 21.8254 18.1216 0.2444 0.2444 0.2468
v -0.2771 21.8254 18.5443 0.2754 0.2754 0.2781
v 0.2771 21.8254 18.9075 0.3103 0.3103 0.3134
v 0.8313 21.8254 19.2048 0.3490 0.3490 0.3525
v 1.3855 21.8254 19.4307 0.3906 0.3906 0.3945
v 1.9398 21.8254 19.5804 0.4330 0.4330 0.4373
v 2.4940 21.8254 19.6505 0.4733 0.4733 0.4780
v 3.0482 21.8254 19.6388 0.5083 0.5083 0.5133
v 3.6024 21.8254 19.5444 0.5352 0.5352 0.5406
v 4.1566 21.8254 19.3682 0.5533 0.5533 0.5588
v 4.7108 21.8254 19.1122 0.5633 0.5633 0.5689
v 5.2651 21.8254 18.7800 0.5672 0.5672 0.5728
v 5.8193 21.8254 18.3762 0.5671 0.5671 0.5728
v 6.3735 21.8254 17.9065 0.5650 0.5650 0.5706
v 6.9277 21.8254 17.3774 0.5620 0.5620 0.5676
v 7.4819 21.8254 16.7958 0.5590 0.5590 0.5646
v 8.0361 21.8254 16.1690 0.5563 0.5563 0.5619
v 8.5904 21.8254 15.5041 0.5542 0.5542 0.5597
v 9.1446 21.8254 14.8081 0.5526 0.5526 0.5581
v 9.6988 21.8254 14.0876 0.5514 0.5514 0.5569
v 10.2530 21.8254 13.3489 0.5505 0.5505 0.5560
v 10.8072 21.8254 12.5975 0.5498 0.5498 0.5553
v 11.3614 21.8254 11.8384 0.5492 0.5492 0.5547
v 11.9157 21.8254 11.0762 0.5484 0.5484 0.5539
v 12.4699 21.8254 10.3149 0.5474 0.5474 0.5529
v 13.0241 21.8254 9.5583 0.5461 0.5461 0.5516
v 13.5783 21.8254 8.8098 0.5445 0.5445 0.5499
v 14.1325 21.8254 8.0727 0.5425 0.5425 0.5480
v 14.6867 21.8254 7.3504 0.5402 0.5402 0.5456
v 15.2410 21.8254 6.6461 0.5376 0.5376 0.5430
v 15.7952 21.8254 5.9631 0.5348 0.5348 0.5401
v 16.3494 21.8254 5.3048 0.5317 0.5317 0.5370
v 16.9036 21.8254 4.6746 0.5284 0.5284 0.5336
v 17.4578 21.8254 4.0756 0.5248 0.5248 0.5301
v 18.0120 21.8254 3.5108 0.5210 0.5210 0.5263
v 18.5663 21.8254 2.9827 0.5169 0.5169 0.5221
v 19.1205 21.8254 2.4934 0.5124 0.5124 0.5175
v 19.6747 21.8254 2.0440 0.5073 0.5073 0.5124
v 20.2289 21.8254 1.6348 0.5017 0.5017 0.5067
v 20.7831 21.8254 1.2648 0.4954 0.4954 0.5004
v 21.3373 21.8254 0.9315 0.4891 0.4891 0.4939
v 21.8916 21.8254 0.6295 0.4838 0.4838 0.4886
v 22.4458 21.8254 0.3470 0.4886 0.4886 0.4935
v 23.0000 21.8254 0.0000 0.4956 0.4956 0.5006
v -23.0000 23.5714 0.0000 0.3179 0.3179 0.3211
v -22.4458 23.5714 0.0720 0.3180 0.3180 0.3212
v -21.8916 23.5714 0.1418 0.3151 0.3151 0.3182
v -21.3373 23.5714 0.2226 0.3067 0.3067 0.3098
v -20.7831 23.5714 0.3160 0.2973 0.2973 0.3003
v -20.2289 23.5714 0.4228 0.2872 0.2872 0.2901
v -19.6747 23.5714 0.5442 0.2766 0.2766 0.2794
v -19.1205 23.5714 0.6816 0.2655 0.2655 0.2681
v -18.5663 23.5714 0.8368 0.2538 0.2538 0.2564
v -18.0120 23.5714 1.0121 0.2417 0.2417 0.2441
v -17.4578 23.5714 1.2099 0.2292 0.2292 0.2315
v -16.9036 23.5714 1.4331 0.2163 0.2163 0.2185
v -16.3494 23.5714 1.6843 0.2032 0.2032 0.2052
v -15.7952 23.5714 1.9661 0.1900 0.1900 0.1919
v -15.2410 23.5714 2.2809 0.1769 0.1769 0.1787
v -14.6867 23.5714 2.6305 0.1642 0.1642 0.1659
v -14.1325 23.5714 3.0161 0.1521 0.1521 0.1537
v -13.5783 23.5714 3.4381 0.1408 0.1408 0.1422
v -13.0241 23.5714 3.8963 0.1305 0.1305 0.1318
v -12.4699 23.5714 4.3896 0.1211 0.1211 0.1223
v -11.9157 23.5714 4.9161 0.1129 0.1129 0.1141
v -11.3614 23.5714 5.4732 0.1059 0.1059 0.1069
v -10.8072 23.5714 6.0577 0.1000 0.1000 0.1010
v -10.2530 23.5714 6.6660 0.0957 0.0957 0.0966
v -9.6988 23.5714 7.2943 0.0929 0.0929 0.0938
v -9.1446 23.5714 7.9386 0.0912 0.0912 0.0921
v -8.5904 23.5714 8.5947 0.0908 0.0908 0.0917
v -8.0361 23.5714 9.2589 0.0915 0.0915 0.0925
v -7.4819 23.5714 9.9275 0.0935 0.0935 0.0945
v -6.9277 23.5714 10.5971 0.0971 0.0971 0.0981
v -6.3735 23.5714 11.2647 0.1025 0.1025 0.1035
v -5.8193 23.5714 11.9272 0.1092 0.1092 0.1103
v -5.2651 23.5714 12.5820 0.1173 0.1173 0.1185
v -4.7108 23.5714 13.2264 0.1270 0.1270 0.1283
v -4.1566 23.5714 13.8573 0.1384 0.1384 0.1398
v -3.6024 23.5714 14.4718 0.1514 0.1514 0.1530
v -3.0482 23.5714 15.0665 0.1664 0.1664 0.1681
v -2.4940 23.5714 15.6372 0.1835 0.1835 0.1854
v -1.9398 23.5714 16.1797 0.2030 0.2030 0.2051
v -1.3855 23.5714 16.6890 0.2252 0.2252 0.2274
v -0.8313 23.5714 17.1595 0.2503 0.2503 0.2528
v -0.2771 23.5714 17.5855 0.2787 0.2787 0.2815
v 0.2771 23.5714 17.9609 0.3106 0.3106 0.3137
v 0.8313 23.5714 18.2796 0.3461 0.3461 0.3495
v 1.3855 23.5714 18.5357 0.3846 0.3846 0.3884
v 1.9398 23.5714 18.7237 0.4250 0.4250 0.4293
v 2.4940 23.5714 18.8390 0.4655 0.4655 0.4701
v 3.0482 23.5714 18.8778 0.5032 0.5032 0.5082
v 3.6024 23.5714 18.8375 0.5353 0.5353 0.5407
v 4.1566 23.5714 18.7168 0.5598 0.5598 0.5654
v 4.7108 23.5714 18.5159 0.5758 0.5758 0.5816
v 5.2651 23.5714 18.2362 0.5844 0.5844 0.5902
v 5.8193 23.5714 17.8810 0.5872 0.5872 0.5930
v 6.3735 23.5714 17.4545 0.5862 0.5862 0.5920
v 6.9277 23.5714 16.9623 0.5830 0.5830 0.5889
v 7.4819 23.5714 16.4109 0.5790 0.5790 0.5848
v 8.0361 23.5714 15.8076 0.5750 0.5750 0.5807
v 8.5904 23.5714 15.1601 0.5713 0.5713 0.5771
v 9.1446 23.5714 14.4762 0.5683 0.5683 0.5740
v 9.6988 23.5714 13.7638 0.5659 0.5659 0.5715
v 10.2530 23.5714 13.0305 0.5640 0.5640 0.5697
v 10.8072 23.5714 12.2833 0.5627 0.5627 0.5683
v 11.3614 23.5714 11.5288 0.5616 0.5616 0.5672
v 11.9157 23.5714 10.7728 0.5607 0.5607 0.5663
v 12.4699 23.5714 10.0203 0.5598 0.5598 0.5654
v 13.0241 23.5714 9.2760 0.5587 0.5587 0.5643
v 13.5783 23.5714 8.5436 0.5573 0.5573 0.5629
v 14.1325 23.5714 7.8264 0.5555 0.5555 0.5611
v 14.6867 23.5714 7.1273 0.5532 0.5532 0.5588
v 15.2410 23.5714 6.4489 0.5504 0.5504 0.5560
v 15.7952 23.5714 5.7937 0.5471 0.5471 0.5526
v 16.3494 23.5714 5.1638 0.5433 0.5433 0.5487
v 16.9036 23.5714 4.5615 0.5389 0.5389 0.5443
v 17.4578 23.5714 3.9889 0.5340 0.5340 0.5394
v 18.0120 23.5714 3.4479 0.5287 0.5287 0.5340
v 18.5663 23.5714 2.9403 0.5229 0.5229 0.5282
v 19.1205 23.5714 2.4676 0.5167 0.5167 0.5219
v 19.6747 23.5714 2.0309 0.5101 0.5101 0.5152
v 20.2289 23.5714 1.6305 0.5032 0.5032 0.5082
v 20.7831 23.5714 1.2659 0.4960 0.4960 0.5009
v 21.3373 23.5714 0.9349 0.4890 0.4890 0.4939
v 21.8916 23.5714 0.6332 0.4836 0.4836 0.4884
v 22.4458 23.5714 0.3494 0.4886 0.4886 0.4935
v 23.0000 23.5714 0.0000 0.4956 0.4956 0.5005
v -23.0000 25.3175 0.0000 0.3206 0.3206 0.3238
v -22.4458 25.3175 0.0686 0.3198 0.3198 0.3230
v -21.8916 25.3175 0.1382 0.3162 0.3162 0.3193
v -21.3373 25.3175 0.2205 0.3080 0.3080 0.3111
v -20.7831 25.3175 0.3161 0.2993 0.2993 0.3023
v -20.2289 25.3175 0.4251 0.2904 0.2904 0.2933
v -19.6747 25.3175 0.5475 0.2815 0.2815 0.2843
v -19.1205 25.3175 0.6836 0.2725 0.2725 0.2753
v -18.5663 25.3175 0.8339 0.2635 0.2635 0.2661
v -18.0120 25.3175 0.9997 0.2543 0.2543 0.2569
v -17.4578 25.3175 1.1825 0.2450 0.2450 0.2474
v -16.9036 25.3175 1.3842 0.2354 0.2354 0.2377
v -16.3494 25.3175 1.6072 0.2255 0.2255 0.2277
v -15.7952 25.3175 1.8541 0.2153 0.2153 0.2174
v -15.2410 25.3175 2.1276 0.2048 0.2048 0.2069
v -14.6867 25.3175 2.4302 0.1942 0.1942 0.1962
v -14.1325 25.3175 2.7641 0.1836 0.1836 0.1855
v -13.5783 25.3175 3.1312 0.1732 0.1732 0.1749
v -13.0241 25.3175 3.5328 0.1632 0.1632 0.1648
v -12.4699 25.3175 3.9693 0.1537 0.1537 0.1552
v -11.9157 25.3175 4.4403 0.1450 0.1450 0.1464
v -11.3614 25.3175 4.9448 0.1371 0.1371 0.1385
v -10.8072 25.3175 5.4807 0.1303 0.1303 0.1316
v -10.2530 25.3175 6.0453 0.1245 0.1245 0.1258
v -9.6988 25.3175 6.6352 0.1200 0.1200 0.1212
v -9.1446 25.3175 7.2464 0.1166 0.1166 0.1178
v -8.5904 25.3175 7.8746 0.1146 0.1146 0.1157
v -8.0361 25.3175 8.5155 0.1139 0.1139 0.1150
v -7.4819 25.3175 9.1644 0.1146 0.1146 0.1157
v -6.9277 25.3175 9.8169 0.1168 0.1168 0.1179
v -6.3735 25.3175 10.4688 0.1205 0.1205 0.1217
v -5.8193 25.3175 11.1160 0.1258 0.1258 0.1271
v -5.2651 25.3175 11.7549 0.1328 0.1328 0.1342
v -4.7108 25.3175 12.3820 0.1416 0.1416 0.1430
v -4.1566 25.3175 12.9941 0.1523 0.1523 0.1538
v -3.6024 25.3175 13.5881 0.1649 0.1649 0.1665
v -3.0482 25.3175 14.1609 0.1795 0.1795 0.1813
v -2.4940 25.3175 14.7092 0.1964 0.1964 0.1984
v -1.9398 25.3175 15.2296 0.2157 0.2157 0.2178
v -1.3855 25.3175 15.7184 0.2375 0.2375 0.2398
v -0.8313 25.3175 16.1715 0.2620 0.2620 0.2646
v -0.2771 25.3175 16.5845 0.2893 0.2893 0.2922
v 0.2771 25.3175 16.9525 0.3196 0.3196 0.3228
v 0.8313 25.3175 17.2707 0.3529 0.3529 0.3564
v 1.3855 25.3175 17.5338 0.3887 0.3887 0.3926
v 1.9398 25.3175 17.7369 0.4263 0.4263 0.4306
v 2.4940 25.3175 17.8751 0.4646 0.4646 0.4692
v 3.0482 25.3175 17.9444 0.5015 0.5015 0.5065
v 3.6024 25.3175 17.9410 0.5349 0.5349 0.5402
v 4.1566 25.3175 17.8627 0.5626 0.5626 0.5682
v 4.7108 25.3175 17.7079 0.5833 0.5833 0.5891
v 5.2651 25.3175 17.4767 0.5967 0.5967 0.6026
v 5.8193 25.3175 17.1703 0.6036 0.6036 0.6096
v 6.3735 25.3175 16.7914 0.6053 0.6053 0.6114
v 6.9277 25.3175 16.3441 0.6036 0.6036 0.6097
v 7.4819 25.3175 15.8337 0.5998 0.5998 0.6058
v 8.0361 25.3175 15.2667 0.5951 0.5951 0.6011
v 8.5904 25.3175 14.6503 0.5902 0.5902 0.5961
v 9.1446 25.3175 13.9924 0.5856 0.5856 0.5914
v 9.6988 25.3175 13.3013 0.5815 0.5815 0.5873
v 10.2530 25.3175 12.5852 0.5781 0.5781 0.5839
v 10.8072 25.3175 11.8524 0.5753 0.5753 0.5810
v 11.3614 25.3175 11.1105 0.5731 0.5731 0.5788
v 11.9157 25.3175 10.3666 0.5713 0.5713 0.5770
v 12.4699 25.3175 9.6273 0.5697 0.5697 0.5754
v 13.0241 25.3175 8.8979 0.5683 0.5683 0.5739
v 13.5783 25.3175 8.1832 0.5667 0.5667 0.5724
v 14.1325 25.3175 7.4871 0.5648 0.5648 0.5705
v 14.6867 25.3175 6.8127 0.5626 0.5626 0.5682
v 15.2410 25.3175 6.1625 0.5597 0.5597 0.5653
v 15.7952 25.3175 5.5382 0.5562 0.5562 0.5618
v 16.3494 25.3175 4.9415 0.5520 0.5520 0.5575
v 16.9036 25.3175 4.3734 0.5471 0.5471 0.5525
v 17.4578 25.3175 3.8349 0.5414 0.5414 0.5468
v 18.0120 25.3175 3.3268 0.5350 0.5350 0.5404
v 18.5663 25.3175 2.8496 0.5280 0.5280 0.5333
v 19.1205 25.3175 2.4040 0.5206 0.5206 0.5258
v 19.6747 25.3175 1.9901 0.5127 0.5127 0.5178
v 20.2289 25.3175 1.6079 0.5046 0.5046 0.5096
v 20.7831 25.3175 1.2565 0.4966 0.4966 0.5015
v 21.3373 25.3175 0.9342 0.4891 0.4891 0.4940
v 21.8916 25.3175 0.6367 0.4836 0.4836 0.4884
v 22.4458 25.3175 0.3533 0.4889 0.4889 0.4938
v 23.0000 25.3175 0.0000 0.4961 0.4961 0.5011
v -23.0000 27.0635 0.0000 0.3239 0.3239 0.3272
v -22.4458 27.0635 0.0634 0.3231 0.3231 0.3263
v -21.8916 27.0635 0.1291 0.3196 0.3196 0.3228
v -21.3373 27.0635 0.2080 0.3123 0.3123 0.3154
v -20.7831 27.0635 0.3006 0.3046 0.3046 0.3077
v -20.2289 27.0635 0.4068 0.2971 0.2971 0.3000
v -19.6747 27.0635 0.5261 0.2897 0.2897 0.2926
v -19.1205 27.0635 0.6581 0.2826 0.2826 0.2854
v -18.5663 27.0635 0.8026 0.2756 0.2756 0.2784
v -18.0120 27.0635 0.9598 0.2687 0.2687 0.2714
v -17.4578 27.0635 1.1302 0.2619 0.2619 0.2645
v -16.9036 27.0635 1.3147 0.2548 0.2548 0.2574
v -16.3494 27.0635 1.5151 0.2475 0.2475 0.2500
v -15.7952 27.0635 1.7333 0.2398 0.2398 0.2422
v -15.2410 27.0635 1.9717 0.2317 0.2317 0.2340
v -14.6867 27.0635 2.2330 0.2230 0.2230 0.2252
v -14.1325 27.0635 2.5199 0.2138 0.2138 0.2159
v -13.5783 27.0635 2.8350 0.2043 0.2043 0.2063
v -13.0241 27.0635 3.1807 0.1945 0.1945 0.1964
v -12.4699 27.0635 3.5589 0.1847 0.1847 0.1866
v -11.9157 27.0635 3.9707 0.1752 0.1752 0.1770
v -11.3614 27.0635 4.4166 0.1662 0.1662 0.1679
v -10.8072 27.0635 4.8962 0.1579 0.1579 0.1595
v -10.2530 27.0635 5.4082 0.1505 0.1505 0.1520
v -9.6988 27.0635 5.9502 0.1442 0.1442 0.1457
v -9.1446 27.0635 6.5192 0.1391 0.1391 0.1405
v -8.5904 27.0635 7.1114 0.1354 0.1354 0.1367
v -8.0361 27.0635 7.7222 0.1331 0.1331 0.1344
v -7.4819 27.0635 8.3468 0.1323 0.1323 0.1336
v -6.9277 27.0635 8.9801 0.1332 0.1332 0.1345
v -6.3735 27.0635 9.6167 0.1358 0.1358 0.1371
v -5.8193 27.0635 10.2515 0.1402 0.1402 0.1416
v -5.2651 27.0635 10.8795 0.1466 0.1466 0.1481
v -4.7108 27.0635 11.4960 0.1550 0.1550 0.1566
v -4.1566 27.0635 12.0967 0.1655 0.1655 0.1672
v -3.6024 27.0635 12.6774 0.1783 0.1783 0.1801
v -3.0482 27.0635 13.2346 0.1934 0.1934 0.1954
v -2.4940 27.0635 13.7648 0.2109 0.2109 0.2131
v -1.9398 27.0635 14.2649 0.2309 0.2309 0.2333
v -1.3855 27.0635 14.7316 0.2535 0.2535 0.2560
v -0.8313 27.0635 15.1618 0.2785 0.2785 0.2813
v -0.2771 27.0635 15.5523 0.3061 0.3061 0.3091
v 0.2771 27.0635 15.8998 0.3360 0.3360 0.3394
v 0.8313 27.0635 16.2006 0.3681 0.3681 0.3718
v 1.3855 27.0635 16.4512 0.4019 0.4019 0.4059
v 1.9398 27.0635 16.6476 0.4368 0.4368 0.4411
v 2.4940 27.0635 16.7862 0.4718 0.4718 0.4765
v 3.0482 27.0635 16.8634 0.5058 0.5058 0.5108
v 3.6024 27.0635 16.8760 0.5372 0.5372 0.5426
v 4.1566 27.0635 16.8213 0.5646 0.5646 0.5702
v 4.7108 27.0635 16.6974 0.5867 0.5867 0.5926
v 5.2651 27.0635 16.5032 0.6029 0.6029 0.6090
v 5.8193 27.0635 16.2389 0.6133 0.6133 0.6195
v 6.3735 27.0635 15.9057 0.6185 0.6185 0.6247
v 6.9277 27.0635 15.5061 0.6195 0.6195 0.6257
v 7.4819 27.0635 15.0440 0.6175 0.6175 0.6236
v 8.0361 27.0635 14.5242 0.6135 0.6135 0.6196
v 8.5904 27.0635 13.9529 0.6084 0.6084 0.6145
v 9.1446 27.0635 13.3370 0.6030 0.6030 0.6091
v 9.6988 27.0635 12.6843 0.5977 0.5977 0.6037
v 10.2530 27.0635 12.0029 0.5927 0.5927 0.5987
v 10.8072 27.0635 11.3010 0.5883 0.5883 0.5942
v 11.3614 27.0635 10.5869 0.5845 0.5845 0.5904
v 11.9157 27.0635 9.8684 0.5813 0.5813 0.5871
v 12.4699 27.0635 9.1529 0.5784 0.5784 0.5842
v 13.0241 27.0635 8.4469 0.5759 0.5759 0.5817
v 13.5783 27.0635 7.7561 0.5736 0.5736 0.5793
v 14.1325 27.0635 7.0852 0.5711 0.5711 0.5769
v 14.6867 27.0635 6.4381 0.5685 0.5685 0.5742
v 15.2410 27.0635 5.8174 0.5654 0.5654 0.5710
v 15.7952 27.0635 5.2252 0.5616 0.5616 0.5672
v 16.3494 27.0635 4.6627 0.5572 0.5572 0.5627
v 16.9036 27.0635 4.1305 0.5519 0.5519 0.5574
v 17.4578 27.0635 3.6286 0.5458 0.5458 0.5512
v 18.0120 27.0635 3.1570 0.5388 0.5388 0.5442
v 18.5663 27.0635 2.7151 0.5311 0.5311 0.5364
v 19.1205 27.0635 2.3023 0.5228 0.5228 0.5281
v 19.6747 27.0635 1.9178 0.5142 0.5142 0.5193
v 20.2289 27.0635 1.5607 0.5054 0.5054 0.5104
v 20.7831 27.0635 1.2296 0.4968 0.4968 0.5018
v 21.3373 27.0635 0.9221 0.4891 0.4891 0.4940
v 21.8916 27.0635 0.6342 0.4836 0.4836 0.4884
v 22.4458 27.0635 0.3551 0.4892 0.4892 0.4941
v 23.0000 27.0635 0.0000 0.4967 0.4967 0.5016
v -23.0000 28.8095 0.0000 0.3268 0.3268 0.3301
v -22.4458 28.8095 0.0583 0.3269 0.3269 0.3302
v -21.8916 28.8095 0.1173 0.3248 0.3248 0.3280
v -21.3373 28.8095 0.1880 0.3189 0.3189 0.3221
v -20.7831 28.8095 0.2718 0.3128 0.3128 0.3159
v -20.2289 28.8095 0.3689 0.3068 0.3068 0.3098
v -19.6747 28.8095 0.4790 0.3009 0.3009 0.3039
v -19.1205 28.8095 0.6016 0.2952 0.2952 0.2982
v -18.5663 28.8095 0.7364 0.2898 0.2898 0.2927
v -18.0120 28.8095 0.8829 0.2845 0.2845 0.2873
v -17.4578 28.8095 1.0410 0.2792 0.2792 0.2820
v -16.9036 28.8095 1.2109 0.2738 0.2738 0.2766
v -16.3494 28.8095 1.3934 0.2682 0.2682 0.2709
v -15.7952 28.8095 1.5896 0.2621 0.2621 0.2647
v -15.2410 28.8095 1.8012 0.2555 0.2555 0.2581
v -14.6867 28.8095 2.0305 0.2482 0.2482 0.2507
v -14.1325 28.8095 2.2797 0.2403 0.2403 0.2427
v -13.5783 28.8095 2.5518 0.2316 0.2316 0.2339
v -13.0241 28.8095 2.8494 0.2223 0.2223 0.2245
v -12.4699 28.8095 3.1751 0.2125 0.2125 0.2147
v -11.9157 28.8095 3.5313 0.2026 0.2026 0.2046
v -11.3614 28.8095 3.9196 0.1927 0.1927 0.1947
v -10.8072 28.8095 4.3410 0.1833 0.1833 0.1851
v -10.2530 28.8095 4.7958 0.1745 0.1745 0.1762
v -9.6988 28.8095 5.2830 0.1666 0.1666 0.1683
v -9.1446 28.8095 5.8010 0.1600 0.1600 0.1616
v -8.5904 28.8095 6.3469 0.1547 0.1547 0.1562
v -8.0361 28.8095 6.9170 0.1510 0.1510 0.1525
v -7.4819 28.8095 7.5069 0.1490 0.1490 0.1505
v -6.9277 28.8095 8.1113 0.1488 0.1488 0.1503
v -6.3735 28.8095 8.7247 0.1506 0.1506 0.1521
v -5.8193 28.8095 9.3411 0.1545 0.1545 0.1560
v -5.2651 28.8095 9.9544 0.1605 0.1605 0.1621
v -4.7108 28.8095 10.5587 0.1689 0.1689 0.1705
v -4.1566 28.8095 11.1485 0.1796 0.1796 0.1814
v -3.6024 28.8095 11.7182 0.1929 0.1929 0.1948
v -3.0482 28.8095 12.2633 0.2087 0.2087 0.2108
v -2.4940 28.8095 12.7792 0.2272 0.2272 0.2295
v -1.9398 28.8095 13.2622 0.2484 0.2484 0.2508
v -1.3855 28.8095 13.7090 0.2721 0.2721 0.2748
v -0.8313 28.8095 14.1166 0.2983 0.2983 0.3013
v -0.2771 28.8095 14.4823 0.3267 0.3267 0.3299
v 0.2771 28.8095 14.8037 0.3569 0.3569 0.3605
v 0.8313 28.8095 15.0786 0.3885 0.3885 0.3924
v 1.3855 28.8095 15.3048 0.4210 0.4210 0.4252
v 1.9398 28.8095 15.4799 0.4535 0.4535 0.4580
v 2.4940 28.8095 15.6019 0.4853 0.4853 0.4902
v 3.0482 28.8095 15.6685 0.5156 0.5156 0.5208
v 3.6024 28.8095 15.6778 0.5435 0.5435 0.5490
v 4.1566 28.8095 15.6280 0.5682 0.5682 0.5739
v 4.7108 28.8095 15.5175 0.5890 0.5890 0.5949
v 5.2651 28.8095 15.3455 0.6053 0.6053 0.6114
v 5.8193 28.8095 15.1116 0.6172 0.6172 0.6234
v 6.3735 28.8095 14.8163 0.6248 0.6248 0.6310
v 6.9277 28.8095 14.4610 0.6285 0.6285 0.6348
v 7.4819 28.8095 14.0482 0.6290 0.6290 0.6353
v 8.0361 28.8095 13.5813 0.6270 0.6270 0.6332
v 8.5904 28.8095 13.0649 0.6232 0.6232 0.6294
v 9.1446 28.8095 12.5043 0.6183 0.6183 0.6244
v 9.6988 28.8095 11.9060 0.6127 0.6127 0.6189
v 10.2530 28.8095 11.2770 0.6070 0.6070 0.6131
v 10.8072 28.8095 10.6248 0.6015 0.6015 0.6075
v 11.3614 28.8095 9.9571 0.5962 0.5962 0.6022
v 11.9157 28.8095 9.2816 0.5913 0.5913 0.5973
v 12.4699 28.8095 8.6059 0.5869 0.5869 0.5928
v 13.0241 28.8095 7.9370 0.5829 0.5829 0.5888
v 13.5783 28.8095 7.2811 0.5792 0.5792 0.5850
v 14.1325 28.8095 6.6437 0.5756 0.5756 0.5814
v 14.6867 28.8095 6.0294 0.5720 0.5720 0.5777
v 15.2410 28.8095 5.4415 0.5681 0.5681 0.5738
v 15.7952 28.8095 4.8826 0.5638 0.5638 0.5695
v 16.3494 28.8095 4.3542 0.5589 0.5589 0.5645
v 16.9036 28.8095 3.8570 0.5533 0.5533 0.5588
v 17.4578 28.8095 3.3907 0.5468 0.5468 0.5523
v 18.0120 28.8095 2.9549 0.5395 0.5395 0.5449
v 18.5663 28.8095 2.5482 0.5315 0.5315 0.5368
v 19.1205 28.8095 2.1694 0.5228 0.5228 0.5281
v 19.6747 28.8095 1.8166 0.5138 0.5138 0.5190
v 20.2289 28.8095 1.4879 0.5048 0.5048 0.5098
v 20.7831 28.8095 1.1813 0.4960 0.4960 0.5010
v 21.3373 28.8095 0.8937 0.4883 0.4883 0.4931
v 21.8916 28.8095 0.6206 0.4829 0.4829 0.4877
v 22.4458 28.8095 0.3510 0.4888 0.4888 0.4937
v 23.0000 28.8095 0.0000 0.4967 0.4967 0.5016
v -23.0000 30.5556 0.0000 0.3286 0.3286 0.3319
v -22.4458 30.5556 0.0547 0.3304 0.3304 0.3337
v -21.8916 30.5556 0.1057 0.3305 0.3305 0.3338
v -21.3373 30.5556 0.1654 0.3268 0.3268 0.3301
v -20.7831 30.5556 0.2359 0.3227 0.3227 0.3259
v -20.2289 30.5556 0.3183 0.3183 0.3183 0.3215
v -19.6747 30.5556 0.4130 0.3140 0.3140 0.3171
v -19.1205 30.5556 0.5201 0.3096 0.3096 0.3127
v -18.5663 30.5556 0.6395 0.3052 0.3052 0.3083
v -18.0120 30.5556 0.7710 0.3008 0.3008 0.3038
v -17.4578 30.5556 0.9142 0.2963 0.2963 0.2992
v -16.9036 30.5556 1.0691 0.2916 0.2916 0.2945
v -16.3494 30.5556 1.2358 0.2866 0.2866 0.2895
v -15.7952 30.5556 1.4146 0.2812 0.2812 0.2840
v -15.2410 30.5556 1.6065 0.2753 0.2753 0.2781
v -14.6867 30.5556 1.8128 0.2688 0.2688 0.2714
v -14.1325 30.5556 2.0352 0.2615 0.2615 0.2641
v -13.5783 30.5556 2.2759 0.2535 0.2535 0.2560
v -13.0241 30.5556 2.5372 0.2447 0.2447 0.2472
v -12.4699 30.5556 2.8216 0.2354 0.2354 0.2377
v -11.9157 30.5556 3.1318 0.2256 0.2256 0.2279
v -11.3614 30.5556 3.4700 0.2156 0.2156 0.2178
v -10.8072 30.5556 3.8381 0.2058 0.2058 0.2078
v -10.2530 30.5556 4.2373 0.1964 0.1964 0.1983
v -9.6988 30.5556 4.6681 0.1877 0.1877 0.1896
v -9.1446 30.5556 5.1300 0.1802 0.1802 0.1820
v -8.5904 30.5556 5.6217 0.1740 0.1740 0.1757
v -8.0361 30.5556 6.1407 0.1694 0.1694 0.1711
v -7.4819 30.5556 6.6835 0.1667 0.1667 0.1683
v -6.9277 30.5556 7.2456 0.1659 0.1659 0.1675
v -6.3735 30.5556 7.8220 0.1672 0.1672 0.1688
v -5.8193 30.5556 8.4066 0.1707 0.1707 0.1724
v -5.2651 30.5556 8.9932 0.1767 0.1767 0.1784
v -4.7108 30.5556 9.5752 0.1851 0.1851 0.1869
v -4.1566 30.5556 10.1461 0.1961 0.1961 0.1980
v -3.6024 30.5556 10.6994 0.2097 0.2097 0.2118
v -3.0482 30.5556 11.2292 0.2262 0.2262 0.2285
v -2.4940 30.5556 11.7299 0.2455 0.2455 0.2479
v -1.9398 30.5556 12.1968 0.2675 0.2675 0.2702
v -1.3855 30.5556 12.6256 0.2922 0.2922 0.2951
v -0.8313 30.5556 13.0129 0.3193 0.3193 0.3225
v -0.2771 30.5556 13.3558 0.3484 0.3484 0.3519
v 0.2771 30.5556 13.6523 0.3789 0.3789 0.3827
v 0.8313 30.5556 13.9005 0.4102 0.4102 0.4143
v 1.3855 30.5556 14.0994 0.4415 0.4415 0.4460
v 1.9398 30.5556 14.2480 0.4721 0.4721 0.4768
v 2.4940 30.5556 14.3456 0.5011 0.5011 0.5061
v 3.0482 30.5556 14.3915 0.5280 0.5280 0.5333
v 3.6024 30.5556 14.3855 0.5523 0.5523 0.5578
v 4.1566 30.5556 14.3271 0.5736 0.5736 0.5793
v 4.7108 30.5556 14.2161 0.5917 0.5917 0.5976
v 5.2651 30.5556 14.0524 0.6064 0.6064 0.6125
v 5.8193 30.5556 13.8363 0.6179 0.6179 0.6240
v 6.3735 30.5556 13.5683 0.6261 0.6261 0.6324
v 6.9277 30.5556 13.2495 0.6313 0.6313 0.6376
v 7.4819 30.5556 12.8816 0.6338 0.6338 0.6402
v 8.0361 30.5556 12.4669 0.6340 0.6340 0.6403
v 8.5904 30.5556 12.0084 0.6322 0.6322 0.6385
v 9.1446 30.5556 11.5102 0.6288 0.6288 0.6351
v 9.6988 30.5556 10.9769 0.6242 0.6242 0.6305
v 10.2530 30.5556 10.4138 0.6189 0.6189 0.6251
v 10.8072 30.5556 9.8269 0.6131 0.6131 0.6192
v 11.3614 30.5556 9.2227 0.6071 0.6071 0.6132
v 11.9157 30.5556 8.6079 0.6011 0.6011 0.6071
v 12.4699 30.5556 7.9892 0.5953 0.5953 0.6013
v 13.0241 30.5556 7.3733 0.5898 0.5898 0.5957
v 13.5783 30.5556 6.7664 0.5844 0.5844 0.5903
v 14.1325 30.5556 6.1741 0.5793 0.5793 0.5851
v 14.6867 30.5556 5.6015 0.5743 0.5743 0.5800
v 15.2410 30.5556 5.0526 0.5691 0.5691 0.5748
v 15.7952 30.5556 4.5305 0.5638 0.5638 0.5695
v 16.3494 30.5556 4.0372 0.5581 0.5581 0.5637
v 16.9036 30.5556 3.5741 0.5518 0.5518 0.5574
v 17.4578 30.5556 3.1414 0.5449 0.5449 0.5504
v 18.0120 30.5556 2.7384 0.5374 0.5374 0.5427
v 18.5663 30.5556 2.3641 0.5292 0.5292 0.5344
v 19.1205 30.5556 2.0167 0.5204 0.5204 0.5256
v 19.6747 30.5556 1.6940 0.5114 0.5114 0.5165
v 20.2289 30.5556 1.3936 0.5024 0.5024 0.5074
v 20.7831 30.5556 1.1126 0.4937 0.4937 0.4987
v 21.3373 30.5556 0.8476 0.4861 0.4861 0.4910
v 21.8916 30.5556 0.5933 0.4809 0.4809 0.4857
v 22.4458 30.5556 0.3386 0.4872 0.4872 0.4921
v 23.0000 30.5556 0.0000 0.4954 0.4954 0.5004
v -23.0000 32.3016 0.0000 0.3295 0.3295 0.3328
v -22.4458 32.3016 0.0530 0.3332 0.3332 0.3365
v -21.8916 32.3016 0.0964 0.3361 0.3361 0.3395
v -21.3373 32.3016 0.1443 0.3347 0.3347 0.3381
v -20.7831 32.3016 0.1996 0.3326 0.3326 0.3360
v -20.2289 32.3016 0.2642 0.3301 0.3301 0.3334
v -19.6747 32.3016 0.3393 0.3272 0.3272 0.3305
v -19.1205 32.3016 0.4261 0.3240 0.3240 0.3273
v -18.5663 32.3016 0.5250 0.3204 0.3204 0.3237
v -18.0120 32.3016 0.6366 0.3165 0.3165 0.3197
v -17.4578 32.3016 0.7609 0.3122 0.3122 0.3154
v -16.9036 32.3016 0.8979 0.3076 0.3076 0.3107
v -16.3494 32.3016 1.0478 0.3025 0.3025 0.3055
v -15.7952 32.3016 1.2106 0.2970 0.2970 0.3000
v -15.2410 32.3016 1.3864 0.2910 0.2910 0.2939
v -14.6867 32.3016 1.5759 0.2845 0.2845 0.2873
v -14.1325 32.3016 1.7799 0.2774 0.2774 0.2801
v -13.5783 32.3016 1.9994 0.2696 0.2696 0.2723
v -13.0241 32.3016 2.2362 0.2614 0.2614 0.2640
v -12.4699 32.3016 2.4919 0.2526 0.2526 0.2551
v -11.9157 32.3016 2.7685 0.2435 0.2435 0.2459
v -11.3614 32.3016 3.0681 0.2341 0.2341 0.2365
v -10.8072 32.3016 3.3925 0.2248 0.2248 0.2271
v -10.2530 32.3016 3.7434 0.2159 0.2159 0.2180
v -9.6988 32.3016 4.1219 0.2076 0.2076 0.2096
v -9.1446 32.3016 4.5287 0.2002 0.2002 0.2022
v -8.5904 32.3016 4.9633 0.1941 0.1941 0.1961
v -8.0361 32.3016 5.4246 0.1896 0.1896 0.1915
v -7.4819 32.3016 5.9105 0.1868 0.1868 0.1887
v -6.9277 32.3016 6.4178 0.1860 0.1860 0.1878
v -6.3735 32.3016 6.9423 0.1873 0.1873 0.1892
v -5.8193 32.3016 7.4791 0.1909 0.1909 0.1928
v -5.2651 32.3016 8.0224 0.1969 0.1969 0.1988
v -4.7108 32.3016 8.5660 0.2054 0.2054 0.2074
v -4.1566 32.3016 9.1032 0.2165 0.2165 0.2186
v -3.6024 32.3016 9.6271 0.2303 0.2303 0.2326
v -3.0482 32.3016 10.1313 0.2469 0.2469 0.2494
v -2.4940 32.3016 10.6093 0.2663 0.2663 0.2689
v -1.9398 32.3016 11.0554 0.2884 0.2884 0.2913
v -1.3855 32.3016 11.4644 0.3132 0.3132 0.3163
v -0.8313 32.3016 11.8320 0.3402 0.3402 0.3436
v -0.2771 32.3016 12.1547 0.3691 0.3691 0.3728
v 0.2771 32.3016 12.4299 0.3992 0.3992 0.4032
v 0.8313 32.3016 12.6558 0.4297 0.4297 0.4340
v 1.3855 32.3016 12.8315 0.4597 0.4597 0.4643
v 1.9398 32.3016 12.9566 0.4884 0.4884 0.4933
v 2.4940 32.3016 13.0313 0.5151 0.5151 0.5202
v 3.0482 32.3016 13.0563 0.5392 0.5392 0.5446
v 3.6024 32.3016 13.0324 0.5605 0.5605 0.5661
v 4.1566 32.3016 12.9608 0.5789 0.5789 0.5847
v 4.7108 32.3016 12.8427 0.5943 0.5943 0.6003
v 5.2651 32.3016 12.6794 0.6070 0.6070 0.6130
v 5.8193 32.3016 12.4721 0.6170 0.6170 0.6232
v 6.3735 32.3016 12.2222 0.6247 0.6247 0.6310
v 6.9277 32.3016 11.9313 0.6302 0.6302 0.6365
v 7.4819 32.3016 11.6008 0.6336 0.6336 0.6399
v 8.0361 32.3016 11.2328 0.6351 0.6351 0.6415
v 8.5904 32.3016 10.8295 0.6350 0.6350 0.6413
v 9.1446 32.3016 10.3936 0.6333 0.6333 0.6396
v 9.6988 32.3016 9.9283 0.6302 0.6302 0.6365
v 10.2530 32.3016 9.4372 0.6261 0.6261 0.6323
v 10.8072 32.3016 8.9245 0.6210 0.6210 0.6272
v 11.3614 32.3016 8.3950 0.6152 0.6152 0.6214
v 11.9157 32.3016 7.8537 0.6090 0.6090 0.6151
v 12.4699 32.3016 7.3059 0.6025 0.6025 0.6085
v 13.0241 32.3016 6.7572 0.5958 0.5958 0.6018
v 13.5783 32.3016 6.2129 0.5891 0.5891 0.5950
v 14.1325 32.3016 5.6782 0.5825 0.5825 0.5883
v 14.6867 32.3016 5.1579 0.5759 0.5759 0.5817
v 15.2410 32.3016 4.6563 0.5693 0.5693 0.5750
v 15.7952 32.3016 4.1768 0.5627 0.5627 0.5683
v 16.3494 32.3016 3.7222 0.5558 0.5558 0.5614
v 16.9036 32.3016 3.2943 0.5487 0.5487 0.5542
v 17.4578 32.3016 2.8940 0.5412 0.5412 0.5466
v 18.0120 32.3016 2.5215 0.5332 0.5332 0.5386
v 18.5663 32.3016 2.1760 0.5248 0.5248 0.5301
v 19.1205 32.3016 1.8562 0.5161 0.5161 0.5213
v 19.6747 32.3016 1.5602 0.5072 0.5072 0.5123
v 20.2289 32.3016 1.2853 0.4983 0.4983 0.5033
v 20.7831 32.3016 1.0286 0.4899 0.4899 0.4948
v 21.3373 32.3016 0.7864 0.4825 0.4825 0.4873
v 21.8916 32.3016 0.5530 0.4773 0.4773 0.4821
v 22.4458 32.3016 0.3174 0.4837 0.4837 0.4885
v 23.0000 32.3016 0.0000 0.4924 0.4924 0.4974
v -23.0000 34.0476 0.0000 0.3304 0.3304 0.3337
v -22.4458 34.0476 0.0520 0.3354 0.3354 0.3387
v -21.8916 34.0476 0.0893 0.3409 0.3409 0.3443
v -21.3373 34.0476 0.1267 0.3417 0.3417 0.3451
v -20.7831 34.0476 0.1677 0.3415 0.3415 0.3449
v -20.2289 34.0476 0.2146 0.3406 0.3406 0.3440
v -19.6747 34.0476 0.2694 0.3390 0.3390 0.3424
v -19.1205 34.0476 0.3340 0.3368 0.3368 0.3402
v -18.5663 34.0476 0.4098 0.3340 0.3340 0.3373
v -18.0120 34.0476 0.4982 0.3304 0.3304 0.3337
v -17.4578 34.0476 0.5999 0.3262 0.3262 0.3294
v -16.9036 34.0476 0.7158 0.3213 0.3213 0.3245
v -16.3494 34.0476 0.8460 0.3158 0.3158 0.3189
v -15.7952 34.0476 0.9910 0.3097 0.3097 0.3128
v -15.2410 34.0476 1.1507 0.3032 0.3032 0.3062
v -14.6867 34.0476 1.3252 0.2962 0.2962 0.2992
v -14.1325 34.0476 1.5146 0.2888 0.2888 0.2917
v -13.5783 34.0476 1.7192 0.2811 0.2811 0.2839
v -13.0241 34.0476 1.9394 0.2732 0.2732 0.2759
v -12.4699 34.0476 2.1761 0.2650 0.2650 0.2676
v -11.9157 34.0476 2.4300 0.2567 0.2567 0.2593
v -11.3614 34.0476 2.7024 0.2485 0.2485 0.2510
v -10.8072 34.0476 2.9944 0.2405 0.2405 0.2430
v -10.2530 34.0476 3.3072 0.2330 0.2330 0.2353
v -9.6988 34.0476 3.6419 0.2261 0.2261 0.2284
v -9.1446 34.0476 3.9993 0.2201 0.2201 0.2223
v -8.5904 34.0476 4.3797 0.2153 0.2153 0.2175
v -8.0361 34.0476 4.7828 0.2119 0.2119 0.2140
v -7.4819 34.0476 5.2075 0.2101 0.2101 0.2122
v -6.9277 34.0476 5.6521 0.2100 0.2100 0.2121
v -6.3735 34.0476 6.1137 0.2120 0.2120 0.2141
v -5.8193 34.0476 6.5889 0.2161 0.2161 0.2182
v -5.2651 34.0476 7.0730 0.2223 0.2223 0.2246
v -4.7108 34.0476 7.5610 0.2310 0.2310 0.2333
v -4.1566 34.0476 8.0470 0.2420 0.2420 0.2444
v -3.6024 34.0476 8.5249 0.2555 0.2555 0.2581
v -3.0482 34.0476 8.9881 0.2716 0.2716 0.2743
v -2.4940 34.0476 9.4303 0.2903 0.2903 0.2932
v -1.9398 34.0476 9.8453 0.3115 0.3115 0.3146
v -1.3855 34.0476 10.2274 0.3350 0.3350 0.3384
v -0.8313 34.0476 10.5716 0.3607 0.3607 0.3643
v -0.2771 34.0476 10.8736 0.3880 0.3880 0.3919
v 0.2771 34.0476 11.1301 0.4163 0.4163 0.4205
v 0.8313 34.0476 11.3387 0.4450 0.4450 0.4494
v 1.3855 34.0476 11.4979 0.4731 0.4731 0.4778
v 1.9398 34.0476 11.6073 0.4998 0.4998 0.5048
v 2.4940 34.0476 11.6671 0.5244 0.5244 0.5297
v 3.0482 34.0476 11.6784 0.5464 0.5464 0.5519
v 3.6024 34.0476 11.6429 0.5656 0.5656 0.5713
v 4.1566 34.0476 11.5625 0.5818 0.5818 0.5877
v 4.7108 34.0476 11.4395 0.5953 0.5953 0.6013
v 5.2651 34.0476 11.2765 0.6063 0.6063 0.6123
v 5.8193 34.0476 11.0758 0.6150 0.6150 0.6211
v 6.3735 34.0476 10.8400 0.6217 0.6217 0.6279
v 6.9277 34.0476 10.5712 0.6266 0.6266 0.6329
v 7.4819 34.0476 10.2717 0.6300 0.6300 0.6363
v 8.0361 34.0476 9.9436 0.6320 0.6320 0.6383
v 8.5904 34.0476 9.5890 0.6326 0.6326 0.6390
v 9.1446 34.0476 9.2100 0.6320 0.6320 0.6384
v 9.6988 34.0476 8.8089 0.6303 0.6303 0.6366
v 10.2530 34.0476 8.3881 0.6273 0.6273 0.6336
v 10.8072 34.0476 7.9503 0.6234 0.6234 0.6296
v 11.3614 34.0476 7.4984 0.6185 0.6185 0.6247
v 11.9157 34.0476 7.0358 0.6127 0.6127 0.6189
v 12.4699 34.0476 6.5660 0.6063 0.6063 0.6124
v 13.0241 34.0476 6.0930 0.5993 0.5993 0.6053
v 13.5783 34.0476 5.6208 0.5920 0.5920 0.5979
v 14.1325 34.0476 5.1534 0.5844 0.5844 0.5903
v 14.6867 34.0476 4.6948 0.5767 0.5767 0.5824
v 15.2410 34.0476 4.2490 0.5688 0.5688 0.5745
v 15.7952 34.0476 3.8192 0.5609 0.5609 0.5665
v 16.3494 34.0476 3.4084 0.5529 0.5529 0.5585
v 16.9036 34.0476 3.0190 0.5449 0.5449 0.5503
v 17.4578 34.0476 2.6526 0.5366 0.5366 0.5420
v 18.0120 34.0476 2.3101 0.5282 0.5282 0.5334
v 18.5663 34.0476 1.9917 0.5195 0.5195 0.5247
v 19.1205 34.0476 1.6967 0.5107 0.5107 0.5158
v 19.6747 34.0476 1.4239 0.5018 0.5018 0.5069
v 20.2289 34.0476 1.1713 0.4931 0.4931 0.4980
v 20.7831 34.0476 0.9363 0.4847 0.4847 0.4896
v 21.3373 34.0476 0.7153 0.4773 0.4773 0.4821
v 21.8916 34.0476 0.5031 0.4721 0.4721 0.4768
v 22.4458 34.0476 0.2892 0.4781 0.4781 0.4829
v 23.0000 34.0476 0.0000 0.4873 0.4873 0.4922
v -23.0000 35.7937 0.0000 0.3325 0.3325 0.3358
v -22.4458 35.7937 0.0500 0.3378 0.3378 0.3411
v -21.8916 35.7937 0.0824 0.3451 0.3451 0.3485
v -21.3373 35.7937 0.1118 0.3473 0.3473 0.3507
v -20.7831 35.7937 0.1415 0.3483 0.3483 0.3518
v -20.2289 35.7937 0.1737 0.3486 0.3486 0.3521
v -19.6747 35.7937 0.2109 0.3480 0.3480 0.3515
v -19.1205 35.7937 0.2553 0.3466 0.3466 0.3501
v -18.5663 35.7937 0.3090 0.3443 0.3443 0.3478
v -18.0120 35.7937 0.3740 0.3411 0.3411 0.3445
v -17.4578 35.7937 0.4521 0.3370 0.3370 0.3404
v -16.9036 35.7937 0.5446 0.3320 0.3320 0.3353
v -16.3494 35.7937 0.6527 0.3262 0.3262 0.3295
v -15.7952 35.7937 0.7770 0.3197 0.3197 0.3229
v -15.2410 35.7937 0.9179 0.3127 0.3127 0.3158
v -14.6867 35.7937 1.0755 0.3052 0.3052 0.3083
v -14.1325 35.7937 1.2496 0.2975 0.2975 0.3005
v -13.5783 35.7937 1.4400 0.2897 0.2897 0.2926
v -13.0241 35.7937 1.6463 0.2820 0.2820 0.2848
v -12.4699 35.7937 1.8682 0.2744 0.2744 0.2772
v -11.9157 35.7937 2.1056 0.2671 0.2671 0.2698
v -11.3614 35.7937 2.3584 0.2603 0.2603 0.2629
v -10.8072 35.7937 2.6267 0.2540 0.2540 0.2565
v -10.2530 35.7937 2.9107 0.2484 0.2484 0.2509
v -9.6988 35.7937 3.2107 0.2437 0.2437 0.2461
v -9.1446 35.7937 3.5272 0.2399 0.2399 0.2423
v -8.5904 35.7937 3.8601 0.2373 0.2373 0.2396
v -8.0361 35.7937 4.2096 0.2359 0.2359 0.2383
v -7.4819 35.7937 4.5752 0.2360 0.2360 0.2384
v -6.9277 35.7937 4.9559 0.2377 0.2377 0.2400
v -6.3735 35.7937 5.3504 0.2410 0.2410 0.2434
v -5.8193 35.7937 5.7563 0.2460 0.2460 0.2485
v -5.2651 35.7937 6.1709 0.2530 0.2530 0.2555
v -4.7108 35.7937 6.5904 0.2618 0.2618 0.2644
v -4.1566 35.7937 7.0106 0.2727 0.2727 0.2754
v -3.6024 35.7937 7.4266 0.2856 0.2856 0.2885
v -3.0482 35.7937 7.8331 0.3006 0.3006 0.3036
v -2.4940 35.7937 8.2244 0.3177 0.3177 0.3209
v -1.9398 35.7937 8.5950 0.3369 0.3369 0.3403
v -1.3855 35.7937 8.9393 0.3581 0.3581 0.3617
v -0.8313 35.7937 9.2520 0.3810 0.3810 0.3848
v -0.2771 35.7937 9.5286 0.4053 0.4053 0.4094
v 0.2771 35.7937 9.7651 0.4306 0.4306 0.4349
v 0.8313 35.7937 9.9585 0.4562 0.4562 0.4608
v 1.3855 35.7937 10.1064 0.4815 0.4815 0.4863
v 1.9398 35.7937 10.2078 0.5057 0.5057 0.5107
v 2.4940 35.7937 10.2624 0.5281 0.5281 0.5334
v 3.0482 35.7937 10.2708 0.5483 0.5483 0.5538
v 3.6024 35.7937 10.2346 0.5659 0.5659 0.5715
v 4.1566 35.7937 10.1559 0.5808 0.5808 0.5866
v 4.7108 35.7937 10.0373 0.5931 0.5931 0.5990
v 5.2651 35.7937 9.8818 0.6029 0.6029 0.6090
v 5.8193 35.7937 9.6927 0.6107 0.6107 0.6168
v 6.3735 35.7937 9.4731 0.6166 0.6166 0.6228
v 6.9277 35.7937 9.2261 0.6209 0.6209 0.6271
v 7.4819 35.7937 8.9548 0.6239 0.6239 0.6301
v 8.0361 35.7937 8.6618 0.6257 0.6257 0.6320
v 8.5904 35.7937 8.3496 0.6264 0.6264 0.6327
v 9.1446 35.7937 8.0202 0.6262 0.6262 0.6324
v 9.6988 35.7937 7.6757 0.6250 0.6250 0.6312
v 10.2530 35.7937 7.3179 0.6228 0.6228 0.6290
v 10.8072 35.7937 6.9485 0.6197 0.6197 0.6259
v 11.3614 35.7937 6.5694 0.6157 0.6157 0.6218
v 11.9157 35.7937 6.1823 0.6107 0.6107 0.6168
v 12.4699 35.7937 5.7895 0.6050 0.6050 0.6110
v 13.0241 35.7937 5.3931 0.5984 0.5984 0.6044
v 13.5783 35.7937 4.9956 0.5912 0.5912 0.5971
v 14.1325 35.7937 4.5996 0.5834 0.5834 0.5892
v 14.6867 35.7937 4.2081 0.5752 0.5752 0.5810
v 15.2410 35.7937 3.8238 0.5668 0.5668 0.5724
v 15.7952 35.7937 3.4495 0.5581 0.5581 0.5637
v 16.3494 35.7937 3.0881 0.5494 0.5494 0.5549
v 16.9036 35.7937 2.7418 0.5406 0.5406 0.5460
v 17.4578 35.7937 2.4126 0.5317 0.5317 0.5370
v 18.0120 35.7937 2.1022 0.5228 0.5228 0.5280
v 18.5663 35.7937 1.8114 0.5138 0.5138 0.5190
v 19.1205 35.7937 1.5407 0.5049 0.5049 0.5099
v 19.6747 35.7937 1.2896 0.4959 0.4959 0.5009
v 20.2289 35.7937 1.0572 0.4871 0.4871 0.4920
v 20.7831 35.7937 0.8416 0.4787 0.4787 0.4835
v 21.3373 35.7937 0.6402 0.4711 0.4711 0.4758
v 21.8916 35.7937 0.4483 0.4654 0.4654 0.4701
v 22.4458 35.7937 0.2566 0.4706 0.4706 0.4754
v 23.0000 35.7937 0.0000 0.4800 0.4800 0.4848
v -23.0000 37.5397 0.0000 0.3366 0.3366 0.3400
v -22.4458 37.5397 0.0451 0.3411 0.3411 0.3445
v -21.8916 37.5397 0.0731 0.3488 0.3488 0.3522
v -21.3373 37.5397 0.0969 0.3515 0.3515 0.3550
v -20.7831 37.5397 0.1190 0.3531 0.3531 0.3567
v -20.2289 37.5397 0.1414 0.3539 0.3539 0.3574
v -19.6747 37.5397 0.1660 0.3538 0.3538 0.3573
v -19.1205 37.5397 0.1953 0.3528 0.3528 0.3564
v -18.5663 37.5397 0.2313 0.3509 0.3509 0.3544
v -18.0120 37.5397 0.2766 0.3480 0.3480 0.3515
v -17.4578 37.5397 0.3332 0.3442 0.3442 0.3476
v -16.9036 37.5397 0.4034 0.3393 0.3393 0.3427
v -16.3494 37.5397 0.4887 0.3336 0.3336 0.3370
v -15.7952 37.5397 0.5905 0.3271 0.3271 0.3304
v -15.2410 37.5397 0.7097 0.3201 0.3201 0.3233
v -14.6867 37.5397 0.8469 0.3126 0.3126 0.3157
v -14.1325 37.5397 1.0020 0.3049 0.3049 0.3080
v -13.5783 37.5397 1.1747 0.2973 0.2973 0.3003
v -13.0241 37.5397 1.3644 0.2900 0.2900 0.2929
v -12.4699 37.5397 1.5702 0.2831 0.2831 0.2860
v -11.9157 37.5397 1.7911 0.2769 0.2769 0.2797
v -11.3614 37.5397 2.0262 0.2715 0.2715 0.2742
v -10.8072 37.5397 2.2743 0.2669 0.2669 0.2696
v -10.2530 37.5397 2.5346 0.2634 0.2634 0.2660
v -9.6988 37.5397 2.8065 0.2610 0.2610 0.2636
v -9.1446 37.5397 3.0893 0.2597 0.2597 0.2623
v -8.5904 37.5397 3.3824 0.2597 0.2597 0.2623
v -8.0361 37.5397 3.6856 0.2609 0.2609 0.2635
v -7.4819 37.5397 3.9984 0.2635 0.2635 0.2661
v -6.9277 37.5397 4.3201 0.2673 0.2673 0.2700
v -6.3735 37.5397 4.6501 0.2725 0.2725 0.2753
v -5.8193 37.5397 4.9871 0.2791 0.2791 0.2819
v -5.2651 37.5397 5.3296 0.2870 0.2870 0.2899
v -4.7108 37.5397 5.6756 0.2963 0.2963 0.2993
v -4.1566 37.5397 6.0223 0.3070 0.3070 0.3101
v -3.6024 37.5397 6.3668 0.3192 0.3192 0.3224
v -3.0482 37.5397 6.7053 0.3328 0.3328 0.3361
v -2.4940 37.5397 7.0337 0.3479 0.3479 0.3514
v -1.9398 37.5397 7.3477 0.3644 0.3644 0.3681
v -1.3855 37.5397 7.6426 0.3824 0.3824 0.3862
v -0.8313 37.5397 7.9139 0.4016 0.4016 0.4056
v -0.2771 37.5397 8.1573 0.4219 0.4219 0.4261
v 0.2771 37.5397 8.3687 0.4431 0.4431 0.4475
v 0.8313 37.5397 8.5446 0.4646 0.4646 0.4693
v 1.3855 37.5397 8.6824 0.4861 0.4861 0.4910
v 1.9398 37.5397 8.7800 0.5070 0.5070 0.5121
v 2.4940 37.5397 8.8363 0.5268 0.5268 0.5320
v 3.0482 37.5397 8.8511 0.5449 0.5449 0.5503
v 3.6024 37.5397 8.8252 0.5610 0.5610 0.5666
v 4.1566 37.5397 8.7599 0.5749 0.5749 0.5806
v 4.7108 37.5397 8.6574 0.5864 0.5864 0.5923
v 5.2651 37.5397 8.5206 0.5958 0.5958 0.6017
v 5.8193 37.5397 8.3526 0.6031 0.6031 0.6091
v 6.3735 37.5397 8.1568 0.6086 0.6086 0.6147
v 6.9277 37.5397 7.9366 0.6125 0.6125 0.6186
v 7.4819 37.5397 7.6955 0.6151 0.6151 0.6212
v 8.0361 37.5397 7.4367 0.6165 0.6165 0.6227
v 8.5904 37.5397 7.1631 0.6170 0.6170 0.6232
v 9.1446 37.5397 6.8773 0.6166 0.6166 0.6227
v 9.6988 37.5397 6.5814 0.6154 0.6154 0.6215
v 10.2530 37.5397 6.2772 0.6134 0.6134 0.6195
v 10.8072 37.5397 5.9663 0.6106 0.6106 0.6167
v 11.3614 37.5397 5.6500 0.6071 0.6071 0.6131
v 11.9157 37.5397 5.3293 0.6028 0.6028 0.6088
v 12.4699 37.5397 5.0052 0.5977 0.5977 0.6036
v 13.0241 37.5397 4.6789 0.5918 0.5918 0.5977
v 13.5783 37.5397 4.3516 0.5852 0.5852 0.5911
v 14.1325 37.5397 4.0245 0.5779 0.5779 0.5837
v 14.6867 37.5397 3.6992 0.5701 0.5701 0.5758
v 15.2410 37.5397 3.3775 0.5618 0.5618 0.5675
v 15.7952 37.5397 3.0612 0.5532 0.5532 0.5587
v 16.3494 37.5397 2.7523 0.5443 0.5443 0.5498
v 16.9036 37.5397 2.4529 0.5353 0.5353 0.5406
v 17.4578 37.5397 2.1649 0.5262 0.5262 0.5314
v 18.0120 37.5397 1.8900 0.5170 0.5170 0.5222
v 18.5663 37.5397 1.6298 0.5079 0.5079 0.5130
v 19.1205 37.5397 1.3852 0.4988 0.4988 0.5038
v 19.6747 37.5397 1.1569 0.4897 0.4897 0.4946
v 20.2289 37.5397 0.9447 0.4808 0.4808 0.4856
v 20.7831 37.5397 0.7481 0.4721 0.4721 0.4769
v 21.3373 37.5397 0.5652 0.4641 0.4641 0.4688
v 21.8916 37.5397 0.3926 0.4578 0.4578 0.4624
v 22.4458 37.5397 0.2228 0.4616 0.4616 0.4662
v 23.0000 37.5397 0.0000 0.4706 0.4706 0.4753
v -23.0000 39.2857 0.0000 0.3429 0.3429 0.3463
v -22.4458 39.2857 0.0366 0.3456 0.3456 0.3491
v -21.8916 39.2857 0.0598 0.3523 0.3523 0.3558
v -21.3373 39.2857 0.0794 0.3548 0.3548 0.3583
v -20.7831 39.2857 0.0972 0.3562 0.3562 0.3597
v -20.2289 39.2857 0.1143 0.3568 0.3568 0.3604
v -19.6747 39.2857 0.1323 0.3567 0.3567 0.3602
v -19.1205 39.2857 0.1527 0.3557 0.3557 0.3593
v -18.5663 39.2857 0.1777 0.3539 0.3539 0.3575
v -18.0120 39.2857 0.2094 0.3513 0.3513 0.3548
v -17.4578 39.2857 0.2500 0.3477 0.3477 0.3512
v -16.9036 39.2857 0.3018 0.3434 0.3434 0.3468
v -16.3494 39.2857 0.3668 0.3382 0.3382 0.3415
v -15.7952 39.2857 0.4469 0.3323 0.3323 0.3356
v -15.2410 39.2857 0.5434 0.3258 0.3258 0.3291
v -14.6867 39.2857 0.6574 0.3190 0.3190 0.3222
v -14.1325 39.2857 0.7895 0.3120 0.3120 0.3152
v -13.5783 39.2857 0.9395 0.3052 0.3052 0.3083
v -13.0241 39.2857 1.1071 0.2987 0.2987 0.3017
v -12.4699 39.2857 1.2913 0.2929 0.2929 0.2958
v -11.9157 39.2857 1.4910 0.2878 0.2878 0.2907
v -11.3614 39.2857 1.7046 0.2838 0.2838 0.2867
v -10.8072 39.2857 1.9304 0.2809 0.2809 0.2837
v -10.2530 39.2857 2.1668 0.2793 0.2793 0.2821
v -9.6988 39.2857 2.4121 0.2789 0.2789 0.2817
v -9.1446 39.2857 2.6648 0.2799 0.2799 0.2827
v -8.5904 39.2857 2.9235 0.2823 0.2823 0.2851
v -8.0361 39.2857 3.1871 0.2859 0.2859 0.2888
v -7.4819 39.2857 3.4546 0.2908 0.2908 0.2937
v -6.9277 39.2857 3.7252 0.2968 0.2968 0.2998
v -6.3735 39.2857 3.9983 0.3040 0.3040 0.3070
v -5.8193 39.2857 4.2732 0.3121 0.3121 0.3152
v -5.2651 39.2857 4.5490 0.3212 0.3212 0.3244
v -4.7108 39.2857 4.8248 0.3311 0.3311 0.3344
v -4.1566 39.2857 5.0995 0.3418 0.3418 0.3452
v -3.6024 39.2857 5.3715 0.3532 0.3532 0.3568
v -3.0482 39.2857 5.6388 0.3655 0.3655 0.3691
v -2.4940 39.2857 5.8991 0.3784 0.3784 0.3822
v -1.9398 39.2857 6.1498 0.3922 0.3922 0.3961
v -1.3855 39.2857 6.3876 0.4067 0.4067 0.4107
v -0.8313 39.2857 6.6094 0.4219 0.4219 0.4262
v -0.2771 39.2857 6.8117 0.4379 0.4379 0.4423
v 0.2771 39.2857 6.9912 0.4545 0.4545 0.4590
v 0.8313 39.2857 7.1446 0.4714 0.4714 0.4762
v 1.3855 39.2857 7.2690 0.4886 0.4886 0.4934
v 1.9398 39.2857 7.3621 0.5055 0.5055 0.5106
v 2.4940 39.2857 7.4219 0.5219 0.5219 0.5271
v 3.0482 39.2857 7.4475 0.5374 0.5374 0.5428
v 3.6024 39.2857 7.4383 0.5516 0.5516 0.5571
v 4.1566 39.2857 7.3949 0.5642 0.5642 0.5699
v 4.7108 39.2857 7.3183 0.5751 0.5751 0.5808
v 5.2651 39.2857 7.2104 0.5841 0.5841 0.5899
v 5.8193 39.2857 7.0735 0.5912 0.5912 0.5971
v 6.3735 39.2857 6.9106 0.5966 0.5966 0.6026
v 6.9277 39.2857 6.7247 0.6004 0.6004 0.6064
v 7.4819 39.2857 6.5193 0.6029 0.6029 0.6089
v 8.0361 39.2857 6.2975 0.6041 0.6041 0.6102
v 8.5904 39.2857 6.0626 0.6043 0.6043 0.6104
v 9.1446 39.2857 5.8173 0.6037 0.6037 0.6097
v 9.6988 39.2857 5.5644 0.6022 0.6022 0.6082
v 10.2530 39.2857 5.3059 0.6001 0.6001 0.6061
v 10.8072 39.2857 5.0436 0.5973 0.5973 0.6033
v 11.3614 39.2857 4.7787 0.5939 0.5939 0.5998
v 11.9157 39.2857 4.5124 0.5898 0.5898 0.5957
v 12.4699 39.2857 4.2452 0.5852 0.5852 0.5910
v 13.0241 39.2857 3.9777 0.5799 0.5799 0.5857
v 13.5783 39.2857 3.7105 0.5741 0.5741 0.5798
v 14.1325 39.2857 3.4438 0.5676 0.5676 0.5733
v 14.6867 39.2857 3.1784 0.5605 0.5605 0.5661
v 15.2410 39.2857 2.9149 0.5530 0.5530 0.5585
v 15.7952 39.2857 2.6543 0.5450 0.5450 0.5505
v 16.3494 39.2857 2.3977 0.5366 0.5366 0.5420
v 16.9036 39.2857 2.1464 0.5280 0.5280 0.5333
v 17.4578 39.2857 1.9020 0.5192 0.5192 0.5243
v 18.0120 39.2857 1.6659 0.5102 0.5102 0.5153
v 18.5663 39.2857 1.4396 0.5011 0.5011 0.5061
v 19.1205 39.2857 1.2246 0.4919 0.4919 0.4969
v 19.6747 39.2857 1.0219 0.4828 0.4828 0.4876
v 20.2289 39.2857 0.8323 0.4737 0.4737 0.4785
v 20.7831 39.2857 0.6559 0.4649 0.4649 0.4695
v 21.3373 39.2857 0.4920 0.4565 0.4565 0.4611
v 21.8916 39.2857 0.3387 0.4495 0.4495 0.4540
v 22.4458 39.2857 0.1900 0.4516 0.4516 0.4562
v 23.0000 39.2857 0.0000 0.4599 0.4599 0.4645
v -23.0000 41.0317 0.0000 0.3504 0.3504 0.3539
v -22.4458 41.0317 0.0249 0.3512 0.3512 0.3547
v -21.8916 41.0317 0.0423 0.3558 0.3558 0.3593
v -21.3373 41.0317 0.0583 0.3573 0.3573 0.3608
v -20.7831 41.0317 0.0737 0.3579 0.3579 0.3615
v -20.2289 41.0317 0.0889 0.3580 0.3580 0.3616
v -19.6747 41.0317 0.1048 0.3574 0.3574 0.3610
v -19.1205 41.0317 0.1223 0.3562 0.3562 0.3598
v -18.5663 41.0317 0.1428 0.3543 0.3543 0.3579
v -18.0120 41.0317 0.1678 0.3518 0.3518 0.3553
v -17.4578 41.0317 0.1992 0.3486 0.3486 0.3521
v -16.9036 41.0317 0.2387 0.3449 0.3449 0.3483
v -16.3494 41.0317 0.2885 0.3405 0.3405 0.3439
v -15.7952 41.0317 0.3504 0.3356 0.3356 0.3390
v -15.2410 41.0317 0.4261 0.3304 0.3304 0.3337
v -14.6867 41.0317 0.5169 0.3249 0.3249 0.3281
v -14.1325 41.0317 0.6238 0.3193 0.3193 0.3225
v -13.5783 41.0317 0.7474 0.3139 0.3139 0.3171
v -13.0241 41.0317 0.8876 0.3089 0.3089 0.3120
v -12.4699 41.0317 1.0440 0.3045 0.3045 0.3076
v -11.9157 41.0317 1.2156 0.3010 0.3010 0.3040
v -11.3614 41.0317 1.4010 0.2984 0.2984 0.3014
v -10.8072 41.0317 1.5985 0.2970 0.2970 0.3000
v -10.2530 41.0317 1.8062 0.2969 0.2969 0.2999
v -9.6988 41.0317 2.0218 0.2982 0.2982 0.3012
v -9.1446 41.0317 2.2435 0.3008 0.3008 0.3038
v -8.5904 41.0317 2.4690 0.3048 0.3048 0.3079
v -8.0361 41.0317 2.6966 0.3101 0.3101 0.3132
v -7.4819 41.0317 2.9248 0.3166 0.3166 0.3198
v -6.9277 41.0317 3.1520 0.3242 0.3242 0.3274
v -6.3735 41.0317 3.3774 0.3326 0.3326 0.3360
v -5.8193 41.0317 3.6001 0.3419 0.3419 0.3453
v -5.2651 41.0317 3.8195 0.3517 0.3517 0.3553
v -4.7108 41.0317 4.0352 0.3621 0.3621 0.3657
v -4.1566 41.0317 4.2468 0.3727 0.3727 0.3764
v -3.6024 41.0317 4.4537 0.3836 0.3836 0.3874
v -3.0482 41.0317 4.6555 0.3946 0.3946 0.3985
v -2.4940 41.0317 4.8512 0.4058 0.4058 0.4098
v -1.9398 41.0317 5.0397 0.4171 0.4171 0.4213
v -1.3855 41.0317 5.2196 0.4286 0.4286 0.4329
v -0.8313 41.0317 5.3891 0.4403 0.4403 0.4447
v -0.2771 41.0317 5.5462 0.4523 0.4523 0.4568
v 0.2771 41.0317 5.6886 0.4645 0.4645 0.4691
v 0.8313 41.0317 5.8140 0.4770 0.4770 0.4818
v 1.3855 41.0317 5.9198 0.4897 0.4897 0.4946
v 1.9398 41.0317 6.0040 0.5024 0.5024 0.5075
v 2.4940 41.0317 6.0642 0.5151 0.5151 0.5202
v 3.0482 41.0317 6.0990 0.5274 0.5274 0.5326
v 3.6024 41.0317 6.1070 0.5391 0.5391 0.5444
v 4.1566 41.0317 6.0876 0.5499 0.5499 0.5554
v 4.7108 41.0317 6.0407 0.5595 0.5595 0.5651
v 5.2651 41.0317 5.9670 0.5679 0.5679 0.5736
v 5.8193 41.0317 5.8676 0.5748 0.5748 0.5805
v 6.3735 41.0317 5.7442 0.5802 0.5802 0.5860
v 6.9277 41.0317 5.5991 0.5842 0.5842 0.5900
v 7.4819 41.0317 5.4349 0.5867 0.5867 0.5926
v 8.0361 41.0317 5.2544 0.5880 0.5880 0.5939
v 8.5904 41.0317 5.0605 0.5883 0.5883 0.5942
v 9.1446 41.0317 4.8560 0.5876 0.5876 0.5934
v 9.6988 41.0317 4.6437 0.5860 0.5860 0.5919
v 10.2530 41.0317 4.4260 0.5838 0.5838 0.5896
v 10.8072 41.0317 4.2049 0.5809 0.5809 0.5867
v 11.3614 41.0317 3.9823 0.5775 0.5775 0.5833
v 11.9157 41.0317 3.7594 0.5736 0.5736 0.5793
v 12.4699 41.0317 3.5371 0.5692 0.5692 0.5749
v 13.0241 41.0317 3.3160 0.5643 0.5643 0.5700
v 13.5783 41.0317 3.0966 0.5590 0.5590 0.5646
v 14.1325 41.0317 2.8789 0.5532 0.5532 0.5588
v 14.6867 41.0317 2.6632 0.5470 0.5470 0.5525
v 15.2410 41.0317 2.4495 0.5403 0.5403 0.5457
v 15.7952 41.0317 2.2380 0.5332 0.5332 0.5385
v 16.3494 41.0317 2.0293 0.5257 0.5257 0.5309
v 16.9036 41.0317 1.8239 0.5178 0.5178 0.5230
v 17.4578 41.0317 1.6225 0.5096 0.5096 0.5147
v 18.0120 41.0317 1.4264 0.5011 0.5011 0.5061
v 18.5663 41.0317 1.2365 0.4924 0.4924 0.4973
v 19.1205 41.0317 1.0541 0.4835 0.4835 0.4884
v 19.6747 41.0317 0.8805 0.4745 0.4745 0.4793
v 20.2289 41.0317 0.7166 0.4655 0.4655 0.4702
v 20.7831 41.0317 0.5632 0.4566 0.4566 0.4611
v 21.3373 41.0317 0.4204 0.4480 0.4480 0.4525
v 21.8916 41.0317 0.2871 0.4405 0.4405 0.4449
v 22.4458 41.0317 0.1593 0.4411 0.4411 0.4455
v 23.0000 41.0317 0.0000 0.4483 0.4483 0.4528
v -23.0000 42.7778 0.0000 0.3578 0.3578 0.3614
v -22.4458 42.7778 0.0122 0.3569 0.3569 0.3604
v -21.8916 42.7778 0.0231 0.3589 0.3589 0.3625
v -21.3373 42.7778 0.0351 0.3592 0.3592 0.3628
v -20.7831 42.7778 0.0485 0.3589 0.3589 0.3625
v -20.2289 42.7778 0.0632 0.3581 0.3581 0.3617
v -19.6747 42.7778 0.0795 0.3570 0.3570 0.3605
v -19.1205 42.7778 0.0978 0.3554 0.3554 0.3589
v -18.5663 42.7778 0.1184 0.3534 0.3534 0.3569
v -18.0120 42.7778 0.1423 0.3510 0.3510 0.3545
v -17.4578 42.7778 0.1704 0.3482 0.3482 0.3517
v -16.9036 42.7778 0.2041 0.3451 0.3451 0.3486
v -16.3494 42.7778 0.2447 0.3418 0.3418 0.3452
v -15.7952 42.7778 0.2938 0.3381 0.3381 0.3415
v -15.2410 42.7778 0.3529 0.3344 0.3344 0.3377
v -14.6867 42.7778 0.4233 0.3306 0.3306 0.3339
v -14.1325 42.7778 0.5063 0.3269 0.3269 0.3302
v -13.5783 42.7778 0.6027 0.3235 0.3235 0.3267
v -13.0241 42.7778 0.7131 0.3204 0.3204 0.3236
v -12.4699 42.7778 0.8375 0.3178 0.3178 0.3210
v -11.9157 42.7778 0.9756 0.3160 0.3160 0.3191
v -11.3614 42.7778 1.1266 0.3150 0.3150 0.3182
v -10.8072 42.7778 1.2891 0.3151 0.3151 0.3182
v -10.2530 42.7778 1.4616 0.3162 0.3162 0.3194
v -9.6988 42.7778 1.6421 0.3186 0.3186 0.3218
v -9.1446 42.7778 1.8285 0.3222 0.3222 0.3254
v -8.5904 42.7778 2.0186 0.3270 0.3270 0.3303
v -8.0361 42.7778 2.2103 0.3330 0.3330 0.3363
v -7.4819 42.7778 2.4016 0.3400 0.3400 0.3434
v -6.9277 42.7778 2.5906 0.3480 0.3480 0.3515
v -6.3735 42.7778 2.7758 0.3568 0.3568 0.3604
v -5.8193 42.7778 2.9561 0.3663 0.3663 0.3699
v -5.2651 42.7778 3.1307 0.3761 0.3761 0.3799
v -4.7108 42.7778 3.2989 0.3862 0.3862 0.3901
v -4.1566 42.7778 3.4605 0.3964 0.3964 0.4004
v -3.6024 42.7778 3.6154 0.4066 0.4066 0.4106
v -3.0482 42.7778 3.7638 0.4165 0.4165 0.4207
v -2.4940 42.7778 3.9056 0.4263 0.4263 0.4305
v -1.9398 42.7778 4.0409 0.4357 0.4357 0.4401
v -1.3855 42.7778 4.1695 0.4449 0.4449 0.4494
v -0.8313 42.7778 4.2909 0.4539 0.4539 0.4584
v -0.2771 42.7778 4.4045 0.4627 0.4627 0.4674
v 0.2771 42.7778 4.5093 0.4715 0.4715 0.4763
v 0.8313 42.7778 4.6040 0.4803 0.4803 0.4851
v 1.3855 42.7778 4.6871 0.4892 0.4892 0.4941
v 1.9398 42.7778 4.7570 0.4981 0.4981 0.5031
v 2.4940 42.7778 4.8120 0.5071 0.5071 0.5121
v 3.0482 42.7778 4.8502 0.5160 0.5160 0.5212
v 3.6024 42.7778 4.8702 0.5248 0.5248 0.5300
v 4.1566 42.7778 4.8707 0.5332 0.5332 0.5385
v 4.7108 42.7778 4.8506 0.5411 0.5411 0.5465
v 5.2651 42.7778 4.8095 0.5483 0.5483 0.5538
v 5.8193 42.7778 4.7473 0.5546 0.5546 0.5601
v 6.3735 42.7778 4.6646 0.5598 0.5598 0.5654
v 6.9277 42.7778 4.5622 0.5638 0.5638 0.5694
v 7.4819 42.7778 4.4418 0.5667 0.5667 0.5723
v 8.0361 42.7778 4.3050 0.5683 0.5683 0.5740
v 8.5904 42.7778 4.1542 0.5689 0.5689 0.5746
v 9.1446 42.7778 3.9916 0.5685 0.5685 0.5742
v 9.6988 42.7778 3.8197 0.5672 0.5672 0.5729
v 10.2530 42.7778 3.6408 0.5651 0.5651 0.5708
v 10.8072 42.7778 3.4574 0.5624 0.5624 0.5681
v 11.3614 42.7778 3.2713 0.5592 0.5592 0.5648
v 11.9157 42.7778 3.0844 0.5554 0.5554 0.5610
v 12.4699 42.7778 2.8979 0.5513 0.5513 0.5568
v 13.0241 42.7778 2.7131 0.5467 0.5467 0.5522
v 13.5783 42.7778 2.5305 0.5417 0.5417 0.5472
v 14.1325 42.7778 2.3506 0.5364 0.5364 0.5418
v 14.6867 42.7778 2.1736 0.5307 0.5307 0.5361
v 15.2410 42.7778 1.9996 0.5247 0.5247 0.5300
v 15.7952 42.7778 1.8285 0.5183 0.5183 0.5235
v 16.3494 42.7778 1.6604 0.5116 0.5116 0.5167
v 16.9036 42.7778 1.4954 0.5044 0.5044 0.5095
v 17.4578 42.7778 1.3337 0.4970 0.4970 0.5019
v 18.0120 42.7778 1.1758 0.4892 0.4892 0.4940
v 18.5663 42.7778 1.0223 0.4810 0.4810 0.4859
v 19.1205 42.7778 0.8739 0.4727 0.4727 0.4774
v 19.6747 42.7778 0.7316 0.4641 0.4641 0.4687
v 20.2289 42.7778 0.5962 0.4554 0.4554 0.4600
v 20.7831 42.7778 0.4685 0.4467 0.4467 0.4512
v 21.3373 42.7778 0.3490 0.4383 0.4383 0.4427
v 21.8916 42.7778 0.2373 0.4307 0.4307 0.4350
v 22.4458 42.7778 0.1307 0.4300 0.4300 0.4343
v 23.0000 42.7778 0.0000 0.4363 0.4363 0.4407
v -23.0000 44.5238 0.0000 0.3617 0.3617 0.3653
v -22.4458 44.5238 0.0010 0.3608 0.3608 0.3644
v -21.8916 44.5238 0.0056 0.3611 0.3611 0.3647
v -21.3373 44.5238 0.0133 0.3606 0.3606 0.3642
v -20.7831 44.5238 0.0242 0.3593 0.3593 0.3629
v -20.2289 44.5238 0.0382 0.3579 0.3579 0.3614
v -19.6747 44.5238 0.0551 0.3562 0.3562 0.3597
v -19.1205 44.5238 0.0748 0.3543 0.3543 0.3579
v -18.5663 44.5238 0.0974 0.3523 0.3523 0.3558
v -18.0120 44.5238 0.1228 0.3501 0.3501 0.3536
v -17.4578 44.5238 0.1513 0.3479 0.3479 0.3513
v -16.9036 44.5238 0.1835 0.3455 0.3455 0.3490
v -16.3494 44.5238 0.2199 0.3432 0.3432 0.3466
v -15.7952 44.5238 0.2615 0.3409 0.3409 0.3443
v -15.2410 44.5238 0.3091 0.3388 0.3388 0.3421
v -14.6867 44.5238 0.3639 0.3367 0.3367 0.3401
v -14.1325 44.5238 0.4268 0.3350 0.3350 0.3383
v -13.5783 44.5238 0.4989 0.3335 0.3335 0.3368
v -13.0241 44.5238 0.5808 0.3324 0.3324 0.3357
v -12.4699 44.5238 0.6733 0.3318 0.3318 0.3351
v -11.9157 44.5238 0.7763 0.3318 0.3318 0.3351
v -11.3614 44.5238 0.8900 0.3324 0.3324 0.3357
v -10.8072 44.5238 1.0136 0.3338 0.3338 0.3371
v -10.2530 44.5238 1.1463 0.3359 0.3359 0.3393
v -9.6988 44.5238 1.2868 0.3390 0.3390 0.3424
v -9.1446 44.5238 1.4336 0.3430 0.3430 0.3464
v -8.5904 44.5238 1.5848 0.3479 0.3479 0.3514
v -8.0361 44.5238 1.7385 0.3537 0.3537 0.3572
v -7.4819 44.5238 1.8926 0.3604 0.3604 0.3640
v -6.9277 44.5238 2.0454 0.3678 0.3678 0.3715
v -6.3735 44.5238 2.1950 0.3759 0.3759 0.3796
v -5.8193 44.5238 2.3399 0.3845 0.3845 0.3883
v -5.2651 44.5238 2.4789 0.3934 0.3934 0.3974
v -4.7108 44.5238 2.6110 0.4025 0.4025 0.4066
v -4.1566 44.5238 2.7359 0.4117 0.4117 0.4158
v -3.6024 44.5238 2.8531 0.4207 0.4207 0.4249
v -3.0482 44.5238 2.9629 0.4294 0.4294 0.4337
v -2.4940 44.5238 3.0654 0.4378 0.4378 0.4422
v -1.9398 44.5238 3.1611 0.4458 0.4458 0.4502
v -1.3855 44.5238 3.2504 0.4533 0.4533 0.4578
v -0.8313 44.5238 3.3338 0.4604 0.4604 0.4650
v -0.2771 44.5238 3.4114 0.4671 0.4671 0.4718
v 0.2771 44.5238 3.4834 0.4735 0.4735 0.4783
v 0.8313 44.5238 3.5496 0.4797 0.4797 0.4845
v 1.3855 44.5238 3.6093 0.4857 0.4857 0.4906
v 1.9398 44.5238 3.6620 0.4917 0.4917 0.4966
v 2.4940 44.5238 3.7064 0.4977 0.4977 0.5027
v 3.0482 44.5238 3.7414 0.5037 0.5037 0.5087
v 3.6024 44.5238 3.7656 0.5097 0.5097 0.5148
v 4.1566 44.5238 3.7776 0.5157 0.5157 0.5208
v 4.7108 44.5238 3.7762 0.5215 0.5215 0.5267
v 5.2651 44.5238 3.7601 0.5271 0.5271 0.5324
v 5.8193 44.5238 3.7286 0.5323 0.5323 0.5376
v 6.3735 44.5238 3.6810 0.5368 0.5368 0.5422
v 6.9277 44.5238 3.6173 0.5407 0.5407 0.5461
v 7.4819 44.5238 3.5377 0.5437 0.5437 0.5491
v 8.0361 44.5238 3.4430 0.5458 0.5458 0.5512
v 8.5904 44.5238 3.3343 0.5469 0.5469 0.5524
v 9.1446 44.5238 3.2132 0.5471 0.5471 0.5525
v 9.6988 44.5238 3.0814 0.5464 0.5464 0.5518
v 10.2530 44.5238 2.9408 0.5448 0.5448 0.5503
v 10.8072 44.5238 2.7936 0.5426 0.5426 0.5480
v 11.3614 44.5238 2.6418 0.5398 0.5398 0.5451
v 11.9157 44.5238 2.4873 0.5363 0.5363 0.5417
v 12.4699 44.5238 2.3319 0.5325 0.5325 0.5378
v 13.0241 44.5238 2.1770 0.5282 0.5282 0.5335
v 13.5783 44.5238 2.0240 0.5235 0.5235 0.5287
v 14.1325 44.5238 1.8737 0.5185 0.5185 0.5237
v 14.6867 44.5238 1.7267 0.5131 0.5131 0.5183
v 15.2410 44.5238 1.5835 0.5074 0.5074 0.5125
v 15.7952 44.5238 1.4441 0.5015 0.5015 0.5065
v 16.3494 44.5238 1.3087 0.4952 0.4952 0.5001
v 16.9036 44.5238 1.1771 0.4885 0.4885 0.4934
v 17.4578 44.5238 1.0494 0.4816 0.4816 0.4864
v 18.0120 44.5238 0.9255 0.4744 0.4744 0.4791
v 18.5663 44.5238 0.8055 0.4669 0.4669 0.4716
v 19.1205 44.5238 0.6898 0.4591 0.4591 0.4637
v 19.6747 44.5238 0.5787 0.4512 0.4512 0.4557
v 20.2289 44.5238 0.4727 0.4431 0.4431 0.4475
v 20.7831 44.5238 0.3722 0.4350 0.4350 0.4394
v 21.3373 44.5238 0.2776 0.4271 0.4271 0.4314
v 21.8916 44.5238 0.1888 0.4200 0.4200 0.4242
v 22.4458 44.5238 0.1038 0.4185 0.4185 0.4227
v 23.0000 44.5238 0.0000 0.4240 0.4240 0.4283
v -23.0000 46.2698 0.0000 0.3621 0.3621 0.3657
v -22.4458 46.2698 0.0000 0.3620 0.3620 0.3657
v -21.8916 46.2698 0.0000 0.3621 0.3621 0.3657
v -21.3373 46.2698 0.0000 0.3617 0.3617 0.3653
v -20.7831 46.2698 0.0049 0.3601 0.3601 0.3637
v -20.2289 46.2698 0.0169 0.3576 0.3576 0.3611
v -19.6747 46.2698 0.0330 0.3557 0.3557 0.3592
v -19.1205 46.2698 0.0529 0.3538 0.3538 0.3573
v -18.5663 46.2698 0.0762 0.3519 0.3519 0.3554
v -18.0120 46.2698 0.1027 0.3501 0.3501 0.3536
v -17.4578 46.2698 0.1321 0.3485 0.3485 0.3520
v -16.9036 46.2698 0.1641 0.3470 0.3470 0.3505
v -16.3494 46.2698 0.1987 0.3457 0.3457 0.3492
v -15.7952 46.2698 0.2360 0.3447 0.3447 0.3482
v -15.2410 46.2698 0.2764 0.3440 0.3440 0.3474
v -14.6867 46.2698 0.3202 0.3435 0.3435 0.3470
v -14.1325 46.2698 0.3681 0.3434 0.3434 0.3469
v -13.5783 46.2698 0.4208 0.3437 0.3437 0.3471
v -13.0241 46.2698 0.4790 0.3443 0.3443 0.3477
v -12.4699 46.2698 0.5434 0.3453 0.3453 0.3488
v -11.9157 46.2698 0.6146 0.3468 0.3468 0.3503
v -11.3614 46.2698 0.6929 0.3487 0.3487 0.3522
v -10.8072 46.2698 0.7785 0.3511 0.3511 0.3546
v -10.2530 46.2698 0.8713 0.3540 0.3540 0.3576
v -9.6988 46.2698 0.9708 0.3575 0.3575 0.3610
v -9.1446 46.2698 1.0763 0.3615 0.3615 0.3651
v -8.5904 46.2698 1.1867 0.3660 0.3660 0.3697
v -8.0361 46.2698 1.3008 0.3711 0.3711 0.3749
v -7.4819 46.2698 1.4170 0.3768 0.3768 0.3806
v -6.9277 46.2698 1.5339 0.3830 0.3830 0.3869
v -6.3735 46.2698 1.6496 0.3897 0.3897 0.3936
v -5.8193 46.2698 1.7628 0.3967 0.3967 0.4007
v -5.2651 46.2698 1.8720 0.4040 0.4040 0.4081
v -4.7108 46.2698 1.9760 0.4115 0.4115 0.4157
v -4.1566 46.2698 2.0739 0.4191 0.4191 0.4233
v -3.6024 46.2698 2.1650 0.4265 0.4265 0.4308
v -3.0482 46.2698 2.2491 0.4338 0.4338 0.4381
v -2.4940 46.2698 2.3262 0.4407 0.4407 0.4451
v -1.9398 46.2698 2.3964 0.4473 0.4473 0.4518
v -1.3855 46.2698 2.4603 0.4534 0.4534 0.4580
v -0.8313 46.2698 2.5183 0.4592 0.4592 0.4637
v -0.2771 46.2698 2.5712 0.4644 0.4644 0.4691
v 0.2771 46.2698 2.6194 0.4693 0.4693 0.4740
v 0.8313 46.2698 2.6633 0.4739 0.4739 0.4786
v 1.3855 46.2698 2.7033 0.4782 0.4782 0.4829
v 1.9398 46.2698 2.7393 0.4823 0.4823 0.4871
v 2.4940 46.2698 2.7710 0.4862 0.4862 0.4911
v 3.0482 46.2698 2.7980 0.4902 0.4902 0.4951
v 3.6024 46.2698 2.8194 0.4941 0.4941 0.4991
v 4.1566 46.2698 2.8343 0.4981 0.4981 0.5031
v 4.7108 46.2698 2.8415 0.5021 0.5021 0.5071
v 5.2651 46.2698 2.8398 0.5061 0.5061 0.5111
v 5.8193 46.2698 2.8282 0.5099 0.5099 0.5150
v 6.3735 46.2698 2.8055 0.5136 0.5136 0.5187
v 6.9277 46.2698 2.7710 0.5169 0.5169 0.5221
v 7.4819 46.2698 2.7242 0.5198 0.5198 0.5249
v 8.0361 46.2698 2.6649 0.5220 0.5220 0.5272
v 8.5904 46.2698 2.5932 0.5235 0.5235 0.5288
v 9.1446 46.2698 2.5098 0.5243 0.5243 0.5296
v 9.6988 46.2698 2.4155 0.5243 0.5243 0.5296
v 10.2530 46.2698 2.3116 0.5235 0.5235 0.5288
v 10.8072 46.2698 2.1996 0.5220 0.5220 0.5272
v 11.3614 46.2698 2.0812 0.5197 0.5197 0.5249
v 11.9157 46.2698 1.9581 0.5168 0.5168 0.5220
v 12.4699 46.2698 1.8323 0.5133 0.5133 0.5184
v 13.0241 46.2698 1.7053 0.5093 0.5093 0.5144
v 13.5783 46.2698 1.5787 0.5049 0.5049 0.5099
v 14.1325 46.2698 1.4540 0.5001 0.5001 0.5051
v 14.6867 46.2698 1.3320 0.4948 0.4948 0.4998
v 15.2410 46.2698 1.2138 0.4893 0.4893 0.4942
v 15.7952 46.2698 1.0999 0.4835 0.4835 0.4883
v 16.3494 46.2698 0.9905 0.4774 0.4774 0.4821
v 16.9036 46.2698 0.8859 0.4710 0.4710 0.4757
v 17.4578 46.2698 0.7859 0.4644 0.4644 0.4690
v 18.0120 46.2698 0.6905 0.4576 0.4576 0.4622
v 18.5663 46.2698 0.5995 0.4506 0.4506 0.4551
v 19.1205 46.2698 0.5127 0.4435 0.4435 0.4479
v 19.6747 46.2698 0.4302 0.4362 0.4362 0.4406
v 20.2289 46.2698 0.3519 0.4290 0.4290 0.4332
v 20.7831 46.2698 0.2778 0.4217 0.4217 0.4260
v 21.3373 46.2698 0.2079 0.4148 0.4148 0.4189
v 21.8916 46.2698 0.1419 0.4084 0.4084 0.4125
v 22.4458 46.2698 0.0783 0.4067 0.4067 0.4107
v 23.0000 46.2698 0.0000 0.4115 0.4115 0.4156
v -23.0000 48.0159 0.0000 0.3621 0.3621 0.3657
v -22.4458 48.0159 0.0000 0.3621 0.3621 0.3657
v -21.8916 48.0159 0.0000 0.3621 0.3621 0.3657
v -21.3373 48.0159 0.0000 0.3621 0.3621 0.3657
v -20.7831 48.0159 0.0000 0.3614 0.3614 0.3651
v -20.2289 48.0159 0.0030 0.3585 0.3585 0.3621
v -19.6747 48.0159 0.0165 0.3558 0.3558 0.3593
v -19.1205 48.0159 0.0340 0.3541 0.3541 0.3577
v -18.5663 48.0159 0.0555 0.3527 0.3527 0.3562
v -18.0120 48.0159 0.0804 0.3515 0.3515 0.3550
v -17.4578 48.0159 0.1082 0.3505 0.3505 0.3540
v -16.9036 48.0159 0.1384 0.3499 0.3499 0.3534
v -16.3494 48.0159 0.1706 0.3497 0.3497 0.3532
v -15.7952 48.0159 0.2042 0.3497 0.3497 0.3532
v -15.2410 48.0159 0.2391 0.3502 0.3502 0.3537
v -14.6867 48.0159 0.2751 0.3509 0.3509 0.3544
v -14.1325 48.0159 0.3123 0.3520 0.3520 0.3556
v -13.5783 48.0159 0.3509 0.3535 0.3535 0.3570
v -13.0241 48.0159 0.3913 0.3553 0.3553 0.3588
v -12.4699 48.0159 0.4341 0.3573 0.3573 0.3609
v -11.9157 48.0159 0.4799 0.3597 0.3597 0.3633
v -11.3614 48.0159 0.5291 0.3624 0.3624 0.3660
v -10.8072 48.0159 0.5825 0.3653 0.3653 0.3690
v -10.2530 48.0159 0.6403 0.3685 0.3685 0.3722
v -9.6988 48.0159 0.7029 0.3720 0.3720 0.3757
v -9.1446 48.0159 0.7702 0.3757 0.3757 0.3794
v -8.5904 48.0159 0.8421 0.3797 0.3797 0.3835
v -8.0361 48.0159 0.9181 0.3839 0.3839 0.3877
v -7.4819 48.0159 0.9974 0.3884 0.3884 0.3923
v -6.9277 48.0159 1.0792 0.3932 0.3932 0.3971
v -6.3735 48.0159 1.1623 0.3982 0.3982 0.4022
v -5.8193 48.0159 1.2455 0.4034 0.4034 0.4075
v -5.2651 48.0159 1.3275 0.4089 0.4089 0.4130
v -4.7108 48.0159 1.4073 0.4145 0.4145 0.4186
v -4.1566 48.0159 1.4836 0.4202 0.4202 0.4244
v -3.6024 48.0159 1.5555 0.4258 0.4258 0.4301
v -3.0482 48.0159 1.6224 0.4314 0.4314 0.4358
v -2.4940 48.0159 1.6836 0.4369 0.4369 0.4412
v -1.9398 48.0159 1.7390 0.4421 0.4421 0.4465
v -1.3855 48.0159 1.7887 0.4470 0.4470 0.4515
v -0.8313 48.0159 1.8328 0.4516 0.4516 0.4561
v -0.2771 48.0159 1.8717 0.4559 0.4559 0.4604
v 0.2771 48.0159 1.9060 0.4598 0.4598 0.4644
v 0.8313 48.0159 1.9361 0.4634 0.4634 0.4680
v 1.3855 48.0159 1.9627 0.4667 0.4667 0.4713
v 1.9398 48.0159 1.9862 0.4698 0.4698 0.4745
v 2.4940 48.0159 2.0068 0.4727 0.4727 0.4774
v 3.0482 48.0159 2.0246 0.4755 0.4755 0.4802
v 3.6024 48.0159 2.0394 0.4782 0.4782 0.4830
v 4.1566 48.0159 2.0509 0.4809 0.4809 0.4857
v 4.7108 48.0159 2.0584 0.4837 0.4837 0.4885
v 5.2651 48.0159 2.0612 0.4864 0.4864 0.4913
v 5.8193 48.0159 2.0584 0.4892 0.4892 0.4941
v 6.3735 48.0159 2.0490 0.4919 0.4919 0.4968
v 6.9277 48.0159 2.0322 0.4945 0.4945 0.4995
v 7.4819 48.0159 2.0070 0.4969 0.4969 0.5019
v 8.0361 48.0159 1.9728 0.4989 0.4989 0.5039
v 8.5904 48.0159 1.9292 0.5006 0.5006 0.5056
v 9.1446 48.0159 1.8761 0.5016 0.5016 0.5067
v 9.6988 48.0159 1.8136 0.5021 0.5021 0.5071
v 10.2530 48.0159 1.7422 0.5018 0.5018 0.5069
v 10.8072 48.0159 1.6627 0.5009 0.5009 0.5059
v 11.3614 48.0159 1.5763 0.4992 0.4992 0.5042
v 11.9157 48.0159 1.4842 0.4968 0.4968 0.5018
v 12.4699 48.0159 1.3878 0.4938 0.4938 0.4987
v 13.0241 48.0159 1.2888 0.4901 0.4901 0.4950
v 13.5783 48.0159 1.1886 0.4860 0.4860 0.4908
v 14.1325 48.0159 1.0888 0.4813 0.4813 0.4861
v 14.6867 48.0159 0.9906 0.4762 0.4762 0.4809
v 15.2410 48.0159 0.8953 0.4707 0.4707 0.4754
v 15.7952 48.0159 0.8037 0.4649 0.4649 0.4696
v 16.3494 48.0159 0.7166 0.4589 0.4589 0.4635
v 16.9036 48.0159 0.6343 0.4527 0.4527 0.4572
v 17.4578 48.0159 0.5570 0.4463 0.4463 0.4508
v 18.0120 48.0159 0.4848 0.4398 0.4398 0.4442
v 18.5663 48.0159 0.4175 0.4333 0.4333 0.4376
v 19.1205 48.0159 0.3548 0.4268 0.4268 0.4310
v 19.6747 48.0159 0.2964 0.4203 0.4203 0.4245
v 20.2289 48.0159 0.2420 0.4140 0.4140 0.4181
v 20.7831 48.0159 0.1912 0.4078 0.4078 0.4119
v 21.3373 48.0159 0.1435 0.4019 0.4019 0.4059
v 21.8916 48.0159 0.0986 0.3967 0.3967 0.4007
v 22.4458 48.0159 0.0549 0.3949 0.3949 0.3988
v 23.0000 48.0159 0.0000 0.3990 0.3990 0.4030
v -23.0000 49.7619 0.0000 0.3621 0.3621 0.3657
v -22.4458 49.7619 0.0000 0.3621 0.3621 0.3657
v -21.8916 49.7619 0.0000 0.3621 0.3621 0.3657
v -21.3373 49.7619 0.0000 0.3621 0.3621 0.3657
v -20.7831 49.7619 0.0000 0.3621 0.3621 0.3657
v -20.2289 49.7619 0.0000 0.3600 0.3600 0.3636
v -19.6747 49.7619 0.0076 0.3569 0.3569 0.3605
v -19.1205 49.7619 0.0208 0.3555 0.3555 0.3590
v -18.5663 49.7619 0.0376 0.3547 0.3547 0.3582
v -18.0120 49.7619 0.0576 0.3541 0.3541 0.3577
v -17.4578 49.7619 0.0806 0.3540 0.3540 0.3575
v -16.9036 49.7619 0.1058 0.3541 0.3541 0.3577
v -16.3494 49.7619 0.1328 0.3547 0.3547 0.3582
v -15.7952 49.7619 0.1609 0.3556 0.3556 0.3591
v -15.2410 49.7619 0.1897 0.3568 0.3568 0.3604
v -14.6867 49.7619 0.2185 0.3584 0.3584 0.3620
v -14.1325 49.7619 0.2472 0.3603 0.3603 0.3639
v -13.5783 49.7619 0.2755 0.3624 0.3624 0.3660
v -13.0241 49.7619 0.3035 0.3647 0.3647 0.3683
v -12.4699 49.7619 0.3312 0.3672 0.3672 0.3709
v -11.9157 49.7619 0.3592 0.3698 0.3698 0.3735
v -11.3614 49.7619 0.3878 0.3726 0.3726 0.3763
v -10.8072 49.7619 0.4176 0.3755 0.3755 0.3793
v -10.2530 49.7619 0.4492 0.3785 0.3785 0.3822
v -9.6988 49.7619 0.4832 0.3815 0.3815 0.3853
v -9.1446 49.7619 0.5201 0.3846 0.3846 0.3885
v -8.5904 49.7619 0.5602 0.3878 0.3878 0.3917
v -8.0361 49.7619 0.6038 0.3910 0.3910 0.3950
v -7.4819 49.7619 0.6509 0.3944 0.3944 0.3983
v -6.9277 49.7619 0.7011 0.3978 0.3978 0.4018
v -6.3735 49.7619 0.7542 0.4014 0.4014 0.4054
v -5.8193 49.7619 0.8094 0.4051 0.4051 0.4091
v -5.2651 49.7619 0.8659 0.4089 0.4089 0.4130
v -4.7108 49.7619 0.9230 0.4128 0.4128 0.4169
v -4.1566 49.7619 0.9795 0.4168 0.4168 0.4210
v -3.6024 49.7619 1.0345 0.4209 0.4209 0.4251
v -3.0482 49.7619 1.0872 0.4250 0.4250 0.4293
v -2.4940 49.7619 1.1367 0.4291 0.4291 0.4334
v -1.9398 49.7619 1.1823 0.4331 0.4331 0.4374
v -1.3855 49.7619 1.2237 0.4370 0.4370 0.4414
v -0.8313 49.7619 1.2606 0.4407 0.4407 0.4451
v -0.2771 49.7619 1.2928 0.4442 0.4442 0.4486
v 0.2771 49.7619 1.3206 0.4475 0.4475 0.4520
v 0.8313 49.7619 1.3441 0.4505 0.4505 0.4550
v 1.3855 49.7619 1.3639 0.4533 0.4533 0.4579
v 1.9398 49.7619 1.3802 0.4559 0.4559 0.4605
v 2.4940 49.7619 1.3935 0.4584 0.4584 0.4629
v 3.0482 49.7619 1.4041 0.4606 0.4606 0.4652
v 3.6024 49.7619 1.4123 0.4628 0.4628 0.4674
v 4.1566 49.7619 1.4182 0.4649 0.4649 0.4695
v 4.7108 49.7619 1.4218 0.4669 0.4669 0.4716
v 5.2651 49.7619 1.4228 0.4689 0.4689 0.4736
v 5.8193 49.7619 1.4209 0.4709 0.4709 0.4756
v 6.3735 49.7619 1.4154 0.4729 0.4729 0.4776
v 6.9277 49.7619 1.4059 0.4747 0.4747 0.4795
v 7.4819 49.7619 1.3916 0.4765 0.4765 0.4812
v 8.0361 49.7619 1.3718 0.4780 0.4780 0.4828
v 8.5904 49.7619 1.3461 0.4793 0.4793 0.4841
v 9.1446 49.7619 1.3141 0.4802 0.4802 0.4850
v 9.6988 49.7619 1.2753 0.4806 0.4806 0.4855
v 10.2530 49.7619 1.2298 0.4806 0.4806 0.4854
v 10.8072 49.7619 1.1779 0.4798 0.4798 0.4846
v 11.3614 49.7619 1.1200 0.4785 0.4785 0.4833
v 11.9157 49.7619 1.0567 0.4765 0.4765 0.4812
v 12.4699 49.7619 0.9890 0.4738 0.4738 0.4785
v 13.0241 49.7619 0.9180 0.4704 0.4704 0.4752
v 13.5783 49.7619 0.8449 0.4665 0.4665 0.4712
v 14.1325 49.7619 0.7709 0.4621 0.4621 0.4667
v 14.6867 49.7619 0.6973 0.4571 0.4571 0.4617
v 15.2410 49.7619 0.6252 0.4518 0.4518 0.4563
v 15.7952 49.7619 0.5556 0.4462 0.4462 0.4506
v 16.3494 49.7619 0.4895 0.4403 0.4403 0.4447
v 16.9036 49.7619 0.4275 0.4343 0.4343 0.4387
v 17.4578 49.7619 0.3699 0.4283 0.4283 0.4326
v 18.0120 49.7619 0.3171 0.4222 0.4222 0.4265
v 18.5663 49.7619 0.2690 0.4163 0.4163 0.4204
v 19.1205 49.7619 0.2255 0.4104 0.4104 0.4146
v 19.6747 49.7619 0.1862 0.4048 0.4048 0.4089
v 20.2289 49.7619 0.1507 0.3995 0.3995 0.4035
v 20.7831 49.7619 0.1185 0.3944 0.3944 0.3984
v 21.3373 49.7619 0.0890 0.3897 0.3897 0.3936
v 21.8916 49.7619 0.0614 0.3857 0.3857 0.3895
v 22.4458 49.7619 0.0346 0.3840 0.3840 0.3878
v 23.0000 49.7619 0.0000 0.3873 0.3873 0.3912
v -23.0000 51.5079 0.0000 0.3621 0.3621 0.3657
v -22.4458 51.5079 0.0000 0.3620 0.3620 0.3656
v -21.8916 51.5079 0.0000 0.3619 0.3619 0.3656
v -21.3373 51.5079 0.0000 0.3618 0.3618 0.3654
v -20.7831 51.5079 0.0000 0.3616 0.3616 0.3652
v -20.2289 51.5079 0.0000 0.3603 0.3603 0.3639
v -19.6747 51.5079 0.0057 0.3584 0.3584 0.3620
v -19.1205 51.5079 0.0138 0.3577 0.3577 0.3613
v -18.5663 51.5079 0.0245 0.3576 0.3576 0.3612
v -18.0120 51.5079 0.0375 0.3577 0.3577 0.3613
v -17.4578 51.5079 0.0529 0.3582 0.3582 0.3618
v -16.9036 51.5079 0.0702 0.3590 0.3590 0.3626
v -16.3494 51.5079 0.0891 0.3601 0.3601 0.3637
v -15.7952 51.5079 0.1090 0.3616 0.3616 0.3652
v -15.2410 51.5079 0.1296 0.3633 0.3633 0.3669
v -14.6867 51.5079 0.1503 0.3652 0.3652 0.3689
v -14.1325 51.5079 0.1706 0.3674 0.3674 0.3710
v -13.5783 51.5079 0.1901 0.3697 0.3697 0.3734
v -13.0241 51.5079 0.2087 0.3720 0.3720 0.3758
v -12.4699 51.5079 0.2263 0.3745 0.3745 0.3782
v -11.9157 51.5079 0.2428 0.3769 0.3769 0.3807
v -11.3614 51.5079 0.2584 0.3793 0.3793 0.3831
v -10.8072 51.5079 0.2736 0.3817 0.3817 0.3855
v -10.2530 51.5079 0.2887 0.3841 0.3841 0.3879
v -9.6988 51.5079 0.3043 0.3864 0.3864 0.3902
v -9.1446 51.5079 0.3210 0.3886 0.3886 0.3925
v -8.5904 51.5079 0.3392 0.3909 0.3909 0.3948
v -8.0361 51.5079 0.3596 0.3931 0.3931 0.3971
v -7.4819 51.5079 0.3824 0.3954 0.3954 0.3994
v -6.9277 51.5079 0.4079 0.3978 0.3978 0.4018
v -6.3735 51.5079 0.4363 0.4002 0.4002 0.4042
v -5.8193 51.5079 0.4674 0.4027 0.4027 0.4068
v -5.2651 51.5079 0.5010 0.4054 0.4054 0.4094
v -4.7108 51.5079 0.5366 0.4082 0.4082 0.4122
v -4.1566 51.5079 0.5737 0.4111 0.4111 0.4152
v -3.6024 51.5079 0.6116 0.4141 0.4141 0.4182
v -3.0482 51.5079 0.6495 0.4172 0.4172 0.4214
v -2.4940 51.5079 0.6866 0.4205 0.4205 0.4247
v -1.9398 51.5079 0.7222 0.4237 0.4237 0.4279
v -1.3855 51.5079 0.7555 0.4269 0.4269 0.4312
v -0.8313 51.5079 0.7861 0.4301 0.4301 0.4344
v -0.2771 51.5079 0.8135 0.4332 0.4332 0.4375
v 0.2771 51.5079 0.8373 0.4361 0.4361 0.4405
v 0.8313 51.5079 0.8574 0.4389 0.4389 0.4433
v 1.3855 51.5079 0.8739 0.4415 0.4415 0.4459
v 1.9398 51.5079 0.8869 0.4439 0.4439 0.4483
v 2.4940 51.5079 0.8966 0.4461 0.4461 0.4505
v 3.0482 51.5079 0.9033 0.4481 0.4481 0.4526
v 3.6024 51.5079 0.9073 0.4499 0.4499 0.4544
v 4.1566 51.5079 0.9090 0.4516 0.4516 0.4561
v 4.7108 51.5079 0.9086 0.4532 0.4532 0.4577
v 5.2651 51.5079 0.9063 0.4546 0.4546 0.4591
v 5.8193 51.5079 0.9021 0.4559 0.4559 0.4605
v 6.3735 51.5079 0.8959 0.4571 0.4571 0.4617
v 6.9277 51.5079 0.8877 0.4583 0.4583 0.4628
v 7.4819 51.5079 0.8772 0.4592 0.4592 0.4638
v 8.0361 51.5079 0.8641 0.4600 0.4600 0.4646
v 8.5904 51.5079 0.8479 0.4606 0.4606 0.4652
v 9.1446 51.5079 0.8285 0.4609 0.4609 0.4655
v 9.6988 51.5079 0.8053 0.4609 0.4609 0.4655
v 10.2530 51.5079 0.7784 0.4604 0.4604 0.4651
v 10.8072 51.5079 0.7475 0.4595 0.4595 0.4641
v 11.3614 51.5079 0.7127 0.4581 0.4581 0.4627
v 11.9157 51.5079 0.6742 0.4561 0.4561 0.4607
v 12.4699 51.5079 0.6324 0.4536 0.4536 0.4581
v 13.0241 51.5079 0.5878 0.4504 0.4504 0.4549
v 13.5783 51.5079 0.5411 0.4468 0.4468 0.4512
v 14.1325 51.5079 0.4932 0.4426 0.4426 0.4470
v 14.6867 51.5079 0.4447 0.4380 0.4380 0.4423
v 15.2410 51.5079 0.3966 0.4330 0.4330 0.4373
v 15.7952 51.5079 0.3498 0.4277 0.4277 0.4320
v 16.3494 51.5079 0.3049 0.4223 0.4223 0.4265
v 16.9036 51.5079 0.2628 0.4168 0.4168 0.4209
v 17.4578 51.5079 0.2238 0.4113 0.4113 0.4154
v 18.0120 51.5079 0.1883 0.4059 0.4059 0.4099
v 18.5663 51.5079 0.1565 0.4007 0.4007 0.4047
v 19.1205 51.5079 0.1284 0.3957 0.3957 0.3997
v 19.6747 51.5079 0.1039 0.3911 0.3911 0.3950
v 20.2289 51.5079 0.0825 0.3868 0.3868 0.3906
v 20.7831 51.5079 0.0640 0.3829 0.3829 0.3867
v 21.3373 51.5079 0.0477 0.3794 0.3794 0.3832
v 21.8916 51.5079 0.0329 0.3764 0.3764 0.3802
v 22.4458 51.5079 0.0187 0.3749 0.3749 0.3787
v 23.0000 51.5079 0.0000 0.3772 0.3772 0.3810
v -23.0000 53.2540 0.0000 0.3621 0.3621 0.3657
v -22.4458 53.2540 0.0000 0.3620 0.3620 0.3656
v -21.8916 53.2540 0.0003 0.3619 0.3619 0.3655
v -21.3373 53.2540 0.0010 0.3618 0.3618 0.3654
v -20.7831 53.2540 0.0021 0.3616 0.3616 0.3652
v -20.2289 53.2540 0.0039 0.3613 0.3613 0.3650
v -19.6747 53.2540 0.0065 0.3609 0.3609 0.3645
v -19.1205 53.2540 0.0101 0.3611 0.3611 0.3647
v -18.5663 53.2540 0.0148 0.3616 0.3616 0.3652
v -18.0120 53.2540 0.0208 0.3623 0.3623 0.3659
v -17.4578 53.2540 0.0279 0.3633 0.3633 0.3669
v -16.9036 53.2540 0.0363 0.3645 0.3645 0.3682
v -16.3494 53.2540 0.0456 0.3661 0.3661 0.3697
v -15.7952 53.2540 0.0558 0.3679 0.3679 0.3715
v -15.2410 53.2540 0.0665 0.3698 0.3698 0.3735
v -14.6867 53.2540 0.0776 0.3720 0.3720 0.3757
v -14.1325 53.2540 0.0886 0.3743 0.3743 0.3780
v -13.5783 53.2540 0.0994 0.3766 0.3766 0.3804
v -13.0241 53.2540 0.1096 0.3789 0.3789 0.3827
v -12.4699 53.2540 0.1191 0.3812 0.3812 0.3850
v -11.9157 53.2540 0.1278 0.3833 0.3833 0.3871
v -11.3614 53.2540 0.1355 0.3853 0.3853 0.3892
v -10.8072 53.2540 0.1425 0.3872 0.3872 0.3911
v -10.2530 53.2540 0.1488 0.3889 0.3889 0.3928
v -9.6988 53.2540 0.1548 0.3906 0.3906 0.3945
v -9.1446 53.2540 0.1607 0.3921 0.3921 0.3960
v -8.5904 53.2540 0.1669 0.3936 0.3936 0.3975
v -8.0361 53.2540 0.1738 0.3950 0.3950 0.3990
v -7.4819 53.2540 0.1818 0.3966 0.3966 0.4005
v -6.9277 53.2540 0.1913 0.3982 0.3982 0.4022
v -6.3735 53.2540 0.2024 0.4001 0.4001 0.4041
v -5.8193 53.2540 0.2155 0.4021 0.4021 0.4061
v -5.2651 53.2540 0.2305 0.4044 0.4044 0.4084
v -4.7108 53.2540 0.2475 0.4069 0.4069 0.4110
v -4.1566 53.2540 0.2662 0.4097 0.4097 0.4138
v -3.6024 53.2540 0.2863 0.4127 0.4127 0.4168
v -3.0482 53.2540 0.3075 0.4159 0.4159 0.4200
v -2.4940 53.2540 0.3294 0.4192 0.4192 0.4234
v -1.9398 53.2540 0.3513 0.4227 0.4227 0.4269
v -1.3855 53.2540 0.3727 0.4262 0.4262 0.4304
v -0.8313 53.2540 0.3932 0.4296 0.4296 0.4339
v -0.2771 53.2540 0.4121 0.4329 0.4329 0.4372
v 0.2771 53.2540 0.4292 0.4360 0.4360 0.4404
v 0.8313 53.2540 0.4441 0.4389 0.4389 0.4433
v 1.3855 53.2540 0.4565 0.4416 0.4416 0.4460
v 1.9398 53.2540 0.4663 0.4439 0.4439 0.4484
v 2.4940 53.2540 0.4735 0.4460 0.4460 0.4504
v 3.0482 53.2540 0.4782 0.4477 0.4477 0.4521
v 3.6024 53.2540 0.4805 0.4491 0.4491 0.4535
v 4.1566 53.2540 0.4806 0.4501 0.4501 0.4546
v 4.7108 53.2540 0.4788 0.4509 0.4509 0.4554
v 5.2651 53.2540 0.4753 0.4515 0.4515 0.4560
v 5.8193 53.2540 0.4703 0.4518 0.4518 0.4563
v 6.3735 53.2540 0.4641 0.4519 0.4519 0.4564
v 6.9277 53.2540 0.4568 0.4518 0.4518 0.4564
v 7.4819 53.2540 0.4485 0.4516 0.4516 0.4561
v 8.0361 53.2540 0.4392 0.4511 0.4511 0.4557
v 8.5904 53.2540 0.4288 0.4505 0.4505 0.4550
v 9.1446 53.2540 0.4173 0.4497 0.4497 0.4542
v 9.6988 53.2540 0.4045 0.4486 0.4486 0.4531
v 10.2530 53.2540 0.3904 0.4472 0.4472 0.4517
v 10.8072 53.2540 0.3747 0.4455 0.4455 0.4499
v 11.3614 53.2540 0.3575 0.4434 0.4434 0.4478
v 11.9157 53.2540 0.3387 0.4409 0.4409 0.4453
v 12.4699 53.2540 0.3184 0.4380 0.4380 0.4424
v 13.0241 53.2540 0.2967 0.4347 0.4347 0.4391
v 13.5783 53.2540 0.2737 0.4310 0.4310 0.4353
v 14.1325 53.2540 0.2499 0.4268 0.4268 0.4311
v 14.6867 53.2540 0.2255 0.4223 0.4223 0.4266
v 15.2410 53.2540 0.2010 0.4176 0.4176 0.4218
v 15.7952 53.2540 0.1768 0.4126 0.4126 0.4167
v 16.3494 53.2540 0.1534 0.4076 0.4076 0.4116
v 16.9036 53.2540 0.1311 0.4025 0.4025 0.4065
v 17.4578 53.2540 0.1103 0.3976 0.3976 0.4015
v 18.0120 53.2540 0.0914 0.3928 0.3928 0.3967
v 18.5663 53.2540 0.0744 0.3883 0.3883 0.3922
v 19.1205 53.2540 0.0596 0.3842 0.3842 0.3880
v 19.6747 53.2540 0.0470 0.3804 0.3804 0.3843
v 20.2289 53.2540 0.0363 0.3771 0.3771 0.3809
v 20.7831 53.2540 0.0274 0.3742 0.3742 0.3780
v 21.3373 53.2540 0.0200 0.3717 0.3717 0.3754
v 21.8916 53.2540 0.0137 0.3697 0.3697 0.3734
v 22.4458 53.2540 0.0078 0.3682 0.3682 0.3719
v 23.0000 53.2540 0.0000 0.3696 0.3696 0.3733
v -23.0000 55.0000 0.0000 0.3621 0.3621 0.3657
v -22.4458 55.0000 0.0000 0.3621 0.3621 0.3657
v -21.8916 55.0000 0.0000 0.3620 0.3620 0.3657
v -21.3373 55.0000 0.0000 0.3621 0.3621 0.3657
v -20.7831 55.0000 0.0000 0.3622 0.3622 0.3658
v -20.2289 55.0000 0.0000 0.3624 0.3624 0.3661
v -19.6747 55.0000 0.0000 0.3628 0.3628 0.3664
v -19.1205 55.0000 0.0000 0.3633 0.3633 0.3669
v -18.5663 55.0000 0.0000 0.3641 0.3641 0.3677
v -18.0120 55.0000 0.0000 0.3650 0.3650 0.3687
v -17.4578 55.0000 0.0000 0.3663 0.3663 0.3699
v -16.9036 55.0000 0.0000 0.3678 0.3678 0.3715
v -16.3494 55.0000 0.0000 0.3695 0.3695 0.3732
v -15.7952 55.0000 0.0000 0.3715 0.3715 0.3752
v -15.2410 55.0000 0.0000 0.3737 0.3737 0.3774
v -14.6867 55.0000 0.0000 0.3760 0.3760 0.3797
v -14.1325 55.0000 0.0000 0.3783 0.3783 0.3821
v -13.5783 55.0000 0.0000 0.3807 0.3807 0.3845
v -13.0241 55.0000 0.0000 0.3830 0.3830 0.3868
v -12.4699 55.0000 0.0000 0.3852 0.3852 0.3891
v -11.9157 55.0000 0.0000 0.3872 0.3872 0.3911
v -11.3614 55.0000 0.0000 0.3891 0.3891 0.3930
v -10.8072 55.0000 0.0000 0.3907 0.3907 0.3946
v -10.2530 55.0000 0.0000 0.3922 0.3922 0.3961
v -9.6988 55.0000 0.0000 0.3935 0.3935 0.3975
v -9.1446 55.0000 0.0000 0.3947 0.3947 0.3987
v -8.5904 55.0000 0.0000 0.3959 0.3959 0.3999
v -8.0361 55.0000 0.0000 0.3971 0.3971 0.4011
v -7.4819 55.0000 0.0000 0.3985 0.3985 0.4024
v -6.9277 55.0000 0.0000 0.4000 0.4000 0.4040
v -6.3735 55.0000 0.0000 0.4018 0.4018 0.4058
v -5.8193 55.0000 0.0000 0.4038 0.4038 0.4079
v -5.2651 55.0000 0.0000 0.4063 0.4063 0.4103
v -4.7108 55.0000 0.0000 0.4091 0.4091 0.4131
v -4.1566 55.0000 0.0000 0.4122 0.4122 0.4163
v -3.6024 55.0000 0.0000 0.4156 0.4156 0.4198
v -3.0482 55.0000 0.0000 0.4193 0.4193 0.4235
v -2.4940 55.0000 0.0000 0.4231 0.4231 0.4274
v -1.9398 55.0000 0.0000 0.4271 0.4271 0.4313
v -1.3855 55.0000 0.0000 0.4310 0.4310 0.4353
v -0.8313 55.0000 0.0000 0.4348 0.4348 0.4391
v -0.2771 55.0000 0.0000 0.4384 0.4384 0.4428
v 0.2771 55.0000 0.0000 0.4418 0.4418 0.4462
v 0.8313 55.0000 0.0000 0.4448 0.4448 0.4492
v 1.3855 55.0000 0.0000 0.4474 0.4474 0.4519
v 1.9398 55.0000 0.0000 0.4496 0.4496 0.4541
v 2.4940 55.0000 0.0000 0.4514 0.4514 0.4559
v 3.0482 55.0000 0.0000 0.4528 0.4528 0.4573
v 3.6024 55.0000 0.0000 0.4537 0.4537 0.4583
v 4.1566 55.0000 0.0000 0.4543 0.4543 0.4588
v 4.7108 55.0000 0.0000 0.4544 0.4544 0.4590
v 5.2651 55.0000 0.0000 0.4543 0.4543 0.4588
v 5.8193 55.0000 0.0000 0.4538 0.4538 0.4584
v 6.3735 55.0000 0.0000 0.4531 0.4531 0.4577
v 6.9277 55.0000 0.0000 0.4522 0.4522 0.4568
v 7.4819 55.0000 0.0000 0.4511 0.4511 0.4557
v 8.0361 55.0000 0.0000 0.4499 0.4499 0.4544
v 8.5904 55.0000 0.0000 0.4484 0.4484 0.4529
v 9.1446 55.0000 0.0000 0.4468 0.4468 0.4512
v 9.6988 55.0000 0.0000 0.4449 0.4449 0.4494
v 10.2530 55.0000 0.0000 0.4429 0.4429 0.4473
v 10.8072 55.0000 0.0000 0.4406 0.4406 0.4450
v 11.3614 55.0000 0.0000 0.4380 0.4380 0.4423
v 11.9157 55.0000 0.0000 0.4350 0.4350 0.4394
v 12.4699 55.0000 0.0000 0.4318 0.4318 0.4361
v 13.0241 55.0000 0.0000 0.4282 0.4282 0.4324
v 13.5783 55.0000 0.0000 0.4242 0.4242 0.4285
v 14.1325 55.0000 0.0000 0.4199 0.4199 0.4241
v 14.6867 55.0000 0.0000 0.4154 0.4154 0.4196
v 15.2410 55.0000 0.0000 0.4107 0.4107 0.4148
v 15.7952 55.0000 0.0000 0.4058 0.4058 0.4099
v 16.3494 55.0000 0.0000 0.4009 0.4009 0.4049
v 16.9036 55.0000 0.0000 0.3960 0.3960 0.4000
v 17.4578 55.0000 0.0000 0.3914 0.3914 0.3953
v 18.0120 55.0000 0.0000 0.3869 0.3869 0.3908
v 18.5663 55.0000 0.0000 0.3828 0.3828 0.3866
v 19.1205 55.0000 0.0000 0.3791 0.3791 0.3829
v 19.6747 55.0000 0.0000 0.3758 0.3758 0.3795
v 20.2289 55.0000 0.0000 0.3729 0.3729 0.3767
v 20.7831 55.0000 0.0000 0.3705 0.3705 0.3742
v 21.3373 55.0000 0.0000 0.3685 0.3685 0.3722
v 21.8916 55.0000 0.0000 0.3668 0.3668 0.3705
v 22.4458 55.0000 0.0000 0.3654 0.3654 0.3690
v 23.0000 55.0000 0.0000 0.3652 0.3652 0.3689
vn -0.00341 -0.00108 0.99999
vn -0.00133 -0.00258 1.00000
vn -0.00113 -0.00378 0.99999
vn -0.00111 -0.00485 0.99999
vn -0.00123 -0.00594 0.99998
vn -0.00145 -0.00718 0.99997
vn -0.00176 -0.00866 0.99996
vn -0.00212 -0.01046 0.99994
vn -0.00251 -0.01260 0.99992
vn -0.00288 -0.01511 0.99988
vn -0.00322 -0.01796 0.99983
vn -0.00349 -0.02111 0.99977
vn -0.00368 -0.02449 0.99969
vn -0.00378 -0.02802 0.99960
vn -0.00382 -0.03163 0.99949
vn -0.00379 -0.03525 0.99937
vn -0.00375 -0.03885 0.99924
vn -0.00372 -0.04240 0.99909
vn -0.00375 -0.04595 0.99894
vn -0.00388 -0.04955 0.99876
vn -0.00417 -0.05333 0.99857
vn -0.00463 -0.05743 0.99834
vn -0.00530 -0.06204 0.99806
vn -0.00617 -0.06734 0.99771
vn -0.00726 -0.07353 0.99727
vn -0.00851 -0.08079 0.99669
vn -0.00990 -0.08927 0.99596
vn -0.01137 -0.09908 0.99501
vn -0.01283 -0.11024 0.99382
vn -0.01423 -0.12273 0.99234
vn -0.01547 -0.13643 0.99053
vn -0.01647 -0.15116 0.98837
vn -0.01718 -0.16666 0.98586
vn -0.01754 -0.18262 0.98303
vn -0.01750 -0.19869 0.97991
vn -0.01706 -0.21451 0.97657
vn -0.01623 -0.22969 0.97313
vn -0.01503 -0.24392 0.96968
vn -0.01350 -0.25687 0.96635
vn -0.01170 -0.26831 0.96326
vn -0.00972 -0.27803 0.96052
vn -0.00761 -0.28594 0.95822
vn -0.00545 -0.29195 0.95642
vn -0.00333 -0.29608 0.95516
vn -0.00129 -0.29838 0.95445
vn 0.00060 -0.29895 0.95427
vn 0.00232 -0.29793 0.95459
vn 0.00383 -0.29548 0.95534
vn 0.00512 -0.29177 0.95648
vn 0.00622 -0.28697 0.95792
vn 0.00712 -0.28127 0.95960
vn 0.00787 -0.27479 0.96147
vn 0.00849 -0.26766 0.96348
vn 0.00904 -0.25997 0.96557
vn 0.00953 -0.25178 0.96774
vn 0.01002 -0.24311 0.96995
vn 0.01051 -0.23396 0.97219
vn 0.01103 -0.22432 0.97445
vn 0.01157 -0.21415 0.97673
vn 0.01212 -0.20345 0.97901
vn 0.01266 -0.19219 0.98128
vn 0.01315 -0.18040 0.98351
vn 0.01357 -0.16812 0.98567
vn 0.01387 -0.15544 0.98775
vn 0.01402 -0.14247 0.98970
vn 0.01399 -0.12937 0.99150
vn 0.01374 -0.11633 0.99312
vn 0.01329 -0.10354 0.99454
vn 0.01263 -0.09121 0.99575
vn 0.01178 -0.07954 0.99676
vn 0.01078 -0.06869 0.99758
vn 0.00967 -0.05882 0.99822
vn 0.00850 -0.05001 0.99871
vn 0.00734 -0.04229 0.99908
vn 0.00624 -0.03566 0.99934
vn 0.00524 -0.03005 0.99953
vn 0.00441 -0.02532 0.99967
vn 0.00378 -0.02132 0.99977
vn 0.00337 -0.01786 0.99983
vn 0.00320 -0.01471 0.99989
vn 0.00331 -0.01162 0.99993
vn 0.00381 -0.00831 0.99996
vn 0.00619 -0.00393 0.99997
vn 0.00000 0.00000 1.00000
vn -0.00984 -0.00096 0.99995
vn -0.00497 -0.00238 0.99998
vn -0.00338 -0.00373 0.99999
vn -0.00290 -0.00456 0.99999
vn -0.00288 -0.00514 0.99998
vn -0.00323 -0.00560 0.99998
vn -0.00392 -0.00609 0.99997
vn -0.00486 -0.00674 0.99997
vn -0.00600 -0.00768 0.99995
vn -0.00723 -0.00901 0.99993
vn -0.00847 -0.01081 0.99991
vn -0.00964 -0.01316 0.99987
vn -0.01067 -0.01606 0.99981
vn -0.01152 -0.01953 0.99974
vn -0.01216 -0.02353 0.99965
vn -0.01262 -0.02800 0.99953
vn -0.01294 -0.03290 0.99937
vn -0.01321 -0.03816 0.99918
vn -0.01352 -0.04371 0.99895
vn -0.01398 -0.04953 0.99867
vn -0.01471 -0.05559 0.99835
vn -0.01581 -0.06191 0.99796
vn -0.01737 -0.06852 0.99750
vn -0.01944 -0.07550 0.99696
vn -0.02202 -0.08293 0.99631
vn -0.02510 -0.09092 0.99554
vn -0.02858 -0.09958 0.99462
vn -0.03235 -0.10901 0.99351
vn -0.03624 -0.11929 0.99220
vn -0.04006 -0.13046 0.99064
vn -0.04360 -0.14252 0.98883
vn -0.04664 -0.15540 0.98675
vn -0.04898 -0.16900 0.98440
vn -0.05044 -0.18315 0.98179
vn -0.05089 -0.19763 0.97896
vn -0.05024 -0.21217 0.97594
vn -0.04846 -0.22647 0.97281
vn -0.04557 -0.24024 0.96964
vn -0.04166 -0.25317 0.96653
vn -0.03687 -0.26496 0.96355
vn -0.03135 -0.27536 0.96083
vn -0.02532 -0.28417 0.95844
vn -0.01898 -0.29122 0.95647
vn -0.01255 -0.29640 0.95498
vn -0.00623 -0.29967 0.95402
vn -0.00021 -0.30104 0.95361
vn 0.00538 -0.30058 0.95374
vn 0.01042 -0.29837 0.95439
vn 0.01483 -0.29458 0.95551
vn 0.01861 -0.28938 0.95703
vn 0.02176 -0.28295 0.95889
vn 0.02433 -0.27551 0.96099
vn 0.02641 -0.26725 0.96327
vn 0.02809 -0.25835 0.96564
vn 0.02949 -0.24899 0.96806
vn 0.03070 -0.23930 0.97046
vn 0.03182 -0.22938 0.97282
vn 0.03292 -0.21931 0.97510
vn 0.03405 -0.20912 0.97730
vn 0.03521 -0.19882 0.97940
vn 0.03638 -0.18841 0.98142
vn 0.03750 -0.17787 0.98334
vn 0.03851 -0.16718 0.98517
vn 0.03931 -0.15633 0.98692
vn 0.03981 -0.14533 0.98858
vn 0.03991 -0.13421 0.99015
vn 0.03955 -0.12302 0.99162
vn 0.03866 -0.11185 0.99297
vn 0.03724 -0.10080 0.99421
vn 0.03530 -0.08999 0.99532
vn 0.03289 -0.07956 0.99629
vn 0.03011 -0.06965 0.99712
vn 0.02707 -0.06036 0.99781
vn 0.02392 -0.05180 0.99837
vn 0.02080 -0.04403 0.99881
vn 0.01787 -0.03710 0.99915
vn 0.01527 -0.03098 0.99940
vn 0.01312 -0.02562 0.99959
vn 0.01152 -0.02094 0.99971
vn 0.01057 -0.01680 0.99980
vn 0.01036 -0.01303 0.99986
vn 0.01117 -0.00940 0.99989
vn 0.01599 -0.00539 0.99986
vn 0.01237 -0.00196 0.99992
vn -0.01905 -0.00101 0.99982
vn -0.01140 -0.00274 0.99993
vn -0.00672 -0.00438 0.99997
vn -0.00466 -0.00525 0.99998
vn -0.00350 -0.00559 0.99998
vn -0.00316 -0.00552 0.99998
vn -0.00363 -0.00516 0.99998
vn -0.00490 -0.00469 0.99998
vn -0.00690 -0.00431 0.99997
vn -0.00954 -0.00424 0.99995
vn -0.01268 -0.00469 0.99991
vn -0.01614 -0.00589 0.99985
vn -0.01976 -0.00802 0.99977
vn -0.02337 -0.01123 0.99966
vn -0.02683 -0.01563 0.99952
vn -0.03003 -0.02126 0.99932
vn -0.03291 -0.02813 0.99906
vn -0.03546 -0.03616 0.99872
vn -0.03774 -0.04526 0.99826
vn -0.03984 -0.05526 0.99768
vn -0.04188 -0.06600 0.99694
vn -0.04401 -0.07729 0.99604
vn -0.04640 -0.08894 0.99496
vn -0.04918 -0.10078 0.99369
vn -0.05245 -0.11269 0.99225
vn -0.05628 -0.12455 0.99062
vn -0.06065 -0.13631 0.98881
vn -0.06549 -0.14795 0.98682
vn -0.07065 -0.15948 0.98467
vn -0.07592 -0.17095 0.98235
vn -0.08102 -0.18241 0.97988
vn -0.08566 -0.19395 0.97726
vn -0.08950 -0.20560 0.97453
vn -0.09222 -0.21741 0.97171
vn -0.09354 -0.22937 0.96883
vn -0.09320 -0.24143 0.96593
vn -0.09104 -0.25349 0.96304
vn -0.08697 -0.26542 0.96020
vn -0.08098 -0.27700 0.95745
vn -0.07318 -0.28801 0.95483
vn -0.06375 -0.29821 0.95237
vn -0.05295 -0.30731 0.95014
vn -0.04113 -0.31506 0.94818
vn -0.02863 -0.32124 0.94656
vn -0.01587 -0.32565 0.94536
vn -0.00322 -0.32815 0.94462
vn 0.00896 -0.32864 0.94441
vn 0.02034 -0.32712 0.94477
vn 0.03068 -0.32360 0.94570
vn 0.03979 -0.31820 0.94719
vn 0.04755 -0.31107 0.94920
vn 0.05394 -0.30240 0.95165
vn 0.05899 -0.29243 0.95447
vn 0.06281 -0.28142 0.95753
vn 0.06555 -0.26966 0.96072
vn 0.06740 -0.25742 0.96395
vn 0.06857 -0.24497 0.96710
vn 0.06928 -0.23255 0.97011
vn 0.06971 -0.22034 0.97293
vn 0.07001 -0.20851 0.97551
vn 0.07031 -0.19712 0.97786
vn 0.07064 -0.18622 0.97997
vn 0.07101 -0.17578 0.98186
vn 0.07136 -0.16575 0.98358
vn 0.07161 -0.15603 0.98515
vn 0.07162 -0.14652 0.98661
vn 0.07126 -0.13711 0.98799
vn 0.07041 -0.12770 0.98931
vn 0.06894 -0.11822 0.99059
vn 0.06679 -0.10864 0.99184
vn 0.06394 -0.09895 0.99304
vn 0.06040 -0.08920 0.99418
vn 0.05626 -0.07946 0.99525
vn 0.05167 -0.06984 0.99622
vn 0.04679 -0.06047 0.99707
vn 0.04185 -0.05148 0.99780
vn 0.03708 -0.04299 0.99839
vn 0.03271 -0.03512 0.99885
vn 0.02899 -0.02794 0.99919
vn 0.02613 -0.02149 0.99943
vn 0.02441 -0.01574 0.99958
vn 0.02442 -0.01058 0.99965
vn 0.03134 -0.00558 0.99949
vn 0.03013 -0.00184 0.99954
vn -0.02758 -0.00070 0.99962
vn -0.01862 -0.00232 0.99982
vn -0.01095 -0.00413 0.99993
vn -0.00723 -0.00543 0.99996
vn -0.00462 -0.00633 0.99997
vn -0.00308 -0.00687 0.99997
vn -0.00272 -0.00708 0.99997
vn -0.00369 -0.00708 0.99997
vn -0.00604 -0.00702 0.99996
vn -0.00976 -0.00710 0.99993
vn -0.01478 -0.00757 0.99986
vn -0.02090 -0.00870 0.99974
vn -0.02791 -0.01076 0.99955
vn -0.03552 -0.01404 0.99927
vn -0.04343 -0.01875 0.99888
vn -0.05135 -0.02507 0.99837
vn -0.05901 -0.03313 0.99771
vn -0.06619 -0.04297 0.99688
vn -0.07273 -0.05453 0.99586
vn -0.07854 -0.06770 0.99461
vn -0.08362 -0.08227 0.99310
vn -0.08802 -0.09797 0.99129
vn -0.09187 -0.11450 0.98917
vn -0.09531 -0.13152 0.98672
vn -0.09853 -0.14870 0.98396
vn -0.10170 -0.16571 0.98092
vn -0.10495 -0.18229 0.97763
vn -0.10838 -0.19821 0.97415
vn -0.11199 -0.21333 0.97054
vn -0.11573 -0.22756 0.96686
vn -0.11946 -0.24091 0.96317
vn -0.12296 -0.25340 0.95952
vn -0.12594 -0.26514 0.95595
vn -0.12807 -0.27625 0.95251
vn -0.12902 -0.28687 0.94924
vn -0.12842 -0.29713 0.94616
vn -0.12597 -0.30711 0.94330
vn -0.12141 -0.31690 0.94066
vn -0.11457 -0.32648 0.93824
vn -0.10539 -0.33579 0.93602
vn -0.09389 -0.34473 0.93399
vn -0.08025 -0.35311 0.93214
vn -0.06473 -0.36070 0.93043
vn -0.04771 -0.36727 0.92889
vn -0.02966 -0.37255 0.92754
vn -0.01107 -0.37631 0.92643
vn 0.00751 -0.37834 0.92564
vn 0.02558 -0.37849 0.92525
vn 0.04263 -0.37665 0.92538
vn 0.05828 -0.37278 0.92609
vn 0.07218 -0.36692 0.92745
vn 0.08411 -0.35914 0.92948
vn 0.09394 -0.34959 0.93218
vn 0.10165 -0.33846 0.93547
vn 0.10731 -0.32598 0.93927
vn 0.11107 -0.31242 0.94343
vn 0.11318 -0.29808 0.94781
vn 0.11391 -0.28325 0.95226
vn 0.11359 -0.26825 0.95663
vn 0.11252 -0.25335 0.96081
vn 0.11102 -0.23879 0.96470
vn 0.10934 -0.22474 0.96826
vn 0.10768 -0.21134 0.97146
vn 0.10616 -0.19863 0.97431
vn 0.10484 -0.18660 0.97683
vn 0.10367 -0.17518 0.97906
vn 0.10256 -0.16424 0.98107
vn 0.10138 -0.15365 0.98291
vn 0.09995 -0.14324 0.98463
vn 0.09810 -0.13289 0.98626
vn 0.09567 -0.12247 0.98785
vn 0.09255 -0.11190 0.98940
vn 0.08867 -0.10116 0.99091
vn 0.08405 -0.09027 0.99236
vn 0.07874 -0.07931 0.99374
vn 0.07291 -0.06841 0.99499
vn 0.06675 -0.05773 0.99610
vn 0.06055 -0.04744 0.99704
vn 0.05460 -0.03773 0.99780
vn 0.04927 -0.02876 0.99837
vn 0.04504 -0.02064 0.99877
vn 0.04284 -0.01342 0.99899
vn 0.05020 -0.00677 0.99872
vn 0.04942 -0.00215 0.99878
vn -0.03229 -0.00010 0.99948
vn -0.02462 -0.00102 0.99970
vn -0.01584 -0.00252 0.99987
vn -0.01166 -0.00415 0.99992
vn -0.00849 -0.00590 0.99995
vn -0.00630 -0.00769 0.99995
vn -0.00536 -0.00946 0.99994
vn -0.00596 -0.01119 0.99992
vn -0.00834 -0.01291 0.99988
vn -0.01267 -0.01471 0.99981
vn -0.01902 -0.01674 0.99968
vn -0.02732 -0.01922 0.99944
vn -0.03738 -0.02239 0.99905
vn -0.04893 -0.02653 0.99845
vn -0.06157 -0.03193 0.99759
vn -0.07486 -0.03885 0.99644
vn -0.08834 -0.04753 0.99496
vn -0.10152 -0.05813 0.99313
vn -0.11398 -0.07073 0.99096
vn -0.12535 -0.08534 0.98844
vn -0.13536 -0.10184 0.98555
vn -0.14382 -0.12002 0.98230
vn -0.15067 -0.13959 0.97868
vn -0.15596 -0.16017 0.97469
vn -0.15979 -0.18135 0.97035
vn -0.16238 -0.20266 0.96569
vn -0.16395 -0.22367 0.96078
vn -0.16476 -0.24398 0.95568
vn -0.16504 -0.26325 0.95051
vn -0.16497 -0.28120 0.94536
vn -0.16467 -0.29768 0.94036
vn -0.16416 -0.31259 0.93560
vn -0.16337 -0.32596 0.93116
vn -0.16214 -0.33787 0.92712
vn -0.16025 -0.34848 0.92352
vn -0.15739 -0.35797 0.92037
vn -0.15323 -0.36656 0.91769
vn -0.14744 -0.37446 0.91545
vn -0.13969 -0.38185 0.91361
vn -0.12973 -0.38888 0.91211
vn -0.11738 -0.39561 0.91089
vn -0.10260 -0.40205 0.90985
vn -0.08544 -0.40814 0.90891
vn -0.06612 -0.41373 0.90800
vn -0.04497 -0.41862 0.90705
vn -0.02246 -0.42258 0.90605
vn 0.00086 -0.42536 0.90502
vn 0.02437 -0.42672 0.90406
vn 0.04744 -0.42646 0.90326
vn 0.06947 -0.42441 0.90280
vn 0.08991 -0.42047 0.90284
vn 0.10831 -0.41460 0.90354
vn 0.12433 -0.40679 0.90502
vn 0.13773 -0.39710 0.90738
vn 0.14841 -0.38565 0.91063
vn 0.15637 -0.37259 0.91473
vn 0.16172 -0.35811 0.91957
vn 0.16469 -0.34246 0.92499
vn 0.16555 -0.32589 0.93080
vn 0.16468 -0.30871 0.93679
vn 0.16247 -0.29121 0.94276
vn 0.15934 -0.27371 0.94852
vn 0.15567 -0.25648 0.95393
vn 0.15182 -0.23974 0.95889
vn 0.14807 -0.22366 0.96336
vn 0.14458 -0.20833 0.96731
vn 0.14146 -0.19380 0.97079
vn 0.13868 -0.17999 0.97384
vn 0.13614 -0.16683 0.97654
vn 0.13367 -0.15418 0.97896
vn 0.13107 -0.14187 0.98117
vn 0.12810 -0.12976 0.98324
vn 0.12456 -0.11773 0.98520
vn 0.12027 -0.10569 0.98710
vn 0.11513 -0.09361 0.98893
vn 0.10912 -0.08152 0.99068
vn 0.10231 -0.06952 0.99232
vn 0.09486 -0.05773 0.99381
vn 0.08706 -0.04635 0.99512
vn 0.07930 -0.03559 0.99622
vn 0.07221 -0.02562 0.99706
vn 0.06704 -0.01661 0.99761
vn 0.07393 -0.00828 0.99723
vn 0.07258 -0.00261 0.99736
vn -0.03110 0.00058 0.99952
vn -0.02721 0.00074 0.99963
vn -0.02022 0.00006 0.99980
vn -0.01767 -0.00157 0.99984
vn -0.01581 -0.00402 0.99987
vn -0.01461 -0.00719 0.99987
vn -0.01436 -0.01094 0.99984
vn -0.01546 -0.01516 0.99977
vn -0.01829 -0.01973 0.99964
vn -0.02319 -0.02459 0.99943
vn -0.03043 -0.02970 0.99910
vn -0.04011 -0.03512 0.99858
vn -0.05223 -0.04094 0.99780
vn -0.06661 -0.04732 0.99666
vn -0.08292 -0.05448 0.99507
vn -0.10070 -0.06267 0.99294
vn -0.11937 -0.07212 0.99023
vn -0.13830 -0.08309 0.98690
vn -0.15682 -0.09577 0.98297
vn -0.17428 -0.11029 0.97850
vn -0.19012 -0.12671 0.97355
vn -0.20386 -0.14500 0.96820
vn -0.21517 -0.16499 0.96254
vn -0.22383 -0.18646 0.95663
vn -0.22980 -0.20905 0.95052
vn -0.23313 -0.23236 0.94428
vn -0.23404 -0.25593 0.93794
vn -0.23281 -0.27927 0.93156
vn -0.22978 -0.30191 0.92523
vn -0.22535 -0.32343 0.91903
vn -0.21986 -0.34347 0.91307
vn -0.21364 -0.36177 0.90746
vn -0.20694 -0.37817 0.90231
vn -0.19989 -0.39261 0.89772
vn -0.19253 -0.40511 0.89376
vn -0.18478 -0.41581 0.89048
vn -0.17648 -0.42488 0.88788
vn -0.16737 -0.43255 0.88594
vn -0.15713 -0.43906 0.88461
vn -0.14544 -0.44468 0.88380
vn -0.13199 -0.44961 0.88342
vn -0.11650 -0.45405 0.88333
vn -0.09881 -0.45810 0.88339
vn -0.07885 -0.46180 0.88347
vn -0.05670 -0.46511 0.88343
vn -0.03261 -0.46792 0.88317
vn -0.00696 -0.47006 0.88261
vn 0.01973 -0.47131 0.88175
vn 0.04685 -0.47144 0.88065
vn 0.07373 -0.47023 0.87946
vn 0.09971 -0.46749 0.87836
vn 0.12415 -0.46308 0.87758
vn 0.14651 -0.45688 0.87738
vn 0.16635 -0.44885 0.87799
vn 0.18334 -0.43896 0.87960
vn 0.19729 -0.42725 0.88235
vn 0.20811 -0.41377 0.88627
vn 0.21584 -0.39864 0.89135
vn 0.22061 -0.38199 0.89745
vn 0.22267 -0.36402 0.90439
vn 0.22233 -0.34495 0.91191
vn 0.21998 -0.32506 0.91975
vn 0.21607 -0.30467 0.92763
vn 0.21105 -0.28411 0.93528
vn 0.20537 -0.26369 0.94249
vn 0.19944 -0.24371 0.94912
vn 0.19358 -0.22442 0.95507
vn 0.18802 -0.20599 0.96032
vn 0.18287 -0.18851 0.96490
vn 0.17812 -0.17201 0.96886
vn 0.17368 -0.15642 0.97230
vn 0.16934 -0.14165 0.97533
vn 0.16486 -0.12756 0.97803
vn 0.15997 -0.11401 0.98052
vn 0.15442 -0.10086 0.98284
vn 0.14802 -0.08804 0.98506
vn 0.14064 -0.07548 0.98718
vn 0.13228 -0.06322 0.98919
vn 0.12307 -0.05132 0.99107
vn 0.11332 -0.03991 0.99276
vn 0.10367 -0.02915 0.99418
vn 0.09563 -0.01917 0.99523
vn 0.10222 -0.00970 0.99472
vn 0.10037 -0.00313 0.99495
vn -0.02422 0.00103 0.99971
vn -0.02535 0.00223 0.99968
vn -0.02294 0.00253 0.99973
vn -0.02418 0.00125 0.99971
vn -0.02587 -0.00150 0.99966
vn -0.02789 -0.00568 0.99959
vn -0.03043 -0.01118 0.99947
vn -0.03384 -0.01786 0.99927
vn -0.03849 -0.02552 0.99893
vn -0.04482 -0.03397 0.99842
vn -0.05319 -0.04300 0.99766
vn -0.06390 -0.05246 0.99658
vn -0.07713 -0.06222 0.99508
vn -0.09291 -0.07223 0.99305
vn -0.11110 -0.08251 0.99038
vn -0.13135 -0.09313 0.98695
vn -0.15317 -0.10424 0.98269
vn -0.17591 -0.11604 0.97754
vn -0.19883 -0.12875 0.97154
vn -0.22113 -0.14258 0.96477
vn -0.24204 -0.15773 0.95736
vn -0.26084 -0.17435 0.94951
vn -0.27693 -0.19254 0.94140
vn -0.28985 -0.21227 0.93324
vn -0.29928 -0.23345 0.92516
vn -0.30508 -0.25589 0.91730
vn -0.30726 -0.27927 0.90972
vn -0.30597 -0.30321 0.90246
vn -0.30149 -0.32728 0.89554
vn -0.29421 -0.35100 0.88896
vn -0.28458 -0.37388 0.88274
vn -0.27309 -0.39550 0.87692
vn -0.26024 -0.41549 0.87157
vn -0.24647 -0.43357 0.86676
vn -0.23213 -0.44955 0.86257
vn -0.21750 -0.46336 0.85906
vn -0.20270 -0.47504 0.85630
vn -0.18774 -0.48468 0.85431
vn -0.17250 -0.49246 0.85307
vn -0.15679 -0.49861 0.85253
vn -0.14032 -0.50336 0.85260
vn -0.12277 -0.50698 0.85317
vn -0.10382 -0.50970 0.85407
vn -0.08321 -0.51169 0.85513
vn -0.06074 -0.51309 0.85618
vn -0.03638 -0.51397 0.85704
vn -0.01019 -0.51430 0.85755
vn 0.01757 -0.51400 0.85761
vn 0.04650 -0.51294 0.85716
vn 0.07607 -0.51095 0.85624
vn 0.10564 -0.50783 0.85496
vn 0.13457 -0.50341 0.85350
vn 0.16218 -0.49754 0.85215
vn 0.18788 -0.49009 0.85118
vn 0.21116 -0.48096 0.85093
vn 0.23160 -0.47011 0.85168
vn 0.24894 -0.45751 0.85365
vn 0.26298 -0.44314 0.85702
vn 0.27366 -0.42703 0.86183
vn 0.28102 -0.40924 0.86807
vn 0.28520 -0.38988 0.87559
vn 0.28640 -0.36909 0.88417
vn 0.28493 -0.34708 0.89350
vn 0.28117 -0.32412 0.90326
vn 0.27554 -0.30056 0.91309
vn 0.26851 -0.27676 0.92266
vn 0.26056 -0.25312 0.93169
vn 0.25211 -0.23001 0.93996
vn 0.24354 -0.20778 0.94737
vn 0.23513 -0.18668 0.95387
vn 0.22700 -0.16690 0.95949
vn 0.21920 -0.14850 0.96431
vn 0.21164 -0.13148 0.96846
vn 0.20412 -0.11574 0.97208
vn 0.19640 -0.10116 0.97529
vn 0.18822 -0.08757 0.97821
vn 0.17935 -0.07481 0.98094
vn 0.16960 -0.06274 0.98351
vn 0.15893 -0.05126 0.98596
vn 0.14752 -0.04034 0.98824
vn 0.13590 -0.02997 0.99027
vn 0.12575 -0.02015 0.99186
vn 0.13312 -0.01047 0.99105
vn 0.13204 -0.00352 0.99124
vn -0.01464 0.00098 0.99989
vn -0.02004 0.00265 0.99980
vn -0.02374 0.00356 0.99971
vn -0.03015 0.00267 0.99954
vn -0.03715 -0.00001 0.99931
vn -0.04445 -0.00459 0.99900
vn -0.05203 -0.01109 0.99858
vn -0.05999 -0.01945 0.99801
vn -0.06855 -0.02951 0.99721
vn -0.07800 -0.04103 0.99611
vn -0.08870 -0.05371 0.99461
vn -0.10099 -0.06724 0.99261
vn -0.11517 -0.08129 0.99001
vn -0.13145 -0.09558 0.98670
vn -0.14991 -0.10987 0.98258
vn -0.17045 -0.12400 0.97753
vn -0.19280 -0.13789 0.97150
vn -0.21650 -0.15158 0.96444
vn -0.24093 -0.16516 0.95639
vn -0.26536 -0.17882 0.94742
vn -0.28899 -0.19282 0.93771
vn -0.31101 -0.20741 0.92750
vn -0.33069 -0.22288 0.91704
vn -0.34736 -0.23947 0.90664
vn -0.36051 -0.25736 0.89655
vn -0.36974 -0.27664 0.88699
vn -0.37483 -0.29731 0.87813
vn -0.37568 -0.31925 0.87003
vn -0.37234 -0.34221 0.86270
vn -0.36501 -0.36585 0.85611
vn -0.35400 -0.38974 0.85017
vn -0.33973 -0.41338 0.84481
vn -0.32273 -0.43627 0.83995
vn -0.30355 -0.45793 0.83556
vn -0.28279 -0.47792 0.83164
vn -0.26099 -0.49591 0.82823
vn -0.23863 -0.51166 0.82538
vn -0.21609 -0.52506 0.82317
vn -0.19359 -0.53610 0.82166
vn -0.17123 -0.54485 0.82086
vn -0.14897 -0.55146 0.82079
vn -0.12664 -0.55613 0.82139
vn -0.10401 -0.55909 0.82256
vn -0.08076 -0.56057 0.82416
vn -0.05660 -0.56080 0.82602
vn -0.03126 -0.55995 0.82794
vn -0.00455 -0.55817 0.82971
vn 0.02359 -0.55555 0.83115
vn 0.05307 -0.55211 0.83208
vn 0.08366 -0.54781 0.83241
vn 0.11495 -0.54259 0.83209
vn 0.14642 -0.53634 0.83120
vn 0.17748 -0.52894 0.82989
vn 0.20749 -0.52029 0.82840
vn 0.23582 -0.51028 0.82704
vn 0.26194 -0.49884 0.82616
vn 0.28536 -0.48590 0.82612
vn 0.30573 -0.47142 0.82722
vn 0.32279 -0.45535 0.82974
vn 0.33637 -0.43768 0.83384
vn 0.34641 -0.41840 0.83961
vn 0.35291 -0.39756 0.84700
vn 0.35597 -0.37521 0.85586
vn 0.35576 -0.35150 0.86596
vn 0.35253 -0.32665 0.87694
vn 0.34660 -0.30093 0.88843
vn 0.33838 -0.27473 0.90001
vn 0.32833 -0.24846 0.91130
vn 0.31694 -0.22261 0.92195
vn 0.30468 -0.19762 0.93173
vn 0.29199 -0.17391 0.94048
vn 0.27921 -0.15180 0.94815
vn 0.26656 -0.13152 0.95480
vn 0.25414 -0.11315 0.96053
vn 0.24193 -0.09668 0.96547
vn 0.22979 -0.08198 0.96978
vn 0.21755 -0.06888 0.97362
vn 0.20501 -0.05713 0.97709
vn 0.19205 -0.04650 0.98028
vn 0.17870 -0.03674 0.98322
vn 0.16541 -0.02764 0.98584
vn 0.15396 -0.01901 0.98789
vn 0.16344 -0.01020 0.98650
vn 0.16511 -0.00360 0.98627
vn -0.00740 0.00033 0.99997
vn -0.01440 0.00147 0.99990
vn -0.02382 0.00207 0.99971
vn -0.03547 0.00117 0.99937
vn -0.04836 -0.00140 0.99883
vn -0.06204 -0.00591 0.99806
vn -0.07618 -0.01256 0.99701
vn -0.09055 -0.02144 0.99566
vn -0.10503 -0.03252 0.99394
vn -0.11963 -0.04566 0.99177
vn -0.13448 -0.06059 0.98906
vn -0.14978 -0.07697 0.98572
vn -0.16579 -0.09438 0.98163
vn -0.18278 -0.11238 0.97671
vn -0.20097 -0.13052 0.97086
vn -0.22050 -0.14842 0.96403
vn -0.24138 -0.16574 0.95617
vn -0.26346 -0.18229 0.94729
vn -0.28643 -0.19795 0.93743
vn -0.30982 -0.21275 0.92669
vn -0.33305 -0.22685 0.91522
vn -0.35542 -0.24050 0.90323
vn -0.37625 -0.25403 0.89101
vn -0.39481 -0.26782 0.87886
vn -0.41049 -0.28225 0.86709
vn -0.42272 -0.29768 0.85598
vn -0.43106 -0.31439 0.84578
vn -0.43519 -0.33258 0.83666
vn -0.43488 -0.35232 0.82870
vn -0.43004 -0.37354 0.82191
vn -0.42068 -0.39603 0.81620
vn -0.40697 -0.41946 0.81144
vn -0.38919 -0.44335 0.80745
vn -0.36774 -0.46716 0.80407
vn -0.34318 -0.49031 0.80114
vn -0.31612 -0.51222 0.79856
vn -0.28723 -0.53236 0.79630
vn -0.25717 -0.55033 0.79436
vn -0.22654 -0.56581 0.79281
vn -0.19583 -0.57862 0.79174
vn -0.16538 -0.58872 0.79124
vn -0.13540 -0.59615 0.79137
vn -0.10590 -0.60103 0.79218
vn -0.07681 -0.60355 0.79361
vn -0.04790 -0.60392 0.79560
vn -0.01892 -0.60235 0.79800
vn 0.01041 -0.59907 0.80063
vn 0.04035 -0.59426 0.80326
vn 0.07106 -0.58810 0.80566
vn 0.10260 -0.58070 0.80763
vn 0.13487 -0.57216 0.80898
vn 0.16763 -0.56253 0.80961
vn 0.20049 -0.55184 0.80949
vn 0.23297 -0.54009 0.80872
vn 0.26448 -0.52727 0.80749
vn 0.29446 -0.51337 0.80606
vn 0.32235 -0.49838 0.80480
vn 0.34764 -0.48227 0.80409
vn 0.36995 -0.46501 0.80430
vn 0.38894 -0.44657 0.80579
vn 0.40439 -0.42692 0.80883
vn 0.41614 -0.40602 0.81362
vn 0.42412 -0.38386 0.82023
vn 0.42831 -0.36044 0.82863
vn 0.42874 -0.33584 0.83868
vn 0.42555 -0.31019 0.85011
vn 0.41891 -0.28370 0.86257
vn 0.40913 -0.25669 0.87563
vn 0.39659 -0.22956 0.88883
vn 0.38176 -0.20278 0.90174
vn 0.36516 -0.17686 0.91399
vn 0.34737 -0.15228 0.92528
vn 0.32890 -0.12949 0.93545
vn 0.31022 -0.10880 0.94442
vn 0.29167 -0.09041 0.95224
vn 0.27349 -0.07437 0.95900
vn 0.25576 -0.06060 0.96484
vn 0.23849 -0.04888 0.96991
vn 0.22166 -0.03893 0.97435
vn 0.20535 -0.03039 0.97822
vn 0.19001 -0.02288 0.98151
vn 0.17755 -0.01596 0.98398
vn 0.18988 -0.00884 0.98177
vn 0.19610 -0.00328 0.98058
vn -0.00801 -0.00085 0.99997
vn -0.01290 -0.00128 0.99992
vn -0.02581 -0.00221 0.99966
vn -0.04144 -0.00394 0.99913
vn -0.05938 -0.00682 0.99821
vn -0.07907 -0.01122 0.99681
vn -0.09991 -0.01748 0.99484
vn -0.12132 -0.02586 0.99228
vn -0.14282 -0.03649 0.98908
vn -0.16403 -0.04943 0.98522
vn -0.18471 -0.06455 0.98067
vn -0.20475 -0.08164 0.97540
vn -0.22420 -0.10035 0.96936
vn -0.24320 -0.12023 0.96250
vn -0.26195 -0.14079 0.95476
vn -0.28069 -0.16151 0.94611
vn -0.29964 -0.18190 0.93655
vn -0.31896 -0.20152 0.92610
vn -0.33867 -0.22004 0.91481
vn -0.35871 -0.23727 0.90279
vn -0.37883 -0.25314 0.89017
vn -0.39868 -0.26774 0.87714
vn -0.41778 -0.28128 0.86391
vn -0.43558 -0.29411 0.85074
vn -0.45150 -0.30664 0.83793
vn -0.46495 -0.31933 0.82574
vn -0.47537 -0.33265 0.81447
vn -0.48228 -0.34703 0.80435
vn -0.48524 -0.36281 0.79556
vn -0.48391 -0.38026 0.78819
vn -0.47801 -0.39947 0.78226
vn -0.46737 -0.42039 0.77771
vn -0.45193 -0.44282 0.77438
vn -0.43174 -0.46639 0.77206
vn -0.40704 -0.49055 0.77050
vn -0.37819 -0.51469 0.76946
vn -0.34574 -0.53811 0.76870
vn -0.31036 -0.56011 0.76808
vn -0.27282 -0.58007 0.76752
vn -0.23392 -0.59745 0.76703
vn -0.19439 -0.61189 0.76668
vn -0.15488 -0.62316 0.76661
vn -0.11587 -0.63118 0.76693
vn -0.07768 -0.63599 0.76778
vn -0.04044 -0.63772 0.76921
vn -0.00413 -0.63653 0.77124
vn 0.03138 -0.63267 0.77379
vn 0.06629 -0.62635 0.77672
vn 0.10084 -0.61781 0.77984
vn 0.13521 -0.60728 0.78290
vn 0.16953 -0.59500 0.78565
vn 0.20381 -0.58117 0.78785
vn 0.23793 -0.56600 0.78932
vn 0.27165 -0.54969 0.78997
vn 0.30460 -0.53240 0.78979
vn 0.33633 -0.51430 0.78891
vn 0.36636 -0.49552 0.78755
vn 0.39421 -0.47616 0.78605
vn 0.41942 -0.45627 0.78479
vn 0.44162 -0.43590 0.78420
vn 0.46048 -0.41502 0.78468
vn 0.47577 -0.39360 0.78659
vn 0.48729 -0.37158 0.79023
vn 0.49494 -0.34890 0.79581
vn 0.49860 -0.32550 0.80340
vn 0.49825 -0.30136 0.81297
vn 0.49389 -0.27654 0.82438
vn 0.48558 -0.25113 0.83735
vn 0.47349 -0.22535 0.85149
vn 0.45788 -0.19950 0.86634
vn 0.43916 -0.17399 0.88140
vn 0.41783 -0.14928 0.89618
vn 0.39452 -0.12586 0.91023
vn 0.36990 -0.10421 0.92321
vn 0.34467 -0.08472 0.93489
vn 0.31946 -0.06765 0.94518
vn 0.29479 -0.05312 0.95408
vn 0.27110 -0.04109 0.96167
vn 0.24871 -0.03135 0.96807
vn 0.22795 -0.02357 0.97339
vn 0.20949 -0.01730 0.97766
vn 0.19552 -0.01200 0.98063
vn 0.21033 -0.00677 0.97761
vn 0.22179 -0.00262 0.97509
vn -0.02037 -0.00223 0.99979
vn -0.01976 -0.00501 0.99979
vn -0.03299 -0.00853 0.99942
vn -0.05054 -0.01205 0.99865
vn -0.07159 -0.01602 0.99731
vn -0.09554 -0.02078 0.99521
vn -0.12167 -0.02670 0.99221
vn -0.14919 -0.03412 0.98822
vn -0.17731 -0.04334 0.98320
vn -0.20529 -0.05459 0.97718
vn -0.23249 -0.06797 0.97022
vn -0.25844 -0.08348 0.96241
vn -0.28283 -0.10099 0.95384
vn -0.30554 -0.12023 0.94456
vn -0.32660 -0.14083 0.93461
vn -0.34615 -0.16232 0.92403
vn -0.36445 -0.18420 0.91282
vn -0.38178 -0.20595 0.90101
vn -0.39843 -0.22707 0.88865
vn -0.41462 -0.24715 0.87579
vn -0.43050 -0.26590 0.86254
vn -0.44608 -0.28313 0.84903
vn -0.46126 -0.29883 0.83543
vn -0.47580 -0.31311 0.82193
vn -0.48935 -0.32625 0.80876
vn -0.50148 -0.33861 0.79616
vn -0.51168 -0.35064 0.78437
vn -0.51945 -0.36284 0.77364
vn -0.52426 -0.37571 0.76420
vn -0.52562 -0.38969 0.75622
vn -0.52304 -0.40518 0.74984
vn -0.51612 -0.42243 0.74510
vn -0.50447 -0.44157 0.74197
vn -0.48780 -0.46255 0.74034
vn -0.46592 -0.48511 0.73999
vn -0.43878 -0.50884 0.74064
vn -0.40649 -0.53313 0.74198
vn -0.36939 -0.55723 0.74367
vn -0.32804 -0.58030 0.74541
vn -0.28320 -0.60152 0.74698
vn -0.23577 -0.62012 0.74824
vn -0.18676 -0.63549 0.74918
vn -0.13710 -0.64719 0.74990
vn -0.08767 -0.65498 0.75054
vn -0.03914 -0.65879 0.75131
vn 0.00800 -0.65869 0.75237
vn 0.05349 -0.65487 0.75384
vn 0.09721 -0.64757 0.75578
vn 0.13921 -0.63706 0.75814
vn 0.17959 -0.62366 0.76079
vn 0.21848 -0.60769 0.76353
vn 0.25601 -0.58949 0.76614
vn 0.29223 -0.56942 0.76835
vn 0.32713 -0.54786 0.76996
vn 0.36059 -0.52520 0.77080
vn 0.39242 -0.50182 0.77083
vn 0.42234 -0.47807 0.77011
vn 0.45008 -0.45425 0.76882
vn 0.47529 -0.43061 0.76725
vn 0.49771 -0.40731 0.76576
vn 0.51705 -0.38444 0.76477
vn 0.53308 -0.36199 0.76471
vn 0.54563 -0.33991 0.76599
vn 0.55453 -0.31809 0.76897
vn 0.55965 -0.29639 0.77392
vn 0.56086 -0.27467 0.78102
vn 0.55806 -0.25281 0.79035
vn 0.55116 -0.23072 0.80187
vn 0.54012 -0.20839 0.81538
vn 0.52497 -0.18590 0.83057
vn 0.50584 -0.16342 0.84700
vn 0.48301 -0.14122 0.86415
vn 0.45693 -0.11967 0.88141
vn 0.42822 -0.09920 0.89821
vn 0.39766 -0.08026 0.91402
vn 0.36613 -0.06326 0.92841
vn 0.33456 -0.04850 0.94113
vn 0.30384 -0.03617 0.95204
vn 0.27482 -0.02627 0.96114
vn 0.24831 -0.01862 0.96850
vn 0.22543 -0.01288 0.97417
vn 0.20883 -0.00853 0.97791
vn 0.22474 -0.00473 0.97441
vn 0.24067 -0.00185 0.97061
vn -0.04527 -0.00344 0.99897
vn -0.03738 -0.00871 0.99926
vn -0.04801 -0.01530 0.99873
vn -0.06549 -0.02131 0.99763
vn -0.08737 -0.02716 0.99581
vn -0.11309 -0.03304 0.99304
vn -0.14201 -0.03921 0.98909
vn -0.17335 -0.04597 0.98379
vn -0.20621 -0.05367 0.97704
vn -0.23961 -0.06265 0.96885
vn -0.27264 -0.07321 0.95933
vn -0.30447 -0.08558 0.94867
vn -0.33443 -0.09990 0.93711
vn -0.36208 -0.11619 0.92488
vn -0.38714 -0.13432 0.91219
vn -0.40955 -0.15407 0.89919
vn -0.42941 -0.17508 0.88598
vn -0.44694 -0.19694 0.87262
vn -0.46245 -0.21914 0.85914
vn -0.47629 -0.24120 0.84556
vn -0.48880 -0.26264 0.83192
vn -0.50030 -0.28305 0.81828
vn -0.51100 -0.30213 0.80473
vn -0.52103 -0.31971 0.79140
vn -0.53037 -0.33576 0.77844
vn -0.53890 -0.35040 0.76603
vn -0.54635 -0.36388 0.75438
vn -0.55238 -0.37656 0.74369
vn -0.55654 -0.38888 0.73419
vn -0.55835 -0.40132 0.72608
vn -0.55728 -0.41437 0.71954
vn -0.55278 -0.42850 0.71472
vn -0.54430 -0.44409 0.71170
vn -0.53130 -0.46140 0.71051
vn -0.51326 -0.48055 0.71108
vn -0.48971 -0.50148 0.71323
vn -0.46031 -0.52388 0.71670
vn -0.42485 -0.54726 0.72112
vn -0.38335 -0.57087 0.72605
vn -0.33612 -0.59382 0.73102
vn -0.28380 -0.61510 0.73560
vn -0.22734 -0.63369 0.73943
vn -0.16792 -0.64870 0.74228
vn -0.10690 -0.65943 0.74413
vn -0.04560 -0.66544 0.74506
vn 0.01477 -0.66656 0.74530
vn 0.07323 -0.66285 0.74516
vn 0.12909 -0.65456 0.74491
vn 0.18189 -0.64204 0.74478
vn 0.23143 -0.62573 0.74492
vn 0.27765 -0.60607 0.74537
vn 0.32063 -0.58357 0.74608
vn 0.36048 -0.55873 0.74691
vn 0.39730 -0.53207 0.74769
vn 0.43123 -0.50415 0.74825
vn 0.46231 -0.47553 0.74843
vn 0.49059 -0.44674 0.74816
vn 0.51607 -0.41830 0.74746
vn 0.53872 -0.39064 0.74645
vn 0.55849 -0.36410 0.74533
vn 0.57532 -0.33891 0.74441
vn 0.58914 -0.31517 0.74403
vn 0.59987 -0.29286 0.74457
vn 0.60740 -0.27188 0.74642
vn 0.61164 -0.25204 0.74991
vn 0.61244 -0.23312 0.75536
vn 0.60967 -0.21485 0.76298
vn 0.60314 -0.19701 0.77292
vn 0.59270 -0.17938 0.78519
vn 0.57820 -0.16181 0.79969
vn 0.55953 -0.14423 0.81617
vn 0.53670 -0.12667 0.83421
vn 0.50986 -0.10925 0.85329
vn 0.47938 -0.09221 0.87275
vn 0.44585 -0.07588 0.89189
vn 0.41012 -0.06064 0.91001
vn 0.37325 -0.04687 0.92654
vn 0.33648 -0.03490 0.94104
vn 0.30109 -0.02494 0.95327
vn 0.26848 -0.01705 0.96313
vn 0.24034 -0.01112 0.97062
vn 0.21995 -0.00681 0.97549
vn 0.23519 -0.00348 0.97194
vn 0.25357 -0.00125 0.96732
vn -0.07983 -0.00413 0.99680
vn -0.06514 -0.01130 0.99781
vn -0.07160 -0.02058 0.99722
vn -0.08795 -0.02912 0.99570
vn -0.10895 -0.03725 0.99335
vn -0.13414 -0.04492 0.98994
vn -0.16315 -0.05217 0.98522
vn -0.19543 -0.05913 0.97893
vn -0.23024 -0.06605 0.97089
vn -0.26661 -0.07326 0.96102
vn -0.30353 -0.08114 0.94936
vn -0.33994 -0.09008 0.93612
vn -0.37490 -0.10046 0.92161
vn -0.40761 -0.11255 0.90619
vn -0.43750 -0.12654 0.89027
vn -0.46421 -0.14251 0.87418
vn -0.48759 -0.16039 0.85821
vn -0.50765 -0.17999 0.84255
vn -0.52457 -0.20099 0.82731
vn -0.53861 -0.22299 0.81252
vn -0.55011 -0.24551 0.79819
vn -0.55946 -0.26806 0.78432
vn -0.56702 -0.29015 0.77091
vn -0.57314 -0.31136 0.75800
vn -0.57811 -0.33136 0.74565
vn -0.58209 -0.34995 0.73396
vn -0.58517 -0.36705 0.72308
vn -0.58729 -0.38274 0.71316
vn -0.58827 -0.39722 0.70438
vn -0.58781 -0.41081 0.69694
vn -0.58550 -0.42392 0.69100
vn -0.58085 -0.43699 0.68677
vn -0.57329 -0.45051 0.68438
vn -0.56219 -0.46491 0.68396
vn -0.54685 -0.48057 0.68557
vn -0.52656 -0.49774 0.68919
vn -0.50061 -0.51651 0.69470
vn -0.46830 -0.53676 0.70184
vn -0.42908 -0.55809 0.71023
vn -0.38258 -0.57985 0.71931
vn -0.32879 -0.60109 0.72841
vn -0.26812 -0.62066 0.73681
vn -0.20153 -0.63729 0.74380
vn -0.13046 -0.64980 0.74883
vn -0.05675 -0.65721 0.75157
vn 0.01757 -0.65892 0.75201
vn 0.09054 -0.65473 0.75042
vn 0.16050 -0.64483 0.74729
vn 0.22620 -0.62970 0.74318
vn 0.28684 -0.61000 0.73867
vn 0.34205 -0.58643 0.73423
vn 0.39174 -0.55974 0.73022
vn 0.43606 -0.53062 0.72684
vn 0.47527 -0.49972 0.72415
vn 0.50969 -0.46770 0.72213
vn 0.53968 -0.43516 0.72068
vn 0.56556 -0.40271 0.71970
vn 0.58766 -0.37091 0.71908
vn 0.60626 -0.34030 0.71878
vn 0.62161 -0.31131 0.71881
vn 0.63393 -0.28429 0.71924
vn 0.64338 -0.25946 0.72024
vn 0.65007 -0.23691 0.72200
vn 0.65405 -0.21661 0.72478
vn 0.65531 -0.19840 0.72884
vn 0.65377 -0.18206 0.73447
vn 0.64931 -0.16727 0.74191
vn 0.64173 -0.15369 0.75137
vn 0.63083 -0.14099 0.76301
vn 0.61634 -0.12885 0.77687
vn 0.59803 -0.11698 0.79289
vn 0.57572 -0.10517 0.81086
vn 0.54929 -0.09330 0.83041
vn 0.51881 -0.08136 0.85101
vn 0.48460 -0.06943 0.87198
vn 0.44725 -0.05771 0.89255
vn 0.40767 -0.04648 0.91194
vn 0.36713 -0.03606 0.92947
vn 0.32713 -0.02677 0.94460
vn 0.28947 -0.01885 0.95700
vn 0.25637 -0.01243 0.96650
vn 0.23178 -0.00746 0.97274
vn 0.24512 -0.00352 0.96949
vn 0.26353 -0.00107 0.96465
vn -0.11839 -0.00412 0.99296
vn -0.09938 -0.01208 0.99498
vn -0.10192 -0.02282 0.99453
vn -0.11737 -0.03314 0.99253
vn -0.13705 -0.04323 0.98962
vn -0.16052 -0.05283 0.98562
vn -0.18773 -0.06173 0.98028
vn -0.21853 -0.06983 0.97333
vn -0.25253 -0.07716 0.96451
vn -0.28908 -0.08390 0.95362
vn -0.32728 -0.09035 0.94060
vn -0.36608 -0.09692 0.92552
vn -0.40439 -0.10405 0.90865
vn -0.44117 -0.11223 0.89038
vn -0.47553 -0.12186 0.87122
vn -0.50681 -0.13330 0.85169
vn -0.53456 -0.14677 0.83229
vn -0.55854 -0.16237 0.81343
vn -0.57872 -0.18005 0.79540
vn -0.59518 -0.19965 0.77840
vn -0.60814 -0.22086 0.76249
vn -0.61787 -0.24328 0.74770
vn -0.62471 -0.26644 0.73399
vn -0.62903 -0.28983 0.72133
vn -0.63120 -0.31297 0.70968
vn -0.63156 -0.33538 0.69904
vn -0.63042 -0.35670 0.68944
vn -0.62800 -0.37669 0.68097
vn -0.62443 -0.39521 0.67372
vn -0.61969 -0.41228 0.66784
vn -0.61365 -0.42804 0.66348
vn -0.60605 -0.44276 0.66081
vn -0.59646 -0.45677 0.65999
vn -0.58434 -0.47050 0.66119
vn -0.56902 -0.48435 0.66454
vn -0.54971 -0.49875 0.67013
vn -0.52550 -0.51401 0.67797
vn -0.49543 -0.53032 0.68797
vn -0.45849 -0.54767 0.69988
vn -0.41374 -0.56578 0.71324
vn -0.36043 -0.58400 0.72735
vn -0.29819 -0.60138 0.74123
vn -0.22728 -0.61660 0.75375
vn -0.14877 -0.62821 0.76369
vn -0.06459 -0.63476 0.77000
vn 0.02258 -0.63518 0.77203
vn 0.10969 -0.62892 0.76970
vn 0.19380 -0.61606 0.76348
vn 0.27251 -0.59726 0.75433
vn 0.34418 -0.57349 0.74341
vn 0.40799 -0.54585 0.73185
vn 0.46376 -0.51540 0.72062
vn 0.51177 -0.48305 0.71046
vn 0.55258 -0.44956 0.70182
vn 0.58684 -0.41556 0.69494
vn 0.61521 -0.38157 0.68987
vn 0.63833 -0.34807 0.68657
vn 0.65680 -0.31550 0.68489
vn 0.67112 -0.28427 0.68468
vn 0.68176 -0.25478 0.68578
vn 0.68912 -0.22739 0.68804
vn 0.69356 -0.20237 0.69139
vn 0.69534 -0.17995 0.69579
vn 0.69468 -0.16022 0.70125
vn 0.69171 -0.14315 0.70785
vn 0.68646 -0.12864 0.71570
vn 0.67889 -0.11644 0.72495
vn 0.66888 -0.10625 0.73574
vn 0.65623 -0.09769 0.74821
vn 0.64069 -0.09035 0.76246
vn 0.62198 -0.08383 0.77853
vn 0.59982 -0.07773 0.79635
vn 0.57396 -0.07172 0.81573
vn 0.54430 -0.06553 0.83633
vn 0.51087 -0.05898 0.85763
vn 0.47399 -0.05200 0.87900
vn 0.43429 -0.04466 0.89966
vn 0.39281 -0.03711 0.91887
vn 0.35095 -0.02960 0.93593
vn 0.31059 -0.02242 0.95028
vn 0.27423 -0.01584 0.96153
vn 0.24631 -0.01004 0.96914
vn 0.25794 -0.00482 0.96615
vn 0.27466 -0.00137 0.96154
vn -0.15458 -0.00348 0.98797
vn -0.13453 -0.01095 0.99085
vn -0.13479 -0.02147 0.99064
vn -0.15070 -0.03213 0.98806
vn -0.16998 -0.04309 0.98450
vn -0.19207 -0.05398 0.97990
vn -0.21715 -0.06444 0.97401
vn -0.24543 -0.07416 0.96657
vn -0.27696 -0.08293 0.95730
vn -0.31152 -0.09068 0.94590
vn -0.34857 -0.09750 0.93220
vn -0.38732 -0.10362 0.91610
vn -0.42673 -0.10941 0.89774
vn -0.46569 -0.11533 0.87740
vn -0.50312 -0.12189 0.85558
vn -0.53805 -0.12958 0.83289
vn -0.56976 -0.13885 0.81000
vn -0.59773 -0.15004 0.78753
vn -0.62170 -0.16338 0.76603
vn -0.64157 -0.17896 0.74589
vn -0.65740 -0.19674 0.72741
vn -0.66933 -0.21656 0.71070
vn -0.67759 -0.23812 0.69582
vn -0.68244 -0.26106 0.68273
vn -0.68417 -0.28491 0.67137
vn -0.68310 -0.30917 0.66165
vn -0.67957 -0.33335 0.65350
vn -0.67387 -0.35699 0.64689
vn -0.66628 -0.37967 0.64181
vn -0.65703 -0.40110 0.63830
vn -0.64622 -0.42109 0.63646
vn -0.63387 -0.43958 0.63638
vn -0.61982 -0.45662 0.63822
vn -0.60375 -0.47239 0.64213
vn -0.58519 -0.48714 0.64826
vn -0.56345 -0.50118 0.65677
vn -0.53766 -0.51483 0.66774
vn -0.50677 -0.52837 0.68118
vn -0.46957 -0.54195 0.69698
vn -0.42477 -0.55556 0.71479
vn -0.37107 -0.56886 0.73396
vn -0.30746 -0.58118 0.75346
vn -0.23343 -0.59144 0.77182
vn -0.14943 -0.59824 0.78726
vn -0.05716 -0.60006 0.79791
vn 0.04037 -0.59563 0.80225
vn 0.13916 -0.58427 0.79954
vn 0.23495 -0.56615 0.79011
vn 0.32408 -0.54219 0.77525
vn 0.40403 -0.51378 0.75683
vn 0.47362 -0.48241 0.73686
vn 0.53273 -0.44941 0.71709
vn 0.58200 -0.41578 0.69885
vn 0.62241 -0.38221 0.68302
vn 0.65505 -0.34915 0.67008
vn 0.68096 -0.31687 0.66022
vn 0.70104 -0.28556 0.65345
vn 0.71606 -0.25540 0.64963
vn 0.72667 -0.22656 0.64855
vn 0.73339 -0.19924 0.64996
vn 0.73665 -0.17368 0.65359
vn 0.73684 -0.15013 0.65918
vn 0.73428 -0.12885 0.66651
vn 0.72923 -0.11004 0.67536
vn 0.72192 -0.09386 0.68558
vn 0.71249 -0.08039 0.69706
vn 0.70103 -0.06958 0.70973
vn 0.68754 -0.06130 0.72356
vn 0.67195 -0.05528 0.73853
vn 0.65411 -0.05119 0.75467
vn 0.63382 -0.04860 0.77195
vn 0.61084 -0.04703 0.79036
vn 0.58493 -0.04601 0.80977
vn 0.55592 -0.04508 0.83001
vn 0.52373 -0.04381 0.85076
vn 0.48847 -0.04189 0.87158
vn 0.45050 -0.03909 0.89192
vn 0.41054 -0.03533 0.91116
vn 0.36971 -0.03066 0.92864
vn 0.32963 -0.02524 0.94377
vn 0.29273 -0.01933 0.95600
vn 0.26368 -0.01321 0.96452
vn 0.27546 -0.00675 0.96129
vn 0.29045 -0.00203 0.95689
vn -0.18357 -0.00252 0.98300
vn -0.16508 -0.00846 0.98624
vn -0.16504 -0.01715 0.98614
vn -0.18314 -0.02649 0.98273
vn -0.20382 -0.03672 0.97832
vn -0.22620 -0.04758 0.97292
vn -0.25045 -0.05870 0.96635
vn -0.27697 -0.06969 0.95835
vn -0.30610 -0.08018 0.94862
vn -0.33801 -0.08988 0.93684
vn -0.37261 -0.09859 0.92274
vn -0.40946 -0.10629 0.90612
vn -0.44782 -0.11306 0.88694
vn -0.48674 -0.11917 0.86538
vn -0.52512 -0.12500 0.84180
vn -0.56186 -0.13101 0.81679
vn -0.59602 -0.13768 0.79108
vn -0.62686 -0.14552 0.76542
vn -0.65388 -0.15492 0.74057
vn -0.67682 -0.16621 0.71714
vn -0.69559 -0.17960 0.69563
vn -0.71022 -0.19520 0.67637
vn -0.72085 -0.21298 0.65955
vn -0.72764 -0.23280 0.64524
vn -0.73078 -0.25443 0.63343
vn -0.73045 -0.27754 0.62403
vn -0.72686 -0.30174 0.61694
vn -0.72023 -0.32657 0.61207
vn -0.71075 -0.35155 0.60930
vn -0.69862 -0.37622 0.60859
vn -0.68402 -0.40015 0.60991
vn -0.66707 -0.42295 0.61329
vn -0.64780 -0.44435 0.61880
vn -0.62610 -0.46417 0.62653
vn -0.60173 -0.48231 0.63663
vn -0.57423 -0.49877 0.64923
vn -0.54290 -0.51360 0.66443
vn -0.50683 -0.52687 0.68229
vn -0.46484 -0.53862 0.70272
vn -0.41555 -0.54876 0.72538
vn -0.35750 -0.55701 0.74962
vn -0.28936 -0.56282 0.77428
vn -0.21029 -0.56531 0.79762
vn -0.12045 -0.56336 0.81738
vn -0.02144 -0.55580 0.83104
vn 0.08342 -0.54179 0.83637
vn 0.18944 -0.52119 0.83215
vn 0.29150 -0.49479 0.81866
vn 0.38520 -0.46410 0.79764
vn 0.46769 -0.43093 0.77173
vn 0.53785 -0.39696 0.74374
vn 0.59593 -0.36346 0.71608
vn 0.64304 -0.33118 0.69052
vn 0.68060 -0.30048 0.66820
vn 0.71006 -0.27143 0.64973
vn 0.73269 -0.24394 0.63534
vn 0.74958 -0.21785 0.62504
vn 0.76155 -0.19303 0.61869
vn 0.76926 -0.16937 0.61607
vn 0.77319 -0.14686 0.61693
vn 0.77371 -0.12552 0.62098
vn 0.77110 -0.10550 0.62791
vn 0.76560 -0.08698 0.63741
vn 0.75739 -0.07020 0.64918
vn 0.74666 -0.05541 0.66289
vn 0.73359 -0.04284 0.67824
vn 0.71832 -0.03269 0.69495
vn 0.70098 -0.02504 0.71275
vn 0.68167 -0.01988 0.73139
vn 0.66044 -0.01706 0.75069
vn 0.63730 -0.01633 0.77045
vn 0.61219 -0.01726 0.79052
vn 0.58505 -0.01938 0.81077
vn 0.55579 -0.02214 0.83103
vn 0.52438 -0.02498 0.85112
vn 0.49086 -0.02735 0.87081
vn 0.45543 -0.02879 0.88981
vn 0.41852 -0.02897 0.90774
vn 0.38090 -0.02768 0.92420
vn 0.34378 -0.02486 0.93872
vn 0.30928 -0.02063 0.95075
vn 0.28195 -0.01518 0.95931
vn 0.29683 -0.00831 0.95489
vn 0.31195 -0.00273 0.95009
vn -0.20356 -0.00157 0.97906
vn -0.18743 -0.00556 0.98226
vn -0.18823 -0.01141 0.98206
vn -0.20971 -0.01809 0.97760
vn -0.23358 -0.02604 0.97199
vn -0.25846 -0.03526 0.96538
vn -0.28424 -0.04556 0.95767
vn -0.31119 -0.05667 0.94866
vn -0.33972 -0.06819 0.93805
vn -0.37016 -0.07974 0.92554
vn -0.40267 -0.09093 0.91082
vn -0.43717 -0.10141 0.89364
vn -0.47328 -0.11098 0.87389
vn -0.51036 -0.11955 0.85161
vn -0.54752 -0.12719 0.82707
vn -0.58378 -0.13411 0.80076
vn -0.61818 -0.14066 0.77335
vn -0.64989 -0.14728 0.74562
vn -0.67827 -0.15441 0.71841
vn -0.70291 -0.16250 0.69246
vn -0.72362 -0.17196 0.66844
vn -0.74033 -0.18311 0.64683
vn -0.75310 -0.19617 0.62798
vn -0.76203 -0.21129 0.61210
vn -0.76724 -0.22849 0.59928
vn -0.76881 -0.24774 0.58954
vn -0.76683 -0.26887 0.58283
vn -0.76133 -0.29165 0.57906
vn -0.75235 -0.31577 0.57815
vn -0.73987 -0.34084 0.58002
vn -0.72389 -0.36641 0.58458
vn -0.70436 -0.39200 0.59179
vn -0.68121 -0.41710 0.60165
vn -0.65431 -0.44123 0.61416
vn -0.62344 -0.46391 0.62938
vn -0.58824 -0.48468 0.64735
vn -0.54817 -0.50314 0.66810
vn -0.50250 -0.51886 0.69158
vn -0.45024 -0.53140 0.71756
vn -0.39025 -0.54026 0.74554
vn -0.32133 -0.54477 0.77458
vn -0.24247 -0.54417 0.80317
vn -0.15330 -0.53758 0.82916
vn -0.05460 -0.52422 0.84983
vn 0.05128 -0.50368 0.86237
vn 0.16035 -0.47628 0.86455
vn 0.26756 -0.44324 0.85554
vn 0.36793 -0.40658 0.83625
vn 0.45768 -0.36861 0.80911
vn 0.53481 -0.33140 0.77727
vn 0.59901 -0.29644 0.74385
vn 0.65116 -0.26451 0.71136
vn 0.69273 -0.23584 0.68155
vn 0.72534 -0.21023 0.65550
vn 0.75051 -0.18731 0.63376
vn 0.76950 -0.16660 0.61653
vn 0.78333 -0.14763 0.60382
vn 0.79276 -0.13001 0.59550
vn 0.79837 -0.11340 0.59139
vn 0.80054 -0.09756 0.59129
vn 0.79952 -0.08236 0.59496
vn 0.79548 -0.06776 0.60218
vn 0.78851 -0.05382 0.61266
vn 0.77866 -0.04068 0.62612
vn 0.76598 -0.02857 0.64223
vn 0.75053 -0.01776 0.66060
vn 0.73240 -0.00854 0.68082
vn 0.71175 -0.00120 0.70243
vn 0.68878 0.00405 0.72496
vn 0.66372 0.00709 0.74795
vn 0.63685 0.00791 0.77095
vn 0.60842 0.00670 0.79358
vn 0.57869 0.00378 0.81554
vn 0.54784 -0.00039 0.83658
vn 0.51606 -0.00526 0.85654
vn 0.48349 -0.01020 0.87529
vn 0.45031 -0.01462 0.89275
vn 0.41678 -0.01797 0.90883
vn 0.38334 -0.01984 0.92340
vn 0.35082 -0.01993 0.93623
vn 0.32089 -0.01813 0.94694
vn 0.29784 -0.01443 0.95451
vn 0.31870 -0.00851 0.94782
vn 0.33705 -0.00308 0.94148
vn -0.21577 -0.00093 0.97644
vn -0.20087 -0.00319 0.97961
vn -0.20208 -0.00612 0.97935
vn -0.22699 -0.00956 0.97385
vn -0.25505 -0.01425 0.96682
vn -0.28423 -0.02053 0.95854
vn -0.31393 -0.02854 0.94902
vn -0.34405 -0.03822 0.93817
vn -0.37473 -0.04938 0.92582
vn -0.40616 -0.06166 0.91172
vn -0.43850 -0.07463 0.89563
vn -0.47180 -0.08780 0.87732
vn -0.50593 -0.10068 0.85668
vn -0.54054 -0.11284 0.83372
vn -0.57510 -0.12398 0.80864
vn -0.60893 -0.13395 0.78183
vn -0.64132 -0.14277 0.75387
vn -0.67156 -0.15062 0.72548
vn -0.69908 -0.15782 0.69740
vn -0.72346 -0.16478 0.67041
vn -0.74442 -0.17194 0.64519
vn -0.76186 -0.17976 0.62230
vn -0.77575 -0.18864 0.60219
vn -0.78613 -0.19894 0.58517
vn -0.79307 -0.21094 0.57144
vn -0.79660 -0.22487 0.56113
vn -0.79671 -0.24084 0.55430
vn -0.79334 -0.25891 0.55098
vn -0.78635 -0.27903 0.55117
vn -0.77553 -0.30109 0.55488
vn -0.76060 -0.32486 0.56210
vn -0.74118 -0.35001 0.57284
vn -0.71685 -0.37610 0.58709
vn -0.68709 -0.40258 0.60485
vn -0.65131 -0.42875 0.62607
vn -0.60884 -0.45381 0.65067
vn -0.55892 -0.47680 0.67843
vn -0.50071 -0.49664 0.70897
vn -0.43339 -0.51207 0.74159
vn -0.35623 -0.52174 0.77517
vn -0.26885 -0.52421 0.80804
vn -0.17157 -0.51815 0.83790
vn -0.06584 -0.50261 0.86200
vn 0.04552 -0.47738 0.87751
vn 0.15837 -0.44335 0.88225
vn 0.26785 -0.40257 0.87533
vn 0.36944 -0.35794 0.85755
vn 0.45984 -0.31262 0.83115
vn 0.53742 -0.26931 0.79916
vn 0.60211 -0.22991 0.76459
vn 0.65490 -0.19538 0.73002
vn 0.69729 -0.16598 0.69731
vn 0.73089 -0.14140 0.66769
vn 0.75719 -0.12109 0.64187
vn 0.77747 -0.10432 0.62021
vn 0.79274 -0.09039 0.60283
vn 0.80377 -0.07860 0.58972
vn 0.81115 -0.06838 0.58083
vn 0.81528 -0.05920 0.57603
vn 0.81642 -0.05067 0.57524
vn 0.81470 -0.04249 0.57832
vn 0.81019 -0.03445 0.58516
vn 0.80284 -0.02645 0.59561
vn 0.79259 -0.01847 0.60948
vn 0.77932 -0.01060 0.62654
vn 0.76295 -0.00300 0.64645
vn 0.74343 0.00406 0.66881
vn 0.72079 0.01029 0.69308
vn 0.69519 0.01536 0.71867
vn 0.66692 0.01897 0.74489
vn 0.63643 0.02088 0.77105
vn 0.60426 0.02097 0.79651
vn 0.57103 0.01927 0.82070
vn 0.53735 0.01599 0.84320
vn 0.50377 0.01149 0.86376
vn 0.47073 0.00626 0.88226
vn 0.43855 0.00087 0.89871
vn 0.40748 -0.00410 0.91321
vn 0.37780 -0.00811 0.92585
vn 0.35002 -0.01068 0.93668
vn 0.32543 -0.01150 0.94550
vn 0.30800 -0.01034 0.95133
vn 0.33636 -0.00677 0.94171
vn 0.36099 -0.00278 0.93256
vn -0.22344 -0.00071 0.97472
vn -0.20733 -0.00195 0.97827
vn -0.20706 -0.00270 0.97832
vn -0.23419 -0.00327 0.97219
vn -0.26624 -0.00466 0.96390
vn -0.30046 -0.00753 0.95377
vn -0.33565 -0.01233 0.94191
vn -0.37115 -0.01934 0.92837
vn -0.40657 -0.02861 0.91317
vn -0.44171 -0.03999 0.89627
vn -0.47644 -0.05316 0.87760
vn -0.51070 -0.06763 0.85710
vn -0.54436 -0.08280 0.83476
vn -0.57725 -0.09806 0.81066
vn -0.60915 -0.11280 0.78499
vn -0.63975 -0.12654 0.75809
vn -0.66870 -0.13892 0.73044
vn -0.69566 -0.14978 0.70259
vn -0.72030 -0.15915 0.67516
vn -0.74238 -0.16721 0.64878
vn -0.76170 -0.17429 0.62404
vn -0.77817 -0.18081 0.60146
vn -0.79174 -0.18721 0.58146
vn -0.80239 -0.19396 0.56441
vn -0.81011 -0.20151 0.55056
vn -0.81490 -0.21025 0.54013
vn -0.81668 -0.22054 0.53329
vn -0.81534 -0.23267 0.53018
vn -0.81064 -0.24687 0.53096
vn -0.80225 -0.26332 0.53579
vn -0.78969 -0.28208 0.54482
vn -0.77232 -0.30315 0.55824
vn -0.74930 -0.32638 0.57622
vn -0.71959 -0.35145 0.59890
vn -0.68190 -0.37781 0.62632
vn -0.63475 -0.40461 0.65832
vn -0.57651 -0.43060 0.69442
vn -0.50560 -0.45407 0.73362
vn -0.42079 -0.47281 0.77420
vn -0.32176 -0.48426 0.81361
vn -0.20964 -0.48583 0.84854
vn -0.08758 -0.47547 0.87536
vn 0.03929 -0.45244 0.89093
vn 0.16462 -0.41776 0.89352
vn 0.28224 -0.37412 0.88339
vn 0.38752 -0.32529 0.86256
vn 0.47806 -0.27509 0.83414
vn 0.55354 -0.22674 0.80136
vn 0.61507 -0.18249 0.76706
vn 0.66453 -0.14362 0.73333
vn 0.70394 -0.11063 0.70159
vn 0.73518 -0.08347 0.67271
vn 0.75985 -0.06176 0.64716
vn 0.77922 -0.04489 0.62515
vn 0.79423 -0.03217 0.60676
vn 0.80561 -0.02289 0.59200
vn 0.81386 -0.01633 0.58083
vn 0.81932 -0.01183 0.57322
vn 0.82219 -0.00879 0.56914
vn 0.82260 -0.00668 0.56858
vn 0.82056 -0.00504 0.57154
vn 0.81602 -0.00352 0.57801
vn 0.80887 -0.00182 0.58798
vn 0.79894 0.00025 0.60141
vn 0.78603 0.00280 0.61818
vn 0.76991 0.00584 0.63813
vn 0.75039 0.00930 0.66094
vn 0.72734 0.01299 0.68615
vn 0.70077 0.01667 0.71319
vn 0.67087 0.02003 0.74130
vn 0.63806 0.02272 0.76965
vn 0.60298 0.02443 0.79738
vn 0.56650 0.02490 0.82369
vn 0.52958 0.02401 0.84792
vn 0.49318 0.02179 0.86965
vn 0.45817 0.01840 0.88867
vn 0.42520 0.01418 0.90499
vn 0.39474 0.00955 0.91874
vn 0.36708 0.00502 0.93018
vn 0.34263 0.00106 0.93947
vn 0.32243 -0.00188 0.94659
vn 0.31020 -0.00342 0.95067
vn 0.34543 -0.00316 0.93844
vn 0.37814 -0.00176 0.92575
vn -0.23010 -0.00082 0.97317
vn -0.21036 -0.00185 0.97762
vn -0.20603 -0.00168 0.97854
vn -0.23336 -0.00055 0.97239
vn -0.26806 0.00043 0.96340
vn -0.30680 0.00044 0.95177
vn -0.34777 -0.00121 0.93758
vn -0.38965 -0.00508 0.92095
vn -0.43138 -0.01149 0.90210
vn -0.47217 -0.02054 0.88127
vn -0.51141 -0.03211 0.85873
vn -0.54871 -0.04586 0.83475
vn -0.58380 -0.06128 0.80958
vn -0.61654 -0.07772 0.78348
vn -0.64686 -0.09450 0.75673
vn -0.67474 -0.11095 0.72966
vn -0.70022 -0.12646 0.70264
vn -0.72331 -0.14057 0.67606
vn -0.74408 -0.15300 0.65034
vn -0.76255 -0.16363 0.62590
vn -0.77876 -0.17252 0.60313
vn -0.79274 -0.17987 0.58241
vn -0.80450 -0.18601 0.56407
vn -0.81403 -0.19134 0.54841
vn -0.82129 -0.19630 0.53568
vn -0.82622 -0.20137 0.52612
vn -0.82872 -0.20699 0.51998
vn -0.82859 -0.21363 0.51750
vn -0.82556 -0.22167 0.51895
vn -0.81925 -0.23151 0.52463
vn -0.80908 -0.24347 0.53490
vn -0.79425 -0.25783 0.55018
vn -0.77367 -0.27476 0.57091
vn -0.74588 -0.29432 0.59753
vn -0.70891 -0.31634 0.63038
vn -0.66027 -0.34030 0.66950
vn -0.59701 -0.36511 0.71433
vn -0.51600 -0.38890 0.76322
vn -0.41475 -0.40882 0.81293
vn -0.29283 -0.42114 0.85842
vn -0.15353 -0.42204 0.89348
vn -0.00459 -0.40893 0.91256
vn 0.14325 -0.38176 0.91309
vn 0.27967 -0.34325 0.89664
vn 0.39785 -0.29773 0.86780
vn 0.49539 -0.24957 0.83205
vn 0.57327 -0.20217 0.79403
vn 0.63418 -0.15778 0.75692
vn 0.68128 -0.11767 0.72251
vn 0.71752 -0.08245 0.69164
vn 0.74537 -0.05233 0.66459
vn 0.76680 -0.02728 0.64131
vn 0.78329 -0.00709 0.62161
vn 0.79597 0.00853 0.60528
vn 0.80562 0.01997 0.59210
vn 0.81279 0.02769 0.58190
vn 0.81782 0.03219 0.57457
vn 0.82092 0.03400 0.57003
vn 0.82217 0.03367 0.56825
vn 0.82155 0.03175 0.56926
vn 0.81898 0.02878 0.57310
vn 0.81433 0.02524 0.57986
vn 0.80741 0.02158 0.58960
vn 0.79799 0.01819 0.60240
vn 0.78580 0.01538 0.61828
vn 0.77057 0.01338 0.63721
vn 0.75200 0.01234 0.65904
vn 0.72986 0.01230 0.68349
vn 0.70397 0.01322 0.71011
vn 0.67436 0.01492 0.73825
vn 0.64125 0.01715 0.76714
vn 0.60519 0.01957 0.79584
vn 0.56698 0.02178 0.82345
vn 0.52771 0.02341 0.84910
vn 0.48859 0.02415 0.87218
vn 0.45085 0.02380 0.89228
vn 0.41556 0.02229 0.90929
vn 0.38354 0.01973 0.92331
vn 0.35539 0.01635 0.93457
vn 0.33165 0.01248 0.94332
vn 0.31335 0.00851 0.94960
vn 0.30410 0.00483 0.95263
vn 0.34323 0.00160 0.93925
vn 0.38382 -0.00018 0.92341
vn -0.23796 -0.00100 0.97128
vn -0.21350 -0.00238 0.97694
vn -0.20321 -0.00254 0.97913
vn -0.22871 -0.00128 0.97349
vn -0.26413 0.00047 0.96449
vn -0.30582 0.00194 0.95209
vn -0.35155 0.00238 0.93617
vn -0.39938 0.00113 0.91678
vn -0.44758 -0.00234 0.89424
vn -0.49464 -0.00837 0.86906
vn -0.53937 -0.01706 0.84190
vn -0.58093 -0.02827 0.81346
vn -0.61882 -0.04169 0.78442
vn -0.65284 -0.05684 0.75536
vn -0.68301 -0.07311 0.72675
vn -0.70949 -0.08987 0.69896
vn -0.73257 -0.10649 0.67231
vn -0.75256 -0.12239 0.64705
vn -0.76981 -0.13708 0.62337
vn -0.78464 -0.15019 0.60148
vn -0.79731 -0.16152 0.58155
vn -0.80805 -0.17098 0.56376
vn -0.81701 -0.17862 0.54827
vn -0.82426 -0.18463 0.53526
vn -0.82984 -0.18929 0.52492
vn -0.83367 -0.19295 0.51746
vn -0.83563 -0.19603 0.51312
vn -0.83552 -0.19894 0.51218
vn -0.83303 -0.20217 0.51497
vn -0.82771 -0.20616 0.52192
vn -0.81895 -0.21137 0.53351
vn -0.80591 -0.21822 0.55036
vn -0.78734 -0.22712 0.57315
vn -0.76156 -0.23839 0.60266
vn -0.72617 -0.25220 0.63959
vn -0.67791 -0.26847 0.68437
vn -0.61255 -0.28661 0.73664
vn -0.52519 -0.30517 0.79439
vn -0.41147 -0.32145 0.85285
vn -0.27021 -0.33151 0.90393
vn -0.10687 -0.33105 0.93754
vn 0.06523 -0.31742 0.94604
vn 0.22912 -0.29141 0.92876
vn 0.37152 -0.25673 0.89222
vn 0.48689 -0.21794 0.84584
vn 0.57621 -0.17863 0.79754
vn 0.64361 -0.14095 0.75226
vn 0.69383 -0.10597 0.71230
vn 0.73101 -0.07411 0.67833
vn 0.75843 -0.04552 0.65016
vn 0.77854 -0.02026 0.62726
vn 0.79317 0.00165 0.60900
vn 0.80365 0.02018 0.59476
vn 0.81099 0.03530 0.58400
vn 0.81589 0.04704 0.57629
vn 0.81889 0.05546 0.57127
vn 0.82032 0.06068 0.56867
vn 0.82039 0.06294 0.56833
vn 0.81918 0.06254 0.57011
vn 0.81668 0.05985 0.57399
vn 0.81277 0.05532 0.57995
vn 0.80730 0.04944 0.58806
vn 0.80005 0.04273 0.59841
vn 0.79076 0.03570 0.61109
vn 0.77913 0.02883 0.62620
vn 0.76485 0.02257 0.64382
vn 0.74759 0.01728 0.66393
vn 0.72705 0.01325 0.68645
vn 0.70298 0.01066 0.71113
vn 0.67521 0.00959 0.73756
vn 0.64377 0.00996 0.76516
vn 0.60892 0.01158 0.79315
vn 0.57123 0.01411 0.82067
vn 0.53157 0.01711 0.84684
vn 0.49111 0.02008 0.87087
vn 0.45115 0.02255 0.89217
vn 0.41302 0.02407 0.91040
vn 0.37795 0.02436 0.92550
vn 0.34696 0.02326 0.93759
vn 0.32095 0.02078 0.94687
vn 0.30123 0.01708 0.95340
vn 0.29143 0.01235 0.95651
vn 0.32953 0.00638 0.94413
vn 0.37562 0.00161 0.92677
vn -0.24684 -0.00099 0.96906
vn -0.21882 -0.00276 0.97576
vn -0.20262 -0.00403 0.97925
vn -0.22529 -0.00402 0.97428
vn -0.25973 -0.00326 0.96568
vn -0.30234 -0.00221 0.95320
vn -0.35081 -0.00141 0.93645
vn -0.40287 -0.00144 0.91525
vn -0.45625 -0.00285 0.88985
vn -0.50879 -0.00610 0.86087
vn -0.55867 -0.01149 0.82931
vn -0.60457 -0.01911 0.79632
vn -0.64572 -0.02889 0.76303
vn -0.68180 -0.04058 0.73041
vn -0.71287 -0.05382 0.69923
vn -0.73923 -0.06818 0.66999
vn -0.76132 -0.08316 0.64302
vn -0.77964 -0.09826 0.61847
vn -0.79468 -0.11301 0.59642
vn -0.80692 -0.12694 0.57686
vn -0.81678 -0.13970 0.55978
vn -0.82463 -0.15097 0.54516
vn -0.83073 -0.16057 0.53301
vn -0.83531 -0.16838 0.52336
vn -0.83846 -0.17441 0.51630
vn -0.84021 -0.17877 0.51195
vn -0.84047 -0.18164 0.51051
vn -0.83907 -0.18330 0.51222
vn -0.83569 -0.18407 0.51743
vn -0.82990 -0.18433 0.52658
vn -0.82103 -0.18451 0.54024
vn -0.80819 -0.18502 0.55910
vn -0.79009 -0.18632 0.58399
vn -0.76489 -0.18879 0.61587
vn -0.72999 -0.19279 0.65570
vn -0.68169 -0.19850 0.70420
vn -0.61502 -0.20576 0.76119
vn -0.52389 -0.21382 0.82451
vn -0.40247 -0.22096 0.88837
vn -0.24887 -0.22437 0.94219
vn -0.07014 -0.22090 0.97277
vn 0.11602 -0.20880 0.97105
vn 0.28823 -0.18904 0.93871
vn 0.43201 -0.16466 0.88671
vn 0.54372 -0.13871 0.82772
vn 0.62697 -0.11318 0.77078
vn 0.68780 -0.08897 0.72043
vn 0.73189 -0.06631 0.67818
vn 0.76373 -0.04518 0.64395
vn 0.78656 -0.02550 0.61698
vn 0.80270 -0.00722 0.59634
vn 0.81376 0.00962 0.58112
vn 0.82092 0.02489 0.57050
vn 0.82503 0.03842 0.56379
vn 0.82672 0.04999 0.56039
vn 0.82648 0.05938 0.55982
vn 0.82468 0.06640 0.56169
vn 0.82158 0.07091 0.56566
vn 0.81736 0.07288 0.57150
vn 0.81210 0.07235 0.57901
vn 0.80582 0.06950 0.58807
vn 0.79842 0.06462 0.59863
vn 0.78976 0.05810 0.61065
vn 0.77964 0.05042 0.62420
vn 0.76778 0.04210 0.63933
vn 0.75389 0.03369 0.65614
vn 0.73765 0.02572 0.67470
vn 0.71873 0.01869 0.69504
vn 0.69682 0.01298 0.71713
vn 0.67166 0.00891 0.74080
vn 0.64310 0.00665 0.76576
vn 0.61111 0.00620 0.79152
vn 0.57594 0.00743 0.81746
vn 0.53806 0.01002 0.84285
vn 0.49829 0.01350 0.86691
vn 0.45771 0.01732 0.88893
vn 0.41760 0.02084 0.90839
vn 0.37933 0.02348 0.92496
vn 0.34428 0.02474 0.93854
vn 0.31379 0.02425 0.94918
vn 0.28957 0.02180 0.95691
vn 0.27543 0.01729 0.96117
vn 0.30673 0.01000 0.95174
vn 0.35395 0.00317 0.93526
vn -0.25447 -0.00061 0.96708
vn -0.22616 -0.00234 0.97409
vn -0.20662 -0.00472 0.97841
vn -0.22717 -0.00667 0.97383
vn -0.26004 -0.00818 0.96556
vn -0.30196 -0.00923 0.95328
vn -0.35088 -0.00995 0.93637
vn -0.40462 -0.01059 0.91442
vn -0.46073 -0.01152 0.88747
vn -0.51666 -0.01311 0.85609
vn -0.57014 -0.01576 0.82139
vn -0.61940 -0.01973 0.78482
vn -0.66335 -0.02520 0.74788
vn -0.70153 -0.03223 0.71191
vn -0.73396 -0.04073 0.67797
vn -0.76101 -0.05055 0.64677
vn -0.78320 -0.06144 0.61873
vn -0.80113 -0.07311 0.59401
vn -0.81537 -0.08524 0.57263
vn -0.82645 -0.09745 0.55451
vn -0.83485 -0.10940 0.53950
vn -0.84095 -0.12072 0.52748
vn -0.84508 -0.13108 0.51832
vn -0.84749 -0.14021 0.51195
vn -0.84836 -0.14786 0.50835
vn -0.84777 -0.15386 0.50756
vn -0.84571 -0.15812 0.50968
vn -0.84205 -0.16063 0.51492
vn -0.83654 -0.16145 0.52358
vn -0.82874 -0.16071 0.53605
vn -0.81802 -0.15863 0.55289
vn -0.80342 -0.15546 0.57476
vn -0.78360 -0.15150 0.60251
vn -0.75665 -0.14706 0.63707
vn -0.71982 -0.14245 0.67939
vn -0.66927 -0.13791 0.73011
vn -0.59981 -0.13355 0.78892
vn -0.50516 -0.12924 0.85329
vn -0.37946 -0.12449 0.91680
vn -0.22117 -0.11847 0.96801
vn -0.03841 -0.11039 0.99315
vn 0.14982 -0.10009 0.98363
vn 0.32160 -0.08833 0.94275
vn 0.46303 -0.07625 0.88306
vn 0.57154 -0.06465 0.81802
vn 0.65157 -0.05379 0.75668
vn 0.70956 -0.04357 0.70330
vn 0.75131 -0.03374 0.65908
vn 0.78128 -0.02404 0.62372
vn 0.80262 -0.01430 0.59632
vn 0.81753 -0.00443 0.57587
vn 0.82753 0.00558 0.56140
vn 0.83365 0.01562 0.55207
vn 0.83664 0.02553 0.54716
vn 0.83701 0.03506 0.54606
vn 0.83517 0.04394 0.54823
vn 0.83143 0.05182 0.55320
vn 0.82606 0.05838 0.56056
vn 0.81926 0.06330 0.56992
vn 0.81122 0.06632 0.58097
vn 0.80208 0.06728 0.59342
vn 0.79192 0.06613 0.60703
vn 0.78078 0.06295 0.62163
vn 0.76861 0.05796 0.63709
vn 0.75529 0.05152 0.65336
vn 0.74064 0.04408 0.67046
vn 0.72441 0.03617 0.68841
vn 0.70633 0.02834 0.70732
vn 0.68606 0.02112 0.72724
vn 0.66330 0.01500 0.74820
vn 0.63775 0.01035 0.77017
vn 0.60920 0.00742 0.79298
vn 0.57755 0.00631 0.81633
vn 0.54291 0.00694 0.83976
vn 0.50562 0.00904 0.86271
vn 0.46631 0.01219 0.88454
vn 0.42593 0.01581 0.90462
vn 0.38568 0.01925 0.92243
vn 0.34696 0.02182 0.93763
vn 0.31139 0.02291 0.95000
vn 0.28102 0.02198 0.95945
vn 0.25977 0.01856 0.96549
vn 0.27944 0.01154 0.96009
vn 0.32229 0.00410 0.94663
vn -0.25769 0.00012 0.96623
vn -0.23338 -0.00089 0.97238
vn -0.21515 -0.00372 0.97657
vn -0.23599 -0.00746 0.97173
vn -0.26823 -0.01155 0.96329
vn -0.30900 -0.01554 0.95094
vn -0.35672 -0.01906 0.93402
vn -0.40961 -0.02192 0.91200
vn -0.46549 -0.02407 0.88473
vn -0.52191 -0.02564 0.85262
vn -0.57647 -0.02690 0.81668
vn -0.62718 -0.02818 0.77836
vn -0.67269 -0.02983 0.73932
vn -0.71233 -0.03215 0.70111
vn -0.74600 -0.03538 0.66501
vn -0.77401 -0.03965 0.63193
vn -0.79688 -0.04501 0.60245
vn -0.81524 -0.05141 0.57683
vn -0.82968 -0.05875 0.55513
vn -0.84075 -0.06685 0.53728
vn -0.84890 -0.07549 0.52313
vn -0.85452 -0.08441 0.51252
vn -0.85789 -0.09332 0.50529
vn -0.85924 -0.10189 0.50132
vn -0.85873 -0.10981 0.50052
vn -0.85642 -0.11677 0.50290
vn -0.85230 -0.12247 0.50851
vn -0.84627 -0.12664 0.51749
vn -0.83807 -0.12906 0.53008
vn -0.82729 -0.12956 0.54663
vn -0.81330 -0.12803 0.56759
vn -0.79512 -0.12443 0.59356
vn -0.77136 -0.11875 0.62522
vn -0.74004 -0.11106 0.66333
vn -0.69837 -0.10147 0.70851
vn -0.64253 -0.09013 0.76094
vn -0.56761 -0.07727 0.81967
vn -0.46808 -0.06322 0.88142
vn -0.33953 -0.04858 0.93934
vn -0.18221 -0.03428 0.98266
vn -0.00504 -0.02165 0.99975
vn 0.17455 -0.01196 0.98458
vn 0.33776 -0.00584 0.94122
vn 0.47296 -0.00300 0.88108
vn 0.57791 -0.00257 0.81610
vn 0.65634 -0.00349 0.75446
vn 0.71388 -0.00490 0.70025
vn 0.75577 -0.00613 0.65481
vn 0.78614 -0.00675 0.61801
vn 0.80799 -0.00647 0.58916
vn 0.82345 -0.00513 0.56737
vn 0.83398 -0.00265 0.55179
vn 0.84059 0.00095 0.54166
vn 0.84397 0.00561 0.53635
vn 0.84459 0.01119 0.53530
vn 0.84276 0.01747 0.53800
vn 0.83872 0.02419 0.54403
vn 0.83264 0.03103 0.55295
vn 0.82467 0.03762 0.56436
vn 0.81498 0.04356 0.57785
vn 0.80373 0.04848 0.59302
vn 0.79109 0.05203 0.60948
vn 0.77724 0.05394 0.62689
vn 0.76234 0.05407 0.64491
vn 0.74650 0.05240 0.66332
vn 0.72975 0.04907 0.68195
vn 0.71207 0.04437 0.70070
vn 0.69331 0.03870 0.71960
vn 0.67326 0.03253 0.73869
vn 0.65163 0.02637 0.75808
vn 0.62807 0.02072 0.77788
vn 0.60225 0.01601 0.79814
vn 0.57386 0.01255 0.81886
vn 0.54268 0.01055 0.83987
vn 0.50865 0.01001 0.86092
vn 0.47193 0.01079 0.88157
vn 0.43298 0.01256 0.90132
vn 0.39259 0.01483 0.91960
vn 0.35188 0.01702 0.93589
vn 0.31240 0.01845 0.94977
vn 0.27624 0.01845 0.96091
vn 0.24724 0.01632 0.96882
vn 0.25317 0.01076 0.96736
vn 0.28671 0.00418 0.95801
vn -0.25423 0.00094 0.96714
vn -0.23764 0.00121 0.97135
vn -0.22596 -0.00110 0.97414
vn -0.25037 -0.00568 0.96813
vn -0.28413 -0.01163 0.95871
vn -0.32469 -0.01819 0.94565
vn -0.37083 -0.02464 0.92837
vn -0.42132 -0.03036 0.90640
vn -0.47453 -0.03488 0.87955
vn -0.52852 -0.03794 0.84807
vn -0.58127 -0.03949 0.81275
vn -0.63093 -0.03973 0.77482
vn -0.67611 -0.03901 0.73577
vn -0.71597 -0.03777 0.69711
vn -0.75021 -0.03646 0.66019
vn -0.77897 -0.03547 0.62606
vn -0.80265 -0.03512 0.59541
vn -0.82179 -0.03564 0.56868
vn -0.83694 -0.03714 0.54604
vn -0.84862 -0.03968 0.52751
vn -0.85728 -0.04321 0.51303
vn -0.86327 -0.04764 0.50249
vn -0.86685 -0.05282 0.49576
vn -0.86819 -0.05852 0.49276
vn -0.86739 -0.06451 0.49344
vn -0.86443 -0.07049 0.49778
vn -0.85925 -0.07614 0.50586
vn -0.85164 -0.08111 0.51782
vn -0.84128 -0.08503 0.53387
vn -0.82769 -0.08753 0.55432
vn -0.81013 -0.08824 0.57957
vn -0.78757 -0.08680 0.61008
vn -0.75853 -0.08288 0.64635
vn -0.72095 -0.07623 0.68878
vn -0.67205 -0.06663 0.73751
vn -0.60821 -0.05402 0.79193
vn -0.52523 -0.03859 0.85009
vn -0.41902 -0.02089 0.90774
vn -0.28755 -0.00211 0.95776
vn -0.13359 0.01586 0.99091
vn 0.03329 0.03075 0.99897
vn 0.19847 0.04064 0.97926
vn 0.34786 0.04479 0.93648
vn 0.47311 0.04378 0.87992
vn 0.57256 0.03891 0.81894
vn 0.64888 0.03167 0.76023
vn 0.70638 0.02332 0.70745
vn 0.74928 0.01481 0.66209
vn 0.78109 0.00680 0.62438
vn 0.80450 -0.00023 0.59395
vn 0.82149 -0.00598 0.57019
vn 0.83347 -0.01024 0.55246
vn 0.84145 -0.01289 0.54018
vn 0.84612 -0.01388 0.53282
vn 0.84794 -0.01320 0.52993
vn 0.84722 -0.01092 0.53113
vn 0.84415 -0.00715 0.53607
vn 0.83883 -0.00208 0.54439
vn 0.83133 0.00405 0.55576
vn 0.82170 0.01091 0.56981
vn 0.81001 0.01812 0.58613
vn 0.79636 0.02524 0.60429
vn 0.78091 0.03182 0.62383
vn 0.76388 0.03742 0.64427
vn 0.74550 0.04168 0.66520
vn 0.72603 0.04430 0.68623
vn 0.70569 0.04518 0.70707
vn 0.68462 0.04433 0.72756
vn 0.66283 0.04193 0.74760
vn 0.64023 0.03831 0.76723
vn 0.61660 0.03388 0.78655
vn 0.59161 0.02910 0.80570
vn 0.56488 0.02444 0.82481
vn 0.53603 0.02030 0.84395
vn 0.50473 0.01698 0.86311
vn 0.47076 0.01467 0.88214
vn 0.43415 0.01337 0.90074
vn 0.39521 0.01295 0.91850
vn 0.35461 0.01309 0.93492
vn 0.31350 0.01334 0.94949
vn 0.27371 0.01314 0.96172
vn 0.23870 0.01179 0.97102
vn 0.23258 0.00813 0.97254
vn 0.25436 0.00346 0.96710
vn -0.24416 0.00152 0.96973
vn -0.23692 0.00313 0.97152
vn -0.23585 0.00211 0.97179
vn -0.26669 -0.00207 0.96378
vn -0.30440 -0.00840 0.95251
vn -0.34651 -0.01610 0.93791
vn -0.39200 -0.02434 0.91964
vn -0.44000 -0.03226 0.89742
vn -0.48948 -0.03911 0.87114
vn -0.53922 -0.04426 0.84100
vn -0.58785 -0.04733 0.80758
vn -0.63407 -0.04822 0.77177
vn -0.67677 -0.04706 0.73469
vn -0.71514 -0.04421 0.69758
vn -0.74876 -0.04014 0.66162
vn -0.77756 -0.03539 0.62781
vn -0.80171 -0.03046 0.59694
vn -0.82156 -0.02578 0.56954
vn -0.83754 -0.02171 0.54595
vn -0.85008 -0.01850 0.52633
vn -0.85957 -0.01632 0.51076
vn -0.86634 -0.01526 0.49922
vn -0.87063 -0.01531 0.49170
vn -0.87258 -0.01644 0.48819
vn -0.87225 -0.01855 0.48871
vn -0.86958 -0.02146 0.49332
vn -0.86442 -0.02498 0.50215
vn -0.85647 -0.02884 0.51540
vn -0.84527 -0.03272 0.53334
vn -0.83018 -0.03627 0.55631
vn -0.81030 -0.03906 0.58472
vn -0.78437 -0.04064 0.61896
vn -0.75071 -0.04051 0.65939
vn -0.70708 -0.03816 0.70611
vn -0.65062 -0.03312 0.75868
vn -0.57797 -0.02503 0.81568
vn -0.48570 -0.01380 0.87401
vn -0.37150 0.00018 0.92843
vn -0.23595 0.01584 0.97164
vn -0.08436 0.03137 0.99594
vn 0.07312 0.04463 0.99632
vn 0.22434 0.05380 0.97302
vn 0.35938 0.05797 0.93139
vn 0.47312 0.05727 0.87913
vn 0.56505 0.05251 0.82339
vn 0.63743 0.04475 0.76921
vn 0.69356 0.03506 0.71954
vn 0.73671 0.02434 0.67577
vn 0.76968 0.01335 0.63829
vn 0.79469 0.00270 0.60701
vn 0.81344 -0.00715 0.58160
vn 0.82721 -0.01583 0.56167
vn 0.83694 -0.02306 0.54680
vn 0.84332 -0.02861 0.53664
vn 0.84683 -0.03235 0.53088
vn 0.84779 -0.03417 0.52923
vn 0.84639 -0.03404 0.53148
vn 0.84273 -0.03197 0.53739
vn 0.83683 -0.02804 0.54674
vn 0.82867 -0.02239 0.55929
vn 0.81819 -0.01527 0.57474
vn 0.80536 -0.00699 0.59274
vn 0.79018 0.00202 0.61288
vn 0.77272 0.01130 0.63465
vn 0.75314 0.02029 0.65755
vn 0.73171 0.02845 0.68102
vn 0.70874 0.03527 0.70459
vn 0.68459 0.04036 0.72781
vn 0.65957 0.04347 0.75038
vn 0.63391 0.04451 0.77212
vn 0.60770 0.04360 0.79297
vn 0.58087 0.04101 0.81296
vn 0.55320 0.03714 0.83222
vn 0.52436 0.03246 0.85088
vn 0.49395 0.02745 0.86906
vn 0.46159 0.02258 0.88680
vn 0.42703 0.01820 0.90406
vn 0.39017 0.01456 0.92063
vn 0.35126 0.01175 0.93620
vn 0.31096 0.00969 0.95037
vn 0.27059 0.00815 0.96266
vn 0.23308 0.00671 0.97243
vn 0.21992 0.00464 0.97551
vn 0.23101 0.00221 0.97295
vn -0.23050 0.00155 0.97307
vn -0.23129 0.00395 0.97288
vn -0.24211 0.00438 0.97024
vn -0.28067 0.00165 0.95980
vn -0.32391 -0.00346 0.94608
vn -0.36928 -0.01038 0.92926
vn -0.41565 -0.01840 0.90934
vn -0.46230 -0.02675 0.88632
vn -0.50860 -0.03459 0.86031
vn -0.55392 -0.04117 0.83155
vn -0.59763 -0.04585 0.80046
vn -0.63908 -0.04824 0.76763
vn -0.67766 -0.04816 0.73379
vn -0.71290 -0.04569 0.69977
vn -0.74445 -0.04113 0.66641
vn -0.77213 -0.03490 0.63451
vn -0.79594 -0.02751 0.60475
vn -0.81601 -0.01951 0.57771
vn -0.83256 -0.01137 0.55381
vn -0.84588 -0.00354 0.53336
vn -0.85624 0.00364 0.51656
vn -0.86391 0.00990 0.50355
vn -0.86908 0.01505 0.49444
vn -0.87191 0.01897 0.48931
vn -0.87242 0.02162 0.48828
vn -0.87057 0.02299 0.49151
vn -0.86618 0.02313 0.49920
vn -0.85890 0.02213 0.51166
vn -0.84823 0.02014 0.52924
vn -0.83341 0.01736 0.55238
vn -0.81337 0.01402 0.58157
vn -0.78665 0.01045 0.61732
vn -0.75126 0.00702 0.65997
vn -0.70464 0.00419 0.70955
vn -0.64365 0.00244 0.76532
vn -0.56478 0.00230 0.82524
vn -0.46501 0.00419 0.88530
vn -0.34321 0.00828 0.93922
vn -0.20212 0.01431 0.97926
vn -0.04930 0.02146 0.99855
vn 0.10409 0.02851 0.99416
vn 0.24703 0.03422 0.96840
vn 0.37211 0.03766 0.92742
vn 0.47657 0.03840 0.87830
vn 0.56120 0.03642 0.82688
vn 0.62861 0.03196 0.77706
vn 0.68185 0.02543 0.73105
vn 0.72372 0.01732 0.68987
vn 0.75658 0.00811 0.65385
vn 0.78227 -0.00168 0.62294
vn 0.80219 -0.01158 0.59696
vn 0.81742 -0.02114 0.57565
vn 0.82879 -0.02996 0.55876
vn 0.83689 -0.03770 0.54607
vn 0.84218 -0.04406 0.53739
vn 0.84497 -0.04879 0.53258
vn 0.84548 -0.05171 0.53150
vn 0.84380 -0.05266 0.53407
vn 0.83996 -0.05158 0.54019
vn 0.83393 -0.04844 0.54975
vn 0.82559 -0.04328 0.56262
vn 0.81480 -0.03624 0.57861
vn 0.80143 -0.02755 0.59746
vn 0.78534 -0.01755 0.61882
vn 0.76647 -0.00669 0.64224
vn 0.74488 0.00449 0.66718
vn 0.72073 0.01534 0.69305
vn 0.69432 0.02524 0.71922
vn 0.66608 0.03357 0.74512
vn 0.63648 0.03985 0.77026
vn 0.60596 0.04374 0.79429
vn 0.57488 0.04514 0.81699
vn 0.54343 0.04416 0.83829
vn 0.51165 0.04110 0.85821
vn 0.47937 0.03641 0.87686
vn 0.44635 0.03067 0.89433
vn 0.41228 0.02447 0.91073
vn 0.37692 0.01837 0.92606
vn 0.34020 0.01286 0.94027
vn 0.30236 0.00828 0.95316
vn 0.26424 0.00485 0.96444
vn 0.22819 0.00257 0.97361
vn 0.21465 0.00137 0.97669
vn 0.21919 0.00087 0.97568
vn -0.21864 0.00087 0.97581
vn -0.22320 0.00304 0.97477
vn -0.24374 0.00437 0.96983
vn -0.28908 0.00353 0.95730
vn -0.33787 0.00081 0.94119
vn -0.38724 -0.00358 0.92197
vn -0.43579 -0.00929 0.90000
vn -0.48266 -0.01581 0.87566
vn -0.52737 -0.02252 0.84934
vn -0.56962 -0.02875 0.82141
vn -0.60926 -0.03386 0.79225
vn -0.64618 -0.03729 0.76227
vn -0.68033 -0.03864 0.73189
vn -0.71162 -0.03768 0.70155
vn -0.73999 -0.03439 0.67173
vn -0.76539 -0.02893 0.64291
vn -0.78779 -0.02160 0.61556
vn -0.80721 -0.01282 0.59013
vn -0.82371 -0.00308 0.56701
vn -0.83739 0.00716 0.54656
vn -0.84840 0.01741 0.52907
vn -0.85687 0.02729 0.51480
vn -0.86295 0.03644 0.50397
vn -0.86673 0.04459 0.49678
vn -0.86825 0.05153 0.49345
vn -0.86746 0.05710 0.49421
vn -0.86423 0.06120 0.49937
vn -0.85824 0.06376 0.50927
vn -0.84903 0.06475 0.52437
vn -0.83585 0.06416 0.54520
vn -0.81764 0.06201 0.57238
vn -0.79288 0.05833 0.60658
vn -0.75948 0.05321 0.64835
vn -0.71462 0.04677 0.69795
vn -0.65474 0.03919 0.75484
vn -0.57579 0.03080 0.81702
vn -0.47416 0.02205 0.88016
vn -0.34849 0.01362 0.93721
vn -0.20211 0.00629 0.97934
vn -0.04416 0.00078 0.99902
vn 0.11243 -0.00257 0.99366
vn 0.25578 -0.00396 0.96673
vn 0.37880 -0.00402 0.92547
vn 0.47982 -0.00354 0.87736
vn 0.56064 -0.00324 0.82805
vn 0.62457 -0.00367 0.78096
vn 0.67500 -0.00519 0.73780
vn 0.71487 -0.00795 0.69922
vn 0.74650 -0.01195 0.66528
vn 0.77167 -0.01707 0.63580
vn 0.79167 -0.02309 0.61052
vn 0.80746 -0.02969 0.58917
vn 0.81975 -0.03655 0.57155
vn 0.82907 -0.04329 0.55747
vn 0.83577 -0.04955 0.54683
vn 0.84015 -0.05500 0.53956
vn 0.84237 -0.05933 0.53562
vn 0.84255 -0.06227 0.53501
vn 0.84070 -0.06358 0.53776
vn 0.83680 -0.06311 0.54386
vn 0.83073 -0.06074 0.55335
vn 0.82234 -0.05641 0.56619
vn 0.81140 -0.05016 0.58233
vn 0.79767 -0.04210 0.60162
vn 0.78090 -0.03247 0.62382
vn 0.76087 -0.02162 0.64854
vn 0.73748 -0.01002 0.67530
vn 0.71074 0.00173 0.70345
vn 0.68087 0.01295 0.73229
vn 0.64829 0.02295 0.76105
vn 0.61356 0.03109 0.78904
vn 0.57737 0.03684 0.81565
vn 0.54040 0.03991 0.84046
vn 0.50325 0.04024 0.86320
vn 0.46633 0.03802 0.88379
vn 0.42986 0.03368 0.90227
vn 0.39386 0.02782 0.91875
vn 0.35824 0.02114 0.93339
vn 0.32290 0.01437 0.94632
vn 0.28788 0.00821 0.95763
vn 0.25367 0.00326 0.96729
vn 0.22221 0.00002 0.97500
vn 0.21443 -0.00096 0.97674
vn 0.21782 -0.00021 0.97599
vn -0.21448 -0.00036 0.97673
vn -0.21684 0.00043 0.97621
vn -0.24180 0.00162 0.97033
vn -0.29083 0.00235 0.95677
vn -0.34339 0.00239 0.93919
vn -0.39616 0.00150 0.91818
vn -0.44728 -0.00038 0.89440
vn -0.49559 -0.00316 0.86855
vn -0.54046 -0.00660 0.84134
vn -0.58163 -0.01032 0.81338
vn -0.61914 -0.01386 0.78516
vn -0.65316 -0.01676 0.75703
vn -0.68397 -0.01855 0.72928
vn -0.71182 -0.01884 0.70211
vn -0.73697 -0.01735 0.67570
vn -0.75959 -0.01393 0.65025
vn -0.77981 -0.00859 0.62596
vn -0.79771 -0.00146 0.60305
vn -0.81332 0.00719 0.58177
vn -0.82668 0.01702 0.56241
vn -0.83783 0.02761 0.54523
vn -0.84679 0.03855 0.53052
vn -0.85361 0.04941 0.51857
vn -0.85830 0.05980 0.50965
vn -0.86088 0.06940 0.50406
vn -0.86129 0.07790 0.50211
vn -0.85942 0.08507 0.50415
vn -0.85503 0.09070 0.51059
vn -0.84772 0.09460 0.52193
vn -0.83690 0.09662 0.53876
vn -0.82163 0.09659 0.56177
vn -0.80058 0.09432 0.59175
vn -0.77180 0.08962 0.62951
vn -0.73259 0.08224 0.67569
vn -0.67928 0.07195 0.73035
vn -0.60734 0.05856 0.79228
vn -0.51198 0.04213 0.85796
vn -0.39001 0.02319 0.92052
vn -0.24283 0.00305 0.97006
vn -0.07910 -0.01619 0.99674
vn 0.08653 -0.03233 0.99572
vn 0.23916 -0.04391 0.96999
vn 0.36946 -0.05071 0.92786
vn 0.47498 -0.05351 0.87837
vn 0.55795 -0.05347 0.82815
vn 0.62239 -0.05173 0.78100
vn 0.67236 -0.04926 0.73858
vn 0.71133 -0.04678 0.70130
vn 0.74195 -0.04482 0.66896
vn 0.76620 -0.04371 0.64111
vn 0.78552 -0.04362 0.61729
vn 0.80095 -0.04459 0.59707
vn 0.81320 -0.04654 0.58012
vn 0.82280 -0.04929 0.56620
vn 0.83009 -0.05259 0.55514
vn 0.83532 -0.05616 0.54689
vn 0.83863 -0.05965 0.54143
vn 0.84010 -0.06276 0.53880
vn 0.83974 -0.06516 0.53907
vn 0.83751 -0.06656 0.54235
vn 0.83331 -0.06672 0.54876
vn 0.82698 -0.06543 0.55840
vn 0.81830 -0.06255 0.57138
vn 0.80698 -0.05799 0.58772
vn 0.79269 -0.05176 0.60742
vn 0.77507 -0.04395 0.63035
vn 0.75377 -0.03476 0.65622
vn 0.72851 -0.02456 0.68459
vn 0.69916 -0.01379 0.71483
vn 0.66579 -0.00306 0.74613
vn 0.62877 0.00695 0.77756
vn 0.58874 0.01558 0.80817
vn 0.54663 0.02221 0.83708
vn 0.50349 0.02640 0.86359
vn 0.46043 0.02795 0.88726
vn 0.41837 0.02694 0.90788
vn 0.37803 0.02372 0.92549
vn 0.33986 0.01886 0.94029
vn 0.30407 0.01309 0.95256
vn 0.27081 0.00724 0.96261
vn 0.24049 0.00214 0.97065
vn 0.21496 -0.00139 0.97662
vn 0.21676 -0.00226 0.97622
vn 0.22363 -0.00087 0.97467
vn -0.22195 -0.00176 0.97506
vn -0.21650 -0.00316 0.97628
vn -0.23885 -0.00321 0.97105
vn -0.28711 -0.00175 0.95789
vn -0.34018 0.00053 0.94036
vn -0.39434 0.00312 0.91896
vn -0.44726 0.00555 0.89438
vn -0.49736 0.00748 0.86751
vn -0.54362 0.00874 0.83928
vn -0.58556 0.00928 0.81058
vn -0.62309 0.00923 0.78210
vn -0.65641 0.00882 0.75436
vn -0.68588 0.00835 0.72767
vn -0.71194 0.00820 0.70220
vn -0.73500 0.00871 0.67801
vn -0.75546 0.01022 0.65511
vn -0.77364 0.01296 0.63350
vn -0.78975 0.01711 0.61319
vn -0.80397 0.02269 0.59423
vn -0.81639 0.02964 0.57674
vn -0.82705 0.03779 0.56085
vn -0.83597 0.04685 0.54678
vn -0.84311 0.05652 0.53476
vn -0.84847 0.06642 0.52507
vn -0.85197 0.07619 0.51802
vn -0.85355 0.08546 0.51395
vn -0.85308 0.09390 0.51326
vn -0.85037 0.10118 0.51637
vn -0.84510 0.10702 0.52379
vn -0.83679 0.11113 0.53613
vn -0.82472 0.11323 0.55409
vn -0.80781 0.11300 0.57851
vn -0.78448 0.11008 0.61031
vn -0.75241 0.10401 0.65043
vn -0.70835 0.09427 0.69953
vn -0.64787 0.08026 0.75751
vn -0.56553 0.06143 0.82243
vn -0.45602 0.03763 0.88917
vn -0.31695 0.00967 0.94839
vn -0.15303 -0.02017 0.98802
vn 0.02201 -0.04828 0.99859
vn 0.18979 -0.07118 0.97924
vn 0.33584 -0.08701 0.93789
vn 0.45432 -0.09588 0.88566
vn 0.54645 -0.09904 0.83161
vn 0.61671 -0.09805 0.78106
vn 0.67006 -0.09430 0.73629
vn 0.71073 -0.08893 0.69783
vn 0.74196 -0.08281 0.66531
vn 0.76617 -0.07661 0.63806
vn 0.78507 -0.07085 0.61534
vn 0.79991 -0.06589 0.59649
vn 0.81156 -0.06198 0.58097
vn 0.82066 -0.05925 0.56834
vn 0.82761 -0.05771 0.55832
vn 0.83272 -0.05729 0.55072
vn 0.83615 -0.05782 0.54545
vn 0.83798 -0.05905 0.54249
vn 0.83823 -0.06071 0.54192
vn 0.83686 -0.06247 0.54385
vn 0.83375 -0.06402 0.54841
vn 0.82876 -0.06506 0.55580
vn 0.82167 -0.06530 0.56621
vn 0.81221 -0.06449 0.57979
vn 0.80002 -0.06244 0.59671
vn 0.78472 -0.05903 0.61703
vn 0.76585 -0.05420 0.64073
vn 0.74296 -0.04799 0.66761
vn 0.71564 -0.04058 0.69729
vn 0.68362 -0.03225 0.72913
vn 0.64685 -0.02343 0.76226
vn 0.60566 -0.01464 0.79559
vn 0.56080 -0.00651 0.82793
vn 0.51340 0.00038 0.85815
vn 0.46496 0.00551 0.88532
vn 0.41706 0.00857 0.90884
vn 0.37123 0.00950 0.92849
vn 0.32871 0.00851 0.94439
vn 0.29040 0.00605 0.95689
vn 0.25690 0.00278 0.96643
vn 0.22891 -0.00050 0.97345
vn 0.20854 -0.00288 0.97801
vn 0.22069 -0.00305 0.97534
vn 0.23332 -0.00119 0.97240
vn -0.24087 -0.00282 0.97055
vn -0.22455 -0.00645 0.97444
vn -0.23783 -0.00838 0.97127
vn -0.28073 -0.00722 0.95976
vn -0.33036 -0.00381 0.94385
vn -0.38286 0.00125 0.92381
vn -0.43567 0.00732 0.90008
vn -0.48679 0.01374 0.87341
vn -0.53474 0.01995 0.84478
vn -0.57859 0.02549 0.81522
vn -0.61787 0.03009 0.78570
vn -0.65256 0.03362 0.75699
vn -0.68289 0.03614 0.72962
vn -0.70926 0.03783 0.70393
vn -0.73213 0.03893 0.68005
vn -0.75199 0.03978 0.65798
vn -0.76925 0.04070 0.63765
vn -0.78430 0.04202 0.61896
vn -0.79743 0.04402 0.60181
vn -0.80886 0.04690 0.58613
vn -0.81874 0.05078 0.57192
vn -0.82716 0.05568 0.55921
vn -0.83414 0.06153 0.54811
vn -0.83967 0.06815 0.53880
vn -0.84369 0.07532 0.53153
vn -0.84610 0.08274 0.52657
vn -0.84677 0.09008 0.52428
vn -0.84550 0.09700 0.52509
vn -0.84203 0.10315 0.52948
vn -0.83597 0.10817 0.53802
vn -0.82674 0.11169 0.55139
vn -0.81351 0.11334 0.57040
vn -0.79506 0.11265 0.59597
vn -0.76958 0.10913 0.62916
vn -0.73442 0.10214 0.67097
vn -0.68582 0.09089 0.72207
vn -0.61867 0.07451 0.78211
vn -0.52681 0.05220 0.84838
vn -0.40463 0.02372 0.91417
vn -0.25101 -0.00975 0.96793
vn -0.07419 -0.04494 0.99623
vn 0.10763 -0.07713 0.99119
vn 0.27417 -0.10231 0.95622
vn 0.41278 -0.11892 0.90303
vn 0.52102 -0.12762 0.84395
vn 0.60275 -0.13009 0.78725
vn 0.66371 -0.12803 0.73695
vn 0.70918 -0.12288 0.69424
vn 0.74329 -0.11571 0.65889
vn 0.76906 -0.10737 0.63010
vn 0.78863 -0.09853 0.60692
vn 0.80353 -0.08973 0.58847
vn 0.81483 -0.08143 0.57396
vn 0.82331 -0.07400 0.56275
vn 0.82952 -0.06771 0.55436
vn 0.83385 -0.06277 0.54841
vn 0.83656 -0.05927 0.54466
vn 0.83780 -0.05719 0.54297
vn 0.83766 -0.05645 0.54327
vn 0.83611 -0.05684 0.54561
vn 0.83309 -0.05811 0.55007
vn 0.82847 -0.05997 0.55682
vn 0.82204 -0.06208 0.56604
vn 0.81355 -0.06411 0.57795
vn 0.80268 -0.06571 0.59278
vn 0.78904 -0.06660 0.61072
vn 0.77218 -0.06650 0.63191
vn 0.75161 -0.06522 0.65638
vn 0.72680 -0.06262 0.68399
vn 0.69728 -0.05867 0.71439
vn 0.66272 -0.05343 0.74696
vn 0.62304 -0.04711 0.78077
vn 0.57859 -0.04006 0.81463
vn 0.53022 -0.03272 0.84723
vn 0.47930 -0.02561 0.87728
vn 0.42766 -0.01927 0.90373
vn 0.37734 -0.01409 0.92597
vn 0.33032 -0.01033 0.94381
vn 0.28828 -0.00798 0.95751
vn 0.25259 -0.00680 0.96755
vn 0.22458 -0.00632 0.97444
vn 0.20697 -0.00584 0.97833
vn 0.22747 -0.00412 0.97378
vn 0.24541 -0.00144 0.96942
vn -0.26658 -0.00309 0.96381
vn -0.24007 -0.00812 0.97072
vn -0.24049 -0.01172 0.97058
vn -0.27482 -0.01153 0.96143
vn -0.31758 -0.00825 0.94820
vn -0.36511 -0.00229 0.93096
vn -0.41507 0.00580 0.90977
vn -0.46537 0.01530 0.88499
vn -0.51419 0.02543 0.85730
vn -0.56009 0.03542 0.82767
vn -0.60208 0.04462 0.79719
vn -0.63965 0.05254 0.76687
vn -0.67269 0.05892 0.73758
vn -0.70137 0.06365 0.70995
vn -0.72606 0.06678 0.68438
vn -0.74721 0.06851 0.66105
vn -0.76527 0.06911 0.63999
vn -0.78068 0.06890 0.62112
vn -0.79381 0.06825 0.60432
vn -0.80500 0.06751 0.58942
vn -0.81450 0.06701 0.57629
vn -0.82249 0.06703 0.56482
vn -0.82910 0.06777 0.55498
vn -0.83440 0.06935 0.54678
vn -0.83839 0.07180 0.54032
vn -0.84103 0.07505 0.53575
vn -0.84221 0.07894 0.53333
vn -0.84177 0.08326 0.53338
vn -0.83946 0.08770 0.53630
vn -0.83495 0.09194 0.54259
vn -0.82777 0.09560 0.55286
vn -0.81725 0.09827 0.56785
vn -0.80242 0.09948 0.58841
vn -0.78189 0.09871 0.61555
vn -0.75361 0.09533 0.65037
vn -0.71460 0.08857 0.69390
vn -0.66061 0.07751 0.74672
vn -0.58594 0.06107 0.80805
vn -0.48393 0.03832 0.87427
vn -0.34925 0.00903 0.93699
vn -0.18278 -0.02530 0.98283
vn 0.00331 -0.06084 0.99814
vn 0.18738 -0.09252 0.97792
vn 0.34914 -0.11660 0.92979
vn 0.47888 -0.13211 0.86789
vn 0.57727 -0.14007 0.80445
vn 0.64996 -0.14221 0.74655
vn 0.70327 -0.14013 0.69698
vn 0.74246 -0.13505 0.65613
vn 0.77144 -0.12789 0.62331
vn 0.79296 -0.11937 0.59747
vn 0.80890 -0.11006 0.57755
vn 0.82061 -0.10043 0.56259
vn 0.82902 -0.09095 0.55178
vn 0.83478 -0.08201 0.54443
vn 0.83839 -0.07398 0.54003
vn 0.84018 -0.06716 0.53813
vn 0.84040 -0.06179 0.53843
vn 0.83921 -0.05802 0.54070
vn 0.83668 -0.05591 0.54484
vn 0.83281 -0.05541 0.55078
vn 0.82754 -0.05637 0.55857
vn 0.82073 -0.05855 0.56831
vn 0.81217 -0.06166 0.58015
vn 0.80161 -0.06533 0.59427
vn 0.78868 -0.06917 0.61089
vn 0.77301 -0.07279 0.63021
vn 0.75412 -0.07579 0.65235
vn 0.73151 -0.07783 0.67737
vn 0.70468 -0.07858 0.70516
vn 0.67317 -0.07781 0.73538
vn 0.63669 -0.07537 0.76743
vn 0.59522 -0.07124 0.80040
vn 0.54918 -0.06554 0.83313
vn 0.49953 -0.05858 0.86431
vn 0.44780 -0.05078 0.89269
vn 0.39600 -0.04266 0.91726
vn 0.34638 -0.03476 0.93745
vn 0.30118 -0.02751 0.95317
vn 0.26251 -0.02117 0.96470
vn 0.23248 -0.01578 0.97247
vn 0.21474 -0.01108 0.97661
vn 0.24016 -0.00614 0.97071
vn 0.26093 -0.00191 0.96536
vn -0.29148 -0.00240 0.95657
vn -0.25878 -0.00731 0.96591
vn -0.24641 -0.01146 0.96910
vn -0.27142 -0.01219 0.96238
vn -0.30559 -0.00986 0.95211
vn -0.34576 -0.00452 0.93831
vn -0.39018 0.00358 0.92073
vn -0.43718 0.01396 0.89926
vn -0.48501 0.02588 0.87413
vn -0.53194 0.03851 0.84590
vn -0.57650 0.05097 0.81551
vn -0.61757 0.06248 0.78403
vn -0.65450 0.07245 0.75258
vn -0.68703 0.08047 0.72216
vn -0.71524 0.08636 0.69352
vn -0.73942 0.09009 0.66720
vn -0.75996 0.09178 0.64346
vn -0.77729 0.09169 0.62242
vn -0.79184 0.09011 0.60404
vn -0.80398 0.08741 0.58820
vn -0.81402 0.08398 0.57474
vn -0.82223 0.08019 0.56348
vn -0.82881 0.07643 0.55428
vn -0.83393 0.07303 0.54702
vn -0.83766 0.07028 0.54164
vn -0.84006 0.06836 0.53817
vn -0.84108 0.06739 0.53669
vn -0.84065 0.06740 0.53737
vn -0.83858 0.06830 0.54049
vn -0.83460 0.06992 0.54640
vn -0.82833 0.07201 0.55559
vn -0.81922 0.07423 0.56866
vn -0.80647 0.07618 0.58635
vn -0.78896 0.07738 0.60955
vn -0.76507 0.07725 0.63929
vn -0.73245 0.07511 0.67666
vn -0.68773 0.07012 0.72258
vn -0.62615 0.06125 0.77729
vn -0.54158 0.04737 0.83931
vn -0.42738 0.02746 0.90365
vn -0.27955 0.00131 0.96013
vn -0.10231 -0.02952 0.99431
vn 0.08801 -0.06127 0.99423
vn 0.26816 -0.08942 0.95921
vn 0.42029 -0.11096 0.90058
vn 0.53863 -0.12530 0.83318
vn 0.62646 -0.13340 0.76796
vn 0.69037 -0.13663 0.71044
vn 0.73670 -0.13622 0.66236
vn 0.77039 -0.13311 0.62353
vn 0.79497 -0.12799 0.59299
vn 0.81290 -0.12140 0.56962
vn 0.82582 -0.11379 0.55234
vn 0.83488 -0.10554 0.54022
vn 0.84086 -0.09706 0.53248
vn 0.84432 -0.08870 0.52844
vn 0.84565 -0.08084 0.52759
vn 0.84512 -0.07383 0.52946
vn 0.84294 -0.06800 0.53370
vn 0.83924 -0.06361 0.54003
vn 0.83411 -0.06085 0.54823
vn 0.82757 -0.05981 0.55817
vn 0.81957 -0.06050 0.56978
vn 0.81002 -0.06277 0.58304
vn 0.79874 -0.06640 0.59800
vn 0.78549 -0.07106 0.61478
vn 0.76998 -0.07634 0.63348
vn 0.75185 -0.08177 0.65425
vn 0.73068 -0.08686 0.67717
vn 0.70605 -0.09112 0.70228
vn 0.67753 -0.09408 0.72945
vn 0.64479 -0.09533 0.75840
vn 0.60762 -0.09454 0.78858
vn 0.56613 -0.09151 0.81922
vn 0.52080 -0.08621 0.84932
vn 0.47262 -0.07881 0.87774
vn 0.42309 -0.06969 0.90340
vn 0.37418 -0.05938 0.92545
vn 0.32815 -0.04854 0.94338
vn 0.28744 -0.03778 0.95705
vn 0.25483 -0.02761 0.96659
vn 0.23492 -0.01828 0.97184
vn 0.26205 -0.00926 0.96501
vn 0.28268 -0.00277 0.95921
vn -0.30773 -0.00088 0.95147
vn -0.27449 -0.00400 0.96158
vn -0.25288 -0.00697 0.96747
vn -0.27038 -0.00780 0.96272
vn -0.29666 -0.00643 0.95496
vn -0.32904 -0.00256 0.94431
vn -0.36652 0.00393 0.93040
vn -0.40816 0.01293 0.91282
vn -0.45273 0.02404 0.89132
vn -0.49873 0.03663 0.86598
vn -0.54451 0.04990 0.83727
vn -0.58850 0.06300 0.80604
vn -0.62946 0.07512 0.77339
vn -0.66653 0.08560 0.74054
vn -0.69932 0.09399 0.70861
vn -0.72776 0.10005 0.67850
vn -0.75206 0.10370 0.65088
vn -0.77259 0.10504 0.62616
vn -0.78973 0.10425 0.60453
vn -0.80391 0.10160 0.58601
vn -0.81548 0.09743 0.57052
vn -0.82477 0.09209 0.55792
vn -0.83202 0.08596 0.54804
vn -0.83745 0.07945 0.54071
vn -0.84120 0.07294 0.53578
vn -0.84337 0.06680 0.53317
vn -0.84400 0.06133 0.53282
vn -0.84308 0.05681 0.53477
vn -0.84052 0.05341 0.53914
vn -0.83614 0.05121 0.54612
vn -0.82964 0.05022 0.55603
vn -0.82058 0.05031 0.56932
vn -0.80829 0.05128 0.58654
vn -0.79185 0.05279 0.60843
vn -0.76992 0.05442 0.63582
vn -0.74057 0.05562 0.66967
vn -0.70106 0.05570 0.71092
vn -0.64755 0.05381 0.76012
vn -0.57487 0.04888 0.81679
vn -0.47683 0.03971 0.87810
vn -0.34791 0.02523 0.93719
vn -0.18722 0.00511 0.98230
vn -0.00380 -0.01940 0.99980
vn 0.18278 -0.04528 0.98211
vn 0.35096 -0.06905 0.93384
vn 0.48793 -0.08840 0.86839
vn 0.59213 -0.10274 0.79927
vn 0.66854 -0.11251 0.73512
vn 0.72376 -0.11851 0.67980
vn 0.76357 -0.12148 0.63420
vn 0.79232 -0.12204 0.59778
vn 0.81307 -0.12066 0.56953
vn 0.82792 -0.11771 0.54836
vn 0.83829 -0.11353 0.53328
vn 0.84514 -0.10841 0.52344
vn 0.84911 -0.10265 0.51815
vn 0.85065 -0.09656 0.51679
vn 0.85004 -0.09048 0.51889
vn 0.84749 -0.08473 0.52400
vn 0.84314 -0.07966 0.53175
vn 0.83709 -0.07559 0.54182
vn 0.82938 -0.07278 0.55392
vn 0.82006 -0.07145 0.56780
vn 0.80911 -0.07172 0.58326
vn 0.79650 -0.07356 0.60015
vn 0.78213 -0.07687 0.61835
vn 0.76587 -0.08137 0.63783
vn 0.74752 -0.08670 0.65856
vn 0.72684 -0.09238 0.68056
vn 0.70357 -0.09786 0.70386
vn 0.67739 -0.10259 0.72843
vn 0.64805 -0.10599 0.75419
vn 0.61532 -0.10754 0.78091
vn 0.57913 -0.10682 0.80820
vn 0.53964 -0.10354 0.83550
vn 0.49731 -0.09758 0.86207
vn 0.45302 -0.08907 0.88704
vn 0.40808 -0.07834 0.90958
vn 0.36429 -0.06595 0.92895
vn 0.32387 -0.05261 0.94464
vn 0.28981 -0.03907 0.95629
vn 0.26742 -0.02593 0.96323
vn 0.29468 -0.01297 0.95551
vn 0.31334 -0.00395 0.94963
vn -0.30970 0.00107 0.95083
vn -0.28120 0.00102 0.95965
vn -0.25580 0.00090 0.96673
vn -0.26940 0.00125 0.96303
vn -0.29062 0.00246 0.95684
vn -0.31709 0.00499 0.94838
vn -0.34835 0.00922 0.93732
vn -0.38419 0.01539 0.92313
vn -0.42410 0.02352 0.90531
vn -0.46716 0.03342 0.88354
vn -0.51205 0.04463 0.85780
vn -0.55718 0.05652 0.82846
vn -0.60096 0.06836 0.79635
vn -0.64202 0.07942 0.76256
vn -0.67937 0.08909 0.72837
vn -0.71246 0.09690 0.69499
vn -0.74114 0.10258 0.66347
vn -0.76555 0.10601 0.63459
vn -0.78601 0.10721 0.60884
vn -0.80293 0.10631 0.58652
vn -0.81670 0.10351 0.56770
vn -0.82770 0.09905 0.55235
vn -0.83624 0.09324 0.54038
vn -0.84257 0.08640 0.53162
vn -0.84687 0.07886 0.52593
vn -0.84926 0.07099 0.52317
vn -0.84983 0.06317 0.52326
vn -0.84858 0.05574 0.52612
vn -0.84546 0.04904 0.53178
vn -0.84035 0.04337 0.54031
vn -0.83300 0.03897 0.55189
vn -0.82307 0.03600 0.56680
vn -0.80999 0.03452 0.58543
vn -0.79298 0.03450 0.60828
vn -0.77087 0.03577 0.63599
vn -0.74204 0.03804 0.66927
vn -0.70417 0.04087 0.70885
vn -0.65407 0.04363 0.75517
vn -0.58747 0.04549 0.80797
vn -0.49918 0.04533 0.86531
vn -0.38405 0.04185 0.92236
vn -0.23960 0.03378 0.97028
vn -0.07015 0.02048 0.99733
vn 0.11051 0.00261 0.99387
vn 0.28295 -0.01777 0.95897
vn 0.43120 -0.03813 0.90145
vn 0.54875 -0.05656 0.83407
vn 0.63727 -0.07217 0.76726
vn 0.70214 -0.08481 0.70697
vn 0.74917 -0.09468 0.65558
vn 0.78314 -0.10208 0.61341
vn 0.80763 -0.10731 0.57984
vn 0.82516 -0.11066 0.55395
vn 0.83748 -0.11234 0.53480
vn 0.84576 -0.11259 0.52154
vn 0.85082 -0.11161 0.51347
vn 0.85316 -0.10961 0.51000
vn 0.85314 -0.10684 0.51063
vn 0.85096 -0.10354 0.51493
vn 0.84675 -0.09999 0.52252
vn 0.84057 -0.09649 0.53304
vn 0.83246 -0.09333 0.54617
vn 0.82245 -0.09082 0.56154
vn 0.81056 -0.08920 0.57882
vn 0.79681 -0.08868 0.59768
vn 0.78124 -0.08936 0.61781
vn 0.76386 -0.09122 0.63890
vn 0.74469 -0.09411 0.66074
vn 0.72371 -0.09777 0.68314
vn 0.70087 -0.10179 0.70599
vn 0.67607 -0.10567 0.72922
vn 0.64920 -0.10887 0.75278
vn 0.62013 -0.11082 0.77663
vn 0.58875 -0.11101 0.80066
vn 0.55502 -0.10898 0.82467
vn 0.51907 -0.10444 0.84833
vn 0.48124 -0.09725 0.87118
vn 0.44219 -0.08750 0.89264
vn 0.40303 -0.07549 0.91207
vn 0.36544 -0.06177 0.92878
vn 0.33211 -0.04700 0.94207
vn 0.30858 -0.03187 0.95066
vn 0.33635 -0.01621 0.94160
vn 0.35337 -0.00515 0.93547
vn -0.29521 0.00293 0.95543
vn -0.27500 0.00641 0.96142
vn -0.25129 0.01014 0.96786
vn -0.26501 0.01284 0.96416
vn -0.28507 0.01505 0.95839
vn -0.30914 0.01717 0.95086
vn -0.33697 0.01963 0.94131
vn -0.36872 0.02282 0.92926
vn -0.40443 0.02710 0.91417
vn -0.44381 0.03268 0.89553
vn -0.48611 0.03958 0.87300
vn -0.53017 0.04763 0.84655
vn -0.57452 0.05647 0.81654
vn -0.61764 0.06561 0.78372
vn -0.65814 0.07449 0.74920
vn -0.69501 0.08258 0.71424
vn -0.72766 0.08946 0.68008
vn -0.75587 0.09479 0.64782
vn -0.77977 0.09841 0.61829
vn -0.79964 0.10023 0.59205
vn -0.81589 0.10028 0.56945
vn -0.82891 0.09863 0.55062
vn -0.83907 0.09544 0.53559
vn -0.84667 0.09089 0.52429
vn -0.85196 0.08519 0.51663
vn -0.85508 0.07861 0.51251
vn -0.85612 0.07141 0.51182
vn -0.85509 0.06392 0.51453
vn -0.85192 0.05645 0.52062
vn -0.84649 0.04936 0.53012
vn -0.83853 0.04297 0.54315
vn -0.82771 0.03764 0.55989
vn -0.81348 0.03364 0.58061
vn -0.79511 0.03122 0.60565
vn -0.77154 0.03054 0.63544
vn -0.74129 0.03164 0.67044
vn -0.70232 0.03443 0.71103
vn -0.65188 0.03863 0.75734
vn -0.58641 0.04371 0.80883
vn -0.50174 0.04882 0.86364
vn -0.39382 0.05274 0.91767
vn -0.26059 0.05395 0.96394
vn -0.10483 0.05088 0.99319
vn 0.06366 0.04258 0.99706
vn 0.22974 0.02929 0.97281
vn 0.37881 0.01244 0.92539
vn 0.50240 -0.00606 0.86462
vn 0.59917 -0.02454 0.80025
vn 0.67229 -0.04192 0.73910
vn 0.72649 -0.05762 0.68476
vn 0.76626 -0.07144 0.63854
vn 0.79528 -0.08331 0.60049
vn 0.81629 -0.09329 0.57006
vn 0.83126 -0.10147 0.54654
vn 0.84160 -0.10793 0.52920
vn 0.84828 -0.11279 0.51740
vn 0.85194 -0.11617 0.51058
vn 0.85304 -0.11819 0.50829
vn 0.85182 -0.11901 0.51013
vn 0.84845 -0.11879 0.51578
vn 0.84298 -0.11771 0.52492
vn 0.83542 -0.11600 0.53723
vn 0.82577 -0.11389 0.55239
vn 0.81400 -0.11162 0.57004
vn 0.80012 -0.10946 0.58976
vn 0.78418 -0.10762 0.61113
vn 0.76625 -0.10629 0.63369
vn 0.74648 -0.10557 0.65698
vn 0.72503 -0.10546 0.68059
vn 0.70208 -0.10585 0.70419
vn 0.67777 -0.10650 0.72752
vn 0.65221 -0.10707 0.75044
vn 0.62544 -0.10716 0.77288
vn 0.59743 -0.10630 0.79484
vn 0.56814 -0.10406 0.81632
vn 0.53751 -0.10005 0.83730
vn 0.50555 -0.09398 0.85766
vn 0.47247 -0.08572 0.87717
vn 0.43878 -0.07530 0.89544
vn 0.40553 -0.06295 0.91191
vn 0.37489 -0.04908 0.92577
vn 0.35228 -0.03418 0.93527
vn 0.38215 -0.01787 0.92393
vn 0.39976 -0.00597 0.91660
vn -0.26603 0.00419 0.96395
vn -0.25515 0.01072 0.96684
vn -0.23714 0.01821 0.97130
vn -0.25411 0.02380 0.96688
vn -0.27663 0.02797 0.96057
vn -0.30221 0.03088 0.95274
vn -0.33040 0.03279 0.94327
vn -0.36134 0.03406 0.93181
vn -0.39521 0.03511 0.91792
vn -0.43207 0.03641 0.90111
vn -0.47164 0.03836 0.88096
vn -0.51330 0.04125 0.85722
vn -0.55605 0.04522 0.82992
vn -0.59866 0.05023 0.79943
vn -0.63981 0.05608 0.76648
vn -0.67832 0.06242 0.73211
vn -0.71330 0.06886 0.69746
vn -0.74421 0.07500 0.66372
vn -0.77086 0.08048 0.63190
vn -0.79334 0.08502 0.60281
vn -0.81192 0.08843 0.57704
vn -0.82695 0.09057 0.55493
vn -0.83881 0.09140 0.53669
vn -0.84785 0.09093 0.52239
vn -0.85433 0.08922 0.51202
vn -0.85846 0.08637 0.50556
vn -0.86035 0.08253 0.50299
vn -0.86002 0.07786 0.50429
vn -0.85741 0.07259 0.50950
vn -0.85234 0.06698 0.51869
vn -0.84453 0.06130 0.53199
vn -0.83356 0.05589 0.54959
vn -0.81884 0.05109 0.57175
vn -0.79955 0.04725 0.59873
vn -0.77460 0.04472 0.63087
vn -0.74250 0.04381 0.66842
vn -0.70128 0.04474 0.71148
vn -0.64843 0.04758 0.75978
vn -0.58089 0.05220 0.81231
vn -0.49533 0.05811 0.86676
vn -0.38894 0.06439 0.91901
vn -0.26095 0.06965 0.96284
vn -0.11451 0.07219 0.99080
vn 0.04221 0.07046 0.99662
vn 0.19742 0.06365 0.97825
vn 0.33962 0.05201 0.93912
vn 0.46133 0.03666 0.88647
vn 0.56022 0.01901 0.82813
vn 0.63774 0.00037 0.77025
vn 0.69717 -0.01826 0.71667
vn 0.74209 -0.03621 0.66932
vn 0.77573 -0.05305 0.62884
vn 0.80067 -0.06849 0.59518
vn 0.81892 -0.08237 0.56797
vn 0.83194 -0.09462 0.54673
vn 0.84084 -0.10518 0.53097
vn 0.84637 -0.11404 0.52024
vn 0.84909 -0.12123 0.51415
vn 0.84934 -0.12678 0.51239
vn 0.84735 -0.13074 0.51468
vn 0.84324 -0.13319 0.52078
vn 0.83702 -0.13422 0.53045
vn 0.82869 -0.13395 0.54345
vn 0.81818 -0.13253 0.55947
vn 0.80546 -0.13014 0.57818
vn 0.79049 -0.12700 0.59916
vn 0.77332 -0.12332 0.62191
vn 0.75404 -0.11934 0.64589
vn 0.73287 -0.11527 0.67053
vn 0.71007 -0.11128 0.69529
vn 0.68594 -0.10746 0.71967
vn 0.66082 -0.10382 0.74333
vn 0.63496 -0.10024 0.76602
vn 0.60853 -0.09654 0.78764
vn 0.58160 -0.09245 0.80820
vn 0.55416 -0.08766 0.82778
vn 0.52613 -0.08185 0.84645
vn 0.49749 -0.07477 0.86424
vn 0.46838 -0.06624 0.88104
vn 0.43942 -0.05621 0.89652
vn 0.41230 -0.04474 0.90995
vn 0.39218 -0.03198 0.91933
vn 0.42572 -0.01723 0.90469
vn 0.44682 -0.00608 0.89460
vn -0.22767 0.00456 0.97373
vn -0.22448 0.01280 0.97439
vn -0.21384 0.02287 0.97660
vn -0.23544 0.03097 0.97139
vn -0.26265 0.03739 0.96417
vn -0.29269 0.04197 0.95529
vn -0.32468 0.04467 0.94477
vn -0.35835 0.04563 0.93247
vn -0.39364 0.04518 0.91815
vn -0.43054 0.04376 0.90151
vn -0.46893 0.04193 0.88224
vn -0.50855 0.04027 0.86009
vn -0.54885 0.03930 0.83499
vn -0.58912 0.03942 0.80708
vn -0.62847 0.04090 0.77676
vn -0.66598 0.04380 0.74468
vn -0.70083 0.04798 0.71171
vn -0.73237 0.05320 0.67882
vn -0.76022 0.05910 0.64697
vn -0.78424 0.06530 0.61701
vn -0.80449 0.07143 0.58966
vn -0.82117 0.07716 0.56544
vn -0.83457 0.08225 0.54473
vn -0.84499 0.08649 0.52774
vn -0.85270 0.08976 0.51463
vn -0.85792 0.09200 0.50548
vn -0.86080 0.09319 0.50034
vn -0.86139 0.09337 0.49929
vn -0.85965 0.09262 0.50242
vn -0.85541 0.09105 0.50989
vn -0.84838 0.08883 0.52188
vn -0.83810 0.08615 0.53867
vn -0.82392 0.08327 0.56056
vn -0.80493 0.08045 0.58790
vn -0.77990 0.07803 0.62102
vn -0.74722 0.07632 0.66018
vn -0.70481 0.07564 0.70535
vn -0.65011 0.07625 0.75600
vn -0.58020 0.07824 0.81071
vn -0.49224 0.08147 0.86664
vn -0.38438 0.08539 0.91922
vn -0.25717 0.08904 0.96226
vn -0.11485 0.09112 0.98920
vn 0.03443 0.09033 0.99532
vn 0.18049 0.08576 0.97983
vn 0.31427 0.07719 0.94619
vn 0.43016 0.06501 0.90041
vn 0.52639 0.04999 0.84877
vn 0.60402 0.03296 0.79629
vn 0.66544 0.01472 0.74631
vn 0.71344 -0.00405 0.70071
vn 0.75059 -0.02279 0.66037
vn 0.77908 -0.04104 0.62558
vn 0.80067 -0.05843 0.59625
vn 0.81673 -0.07467 0.57217
vn 0.82832 -0.08952 0.55305
vn 0.83625 -0.10282 0.53862
vn 0.84111 -0.11443 0.52862
vn 0.84334 -0.12425 0.52281
vn 0.84324 -0.13224 0.52102
vn 0.84099 -0.13834 0.52307
vn 0.83668 -0.14254 0.52881
vn 0.83034 -0.14486 0.53810
vn 0.82192 -0.14534 0.55075
vn 0.81135 -0.14404 0.56654
vn 0.79855 -0.14108 0.58516
vn 0.78346 -0.13662 0.60623
vn 0.76608 -0.13088 0.62928
vn 0.74648 -0.12413 0.65373
vn 0.72484 -0.11666 0.67896
vn 0.70147 -0.10881 0.70435
vn 0.67672 -0.10088 0.72930
vn 0.65101 -0.09311 0.75334
vn 0.62471 -0.08566 0.77615
vn 0.59813 -0.07858 0.79754
vn 0.57145 -0.07181 0.81749
vn 0.54475 -0.06518 0.83606
vn 0.51803 -0.05846 0.85336
vn 0.49139 -0.05139 0.86942
vn 0.46524 -0.04372 0.88410
vn 0.44103 -0.03524 0.89680
vn 0.42370 -0.02575 0.90543
vn 0.46148 -0.01432 0.88703
vn 0.48830 -0.00536 0.87266
vn -0.18810 0.00399 0.98214
vn -0.18889 0.01223 0.98192
vn -0.18475 0.02291 0.98252
vn -0.21037 0.03227 0.97709
vn -0.24251 0.04036 0.96931
vn -0.27817 0.04675 0.95939
vn -0.31589 0.05109 0.94742
vn -0.35479 0.05324 0.93343
vn -0.39428 0.05326 0.91744
vn -0.43397 0.05144 0.89946
vn -0.47356 0.04825 0.87944
vn -0.51281 0.04427 0.85736
vn -0.55146 0.04017 0.83323
vn -0.58919 0.03662 0.80716
vn -0.62563 0.03420 0.77937
vn -0.66033 0.03334 0.75024
vn -0.69285 0.03431 0.72027
vn -0.72278 0.03716 0.69008
vn -0.74979 0.04178 0.66036
vn -0.77367 0.04789 0.63178
vn -0.79433 0.05515 0.60497
vn -0.81181 0.06314 0.58050
vn -0.82621 0.07146 0.55881
vn -0.83771 0.07977 0.54026
vn -0.84649 0.08774 0.52512
vn -0.85274 0.09514 0.51360
vn -0.85659 0.10179 0.50586
vn -0.85810 0.10757 0.50208
vn -0.85728 0.11242 0.50243
vn -0.85399 0.11632 0.50712
vn -0.84798 0.11930 0.51643
vn -0.83882 0.12142 0.53069
vn -0.82589 0.12279 0.55030
vn -0.80828 0.12353 0.57570
vn -0.78472 0.12381 0.60736
vn -0.75354 0.12378 0.64565
vn -0.71252 0.12361 0.69068
vn -0.65894 0.12343 0.74200
vn -0.58969 0.12326 0.79817
vn -0.50184 0.12297 0.85617
vn -0.39369 0.12223 0.91108
vn -0.26629 0.12048 0.95633
vn -0.12469 0.11708 0.98526
vn 0.02233 0.11153 0.99351
vn 0.16463 0.10360 0.98090
vn 0.29391 0.09342 0.95126
vn 0.40561 0.08128 0.91043
vn 0.49874 0.06749 0.86412
vn 0.57467 0.05235 0.81671
vn 0.63580 0.03612 0.77101
vn 0.68465 0.01905 0.72862
vn 0.72352 0.00143 0.69030
vn 0.75428 -0.01644 0.65634
vn 0.77846 -0.03423 0.62676
vn 0.79723 -0.05159 0.60147
vn 0.81152 -0.06820 0.58033
vn 0.82206 -0.08375 0.56320
vn 0.82943 -0.09798 0.54995
vn 0.83406 -0.11066 0.54046
vn 0.83628 -0.12159 0.53466
vn 0.83632 -0.13062 0.53246
vn 0.83433 -0.13764 0.53380
vn 0.83039 -0.14255 0.53864
vn 0.82450 -0.14529 0.54689
vn 0.81661 -0.14585 0.55846
vn 0.80662 -0.14424 0.57320
vn 0.79442 -0.14053 0.59089
vn 0.77989 -0.13485 0.61122
vn 0.76297 -0.12740 0.63376
vn 0.74365 -0.11847 0.65799
vn 0.72205 -0.10843 0.68329
vn 0.69840 -0.09772 0.70901
vn 0.67304 -0.08679 0.73449
vn 0.64643 -0.07610 0.75917
vn 0.61903 -0.06601 0.78259
vn 0.59128 -0.05680 0.80446
vn 0.56355 -0.04858 0.82465
vn 0.53612 -0.04133 0.84313
vn 0.50930 -0.03487 0.85988
vn 0.48361 -0.02892 0.87480
vn 0.46053 -0.02314 0.88734
vn 0.44502 -0.01711 0.89536
vn 0.48629 -0.00985 0.87374
vn 0.51961 -0.00397 0.85440
vn -0.15522 0.00276 0.98788
vn -0.15569 0.00941 0.98776
vn -0.15537 0.01859 0.98768
vn -0.18282 0.02742 0.98276
vn -0.21824 0.03585 0.97524
vn -0.25857 0.04333 0.96502
vn -0.30189 0.04934 0.95207
vn -0.34667 0.05346 0.93646
vn -0.39168 0.05549 0.91843
vn -0.43593 0.05543 0.89827
vn -0.47872 0.05351 0.87634
vn -0.51960 0.05012 0.85294
vn -0.55831 0.04583 0.82837
vn -0.59472 0.04129 0.80287
vn -0.62881 0.03715 0.77667
vn -0.66054 0.03404 0.75002
vn -0.68992 0.03246 0.72316
vn -0.71692 0.03280 0.69639
vn -0.74148 0.03526 0.67005
vn -0.76356 0.03984 0.64450
vn -0.78311 0.04643 0.62015
vn -0.80009 0.05473 0.59738
vn -0.81450 0.06440 0.57657
vn -0.82638 0.07504 0.55809
vn -0.83578 0.08624 0.54225
vn -0.84276 0.09763 0.52936
vn -0.84740 0.10887 0.51967
vn -0.84973 0.11970 0.51344
vn -0.84974 0.12990 0.51094
vn -0.84734 0.13932 0.51245
vn -0.84232 0.14787 0.51829
vn -0.83435 0.15547 0.52885
vn -0.82289 0.16212 0.54458
vn -0.80716 0.16780 0.56599
vn -0.78602 0.17251 0.59365
vn -0.75792 0.17625 0.62809
vn -0.72076 0.17896 0.66969
vn -0.67183 0.18050 0.71837
vn -0.60790 0.18063 0.77319
vn -0.52562 0.17891 0.83170
vn -0.42253 0.17478 0.88934
vn -0.29874 0.16768 0.93949
vn -0.15864 0.15729 0.97473
vn -0.01104 0.14388 0.98953
vn 0.13310 0.12831 0.98276
vn 0.26442 0.11171 0.95792
vn 0.37765 0.09501 0.92106
vn 0.47168 0.07875 0.87825
vn 0.54806 0.06302 0.83406
vn 0.60949 0.04767 0.79136
vn 0.65877 0.03249 0.75164
vn 0.69835 0.01728 0.71555
vn 0.73019 0.00192 0.68324
vn 0.75583 -0.01359 0.65463
vn 0.77639 -0.02913 0.62958
vn 0.79275 -0.04451 0.60792
vn 0.80555 -0.05948 0.58954
vn 0.81529 -0.07377 0.57434
vn 0.82235 -0.08707 0.56228
vn 0.82704 -0.09911 0.55334
vn 0.82957 -0.10963 0.54753
vn 0.83011 -0.11843 0.54488
vn 0.82874 -0.12531 0.54542
vn 0.82551 -0.13013 0.54918
vn 0.82040 -0.13277 0.55616
vn 0.81333 -0.13317 0.56636
vn 0.80418 -0.13130 0.57971
vn 0.79278 -0.12721 0.59608
vn 0.77898 -0.12099 0.61527
vn 0.76262 -0.11282 0.63693
vn 0.74361 -0.10300 0.66063
vn 0.72195 -0.09192 0.68582
vn 0.69778 -0.08004 0.71183
vn 0.67139 -0.06791 0.73799
vn 0.64321 -0.05610 0.76363
vn 0.61380 -0.04512 0.78817
vn 0.58377 -0.03540 0.81115
vn 0.55375 -0.02720 0.83224
vn 0.52444 -0.02058 0.85120
vn 0.49675 -0.01543 0.86776
vn 0.47246 -0.01146 0.88128
vn 0.45682 -0.00821 0.88952
vn 0.49970 -0.00490 0.86619
vn 0.53885 -0.00226 0.84240
vn -0.13403 0.00134 0.99098
vn -0.13110 0.00546 0.99135
vn -0.13158 0.01156 0.99124
vn -0.15818 0.01813 0.98724
vn -0.19405 0.02522 0.98067
vn -0.23639 0.03242 0.97112
vn -0.28315 0.03925 0.95827
vn -0.33240 0.04518 0.94206
vn -0.38232 0.04980 0.92269
vn -0.43133 0.05283 0.90064
vn -0.47819 0.05417 0.87658
vn -0.52207 0.05391 0.85120
vn -0.56249 0.05235 0.82515
vn -0.59931 0.04989 0.79896
vn -0.63261 0.04705 0.77304
vn -0.66261 0.04438 0.74765
vn -0.68958 0.04244 0.72297
vn -0.71382 0.04173 0.69908
vn -0.73559 0.04268 0.67608
vn -0.75508 0.04557 0.65405
vn -0.77243 0.05056 0.63308
vn -0.78772 0.05766 0.61332
vn -0.80099 0.06674 0.59495
vn -0.81222 0.07756 0.57817
vn -0.82141 0.08978 0.56323
vn -0.82852 0.10304 0.55040
vn -0.83353 0.11695 0.53996
vn -0.83639 0.13112 0.53222
vn -0.83705 0.14523 0.52750
vn -0.83541 0.15900 0.52613
vn -0.83130 0.17218 0.52849
vn -0.82445 0.18460 0.53498
vn -0.81445 0.19612 0.54609
vn -0.80068 0.20663 0.56234
vn -0.78224 0.21602 0.58433
vn -0.75786 0.22418 0.61269
vn -0.72580 0.23093 0.64799
vn -0.68369 0.23596 0.69057
vn -0.62856 0.23882 0.74019
vn -0.55694 0.23880 0.79548
vn -0.46553 0.23497 0.85327
vn -0.35258 0.22629 0.90801
vn -0.21989 0.21205 0.95220
vn -0.07420 0.19242 0.97850
vn 0.07363 0.16879 0.98290
vn 0.21230 0.14342 0.96662
vn 0.33391 0.11856 0.93512
vn 0.43542 0.09574 0.89512
vn 0.51757 0.07555 0.85230
vn 0.58305 0.05793 0.81037
vn 0.63503 0.04242 0.77133
vn 0.67638 0.02846 0.73600
vn 0.70950 0.01549 0.70453
vn 0.73620 0.00309 0.67675
vn 0.75785 -0.00904 0.65236
vn 0.77544 -0.02106 0.63107
vn 0.78969 -0.03300 0.61262
vn 0.80110 -0.04478 0.59685
vn 0.81005 -0.05623 0.58366
vn 0.81679 -0.06713 0.57301
vn 0.82152 -0.07722 0.56493
vn 0.82435 -0.08625 0.55947
vn 0.82537 -0.09397 0.55672
vn 0.82461 -0.10016 0.55677
vn 0.82204 -0.10461 0.55974
vn 0.81762 -0.10717 0.56570
vn 0.81122 -0.10774 0.57473
vn 0.80269 -0.10624 0.58686
vn 0.79182 -0.10267 0.60206
vn 0.77840 -0.09709 0.62021
vn 0.76221 -0.08965 0.64110
vn 0.74305 -0.08061 0.66437
vn 0.72082 -0.07030 0.68955
vn 0.69557 -0.05918 0.71602
vn 0.66749 -0.04781 0.74308
vn 0.63702 -0.03677 0.76997
vn 0.60480 -0.02664 0.79593
vn 0.57167 -0.01792 0.82029
vn 0.53868 -0.01096 0.84244
vn 0.50723 -0.00593 0.86179
vn 0.47962 -0.00275 0.87747
vn 0.46163 -0.00114 0.88707
vn 0.50355 -0.00068 0.86396
vn 0.54668 -0.00063 0.83734
vn -0.12505 0.00021 0.99215
vn -0.11813 0.00176 0.99300
vn -0.11755 0.00421 0.99306
vn -0.14139 0.00745 0.98993
vn -0.17491 0.01180 0.98451
vn -0.21590 0.01720 0.97626
vn -0.26261 0.02345 0.96462
vn -0.31318 0.03015 0.94922
vn -0.36557 0.03685 0.93005
vn -0.41780 0.04310 0.90752
vn -0.46812 0.04852 0.88233
vn -0.51523 0.05285 0.85542
vn -0.55829 0.05602 0.82775
vn -0.59693 0.05808 0.80019
vn -0.63113 0.05925 0.77341
vn -0.66113 0.05985 0.74788
vn -0.68732 0.06029 0.72385
vn -0.71013 0.06099 0.70143
vn -0.73001 0.06240 0.68059
vn -0.74735 0.06491 0.66125
vn -0.76249 0.06888 0.64332
vn -0.77569 0.07456 0.62670
vn -0.78711 0.08210 0.61133
vn -0.79685 0.09152 0.59721
vn -0.80493 0.10273 0.58441
vn -0.81135 0.11553 0.57303
vn -0.81604 0.12964 0.56328
vn -0.81891 0.14472 0.55538
vn -0.81986 0.16041 0.54964
vn -0.81875 0.17637 0.54639
vn -0.81542 0.19226 0.54602
vn -0.80962 0.20778 0.54895
vn -0.80103 0.22271 0.55565
vn -0.78918 0.23682 0.56667
vn -0.77339 0.24993 0.58258
vn -0.75272 0.26187 0.60402
vn -0.72583 0.27240 0.63165
vn -0.69089 0.28121 0.66603
vn -0.64548 0.28783 0.70746
vn -0.58656 0.29154 0.75561
vn -0.51068 0.29127 0.80893
vn -0.41476 0.28569 0.86392
vn -0.29756 0.27338 0.91473
vn -0.16178 0.25353 0.95370
vn -0.01524 0.22666 0.97386
vn 0.13059 0.19501 0.97207
vn 0.26462 0.16189 0.95067
vn 0.37989 0.13038 0.91580
vn 0.47441 0.10249 0.87432
vn 0.54970 0.07895 0.83162
vn 0.60886 0.05963 0.79103
vn 0.65521 0.04393 0.75417
vn 0.69166 0.03107 0.72156
vn 0.72054 0.02028 0.69311
vn 0.74364 0.01089 0.66849
vn 0.76226 0.00234 0.64726
vn 0.77738 -0.00577 0.62901
vn 0.78965 -0.01372 0.61340
vn 0.79958 -0.02163 0.60018
vn 0.80746 -0.02952 0.58918
vn 0.81351 -0.03732 0.58035
vn 0.81786 -0.04486 0.57366
vn 0.82056 -0.05196 0.56920
vn 0.82161 -0.05836 0.56705
vn 0.82100 -0.06385 0.56735
vn 0.81863 -0.06818 0.57026
vn 0.81441 -0.07117 0.57591
vn 0.80817 -0.07264 0.58446
vn 0.79971 -0.07247 0.59600
vn 0.78878 -0.07060 0.61060
vn 0.77512 -0.06702 0.62825
vn 0.75844 -0.06181 0.64881
vn 0.73846 -0.05515 0.67204
vn 0.71500 -0.04731 0.69752
vn 0.68801 -0.03866 0.72467
vn 0.65764 -0.02969 0.75275
vn 0.62433 -0.02094 0.78088
vn 0.58887 -0.01297 0.80813
vn 0.55244 -0.00631 0.83353
vn 0.51681 -0.00136 0.85610
vn 0.48478 0.00167 0.87463
vn 0.46275 0.00276 0.88649
vn 0.50129 0.00193 0.86528
vn 0.54574 0.00053 0.83796
vn -0.12486 -0.00036 0.99217
vn -0.11576 -0.00064 0.99328
vn -0.11423 -0.00123 0.99345
vn -0.13496 -0.00131 0.99085
vn -0.16451 -0.00024 0.98637
vn -0.20139 0.00237 0.97951
vn -0.24449 0.00669 0.96963
vn -0.29247 0.01269 0.95619
vn -0.34361 0.02011 0.93890
vn -0.39598 0.02855 0.91782
vn -0.44762 0.03750 0.89344
vn -0.49686 0.04644 0.86659
vn -0.54240 0.05494 0.83832
vn -0.58348 0.06269 0.80970
vn -0.61977 0.06951 0.78170
vn -0.65133 0.07541 0.75504
vn -0.67843 0.08049 0.73024
vn -0.70153 0.08497 0.70755
vn -0.72111 0.08917 0.68706
vn -0.73765 0.09341 0.66869
vn -0.75159 0.09807 0.65230
vn -0.76331 0.10347 0.63769
vn -0.77313 0.10994 0.62465
vn -0.78126 0.11772 0.61300
vn -0.78788 0.12696 0.60260
vn -0.79305 0.13772 0.59338
vn -0.79680 0.14997 0.58533
vn -0.79908 0.16356 0.57855
vn -0.79980 0.17827 0.57319
vn -0.79883 0.19382 0.56948
vn -0.79598 0.20990 0.56776
vn -0.79105 0.22620 0.56839
vn -0.78374 0.24241 0.57183
vn -0.77367 0.25825 0.57856
vn -0.76033 0.27347 0.58916
vn -0.74300 0.28785 0.60423
vn -0.72070 0.30113 0.62442
vn -0.69210 0.31304 0.65038
vn -0.65538 0.32319 0.68266
vn -0.60814 0.33100 0.72152
vn -0.54745 0.33562 0.76659
vn -0.47001 0.33579 0.81630
vn -0.37295 0.32992 0.86722
vn -0.25533 0.31635 0.91364
vn -0.12007 0.29405 0.94822
vn 0.02490 0.26356 0.96432
vn 0.16824 0.22743 0.95915
vn 0.29914 0.18951 0.93520
vn 0.41094 0.15350 0.89865
vn 0.50189 0.12183 0.85631
vn 0.57371 0.09554 0.81347
vn 0.62957 0.07458 0.77336
vn 0.67282 0.05834 0.73751
vn 0.70636 0.04599 0.70635
vn 0.73253 0.03663 0.67975
vn 0.75308 0.02945 0.65726
vn 0.76934 0.02373 0.63839
vn 0.78227 0.01886 0.62265
vn 0.79257 0.01437 0.60961
vn 0.80072 0.00992 0.59895
vn 0.80707 0.00529 0.59043
vn 0.81183 0.00038 0.58390
vn 0.81509 -0.00480 0.57931
vn 0.81691 -0.01016 0.57667
vn 0.81725 -0.01552 0.57607
vn 0.81604 -0.02069 0.57763
vn 0.81314 -0.02543 0.58151
vn 0.80840 -0.02949 0.58789
vn 0.80162 -0.03267 0.59695
vn 0.79252 -0.03476 0.60885
vn 0.78084 -0.03562 0.62372
vn 0.76623 -0.03517 0.64160
vn 0.74835 -0.03338 0.66246
vn 0.72688 -0.03032 0.68609
vn 0.70157 -0.02614 0.71212
vn 0.67230 -0.02110 0.73997
vn 0.63926 -0.01558 0.76884
vn 0.60296 -0.01002 0.79771
vn 0.56450 -0.00490 0.82542
vn 0.52568 -0.00073 0.85069
vn 0.48961 0.00210 0.87194
vn 0.46315 0.00330 0.88628
vn 0.49698 0.00256 0.86776
vn 0.54006 0.00101 0.84162
vn -0.12804 -0.00032 0.99177
vn -0.11985 -0.00127 0.99279
vn -0.11917 -0.00348 0.99287
vn -0.13796 -0.00582 0.99042
vn -0.16359 -0.00744 0.98650
vn -0.19517 -0.00761 0.98074
vn -0.23232 -0.00580 0.97262
vn -0.27443 -0.00166 0.96160
vn -0.32052 0.00492 0.94723
vn -0.36919 0.01380 0.92925
vn -0.41880 0.02461 0.90775
vn -0.46764 0.03680 0.88315
vn -0.51417 0.04974 0.85624
vn -0.55717 0.06280 0.82802
vn -0.59587 0.07546 0.79953
vn -0.62991 0.08733 0.77174
vn -0.65929 0.09818 0.74545
vn -0.68427 0.10794 0.72120
vn -0.70522 0.11666 0.69933
vn -0.72260 0.12451 0.67996
vn -0.73689 0.13172 0.66306
vn -0.74851 0.13858 0.64848
vn -0.75784 0.14541 0.63603
vn -0.76520 0.15253 0.62546
vn -0.77086 0.16023 0.61652
vn -0.77501 0.16876 0.60900
vn -0.77777 0.17832 0.60272
vn -0.77922 0.18902 0.59757
vn -0.77934 0.20087 0.59354
vn -0.77807 0.21382 0.59067
vn -0.77529 0.22773 0.58912
vn -0.77082 0.24241 0.58914
vn -0.76440 0.25761 0.59104
vn -0.75571 0.27308 0.59525
vn -0.74434 0.28857 0.60224
vn -0.72970 0.30381 0.61257
vn -0.71106 0.31855 0.62683
vn -0.68742 0.33254 0.64566
vn -0.65742 0.34546 0.66967
vn -0.61929 0.35689 0.69936
vn -0.57075 0.36621 0.73494
vn -0.50899 0.37251 0.77599
vn -0.43098 0.37447 0.82099
vn -0.33416 0.37038 0.86669
vn -0.21783 0.35835 0.90782
vn -0.08491 0.33711 0.93763
vn 0.05702 0.30687 0.95004
vn 0.19716 0.26999 0.94246
vn 0.32515 0.23036 0.91718
vn 0.43446 0.19199 0.87999
vn 0.52328 0.15775 0.83743
vn 0.59316 0.12907 0.79467
vn 0.64718 0.10617 0.75491
vn 0.68860 0.08860 0.71971
vn 0.72030 0.07558 0.68953
vn 0.74458 0.06623 0.66423
vn 0.76320 0.05970 0.64340
vn 0.77747 0.05519 0.62650
vn 0.78836 0.05199 0.61301
vn 0.79661 0.04948 0.60246
vn 0.80273 0.04717 0.59447
vn 0.80709 0.04467 0.58873
vn 0.80994 0.04170 0.58503
vn 0.81141 0.03811 0.58323
vn 0.81156 0.03386 0.58329
vn 0.81035 0.02899 0.58522
vn 0.80770 0.02366 0.58912
vn 0.80345 0.01805 0.59509
vn 0.79740 0.01241 0.60332
vn 0.78929 0.00700 0.61398
vn 0.77882 0.00208 0.62725
vn 0.76565 -0.00213 0.64326
vn 0.74940 -0.00542 0.66210
vn 0.72968 -0.00767 0.68374
vn 0.70615 -0.00880 0.70800
vn 0.67854 -0.00883 0.73451
vn 0.64679 -0.00788 0.76262
vn 0.61118 -0.00615 0.79146
vn 0.57253 -0.00396 0.81987
vn 0.53247 -0.00168 0.84645
vn 0.49410 0.00027 0.86941
vn 0.46442 0.00150 0.88561
vn 0.49406 0.00158 0.86943
vn 0.53407 0.00083 0.84544
vn -0.12961 0.00013 0.99157
vn -0.12507 -0.00043 0.99215
vn -0.12757 -0.00255 0.99183
vn -0.14635 -0.00544 0.98922
vn -0.16944 -0.00822 0.98551
vn -0.19631 -0.01009 0.98049
vn -0.22709 -0.01029 0.97382
vn -0.26182 -0.00822 0.96508
vn -0.30033 -0.00341 0.95383
vn -0.34206 0.00433 0.93967
vn -0.38606 0.01497 0.92235
vn -0.43112 0.02818 0.90185
vn -0.47584 0.04342 0.87846
vn -0.51887 0.06000 0.85275
vn -0.55904 0.07715 0.82555
vn -0.59550 0.09418 0.79781
vn -0.62779 0.11052 0.77049
vn -0.65577 0.12573 0.74442
vn -0.67953 0.13958 0.72025
vn -0.69938 0.15198 0.69841
vn -0.71568 0.16297 0.67915
vn -0.72884 0.17269 0.66255
vn -0.73926 0.18137 0.64853
vn -0.74730 0.18928 0.63696
vn -0.75327 0.19672 0.62761
vn -0.75742 0.20400 0.62024
vn -0.75996 0.21145 0.61462
vn -0.76104 0.21934 0.61050
vn -0.76075 0.22791 0.60772
vn -0.75912 0.23735 0.60614
vn -0.75611 0.24777 0.60572
vn -0.75164 0.25920 0.60651
vn -0.74552 0.27162 0.60863
vn -0.73750 0.28491 0.61231
vn -0.72723 0.29894 0.61788
vn -0.71424 0.31351 0.62576
vn -0.69795 0.32840 0.63641
vn -0.67755 0.34339 0.65040
vn -0.65201 0.35819 0.66827
vn -0.61998 0.37247 0.69057
vn -0.57974 0.38579 0.71768
vn -0.52912 0.39749 0.74969
vn -0.46555 0.40662 0.78608
vn -0.38641 0.41179 0.82530
vn -0.28963 0.41120 0.86431
vn -0.17501 0.40284 0.89838
vn -0.04564 0.38517 0.92172
vn 0.09137 0.35800 0.92924
vn 0.22618 0.32322 0.91890
vn 0.34940 0.28438 0.89278
vn 0.45496 0.24546 0.85601
vn 0.54103 0.20961 0.81446
vn 0.60886 0.17867 0.77289
vn 0.66123 0.15328 0.73436
vn 0.70119 0.13328 0.70041
vn 0.73145 0.11811 0.67158
vn 0.75425 0.10701 0.64781
vn 0.77128 0.09919 0.62872
vn 0.78383 0.09387 0.61384
vn 0.79288 0.09031 0.60265
vn 0.79913 0.08787 0.59470
vn 0.80313 0.08593 0.58958
vn 0.80527 0.08400 0.58693
vn 0.80583 0.08166 0.58649
vn 0.80498 0.07862 0.58807
vn 0.80281 0.07466 0.59155
vn 0.79932 0.06972 0.59685
vn 0.79443 0.06382 0.60400
vn 0.78798 0.05708 0.61304
vn 0.77977 0.04970 0.62409
vn 0.76951 0.04195 0.63725
vn 0.75687 0.03411 0.65267
vn 0.74148 0.02651 0.67045
vn 0.72295 0.01944 0.69063
vn 0.70089 0.01315 0.71315
vn 0.67498 0.00789 0.73779
vn 0.64506 0.00378 0.76412
vn 0.61123 0.00088 0.79145
vn 0.57407 -0.00083 0.81881
vn 0.53496 -0.00151 0.84488
vn 0.49676 -0.00140 0.86789
vn 0.46633 -0.00083 0.88461
vn 0.49417 -0.00011 0.86937
vn 0.53115 0.00023 0.84728
vn -0.12681 0.00065 0.99193
vn -0.12702 0.00112 0.99190
vn -0.13412 0.00046 0.99096
vn -0.15450 -0.00126 0.98799
vn -0.17686 -0.00332 0.98423
vn -0.20076 -0.00508 0.97963
vn -0.22647 -0.00584 0.97400
vn -0.25443 -0.00492 0.96708
vn -0.28501 -0.00171 0.95852
vn -0.31837 0.00427 0.94796
vn -0.35441 0.01330 0.93499
vn -0.39267 0.02543 0.91933
vn -0.43236 0.04042 0.90080
vn -0.47244 0.05780 0.87947
vn -0.51177 0.07688 0.85568
vn -0.54923 0.09687 0.83004
vn -0.58390 0.11697 0.80335
vn -0.61514 0.13646 0.77652
vn -0.64258 0.15477 0.75042
vn -0.66616 0.17153 0.72582
vn -0.68600 0.18652 0.70329
vn -0.70235 0.19969 0.68325
vn -0.71553 0.21111 0.66592
vn -0.72588 0.22096 0.65136
vn -0.73372 0.22947 0.63953
vn -0.73933 0.23693 0.63028
vn -0.74293 0.24366 0.62344
vn -0.74473 0.25001 0.61877
vn -0.74484 0.25631 0.61605
vn -0.74337 0.26290 0.61505
vn -0.74034 0.27008 0.61559
vn -0.73573 0.27811 0.61754
vn -0.72945 0.28720 0.62082
vn -0.72133 0.29748 0.62545
vn -0.71113 0.30902 0.63151
vn -0.69847 0.32179 0.63920
vn -0.68290 0.33573 0.64880
vn -0.66376 0.35068 0.66064
vn -0.64024 0.36643 0.67515
vn -0.61129 0.38270 0.69272
vn -0.57559 0.39911 0.71373
vn -0.53148 0.41514 0.73837
vn -0.47701 0.43004 0.76650
vn -0.41004 0.44274 0.79740
vn -0.32855 0.45175 0.82944
vn -0.23135 0.45517 0.85982
vn -0.11906 0.45096 0.88457
vn 0.00488 0.43748 0.89922
vn 0.13393 0.41434 0.90021
vn 0.25975 0.38298 0.88649
vn 0.37461 0.34640 0.86004
vn 0.47352 0.30824 0.82509
vn 0.55482 0.27163 0.78638
vn 0.61945 0.23870 0.74787
vn 0.66966 0.21047 0.71222
vn 0.70806 0.18720 0.68089
vn 0.73706 0.16862 0.65446
vn 0.75867 0.15423 0.63296
vn 0.77447 0.14338 0.61615
vn 0.78567 0.13540 0.60365
vn 0.79318 0.12962 0.59504
vn 0.79769 0.12539 0.58989
vn 0.79972 0.12210 0.58783
vn 0.79966 0.11919 0.58850
vn 0.79780 0.11616 0.59163
vn 0.79434 0.11259 0.59695
vn 0.78939 0.10814 0.60429
vn 0.78300 0.10260 0.61350
vn 0.77513 0.09586 0.62448
vn 0.76567 0.08793 0.63719
vn 0.75443 0.07894 0.65162
vn 0.74115 0.06910 0.66777
vn 0.72554 0.05872 0.68567
vn 0.70726 0.04817 0.70532
vn 0.68596 0.03783 0.72665
vn 0.66136 0.02811 0.74954
vn 0.63329 0.01936 0.77367
vn 0.60178 0.01191 0.79858
vn 0.56728 0.00600 0.82350
vn 0.53095 0.00175 0.84740
vn 0.49536 -0.00082 0.86869
vn 0.46707 -0.00183 0.88422
vn 0.49655 -0.00135 0.86801
vn 0.53238 -0.00039 0.84651
vn -0.11973 0.00098 0.99281
vn -0.12357 0.00249 0.99233
vn -0.13482 0.00390 0.99086
vn -0.15719 0.00456 0.98756
vn -0.18009 0.00481 0.98364
vn -0.20287 0.00499 0.97919
vn -0.22567 0.00552 0.97419
vn -0.24895 0.00692 0.96849
vn -0.27327 0.00975 0.96189
vn -0.29917 0.01454 0.95409
vn -0.32712 0.02176 0.94473
vn -0.35735 0.03174 0.93343
vn -0.38982 0.04460 0.91981
vn -0.42417 0.06025 0.90358
vn -0.45972 0.07832 0.88460
vn -0.49556 0.09824 0.86300
vn -0.53066 0.11927 0.83915
vn -0.56406 0.14060 0.81368
vn -0.59492 0.16148 0.78740
vn -0.62267 0.18126 0.76120
vn -0.64700 0.19946 0.73594
vn -0.66783 0.21578 0.71235
vn -0.68523 0.23010 0.69102
vn -0.69942 0.24244 0.67233
vn -0.71064 0.25294 0.65652
vn -0.71915 0.26180 0.64365
vn -0.72517 0.26932 0.63371
vn -0.72892 0.27579 0.62659
vn -0.73052 0.28158 0.62213
vn -0.73010 0.28705 0.62013
vn -0.72769 0.29257 0.62037
vn -0.72331 0.29853 0.62266
vn -0.71690 0.30527 0.62679
vn -0.70835 0.31311 0.63261
vn -0.69748 0.32234 0.64001
vn -0.68403 0.33315 0.64893
vn -0.66763 0.34566 0.65938
vn -0.64780 0.35989 0.67144
vn -0.62390 0.37575 0.68524
vn -0.59513 0.39307 0.70094
vn -0.56048 0.41149 0.71870
vn -0.51875 0.43056 0.73859
vn -0.46853 0.44959 0.76049
vn -0.40828 0.46763 0.78398
vn -0.33655 0.48343 0.80810
vn -0.25230 0.49536 0.83124
vn -0.15547 0.50152 0.85106
vn -0.04764 0.50001 0.86471
vn 0.06754 0.48947 0.86940
vn 0.18457 0.46960 0.86337
vn 0.29714 0.44160 0.84658
vn 0.39973 0.40788 0.82089
vn 0.48879 0.37143 0.78938
vn 0.56305 0.33505 0.75546
vn 0.62306 0.30085 0.72200
vn 0.67041 0.27011 0.69108
vn 0.70707 0.24345 0.66391
vn 0.73495 0.22096 0.64111
vn 0.75571 0.20244 0.62284
vn 0.77070 0.18748 0.60900
vn 0.78099 0.17559 0.59935
vn 0.78739 0.16622 0.59362
vn 0.79053 0.15882 0.59147
vn 0.79088 0.15280 0.59259
vn 0.78879 0.14763 0.59667
vn 0.78453 0.14276 0.60343
vn 0.77831 0.13771 0.61260
vn 0.77026 0.13205 0.62391
vn 0.76048 0.12545 0.63713
vn 0.74898 0.11768 0.65206
vn 0.73573 0.10862 0.66851
vn 0.72065 0.09831 0.68630
vn 0.70359 0.08689 0.70528
vn 0.68437 0.07466 0.72531
vn 0.66279 0.06198 0.74623
vn 0.63870 0.04934 0.76787
vn 0.61201 0.03722 0.78998
vn 0.58279 0.02613 0.81220
vn 0.55147 0.01651 0.83403
vn 0.51906 0.00876 0.85469
vn 0.48788 0.00312 0.87291
vn 0.46416 -0.00026 0.88575
vn 0.49852 -0.00124 0.86688
vn 0.53612 -0.00064 0.84414
vn -0.11066 0.00097 0.99386
vn -0.11523 0.00307 0.99333
vn -0.12810 0.00634 0.99174
vn -0.15131 0.00969 0.98844
vn -0.17477 0.01306 0.98452
vn -0.19751 0.01638 0.98016
vn -0.21934 0.01973 0.97545
vn -0.24045 0.02330 0.97038
vn -0.26123 0.02739 0.96489
vn -0.28225 0.03241 0.95879
vn -0.30415 0.03877 0.95184
vn -0.32753 0.04689 0.94368
vn -0.35287 0.05713 0.93393
vn -0.38043 0.06968 0.92218
vn -0.41018 0.08461 0.90807
vn -0.44179 0.10171 0.89134
vn -0.47459 0.12060 0.87191
vn -0.50772 0.14072 0.84995
vn -0.54021 0.16137 0.82591
vn -0.57113 0.18184 0.80047
vn -0.59968 0.20149 0.77446
vn -0.62531 0.21980 0.74878
vn -0.64771 0.23644 0.72427
vn -0.66674 0.25122 0.70167
vn -0.68247 0.26410 0.68153
vn -0.69502 0.27519 0.66424
vn -0.70458 0.28467 0.65003
vn -0.71131 0.29279 0.63899
vn -0.71537 0.29984 0.63114
vn -0.71687 0.30617 0.62638
vn -0.71585 0.31214 0.62460
vn -0.71233 0.31812 0.62561
vn -0.70624 0.32451 0.62922
vn -0.69747 0.33169 0.63523
vn -0.68585 0.34003 0.64341
vn -0.67116 0.34989 0.65355
vn -0.65307 0.36152 0.66544
vn -0.63121 0.37512 0.67887
vn -0.60509 0.39076 0.69367
vn -0.57413 0.40838 0.70965
vn -0.53764 0.42772 0.72663
vn -0.49482 0.44837 0.74439
vn -0.44481 0.46965 0.76261
vn -0.38673 0.49067 0.78082
vn -0.31983 0.51026 0.79834
vn -0.24365 0.52700 0.81419
vn -0.15832 0.53929 0.82710
vn -0.06486 0.54548 0.83561
vn 0.03463 0.54416 0.83826
vn 0.13695 0.53451 0.83399
vn 0.23816 0.51657 0.82246
vn 0.33427 0.49135 0.80426
vn 0.42192 0.46066 0.78088
vn 0.49896 0.42672 0.75429
vn 0.56451 0.39169 0.72658
vn 0.61876 0.35739 0.69958
vn 0.66260 0.32515 0.67471
vn 0.69728 0.29580 0.65292
vn 0.72410 0.26975 0.63476
vn 0.74426 0.24710 0.62050
vn 0.75880 0.22773 0.61021
vn 0.76858 0.21138 0.60383
vn 0.77426 0.19770 0.60120
vn 0.77636 0.18626 0.60214
vn 0.77529 0.17660 0.60642
vn 0.77134 0.16822 0.61379
vn 0.76474 0.16062 0.62400
vn 0.75569 0.15332 0.63673
vn 0.74433 0.14584 0.65170
vn 0.73079 0.13779 0.66855
vn 0.71520 0.12883 0.68695
vn 0.69765 0.11877 0.70653
vn 0.67822 0.10753 0.72695
vn 0.65700 0.09519 0.74786
vn 0.63403 0.08198 0.76895
vn 0.60941 0.06827 0.78991
vn 0.58323 0.05455 0.81047
vn 0.55575 0.04134 0.83032
vn 0.52741 0.02921 0.84911
vn 0.49918 0.01869 0.86630
vn 0.47319 0.01022 0.88090
vn 0.45542 0.00411 0.89027
vn 0.49664 0.00059 0.86795
vn 0.53885 -0.00029 0.84240
vn -0.10252 0.00068 0.99473
vn -0.10435 0.00274 0.99454
vn -0.11496 0.00707 0.99335
vn -0.13658 0.01256 0.99055
vn -0.15931 0.01883 0.98705
vn -0.18184 0.02550 0.98300
vn -0.20361 0.03228 0.97852
vn -0.22439 0.03904 0.97372
vn -0.24425 0.04574 0.96863
vn -0.26348 0.05247 0.96324
vn -0.28253 0.05946 0.95741
vn -0.30200 0.06700 0.95095
vn -0.32251 0.07543 0.94356
vn -0.34462 0.08512 0.93487
vn -0.36877 0.09635 0.92451
vn -0.39515 0.10930 0.91209
vn -0.42369 0.12401 0.89728
vn -0.45399 0.14032 0.87989
vn -0.48537 0.15792 0.85993
vn -0.51695 0.17633 0.83766
vn -0.54778 0.19500 0.81358
vn -0.57696 0.21339 0.78841
vn -0.60372 0.23100 0.76299
vn -0.62753 0.24747 0.73822
vn -0.64806 0.26257 0.71490
vn -0.66517 0.27619 0.69373
vn -0.67888 0.28837 0.67525
vn -0.68926 0.29923 0.65983
vn -0.69643 0.30898 0.64770
vn -0.70046 0.31787 0.63899
vn -0.70144 0.32620 0.63370
vn -0.69934 0.33429 0.63180
vn -0.69412 0.34248 0.63317
vn -0.68563 0.35115 0.63765
vn -0.67369 0.36065 0.64504
vn -0.65801 0.37133 0.65509
vn -0.63828 0.38351 0.66747
vn -0.61411 0.39744 0.68184
vn -0.58510 0.41328 0.69775
vn -0.55080 0.43105 0.71471
vn -0.51077 0.45058 0.73218
vn -0.46463 0.47148 0.74954
vn -0.41206 0.49316 0.76616
vn -0.35287 0.51475 0.78136
vn -0.28708 0.53519 0.79445
vn -0.21496 0.55326 0.80480
vn -0.13715 0.56766 0.81176
vn -0.05467 0.57714 0.81481
vn 0.03104 0.58064 0.81357
vn 0.11815 0.57742 0.80785
vn 0.20453 0.56723 0.79776
vn 0.28803 0.55033 0.78369
vn 0.36661 0.52751 0.76638
vn 0.43861 0.49995 0.74677
vn 0.50292 0.46909 0.72596
vn 0.55897 0.43640 0.70506
vn 0.60669 0.40326 0.68506
vn 0.64641 0.37082 0.66682
vn 0.67871 0.33995 0.65099
vn 0.70428 0.31127 0.63805
vn 0.72383 0.28514 0.62831
vn 0.73803 0.26171 0.62194
vn 0.74748 0.24098 0.61904
vn 0.75264 0.22282 0.61958
vn 0.75391 0.20699 0.62352
vn 0.75158 0.19319 0.63071
vn 0.74589 0.18105 0.64099
vn 0.73703 0.17014 0.65409
vn 0.72516 0.16005 0.66972
vn 0.71045 0.15032 0.68750
vn 0.69311 0.14053 0.70700
vn 0.67337 0.13034 0.72772
vn 0.65153 0.11946 0.74916
vn 0.62791 0.10775 0.77079
vn 0.60290 0.09521 0.79212
vn 0.57688 0.08198 0.81270
vn 0.55028 0.06837 0.83218
vn 0.52357 0.05478 0.85022
vn 0.49737 0.04171 0.86653
vn 0.47268 0.02966 0.88074
vn 0.45153 0.01913 0.89205
vn 0.43968 0.01052 0.89809
vn 0.48792 0.00389 0.87288
vn 0.53655 0.00066 0.84387
vn -0.09722 0.00034 0.99526
vn -0.09377 0.00190 0.99559
vn -0.09823 0.00630 0.99514
vn -0.11545 0.01282 0.99323
vn -0.13528 0.02090 0.99059
vn -0.15625 0.03005 0.98726
vn -0.17754 0.03979 0.98331
vn -0.19860 0.04967 0.97882
vn -0.21909 0.05938 0.97390
vn -0.23892 0.06869 0.96861
vn -0.25816 0.07752 0.96299
vn -0.27711 0.08593 0.95699
vn -0.29618 0.09408 0.95049
vn -0.31588 0.10227 0.94327
vn -0.33673 0.11081 0.93506
vn -0.35918 0.12007 0.92551
vn -0.38354 0.13037 0.91428
vn -0.40988 0.14193 0.90103
vn -0.43803 0.15486 0.88552
vn -0.46751 0.16913 0.86766
vn -0.49764 0.18454 0.84753
vn -0.52755 0.20078 0.82545
vn -0.55635 0.21746 0.80199
vn -0.58320 0.23417 0.77784
vn -0.60742 0.25055 0.75383
vn -0.62850 0.26633 0.73079
vn -0.64615 0.28133 0.70946
vn -0.66023 0.29548 0.69050
vn -0.67070 0.30880 0.67440
vn -0.67757 0.32142 0.66151
vn -0.68086 0.33350 0.65207
vn -0.68058 0.34527 0.64621
vn -0.67666 0.35699 0.64396
vn -0.66895 0.36893 0.64528
vn -0.65725 0.38139 0.65005
vn -0.64123 0.39465 0.65808
vn -0.62055 0.40896 0.66908
vn -0.59477 0.42455 0.68265
vn -0.56346 0.44152 0.69827
vn -0.52623 0.45987 0.71526
vn -0.48279 0.47944 0.73284
vn -0.43303 0.49986 0.75009
vn -0.37708 0.52056 0.76605
vn -0.31540 0.54077 0.77980
vn -0.24871 0.55962 0.79055
vn -0.17803 0.57614 0.79773
vn -0.10455 0.58940 0.80105
vn -0.02953 0.59860 0.80050
vn 0.04578 0.60311 0.79635
vn 0.12025 0.60251 0.78900
vn 0.19284 0.59663 0.77900
vn 0.26267 0.58551 0.76693
vn 0.32895 0.56941 0.75336
vn 0.39102 0.54882 0.73885
vn 0.44828 0.52437 0.72393
vn 0.50030 0.49685 0.70911
vn 0.54675 0.46712 0.69488
vn 0.58746 0.43609 0.68170
vn 0.62240 0.40461 0.67001
vn 0.65166 0.37346 0.66020
vn 0.67544 0.34332 0.65262
vn 0.69401 0.31470 0.64754
vn 0.70765 0.28799 0.64521
vn 0.71665 0.26342 0.64577
vn 0.72127 0.24110 0.64934
vn 0.72174 0.22101 0.65593
vn 0.71825 0.20303 0.66550
vn 0.71096 0.18698 0.67792
vn 0.70001 0.17256 0.69297
vn 0.68558 0.15947 0.71032
vn 0.66787 0.14732 0.72955
vn 0.64720 0.13577 0.75014
vn 0.62394 0.12444 0.77150
vn 0.59862 0.11304 0.79302
vn 0.57185 0.10135 0.81408
vn 0.54431 0.08928 0.83412
vn 0.51674 0.07685 0.85269
vn 0.48991 0.06421 0.86940
vn 0.46469 0.05162 0.88397
vn 0.44218 0.03941 0.89606
vn 0.42447 0.02796 0.90501
vn 0.41716 0.01756 0.90866
vn 0.47058 0.00795 0.88232
vn 0.52597 0.00202 0.85050
vn -0.09455 0.00018 0.99552
vn -0.08534 0.00120 0.99635
vn -0.08129 0.00497 0.99668
vn -0.09197 0.01127 0.99570
vn -0.10676 0.01965 0.99409
vn -0.12425 0.02968 0.99181
vn -0.14361 0.04089 0.98879
vn -0.16419 0.05275 0.98502
vn -0.18539 0.06475 0.98053
vn -0.20677 0.07645 0.97540
vn -0.22801 0.08749 0.96972
vn -0.24895 0.09767 0.96358
vn -0.26962 0.10690 0.95702
vn -0.29018 0.11525 0.95001
vn -0.31093 0.12293 0.94245
vn -0.33221 0.13025 0.93417
vn -0.35438 0.13759 0.92492
vn -0.37773 0.14537 0.91443
vn -0.40241 0.15399 0.90242
vn -0.42839 0.16376 0.88863
vn -0.45543 0.17491 0.87292
vn -0.48306 0.18751 0.85527
vn -0.51065 0.20151 0.83584
vn -0.53743 0.21672 0.81498
vn -0.56265 0.23287 0.79322
vn -0.58560 0.24964 0.77120
vn -0.60569 0.26672 0.74967
vn -0.62249 0.28385 0.72934
vn -0.63571 0.30086 0.71089
vn -0.64518 0.31763 0.69488
vn -0.65079 0.33415 0.68178
vn -0.65246 0.35048 0.67191
vn -0.65010 0.36672 0.66550
vn -0.64356 0.38302 0.66266
vn -0.63263 0.39957 0.66342
vn -0.61700 0.41652 0.66769
vn -0.59630 0.43405 0.67529
vn -0.57011 0.45224 0.68590
vn -0.53796 0.47112 0.69903
vn -0.49948 0.49060 0.71402
vn -0.45442 0.51043 0.73004
vn -0.40279 0.53021 0.74608
vn -0.34497 0.54937 0.76104
vn -0.28176 0.56726 0.77384
vn -0.21438 0.58317 0.78355
vn -0.14437 0.59643 0.78957
vn -0.07338 0.60653 0.79167
vn -0.00300 0.61308 0.79001
vn 0.06548 0.61592 0.78508
vn 0.13112 0.61497 0.77757
vn 0.19336 0.61028 0.76823
vn 0.25195 0.60191 0.75777
vn 0.30686 0.58999 0.74682
vn 0.35815 0.57465 0.73587
vn 0.40592 0.55606 0.72528
vn 0.45020 0.53445 0.71532
vn 0.49097 0.51014 0.70619
vn 0.52812 0.48352 0.69806
vn 0.56151 0.45508 0.69109
vn 0.59097 0.42538 0.68542
vn 0.61634 0.39500 0.68125
vn 0.63749 0.36455 0.67876
vn 0.65433 0.33460 0.67815
vn 0.66684 0.30568 0.67962
vn 0.67501 0.27819 0.68335
vn 0.67889 0.25246 0.68947
vn 0.67853 0.22869 0.69806
vn 0.67401 0.20700 0.70913
vn 0.66542 0.18737 0.72257
vn 0.65288 0.16971 0.73821
vn 0.63658 0.15383 0.75571
vn 0.61681 0.13949 0.77466
vn 0.59396 0.12639 0.79451
vn 0.56859 0.11420 0.81466
vn 0.54139 0.10262 0.83448
vn 0.51321 0.09134 0.85339
vn 0.48499 0.08016 0.87084
vn 0.45773 0.06893 0.88642
vn 0.43252 0.05761 0.89978
vn 0.41072 0.04624 0.91059
vn 0.39447 0.03491 0.91824
vn 0.38935 0.02371 0.92078
vn 0.44441 0.01190 0.89574
vn 0.50526 0.00348 0.86296
vn -0.09222 0.00038 0.99574
vn -0.07911 0.00122 0.99687
vn -0.06673 0.00419 0.99776
vn -0.07034 0.00938 0.99748
vn -0.07893 0.01664 0.99674
vn -0.09136 0.02579 0.99548
vn -0.10706 0.03653 0.99358
vn -0.12551 0.04845 0.99091
vn -0.14617 0.06109 0.98737
vn -0.16843 0.07394 0.98294
vn -0.19170 0.08651 0.97763
vn -0.21545 0.09839 0.97155
vn -0.23927 0.10926 0.96479
vn -0.26286 0.11896 0.95747
vn -0.28610 0.12748 0.94968
vn -0.30899 0.13493 0.94145
vn -0.33164 0.14159 0.93272
vn -0.35423 0.14784 0.92340
vn -0.37696 0.15412 0.91331
vn -0.40001 0.16092 0.90227
vn -0.42344 0.16869 0.89008
vn -0.44721 0.17784 0.87657
vn -0.47110 0.18866 0.86167
vn -0.49475 0.20131 0.84540
vn -0.51767 0.21581 0.82792
vn -0.53929 0.23202 0.80953
vn -0.55900 0.24973 0.79066
vn -0.57625 0.26863 0.77187
vn -0.59052 0.28841 0.75373
vn -0.60143 0.30877 0.73685
vn -0.60866 0.32947 0.72179
vn -0.61196 0.35034 0.70906
vn -0.61114 0.37126 0.69905
vn -0.60599 0.39220 0.69206
vn -0.59629 0.41315 0.68829
vn -0.58175 0.43413 0.68782
vn -0.56205 0.45516 0.69060
vn -0.53680 0.47622 0.69646
vn -0.50562 0.49723 0.70507
vn -0.46814 0.51799 0.71591
vn -0.42416 0.53821 0.72830
vn -0.37371 0.55745 0.74135
vn -0.31716 0.57516 0.75406
vn -0.25536 0.59075 0.76538
vn -0.18961 0.60366 0.77436
vn -0.12156 0.61346 0.78032
vn -0.05308 0.61988 0.78290
vn 0.01404 0.62292 0.78216
vn 0.07831 0.62274 0.77850
vn 0.13867 0.61959 0.77258
vn 0.19455 0.61378 0.76513
vn 0.24580 0.60555 0.75689
vn 0.29262 0.59507 0.74851
vn 0.33539 0.58240 0.74049
vn 0.37458 0.56755 0.73320
vn 0.41064 0.55048 0.72688
vn 0.44393 0.53115 0.72166
vn 0.47471 0.50958 0.71762
vn 0.50309 0.48582 0.71476
vn 0.52902 0.46006 0.71307
vn 0.55239 0.43257 0.71256
vn 0.57296 0.40374 0.71324
vn 0.59048 0.37402 0.71516
vn 0.60467 0.34395 0.71839
vn 0.61528 0.31408 0.72304
vn 0.62211 0.28493 0.72924
vn 0.62500 0.25699 0.73711
vn 0.62385 0.23066 0.74673
vn 0.61862 0.20623 0.75814
vn 0.60935 0.18389 0.77128
vn 0.59614 0.16373 0.78601
vn 0.57918 0.14571 0.80207
vn 0.55882 0.12970 0.81909
vn 0.53551 0.11547 0.83660
vn 0.50989 0.10274 0.85408
vn 0.48276 0.09117 0.87099
vn 0.45509 0.08040 0.88681
vn 0.42795 0.07009 0.90108
vn 0.40258 0.05992 0.91342
vn 0.38048 0.04965 0.92346
vn 0.36394 0.03905 0.93060
vn 0.35845 0.02788 0.93313
vn 0.41078 0.01493 0.91161
vn 0.47430 0.00475 0.88035
vn -0.08694 0.00093 0.99621
vn -0.07341 0.00219 0.99730
vn -0.05546 0.00468 0.99845
vn -0.05337 0.00848 0.99854
vn -0.05620 0.01379 0.99832
vn -0.06316 0.02073 0.99779
vn -0.07410 0.02928 0.99682
vn -0.08883 0.03930 0.99527
vn -0.10706 0.05054 0.99297
vn -0.12834 0.06262 0.98975
vn -0.15207 0.07514 0.98551
vn -0.17756 0.08764 0.98020
vn -0.20409 0.09969 0.97386
vn -0.23099 0.11096 0.96661
vn -0.25767 0.12120 0.95860
vn -0.28369 0.13031 0.95002
vn -0.30877 0.13834 0.94102
vn -0.33277 0.14548 0.93172
vn -0.35567 0.15204 0.92216
vn -0.37757 0.15844 0.91232
vn -0.39861 0.16515 0.90213
vn -0.41891 0.17267 0.89146
vn -0.43857 0.18149 0.88018
vn -0.45762 0.19201 0.86817
vn -0.47597 0.20454 0.85534
vn -0.49342 0.21925 0.84170
vn -0.50965 0.23617 0.82733
vn -0.52428 0.25518 0.81241
vn -0.53684 0.27603 0.79725
vn -0.54690 0.29841 0.78221
vn -0.55400 0.32192 0.76776
vn -0.55775 0.34622 0.75435
vn -0.55780 0.37096 0.74246
vn -0.55384 0.39585 0.73251
vn -0.54557 0.42066 0.72485
vn -0.53271 0.44521 0.71973
vn -0.51497 0.46933 0.71731
vn -0.49204 0.49288 0.71761
vn -0.46361 0.51567 0.72052
vn -0.42942 0.53746 0.72577
vn -0.38930 0.55792 0.73292
vn -0.34326 0.57667 0.74137
vn -0.29158 0.59321 0.75039
vn -0.23488 0.60705 0.75916
vn -0.17422 0.61773 0.76685
vn -0.11099 0.62493 0.77275
vn -0.04687 0.62851 0.77639
vn 0.01641 0.62858 0.77757
vn 0.07722 0.62545 0.77643
vn 0.13430 0.61959 0.77335
vn 0.18680 0.61151 0.76887
vn 0.23430 0.60165 0.76362
vn 0.27680 0.59037 0.75818
vn 0.31458 0.57787 0.75306
vn 0.34814 0.56421 0.74864
vn 0.37805 0.54932 0.74520
vn 0.40488 0.53307 0.74291
vn 0.42916 0.51526 0.74184
vn 0.45131 0.49574 0.74199
vn 0.47163 0.47437 0.74332
vn 0.49026 0.45112 0.74575
vn 0.50718 0.42603 0.74917
vn 0.52229 0.39930 0.75351
vn 0.53534 0.37124 0.75868
vn 0.54604 0.34226 0.76466
vn 0.55406 0.31286 0.77145
vn 0.55908 0.28360 0.77910
vn 0.56083 0.25502 0.78767
vn 0.55910 0.22764 0.79724
vn 0.55372 0.20189 0.80786
vn 0.54467 0.17812 0.81952
vn 0.53197 0.15654 0.83217
vn 0.51581 0.13725 0.84564
vn 0.49648 0.12021 0.85968
vn 0.47444 0.10527 0.87397
vn 0.45031 0.09216 0.88810
vn 0.42489 0.08055 0.90165
vn 0.39916 0.07003 0.91420
vn 0.37432 0.06014 0.92535
vn 0.35189 0.05045 0.93468
vn 0.33418 0.04050 0.94164
vn 0.32648 0.02975 0.94474
vn 0.37212 0.01661 0.92804
vn 0.43462 0.00560 0.90060
vn -0.07604 0.00163 0.99710
vn -0.06586 0.00383 0.99782
vn -0.04676 0.00644 0.99889
vn -0.04175 0.00913 0.99909
vn -0.04076 0.01244 0.99909
vn -0.04334 0.01669 0.99892
vn -0.04968 0.02213 0.99852
vn -0.05998 0.02891 0.99778
vn -0.07432 0.03708 0.99654
vn -0.09257 0.04654 0.99462
vn -0.11436 0.05711 0.99180
vn -0.13916 0.06850 0.98790
vn -0.16621 0.08037 0.98281
vn -0.19469 0.09235 0.97651
vn -0.22374 0.10407 0.96908
vn -0.25254 0.11526 0.96070
vn -0.28040 0.12573 0.95161
vn -0.30677 0.13542 0.94210
vn -0.33130 0.14441 0.93241
vn -0.35382 0.15289 0.92273
vn -0.37427 0.16116 0.91321
vn -0.39275 0.16962 0.90387
vn -0.40940 0.17871 0.89468
vn -0.42442 0.18888 0.88554
vn -0.43798 0.20057 0.87632
vn -0.45021 0.21414 0.86687
vn -0.46115 0.22985 0.85703
vn -0.47078 0.24785 0.84672
vn -0.47893 0.26810 0.83591
vn -0.48538 0.29046 0.82465
vn -0.48981 0.31463 0.81308
vn -0.49187 0.34023 0.80144
vn -0.49118 0.36681 0.79006
vn -0.48738 0.39390 0.77929
vn -0.48012 0.42107 0.76953
vn -0.46906 0.44792 0.76115
vn -0.45391 0.47408 0.75446
vn -0.43439 0.49924 0.74971
vn -0.41025 0.52312 0.74702
vn -0.38127 0.54543 0.74642
vn -0.34731 0.56586 0.74778
vn -0.30834 0.58408 0.75085
vn -0.26450 0.59974 0.75522
vn -0.21614 0.61244 0.76040
vn -0.16390 0.62183 0.76581
vn -0.10873 0.62765 0.77087
vn -0.05184 0.62977 0.77505
vn 0.00537 0.62824 0.77800
vn 0.06146 0.62335 0.77953
vn 0.11507 0.61553 0.77967
vn 0.16508 0.60534 0.77866
vn 0.21072 0.59337 0.77686
vn 0.25156 0.58016 0.77468
vn 0.28750 0.56613 0.77256
vn 0.31873 0.55153 0.77086
vn 0.34564 0.53647 0.76989
vn 0.36875 0.52091 0.76986
vn 0.38862 0.50471 0.77087
vn 0.40582 0.48765 0.77299
vn 0.42087 0.46949 0.77618
vn 0.43420 0.44999 0.78037
vn 0.44612 0.42899 0.78546
vn 0.45681 0.40639 0.79131
vn 0.46632 0.38223 0.79778
vn 0.47456 0.35664 0.80473
vn 0.48134 0.32991 0.81208
vn 0.48639 0.30243 0.81974
vn 0.48937 0.27466 0.82769
vn 0.48998 0.24714 0.83597
vn 0.48792 0.22038 0.84461
vn 0.48294 0.19487 0.85369
vn 0.47489 0.17104 0.86327
vn 0.46371 0.14917 0.87334
vn 0.44947 0.12945 0.88387
vn 0.43237 0.11193 0.89472
vn 0.41277 0.09652 0.90571
vn 0.39120 0.08301 0.91655
vn 0.36841 0.07108 0.92694
vn 0.34539 0.06032 0.93652
vn 0.32351 0.05025 0.94489
vn 0.30493 0.04031 0.95152
vn 0.29450 0.02981 0.95519
vn 0.33110 0.01700 0.94344
vn 0.38907 0.00594 0.92119
vn -0.05885 0.00222 0.99826
vn -0.05467 0.00551 0.99849
vn -0.03900 0.00871 0.99920
vn -0.03427 0.01088 0.99935
vn -0.03220 0.01274 0.99940
vn -0.03257 0.01470 0.99936
vn -0.03577 0.01716 0.99921
vn -0.04223 0.02045 0.99890
vn -0.05235 0.02488 0.99832
vn -0.06632 0.03065 0.99733
vn -0.08415 0.03787 0.99573
vn -0.10560 0.04653 0.99332
vn -0.13019 0.05653 0.98988
vn -0.15724 0.06764 0.98524
vn -0.18590 0.07959 0.97934
vn -0.21524 0.09205 0.97221
vn -0.24434 0.10470 0.96402
vn -0.27233 0.11729 0.95503
vn -0.29850 0.12962 0.94557
vn -0.32234 0.14162 0.93597
vn -0.34350 0.15331 0.92655
vn -0.36184 0.16486 0.91755
vn -0.37734 0.17648 0.90910
vn -0.39013 0.18850 0.90126
vn -0.40042 0.20125 0.89396
vn -0.40844 0.21511 0.88708
vn -0.41446 0.23042 0.88042
vn -0.41871 0.24744 0.87376
vn -0.42137 0.26637 0.86689
vn -0.42255 0.28726 0.85961
vn -0.42226 0.31005 0.85180
vn -0.42045 0.33452 0.84340
vn -0.41695 0.36032 0.83446
vn -0.41156 0.38704 0.82512
vn -0.40400 0.41416 0.81563
vn -0.39398 0.44119 0.80631
vn -0.38120 0.46763 0.79750
vn -0.36538 0.49303 0.78957
vn -0.34625 0.51700 0.78283
vn -0.32356 0.53917 0.77756
vn -0.29712 0.55925 0.77392
vn -0.26683 0.57693 0.77198
vn -0.23263 0.59195 0.77167
vn -0.19464 0.60403 0.77283
vn -0.15312 0.61291 0.77517
vn -0.10854 0.61838 0.77835
vn -0.06158 0.62030 0.78194
vn -0.01315 0.61864 0.78557
vn 0.03571 0.61351 0.78888
vn 0.08385 0.60521 0.79164
vn 0.13014 0.59415 0.79375
vn 0.17357 0.58090 0.79525
vn 0.21335 0.56603 0.79630
vn 0.24894 0.55011 0.79712
vn 0.28006 0.53363 0.79800
vn 0.30670 0.51693 0.79920
vn 0.32906 0.50022 0.80093
vn 0.34750 0.48356 0.80337
vn 0.36250 0.46688 0.80661
vn 0.37457 0.45000 0.81068
vn 0.38427 0.43268 0.81555
vn 0.39211 0.41469 0.82115
vn 0.39853 0.39576 0.82737
vn 0.40387 0.37573 0.83410
vn 0.40837 0.35449 0.84117
vn 0.41213 0.33204 0.84847
vn 0.41512 0.30849 0.85587
vn 0.41718 0.28408 0.86328
vn 0.41809 0.25915 0.87066
vn 0.41753 0.23409 0.87799
vn 0.41519 0.20935 0.88532
vn 0.41075 0.18538 0.89270
vn 0.40396 0.16259 0.90021
vn 0.39462 0.14132 0.90791
vn 0.38267 0.12181 0.91582
vn 0.36818 0.10417 0.92390
vn 0.35138 0.08841 0.93205
vn 0.33270 0.07439 0.94009
vn 0.31284 0.06187 0.94779
vn 0.29286 0.05048 0.95482
vn 0.27461 0.03974 0.96073
vn 0.26230 0.02899 0.96455
vn 0.28968 0.01652 0.95698
vn 0.34088 0.00588 0.94009
vn -0.03727 0.00243 0.99930
vn -0.03969 0.00648 0.99919
vn -0.03068 0.01033 0.99948
vn -0.02878 0.01253 0.99951
vn -0.02817 0.01377 0.99951
vn -0.02877 0.01441 0.99948
vn -0.03095 0.01483 0.99941
vn -0.03519 0.01544 0.99926
vn -0.04200 0.01665 0.99898
vn -0.05179 0.01886 0.99848
vn -0.06484 0.02242 0.99764
vn -0.08125 0.02758 0.99631
vn -0.10092 0.03453 0.99430
vn -0.12350 0.04330 0.99140
vn -0.14845 0.05382 0.98745
vn -0.17503 0.06593 0.98235
vn -0.20238 0.07934 0.97609
vn -0.22957 0.09374 0.96877
vn -0.25573 0.10880 0.96061
vn -0.28006 0.12422 0.95191
vn -0.30192 0.13975 0.94304
vn -0.32085 0.15525 0.93432
vn -0.33658 0.17067 0.92606
vn -0.34900 0.18605 0.91847
vn -0.35814 0.20152 0.91166
vn -0.36417 0.21727 0.90564
vn -0.36733 0.23353 0.90030
vn -0.36793 0.25055 0.89546
vn -0.36631 0.26855 0.89090
vn -0.36281 0.28772 0.88633
vn -0.35774 0.30815 0.88151
vn -0.35139 0.32985 0.87620
vn -0.34394 0.35271 0.87023
vn -0.33551 0.37650 0.86352
vn -0.32612 0.40091 0.85610
vn -0.31568 0.42554 0.84809
vn -0.30404 0.44993 0.83971
vn -0.29098 0.47364 0.83126
vn -0.27623 0.49621 0.82309
vn -0.25949 0.51726 0.81554
vn -0.24050 0.53642 0.80896
vn -0.21899 0.55339 0.80362
vn -0.19474 0.56790 0.79973
vn -0.16762 0.57972 0.79739
vn -0.13758 0.58864 0.79660
vn -0.10472 0.59447 0.79727
vn -0.06926 0.59707 0.79919
vn -0.03161 0.59635 0.80210
vn 0.00763 0.59230 0.80568
vn 0.04773 0.58501 0.80962
vn 0.08781 0.57473 0.81362
vn 0.12695 0.56180 0.81748
vn 0.16424 0.54669 0.82107
vn 0.19885 0.52997 0.82437
vn 0.23014 0.51218 0.82747
vn 0.25765 0.49387 0.83048
vn 0.28115 0.47548 0.83359
vn 0.30061 0.45732 0.83696
vn 0.31620 0.43958 0.84071
vn 0.32824 0.42230 0.84494
vn 0.33715 0.40541 0.84969
vn 0.34343 0.38873 0.85495
vn 0.34759 0.37204 0.86068
vn 0.35014 0.35508 0.86679
vn 0.35153 0.33760 0.87318
vn 0.35214 0.31941 0.87976
vn 0.35223 0.30037 0.88640
vn 0.35193 0.28044 0.89303
vn 0.35124 0.25969 0.89955
vn 0.35003 0.23827 0.90593
vn 0.34810 0.21644 0.91213
vn 0.34514 0.19450 0.91818
vn 0.34083 0.17282 0.92410
vn 0.33486 0.15176 0.92997
vn 0.32695 0.13165 0.93583
vn 0.31692 0.11276 0.94172
vn 0.30474 0.09529 0.94766
vn 0.29052 0.07933 0.95358
vn 0.27462 0.06486 0.95936
vn 0.25777 0.05173 0.96482
vn 0.24136 0.03966 0.96963
vn 0.22883 0.02815 0.97306
vn 0.24861 0.01573 0.96847
vn 0.29258 0.00560 0.95622
vn -0.01530 0.00213 0.99988
vn -0.02272 0.00622 0.99972
vn -0.02133 0.01031 0.99972
vn -0.02335 0.01275 0.99965
vn -0.02572 0.01405 0.99957
vn -0.02836 0.01442 0.99949
vn -0.03146 0.01413 0.99941
vn -0.03538 0.01348 0.99928
vn -0.04053 0.01288 0.99910
vn -0.04733 0.01274 0.99880
vn -0.05619 0.01351 0.99833
vn -0.06740 0.01562 0.99760
vn -0.08116 0.01942 0.99651
vn -0.09750 0.02521 0.99492
vn -0.11625 0.03317 0.99267
vn -0.13706 0.04334 0.98961
vn -0.15940 0.05565 0.98564
vn -0.18260 0.06992 0.98070
vn -0.20587 0.08585 0.97481
vn -0.22841 0.10307 0.96809
vn -0.24944 0.12121 0.96078
vn -0.26828 0.13989 0.95313
vn -0.28438 0.15880 0.94547
vn -0.29736 0.17769 0.93808
vn -0.30699 0.19640 0.93123
vn -0.31321 0.21487 0.92506
vn -0.31609 0.23310 0.91965
vn -0.31581 0.25116 0.91498
vn -0.31267 0.26918 0.91092
vn -0.30705 0.28729 0.90729
vn -0.29937 0.30563 0.90386
vn -0.29007 0.32433 0.90037
vn -0.27961 0.34345 0.89659
vn -0.26838 0.36300 0.89231
vn -0.25672 0.38292 0.88740
vn -0.24486 0.40306 0.88181
vn -0.23294 0.42322 0.87557
vn -0.22094 0.44312 0.86881
vn -0.20875 0.46243 0.86173
vn -0.19614 0.48082 0.85460
vn -0.18283 0.49795 0.84771
vn -0.16848 0.51349 0.84139
vn -0.15273 0.52715 0.83593
vn -0.13525 0.53866 0.83160
vn -0.11577 0.54779 0.82857
vn -0.09406 0.55433 0.82697
vn -0.07003 0.55810 0.82681
vn -0.04370 0.55898 0.82803
vn -0.01522 0.55685 0.83047
vn 0.01507 0.55171 0.83390
vn 0.04669 0.54359 0.83805
vn 0.07902 0.53267 0.84263
vn 0.11132 0.51920 0.84737
vn 0.14279 0.50358 0.85206
vn 0.17265 0.48628 0.85657
vn 0.20019 0.46784 0.86084
vn 0.22482 0.44878 0.86490
vn 0.24612 0.42960 0.86883
vn 0.26386 0.41072 0.87275
vn 0.27799 0.39243 0.87677
vn 0.28864 0.37490 0.88099
vn 0.29608 0.35815 0.88547
vn 0.30070 0.34209 0.89025
vn 0.30292 0.32657 0.89532
vn 0.30326 0.31133 0.90062
vn 0.30218 0.29611 0.90609
vn 0.30013 0.28065 0.91168
vn 0.29747 0.26473 0.91729
vn 0.29446 0.24818 0.92287
vn 0.29125 0.23092 0.92836
vn 0.28786 0.21296 0.93369
vn 0.28418 0.19438 0.93886
vn 0.28003 0.17538 0.94384
vn 0.27513 0.15621 0.94863
vn 0.26919 0.13716 0.95327
vn 0.26194 0.11853 0.95778
vn 0.25315 0.10063 0.96218
vn 0.24272 0.08370 0.96648
vn 0.23074 0.06793 0.97064
vn 0.21756 0.05339 0.97458
vn 0.20415 0.04004 0.97812
vn 0.19312 0.02762 0.98079
vn 0.20771 0.01502 0.97807
vn 0.24536 0.00529 0.96942
vn -0.00126 0.00020 1.00000
vn -0.00702 0.00286 0.99997
vn -0.01064 0.00674 0.99992
vn -0.01629 0.01021 0.99982
vn -0.02260 0.01242 0.99967
vn -0.02784 0.01325 0.99952
vn -0.03291 0.01336 0.99937
vn -0.03789 0.01291 0.99920
vn -0.04296 0.01214 0.99900
vn -0.04840 0.01138 0.99876
vn -0.05453 0.01102 0.99845
vn -0.06168 0.01147 0.99803
vn -0.07018 0.01316 0.99745
vn -0.08027 0.01648 0.99664
vn -0.09211 0.02177 0.99551
vn -0.10573 0.02929 0.99396
vn -0.12100 0.03918 0.99188
vn -0.13763 0.05147 0.98915
vn -0.15519 0.06604 0.98568
vn -0.17313 0.08265 0.98142
vn -0.19082 0.10099 0.97642
vn -0.20758 0.12063 0.97075
vn -0.22277 0.14114 0.96460
vn -0.23584 0.16208 0.95818
vn -0.24630 0.18307 0.95175
vn -0.25385 0.20377 0.94554
vn -0.25829 0.22393 0.93976
vn -0.25959 0.24340 0.93454
vn -0.25784 0.26209 0.92996
vn -0.25327 0.28000 0.92599
vn -0.24620 0.29718 0.92254
vn -0.23703 0.31371 0.91946
vn -0.22624 0.32972 0.91657
vn -0.21433 0.34533 0.91368
vn -0.20179 0.36065 0.91061
vn -0.18908 0.37576 0.90722
vn -0.17658 0.39072 0.90342
vn -0.16454 0.40550 0.89916
vn -0.15312 0.42003 0.89450
vn -0.14231 0.43419 0.88951
vn -0.13199 0.44777 0.88435
vn -0.12192 0.46056 0.87921
vn -0.11175 0.47230 0.87433
vn -0.10111 0.48271 0.86992
vn -0.08958 0.49154 0.86623
vn -0.07679 0.49853 0.86346
vn -0.06239 0.50345 0.86177
vn -0.04612 0.50610 0.86124
vn -0.02783 0.50630 0.86191
vn -0.00749 0.50392 0.86372
vn 0.01478 0.49890 0.86653
vn 0.03873 0.49124 0.87016
vn 0.06392 0.48102 0.87438
vn 0.08983 0.46841 0.87893
vn 0.11579 0.45372 0.88359
vn 0.14112 0.43731 0.88817
vn 0.16511 0.41964 0.89255
vn 0.18711 0.40120 0.89667
vn 0.20659 0.38249 0.90057
vn 0.22314 0.36393 0.90430
vn 0.23655 0.34589 0.90797
vn 0.24673 0.32862 0.91167
vn 0.25377 0.31225 0.91548
vn 0.25788 0.29679 0.91946
vn 0.25941 0.28214 0.92364
vn 0.25874 0.26813 0.92799
vn 0.25632 0.25450 0.93248
vn 0.25259 0.24101 0.93708
vn 0.24796 0.22740 0.94170
vn 0.24279 0.21342 0.94631
vn 0.23734 0.19891 0.95084
vn 0.23176 0.18378 0.95526
vn 0.22611 0.16800 0.95950
vn 0.22033 0.15167 0.96356
vn 0.21429 0.13492 0.96741
vn 0.20778 0.11799 0.97103
vn 0.20060 0.10115 0.97444
vn 0.19256 0.08469 0.97762
vn 0.18358 0.06887 0.98059
vn 0.17379 0.05393 0.98330
vn 0.16373 0.04002 0.98569
vn 0.15529 0.02712 0.98750
vn 0.16675 0.01444 0.98589
vn 0.19939 0.00504 0.97991
vn 0.00000 0.00000 1.00000
vn -0.00032 0.00020 1.00000
vn -0.00136 0.00116 1.00000
vn -0.00527 0.00354 0.99998
vn -0.01438 0.00721 0.99987
vn -0.02514 0.01013 0.99963
vn -0.03197 0.01120 0.99943
vn -0.03834 0.01187 0.99919
vn -0.04418 0.01221 0.99895
vn -0.04952 0.01238 0.99870
vn -0.05449 0.01258 0.99844
vn -0.05930 0.01310 0.99815
vn -0.06421 0.01428 0.99783
vn -0.06953 0.01648 0.99744
vn -0.07555 0.02005 0.99694
vn -0.08253 0.02531 0.99627
vn -0.09063 0.03256 0.99535
vn -0.09994 0.04198 0.99411
vn -0.11041 0.05365 0.99244
vn -0.12187 0.06756 0.99024
vn -0.13401 0.08357 0.98745
vn -0.14642 0.10140 0.98401
vn -0.15862 0.12070 0.97993
vn -0.17008 0.14104 0.97528
vn -0.18028 0.16197 0.97019
vn -0.18874 0.18303 0.96482
vn -0.19508 0.20379 0.95938
vn -0.19901 0.22389 0.95408
vn -0.20037 0.24305 0.94909
vn -0.19913 0.26106 0.94456
vn -0.19537 0.27782 0.94056
vn -0.18929 0.29328 0.93710
vn -0.18122 0.30749 0.93414
vn -0.17152 0.32054 0.93158
vn -0.16064 0.33256 0.92930
vn -0.14906 0.34373 0.92716
vn -0.13723 0.35422 0.92504
vn -0.12559 0.36420 0.92281
vn -0.11447 0.37382 0.92041
vn -0.10412 0.38317 0.91779
vn -0.09467 0.39229 0.91496
vn -0.08610 0.40116 0.91195
vn -0.07829 0.40969 0.90886
vn -0.07099 0.41774 0.90579
vn -0.06385 0.42511 0.90289
vn -0.05650 0.43156 0.90031
vn -0.04853 0.43686 0.89822
vn -0.03953 0.44075 0.89676
vn -0.02916 0.44298 0.89606
vn -0.01716 0.44336 0.89618
vn -0.00335 0.44168 0.89716
vn 0.01230 0.43784 0.89897
vn 0.02970 0.43174 0.90151
vn 0.04862 0.42340 0.90464
vn 0.06869 0.41290 0.90818
vn 0.08942 0.40041 0.91196
vn 0.11024 0.38620 0.91580
vn 0.13054 0.37060 0.91957
vn 0.14967 0.35401 0.92319
vn 0.16708 0.33685 0.92661
vn 0.18226 0.31954 0.92988
vn 0.19485 0.30245 0.93304
vn 0.20462 0.28587 0.93617
vn 0.21148 0.27001 0.93935
vn 0.21549 0.25497 0.94263
vn 0.21682 0.24077 0.94605
vn 0.21576 0.22731 0.94962
vn 0.21267 0.21444 0.95330
vn 0.20795 0.20194 0.95707
vn 0.20201 0.18960 0.96085
vn 0.19526 0.17719 0.96461
vn 0.18804 0.16453 0.96828
vn 0.18064 0.15146 0.97182
vn 0.17324 0.13792 0.97518
vn 0.16595 0.12390 0.97832
vn 0.15877 0.10949 0.98122
vn 0.15166 0.09485 0.98387
vn 0.14451 0.08017 0.98625
vn 0.13724 0.06571 0.98836
vn 0.12987 0.05172 0.99018
vn 0.12268 0.03842 0.99170
vn 0.11695 0.02593 0.99280
vn 0.12637 0.01370 0.99189
vn 0.15474 0.00480 0.98794
vn 0.00000 0.00000 1.00000
vn 0.00000 0.00000 1.00000
vn 0.00000 0.00000 1.00000
vn 0.00000 0.00000 1.00000
vn -0.00330 0.00123 0.99999
vn -0.01580 0.00455 0.99986
vn -0.02744 0.00744 0.99960
vn -0.03446 0.00941 0.99936
vn -0.04088 0.01134 0.99910
vn -0.04650 0.01321 0.99883
vn -0.05126 0.01506 0.99857
vn -0.05517 0.01698 0.99833
vn -0.05834 0.01912 0.99811
vn -0.06096 0.02169 0.99790
vn -0.06330 0.02492 0.99768
vn -0.06565 0.02910 0.99742
vn -0.06831 0.03448 0.99707
vn -0.07155 0.04132 0.99658
vn -0.07561 0.04981 0.99589
vn -0.08060 0.06009 0.99493
vn -0.08658 0.07222 0.99362
vn -0.09346 0.08614 0.99189
vn -0.10107 0.10171 0.98967
vn -0.10911 0.11869 0.98692
vn -0.11721 0.13674 0.98365
vn -0.12498 0.15548 0.97990
vn -0.13198 0.17448 0.97578
vn -0.13780 0.19334 0.97141
vn -0.14210 0.21165 0.96696
vn -0.14461 0.22908 0.96261
vn -0.14515 0.24535 0.95851
vn -0.14366 0.26027 0.95479
vn -0.14018 0.27373 0.95154
vn -0.13485 0.28570 0.94878
vn -0.12792 0.29621 0.94652
vn -0.11970 0.30537 0.94468
vn -0.11055 0.31334 0.94318
vn -0.10086 0.32031 0.94193
vn -0.09103 0.32651 0.94080
vn -0.08143 0.33214 0.93971
vn -0.07234 0.33741 0.93858
vn -0.06399 0.34248 0.93734
vn -0.05648 0.34747 0.93599
vn -0.04982 0.35241 0.93452
vn -0.04389 0.35730 0.93296
vn -0.03848 0.36203 0.93137
vn -0.03331 0.36646 0.92984
vn -0.02803 0.37038 0.92846
vn -0.02229 0.37357 0.92733
vn -0.01573 0.37578 0.92658
vn -0.00804 0.37675 0.92628
vn 0.00101 0.37627 0.92651
vn 0.01156 0.37413 0.92730
vn 0.02365 0.37020 0.92865
vn 0.03719 0.36436 0.93051
vn 0.05197 0.35662 0.93280
vn 0.06767 0.34701 0.93542
vn 0.08386 0.33569 0.93823
vn 0.10004 0.32285 0.94115
vn 0.11569 0.30877 0.94407
vn 0.13028 0.29379 0.94695
vn 0.14330 0.27824 0.94976
vn 0.15433 0.26247 0.95252
vn 0.16307 0.24679 0.95525
vn 0.16929 0.23147 0.95800
vn 0.17294 0.21669 0.96080
vn 0.17405 0.20255 0.96368
vn 0.17279 0.18911 0.96664
vn 0.16941 0.17630 0.96965
vn 0.16426 0.16404 0.97268
vn 0.15772 0.15219 0.97569
vn 0.15018 0.14059 0.97861
vn 0.14205 0.12908 0.98141
vn 0.13367 0.11753 0.98403
vn 0.12534 0.10584 0.98645
vn 0.11730 0.09397 0.98864
vn 0.10967 0.08194 0.99058
vn 0.10255 0.06982 0.99227
vn 0.09595 0.05774 0.99371
vn 0.08992 0.04587 0.99489
vn 0.08465 0.03437 0.99582
vn 0.08097 0.02336 0.99644
vn 0.08844 0.01244 0.99600
vn 0.11238 0.00445 0.99366
vn 0.00000 0.00000 1.00000
vn 0.00000 0.00000 1.00000
vn 0.00000 0.00000 1.00000
vn 0.00000 0.00000 1.00000
vn -0.00001 -0.00000 1.00000
vn -0.00719 0.00075 0.99997
vn -0.01899 0.00300 0.99982
vn -0.02651 0.00595 0.99963
vn -0.03251 0.00910 0.99943
vn -0.03791 0.01252 0.99920
vn -0.04249 0.01611 0.99897
vn -0.04613 0.01981 0.99874
vn -0.04876 0.02359 0.99853
vn -0.05043 0.02747 0.99835
vn -0.05126 0.03150 0.99819
vn -0.05144 0.03580 0.99803
vn -0.05123 0.04052 0.99786
vn -0.05092 0.04583 0.99765
vn -0.05081 0.05193 0.99736
vn -0.05118 0.05900 0.99695
vn -0.05228 0.06718 0.99637
vn -0.05426 0.07660 0.99558
vn -0.05722 0.08729 0.99454
vn -0.06114 0.09925 0.99318
vn -0.06590 0.11237 0.99148
vn -0.07131 0.12647 0.98940
vn -0.07708 0.14133 0.98696
vn -0.08289 0.15664 0.98417
vn -0.08836 0.17209 0.98111
vn -0.09315 0.18733 0.97787
vn -0.09692 0.20205 0.97457
vn -0.09941 0.21595 0.97133
vn -0.10043 0.22880 0.96828
vn -0.09986 0.24042 0.96552
vn -0.09769 0.25071 0.96312
vn -0.09400 0.25961 0.96113
vn -0.08894 0.26717 0.95954
vn -0.08274 0.27346 0.95832
vn -0.07569 0.27864 0.95741
vn -0.06809 0.28288 0.95674
vn -0.06028 0.28639 0.95622
vn -0.05254 0.28939 0.95577
vn -0.04513 0.29208 0.95533
vn -0.03826 0.29465 0.95484
vn -0.03203 0.29722 0.95427
vn -0.02648 0.29988 0.95361
vn -0.02153 0.30264 0.95286
vn -0.01705 0.30544 0.95206
vn -0.01283 0.30817 0.95125
vn -0.00860 0.31065 0.95048
vn -0.00410 0.31269 0.94985
vn 0.00095 0.31404 0.94941
vn 0.00678 0.31446 0.94925
vn 0.01358 0.31373 0.94941
vn 0.02146 0.31164 0.94996
vn 0.03043 0.30802 0.95089
vn 0.04041 0.30277 0.95221
vn 0.05124 0.29583 0.95386
vn 0.06265 0.28723 0.95581
vn 0.07429 0.27707 0.95797
vn 0.08578 0.26549 0.96029
vn 0.09670 0.25272 0.96269
vn 0.10662 0.23903 0.96514
vn 0.11517 0.22471 0.96759
vn 0.12201 0.21006 0.97005
vn 0.12690 0.19536 0.97249
vn 0.12970 0.18086 0.97492
vn 0.13036 0.16676 0.97734
vn 0.12896 0.15322 0.97974
vn 0.12566 0.14030 0.98210
vn 0.12071 0.12804 0.98440
vn 0.11443 0.11641 0.98659
vn 0.10717 0.10534 0.98864
vn 0.09932 0.09476 0.99053
vn 0.09123 0.08455 0.99223
vn 0.08326 0.07463 0.99373
vn 0.07566 0.06493 0.99502
vn 0.06868 0.05540 0.99610
vn 0.06248 0.04603 0.99698
vn 0.05719 0.03685 0.99768
vn 0.05299 0.02791 0.99820
vn 0.05046 0.01922 0.99854
vn 0.05563 0.01043 0.99840
vn 0.07438 0.00386 0.99722
vn -0.00002 -0.00000 1.00000
vn -0.00009 -0.00004 1.00000
vn -0.00019 -0.00016 1.00000
vn -0.00034 -0.00039 1.00000
vn -0.00056 -0.00077 1.00000
vn -0.00423 -0.00082 0.99999
vn -0.01167 0.00056 0.99993
vn -0.01666 0.00314 0.99986
vn -0.02107 0.00660 0.99976
vn -0.02526 0.01067 0.99962
vn -0.02901 0.01520 0.99946
vn -0.03214 0.02005 0.99928
vn -0.03451 0.02511 0.99909
vn -0.03604 0.03024 0.99889
vn -0.03671 0.03536 0.99870
vn -0.03659 0.04040 0.99851
vn -0.03578 0.04538 0.99833
vn -0.03449 0.05031 0.99814
vn -0.03292 0.05527 0.99793
vn -0.03134 0.06037 0.99768
vn -0.03001 0.06576 0.99738
vn -0.02915 0.07157 0.99701
vn -0.02899 0.07795 0.99654
vn -0.02966 0.08502 0.99594
vn -0.03125 0.09287 0.99519
vn -0.03375 0.10156 0.99426
vn -0.03710 0.11107 0.99312
vn -0.04113 0.12133 0.99176
vn -0.04562 0.13223 0.99017
vn -0.05031 0.14360 0.98836
vn -0.05490 0.15522 0.98635
vn -0.05909 0.16686 0.98421
vn -0.06260 0.17828 0.98199
vn -0.06517 0.18924 0.97977
vn -0.06661 0.19953 0.97762
vn -0.06682 0.20899 0.97563
vn -0.06573 0.21747 0.97385
vn -0.06338 0.22490 0.97232
vn -0.05987 0.23127 0.97105
vn -0.05535 0.23659 0.97003
vn -0.05004 0.24094 0.96925
vn -0.04418 0.24445 0.96865
vn -0.03801 0.24726 0.96820
vn -0.03180 0.24952 0.96785
vn -0.02574 0.25140 0.96754
vn -0.02002 0.25305 0.96725
vn -0.01476 0.25459 0.96694
vn -0.01001 0.25609 0.96660
vn -0.00577 0.25760 0.96623
vn -0.00195 0.25909 0.96585
vn 0.00157 0.26048 0.96548
vn 0.00495 0.26165 0.96515
vn 0.00837 0.26245 0.96491
vn 0.01201 0.26268 0.96481
vn 0.01605 0.26215 0.96489
vn 0.02061 0.26065 0.96521
vn 0.02576 0.25802 0.96580
vn 0.03152 0.25408 0.96667
vn 0.03785 0.24875 0.96783
vn 0.04461 0.24195 0.96926
vn 0.05163 0.23370 0.97094
vn 0.05867 0.22406 0.97281
vn 0.06547 0.21315 0.97482
vn 0.07173 0.20116 0.97693
vn 0.07718 0.18830 0.97907
vn 0.08156 0.17484 0.98121
vn 0.08465 0.16105 0.98331
vn 0.08631 0.14719 0.98533
vn 0.08646 0.13353 0.98727
vn 0.08511 0.12027 0.98909
vn 0.08234 0.10761 0.99078
vn 0.07832 0.09566 0.99233
vn 0.07327 0.08450 0.99373
vn 0.06745 0.07416 0.99496
vn 0.06118 0.06463 0.99603
vn 0.05474 0.05584 0.99694
vn 0.04845 0.04773 0.99768
vn 0.04255 0.04020 0.99829
vn 0.03729 0.03316 0.99875
vn 0.03285 0.02652 0.99911
vn 0.02945 0.02020 0.99936
vn 0.02746 0.01410 0.99952
vn 0.03020 0.00783 0.99951
vn 0.04326 0.00303 0.99906
vn -0.00003 0.00000 1.00000
vn -0.00020 0.00003 1.00000
vn -0.00058 0.00009 1.00000
vn -0.00107 0.00017 1.00000
vn -0.00175 0.00028 1.00000
vn -0.00266 0.00043 1.00000
vn -0.00545 0.00169 0.99998
vn -0.00746 0.00399 0.99996
vn -0.00961 0.00701 0.99993
vn -0.01180 0.01075 0.99987
vn -0.01391 0.01515 0.99979
vn -0.01582 0.02012 0.99967
vn -0.01741 0.02555 0.99952
vn -0.01859 0.03129 0.99934
vn -0.01929 0.03720 0.99912
vn -0.01949 0.04312 0.99888
vn -0.01920 0.04892 0.99862
vn -0.01848 0.05449 0.99834
vn -0.01742 0.05977 0.99806
vn -0.01614 0.06471 0.99777
vn -0.01479 0.06934 0.99748
vn -0.01353 0.07371 0.99719
vn -0.01252 0.07793 0.99688
vn -0.01189 0.08213 0.99655
vn -0.01177 0.08646 0.99619
vn -0.01224 0.09110 0.99577
vn -0.01332 0.09620 0.99527
vn -0.01502 0.10191 0.99468
vn -0.01727 0.10833 0.99396
vn -0.01995 0.11554 0.99310
vn -0.02293 0.12356 0.99207
vn -0.02602 0.13234 0.99086
vn -0.02903 0.14181 0.98947
vn -0.03176 0.15181 0.98790
vn -0.03404 0.16219 0.98617
vn -0.03570 0.17272 0.98432
vn -0.03662 0.18319 0.98239
vn -0.03672 0.19338 0.98044
vn -0.03598 0.20308 0.97850
vn -0.03441 0.21210 0.97664
vn -0.03209 0.22029 0.97491
vn -0.02912 0.22754 0.97333
vn -0.02564 0.23379 0.97195
vn -0.02180 0.23901 0.97077
vn -0.01776 0.24323 0.96981
vn -0.01370 0.24648 0.96905
vn -0.00974 0.24886 0.96849
vn -0.00600 0.25044 0.96811
vn -0.00258 0.25133 0.96790
vn 0.00049 0.25162 0.96782
vn 0.00321 0.25139 0.96788
vn 0.00559 0.25067 0.96806
vn 0.00771 0.24950 0.96834
vn 0.00964 0.24787 0.96875
vn 0.01150 0.24572 0.96927
vn 0.01337 0.24299 0.96994
vn 0.01535 0.23959 0.97075
vn 0.01752 0.23542 0.97174
vn 0.01991 0.23036 0.97290
vn 0.02254 0.22433 0.97425
vn 0.02539 0.21724 0.97579
vn 0.02839 0.20905 0.97749
vn 0.03145 0.19976 0.97934
vn 0.03445 0.18939 0.98130
vn 0.03724 0.17805 0.98332
vn 0.03968 0.16585 0.98535
vn 0.04163 0.15299 0.98735
vn 0.04296 0.13968 0.98926
vn 0.04358 0.12616 0.99105
vn 0.04343 0.11268 0.99268
vn 0.04250 0.09950 0.99413
vn 0.04081 0.08683 0.99539
vn 0.03845 0.07489 0.99645
vn 0.03552 0.06384 0.99733
vn 0.03218 0.05377 0.99803
vn 0.02859 0.04476 0.99859
vn 0.02494 0.03680 0.99901
vn 0.02141 0.02984 0.99933
vn 0.01817 0.02379 0.99955
vn 0.01537 0.01853 0.99971
vn 0.01317 0.01389 0.99982
vn 0.01178 0.00967 0.99988
vn 0.01249 0.00541 0.99991
vn 0.02062 0.00208 0.99979
vn -0.00000 0.00000 1.00000
vn -0.00002 0.00001 1.00000
vn -0.00019 0.00013 1.00000
vn -0.00039 0.00044 1.00000
vn -0.00068 0.00099 1.00000
vn -0.00107 0.00189 1.00000
vn -0.00157 0.00323 0.99999
vn -0.00217 0.00510 0.99998
vn -0.00285 0.00760 0.99997
vn -0.00357 0.01077 0.99994
vn -0.00430 0.01463 0.99988
vn -0.00500 0.01917 0.99980
vn -0.00562 0.02432 0.99969
vn -0.00612 0.02998 0.99953
vn -0.00647 0.03603 0.99933
vn -0.00664 0.04229 0.99908
vn -0.00664 0.04860 0.99880
vn -0.00647 0.05479 0.99848
vn -0.00614 0.06072 0.99814
vn -0.00570 0.06627 0.99779
vn -0.00518 0.07134 0.99744
vn -0.00466 0.07592 0.99710
vn -0.00417 0.08002 0.99678
vn -0.00379 0.08373 0.99648
vn -0.00356 0.08717 0.99619
vn -0.00353 0.09051 0.99589
vn -0.00372 0.09397 0.99557
vn -0.00415 0.09774 0.99520
vn -0.00480 0.10206 0.99477
vn -0.00566 0.10712 0.99423
vn -0.00668 0.11308 0.99356
vn -0.00780 0.12006 0.99274
vn -0.00897 0.12810 0.99172
vn -0.01010 0.13719 0.99049
vn -0.01112 0.14725 0.98904
vn -0.01196 0.15812 0.98735
vn -0.01257 0.16958 0.98544
vn -0.01290 0.18140 0.98333
vn -0.01292 0.19327 0.98106
vn -0.01262 0.20491 0.97870
vn -0.01201 0.21603 0.97631
vn -0.01112 0.22638 0.97398
vn -0.00999 0.23572 0.97177
vn -0.00867 0.24390 0.96976
vn -0.00722 0.25079 0.96801
vn -0.00570 0.25633 0.96657
vn -0.00418 0.26049 0.96547
vn -0.00271 0.26333 0.96470
vn -0.00133 0.26492 0.96427
vn -0.00007 0.26535 0.96415
vn 0.00105 0.26475 0.96432
vn 0.00203 0.26324 0.96473
vn 0.00287 0.26095 0.96535
vn 0.00360 0.25797 0.96615
vn 0.00424 0.25438 0.96709
vn 0.00485 0.25024 0.96817
vn 0.00544 0.24556 0.96937
vn 0.00606 0.24031 0.97068
vn 0.00673 0.23446 0.97210
vn 0.00748 0.22795 0.97364
vn 0.00830 0.22069 0.97531
vn 0.00919 0.21262 0.97709
vn 0.01013 0.20368 0.97898
vn 0.01109 0.19383 0.98097
vn 0.01202 0.18308 0.98302
vn 0.01288 0.17147 0.98511
vn 0.01362 0.15909 0.98717
vn 0.01418 0.14608 0.98917
vn 0.01453 0.13263 0.99106
vn 0.01463 0.11895 0.99279
vn 0.01447 0.10529 0.99434
vn 0.01405 0.09191 0.99567
vn 0.01337 0.07907 0.99678
vn 0.01246 0.06698 0.99768
vn 0.01138 0.05585 0.99837
vn 0.01017 0.04581 0.99890
vn 0.00889 0.03696 0.99928
vn 0.00762 0.02930 0.99954
vn 0.00642 0.02282 0.99972
vn 0.00534 0.01739 0.99983
vn 0.00445 0.01287 0.99991
vn 0.00381 0.00904 0.99995
vn 0.00353 0.00558 0.99998
vn 0.00703 0.00223 0.99997
f 1//1 2//2 86//86
f 1//1 86//86 85//85
f 2//2 3//3 87//87
f 2//2 87//87 86//86
f 3//3 4//4 88//88
f 3//3 88//88 87//87
f 4//4 5//5 89//89
f 4//4 89//89 88//88
f 5//5 6//6 90//90
f 5//5 90//90 89//89
f 6//6 7//7 91//91
f 6//6 91//91 90//90
f 7//7 8//8 92//92
f 7//7 92//92 91//91
f 8//8 9//9 93//93
f 8//8 93//93 92//92
f 9//9 10//10 94//94
f 9//9 94//94 93//93
f 10//10 11//11 95//95
f 10//10 95//95 94//94
f 11//11 12//12 96//96
f 11//11 96//96 95//95
f 12//12 13//13 97//97
f 12//12 97//97 96//96
f 13//13 14//14 98//98
f 13//13 98//98 97//97
f 14//14 15//15 99//99
f 14//14 99//99 98//98
f 15//15 16//16 100//100
f 15//15 100//100 99//99
f 16//16 17//17 101//101
f 16//16 101//101 100//100
f 17//17 18//18 102//102
f 17//17 102//102 101//101
f 18//18 19//19 103//103
f 18//18 103//103 102//102
f 19//19 20//20 104//104
f 19//19 104//104 103//103
f 20//20 21//21 105//105
f 20//20 105//105 104//104
f 21//21 22//22 106//106
f 21//21 106//106 105//105
f 22//22 23//23 107//107
f 22//22 107//107 106//106
f 23//23 24//24 108//108
f 23//23 108//108 107//107
f 24//24 25//25 109//109
f 24//24 109//109 108//108
f 25//25 26//26 110//110
f 25//25 110//110 109//109
f 26//26 27//27 111//111
f 26//26 111//111 110//110
f 27//27 28//28 112//112
f 27//27 112//112 111//111
f 28//28 29//29 113//113
f 28//28 113//113 112//112
f 29//29 30//30 114//114
f 29//29 114//114 113//113
f 30//30 31//31 115//115
f 30//30 115//115 114//114
f 31//31 32//32 116//116
f 31//31 116//116 115//115
f 32//32 33//33 117//117
f 32//32 117//117 116//116
f 33//33 34//34 118//118
f 33//33 118//118 117//117
f 34//34 35//35 119//119
f 34//34 119//119 118//118
f 35//35 36//36 120//120
f 35//35 120//120 119//119
f 36//36 37//37 121//121
f 36//36 121//121 120//120
f 37//37 38//38 122//122
f 37//37 122//122 121//121
f 38//38 39//39 123//123
f 38//38 123//123 122//122
f 39//39 40//40 124//124
f 39//39 124//124 123//123
f 40//40 41//41 125//125
f 40//40 125//125 124//124
f 41//41 42//42 126//126
f 41//41 126//126 125//125
f 42//42 43//43 127//127
f 42//42 127//127 126//126
f 43//43 44//44 128//128
f 43//43 128//128 127//127
f 44//44 45//45 129//129
f 44//44 129//129 128//128
f 45//45 46//46 130//130
f 45//45 130//130 129//129
f 46//46 47//47 131//131
f 46//46 131//131 130//130
f 47//47 48//48 132//132
f 47//47 132//132 131//131
f 48//48 49//49 133//133
f 48//48 133//133 132//132
f 49//49 50//50 134//134
f 49//49 134//134 133//133
f 50//50 51//51 135//135
f 50//50 135//135 134//134
f 51//51 52//52 136//136
f 51//51 136//136 135//135
f 52//52 53//53 137//137
f 52//52 137//137 136//136
f 53//53 54//54 138//138
f 53//53 138//138 137//137
f 54//54 55//55 139//139
f 54//54 139//139 138//138
f 55//55 56//56 140//140
f 55//55 140//140 139//139
f 56//56 57//57 141//141
f 56//56 141//141 140//140
f 57//57 58//58 142//142
f 57//57 142//142 141//141
f 58//58 59//59 143//143
f 58//58 143//143 142//142
f 59//59 60//60 144//144
f 59//59 144//144 143//143
f 60//60 61//61 145//145
f 60//60 145//145 144//144
f 61//61 62//62 146//146
f 61//61 146//146 145//145
f 62//62 63//63 147//147
f 62//62 147//147 146//146
f 63//63 64//64 148//148
f 63//63 148//148 147//147
f 64//64 65//65 149//149
f 64//64 149//149 148//148
f 65//65 66//66 150//150
f 65//65 150//150 149//149
f 66//66 67//67 151//151
f 66//66 151//151 150//150
f 67//67 68//68 152//152
f 67//67 152//152 151//151
f 68//68 69//69 153//153
f 68//68 153//153 152//152
f 69//69 70//70 154//154
f 69//69 154//154 153//153
f 70//70 71//71 155//155
f 70//70 155//155 154//154
f 71//71 72//72 156//156
f 71//71 156//156 155//155
f 72//72 73//73 157//157
f 72//72 157//157 156//156
f 73//73 74//74 158//158
f 73//73 158//158 157//157
f 74//74 75//75 159//159
f 74//74 159//159 158//158
f 75//75 76//76 160//160
f 75//75 160//160 159//159
f 76//76 77//77 161//161
f 76//76 161//161 160//160
f 77//77 78//78 162//162
f 77//77 162//162 161//161
f 78//78 79//79 163//163
f 78//78 163//163 162//162
f 79//79 80//80 164//164
f 79//79 164//164 163//163
f 80//80 81//81 165//165
f 80//80 165//165 164//164
f 81//81 82//82 166//166
f 81//81 166//166 165//165
f 82//82 83//83 167//167
f 82//82 167//167 166//166
f 83//83 84//84 168//168
f 83//83 168//168 167//167
f 85//85 86//86 170//170
f 85//85 170//170 169//169
f 86//86 87//87 171//171
f 86//86 171//171 170//170
f 87//87 88//88 172//172
f 87//87 172//172 171//171
f 88//88 89//89 173//173
f 88//88 173//173 172//172
f 89//89 90//90 174//174
f 89//89 174//174 173//173
f 90//90 91//91 175//175
f 90//90 175//175 174//174
f 91//91 92//92 176//176
f 91//91 176//176 175//175
f 92//92 93//93 177//177
f 92//92 177//177 176//176
f 93//93 94//94 178//178
f 93//93 178//178 177//177
f 94//94 95//95 179//179
f 94//94 179//179 178//178
f 95//95 96//96 180//180
f 95//95 180//180 179//179
f 96//96 97//97 181//181
f 96//96 181//181 180//180
f 97//97 98//98 182//182
f 97//97 182//182 181//181
f 98//98 99//99 183//183
f 98//98 183//183 182//182
f 99//99 100//100 184//184
f 99//99 184//184 183//183
f 100//100 101//101 185//185
f 100//100 185//185 184//184
f 101//101 102//102 186//186
f 101//101 186//186 185//185
f 102//102 103//103 187//187
f 102//102 187//187 186//186
f 103//103 104//104 188//188
f 103//103 188//188 187//187
f 104//104 105//105 189//189
f 104//104 189//189 188//188
f 105//105 106//106 190//190
f 105//105 190//190 189//189
f 106//106 107//107 191//191
f 106//106 191//191 190//190
f 107//107 108//108 192//192
f 107//107 192//192 191//191
f 108//108 109//109 193//193
f 108//108 193//193 192//192
f 109//109 110//110 194//194
f 109//109 194//194 193//193
f 110//110 111//111 195//195
f 110//110 195//195 194//194
f 111//111 112//112 196//196
f 111//111 196//196 195//195
f 112//112 113//113 197//197
f 112//112 197//197 196//196
f 113//113 114//114 198//198
f 113//113 198//198 197//197
f 114//114 115//115 199//199
f 114//114 199//199 198//198
f 115//115 116//116 200//200
f 115//115 200//200 199//199
f 116//116 117//117 201//201
f 116//116 201//201 200//200
f 117//117 118//118 202//202
f 117//117 202//202 201//201
f 118//118 119//119 203//203
f 118//118 203//203 202//202
f 119//119 120//120 204//204
f 119//119 204//204 203//203
f 120//120 121//121 205//205
f 120//120 205//205 204//204
f 121//121 122//122 206//206
f 121//121 206//206 205//205
f 122//122 123//123 207//207
f 122//122 207//207 206//206
f 123//123 124//124 208//208
f 123//123 208//208 207//207
f 124//124 125//125 209//209
f 124//124 209//209 208//208
f 125//125 126//126 210//210
f 125//125 210//210 209//209
f 126//126 127//127 211//211
f 126//126 211//211 210//210
f 127//127 128//128 212//212
f 127//127 212//212 211//211
f 128//128 129//129 213//213
f 128//128 213//213 212//212
f 129//129 130//130 214//214
f 129//129 214//214 213//213
f 130//130 131//131 215//215
f 130//130 215//215 214//214
f 131//131 132//132 216//216
f 131//131 216//216 215//215
f 132//132 133//133 217//217
f 132//132 217//217 216//216
f 133//133 134//134 218//218
f 133//133 218//218 217//217
f 134//134 135//135 219//219
f 134//134 219//219 218//218
f 135//135 136//136 220//220
f 135//135 220//220 219//219
f 136//136 137//137 221//221
f 136//136 221//221 220//220
f 137//137 138//138 222//222
f 137//137 222//222 221//221
f 138//138 139//139 223//223
f 138//138 223//223 222//222
f 139//139 140//140 224//224
f 139//139 224//224 223//223
f 140//140 141//141 225//225
f 140//140 225//225 224//224
f 141//141 142//142 226//226
f 141//141 226//226 225//225
f 142//142 143//143 227//227
f 142//142 227//227 226//226
f 143//143 144//144 228//228
f 143//143 228//228 227//227
f 144//144 145//145 229//229
f 144//144 229//229 228//228
f 145//145 146//146 230//230
f 145//145 230//230 229//229
f 146//146 147//147 231//231
f 146//146 231//231 230//230
f 147//147 148//148 232//232
f 147//147 232//232 231//231
f 148//148 149//149 233//233
f 148//148 233//233 232//232
f 149//149 150//150 234//234
f 149//149 234//234 233//233
f 150//150 151//151 235//235
f 150//150 235//235 234//234
f 151//151 152//152 236//236
f 151//151 236//236 235//235
f 152//152 153//153 237//237
f 152//152 237//237 236//236
f 153//153 154//154 238//238
f 153//153 238//238 237//237
f 154//154 155//155 239//239
f 154//154 239//239 238//238
f 155//155 156//156 240//240
f 155//155 240//240 239//239
f 156//156 157//157 241//241
f 156//156 241//241 240//240
f 157//157 158//158 242//242
f 157//157 242//242 241//241
f 158//158 159//159 243//243
f 158//158 243//243 242//242
f 159//159 160//160 244//244
f 159//159 244//244 243//243
f 160//160 161//161 245//245
f 160//160 245//245 244//244
f 161//161 162//162 246//246
f 161//161 246//246 245//245
f 162//162 163//163 247//247
f 162//162 247//247 246//246
f 163//163 164//164 248//248
f 163//163 248//248 247//247
f 164//164 165//165 249//249
f 164//164 249//249 248//248
f 165//165 166//166 250//250
f 165//165 250//250 249//249
f 166//166 167//167 251//251
f 166//166 251//251 250//250
f 167//167 168//168 252//252
f 167//167 252//252 251//251
f 169//169 170//170 254//254
f 169//169 254//254 253//253
f 170//170 171//171 255//255
f 170//170 255//255 254//254
f 171//171 172//172 256//256
f 171//171 256//256 255//255
f 172//172 173//173 257//257
f 172//172 257//257 256//256
f 173//173 174//174 258//258
f 173//173 258//258 257//257
f 174//174 175//175 259//259
f 174//174 259//259 258//258
f 175//175 176//176 260//260
f 175//175 260//260 259//259
f 176//176 177//177 261//261
f 176//176 261//261 260//260
f 177//177 178//178 262//262
f 177//177 262//262 261//261
f 178//178 179//179 263//263
f 178//178 263//263 262//262
f 179//179 180//180 264//264
f 179//179 264//264 263//263
f 180//180 181//181 265//265
f 180//180 265//265 264//264
f 181//181 182//182 266//266
f 181//181 266//266 265//265
f 182//182 183//183 267//267
f 182//182 267//267 266//266
f 183//183 184//184 268//268
f 183//183 268//268 267//267
f 184//184 185//185 269//269
f 184//184 269//269 268//268
f 185//185 186//186 270//270
f 185//185 270//270 269//269
f 186//186 187//187 271//271
f 186//186 271//271 270//270
f 187//187 188//188 272//272
f 187//187 272//272 271//271
f 188//188 189//189 273//273
f 188//188 273//273 272//272
f 189//189 190//190 274//274
f 189//189 274//274 273//273
f 190//190 191//191 275//275
f 190//190 275//275 274//274
f 191//191 192//192 276//276
f 191//191 276//276 275//275
f 192//192 193//193 277//277
f 192//192 277//277 276//276
f 193//193 194//194 278//278
f 193//193 278//278 277//277
f 194//194 195//195 279//279
f 194//194 279//279 278//278
f 195//195 196//196 280//280
f 195//195 280//280 279//279
f 196//196 197//197 281//281
f 196//196 281//281 280//280
f 197//197 198//198 282//282
f 197//197 282//282 281//281
f 198//198 199//199 283//283
f 198//198 283//283 282//282
f 199//199 200//200 284//284
f 199//199 284//284 283//283
f 200//200 201//201 285//285
f 200//200 285//285 284//284
f 201//201 202//202 286//286
f 201//201 286//286 285//285
f 202//202 203//203 287//287
f 202//202 287//287 286//286
f 203//203 204//204 288//288
f 203//203 288//288 287//287
f 204//204 205//205 289//289
f 204//204 289//289 288//288
f 205//205 206//206 290//290
f 205//205 290//290 289//289
f 206//206 207//207 291//291
f 206//206 291//291 290//290
f 207//207 208//208 292//292
f 207//207 292//292 291//291
f 208//208 209//209 293//293
f 208//208 293//293 292//292
f 209//209 210//210 294//294
f 209//209 294//294 293//293
f 210//210 211//211 295//295
f 210//210 295//295 294//294
f 211//211 212//212 296//296
f 211//211 296//296 295//295
f 212//212 213//213 297//297
f 212//212 297//297 296//296
f 213//213 214//214 298//298
f 213//213 298//298 297//297
f 214//214 215//215 299//299
f 214//214 299//299 298//298
f 215//215 216//216 300//300
f 215//215 300//300 299//299
f 216//216 217//217 301//301
f 216//216 301//301 300//300
f 217//217 218//218 302//302
f 217//217 302//302 301//301
f 218//218 219//219 303//303
f 218//218 303//303 302//302
f 219//219 220//220 304//304
f 219//219 304//304 303//303
f 220//220 221//221 305//305
f 220//220 305//305 304//304
f 221//221 222//222 306//306
f 221//221 306//306 305//305
f 222//222 223//223 307//307
f 222//222 307//307 306//306
f 223//223 224//224 308//308
f 223//223 308//308 307//307
f 224//224 225//225 309//309
f 224//224 309//309 308//308
f 225//225 226//226 310//310
f 225//225 310//310 309//309
f 226//226 227//227 311//311
f 226//226 311//311 310//310
f 227//227 228//228 312//312
f 227//227 312//312 311//311
f 228//228 229//229 313//313
f 228//228 313//313 312//312
f 229//229 230//230 314//314
f 229//229 314//314 313//313
f 230//230 231//231 315//315
f 230//230 315//315 314//314
f 231//231 232//232 316//316
f 231//231 316//316 315//315
f 232//232 233//233 317//317
f 232//232 317//317 316//316
f 233//233 234//234 318//318
f 233//233 318//318 317//317
f 234//234 235//235 319//319
f 234//234 319//319 318//318
f 235//235 236//236 320//320
f 235//235 320//320 319//319
f 236//236 237//237 321//321
f 236//236 321//321 320//320
f 237//237 238//238 322//322
f 237//237 322//322 321//321
f 238//238 239//239 323//323
f 238//238 323//323 322//322
f 239//239 240//240 324//324
f 239//239 324//324 323//323
f 240//240 241//241 325//325
f 240//240 325//325 324//324
f 241//241 242//242 326//326
f 241//241 326//326 325//325
f 242//242 243//243 327//327
f 242//242 327//327 326//326
f 243//243 244//244 328//328
f 243//243 328//328 327//327
f 244//244 245//245 329//329
f 244//244 329//329 328//328
f 245//245 246//246 330//330
f 245//245 330//330 329//329
f 246//246 247//247 331//331
f 246//246 331//331 330//330
f 247//247 248//248 332//332
f 247//247 332//332 331//331
f 248//248 249//249 333//333
f 248//248 333//333 332//332
f 249//249 250//250 334//334
f 249//249 334//334 333//333
f 250//250 251//251 335//335
f 250//250 335//335 334//334
f 251//251 252//252 336//336
f 251//251 336//336 335//335
f 253//253 254//254 338//338
f 253//253 338//338 337//337
f 254//254 255//255 339//339
f 254//254 339//339 338//338
f 255//255 256//256 340//340
f 255//255 340//340 339//339
f 256//256 257//257 341//341
f 256//256 341//341 340//340
f 257//257 258//258 342//342
f 257//257 342//342 341//341
f 258//258 259//259 343//343
f 258//258 343//343 342//342
f 259//259 260//260 344//344
f 259//259 344//344 343//343
f 260//260 261//261 345//345
f 260//260 345//345 344//344
f 261//261 262//262 346//346
f 261//261 346//346 345//345
f 262//262 263//263 347//347
f 262//262 347//347 346//346
f 263//263 264//264 348//348
f 263//263 348//348 347//347
f 264//264 265//265 349//349
f 264//264 349//349 348//348
f 265//265 266//266 350//350
f 265//265 350//350 349//349
f 266//266 267//267 351//351
f 266//266 351//351 350//350
f 267//267 268//268 352//352
f 267//267 352//352 351//351
f 268//268 269//269 353//353
f 268//268 353//353 352//352
f 269//269 270//270 354//354
f 269//269 354//354 353//353
f 270//270 271//271 355//355
f 270//270 355//355 354//354
f 271//271 272//272 356//356
f 271//271 356//356 355//355
f 272//272 273//273 357//357
f 272//272 357//357 356//356
f 273//273 274//274 358//358
f 273//273 358//358 357//357
f 274//274 275//275 359//359
f 274//274 359//359 358//358
f 275//275 276//276 360//360
f 275//275 360//360 359//359
f 276//276 277//277 361//361
f 276//276 361//361 360//360
f 277//277 278//278 362//362
f 277//277 362//362 361//361
f 278//278 279//279 363//363
f 278//278 363//363 362//362
f 279//279 280//280 364//364
f 279//279 364//364 363//363
f 280//280 281//281 365//365
f 280//280 365//365 364//364
f 281//281 282//282 366//366
f 281//281 366//366 365//365
f 282//282 283//283 367//367
f 282//282 367//367 366//366
f 283//283 284//284 368//368
f 283//283 368//368 367//367
f 284//284 285//285 369//369
f 284//284 369//369 368//368
f 285//285 286//286 370//370
f 285//285 370//370 369//369
f 286//286 287//287 371//371
f 286//286 371//371 370//370
f 287//287 288//288 372//372
f 287//287 372//372 371//371
f 288//288 289//289 373//373
f 288//288 373//373 372//372
f 289//289 290//290 374//374
f 289//289 374//374 373//373
f 290//290 291//291 375//375
f 290//290 375//375 374//374
f 291//291 292//292 376//376
f 291//291 376//376 375//375
f 292//292 293//293 377//377
f 292//292 377//377 376//376
f 293//293 294//294 378//378
f 293//293 378//378 377//377
f 294//294 295//295 379//379
f 294//294 379//379 378//378
f 295//295 296//296 380//380
f 295//295 380//380 379//379
f 296//296 297//297 381//381
f 296//296 381//381 380//380
f 297//297 298//298 382//382
f 297//297 382//382 381//381
f 298//298 299//299 383//383
f 298//298 383//383 382//382
f 299//299 300//300 384//384
f 299//299 384//384 383//383
f 300//300 301//301 385//385
f 300//300 385//385 384//384
f 301//301 302//302 386//386
f 301//301 386//386 385//385
f 302//302 303//303 387//387
f 302//302 387//387 386//386
f 303//303 304//304 388//388
f 303//303 388//388 387//387
f 304//304 305//305 389//389
f 304//304 389//389 388//388
f 305//305 306//306 390//390
f 305//305 390//390 389//389
f 306//306 307//307 391//391
f 306//306 391//391 390//390
f 307//307 308//308 392//392
f 307//307 392//392 391//391
f 308//308 309//309 393//393
f 308//308 393//393 392//392
f 309//309 310//310 394//394
f 309//309 394//394 393//393
f 310//310 311//311 395//395
f 310//310 395//395 394//394
f 311//311 312//312 396//396
f 311//311 396//396 395//395
f 312//312 313//313 397//397
f 312//312 397//397 396//396
f 313//313 314//314 398//398
f 313//313 398//398 397//397
f 314//314 315//315 399//399
f 314//314 399//399 398//398
f 315//315 316//316 400//400
f 315//315 400//400 399//399
f 316//316 317//317 401//401
f 316//316 401//401 400//400
f 317//317 318//318 402//402
f 317//317 402//402 401//401
f 318//318 319//319 403//403
f 318//318 403//403 402//402
f 319//319 320//320 404//404
f 319//319 404//404 403//403
f 320//320 321//321 405//405
f 320//320 405//405 404//404
f 321//321 322//322 406//406
f 321//321 406//406 405//405
f 322//322 323//323 407//407
f 322//322 407//407 406//406
f 323//323 324//324 408//408
f 323//323 408//408 407//407
f 324//324 325//325 409//409
f 324//324 409//409 408//408
f 325//325 326//326 410//410
f 325//325 410//410 409//409
f 326//326 327//327 411//411
f 326//326 411//411 410//410
f 327//327 328//328 412//412
f 327//327 412//412 411//411
f 328//328 329//329 413//413
f 328//328 413//413 412//412
f 329//329 330//330 414//414
f 329//329 414//414 413//413
f 330//330 331//331 415//415
f 330//330 415//415 414//414
f 331//331 332//332 416//416
f 331//331 416//416 415//415
f 332//332 333//333 417//417
f 332//332 417//417 416//416
f 333//333 334//334 418//418
f 333//333 418//418 417//417
f 334//334 335//335 419//419
f 334//334 419//419 418//418
f 335//335 336//336 420//420
f 335//335 420//420 419//419
f 337//337 338//338 422//422
f 337//337 422//422 421//421
f 338//338 339//339 423//423
f 338//338 423//423 422//422
f 339//339 340//340 424//424
f 339//339 424//424 423//423
f 340//340 341//341 425//425
f 340//340 425//425 424//424
f 341//341 342//342 426//426
f 341//341 426//426 425//425
f 342//342 343//343 427//427
f 342//342 427//427 426//426
f 343//343 344//344 428//428
f 343//343 428//428 427//427
f 344//344 345//345 429//429
f 344//344 429//429 428//428
f 345//345 346//346 430//430
f 345//345 430//430 429//429
f 346//346 347//347 431//431
f 346//346 431//431 430//430
f 347//347 348//348 432//432
f 347//347 432//432 431//431
f 348//348 349//349 433//433
f 348//348 433//433 432//432
f 349//349 350//350 434//434
f 349//349 434//434 433//433
f 350//350 351//351 435//435
f 350//350 435//435 434//434
f 351//351 352//352 436//436
f 351//351 436//436 435//435
f 352//352 353//353 437//437
f 352//352 437//437 436//436
f 353//353 354//354 438//438
f 353//353 438//438 437//437
f 354//354 355//355 439//439
f 354//354 439//439 438//438
f 355//355 356//356 440//440
f 355//355 440//440 439//439
f 356//356 357//357 441//441
f 356//356 441//441 440//440
f 357//357 358//358 442//442
f 357//357 442//442 441//441
f 358//358 359//359 443//443
f 358//358 443//443 442//442
f 359//359 360//360 444//444
f 359//359 444//444 443//443
f 360//360 361//361 445//445
f 360//360 445//445 444//444
f 361//361 362//362 446//446
f 361//361 446//446 445//445
f 362//362 363//363 447//447
f 362//362 447//447 446//446
f 363//363 364//364 448//448
f 363//363 448//448 447//447
f 364//364 365//365 449//449
f 364//364 449//449 448//448
f 365//365 366//366 450//450
f 365//365 450//450 449//449
f 366//366 367//367 451//451
f 366//366 451//451 450//450
f 367//367 368//368 452//452
f 367//367 452//452 451//451
f 368//368 369//369 453//453
f 368//368 453//453 452//452
f 369//369 370//370 454//454
f 369//369 454//454 453//453
f 370//370 371//371 455//455
f 370//370 455//455 454//454
f 371//371 372//372 456//456
f 371//371 456//456 455//455
f 372//372 373//373 457//457
f 372//372 457//457 456//456
f 373//373 374//374 458//458
f 373//373 458//458 457//457
f 374//374 375//375 459//459
f 374//374 459//459 458//458
f 375//375 376//376 460//460
f 375//375 460//460 459//459
f 376//376 377//377 461//461
f 376//376 461//461 460//460
f 377//377 378//378 462//462
f 377//377 462//462 461//461
f 378//378 379//379 463//463
f 378//378 463//463 462//462
f 379//379 380//380 464//464
f 379//379 464//464 463//463
f 380//380 381//381 465//465
f 380//380 465//465 464//464
f 381//381 382//382 466//466
f 381//381 466//466 465//465
f 382//382 383//383 467//467
f 382//382 467//467 466//466
f 383//383 384//384 468//468
f 383//383 468//468 467//467
f 384//384 385//385 469//469
f 384//384 469//469 468//468
f 385//385 386//386 470//470
f 385//385 470//470 469//469
f 386//386 387//387 471//471
f 386//386 471//471 470//470
f 387//387 388//388 472//472
f 387//387 472//472 471//471
f 388//388 389//389 473//473
f 388//388 473//473 472//472
f 389//389 390//390 474//474
f 389//389 474//474 473//473
f 390//390 391//391 475//475
f 390//390 475//475 474//474
f 391//391 392//392 476//476
f 391//391 476//476 475//475
f 392//392 393//393 477//477
f 392//392 477//477 476//476
f 393//393 394//394 478//478
f 393//393 478//478 477//477
f 394//394 395//395 479//479
f 394//394 479//479 478//478
f 395//395 396//396 480//480
f 395//395 480//480 479//479
f 396//396 397//397 481//481
f 396//396 481//481 480//480
f 397//397 398//398 482//482
f 397//397 482//482 481//481
f 398//398 399//399 483//483
f 398//398 483//483 482//482
f 399//399 400//400 484//484
f 399//399 484//484 483//483
f 400//400 401//401 485//485
f 400//400 485//485 484//484
f 401//401 402//402 486//486
f 401//401 486//486 485//485
f 402//402 403//403 487//487
f 402//402 487//487 486//486
f 403//403 404//404 488//488
f 403//403 488//488 487//487
f 404//404 405//405 489//489
f 404//404 489//489 488//488
f 405//405 406//406 490//490
f 405//405 490//490 489//489
f 406//406 407//407 491//491
f 406//406 491//491 490//490
f 407//407 408//408 492//492
f 407//407 492//492 491//491
f 408//408 409//409 493//493
f 408//408 493//493 492//492
f 409//409 410//410 494//494
f 409//409 494//494 493//493
f 410//410 411//411 495//495
f 410//410 495//495 494//494
f 411//411 412//412 496//496
f 411//411 496//496 495//495
f 412//412 413//413 497//497
f 412//412 497//497 496//496
f 413//413 414//414 498//498
f 413//413 498//498 497//497
f 414//414 415//415 499//499
f 414//414 499//499 498//498
f 415//415 416//416 500//500
f 415//415 500//500 499//499
f 416//416 417//417 501//501
f 416//416 501//501 500//500
f 417//417 418//418 502//502
f 417//417 502//502 501//501
f 418//418 419//419 503//503
f 418//418 503//503 502//502
f 419//419 420//420 504//504
f 419//419 504//504 503//503
f 421//421 422//422 506//506
f 421//421 506//506 505//505
f 422//422 423//423 507//507
f 422//422 507//507 506//506
f 423//423 424//424 508//508
f 423//423 508//508 507//507
f 424//424 425//425 509//509
f 424//424 509//509 508//508
f 425//425 426//426 510//510
f 425//425 510//510 509//509
f 426//426 427//427 511//511
f 426//426 511//511 510//510
f 427//427 428//428 512//512
f 427//427 512//512 511//511
f 428//428 429//429 513//513
f 428//428 513//513 512//512
f 429//429 430//430 514//514
f 429//429 514//514 513//513
f 430//430 431//431 515//515
f 430//430 515//515 514//514
f 431//431 432//432 516//516
f 431//431 516//516 515//515
f 432//432 433//433 517//517
f 432//432 517//517 516//516
f 433//433 434//434 518//518
f 433//433 518//518 517//517
f 434//434 435//435 519//519
f 434//434 519//519 518//518
f 435//435 436//436 520//520
f 435//435 520//520 519//519
f 436//436 437//437 521//521
f 436//436 521//521 520//520
f 437//437 438//438 522//522
f 437//437 522//522 521//521
f 438//438 439//439 523//523
f 438//438 523//523 522//522
f 439//439 440//440 524//524
f 439//439 524//524 523//523
f 440//440 441//441 525//525
f 440//440 525//525 524//524
f 441//441 442//442 526//526
f 441//441 526//526 525//525
f 442//442 443//443 527//527
f 442//442 527//527 526//526
f 443//443 444//444 528//528
f 443//443 528//528 527//527
f 444//444 445//445 529//529
f 444//444 529//529 528//528
f 445//445 446//446 530//530
f 445//445 530//530 529//529
f 446//446 447//447 531//531
f 446//446 531//531 530//530
f 447//447 448//448 532//532
f 447//447 532//532 531//531
f 448//448 449//449 533//533
f 448//448 533//533 532//532
f 449//449 450//450 534//534
f 449//449 534//534 533//533
f 450//450 451//451 535//535
f 450//450 535//535 534//534
f 451//451 452//452 536//536
f 451//451 536//536 535//535
f 452//452 453//453 537//537
f 452//452 537//537 536//536
f 453//453 454//454 538//538
f 453//453 538//538 537//537
f 454//454 455//455 539//539
f 454//454 539//539 538//538
f 455//455 456//456 540//540
f 455//455 540//540 539//539
f 456//456 457//457 541//541
f 456//456 541//541 540//540
f 457//457 458//458 542//542
f 457//457 542//542 541//541
f 458//458 459//459 543//543
f 458//458 543//543 542//542
f 459//459 460//460 544//544
f 459//459 544//544 543//543
f 460//460 461//461 545//545
f 460//460 545//545 544//544
f 461//461 462//462 546//546
f 461//461 546//546 545//545
f 462//462 463//463 547//547
f 462//462 547//547 546//546
f 463//463 464//464 548//548
f 463//463 548//548 547//547
f 464//464 465//465 549//549
f 464//464 549//549 548//548
f 465//465 466//466 550//550
f 465//465 550//550 549//549
f 466//466 467//467 551//551
f 466//466 551//551 550//550
f 467//467 468//468 552//552
f 467//467 552//552 551//551
f 468//468 469//469 553//553
f 468//468 553//553 552//552
f 469//469 470//470 554//554
f 469//469 554//554 553//553
f 470//470 471//471 555//555
f 470//470 555//555 554//554
f 471//471 472//472 556//556
f 471//471 556//556 555//555
f 472//472 473//473 557//557
f 472//472 557//557 556//556
f 473//473 474//474 558//558
f 473//473 558//558 557//557
f 474//474 475//475 559//559
f 474//474 559//559 558//558
f 475//475 476//476 560//560
f 475//475 560//560 559//559
f 476//476 477//477 561//561
f 476//476 561//561 560//560
f 477//477 478//478 562//562
f 477//477 562//562 561//561
f 478//478 479//479 563//563
f 478//478 563//563 562//562
f 479//479 480//480 564//564
f 479//479 564//564 563//563
f 480//480 481//481 565//565
f 480//480 565//565 564//564
f 481//481 482//482 566//566
f 481//481 566//566 565//565
f 482//482 483//483 567//567
f 482//482 567//567 566//566
f 483//483 484//484 568//568
f 483//483 568//568 567//567
f 484//484 485//485 569//569
f 484//484 569//569 568//568
f 485//485 486//486 570//570
f 485//485 570//570 569//569
f 486//486 487//487 571//571
f 486//486 571//571 570//570
f 487//487 488//488 572//572
f 487//487 572//572 571//571
f 488//488 489//489 573//573
f 488//488 573//573 572//572
f 489//489 490//490 574//574
f 489//489 574//574 573//573
f 490//490 491//491 575//575
f 490//490 575//575 574//574
f 491//491 492//492 576//576
f 491//491 576//576 575//575
f 492//492 493//493 577//577
f 492//492 577//577 576//576
f 493//493 494//494 578//578
f 493//493 578//578 577//577
f 494//494 495//495 579//579
f 494//494 579//579 578//578
f 495//495 496//496 580//580
f 495//495 580//580 579//579
f 496//496 497//497 581//581
f 496//496 581//581 580//580
f 497//497 498//498 582//582
f 497//497 582//582 581//581
f 498//498 499//499 583//583
f 498//498 583//583 582//582
f 499//499 500//500 584//584
f 499//499 584//584 583//583
f 500//500 501//501 585//585
f 500//500 585//585 584//584
f 501//501 502//502 586//586
f 501//501 586//586 585//585
f 502//502 503//503 587//587
f 502//502 587//587 586//586
f 503//503 504//504 588//588
f 503//503 588//588 587//587
f 505//505 506//506 590//590
f 505//505 590//590 589//589
f 506//506 507//507 591//591
f 506//506 591//591 590//590
f 507//507 508//508 592//592
f 507//507 592//592 591//591
f 508//508 509//509 593//593
f 508//508 593//593 592//592
f 509//509 510//510 594//594
f 509//509 594//594 593//593
f 510//510 511//511 595//595
f 510//510 595//595 594//594
f 511//511 512//512 596//596
f 511//511 596//596 595//595
f 512//512 513//513 597//597
f 512//512 597//597 596//596
f 513//513 514//514 598//598
f 513//513 598//598 597//597
f 514//514 515//515 599//599
f 514//514 599//599 598//598
f 515//515 516//516 600//600
f 515//515 600//600 599//599
f 516//516 517//517 601//601
f 516//516 601//601 600//600
f 517//517 518//518 602//602
f 517//517 602//602 601//601
f 518//518 519//519 603//603
f 518//518 603//603 602//602
f 519//519 520//520 604//604
f 519//519 604//604 603//603
f 520//520 521//521 605//605
f 520//520 605//605 604//604
f 521//521 522//522 606//606
f 521//521 606//606 605//605
f 522//522 523//523 607//607
f 522//522 607//607 606//606
f 523//523 524//524 608//608
f 523//523 608//608 607//607
f 524//524 525//525 609//609
f 524//524 609//609 608//608
f 525//525 526//526 610//610
f 525//525 610//610 609//609
f 526//526 527//527 611//611
f 526//526 611//611 610//610
f 527//527 528//528 612//612
f 527//527 612//612 611//611
f 528//528 529//529 613//613
f 528//528 613//613 612//612
f 529//529 530//530 614//614
f 529//529 614//614 613//613
f 530//530 531//531 615//615
f 530//530 615//615 614//614
f 531//531 532//532 616//616
f 531//531 616//616 615//615
f 532//532 533//533 617//617
f 532//532 617//617 616//616
f 533//533 534//534 618//618
f 533//533 618//618 617//617
f 534//534 535//535 619//619
f 534//534 619//619 618//618
f 535//535 536//536 620//620
f 535//535 620//620 619//619
f 536//536 537//537 621//621
f 536//536 621//621 620//620
f 537//537 538//538 622//622
f 537//537 622//622 621//621
f 538//538 539//539 623//623
f 538//538 623//623 622//622
f 539//539 540//540 624//624
f 539//539 624//624 623//623
f 540//540 541//541 625//625
f 540//540 625//625 624//624
f 541//541 542//542 626//626
f 541//541 626//626 625//625
f 542//542 543//543 627//627
f 542//542 627//627 626//626
f 543//543 544//544 628//628
f 543//543 628//628 627//627
f 544//544 545//545 629//629
f 544//544 629//629 628//628
f 545//545 546//546 630//630
f 545//545 630//630 629//629
f 546//546 547//547 631//631
f 546//546 631//631 630//630
f 547//547 548//548 632//632
f 547//547 632//632 631//631
f 548//548 549//549 633//633
f 548//548 633//633 632//632
f 549//549 550//550 634//634
f 549//549 634//634 633//633
f 550//550 551//551 635//635
f 550//550 635//635 634//634
f 551//551 552//552 636//636
f 551//551 636//636 635//635
f 552//552 553//553 637//637
f 552//552 637//637 636//636
f 553//553 554//554 638//638
f 553//553 638//638 637//637
f 554//554 555//555 639//639
f 554//554 639//639 638//638
f 555//555 556//556 640//640
f 555//555 640//640 639//639
f 556//556 557//557 641//641
f 556//556 641//641 640//640
f 557//557 558//558 642//642
f 557//557 642//642 641//641
f 558//558 559//559 643//643
f 558//558 643//643 642//642
f 559//559 560//560 644//644
f 559//559 644//644 643//643
f 560//560 561//561 645//645
f 560//560 645//645 644//644
f 561//561 562//562 646//646
f 561//561 646//646 645//645
f 562//562 563//563 647//647
f 562//562 647//647 646//646
f 563//563 564//564 648//648
f 563//563 648//648 647//647
f 564//564 565//565 649//649
f 564//564 649//649 648//648
f 565//565 566//566 650//650
f 565//565 650//650 649//649
f 566//566 567//567 651//651
f 566//566 651//651 650//650
f 567//567 568//568 652//652
f 567//567 652//652 651//651
f 568//568 569//569 653//653
f 568//568 653//653 652//652
f 569//569 570//570 654//654
f 569//569 654//654 653//653
f 570//570 571//571 655//655
f 570//570 655//655 654//654
f 571//571 572//572 656//656
f 571//571 656//656 655//655
f 572//572 573//573 657//657
f 572//572 657//657 656//656
f 573//573 574//574 658//658
f 573//573 658//658 657//657
f 574//574 575//575 659//659
f 574//574 659//659 658//658
f 575//575 576//576 660//660
f 575//575 660//660 659//659
f 576//576 577//577 661//661
f 576//576 661//661 660//660
f 577//577 578//578 662//662
f 577//577 662//662 661//661
f 578//578 579//579 663//663
f 578//578 663//663 662//662
f 579//579 580//580 664//664
f 579//579 664//664 663//663
f 580//580 581//581 665//665
f 580//580 665//665 664//664
f 581//581 582//582 666//666
f 581//581 666//666 665//665
f 582//582 583//583 667//667
f 582//582 667//667 666//666
f 583//583 584//584 668//668
f 583//583 668//668 667//667
f 584//584 585//585 669//669
f 584//584 669//669 668//668
f 585//585 586//586 670//670
f 585//585 670//670 669//669
f 586//586 587//587 671//671
f 586//586 671//671 670//670
f 587//587 588//588 672//672
f 587//587 672//672 671//671
f 589//589 590//590 674//674
f 589//589 674//674 673//673
f 590//590 591//591 675//675
f 590//590 675//675 674//674
f 591//591 592//592 676//676
f 591//591 676//676 675//675
f 592//592 593//593 677//677
f 592//592 677//677 676//676
f 593//593 594//594 678//678
f 593//593 678//678 677//677
f 594//594 595//595 679//679
f 594//594 679//679 678//678
f 595//595 596//596 680//680
f 595//595 680//680 679//679
f 596//596 597//597 681//681
f 596//596 681//681 680//680
f 597//597 598//598 682//682
f 597//597 682//682 681//681
f 598//598 599//599 683//683
f 598//598 683//683 682//682
f 599//599 600//600 684//684
f 599//599 684//684 683//683
f 600//600 601//601 685//685
f 600//600 685//685 684//684
f 601//601 602//602 686//686
f 601//601 686//686 685//685
f 602//602 603//603 687//687
f 602//602 687//687 686//686
f 603//603 604//604 688//688
f 603//603 688//688 687//687
f 604//604 605//605 689//689
f 604//604 689//689 688//688
f 605//605 606//606 690//690
f 605//605 690//690 689//689
f 606//606 607//607 691//691
f 606//606 691//691 690//690
f 607//607 608//608 692//692
f 607//607 692//692 691//691
f 608//608 609//609 693//693
f 608//608 693//693 692//692
f 609//609 610//610 694//694
f 609//609 694//694 693//693
f 610//610 611//611 695//695
f 610//610 695//695 694//694
f 611//611 612//612 696//696
f 611//611 696//696 695//695
f 612//612 613//613 697//697
f 612//612 697//697 696//696
f 613//613 614//614 698//698
f 613//613 698//698 697//697
f 614//614 615//615 699//699
f 614//614 699//699 698//698
f 615//615 616//616 700//700
f 615//615 700//700 699//699
f 616//616 617//617 701//701
f 616//616 701//701 700//700
f 617//617 618//618 702//702
f 617//617 702//702 701//701
f 618//618 619//619 703//703
f 618//618 703//703 702//702
f 619//619 620//620 704//704
f 619//619 704//704 703//703
f 620//620 621//621 705//705
f 620//620 705//705 704//704
f 621//621 622//622 706//706
f 621//621 706//706 705//705
f 622//622 623//623 707//707
f 622//622 707//707 706//706
f 623//623 624//624 708//708
f 623//623 708//708 707//707
f 624//624 625//625 709//709
f 624//624 709//709 708//708
f 625//625 626//626 710//710
f 625//625 710//710 709//709
f 626//626 627//627 711//711
f 626//626 711//711 710//710
f 627//627 628//628 712//712
f 627//627 712//712 711//711
f 628//628 629//629 713//713
f 628//628 713//713 712//712
f 629//629 630//630 714//714
f 629//629 714//714 713//713
f 630//630 631//631 715//715
f 630//630 715//715 714//714
f 631//631 632//632 716//716
f 631//631 716//716 715//715
f 632//632 633//633 717//717
f 632//632 717//717 716//716
f 633//633 634//634 718//718
f 633//633 718//718 717//717
f 634//634 635//635 719//719
f 634//634 719//719 718//718
f 635//635 636//636 720//720
f 635//635 720//720 719//719
f 636//636 637//637 721//721
f 636//636 721//721 720//720
f 637//637 638//638 722//722
f 637//637 722//722 721//721
f 638//638 639//639 723//723
f 638//638 723//723 722//722
f 639//639 640//640 724//724
f 639//639 724//724 723//723
f 640//640 641//641 725//725
f 640//640 725//725 724//724
f 641//641 642//642 726//726
f 641//641 726//726 725//725
f 642//642 643//643 727//727
f 642//642 727//727 726//726
f 643//643 644//644 728//728
f 643//643 728//728 727//727
f 644//644 645//645 729//729
f 644//644 729//729 728//728
f 645//645 646//646 730//730
f 645//645 730//730 729//729
f 646//646 647//647 731//731
f 646//646 731//731 730//730
f 647//647 648//648 732//732
f 647//647 732//732 731//731
f 648//648 649//649 733//733
f 648//648 733//733 732//732
f 649//649 650//650 734//734
f 649//649 734//734 733//733
f 650//650 651//651 735//735
f 650//650 735//735 734//734
f 651//651 652//652 736//736
f 651//651 736//736 735//735
f 652//652 653//653 737//737
f 652//652 737//737 736//736
f 653//653 654//654 738//738
f 653//653 738//738 737//737
f 654//654 655//655 739//739
f 654//654 739//739 738//738
f 655//655 656//656 740//740
f 655//655 740//740 739//739
f 656//656 657//657 741//741
f 656//656 741//741 740//740
f 657//657 658//658 742//742
f 657//657 742//742 741//741
f 658//658 659//659 743//743
f 658//658 743//743 742//742
f 659//659 660//660 744//744
f 659//659 744//744 743//743
f 660//660 661//661 745//745
f 660//660 745//745 744//744
f 661//661 662//662 746//746
f 661//661 746//746 745//745
f 662//662 663//663 747//747
f 662//662 747//747 746//746
f 663//663 664//664 748//748
f 663//663 748//748 747//747
f 664//664 665//665 749//749
f 664//664 749//749 748//748
f 665//665 666//666 750//750
f 665//665 750//750 749//749
f 666//666 667//667 751//751
f 666//666 751//751 750//750
f 667//667 668//668 752//752
f 667//667 752//752 751//751
f 668//668 669//669 753//753
f 668//668 753//753 752//752
f 669//669 670//670 754//754
f 669//669 754//754 753//753
f 670//670 671//671 755//755
f 670//670 755//755 754//754
f 671//671 672//672 756//756
f 671//671 756//756 755//755
f 673//673 674//674 758//758
f 673//673 758//758 757//757
f 674//674 675//675 759//759
f 674//674 759//759 758//758
f 675//675 676//676 760//760
f 675//675 760//760 759//759
f 676//676 677//677 761//761
f 676//676 761//761 760//760
f 677//677 678//678 762//762
f 677//677 762//762 761//761
f 678//678 679//679 763//763
f 678//678 763//763 762//762
f 679//679 680//680 764//764
f 679//679 764//764 763//763
f 680//680 681//681 765//765
f 680//680 765//765 764//764
f 681//681 682//682 766//766
f 681//681 766//766 765//765
f 682//682 683//683 767//767
f 682//682 767//767 766//766
f 683//683 684//684 768//768
f 683//683 768//768 767//767
f 684//684 685//685 769//769
f 684//684 769//769 768//768
f 685//685 686//686 770//770
f 685//685 770//770 769//769
f 686//686 687//687 771//771
f 686//686 771//771 770//770
f 687//687 688//688 772//772
f 687//687 772//772 771//771
f 688//688 689//689 773//773
f 688//688 773//773 772//772
f 689//689 690//690 774//774
f 689//689 774//774 773//773
f 690//690 691//691 775//775
f 690//690 775//775 774//774
f 691//691 692//692 776//776
f 691//691 776//776 775//775
f 692//692 693//693 777//777
f 692//692 777//777 776//776
f 693//693 694//694 778//778
f 693//693 778//778 777//777
f 694//694 695//695 779//779
f 694//694 779//779 778//778
f 695//695 696//696 780//780
f 695//695 780//780 779//779
f 696//696 697//697 781//781
f 696//696 781//781 780//780
f 697//697 698//698 782//782
f 697//697 782//782 781//781
f 698//698 699//699 783//783
f 698//698 783//783 782//782
f 699//699 700//700 784//784
f 699//699 784//784 783//783
f 700//700 701//701 785//785
f 700//700 785//785 784//784
f 701//701 702//702 786//786
f 701//701 786//786 785//785
f 702//702 703//703 787//787
f 702//702 787//787 786//786
f 703//703 704//704 788//788
f 703//703 788//788 787//787
f 704//704 705//705 789//789
f 704//704 789//789 788//788
f 705//705 706//706 790//790
f 705//705 790//790 789//789
f 706//706 707//707 791//791
f 706//706 791//791 790//790
f 707//707 708//708 792//792
f 707//707 792//792 791//791
f 708//708 709//709 793//793
f 708//708 793//793 792//792
f 709//709 710//710 794//794
f 709//709 794//794 793//793
f 710//710 711//711 795//795
f 710//710 795//795 794//794
f 711//711 712//712 796//796
f 711//711 796//796 795//795
f 712//712 713//713 797//797
f 712//712 797//797 796//796
f 713//713 714//714 798//798
f 713//713 798//798 797//797
f 714//714 715//715 799//799
f 714//714 799//799 798//798
f 715//715 716//716 800//800
f 715//715 800//800 799//799
f 716//716 717//717 801//801
f 716//716 801//801 800//800
f 717//717 718//718 802//802
f 717//717 802//802 801//801
f 718//718 719//719 803//803
f 718//718 803//803 802//802
f 719//719 720//720 804//804
f 719//719 804//804 803//803
f 720//720 721//721 805//805
f 720//720 805//805 804//804
f 721//721 722//722 806//806
f 721//721 806//806 805//805
f 722//722 723//723 807//807
f 722//722 807//807 806//806
f 723//723 724//724 808//808
f 723//723 808//808 807//807
f 724//724 725//725 809//809
f 724//724 809//809 808//808
f 725//725 726//726 810//810
f 725//725 810//810 809//809
f 726//726 727//727 811//811
f 726//726 811//811 810//810
f 727//727 728//728 812//812
f 727//727 812//812 811//811
f 728//728 729//729 813//813
f 728//728 813//813 812//812
f 729//729 730//730 814//814
f 729//729 814//814 813//813
f 730//730 731//731 815//815
f 730//730 815//815 814//814
f 731//731 732//732 816//816
f 731//731 816//816 815//815
f 732//732 733//733 817//817
f 732//732 817//817 816//816
f 733//733 734//734 818//818
f 733//733 818//818 817//817
f 734//734 735//735 819//819
f 734//734 819//819 818//818
f 735//735 736//736 820//820
f 735//735 820//820 819//819
f 736//736 737//737 821//821
f 736//736 821//821 820//820
f 737//737 738//738 822//822
f 737//737 822//822 821//821
f 738//738 739//739 823//823
f 738//738 823//823 822//822
f 739//739 740//740 824//824
f 739//739 824//824 823//823
f 740//740 741//741 825//825
f 740//740 825//825 824//824
f 741//741 742//742 826//826
f 741//741 826//826 825//825
f 742//742 743//743 827//827
f 742//742 827//827 826//826
f 743//743 744//744 828//828
f 743//743 828//828 827//827
f 744//744 745//745 829//829
f 744//744 829//829 828//828
f 745//745 746//746 830//830
f 745//745 830//830 829//829
f 746//746 747//747 831//831
f 746//746 831//831 830//830
f 747//747 748//748 832//832
f 747//747 832//832 831//831
f 748//748 749//749 833//833
f 748//748 833//833 832//832
f 749//749 750//750 834//834
f 749//749 834//834 833//833
f 750//750 751//751 835//835
f 750//750 835//835 834//834
f 751//751 752//752 836//836
f 751//751 836//836 835//835
f 752//752 753//753 837//837
f 752//752 837//837 836//836
f 753//753 754//754 838//838
f 753//753 838//838 837//837
f 754//754 755//755 839//839
f 754//754 839//839 838//838
f 755//755 756//756 840//840
f 755//755 840//840 839//839
f 757//757 758//758 842//842
f 757//757 842//842 841//841
f 758//758 759//759 843//843
f 758//758 843//843 842//842
f 759//759 760//760 844//844
f 759//759 844//844 843//843
f 760//760 761//761 845//845
f 760//760 845//845 844//844
f 761//761 762//762 846//846
f 761//761 846//846 845//845
f 762//762 763//763 847//847
f 762//762 847//847 846//846
f 763//763 764//764 848//848
f 763//763 848//848 847//847
f 764//764 765//765 849//849
f 764//764 849//849 848//848
f 765//765 766//766 850//850
f 765//765 850//850 849//849
f 766//766 767//767 851//851
f 766//766 851//851 850//850
f 767//767 768//768 852//852
f 767//767 852//852 851//851
f 768//768 769//769 853//853
f 768//768 853//853 852//852
f 769//769 770//770 854//854
f 769//769 854//854 853//853
f 770//770 771//771 855//855
f 770//770 855//855 854//854
f 771//771 772//772 856//856
f 771//771 856//856 855//855
f 772//772 773//773 857//857
f 772//772 857//857 856//856
f 773//773 774//774 858//858
f 773//773 858//858 857//857
f 774//774 775//775 859//859
f 774//774 859//859 858//858
f 775//775 776//776 860//860
f 775//775 860//860 859//859
f 776//776 777//777 861//861
f 776//776 861//861 860//860
f 777//777 778//778 862//862
f 777//777 862//862 861//861
f 778//778 779//779 863//863
f 778//778 863//863 862//862
f 779//779 780//780 864//864
f 779//779 864//864 863//863
f 780//780 781//781 865//865
f 780//780 865//865 864//864
f 781//781 782//782 866//866
f 781//781 866//866 865//865
f 782//782 783//783 867//867
f 782//782 867//867 866//866
f 783//783 784//784 868//868
f 783//783 868//868 867//867
f 784//784 785//785 869//869
f 784//784 869//869 868//868
f 785//785 786//786 870//870
f 785//785 870//870 869//869
f 786//786 787//787 871//871
f 786//786 871//871 870//870
f 787//787 788//788 872//872
f 787//787 872//872 871//871
f 788//788 789//789 873//873
f 788//788 873//873 872//872
f 789//789 790//790 874//874
f 789//789 874//874 873//873
f 790//790 791//791 875//875
f 790//790 875//875 874//874
f 791//791 792//792 876//876
f 791//791 876//876 875//875
f 792//792 793//793 877//877
f 792//792 877//877 876//876
f 793//793 794//794 878//878
f 793//793 878//878 877//877
f 794//794 795//795 879//879
f 794//794 879//879 878//878
f 795//795 796//796 880//880
f 795//795 880//880 879//879
f 796//796 797//797 881//881
f 796//796 881//881 880//880
f 797//797 798//798 882//882
f 797//797 882//882 881//881
f 798//798 799//799 883//883
f 798//798 883//883 882//882
f 799//799 800//800 884//884
f 799//799 884//884 883//883
f 800//800 801//801 885//885
f 800//800 885//885 884//884
f 801//801 802//802 886//886
f 801//801 886//886 885//885
f 802//802 803//803 887//887
f 802//802 887//887 886//886
f 803//803 804//804 888//888
f 803//803 888//888 887//887
f 804//804 805//805 889//889
f 804//804 889//889 888//888
f 805//805 806//806 890//890
f 805//805 890//890 889//889
f 806//806 807//807 891//891
f 806//806 891//891 890//890
f 807//807 808//808 892//892
f 807//807 892//892 891//891
f 808//808 809//809 893//893
f 808//808 893//893 892//892
f 809//809 810//810 894//894
f 809//809 894//894 893//893
f 810//810 811//811 895//895
f 810//810 895//895 894//894
f 811//811 812//812 896//896
f 811//811 896//896 895//895
f 812//812 813//813 897//897
f 812//812 897//897 896//896
f 813//813 814//814 898//898
f 813//813 898//898 897//897
f 814//814 815//815 899//899
f 814//814 899//899 898//898
f 815//815 816//816 900//900
f 815//815 900//900 899//899
f 816//816 817//817 901//901
f 816//816 901//901 900//900
f 817//817 818//818 902//902
f 817//817 902//902 901//901
f 818//818 819//819 903//903
f 818//818 903//903 902//902
f 819//819 820//820 904//904
f 819//819 904//904 903//903
f 820//820 821//821 905//905
f 820//820 905//905 904//904
f 821//821 822//822 906//906
f 821//821 906//906 905//905
f 822//822 823//823 907//907
f 822//822 907//907 906//906
f 823//823 824//824 908//908
f 823//823 908//908 907//907
f 824//824 825//825 909//909
f 824//824 909//909 908//908
f 825//825 826//826 910//910
f 825//825 910//910 909//909
f 826//826 827//827 911//911
f 826//826 911//911 910//910
f 827//827 828//828 912//912
f 827//827 912//912 911//911
f 828//828 829//829 913//913
f 828//828 913//913 912//912
f 829//829 830//830 914//914
f 829//829 914//914 913//913
f 830//830 831//831 915//915
f 830//830 915//915 914//914
f 831//831 832//832 916//916
f 831//831 916//916 915//915
f 832//832 833//833 917//917
f 832//832 917//917 916//916
f 833//833 834//834 918//918
f 833//833 918//918 917//917
f 834//834 835//835 919//919
f 834//834 919//919 918//918
f 835//835 836//836 920//920
f 835//835 920//920 919//919
f 836//836 837//837 921//921
f 836//836 921//921 920//920
f 837//837 838//838 922//922
f 837//837 922//922 921//921
f 838//838 839//839 923//923
f 838//838 923//923 922//922
f 839//839 840//840 924//924
f 839//839 924//924 923//923
f 841//841 842//842 926//926
f 841//841 926//926 925//925
f 842//842 843//843 927//927
f 842//842 927//927 926//926
f 843//843 844//844 928//928
f 843//843 928//928 927//927
f 844//844 845//845 929//929
f 844//844 929//929 928//928
f 845//845 846//846 930//930
f 845//845 930//930 929//929
f 846//846 847//847 931//931
f 846//846 931//931 930//930
f 847//847 848//848 932//932
f 847//847 932//932 931//931
f 848//848 849//849 933//933
f 848//848 933//933 932//932
f 849//849 850//850 934//934
f 849//849 934//934 933//933
f 850//850 851//851 935//935
f 850//850 935//935 934//934
f 851//851 852//852 936//936
f 851//851 936//936 935//935
f 852//852 853//853 937//937
f 852//852 937//937 936//936
f 853//853 854//854 938//938
f 853//853 938//938 937//937
f 854//854 855//855 939//939
f 854//854 939//939 938//938
f 855//855 856//856 940//940
f 855//855 940//940 939//939
f 856//856 857//857 941//941
f 856//856 941//941 940//940
f 857//857 858//858 942//942
f 857//857 942//942 941//941
f 858//858 859//859 943//943
f 858//858 943//943 942//942
f 859//859 860//860 944//944
f 859//859 944//944 943//943
f 860//860 861//861 945//945
f 860//860 945//945 944//944
f 861//861 862//862 946//946
f 861//861 946//946 945//945
f 862//862 863//863 947//947
f 862//862 947//947 946//946
f 863//863 864//864 948//948
f 863//863 948//948 947//947
f 864//864 865//865 949//949
f 864//864 949//949 948//948
f 865//865 866//866 950//950
f 865//865 950//950 949//949
f 866//866 867//867 951//951
f 866//866 951//951 950//950
f 867//867 868//868 952//952
f 867//867 952//952 951//951
f 868//868 869//869 953//953
f 868//868 953//953 952//952
f 869//869 870//870 954//954
f 869//869 954//954 953//953
f 870//870 871//871 955//955
f 870//870 955//955 954//954
f 871//871 872//872 956//956
f 871//871 956//956 955//955
f 872//872 873//873 957//957
f 872//872 957//957 956//956
f 873//873 874//874 958//958
f 873//873 958//958 957//957
f 874//874 875//875 959//959
f 874//874 959//959 958//958
f 875//875 876//876 960//960
f 875//875 960//960 959//959
f 876//876 877//877 961//961
f 876//876 961//961 960//960
f 877//877 878//878 962//962
f 877//877 962//962 961//961
f 878//878 879//879 963//963
f 878//878 963//963 962//962
f 879//879 880//880 964//964
f 879//879 964//964 963//963
f 880//880 881//881 965//965
f 880//880 965//965 964//964
f 881//881 882//882 966//966
f 881//881 966//966 965//965
f 882//882 883//883 967//967
f 882//882 967//967 966//966
f 883//883 884//884 968//968
f 883//883 968//968 967//967
f 884//884 885//885 969//969
f 884//884 969//969 968//968
f 885//885 886//886 970//970
f 885//885 970//970 969//969
f 886//886 887//887 971//971
f 886//886 971//971 970//970
f 887//887 888//888 972//972
f 887//887 972//972 971//971
f 888//888 889//889 973//973
f 888//888 973//973 972//972
f 889//889 890//890 974//974
f 889//889 974//974 973//973
f 890//890 891//891 975//975
f 890//890 975//975 974//974
f 891//891 892//892 976//976
f 891//891 976//976 975//975
f 892//892 893//893 977//977
f 892//892 977//977 976//976
f 893//893 894//894 978//978
f 893//893 978//978 977//977
f 894//894 895//895 979//979
f 894//894 979//979 978//978
f 895//895 896//896 980//980
f 895//895 980//980 979//979
f 896//896 897//897 981//981
f 896//896 981//981 980//980
f 897//897 898//898 982//982
f 897//897 982//982 981//981
f 898//898 899//899 983//983
f 898//898 983//983 982//982
f 899//899 900//900 984//984
f 899//899 984//984 983//983
f 900//900 901//901 985//985
f 900//900 985//985 984//984
f 901//901 902//902 986//986
f 901//901 986//986 985//985
f 902//902 903//903 987//987
f 902//902 987//987 986//986
f 903//903 904//904 988//988
f 903//903 988//988 987//987
f 904//904 905//905 989//989
f 904//904 989//989 988//988
f 905//905 906//906 990//990
f 905//905 990//990 989//989
f 906//906 907//907 991//991
f 906//906 991//991 990//990
f 907//907 908//908 992//992
f 907//907 992//992 991//991
f 908//908 909//909 993//993
f 908//908 993//993 992//992
f 909//909 910//910 994//994
f 909//909 994//994 993//993
f 910//910 911//911 995//995
f 910//910 995//995 994//994
f 911//911 912//912 996//996
f 911//911 996//996 995//995
f 912//912 913//913 997//997
f 912//912 997//997 996//996
f 913//913 914//914 998//998
f 913//913 998//998 997//997
f 914//914 915//915 999//999
f 914//914 999//999 998//998
f 915//915 916//916 1000//1000
f 915//915 1000//1000 999//999
f 916//916 917//917 1001//1001
f 916//916 1001//1001 1000//1000
f 917//917 918//918 1002//1002
f 917//917 1002//1002 1001//1001
f 918//918 919//919 1003//1003
f 918//918 1003//1003 1002//1002
f 919//919 920//920 1004//1004
f 919//919 1004//1004 1003//1003
f 920//920 921//921 1005//1005
f 920//920 1005//1005 1004//1004
f 921//921 922//922 1006//1006
f 921//921 1006//1006 1005//1005
f 922//922 923//923 1007//1007
f 922//922 1007//1007 1006//1006
f 923//923 924//924 1008//1008
f 923//923 1008//1008 1007//1007
f 925//925 926//926 1010//1010
f 925//925 1010//1010 1009//1009
f 926//926 927//927 1011//1011
f 926//926 1011//1011 1010//1010
f 927//927 928//928 1012//1012
f 927//927 1012//1012 1011//1011
f 928//928 929//929 1013//1013
f 928//928 1013//1013 1012//1012
f 929//929 930//930 1014//1014
f 929//929 1014//1014 1013//1013
f 930//930 931//931 1015//1015
f 930//930 1015//1015 1014//1014
f 931//931 932//932 1016//1016
f 931//931 1016//1016 1015//1015
f 932//932 933//933 1017//1017
f 932//932 1017//1017 1016//1016
f 933//933 934//934 1018//1018
f 933//933 1018//1018 1017//1017
f 934//934 935//935 1019//1019
f 934//934 1019//1019 1018//1018
f 935//935 936//936 1020//1020
f 935//935 1020//1020 1019//1019
f 936//936 937//937 1021//1021
f 936//936 1021//1021 1020//1020
f 937//937 938//938 1022//1022
f 937//937 1022//1022 1021//1021
f 938//938 939//939 1023//1023
f 938//938 1023//1023 1022//1022
f 939//939 940//940 1024//1024
f 939//939 1024//1024 1023//1023
f 940//940 941//941 1025//1025
f 940//940 1025//1025 1024//1024
f 941//941 942//942 1026//1026
f 941//941 1026//1026 1025//1025
f 942//942 943//943 1027//1027
f 942//942 1027//1027 1026//1026
f 943//943 944//944 1028//1028
f 943//943 1028//1028 1027//1027
f 944//944 945//945 1029//1029
f 944//944 1029//1029 1028//1028
f 945//945 946//946 1030//1030
f 945//945 1030//1030 1029//1029
f 946//946 947//947 1031//1031
f 946//946 1031//1031 1030//1030
f 947//947 948//948 1032//1032
f 947//947 1032//1032 1031//1031
f 948//948 949//949 1033//1033
f 948//948 1033//1033 1032//1032
f 949//949 950//950 1034//1034
f 949//949 1034//1034 1033//1033
f 950//950 951//951 1035//1035
f 950//950 1035//1035 1034//1034
f 951//951 952//952 1036//1036
f 951//951 1036//1036 1035//1035
f 952//952 953//953 1037//1037
f 952//952 1037//1037 1036//1036
f 953//953 954//954 1038//1038
f 953//953 1038//1038 1037//1037
f 954//954 955//955 1039//1039
f 954//954 1039//1039 1038//1038
f 955//955 956//956 1040//1040
f 955//955 1040//1040 1039//1039
f 956//956 957//957 1041//1041
f 956//956 1041//1041 1040//1040
f 957//957 958//958 1042//1042
f 957//957 1042//1042 1041//1041
f 958//958 959//959 1043//1043
f 958//958 1043//1043 1042//1042
f 959//959 960//960 1044//1044
f 959//959 1044//1044 1043//1043
f 960//960 961//961 1045//1045
f 960//960 1045//1045 1044//1044
f 961//961 962//962 1046//1046
f 961//961 1046//1046 1045//1045
f 962//962 963//963 1047//1047
f 962//962 1047//1047 1046//1046
f 963//963 964//964 1048//1048
f 963//963 1048//1048 1047//1047
f 964//964 965//965 1049//1049
f 964//964 1049//1049 1048//1048
f 965//965 966//966 1050//1050
f 965//965 1050//1050 1049//1049
f 966//966 967//967 1051//1051
f 966//966 1051//1051 1050//1050
f 967//967 968//968 1052//1052
f 967//967 1052//1052 1051//1051
f 968//968 969//969 1053//1053
f 968//968 1053//1053 1052//1052
f 969//969 970//970 1054//1054
f 969//969 1054//1054 1053//1053
f 970//970 971//971 1055//1055
f 970//970 1055//1055 1054//1054
f 971//971 972//972 1056//1056
f 971//971 1056//1056 1055//1055
f 972//972 973//973 1057//1057
f 972//972 1057//1057 1056//1056
f 973//973 974//974 1058//1058
f 973//973 1058//1058 1057//1057
f 974//974 975//975 1059//1059
f 974//974 1059//1059 1058//1058
f 975//975 976//976 1060//1060
f 975//975 1060//1060 1059//1059
f 976//976 977//977 1061//1061
f 976//976 1061//1061 1060//1060
f 977//977 978//978 1062//1062
f 977//977 1062//1062 1061//1061
f 978//978 979//979 1063//1063
f 978//978 1063//1063 1062//1062
f 979//979 980//980 1064//1064
f 979//979 1064//1064 1063//1063
f 980//980 981//981 1065//1065
f 980//980 1065//1065 1064//1064
f 981//981 982//982 1066//1066
f 981//981 1066//1066 1065//1065
f 982//982 983//983 1067//1067
f 982//982 1067//1067 1066//1066
f 983//983 984//984 1068//1068
f 983//983 1068//1068 1067//1067
f 984//984 985//985 1069//1069
f 984//984 1069//1069 1068//1068
f 985//985 986//986 1070//1070
f 985//985 1070//1070 1069//1069
f 986//986 987//987 1071//1071
f 986//986 1071//1071 1070//1070
f 987//987 988//988 1072//1072
f 987//987 1072//1072 1071//1071
f 988//988 989//989 1073//1073
f 988//988 1073//1073 1072//1072
f 989//989 990//990 1074//1074
f 989//989 1074//1074 1073//1073
f 990//990 991//991 1075//1075
f 990//990 1075//1075 1074//1074
f 991//991 992//992 1076//1076
f 991//991 1076//1076 1075//1075
f 992//992 993//993 1077//1077
f 992//992 1077//1077 1076//1076
f 993//993 994//994 1078//1078
f 993//993 1078//1078 1077//1077
f 994//994 995//995 1079//1079
f 994//994 1079//1079 1078//1078
f 995//995 996//996 1080//1080
f 995//995 1080//1080 1079//1079
f 996//996 997//997 1081//1081
f 996//996 1081//1081 1080//1080
f 997//997 998//998 1082//1082
f 997//997 1082//1082 1081//1081
f 998//998 999//999 1083//1083
f 998//998 1083//1083 1082//1082
f 999//999 1000//1000 1084//1084
f 999//999 1084//1084 1083//1083
f 1000//1000 1001//1001 1085//1085
f 1000//1000 1085//1085 1084//1084
f 1001//1001 1002//1002 1086//1086
f 1001//1001 1086//1086 1085//1085
f 1002//1002 1003//1003 1087//1087
f 1002//1002 1087//1087 1086//1086
f 1003//1003 1004//1004 1088//1088
f 1003//1003 1088//1088 1087//1087
f 1004//1004 1005//1005 1089//1089
f 1004//1004 1089//1089 1088//1088
f 1005//1005 1006//1006 1090//1090
f 1005//1005 1090//1090 1089//1089
f 1006//1006 1007//1007 1091//1091
f 1006//1006 1091//1091 1090//1090
f 1007//1007 1008//1008 1092//1092
f 1007//1007 1092//1092 1091//1091
f 1009//1009 1010//1010 1094//1094
f 1009//1009 1094//1094 1093//1093
f 1010//1010 1011//1011 1095//1095
f 1010//1010 1095//1095 1094//1094
f 1011//1011 1012//1012 1096//1096
f 1011//1011 1096//1096 1095//1095
f 1012//1012 1013//1013 1097//1097
f 1012//1012 1097//1097 1096//1096
f 1013//1013 1014//1014 1098//1098
f 1013//1013 1098//1098 1097//1097
f 1014//1014 1015//1015 1099//1099
f 1014//1014 1099//1099 1098//1098
f 1015//1015 1016//1016 1100//1100
f 1015//1015 1100//1100 1099//1099
f 1016//1016 1017//1017 1101//1101
f 1016//1016 1101//1101 1100//1100
f 1017//1017 1018//1018 1102//1102
f 1017//1017 1102//1102 1101//1101
f 1018//1018 1019//1019 1103//1103
f 1018//1018 1103//1103 1102//1102
f 1019//1019 1020//1020 1104//1104
f 1019//1019 1104//1104 1103//1103
f 1020//1020 1021//1021 1105//1105
f 1020//1020 1105//1105 1104//1104
f 1021//1021 1022//1022 1106//1106
f 1021//1021 1106//1106 1105//1105
f 1022//1022 1023//1023 1107//1107
f 1022//1022 1107//1107 1106//1106
f 1023//1023 1024//1024 1108//1108
f 1023//1023 1108//1108 1107//1107
f 1024//1024 1025//1025 1109//1109
f 1024//1024 1109//1109 1108//1108
f 1025//1025 1026//1026 1110//1110
f 1025//1025 1110//1110 1109//1109
f 1026//1026 1027//1027 1111//1111
f 1026//1026 1111//1111 1110//1110
f 1027//1027 1028//1028 1112//1112
f 1027//1027 1112//1112 1111//1111
f 1028//1028 1029//1029 1113//1113
f 1028//1028 1113//1113 1112//1112
f 1029//1029 1030//1030 1114//1114
f 1029//1029 1114//1114 1113//1113
f 1030//1030 1031//1031 1115//1115
f 1030//1030 1115//1115 1114//1114
f 1031//1031 1032//1032 1116//1116
f 1031//1031 1116//1116 1115//1115
f 1032//1032 1033//1033 1117//1117
f 1032//1032 1117//1117 1116//1116
f 1033//1033 1034//1034 1118//1118
f 1033//1033 1118//1118 1117//1117
f 1034//1034 1035//1035 1119//1119
f 1034//1034 1119//1119 1118//1118
f 1035//1035 1036//1036 1120//1120
f 1035//1035 1120//1120 1119//1119
f 1036//1036 1037//1037 1121//1121
f 1036//1036 1121//1121 1120//1120
f 1037//1037 1038//1038 1122//1122
f 1037//1037 1122//1122 1121//1121
f 1038//1038 1039//1039 1123//1123
f 1038//1038 1123//1123 1122//1122
f 1039//1039 1040//1040 1124//1124
f 1039//1039 1124//1124 1123//1123
f 1040//1040 1041//1041 1125//1125
f 1040//1040 1125//1125 1124//1124
f 1041//1041 1042//1042 1126//1126
f 1041//1041 1126//1126 1125//1125
f 1042//1042 1043//1043 1127//1127
f 1042//1042 1127//1127 1126//1126
f 1043//1043 1044//1044 1128//1128
f 1043//1043 1128//1128 1127//1127
f 1044//1044 1045//1045 1129//1129
f 1044//1044 1129//1129 1128//1128
f 1045//1045 1046//1046 1130//1130
f 1045//1045 1130//1130 1129//1129
f 1046//1046 1047//1047 1131//1131
f 1046//1046 1131//1131 1130//1130
f 1047//1047 1048//1048 1132//1132
f 1047//1047 1132//1132 1131//1131
f 1048//1048 1049//1049 1133//1133
f 1048//1048 1133//1133 1132//1132
f 1049//1049 1050//1050 1134//1134
f 1049//1049 1134//1134 1133//1133
f 1050//1050 1051//1051 1135//1135
f 1050//1050 1135//1135 1134//1134
f 1051//1051 1052//1052 1136//1136
f 1051//1051 1136//1136 1135//1135
f 1052//1052 1053//1053 1137//1137
f 1052//1052 1137//1137 1136//1136
f 1053//1053 1054//1054 1138//1138
f 1053//1053 1138//1138 1137//1137
f 1054//1054 1055//1055 1139//1139
f 1054//1054 1139//1139 1138//1138
f 1055//1055 1056//1056 1140//1140
f 1055//1055 1140//1140 1139//1139
f 1056//1056 1057//1057 1141//1141
f 1056//1056 1141//1141 1140//1140
f 1057//1057 1058//1058 1142//1142
f 1057//1057 1142//1142 1141//1141
f 1058//1058 1059//1059 1143//1143
f 1058//1058 1143//1143 1142//1142
f 1059//1059 1060//1060 1144//1144
f 1059//1059 1144//1144 1143//1143
f 1060//1060 1061//1061 1145//1145
f 1060//1060 1145//1145 1144//1144
f 1061//1061 1062//1062 1146//1146
f 1061//1061 1146//1146 1145//1145
f 1062//1062 1063//1063 1147//1147
f 1062//1062 1147//1147 1146//1146
f 1063//1063 1064//1064 1148//1148
f 1063//1063 1148//1148 1147//1147
f 1064//1064 1065//1065 1149//1149
f 1064//1064 1149//1149 1148//1148
f 1065//1065 1066//1066 1150//1150
f 1065//1065 1150//1150 1149//1149
f 1066//1066 1067//1067 1151//1151
f 1066//1066 1151//1151 1150//1150
f 1067//1067 1068//1068 1152//1152
f 1067//1067 1152//1152 1151//1151
f 1068//1068 1069//1069 1153//1153
f 1068//1068 1153//1153 1152//1152
f 1069//1069 1070//1070 1154//1154
f 1069//1069 1154//1154 1153//1153
f 1070//1070 1071//1071 1155//1155
f 1070//1070 1155//1155 1154//1154
f 1071//1071 1072//1072 1156//1156
f 1071//1071 1156//1156 1155//1155
f 1072//1072 1073//1073 1157//1157
f 1072//1072 1157//1157 1156//1156
f 1073//1073 1074//1074 1158//1158
f 1073//1073 1158//1158 1157//1157
f 1074//1074 1075//1075 1159//1159
f 1074//1074 1159//1159 1158//1158
f 1075//1075 1076//1076 1160//1160
f 1075//1075 1160//1160 1159//1159
f 1076//1076 1077//1077 1161//1161
f 1076//1076 1161//1161 1160//1160
f 1077//1077 1078//1078 1162//1162
f 1077//1077 1162//1162 1161//1161
f 1078//1078 1079//1079 1163//1163
f 1078//1078 1163//1163 1162//1162
f 1079//1079 1080//1080 1164//1164
f 1079//1079 1164//1164 1163//1163
f 1080//1080 1081//1081 1165//1165
f 1080//1080 1165//1165 1164//1164
f 1081//1081 1082//1082 1166//1166
f 1081//1081 1166//1166 1165//1165
f 1082//1082 1083//1083 1167//1167
f 1082//1082 1167//1167 1166//1166
f 1083//1083 1084//1084 1168//1168
f 1083//1083 1168//1168 1167//1167
f 1084//1084 1085//1085 1169//1169
f 1084//1084 1169//1169 1168//1168
f 1085//1085 1086//1086 1170//1170
f 1085//1085 1170//1170 1169//1169
f 1086//1086 1087//1087 1171//1171
f 1086//1086 1171//1171 1170//1170
f 1087//1087 1088//1088 1172//1172
f 1087//1087 1172//1172 1171//1171
f 1088//1088 1089//1089 1173//1173
f 1088//1088 1173//1173 1172//1172
f 1089//1089 1090//1090 1174//1174
f 1089//1089 1174//1174 1173//1173
f 1090//1090 1091//1091 1175//1175
f 1090//1090 1175//1175 1174//1174
f 1091//1091 1092//1092 1176//1176
f 1091//1091 1176//1176 1175//1175
f 1093//1093 1094//1094 1178//1178
f 1093//1093 1178//1178 1177//1177
f 1094//1094 1095//1095 1179//1179
f 1094//1094 1179//1179 1178//1178
f 1095//1095 1096//1096 1180//1180
f 1095//1095 1180//1180 1179//1179
f 1096//1096 1097//1097 1181//1181
f 1096//1096 1181//1181 1180//1180
f 1097//1097 1098//1098 1182//1182
f 1097//1097 1182//1182 1181//1181
f 1098//1098 1099//1099 1183//1183
f 1098//1098 1183//1183 1182//1182
f 1099//1099 1100//1100 1184//1184
f 1099//1099 1184//1184 1183//1183
f 1100//1100 1101//1101 1185//1185
f 1100//1100 1185//1185 1184//1184
f 1101//1101 1102//1102 1186//1186
f 1101//1101 1186//1186 1185//1185
f 1102//1102 1103//1103 1187//1187
f 1102//1102 1187//1187 1186//1186
f 1103//1103 1104//1104 1188//1188
f 1103//1103 1188//1188 1187//1187
f 1104//1104 1105//1105 1189//1189
f 1104//1104 1189//1189 1188//1188
f 1105//1105 1106//1106 1190//1190
f 1105//1105 1190//1190 1189//1189
f 1106//1106 1107//1107 1191//1191
f 1106//1106 1191//1191 1190//1190
f 1107//1107 1108//1108 1192//1192
f 1107//1107 1192//1192 1191//1191
f 1108//1108 1109//1109 1193//1193
f 1108//1108 1193//1193 1192//1192
f 1109//1109 1110//1110 1194//1194
f 1109//1109 1194//1194 1193//1193
f 1110//1110 1111//1111 1195//1195
f 1110//1110 1195//1195 1194//1194
f 1111//1111 1112//1112 1196//1196
f 1111//1111 1196//1196 1195//1195
f 1112//1112 1113//1113 1197//1197
f 1112//1112 1197//1197 1196//1196
f 1113//1113 1114//1114 1198//1198
f 1113//1113 1198//1198 1197//1197
f 1114//1114 1115//1115 1199//1199
f 1114//1114 1199//1199 1198//1198
f 1115//1115 1116//1116 1200//1200
f 1115//1115 1200//1200 1199//1199
f 1116//1116 1117//1117 1201//1201
f 1116//1116 1201//1201 1200//1200
f 1117//1117 1118//1118 1202//1202
f 1117//1117 1202//1202 1201//1201
f 1118//1118 1119//1119 1203//1203
f 1118//1118 1203//1203 1202//1202
f 1119//1119 1120//1120 1204//1204
f 1119//1119 1204//1204 1203//1203
f 1120//1120 1121//1121 1205//1205
f 1120//1120 1205//1205 1204//1204
f 1121//1121 1122//1122 1206//1206
f 1121//1121 1206//1206 1205//1205
f 1122//1122 1123//1123 1207//1207
f 1122//1122 1207//1207 1206//1206
f 1123//1123 1124//1124 1208//1208
f 1123//1123 1208//1208 1207//1207
f 1124//1124 1125//1125 1209//1209
f 1124//1124 1209//1209 1208//1208
f 1125//1125 1126//1126 1210//1210
f 1125//1125 1210//1210 1209//1209
f 1126//1126 1127//1127 1211//1211
f 1126//1126 1211//1211 1210//1210
f 1127//1127 1128//1128 1212//1212
f 1127//1127 1212//1212 1211//1211
f 1128//1128 1129//1129 1213//1213
f 1128//1128 1213//1213 1212//1212
f 1129//1129 1130//1130 1214//1214
f 1129//1129 1214//1214 1213//1213
f 1130//1130 1131//1131 1215//1215
f 1130//1130 1215//1215 1214//1214
f 1131//1131 1132//1132 1216//1216
f 1131//1131 1216//1216 1215//1215
f 1132//1132 1133//1133 1217//1217
f 1132//1132 1217//1217 1216//1216
f 1133//1133 1134//1134 1218//1218
f 1133//1133 1218//1218 1217//1217
f 1134//1134 1135//1135 1219//1219
f 1134//1134 1219//1219 1218//1218
f 1135//1135 1136//1136 1220//1220
f 1135//1135 1220//1220 1219//1219
f 1136//1136 1137//1137 1221//1221
f 1136//1136 1221//1221 1220//1220
f 1137//1137 1138//1138 1222//1222
f 1137//1137 1222//1222 1221//1221
f 1138//1138 1139//1139 1223//1223
f 1138//1138 1223//1223 1222//1222
f 1139//1139 1140//1140 1224//1224
f 1139//1139 1224//1224 1223//1223
f 1140//1140 1141//1141 1225//1225
f 1140//1140 1225//1225 1224//1224
f 1141//1141 1142//1142 1226//1226
f 1141//1141 1226//1226 1225//1225
f 1142//1142 1143//1143 1227//1227
f 1142//1142 1227//1227 1226//1226
f 1143//1143 1144//1144 1228//1228
f 1143//1143 1228//1228 1227//1227
f 1144//1144 1145//1145 1229//1229
f 1144//1144 1229//1229 1228//1228
f 1145//1145 1146//1146 1230//1230
f 1145//1145 1230//1230 1229//1229
f 1146//1146 1147//1147 1231//1231
f 1146//1146 1231//1231 1230//1230
f 1147//1147 1148//1148 1232//1232
f 1147//1147 1232//1232 1231//1231
f 1148//1148 1149//1149 1233//1233
f 1148//1148 1233//1233 1232//1232
f 1149//1149 1150//1150 1234//1234
f 1149//1149 1234//1234 1233//1233
f 1150//1150 1151//1151 1235//1235
f 1150//1150 1235//1235 1234//1234
f 1151//1151 1152//1152 1236//1236
f 1151//1151 1236//1236 1235//1235
f 1152//1152 1153//1153 1237//1237
f 1152//1152 1237//1237 1236//1236
f 1153//1153 1154//1154 1238//1238
f 1153//1153 1238//1238 1237//1237
f 1154//1154 1155//1155 1239//1239
f 1154//1154 1239//1239 1238//1238
f 1155//1155 1156//1156 1240//1240
f 1155//1155 1240//1240 1239//1239
f 1156//1156 1157//1157 1241//1241
f 1156//1156 1241//1241 1240//1240
f 1157//1157 1158//1158 1242//1242
f 1157//1157 1242//1242 1241//1241
f 1158//1158 1159//1159 1243//1243
f 1158//1158 1243//1243 1242//1242
f 1159//1159 1160//1160 1244//1244
f 1159//1159 1244//1244 1243//1243
f 1160//1160 1161//1161 1245//1245
f 1160//1160 1245//1245 1244//1244
f 1161//1161 1162//1162 1246//1246
f 1161//1161 1246//1246 1245//1245
f 1162//1162 1163//1163 1247//1247
f 1162//1162 1247//1247 1246//1246
f 1163//1163 1164//1164 1248//1248
f 1163//1163 1248//1248 1247//1247
f 1164//1164 1165//1165 1249//1249
f 1164//1164 1249//1249 1248//1248
f 1165//1165 1166//1166 1250//1250
f 1165//1165 1250//1250 1249//1249
f 1166//1166 1167//1167 1251//1251
f 1166//1166 1251//1251 1250//1250
f 1167//1167 1168//1168 1252//1252
f 1167//1167 1252//1252 1251//1251
f 1168//1168 1169//1169 1253//1253
f 1168//1168 1253//1253 1252//1252
f 1169//1169 1170//1170 1254//1254
f 1169//1169 1254//1254 1253//1253
f 1170//1170 1171//1171 1255//1255
f 1170//1170 1255//1255 1254//1254
f 1171//1171 1172//1172 1256//1256
f 1171//1171 1256//1256 1255//1255
f 1172//1172 1173//1173 1257//1257
f 1172//1172 1257//1257 1256//1256
f 1173//1173 1174//1174 1258//1258
f 1173//1173 1258//1258 1257//1257
f 1174//1174 1175//1175 1259//1259
f 1174//1174 1259//1259 1258//1258
f 1175//1175 1176//1176 1260//1260
f 1175//1175 1260//1260 1259//1259
f 1177//1177 1178//1178 1262//1262
f 1177//1177 1262//1262 1261//1261
f 1178//1178 1179//1179 1263//1263
f 1178//1178 1263//1263 1262//1262
f 1179//1179 1180//1180 1264//1264
f 1179//1179 1264//1264 1263//1263
f 1180//1180 1181//1181 1265//1265
f 1180//1180 1265//1265 1264//1264
f 1181//1181 1182//1182 1266//1266
f 1181//1181 1266//1266 1265//1265
f 1182//1182 1183//1183 1267//1267
f 1182//1182 1267//1267 1266//1266
f 1183//1183 1184//1184 1268//1268
f 1183//1183 1268//1268 1267//1267
f 1184//1184 1185//1185 1269//1269
f 1184//1184 1269//1269 1268//1268
f 1185//1185 1186//1186 1270//1270
f 1185//1185 1270//1270 1269//1269
f 1186//1186 1187//1187 1271//1271
f 1186//1186 1271//1271 1270//1270
f 1187//1187 1188//1188 1272//1272
f 1187//1187 1272//1272 1271//1271
f 1188//1188 1189//1189 1273//1273
f 1188//1188 1273//1273 1272//1272
f 1189//1189 1190//1190 1274//1274
f 1189//1189 1274//1274 1273//1273
f 1190//1190 1191//1191 1275//1275
f 1190//1190 1275//1275 1274//1274
f 1191//1191 1192//1192 1276//1276
f 1191//1191 1276//1276 1275//1275
f 1192//1192 1193//1193 1277//1277
f 1192//1192 1277//1277 1276//1276
f 1193//1193 1194//1194 1278//1278
f 1193//1193 1278//1278 1277//1277
f 1194//1194 1195//1195 1279//1279
f 1194//1194 1279//1279 1278//1278
f 1195//1195 1196//1196 1280//1280
f 1195//1195 1280//1280 1279//1279
f 1196//1196 1197//1197 1281//1281
f 1196//1196 1281//1281 1280//1280
f 1197//1197 1198//1198 1282//1282
f 1197//1197 1282//1282 1281//1281
f 1198//1198 1199//1199 1283//1283
f 1198//1198 1283//1283 1282//1282
f 1199//1199 1200//1200 1284//1284
f 1199//1199 1284//1284 1283//1283
f 1200//1200 1201//1201 1285//1285
f 1200//1200 1285//1285 1284//1284
f 1201//1201 1202//1202 1286//1286
f 1201//1201 1286//1286 1285//1285
f 1202//1202 1203//1203 1287//1287
f 1202//1202 1287//1287 1286//1286
f 1203//1203 1204//1204 1288//1288
f 1203//1203 1288//1288 1287//1287
f 1204//1204 1205//1205 1289//1289
f 1204//1204 1289//1289 1288//1288
f 1205//1205 1206//1206 1290//1290
f 1205//1205 1290//1290 1289//1289
f 1206//1206 1207//1207 1291//1291
f 1206//1206 1291//1291 1290//1290
f 1207//1207 1208//1208 1292//1292
f 1207//1207 1292//1292 1291//1291
f 1208//1208 1209//1209 1293//1293
f 1208//1208 1293//1293 1292//1292
f 1209//1209 1210//1210 1294//1294
f 1209//1209 1294//1294 1293//1293
f 1210//1210 1211//1211 1295//1295
f 1210//1210 1295//1295 1294//1294
f 1211//1211 1212//1212 1296//1296
f 1211//1211 1296//1296 1295//1295
f 1212//1212 1213//1213 1297//1297
f 1212//1212 1297//1297 1296//1296
f 1213//1213 1214//1214 1298//1298
f 1213//1213 1298//1298 1297//1297
f 1214//1214 1215//1215 1299//1299
f 1214//1214 1299//1299 1298//1298
f 1215//1215 1216//1216 1300//1300
f 1215//1215 1300//1300 1299//1299
f 1216//1216 1217//1217 1301//1301
f 1216//1216 1301//1301 1300//1300
f 1217//1217 1218//1218 1302//1302
f 1217//1217 1302//1302 1301//1301
f 1218//1218 1219//1219 1303//1303
f 1218//1218 1303//1303 1302//1302
f 1219//1219 1220//1220 1304//1304
f 1219//1219 1304//1304 1303//1303
f 1220//1220 1221//1221 1305//1305
f 1220//1220 1305//1305 1304//1304
f 1221//1221 1222//1222 1306//1306
f 1221//1221 1306//1306 1305//1305
f 1222//1222 1223//1223 1307//1307
f 1222//1222 1307//1307 1306//1306
f 1223//1223 1224//1224 1308//1308
f 1223//1223 1308//1308 1307//1307
f 1224//1224 1225//1225 1309//1309
f 1224//1224 1309//1309 1308//1308
f 1225//1225 1226//1226 1310//1310
f 1225//1225 1310//1310 1309//1309
f 1226//1226 1227//1227 1311//1311
f 1226//1226 1311//1311 1310//1310
f 1227//1227 1228//1228 1312//1312
f 1227//1227 1312//1312 1311//1311
f 1228//1228 1229//1229 1313//1313
f 1228//1228 1313//1313 1312//1312
f 1229//1229 1230//1230 1314//1314
f 1229//1229 1314//1314 1313//1313
f 1230//1230 1231//1231 1315//1315
f 1230//1230 1315//1315 1314//1314
f 1231//1231 1232//1232 1316//1316
f 1231//1231 1316//1316 1315//1315
f 1232//1232 1233//1233 1317//1317
f 1232//1232 1317//1317 1316//1316
f 1233//1233 1234//1234 1318//1318
f 1233//1233 1318//1318 1317//1317
f 1234//1234 1235//1235 1319//1319
f 1234//1234 1319//1319 1318//1318
f 1235//1235 1236//1236 1320//1320
f 1235//1235 1320//1320 1319//1319
f 1236//1236 1237//1237 1321//1321
f 1236//1236 1321//1321 1320//1320
f 1237//1237 1238//1238 1322//1322
f 1237//1237 1322//1322 1321//1321
f 1238//1238 1239//1239 1323//1323
f 1238//1238 1323//1323 1322//1322
f 1239//1239 1240//1240 1324//1324
f 1239//1239 1324//1324 1323//1323
f 1240//1240 1241//1241 1325//1325
f 1240//1240 1325//1325 1324//1324
f 1241//1241 1242//1242 1326//1326
f 1241//1241 1326//1326 1325//1325
f 1242//1242 1243//1243 1327//1327
f 1242//1242 1327//1327 1326//1326
f 1243//1243 1244//1244 1328//1328
f 1243//1243 1328//1328 1327//1327
f 1244//1244 1245//1245 1329//1329
f 1244//1244 1329//1329 1328//1328
f 1245//1245 1246//1246 1330//1330
f 1245//1245 1330//1330 1329//1329
f 1246//1246 1247//1247 1331//1331
f 1246//1246 1331//1331 1330//1330
f 1247//1247 1248//1248 1332//1332
f 1247//1247 1332//1332 1331//1331
f 1248//1248 1249//1249 1333//1333
f 1248//1248 1333//1333 1332//1332
f 1249//1249 1250//1250 1334//1334
f 1249//1249 1334//1334 1333//1333
f 1250//1250 1251//1251 1335//1335
f 1250//1250 1335//1335 1334//1334
f 1251//1251 1252//1252 1336//1336
f 1251//1251 1336//1336 1335//1335
f 1252//1252 1253//1253 1337//1337
f 1252//1252 1337//1337 1336//1336
f 1253//1253 1254//1254 1338//1338
f 1253//1253 1338//1338 1337//1337
f 1254//1254 1255//1255 1339//1339
f 1254//1254 1339//1339 1338//1338
f 1255//1255 1256//1256 1340//1340
f 1255//1255 1340//1340 1339//1339
f 1256//1256 1257//1257 1341//1341
f 1256//1256 1341//1341 1340//1340
f 1257//1257 1258//1258 1342//1342
f 1257//1257 1342//1342 1341//1341
f 1258//1258 1259//1259 1343//1343
f 1258//1258 1343//1343 1342//1342
f 1259//1259 1260//1260 1344//1344
f 1259//1259 1344//1344 1343//1343
f 1261//1261 1262//1262 1346//1346
f 1261//1261 1346//1346 1345//1345
f 1262//1262 1263//1263 1347//1347
f 1262//1262 1347//1347 1346//1346
f 1263//1263 1264//1264 1348//1348
f 1263//1263 1348//1348 1347//1347
f 1264//1264 1265//1265 1349//1349
f 1264//1264 1349//1349 1348//1348
f 1265//1265 1266//1266 1350//1350
f 1265//1265 1350//1350 1349//1349
f 1266//1266 1267//1267 1351//1351
f 1266//1266 1351//1351 1350//1350
f 1267//1267 1268//1268 1352//1352
f 1267//1267 1352//1352 1351//1351
f 1268//1268 1269//1269 1353//1353
f 1268//1268 1353//1353 1352//1352
f 1269//1269 1270//1270 1354//1354
f 1269//1269 1354//1354 1353//1353
f 1270//1270 1271//1271 1355//1355
f 1270//1270 1355//1355 1354//1354
f 1271//1271 1272//1272 1356//1356
f 1271//1271 1356//1356 1355//1355
f 1272//1272 1273//1273 1357//1357
f 1272//1272 1357//1357 1356//1356
f 1273//1273 1274//1274 1358//1358
f 1273//1273 1358//1358 1357//1357
f 1274//1274 1275//1275 1359//1359
f 1274//1274 1359//1359 1358//1358
f 1275//1275 1276//1276 1360//1360
f 1275//1275 1360//1360 1359//1359
f 1276//1276 1277//1277 1361//1361
f 1276//1276 1361//1361 1360//1360
f 1277//1277 1278//1278 1362//1362
f 1277//1277 1362//1362 1361//1361
f 1278//1278 1279//1279 1363//1363
f 1278//1278 1363//1363 1362//1362
f 1279//1279 1280//1280 1364//1364
f 1279//1279 1364//1364 1363//1363
f 1280//1280 1281//1281 1365//1365
f 1280//1280 1365//1365 1364//1364
f 1281//1281 1282//1282 1366//1366
f 1281//1281 1366//1366 1365//1365
f 1282//1282 1283//1283 1367//1367
f 1282//1282 1367//1367 1366//1366
f 1283//1283 1284//1284 1368//1368
f 1283//1283 1368//1368 1367//1367
f 1284//1284 1285//1285 1369//1369
f 1284//1284 1369//1369 1368//1368
f 1285//1285 1286//1286 1370//1370
f 1285//1285 1370//1370 1369//1369
f 1286//1286 1287//1287 1371//1371
f 1286//1286 1371//1371 1370//1370
f 1287//1287 1288//1288 1372//1372
f 1287//1287 1372//1372 1371//1371
f 1288//1288 1289//1289 1373//1373
f 1288//1288 1373//1373 1372//1372
f 1289//1289 1290//1290 1374//1374
f 1289//1289 1374//1374 1373//1373
f 1290//1290 1291//1291 1375//1375
f 1290//1290 1375//1375 1374//1374
f 1291//1291 1292//1292 1376//1376
f 1291//1291 1376//1376 1375//1375
f 1292//1292 1293//1293 1377//1377
f 1292//1292 1377//1377 1376//1376
f 1293//1293 1294//1294 1378//1378
f 1293//1293 1378//1378 1377//1377
f 1294//1294 1295//1295 1379//1379
f 1294//1294 1379//1379 1378//1378
f 1295//1295 1296//1296 1380//1380
f 1295//1295 1380//1380 1379//1379
f 1296//1296 1297//1297 1381//1381
f 1296//1296 1381//1381 1380//1380
f 1297//1297 1298//1298 1382//1382
f 1297//1297 1382//1382 1381//1381
f 1298//1298 1299//1299 1383//1383
f 1298//1298 1383//1383 1382//1382
f 1299//1299 1300//1300 1384//1384
f 1299//1299 1384//1384 1383//1383
f 1300//1300 1301//1301 1385//1385
f 1300//1300 1385//1385 1384//1384
f 1301//1301 1302//1302 1386//1386
f 1301//1301 1386//1386 1385//1385
f 1302//1302 1303//1303 1387//1387
f 1302//1302 1387//1387 1386//1386
f 1303//1303 1304//1304 1388//1388
f 1303//1303 1388//1388 1387//1387
f 1304//1304 1305//1305 1389//1389
f 1304//1304 1389//1389 1388//1388
f 1305//1305 1306//1306 1390//1390
f 1305//1305 1390//1390 1389//1389
f 1306//1306 1307//1307 1391//1391
f 1306//1306 1391//1391 1390//1390
f 1307//1307 1308//1308 1392//1392
f 1307//1307 1392//1392 1391//1391
f 1308//1308 1309//1309 1393//1393
f 1308//1308 1393//1393 1392//1392
f 1309//1309 1310//1310 1394//1394
f 1309//1309 1394//1394 1393//1393
f 1310//1310 1311//1311 1395//1395
f 1310//1310 1395//1395 1394//1394
f 1311//1311 1312//1312 1396//1396
f 1311//1311 1396//1396 1395//1395
f 1312//1312 1313//1313 1397//1397
f 1312//1312 1397//1397 1396//1396
f 1313//1313 1314//1314 1398//1398
f 1313//1313 1398//1398 1397//1397
f 1314//1314 1315//1315 1399//1399
f 1314//1314 1399//1399 1398//1398
f 1315//1315 1316//1316 1400//1400
f 1315//1315 1400//1400 1399//1399
f 1316//1316 1317//1317 1401//1401
f 1316//1316 1401//1401 1400//1400
f 1317//1317 1318//1318 1402//1402
f 1317//1317 1402//1402 1401//1401
f 1318//1318 1319//1319 1403//1403
f 1318//1318 1403//1403 1402//1402
f 1319//1319 1320//1320 1404//1404
f 1319//1319 1404//1404 1403//1403
f 1320//1320 1321//1321 1405//1405
f 1320//1320 1405//1405 1404//1404
f 1321//1321 1322//1322 1406//1406
f 1321//1321 1406//1406 1405//1405
f 1322//1322 1323//1323 1407//1407
f 1322//1322 1407//1407 1406//1406
f 1323//1323 1324//1324 1408//1408
f 1323//1323 1408//1408 1407//1407
f 1324//1324 1325//1325 1409//1409
f 1324//1324 1409//1409 1408//1408
f 1325//1325 1326//1326 1410//1410
f 1325//1325 1410//1410 1409//1409
f 1326//1326 1327//1327 1411//1411
f 1326//1326 1411//1411 1410//1410
f 1327//1327 1328//1328 1412//1412
f 1327//1327 1412//1412 1411//1411
f 1328//1328 1329//1329 1413//1413
f 1328//1328 1413//1413 1412//1412
f 1329//1329 1330//1330 1414//1414
f 1329//1329 1414//1414 1413//1413
f 1330//1330 1331//1331 1415//1415
f 1330//1330 1415//1415 1414//1414
f 1331//1331 1332//1332 1416//1416
f 1331//1331 1416//1416 1415//1415
f 1332//1332 1333//1333 1417//1417
f 1332//1332 1417//1417 1416//1416
f 1333//1333 1334//1334 1418//1418
f 1333//1333 1418//1418 1417//1417
f 1334//1334 1335//1335 1419//1419
f 1334//1334 1419//1419 1418//1418
f 1335//1335 1336//1336 1420//1420
f 1335//1335 1420//1420 1419//1419
f 1336//1336 1337//1337 1421//1421
f 1336//1336 1421//1421 1420//1420
f 1337//1337 1338//1338 1422//1422
f 1337//1337 1422//1422 1421//1421
f 1338//1338 1339//1339 1423//1423
f 1338//1338 1423//1423 1422//1422
f 1339//1339 1340//1340 1424//1424
f 1339//1339 1424//1424 1423//1423
f 1340//1340 1341//1341 1425//1425
f 1340//1340 1425//1425 1424//1424
f 1341//1341 1342//1342 1426//1426
f 1341//1341 1426//1426 1425//1425
f 1342//1342 1343//1343 1427//1427
f 1342//1342 1427//1427 1426//1426
f 1343//1343 1344//1344 1428//1428
f 1343//1343 1428//1428 1427//1427
f 1345//1345 1346//1346 1430//1430
f 1345//1345 1430//1430 1429//1429
f 1346//1346 1347//1347 1431//1431
f 1346//1346 1431//1431 1430//1430
f 1347//1347 1348//1348 1432//1432
f 1347//1347 1432//1432 1431//1431
f 1348//1348 1349//1349 1433//1433
f 1348//1348 1433//1433 1432//1432
f 1349//1349 1350//1350 1434//1434
f 1349//1349 1434//1434 1433//1433
f 1350//1350 1351//1351 1435//1435
f 1350//1350 1435//1435 1434//1434
f 1351//1351 1352//1352 1436//1436
f 1351//1351 1436//1436 1435//1435
f 1352//1352 1353//1353 1437//1437
f 1352//1352 1437//1437 1436//1436
f 1353//1353 1354//1354 1438//1438
f 1353//1353 1438//1438 1437//1437
f 1354//1354 1355//1355 1439//1439
f 1354//1354 1439//1439 1438//1438
f 1355//1355 1356//1356 1440//1440
f 1355//1355 1440//1440 1439//1439
f 1356//1356 1357//1357 1441//1441
f 1356//1356 1441//1441 1440//1440
f 1357//1357 1358//1358 1442//1442
f 1357//1357 1442//1442 1441//1441
f 1358//1358 1359//1359 1443//1443
f 1358//1358 1443//1443 1442//1442
f 1359//1359 1360//1360 1444//1444
f 1359//1359 1444//1444 1443//1443
f 1360//1360 1361//1361 1445//1445
f 1360//1360 1445//1445 1444//1444
f 1361//1361 1362//1362 1446//1446
f 1361//1361 1446//1446 1445//1445
f 1362//1362 1363//1363 1447//1447
f 1362//1362 1447//1447 1446//1446
f 1363//1363 1364//1364 1448//1448
f 1363//1363 1448//1448 1447//1447
f 1364//1364 1365//1365 1449//1449
f 1364//1364 1449//1449 1448//1448
f 1365//1365 1366//1366 1450//1450
f 1365//1365 1450//1450 1449//1449
f 1366//1366 1367//1367 1451//1451
f 1366//1366 1451//1451 1450//1450
f 1367//1367 1368//1368 1452//1452
f 1367//1367 1452//1452 1451//1451
f 1368//1368 1369//1369 1453//1453
f 1368//1368 1453//1453 1452//1452
f 1369//1369 1370//1370 1454//1454
f 1369//1369 1454//1454 1453//1453
f 1370//1370 1371//1371 1455//1455
f 1370//1370 1455//1455 1454//1454
f 1371//1371 1372//1372 1456//1456
f 1371//1371 1456//1456 1455//1455
f 1372//1372 1373//1373 1457//1457
f 1372//1372 1457//1457 1456//1456
f 1373//1373 1374//1374 1458//1458
f 1373//1373 1458//1458 1457//1457
f 1374//1374 1375//1375 1459//1459
f 1374//1374 1459//1459 1458//1458
f 1375//1375 1376//1376 1460//1460
f 1375//1375 1460//1460 1459//1459
f 1376//1376 1377//1377 1461//1461
f 1376//1376 1461//1461 1460//1460
f 1377//1377 1378//1378 1462//1462
f 1377//1377 1462//1462 1461//1461
f 1378//1378 1379//1379 1463//1463
f 1378//1378 1463//1463 1462//1462
f 1379//1379 1380//1380 1464//1464
f 1379//1379 1464//1464 1463//1463
f 1380//1380 1381//1381 1465//1465
f 1380//1380 1465//1465 1464//1464
f 1381//1381 1382//1382 1466//1466
f 1381//1381 1466//1466 1465//1465
f 1382//1382 1383//1383 1467//1467
f 1382//1382 1467//1467 1466//1466
f 1383//1383 1384//1384 1468//1468
f 1383//1383 1468//1468 1467//1467
f 1384//1384 1385//1385 1469//1469
f 1384//1384 1469//1469 1468//1468
f 1385//1385 1386//1386 1470//1470
f 1385//1385 1470//1470 1469//1469
f 1386//1386 1387//1387 1471//1471
f 1386//1386 1471//1471 1470//1470
f 1387//1387 1388//1388 1472//1472
f 1387//1387 1472//1472 1471//1471
f 1388//1388 1389//1389 1473//1473
f 1388//1388 1473//1473 1472//1472
f 1389//1389 1390//1390 1474//1474
f 1389//1389 1474//1474 1473//1473
f 1390//1390 1391//1391 1475//1475
f 1390//1390 1475//1475 1474//1474
f 1391//1391 1392//1392 1476//1476
f 1391//1391 1476//1476 1475//1475
f 1392//1392 1393//1393 1477//1477
f 1392//1392 1477//1477 1476//1476
f 1393//1393 1394//1394 1478//1478
f 1393//1393 1478//1478 1477//1477
f 1394//1394 1395//1395 1479//1479
f 1394//1394 1479//1479 1478//1478
f 1395//1395 1396//1396 1480//1480
f 1395//1395 1480//1480 1479//1479
f 1396//1396 1397//1397 1481//1481
f 1396//1396 1481//1481 1480//1480
f 1397//1397 1398//1398 1482//1482
f 1397//1397 1482//1482 1481//1481
f 1398//1398 1399//1399 1483//1483
f 1398//1398 1483//1483 1482//1482
f 1399//1399 1400//1400 1484//1484
f 1399//1399 1484//1484 1483//1483
f 1400//1400 1401//1401 1485//1485
f 1400//1400 1485//1485 1484//1484
f 1401//1401 1402//1402 1486//1486
f 1401//1401 1486//1486 1485//1485
f 1402//1402 1403//1403 1487//1487
f 1402//1402 1487//1487 1486//1486
f 1403//1403 1404//1404 1488//1488
f 1403//1403 1488//1488 1487//1487
f 1404//1404 1405//1405 1489//1489
f 1404//1404 1489//1489 1488//1488
f 1405//1405 1406//1406 1490//1490
f 1405//1405 1490//1490 1489//1489
f 1406//1406 1407//1407 1491//1491
f 1406//1406 1491//1491 1490//1490
f 1407//1407 1408//1408 1492//1492
f 1407//1407 1492//1492 1491//1491
f 1408//1408 1409//1409 1493//1493
f 1408//1408 1493//1493 1492//1492
f 1409//1409 1410//1410 1494//1494
f 1409//1409 1494//1494 1493//1493
f 1410//1410 1411//1411 1495//1495
f 1410//1410 1495//1495 1494//1494
f 1411//1411 1412//1412 1496//1496
f 1411//1411 1496//1496 1495//1495
f 1412//1412 1413//1413 1497//1497
f 1412//1412 1497//1497 1496//1496
f 1413//1413 1414//1414 1498//1498
f 1413//1413 1498//1498 1497//1497
f 1414//1414 1415//1415 1499//1499
f 1414//1414 1499//1499 1498//1498
f 1415//1415 1416//1416 1500//1500
f 1415//1415 1500//1500 1499//1499
f 1416//1416 1417//1417 1501//1501
f 1416//1416 1501//1501 1500//1500
f 1417//1417 1418//1418 1502//1502
f 1417//1417 1502//1502 1501//1501
f 1418//1418 1419//1419 1503//1503
f 1418//1418 1503//1503 1502//1502
f 1419//1419 1420//1420 1504//1504
f 1419//1419 1504//1504 1503//1503
f 1420//1420 1421//1421 1505//1505
f 1420//1420 1505//1505 1504//1504
f 1421//1421 1422//1422 1506//1506
f 1421//1421 1506//1506 1505//1505
f 1422//1422 1423//1423 1507//1507
f 1422//1422 1507//1507 1506//1506
f 1423//1423 1424//1424 1508//1508
f 1423//1423 1508//1508 1507//1507
f 1424//1424 1425//1425 1509//1509
f 1424//1424 1509//1509 1508//1508
f 1425//1425 1426//1426 1510//1510
f 1425//1425 1510//1510 1509//1509
f 1426//1426 1427//1427 1511//1511
f 1426//1426 1511//1511 1510//1510
f 1427//1427 1428//1428 1512//1512
f 1427//1427 1512//1512 1511//1511
f 1429//1429 1430//1430 1514//1514
f 1429//1429 1514//1514 1513//1513
f 1430//1430 1431//1431 1515//1515
f 1430//1430 1515//1515 1514//1514
f 1431//1431 1432//1432 1516//1516
f 1431//1431 1516//1516 1515//1515
f 1432//1432 1433//1433 1517//1517
f 1432//1432 1517//1517 1516//1516
f 1433//1433 1434//1434 1518//1518
f 1433//1433 1518//1518 1517//1517
f 1434//1434 1435//1435 1519//1519
f 1434//1434 1519//1519 1518//1518
f 1435//1435 1436//1436 1520//1520
f 1435//1435 1520//1520 1519//1519
f 1436//1436 1437//1437 1521//1521
f 1436//1436 1521//1521 1520//1520
f 1437//1437 1438//1438 1522//1522
f 1437//1437 1522//1522 1521//1521
f 1438//1438 1439//1439 1523//1523
f 1438//1438 1523//1523 1522//1522
f 1439//1439 1440//1440 1524//1524
f 1439//1439 1524//1524 1523//1523
f 1440//1440 1441//1441 1525//1525
f 1440//1440 1525//1525 1524//1524
f 1441//1441 1442//1442 1526//1526
f 1441//1441 1526//1526 1525//1525
f 1442//1442 1443//1443 1527//1527
f 1442//1442 1527//1527 1526//1526
f 1443//1443 1444//1444 1528//1528
f 1443//1443 1528//1528 1527//1527
f 1444//1444 1445//1445 1529//1529
f 1444//1444 1529//1529 1528//1528
f 1445//1445 1446//1446 1530//1530
f 1445//1445 1530//1530 1529//1529
f 1446//1446 1447//1447 1531//1531
f 1446//1446 1531//1531 1530//1530
f 1447//1447 1448//1448 1532//1532
f 1447//1447 1532//1532 1531//1531
f 1448//1448 1449//1449 1533//1533
f 1448//1448 1533//1533 1532//1532
f 1449//1449 1450//1450 1534//1534
f 1449//1449 1534//1534 1533//1533
f 1450//1450 1451//1451 1535//1535
f 1450//1450 1535//1535 1534//1534
f 1451//1451 1452//1452 1536//1536
f 1451//1451 1536//1536 1535//1535
f 1452//1452 1453//1453 1537//1537
f 1452//1452 1537//1537 1536//1536
f 1453//1453 1454//1454 1538//1538
f 1453//1453 1538//1538 1537//1537
f 1454//1454 1455//1455 1539//1539
f 1454//1454 1539//1539 1538//1538
f 1455//1455 1456//1456 1540//1540
f 1455//1455 1540//1540 1539//1539
f 1456//1456 1457//1457 1541//1541
f 1456//1456 1541//1541 1540//1540
f 1457//1457 1458//1458 1542//1542
f 1457//1457 1542//1542 1541//1541
f 1458//1458 1459//1459 1543//1543
f 1458//1458 1543//1543 1542//1542
f 1459//1459 1460//1460 1544//1544
f 1459//1459 1544//1544 1543//1543
f 1460//1460 1461//1461 1545//1545
f 1460//1460 1545//1545 1544//1544
f 1461//1461 1462//1462 1546//1546
f 1461//1461 1546//1546 1545//1545
f 1462//1462 1463//1463 1547//1547
f 1462//1462 1547//1547 1546//1546
f 1463//1463 1464//1464 1548//1548
f 1463//1463 1548//1548 1547//1547
f 1464//1464 1465//1465 1549//1549
f 1464//1464 1549//1549 1548//1548
f 1465//1465 1466//1466 1550//1550
f 1465//1465 1550//1550 1549//1549
f 1466//1466 1467//1467 1551//1551
f 1466//1466 1551//1551 1550//1550
f 1467//1467 1468//1468 1552//1552
f 1467//1467 1552//1552 1551//1551
f 1468//1468 1469//1469 1553//1553
f 1468//1468 1553//1553 1552//1552
f 1469//1469 1470//1470 1554//1554
f 1469//1469 1554//1554 1553//1553
f 1470//1470 1471//1471 1555//1555
f 1470//1470 1555//1555 1554//1554
f 1471//1471 1472//1472 1556//1556
f 1471//1471 1556//1556 1555//1555
f 1472//1472 1473//1473 1557//1557
f 1472//1472 1557//1557 1556//1556
f 1473//1473 1474//1474 1558//1558
f 1473//1473 1558//1558 1557//1557
f 1474//1474 1475//1475 1559//1559
f 1474//1474 1559//1559 1558//1558
f 1475//1475 1476//1476 1560//1560
f 1475//1475 1560//1560 1559//1559
f 1476//1476 1477//1477 1561//1561
f 1476//1476 1561//1561 1560//1560
f 1477//1477 1478//1478 1562//1562
f 1477//1477 1562//1562 1561//1561
f 1478//1478 1479//1479 1563//1563
f 1478//1478 1563//1563 1562//1562
f 1479//1479 1480//1480 1564//1564
f 1479//1479 1564//1564 1563//1563
f 1480//1480 1481//1481 1565//1565
f 1480//1480 1565//1565 1564//1564
f 1481//1481 1482//1482 1566//1566
f 1481//1481 1566//1566 1565//1565
f 1482//1482 1483//1483 1567//1567
f 1482//1482 1567//1567 1566//1566
f 1483//1483 1484//1484 1568//1568
f 1483//1483 1568//1568 1567//1567
f 1484//1484 1485//1485 1569//1569
f 1484//1484 1569//1569 1568//1568
f 1485//1485 1486//1486 1570//1570
f 1485//1485 1570//1570 1569//1569
f 1486//1486 1487//1487 1571//1571
f 1486//1486 1571//1571 1570//1570
f 1487//1487 1488//1488 1572//1572
f 1487//1487 1572//1572 1571//1571
f 1488//1488 1489//1489 1573//1573
f 1488//1488 1573//1573 1572//1572
f 1489//1489 1490//1490 1574//1574
f 1489//1489 1574//1574 1573//1573
f 1490//1490 1491//1491 1575//1575
f 1490//1490 1575//1575 1574//1574
f 1491//1491 1492//1492 1576//1576
f 1491//1491 1576//1576 1575//1575
f 1492//1492 1493//1493 1577//1577
f 1492//1492 1577//1577 1576//1576
f 1493//1493 1494//1494 1578//1578
f 1493//1493 1578//1578 1577//1577
f 1494//1494 1495//1495 1579//1579
f 1494//1494 1579//1579 1578//1578
f 1495//1495 1496//1496 1580//1580
f 1495//1495 1580//1580 1579//1579
f 1496//1496 1497//1497 1581//1581
f 1496//1496 1581//1581 1580//1580
f 1497//1497 1498//1498 1582//1582
f 1497//1497 1582//1582 1581//1581
f 1498//1498 1499//1499 1583//1583
f 1498//1498 1583//1583 1582//1582
f 1499//1499 1500//1500 1584//1584
f 1499//1499 1584//1584 1583//1583
f 1500//1500 1501//1501 1585//1585
f 1500//1500 1585//1585 1584//1584
f 1501//1501 1502//1502 1586//1586
f 1501//1501 1586//1586 1585//1585
f 1502//1502 1503//1503 1587//1587
f 1502//1502 1587//1587 1586//1586
f 1503//1503 1504//1504 1588//1588
f 1503//1503 1588//1588 1587//1587
f 1504//1504 1505//1505 1589//1589
f 1504//1504 1589//1589 1588//1588
f 1505//1505 1506//1506 1590//1590
f 1505//1505 1590//1590 1589//1589
f 1506//1506 1507//1507 1591//1591
f 1506//1506 1591//1591 1590//1590
f 1507//1507 1508//1508 1592//1592
f 1507//1507 1592//1592 1591//1591
f 1508//1508 1509//1509 1593//1593
f 1508//1508 1593//1593 1592//1592
f 1509//1509 1510//1510 1594//1594
f 1509//1509 1594//1594 1593//1593
f 1510//1510 1511//1511 1595//1595
f 1510//1510 1595//1595 1594//1594
f 1511//1511 1512//1512 1596//1596
f 1511//1511 1596//1596 1595//1595
f 1513//1513 1514//1514 1598//1598
f 1513//1513 1598//1598 1597//1597
f 1514//1514 1515//1515 1599//1599
f 1514//1514 1599//1599 1598//1598
f 1515//1515 1516//1516 1600//1600
f 1515//1515 1600//1600 1599//1599
f 1516//1516 1517//1517 1601//1601
f 1516//1516 1601//1601 1600//1600
f 1517//1517 1518//1518 1602//1602
f 1517//1517 1602//1602 1601//1601
f 1518//1518 1519//1519 1603//1603
f 1518//1518 1603//1603 1602//1602
f 1519//1519 1520//1520 1604//1604
f 1519//1519 1604//1604 1603//1603
f 1520//1520 1521//1521 1605//1605
f 1520//1520 1605//1605 1604//1604
f 1521//1521 1522//1522 1606//1606
f 1521//1521 1606//1606 1605//1605
f 1522//1522 1523//1523 1607//1607
f 1522//1522 1607//1607 1606//1606
f 1523//1523 1524//1524 1608//1608
f 1523//1523 1608//1608 1607//1607
f 1524//1524 1525//1525 1609//1609
f 1524//1524 1609//1609 1608//1608
f 1525//1525 1526//1526 1610//1610
f 1525//1525 1610//1610 1609//1609
f 1526//1526 1527//1527 1611//1611
f 1526//1526 1611//1611 1610//1610
f 1527//1527 1528//1528 1612//1612
f 1527//1527 1612//1612 1611//1611
f 1528//1528 1529//1529 1613//1613
f 1528//1528 1613//1613 1612//1612
f 1529//1529 1530//1530 1614//1614
f 1529//1529 1614//1614 1613//1613
f 1530//1530 1531//1531 1615//1615
f 1530//1530 1615//1615 1614//1614
f 1531//1531 1532//1532 1616//1616
f 1531//1531 1616//1616 1615//1615
f 1532//1532 1533//1533 1617//1617
f 1532//1532 1617//1617 1616//1616
f 1533//1533 1534//1534 1618//1618
f 1533//1533 1618//1618 1617//1617
f 1534//1534 1535//1535 1619//1619
f 1534//1534 1619//1619 1618//1618
f 1535//1535 1536//1536 1620//1620
f 1535//1535 1620//1620 1619//1619
f 1536//1536 1537//1537 1621//1621
f 1536//1536 1621//1621 1620//1620
f 1537//1537 1538//1538 1622//1622
f 1537//1537 1622//1622 1621//1621
f 1538//1538 1539//1539 1623//1623
f 1538//1538 1623//1623 1622//1622
f 1539//1539 1540//1540 1624//1624
f 1539//1539 1624//1624 1623//1623
f 1540//1540 1541//1541 1625//1625
f 1540//1540 1625//1625 1624//1624
f 1541//1541 1542//1542 1626//1626
f 1541//1541 1626//1626 1625//1625
f 1542//1542 1543//1543 1627//1627
f 1542//1542 1627//1627 1626//1626
f 1543//1543 1544//1544 1628//1628
f 1543//1543 1628//1628 1627//1627
f 1544//1544 1545//1545 1629//1629
f 1544//1544 1629//1629 1628//1628
f 1545//1545 1546//1546 1630//1630
f 1545//1545 1630//1630 1629//1629
f 1546//1546 1547//1547 1631//1631
f 1546//1546 1631//1631 1630//1630
f 1547//1547 1548//1548 1632//1632
f 1547//1547 1632//1632 1631//1631
f 1548//1548 1549//1549 1633//1633
f 1548//1548 1633//1633 1632//1632
f 1549//1549 1550//1550 1634//1634
f 1549//1549 1634//1634 1633//1633
f 1550//1550 1551//1551 1635//1635
f 1550//1550 1635//1635 1634//1634
f 1551//1551 1552//1552 1636//1636
f 1551//1551 1636//1636 1635//1635
f 1552//1552 1553//1553 1637//1637
f 1552//1552 1637//1637 1636//1636
f 1553//1553 1554//1554 1638//1638
f 1553//1553 1638//1638 1637//1637
f 1554//1554 1555//1555 1639//1639
f 1554//1554 1639//1639 1638//1638
f 1555//1555 1556//1556 1640//1640
f 1555//1555 1640//1640 1639//1639
f 1556//1556 1557//1557 1641//1641
f 1556//1556 1641//1641 1640//1640
f 1557//1557 1558//1558 1642//1642
f 1557//1557 1642//1642 1641//1641
f 1558//1558 1559//1559 1643//1643
f 1558//1558 1643//1643 1642//1642
f 1559//1559 1560//1560 1644//1644
f 1559//1559 1644//1644 1643//1643
f 1560//1560 1561//1561 1645//1645
f 1560//1560 1645//1645 1644//1644
f 1561//1561 1562//1562 1646//1646
f 1561//1561 1646//1646 1645//1645
f 1562//1562 1563//1563 1647//1647
f 1562//1562 1647//1647 1646//1646
f 1563//1563 1564//1564 1648//1648
f 1563//1563 1648//1648 1647//1647
f 1564//1564 1565//1565 1649//1649
f 1564//1564 1649//1649 1648//1648
f 1565//1565 1566//1566 1650//1650
f 1565//1565 1650//1650 1649//1649
f 1566//1566 1567//1567 1651//1651
f 1566//1566 1651//1651 1650//1650
f 1567//1567 1568//1568 1652//1652
f 1567//1567 1652//1652 1651//1651
f 1568//1568 1569//1569 1653//1653
f 1568//1568 1653//1653 1652//1652
f 1569//1569 1570//1570 1654//1654
f 1569//1569 1654//1654 1653//1653
f 1570//1570 1571//1571 1655//1655
f 1570//1570 1655//1655 1654//1654
f 1571//1571 1572//1572 1656//1656
f 1571//1571 1656//1656 1655//1655
f 1572//1572 1573//1573 1657//1657
f 1572//1572 1657//1657 1656//1656
f 1573//1573 1574//1574 1658//1658
f 1573//1573 1658//1658 1657//1657
f 1574//1574 1575//1575 1659//1659
f 1574//1574 1659//1659 1658//1658
f 1575//1575 1576//1576 1660//1660
f 1575//1575 1660//1660 1659//1659
f 1576//1576 1577//1577 1661//1661
f 1576//1576 1661//1661 1660//1660
f 1577//1577 1578//1578 1662//1662
f 1577//1577 1662//1662 1661//1661
f 1578//1578 1579//1579 1663//1663
f 1578//1578 1663//1663 1662//1662
f 1579//1579 1580//1580 1664//1664
f 1579//1579 1664//1664 1663//1663
f 1580//1580 1581//1581 1665//1665
f 1580//1580 1665//1665 1664//1664
f 1581//1581 1582//1582 1666//1666
f 1581//1581 1666//1666 1665//1665
f 1582//1582 1583//1583 1667//1667
f 1582//1582 1667//1667 1666//1666
f 1583//1583 1584//1584 1668//1668
f 1583//1583 1668//1668 1667//1667
f 1584//1584 1585//1585 1669//1669
f 1584//1584 1669//1669 1668//1668
f 1585//1585 1586//1586 1670//1670
f 1585//1585 1670//1670 1669//1669
f 1586//1586 1587//1587 1671//1671
f 1586//1586 1671//1671 1670//1670
f 1587//1587 1588//1588 1672//1672
f 1587//1587 1672//1672 1671//1671
f 1588//1588 1589//1589 1673//1673
f 1588//1588 1673//1673 1672//1672
f 1589//1589 1590//1590 1674//1674
f 1589//1589 1674//1674 1673//1673
f 1590//1590 1591//1591 1675//1675
f 1590//1590 1675//1675 1674//1674
f 1591//1591 1592//1592 1676//1676
f 1591//1591 1676//1676 1675//1675
f 1592//1592 1593//1593 1677//1677
f 1592//1592 1677//1677 1676//1676
f 1593//1593 1594//1594 1678//1678
f 1593//1593 1678//1678 1677//1677
f 1594//1594 1595//1595 1679//1679
f 1594//1594 1679//1679 1678//1678
f 1595//1595 1596//1596 1680//1680
f 1595//1595 1680//1680 1679//1679
f 1597//1597 1598//1598 1682//1682
f 1597//1597 1682//1682 1681//1681
f 1598//1598 1599//1599 1683//1683
f 1598//1598 1683//1683 1682//1682
f 1599//1599 1600//1600 1684//1684
f 1599//1599 1684//1684 1683//1683
f 1600//1600 1601//1601 1685//1685
f 1600//1600 1685//1685 1684//1684
f 1601//1601 1602//1602 1686//1686
f 1601//1601 1686//1686 1685//1685
f 1602//1602 1603//1603 1687//1687
f 1602//1602 1687//1687 1686//1686
f 1603//1603 1604//1604 1688//1688
f 1603//1603 1688//1688 1687//1687
f 1604//1604 1605//1605 1689//1689
f 1604//1604 1689//1689 1688//1688
f 1605//1605 1606//1606 1690//1690
f 1605//1605 1690//1690 1689//1689
f 1606//1606 1607//1607 1691//1691
f 1606//1606 1691//1691 1690//1690
f 1607//1607 1608//1608 1692//1692
f 1607//1607 1692//1692 1691//1691
f 1608//1608 1609//1609 1693//1693
f 1608//1608 1693//1693 1692//1692
f 1609//1609 1610//1610 1694//1694
f 1609//1609 1694//1694 1693//1693
f 1610//1610 1611//1611 1695//1695
f 1610//1610 1695//1695 1694//1694
f 1611//1611 1612//1612 1696//1696
f 1611//1611 1696//1696 1695//1695
f 1612//1612 1613//1613 1697//1697
f 1612//1612 1697//1697 1696//1696
f 1613//1613 1614//1614 1698//1698
f 1613//1613 1698//1698 1697//1697
f 1614//1614 1615//1615 1699//1699
f 1614//1614 1699//1699 1698//1698
f 1615//1615 1616//1616 1700//1700
f 1615//1615 1700//1700 1699//1699
f 1616//1616 1617//1617 1701//1701
f 1616//1616 1701//1701 1700//1700
f 1617//1617 1618//1618 1702//1702
f 1617//1617 1702//1702 1701//1701
f 1618//1618 1619//1619 1703//1703
f 1618//1618 1703//1703 1702//1702
f 1619//1619 1620//1620 1704//1704
f 1619//1619 1704//1704 1703//1703
f 1620//1620 1621//1621 1705//1705
f 1620//1620 1705//1705 1704//1704
f 1621//1621 1622//1622 1706//1706
f 1621//1621 1706//1706 1705//1705
f 1622//1622 1623//1623 1707//1707
f 1622//1622 1707//1707 1706//1706
f 1623//1623 1624//1624 1708//1708
f 1623//1623 1708//1708 1707//1707
f 1624//1624 1625//1625 1709//1709
f 1624//1624 1709//1709 1708//1708
f 1625//1625 1626//1626 1710//1710
f 1625//1625 1710//1710 1709//1709
f 1626//1626 1627//1627 1711//1711
f 1626//1626 1711//1711 1710//1710
f 1627//1627 1628//1628 1712//1712
f 1627//1627 1712//1712 1711//1711
f 1628//1628 1629//1629 1713//1713
f 1628//1628 1713//1713 1712//1712
f 1629//1629 1630//1630 1714//1714
f 1629//1629 1714//1714 1713//1713
f 1630//1630 1631//1631 1715//1715
f 1630//1630 1715//1715 1714//1714
f 1631//1631 1632//1632 1716//1716
f 1631//1631 1716//1716 1715//1715
f 1632//1632 1633//1633 1717//1717
f 1632//1632 1717//1717 1716//1716
f 1633//1633 1634//1634 1718//1718
f 1633//1633 1718//1718 1717//1717
f 1634//1634 1635//1635 1719//1719
f 1634//1634 1719//1719 1718//1718
f 1635//1635 1636//1636 1720//1720
f 1635//1635 1720//1720 1719//1719
f 1636//1636 1637//1637 1721//1721
f 1636//1636 1721//1721 1720//1720
f 1637//1637 1638//1638 1722//1722
f 1637//1637 1722//1722 1721//1721
f 1638//1638 1639//1639 1723//1723
f 1638//1638 1723//1723 1722//1722
f 1639//1639 1640//1640 1724//1724
f 1639//1639 1724//1724 1723//1723
f 1640//1640 1641//1641 1725//1725
f 1640//1640 1725//1725 1724//1724
f 1641//1641 1642//1642 1726//1726
f 1641//1641 1726//1726 1725//1725
f 1642//1642 1643//1643 1727//1727
f 1642//1642 1727//1727 1726//1726
f 1643//1643 1644//1644 1728//1728
f 1643//1643 1728//1728 1727//1727
f 1644//1644 1645//1645 1729//1729
f 1644//1644 1729//1729 1728//1728
f 1645//1645 1646//1646 1730//1730
f 1645//1645 1730//1730 1729//1729
f 1646//1646 1647//1647 1731//1731
f 1646//1646 1731//1731 1730//1730
f 1647//1647 1648//1648 1732//1732
f 1647//1647 1732//1732 1731//1731
f 1648//1648 1649//1649 1733//1733
f 1648//1648 1733//1733 1732//1732
f 1649//1649 1650//1650 1734//1734
f 1649//1649 1734//1734 1733//1733
f 1650//1650 1651//1651 1735//1735
f 1650//1650 1735//1735 1734//1734
f 1651//1651 1652//1652 1736//1736
f 1651//1651 1736//1736 1735//1735
f 1652//1652 1653//1653 1737//1737
f 1652//1652 1737//1737 1736//1736
f 1653//1653 1654//1654 1738//1738
f 1653//1653 1738//1738 1737//1737
f 1654//1654 1655//1655 1739//1739
f 1654//1654 1739//1739 1738//1738
f 1655//1655 1656//1656 1740//1740
f 1655//1655 1740//1740 1739//1739
f 1656//1656 1657//1657 1741//1741
f 1656//1656 1741//1741 1740//1740
f 1657//1657 1658//1658 1742//1742
f 1657//1657 1742//1742 1741//1741
f 1658//1658 1659//1659 1743//1743
f 1658//1658 1743//1743 1742//1742
f 1659//1659 1660//1660 1744//1744
f 1659//1659 1744//1744 1743//1743
f 1660//1660 1661//1661 1745//1745
f 1660//1660 1745//1745 1744//1744
f 1661//1661 1662//1662 1746//1746
f 1661//1661 1746//1746 1745//1745
f 1662//1662 1663//1663 1747//1747
f 1662//1662 1747//1747 1746//1746
f 1663//1663 1664//1664 1748//1748
f 1663//1663 1748//1748 1747//1747
f 1664//1664 1665//1665 1749//1749
f 1664//1664 1749//1749 1748//1748
f 1665//1665 1666//1666 1750//1750
f 1665//1665 1750//1750 1749//1749
f 1666//1666 1667//1667 1751//1751
f 1666//1666 1751//1751 1750//1750
f 1667//1667 1668//1668 1752//1752
f 1667//1667 1752//1752 1751//1751
f 1668//1668 1669//1669 1753//1753
f 1668//1668 1753//1753 1752//1752
f 1669//1669 1670//1670 1754//1754
f 1669//1669 1754//1754 1753//1753
f 1670//1670 1671//1671 1755//1755
f 1670//1670 1755//1755 1754//1754
f 1671//1671 1672//1672 1756//1756
f 1671//1671 1756//1756 1755//1755
f 1672//1672 1673//1673 1757//1757
f 1672//1672 1757//1757 1756//1756
f 1673//1673 1674//1674 1758//1758
f 1673//1673 1758//1758 1757//1757
f 1674//1674 1675//1675 1759//1759
f 1674//1674 1759//1759 1758//1758
f 1675//1675 1676//1676 1760//1760
f 1675//1675 1760//1760 1759//1759
f 1676//1676 1677//1677 1761//1761
f 1676//1676 1761//1761 1760//1760
f 1677//1677 1678//1678 1762//1762
f 1677//1677 1762//1762 1761//1761
f 1678//1678 1679//1679 1763//1763
f 1678//1678 1763//1763 1762//1762
f 1679//1679 1680//1680 1764//1764
f 1679//1679 1764//1764 1763//1763
f 1681//1681 1682//1682 1766//1766
f 1681//1681 1766//1766 1765//1765
f 1682//1682 1683//1683 1767//1767
f 1682//1682 1767//1767 1766//1766
f 1683//1683 1684//1684 1768//1768
f 1683//1683 1768//1768 1767//1767
f 1684//1684 1685//1685 1769//1769
f 1684//1684 1769//1769 1768//1768
f 1685//1685 1686//1686 1770//1770
f 1685//1685 1770//1770 1769//1769
f 1686//1686 1687//1687 1771//1771
f 1686//1686 1771//1771 1770//1770
f 1687//1687 1688//1688 1772//1772
f 1687//1687 1772//1772 1771//1771
f 1688//1688 1689//1689 1773//1773
f 1688//1688 1773//1773 1772//1772
f 1689//1689 1690//1690 1774//1774
f 1689//1689 1774//1774 1773//1773
f 1690//1690 1691//1691 1775//1775
f 1690//1690 1775//1775 1774//1774
f 1691//1691 1692//1692 1776//1776
f 1691//1691 1776//1776 1775//1775
f 1692//1692 1693//1693 1777//1777
f 1692//1692 1777//1777 1776//1776
f 1693//1693 1694//1694 1778//1778
f 1693//1693 1778//1778 1777//1777
f 1694//1694 1695//1695 1779//1779
f 1694//1694 1779//1779 1778//1778
f 1695//1695 1696//1696 1780//1780
f 1695//1695 1780//1780 1779//1779
f 1696//1696 1697//1697 1781//1781
f 1696//1696 1781//1781 1780//1780
f 1697//1697 1698//1698 1782//1782
f 1697//1697 1782//1782 1781//1781
f 1698//1698 1699//1699 1783//1783
f 1698//1698 1783//1783 1782//1782
f 1699//1699 1700//1700 1784//1784
f 1699//1699 1784//1784 1783//1783
f 1700//1700 1701//1701 1785//1785
f 1700//1700 1785//1785 1784//1784
f 1701//1701 1702//1702 1786//1786
f 1701//1701 1786//1786 1785//1785
f 1702//1702 1703//1703 1787//1787
f 1702//1702 1787//1787 1786//1786
f 1703//1703 1704//1704 1788//1788
f 1703//1703 1788//1788 1787//1787
f 1704//1704 1705//1705 1789//1789
f 1704//1704 1789//1789 1788//1788
f 1705//1705 1706//1706 1790//1790
f 1705//1705 1790//1790 1789//1789
f 1706//1706 1707//1707 1791//1791
f 1706//1706 1791//1791 1790//1790
f 1707//1707 1708//1708 1792//1792
f 1707//1707 1792//1792 1791//1791
f 1708//1708 1709//1709 1793//1793
f 1708//1708 1793//1793 1792//1792
f 1709//1709 1710//1710 1794//1794
f 1709//1709 1794//1794 1793//1793
f 1710//1710 1711//1711 1795//1795
f 1710//1710 1795//1795 1794//1794
f 1711//1711 1712//1712 1796//1796
f 1711//1711 1796//1796 1795//1795
f 1712//1712 1713//1713 1797//1797
f 1712//1712 1797//1797 1796//1796
f 1713//1713 1714//1714 1798//1798
f 1713//1713 1798//1798 1797//1797
f 1714//1714 1715//1715 1799//1799
f 1714//1714 1799//1799 1798//1798
f 1715//1715 1716//1716 1800//1800
f 1715//1715 1800//1800 1799//1799
f 1716//1716 1717//1717 1801//1801
f 1716//1716 1801//1801 1800//1800
f 1717//1717 1718//1718 1802//1802
f 1717//1717 1802//1802 1801//1801
f 1718//1718 1719//1719 1803//1803
f 1718//1718 1803//1803 1802//1802
f 1719//1719 1720//1720 1804//1804
f 1719//1719 1804//1804 1803//1803
f 1720//1720 1721//1721 1805//1805
f 1720//1720 1805//1805 1804//1804
f 1721//1721 1722//1722 1806//1806
f 1721//1721 1806//1806 1805//1805
f 1722//1722 1723//1723 1807//1807
f 1722//1722 1807//1807 1806//1806
f 1723//1723 1724//1724 1808//1808
f 1723//1723 1808//1808 1807//1807
f 1724//1724 1725//1725 1809//1809
f 1724//1724 1809//1809 1808//1808
f 1725//1725 1726//1726 1810//1810
f 1725//1725 1810//1810 1809//1809
f 1726//1726 1727//1727 1811//1811
f 1726//1726 1811//1811 1810//1810
f 1727//1727 1728//1728 1812//1812
f 1727//1727 1812//1812 1811//1811
f 1728//1728 1729//1729 1813//1813
f 1728//1728 1813//1813 1812//1812
f 1729//1729 1730//1730 1814//1814
f 1729//1729 1814//1814 1813//1813
f 1730//1730 1731//1731 1815//1815
f 1730//1730 1815//1815 1814//1814
f 1731//1731 1732//1732 1816//1816
f 1731//1731 1816//1816 1815//1815
f 1732//1732 1733//1733 1817//1817
f 1732//1732 1817//1817 1816//1816
f 1733//1733 1734//1734 1818//1818
f 1733//1733 1818//1818 1817//1817
f 1734//1734 1735//1735 1819//1819
f 1734//1734 1819//1819 1818//1818
f 1735//1735 1736//1736 1820//1820
f 1735//1735 1820//1820 1819//1819
f 1736//1736 1737//1737 1821//1821
f 1736//1736 1821//1821 1820//1820
f 1737//1737 1738//1738 1822//1822
f 1737//1737 1822//1822 1821//1821
f 1738//1738 1739//1739 1823//1823
f 1738//1738 1823//1823 1822//1822
f 1739//1739 1740//1740 1824//1824
f 1739//1739 1824//1824 1823//1823
f 1740//1740 1741//1741 1825//1825
f 1740//1740 1825//1825 1824//1824
f 1741//1741 1742//1742 1826//1826
f 1741//1741 1826//1826 1825//1825
f 1742//1742 1743//1743 1827//1827
f 1742//1742 1827//1827 1826//1826
f 1743//1743 1744//1744 1828//1828
f 1743//1743 1828//1828 1827//1827
f 1744//1744 1745//1745 1829//1829
f 1744//1744 1829//1829 1828//1828
f 1745//1745 1746//1746 1830//1830
f 1745//1745 1830//1830 1829//1829
f 1746//1746 1747//1747 1831//1831
f 1746//1746 1831//1831 1830//1830
f 1747//1747 1748//1748 1832//1832
f 1747//1747 1832//1832 1831//1831
f 1748//1748 1749//1749 1833//1833
f 1748//1748 1833//1833 1832//1832
f 1749//1749 1750//1750 1834//1834
f 1749//1749 1834//1834 1833//1833
f 1750//1750 1751//1751 1835//1835
f 1750//1750 1835//1835 1834//1834
f 1751//1751 1752//1752 1836//1836
f 1751//1751 1836//1836 1835//1835
f 1752//1752 1753//1753 1837//1837
f 1752//1752 1837//1837 1836//1836
f 1753//1753 1754//1754 1838//1838
f 1753//1753 1838//1838 1837//1837
f 1754//1754 1755//1755 1839//1839
f 1754//1754 1839//1839 1838//1838
f 1755//1755 1756//1756 1840//1840
f 1755//1755 1840//1840 1839//1839
f 1756//1756 1757//1757 1841//1841
f 1756//1756 1841//1841 1840//1840
f 1757//1757 1758//1758 1842//1842
f 1757//1757 1842//1842 1841//1841
f 1758//1758 1759//1759 1843//1843
f 1758//1758 1843//1843 1842//1842
f 1759//1759 1760//1760 1844//1844
f 1759//1759 1844//1844 1843//1843
f 1760//1760 1761//1761 1845//1845
f 1760//1760 1845//1845 1844//1844
f 1761//1761 1762//1762 1846//1846
f 1761//1761 1846//1846 1845//1845
f 1762//1762 1763//1763 1847//1847
f 1762//1762 1847//1847 1846//1846
f 1763//1763 1764//1764 1848//1848
f 1763//1763 1848//1848 1847//1847
f 1765//1765 1766//1766 1850//1850
f 1765//1765 1850//1850 1849//1849
f 1766//1766 1767//1767 1851//1851
f 1766//1766 1851//1851 1850//1850
f 1767//1767 1768//1768 1852//1852
f 1767//1767 1852//1852 1851//1851
f 1768//1768 1769//1769 1853//1853
f 1768//1768 1853//1853 1852//1852
f 1769//1769 1770//1770 1854//1854
f 1769//1769 1854//1854 1853//1853
f 1770//1770 1771//1771 1855//1855
f 1770//1770 1855//1855 1854//1854
f 1771//1771 1772//1772 1856//1856
f 1771//1771 1856//1856 1855//1855
f 1772//1772 1773//1773 1857//1857
f 1772//1772 1857//1857 1856//1856
f 1773//1773 1774//1774 1858//1858
f 1773//1773 1858//1858 1857//1857
f 1774//1774 1775//1775 1859//1859
f 1774//1774 1859//1859 1858//1858
f 1775//1775 1776//1776 1860//1860
f 1775//1775 1860//1860 1859//1859
f 1776//1776 1777//1777 1861//1861
f 1776//1776 1861//1861 1860//1860
f 1777//1777 1778//1778 1862//1862
f 1777//1777 1862//1862 1861//1861
f 1778//1778 1779//1779 1863//1863
f 1778//1778 1863//1863 1862//1862
f 1779//1779 1780//1780 1864//1864
f 1779//1779 1864//1864 1863//1863
f 1780//1780 1781//1781 1865//1865
f 1780//1780 1865//1865 1864//1864
f 1781//1781 1782//1782 1866//1866
f 1781//1781 1866//1866 1865//1865
f 1782//1782 1783//1783 1867//1867
f 1782//1782 1867//1867 1866//1866
f 1783//1783 1784//1784 1868//1868
f 1783//1783 1868//1868 1867//1867
f 1784//1784 1785//1785 1869//1869
f 1784//1784 1869//1869 1868//1868
f 1785//1785 1786//1786 1870//1870
f 1785//1785 1870//1870 1869//1869
f 1786//1786 1787//1787 1871//1871
f 1786//1786 1871//1871 1870//1870
f 1787//1787 1788//1788 1872//1872
f 1787//1787 1872//1872 1871//1871
f 1788//1788 1789//1789 1873//1873
f 1788//1788 1873//1873 1872//1872
f 1789//1789 1790//1790 1874//1874
f 1789//1789 1874//1874 1873//1873
f 1790//1790 1791//1791 1875//1875
f 1790//1790 1875//1875 1874//1874
f 1791//1791 1792//1792 1876//1876
f 1791//1791 1876//1876 1875//1875
f 1792//1792 1793//1793 1877//1877
f 1792//1792 1877//1877 1876//1876
f 1793//1793 1794//1794 1878//1878
f 1793//1793 1878//1878 1877//1877
f 1794//1794 1795//1795 1879//1879
f 1794//1794 1879//1879 1878//1878
f 1795//1795 1796//1796 1880//1880
f 1795//1795 1880//1880 1879//1879
f 1796//1796 1797//1797 1881//1881
f 1796//1796 1881//1881 1880//1880
f 1797//1797 1798//1798 1882//1882
f 1797//1797 1882//1882 1881//1881
f 1798//1798 1799//1799 1883//1883
f 1798//1798 1883//1883 1882//1882
f 1799//1799 1800//1800 1884//1884
f 1799//1799 1884//1884 1883//1883
f 1800//1800 1801//1801 1885//1885
f 1800//1800 1885//1885 1884//1884
f 1801//1801 1802//1802 1886//1886
f 1801//1801 1886//1886 1885//1885
f 1802//1802 1803//1803 1887//1887
f 1802//1802 1887//1887 1886//1886
f 1803//1803 1804//1804 1888//1888
f 1803//1803 1888//1888 1887//1887
f 1804//1804 1805//1805 1889//1889
f 1804//1804 1889//1889 1888//1888
f 1805//1805 1806//1806 1890//1890
f 1805//1805 1890//1890 1889//1889
f 1806//1806 1807//1807 1891//1891
f 1806//1806 1891//1891 1890//1890
f 1807//1807 1808//1808 1892//1892
f 1807//1807 1892//1892 1891//1891
f 1808//1808 1809//1809 1893//1893
f 1808//1808 1893//1893 1892//1892
f 1809//1809 1810//1810 1894//1894
f 1809//1809 1894//1894 1893//1893
f 1810//1810 1811//1811 1895//1895
f 1810//1810 1895//1895 1894//1894
f 1811//1811 1812//1812 1896//1896
f 1811//1811 1896//1896 1895//1895
f 1812//1812 1813//1813 1897//1897
f 1812//1812 1897//1897 1896//1896
f 1813//1813 1814//1814 1898//1898
f 1813//1813 1898//1898 1897//1897
f 1814//1814 1815//1815 1899//1899
f 1814//1814 1899//1899 1898//1898
f 1815//1815 1816//1816 1900//1900
f 1815//1815 1900//1900 1899//1899
f 1816//1816 1817//1817 1901//1901
f 1816//1816 1901//1901 1900//1900
f 1817//1817 1818//1818 1902//1902
f 1817//1817 1902//1902 1901//1901
f 1818//1818 1819//1819 1903//1903
f 1818//1818 1903//1903 1902//1902
f 1819//1819 1820//1820 1904//1904
f 1819//1819 1904//1904 1903//1903
f 1820//1820 1821//1821 1905//1905
f 1820//1820 1905//1905 1904//1904
f 1821//1821 1822//1822 1906//1906
f 1821//1821 1906//1906 1905//1905
f 1822//1822 1823//1823 1907//1907
f 1822//1822 1907//1907 1906//1906
f 1823//1823 1824//1824 1908//1908
f 1823//1823 1908//1908 1907//1907
f 1824//1824 1825//1825 1909//1909
f 1824//1824 1909//1909 1908//1908
f 1825//1825 1826//1826 1910//1910
f 1825//1825 1910//1910 1909//1909
f 1826//1826 1827//1827 1911//1911
f 1826//1826 1911//1911 1910//1910
f 1827//1827 1828//1828 1912//1912
f 1827//1827 1912//1912 1911//1911
f 1828//1828 1829//1829 1913//1913
f 1828//1828 1913//1913 1912//1912
f 1829//1829 1830//1830 1914//1914
f 1829//1829 1914//1914 1913//1913
f 1830//1830 1831//1831 1915//1915
f 1830//1830 1915//1915 1914//1914
f 1831//1831 1832//1832 1916//1916
f 1831//1831 1916//1916 1915//1915
f 1832//1832 1833//1833 1917//1917
f 1832//1832 1917//1917 1916//1916
f 1833//1833 1834//1834 1918//1918
f 1833//1833 1918//1918 1917//1917
f 1834//1834 1835//1835 1919//1919
f 1834//1834 1919//1919 1918//1918
f 1835//1835 1836//1836 1920//1920
f 1835//1835 1920//1920 1919//1919
f 1836//1836 1837//1837 1921//1921
f 1836//1836 1921//1921 1920//1920
f 1837//1837 1838//1838 1922//1922
f 1837//1837 1922//1922 1921//1921
f 1838//1838 1839//1839 1923//1923
f 1838//1838 1923//1923 1922//1922
f 1839//1839 1840//1840 1924//1924
f 1839//1839 1924//1924 1923//1923
f 1840//1840 1841//1841 1925//1925
f 1840//1840 1925//1925 1924//1924
f 1841//1841 1842//1842 1926//1926
f 1841//1841 1926//1926 1925//1925
f 1842//1842 1843//1843 1927//1927
f 1842//1842 1927//1927 1926//1926
f 1843//1843 1844//1844 1928//1928
f 1843//1843 1928//1928 1927//1927
f 1844//1844 1845//1845 1929//1929
f 1844//1844 1929//1929 1928//1928
f 1845//1845 1846//1846 1930//1930
f 1845//1845 1930//1930 1929//1929
f 1846//1846 1847//1847 1931//1931
f 1846//1846 1931//1931 1930//1930
f 1847//1847 1848//1848 1932//1932
f 1847//1847 1932//1932 1931//1931
f 1849//1849 1850//1850 1934//1934
f 1849//1849 1934//1934 1933//1933
f 1850//1850 1851//1851 1935//1935
f 1850//1850 1935//1935 1934//1934
f 1851//1851 1852//1852 1936//1936
f 1851//1851 1936//1936 1935//1935
f 1852//1852 1853//1853 1937//1937
f 1852//1852 1937//1937 1936//1936
f 1853//1853 1854//1854 1938//1938
f 1853//1853 1938//1938 1937//1937
f 1854//1854 1855//1855 1939//1939
f 1854//1854 1939//1939 1938//1938
f 1855//1855 1856//1856 1940//1940
f 1855//1855 1940//1940 1939//1939
f 1856//1856 1857//1857 1941//1941
f 1856//1856 1941//1941 1940//1940
f 1857//1857 1858//1858 1942//1942
f 1857//1857 1942//1942 1941//1941
f 1858//1858 1859//1859 1943//1943
f 1858//1858 1943//1943 1942//1942
f 1859//1859 1860//1860 1944//1944
f 1859//1859 1944//1944 1943//1943
f 1860//1860 1861//1861 1945//1945
f 1860//1860 1945//1945 1944//1944
f 1861//1861 1862//1862 1946//1946
f 1861//1861 1946//1946 1945//1945
f 1862//1862 1863//1863 1947//1947
f 1862//1862 1947//1947 1946//1946
f 1863//1863 1864//1864 1948//1948
f 1863//1863 1948//1948 1947//1947
f 1864//1864 1865//1865 1949//1949
f 1864//1864 1949//1949 1948//1948
f 1865//1865 1866//1866 1950//1950
f 1865//1865 1950//1950 1949//1949
f 1866//1866 1867//1867 1951//1951
f 1866//1866 1951//1951 1950//1950
f 1867//1867 1868//1868 1952//1952
f 1867//1867 1952//1952 1951//1951
f 1868//1868 1869//1869 1953//1953
f 1868//1868 1953//1953 1952//1952
f 1869//1869 1870//1870 1954//1954
f 1869//1869 1954//1954 1953//1953
f 1870//1870 1871//1871 1955//1955
f 1870//1870 1955//1955 1954//1954
f 1871//1871 1872//1872 1956//1956
f 1871//1871 1956//1956 1955//1955
f 1872//1872 1873//1873 1957//1957
f 1872//1872 1957//1957 1956//1956
f 1873//1873 1874//1874 1958//1958
f 1873//1873 1958//1958 1957//1957
f 1874//1874 1875//1875 1959//1959
f 1874//1874 1959//1959 1958//1958
f 1875//1875 1876//1876 1960//1960
f 1875//1875 1960//1960 1959//1959
f 1876//1876 1877//1877 1961//1961
f 1876//1876 1961//1961 1960//1960
f 1877//1877 1878//1878 1962//1962
f 1877//1877 1962//1962 1961//1961
f 1878//1878 1879//1879 1963//1963
f 1878//1878 1963//1963 1962//1962
f 1879//1879 1880//1880 1964//1964
f 1879//1879 1964//1964 1963//1963
f 1880//1880 1881//1881 1965//1965
f 1880//1880 1965//1965 1964//1964
f 1881//1881 1882//1882 1966//1966
f 1881//1881 1966//1966 1965//1965
f 1882//1882 1883//1883 1967//1967
f 1882//1882 1967//1967 1966//1966
f 1883//1883 1884//1884 1968//1968
f 1883//1883 1968//1968 1967//1967
f 1884//1884 1885//1885 1969//1969
f 1884//1884 1969//1969 1968//1968
f 1885//1885 1886//1886 1970//1970
f 1885//1885 1970//1970 1969//1969
f 1886//1886 1887//1887 1971//1971
f 1886//1886 1971//1971 1970//1970
f 1887//1887 1888//1888 1972//1972
f 1887//1887 1972//1972 1971//1971
f 1888//1888 1889//1889 1973//1973
f 1888//1888 1973//1973 1972//1972
f 1889//1889 1890//1890 1974//1974
f 1889//1889 1974//1974 1973//1973
f 1890//1890 1891//1891 1975//1975
f 1890//1890 1975//1975 1974//1974
f 1891//1891 1892//1892 1976//1976
f 1891//1891 1976//1976 1975//1975
f 1892//1892 1893//1893 1977//1977
f 1892//1892 1977//1977 1976//1976
f 1893//1893 1894//1894 1978//1978
f 1893//1893 1978//1978 1977//1977
f 1894//1894 1895//1895 1979//1979
f 1894//1894 1979//1979 1978//1978
f 1895//1895 1896//1896 1980//1980
f 1895//1895 1980//1980 1979//1979
f 1896//1896 1897//1897 1981//1981
f 1896//1896 1981//1981 1980//1980
f 1897//1897 1898//1898 1982//1982
f 1897//1897 1982//1982 1981//1981
f 1898//1898 1899//1899 1983//1983
f 1898//1898 1983//1983 1982//1982
f 1899//1899 1900//1900 1984//1984
f 1899//1899 1984//1984 1983//1983
f 1900//1900 1901//1901 1985//1985
f 1900//1900 1985//1985 1984//1984
f 1901//1901 1902//1902 1986//1986
f 1901//1901 1986//1986 1985//1985
f 1902//1902 1903//1903 1987//1987
f 1902//1902 1987//1987 1986//1986
f 1903//1903 1904//1904 1988//1988
f 1903//1903 1988//1988 1987//1987
f 1904//1904 1905//1905 1989//1989
f 1904//1904 1989//1989 1988//1988
f 1905//1905 1906//1906 1990//1990
f 1905//1905 1990//1990 1989//1989
f 1906//1906 1907//1907 1991//1991
f 1906//1906 1991//1991 1990//1990
f 1907//1907 1908//1908 1992//1992
f 1907//1907 1992//1992 1991//1991
f 1908//1908 1909//1909 1993//1993
f 1908//1908 1993//1993 1992//1992
f 1909//1909 1910//1910 1994//1994
f 1909//1909 1994//1994 1993//1993
f 1910//1910 1911//1911 1995//1995
f 1910//1910 1995//1995 1994//1994
f 1911//1911 1912//1912 1996//1996
f 1911//1911 1996//1996 1995//1995
f 1912//1912 1913//1913 1997//1997
f 1912//1912 1997//1997 1996//1996
f 1913//1913 1914//1914 1998//1998
f 1913//1913 1998//1998 1997//1997
f 1914//1914 1915//1915 1999//1999
f 1914//1914 1999//1999 1998//1998
f 1915//1915 1916//1916 2000//2000
f 1915//1915 2000//2000 1999//1999
f 1916//1916 1917//1917 2001//2001
f 1916//1916 2001//2001 2000//2000
f 1917//1917 1918//1918 2002//2002
f 1917//1917 2002//2002 2001//2001
f 1918//1918 1919//1919 2003//2003
f 1918//1918 2003//2003 2002//2002
f 1919//1919 1920//1920 2004//2004
f 1919//1919 2004//2004 2003//2003
f 1920//1920 1921//1921 2005//2005
f 1920//1920 2005//2005 2004//2004
f 1921//1921 1922//1922 2006//2006
f 1921//1921 2006//2006 2005//2005
f 1922//1922 1923//1923 2007//2007
f 1922//1922 2007//2007 2006//2006
f 1923//1923 1924//1924 2008//2008
f 1923//1923 2008//2008 2007//2007
f 1924//1924 1925//1925 2009//2009
f 1924//1924 2009//2009 2008//2008
f 1925//1925 1926//1926 2010//2010
f 1925//1925 2010//2010 2009//2009
f 1926//1926 1927//1927 2011//2011
f 1926//1926 2011//2011 2010//2010
f 1927//1927 1928//1928 2012//2012
f 1927//1927 2012//2012 2011//2011
f 1928//1928 1929//1929 2013//2013
f 1928//1928 2013//2013 2012//2012
f 1929//1929 1930//1930 2014//2014
f 1929//1929 2014//2014 2013//2013
f 1930//1930 1931//1931 2015//2015
f 1930//1930 2015//2015 2014//2014
f 1931//1931 1932//1932 2016//2016
f 1931//1931 2016//2016 2015//2015
f 1933//1933 1934//1934 2018//2018
f 1933//1933 2018//2018 2017//2017
f 1934//1934 1935//1935 2019//2019
f 1934//1934 2019//2019 2018//2018
f 1935//1935 1936//1936 2020//2020
f 1935//1935 2020//2020 2019//2019
f 1936//1936 1937//1937 2021//2021
f 1936//1936 2021//2021 2020//2020
f 1937//1937 1938//1938 2022//2022
f 1937//1937 2022//2022 2021//2021
f 1938//1938 1939//1939 2023//2023
f 1938//1938 2023//2023 2022//2022
f 1939//1939 1940//1940 2024//2024
f 1939//1939 2024//2024 2023//2023
f 1940//1940 1941//1941 2025//2025
f 1940//1940 2025//2025 2024//2024
f 1941//1941 1942//1942 2026//2026
f 1941//1941 2026//2026 2025//2025
f 1942//1942 1943//1943 2027//2027
f 1942//1942 2027//2027 2026//2026
f 1943//1943 1944//1944 2028//2028
f 1943//1943 2028//2028 2027//2027
f 1944//1944 1945//1945 2029//2029
f 1944//1944 2029//2029 2028//2028
f 1945//1945 1946//1946 2030//2030
f 1945//1945 2030//2030 2029//2029
f 1946//1946 1947//1947 2031//2031
f 1946//1946 2031//2031 2030//2030
f 1947//1947 1948//1948 2032//2032
f 1947//1947 2032//2032 2031//2031
f 1948//1948 1949//1949 2033//2033
f 1948//1948 2033//2033 2032//2032
f 1949//1949 1950//1950 2034//2034
f 1949//1949 2034//2034 2033//2033
f 1950//1950 1951//1951 2035//2035
f 1950//1950 2035//2035 2034//2034
f 1951//1951 1952//1952 2036//2036
f 1951//1951 2036//2036 2035//2035
f 1952//1952 1953//1953 2037//2037
f 1952//1952 2037//2037 2036//2036
f 1953//1953 1954//1954 2038//2038
f 1953//1953 2038//2038 2037//2037
f 1954//1954 1955//1955 2039//2039
f 1954//1954 2039//2039 2038//2038
f 1955//1955 1956//1956 2040//2040
f 1955//1955 2040//2040 2039//2039
f 1956//1956 1957//1957 2041//2041
f 1956//1956 2041//2041 2040//2040
f 1957//1957 1958//1958 2042//2042
f 1957//1957 2042//2042 2041//2041
f 1958//1958 1959//1959 2043//2043
f 1958//1958 2043//2043 2042//2042
f 1959//1959 1960//1960 2044//2044
f 1959//1959 2044//2044 2043//2043
f 1960//1960 1961//1961 2045//2045
f 1960//1960 2045//2045 2044//2044
f 1961//1961 1962//1962 2046//2046
f 1961//1961 2046//2046 2045//2045
f 1962//1962 1963//1963 2047//2047
f 1962//1962 2047//2047 2046//2046
f 1963//1963 1964//1964 2048//2048
f 1963//1963 2048//2048 2047//2047
f 1964//1964 1965//1965 2049//2049
f 1964//1964 2049//2049 2048//2048
f 1965//1965 1966//1966 2050//2050
f 1965//1965 2050//2050 2049//2049
f 1966//1966 1967//1967 2051//2051
f 1966//1966 2051//2051 2050//2050
f 1967//1967 1968//1968 2052//2052
f 1967//1967 2052//2052 2051//2051
f 1968//1968 1969//1969 2053//2053
f 1968//1968 2053//2053 2052//2052
f 1969//1969 1970//1970 2054//2054
f 1969//1969 2054//2054 2053//2053
f 1970//1970 1971//1971 2055//2055
f 1970//1970 2055//2055 2054//2054
f 1971//1971 1972//1972 2056//2056
f 1971//1971 2056//2056 2055//2055
f 1972//1972 1973//1973 2057//2057
f 1972//1972 2057//2057 2056//2056
f 1973//1973 1974//1974 2058//2058
f 1973//1973 2058//2058 2057//2057
f 1974//1974 1975//1975 2059//2059
f 1974//1974 2059//2059 2058//2058
f 1975//1975 1976//1976 2060//2060
f 1975//1975 2060//2060 2059//2059
f 1976//1976 1977//1977 2061//2061
f 1976//1976 2061//2061 2060//2060
f 1977//1977 1978//1978 2062//2062
f 1977//1977 2062//2062 2061//2061
f 1978//1978 1979//1979 2063//2063
f 1978//1978 2063//2063 2062//2062
f 1979//1979 1980//1980 2064//2064
f 1979//1979 2064//2064 2063//2063
f 1980//1980 1981//1981 2065//2065
f 1980//1980 2065//2065 2064//2064
f 1981//1981 1982//1982 2066//2066
f 1981//1981 2066//2066 2065//2065
f 1982//1982 1983//1983 2067//2067
f 1982//1982 2067//2067 2066//2066
f 1983//1983 1984//1984 2068//2068
f 1983//1983 2068//2068 2067//2067
f 1984//1984 1985//1985 2069//2069
f 1984//1984 2069//2069 2068//2068
f 1985//1985 1986//1986 2070//2070
f 1985//1985 2070//2070 2069//2069
f 1986//1986 1987//1987 2071//2071
f 1986//1986 2071//2071 2070//2070
f 1987//1987 1988//1988 2072//2072
f 1987//1987 2072//2072 2071//2071
f 1988//1988 1989//1989 2073//2073
f 1988//1988 2073//2073 2072//2072
f 1989//1989 1990//1990 2074//2074
f 1989//1989 2074//2074 2073//2073
f 1990//1990 1991//1991 2075//2075
f 1990//1990 2075//2075 2074//2074
f 1991//1991 1992//1992 2076//2076
f 1991//1991 2076//2076 2075//2075
f 1992//1992 1993//1993 2077//2077
f 1992//1992 2077//2077 2076//2076
f 1993//1993 1994//1994 2078//2078
f 1993//1993 2078//2078 2077//2077
f 1994//1994 1995//1995 2079//2079
f 1994//1994 2079//2079 2078//2078
f 1995//1995 1996//1996 2080//2080
f 1995//1995 2080//2080 2079//2079
f 1996//1996 1997//1997 2081//2081
f 1996//1996 2081//2081 2080//2080
f 1997//1997 1998//1998 2082//2082
f 1997//1997 2082//2082 2081//2081
f 1998//1998 1999//1999 2083//2083
f 1998//1998 2083//2083 2082//2082
f 1999//1999 2000//2000 2084//2084
f 1999//1999 2084//2084 2083//2083
f 2000//2000 2001//2001 2085//2085
f 2000//2000 2085//2085 2084//2084
f 2001//2001 2002//2002 2086//2086
f 2001//2001 2086//2086 2085//2085
f 2002//2002 2003//2003 2087//2087
f 2002//2002 2087//2087 2086//2086
f 2003//2003 2004//2004 2088//2088
f 2003//2003 2088//2088 2087//2087
f 2004//2004 2005//2005 2089//2089
f 2004//2004 2089//2089 2088//2088
f 2005//2005 2006//2006 2090//2090
f 2005//2005 2090//2090 2089//2089
f 2006//2006 2007//2007 2091//2091
f 2006//2006 2091//2091 2090//2090
f 2007//2007 2008//2008 2092//2092
f 2007//2007 2092//2092 2091//2091
f 2008//2008 2009//2009 2093//2093
f 2008//2008 2093//2093 2092//2092
f 2009//2009 2010//2010 2094//2094
f 2009//2009 2094//2094 2093//2093
f 2010//2010 2011//2011 2095//2095
f 2010//2010 2095//2095 2094//2094
f 2011//2011 2012//2012 2096//2096
f 2011//2011 2096//2096 2095//2095
f 2012//2012 2013//2013 2097//2097
f 2012//2012 2097//2097 2096//2096
f 2013//2013 2014//2014 2098//2098
f 2013//2013 2098//2098 2097//2097
f 2014//2014 2015//2015 2099//2099
f 2014//2014 2099//2099 2098//2098
f 2015//2015 2016//2016 2100//2100
f 2015//2015 2100//2100 2099//2099
f 2017//2017 2018//2018 2102//2102
f 2017//2017 2102//2102 2101//2101
f 2018//2018 2019//2019 2103//2103
f 2018//2018 2103//2103 2102//2102
f 2019//2019 2020//2020 2104//2104
f 2019//2019 2104//2104 2103//2103
f 2020//2020 2021//2021 2105//2105
f 2020//2020 2105//2105 2104//2104
f 2021//2021 2022//2022 2106//2106
f 2021//2021 2106//2106 2105//2105
f 2022//2022 2023//2023 2107//2107
f 2022//2022 2107//2107 2106//2106
f 2023//2023 2024//2024 2108//2108
f 2023//2023 2108//2108 2107//2107
f 2024//2024 2025//2025 2109//2109
f 2024//2024 2109//2109 2108//2108
f 2025//2025 2026//2026 2110//2110
f 2025//2025 2110//2110 2109//2109
f 2026//2026 2027//2027 2111//2111
f 2026//2026 2111//2111 2110//2110
f 2027//2027 2028//2028 2112//2112
f 2027//2027 2112//2112 2111//2111
f 2028//2028 2029//2029 2113//2113
f 2028//2028 2113//2113 2112//2112
f 2029//2029 2030//2030 2114//2114
f 2029//2029 2114//2114 2113//2113
f 2030//2030 2031//2031 2115//2115
f 2030//2030 2115//2115 2114//2114
f 2031//2031 2032//2032 2116//2116
f 2031//2031 2116//2116 2115//2115
f 2032//2032 2033//2033 2117//2117
f 2032//2032 2117//2117 2116//2116
f 2033//2033 2034//2034 2118//2118
f 2033//2033 2118//2118 2117//2117
f 2034//2034 2035//2035 2119//2119
f 2034//2034 2119//2119 2118//2118
f 2035//2035 2036//2036 2120//2120
f 2035//2035 2120//2120 2119//2119
f 2036//2036 2037//2037 2121//2121
f 2036//2036 2121//2121 2120//2120
f 2037//2037 2038//2038 2122//2122
f 2037//2037 2122//2122 2121//2121
f 2038//2038 2039//2039 2123//2123
f 2038//2038 2123//2123 2122//2122
f 2039//2039 2040//2040 2124//2124
f 2039//2039 2124//2124 2123//2123
f 2040//2040 2041//2041 2125//2125
f 2040//2040 2125//2125 2124//2124
f 2041//2041 2042//2042 2126//2126
f 2041//2041 2126//2126 2125//2125
f 2042//2042 2043//2043 2127//2127
f 2042//2042 2127//2127 2126//2126
f 2043//2043 2044//2044 2128//2128
f 2043//2043 2128//2128 2127//2127
f 2044//2044 2045//2045 2129//2129
f 2044//2044 2129//2129 2128//2128
f 2045//2045 2046//2046 2130//2130
f 2045//2045 2130//2130 2129//2129
f 2046//2046 2047//2047 2131//2131
f 2046//2046 2131//2131 2130//2130
f 2047//2047 2048//2048 2132//2132
f 2047//2047 2132//2132 2131//2131
f 2048//2048 2049//2049 2133//2133
f 2048//2048 2133//2133 2132//2132
f 2049//2049 2050//2050 2134//2134
f 2049//2049 2134//2134 2133//2133
f 2050//2050 2051//2051 2135//2135
f 2050//2050 2135//2135 2134//2134
f 2051//2051 2052//2052 2136//2136
f 2051//2051 2136//2136 2135//2135
f 2052//2052 2053//2053 2137//2137
f 2052//2052 2137//2137 2136//2136
f 2053//2053 2054//2054 2138//2138
f 2053//2053 2138//2138 2137//2137
f 2054//2054 2055//2055 2139//2139
f 2054//2054 2139//2139 2138//2138
f 2055//2055 2056//2056 2140//2140
f 2055//2055 2140//2140 2139//2139
f 2056//2056 2057//2057 2141//2141
f 2056//2056 2141//2141 2140//2140
f 2057//2057 2058//2058 2142//2142
f 2057//2057 2142//2142 2141//2141
f 2058//2058 2059//2059 2143//2143
f 2058//2058 2143//2143 2142//2142
f 2059//2059 2060//2060 2144//2144
f 2059//2059 2144//2144 2143//2143
f 2060//2060 2061//2061 2145//2145
f 2060//2060 2145//2145 2144//2144
f 2061//2061 2062//2062 2146//2146
f 2061//2061 2146//2146 2145//2145
f 2062//2062 2063//2063 2147//2147
f 2062//2062 2147//2147 2146//2146
f 2063//2063 2064//2064 2148//2148
f 2063//2063 2148//2148 2147//2147
f 2064//2064 2065//2065 2149//2149
f 2064//2064 2149//2149 2148//2148
f 2065//2065 2066//2066 2150//2150
f 2065//2065 2150//2150 2149//2149
f 2066//2066 2067//2067 2151//2151
f 2066//2066 2151//2151 2150//2150
f 2067//2067 2068//2068 2152//2152
f 2067//2067 2152//2152 2151//2151
f 2068//2068 2069//2069 2153//2153
f 2068//2068 2153//2153 2152//2152
f 2069//2069 2070//2070 2154//2154
f 2069//2069 2154//2154 2153//2153
f 2070//2070 2071//2071 2155//2155
f 2070//2070 2155//2155 2154//2154
f 2071//2071 2072//2072 2156//2156
f 2071//2071 2156//2156 2155//2155
f 2072//2072 2073//2073 2157//2157
f 2072//2072 2157//2157 2156//2156
f 2073//2073 2074//2074 2158//2158
f 2073//2073 2158//2158 2157//2157
f 2074//2074 2075//2075 2159//2159
f 2074//2074 2159//2159 2158//2158
f 2075//2075 2076//2076 2160//2160
f 2075//2075 2160//2160 2159//2159
f 2076//2076 2077//2077 2161//2161
f 2076//2076 2161//2161 2160//2160
f 2077//2077 2078//2078 2162//2162
f 2077//2077 2162//2162 2161//2161
f 2078//2078 2079//2079 2163//2163
f 2078//2078 2163//2163 2162//2162
f 2079//2079 2080//2080 2164//2164
f 2079//2079 2164//2164 2163//2163
f 2080//2080 2081//2081 2165//2165
f 2080//2080 2165//2165 2164//2164
f 2081//2081 2082//2082 2166//2166
f 2081//2081 2166//2166 2165//2165
f 2082//2082 2083//2083 2167//2167
f 2082//2082 2167//2167 2166//2166
f 2083//2083 2084//2084 2168//2168
f 2083//2083 2168//2168 2167//2167
f 2084//2084 2085//2085 2169//2169
f 2084//2084 2169//2169 2168//2168
f 2085//2085 2086//2086 2170//2170
f 2085//2085 2170//2170 2169//2169
f 2086//2086 2087//2087 2171//2171
f 2086//2086 2171//2171 2170//2170
f 2087//2087 2088//2088 2172//2172
f 2087//2087 2172//2172 2171//2171
f 2088//2088 2089//2089 2173//2173
f 2088//2088 2173//2173 2172//2172
f 2089//2089 2090//2090 2174//2174
f 2089//2089 2174//2174 2173//2173
f 2090//2090 2091//2091 2175//2175
f 2090//2090 2175//2175 2174//2174
f 2091//2091 2092//2092 2176//2176
f 2091//2091 2176//2176 2175//2175
f 2092//2092 2093//2093 2177//2177
f 2092//2092 2177//2177 2176//2176
f 2093//2093 2094//2094 2178//2178
f 2093//2093 2178//2178 2177//2177
f 2094//2094 2095//2095 2179//2179
f 2094//2094 2179//2179 2178//2178
f 2095//2095 2096//2096 2180//2180
f 2095//2095 2180//2180 2179//2179
f 2096//2096 2097//2097 2181//2181
f 2096//2096 2181//2181 2180//2180
f 2097//2097 2098//2098 2182//2182
f 2097//2097 2182//2182 2181//2181
f 2098//2098 2099//2099 2183//2183
f 2098//2098 2183//2183 2182//2182
f 2099//2099 2100//2100 2184//2184
f 2099//2099 2184//2184 2183//2183
f 2101//2101 2102//2102 2186//2186
f 2101//2101 2186//2186 2185//2185
f 2102//2102 2103//2103 2187//2187
f 2102//2102 2187//2187 2186//2186
f 2103//2103 2104//2104 2188//2188
f 2103//2103 2188//2188 2187//2187
f 2104//2104 2105//2105 2189//2189
f 2104//2104 2189//2189 2188//2188
f 2105//2105 2106//2106 2190//2190
f 2105//2105 2190//2190 2189//2189
f 2106//2106 2107//2107 2191//2191
f 2106//2106 2191//2191 2190//2190
f 2107//2107 2108//2108 2192//2192
f 2107//2107 2192//2192 2191//2191
f 2108//2108 2109//2109 2193//2193
f 2108//2108 2193//2193 2192//2192
f 2109//2109 2110//2110 2194//2194
f 2109//2109 2194//2194 2193//2193
f 2110//2110 2111//2111 2195//2195
f 2110//2110 2195//2195 2194//2194
f 2111//2111 2112//2112 2196//2196
f 2111//2111 2196//2196 2195//2195
f 2112//2112 2113//2113 2197//2197
f 2112//2112 2197//2197 2196//2196
f 2113//2113 2114//2114 2198//2198
f 2113//2113 2198//2198 2197//2197
f 2114//2114 2115//2115 2199//2199
f 2114//2114 2199//2199 2198//2198
f 2115//2115 2116//2116 2200//2200
f 2115//2115 2200//2200 2199//2199
f 2116//2116 2117//2117 2201//2201
f 2116//2116 2201//2201 2200//2200
f 2117//2117 2118//2118 2202//2202
f 2117//2117 2202//2202 2201//2201
f 2118//2118 2119//2119 2203//2203
f 2118//2118 2203//2203 2202//2202
f 2119//2119 2120//2120 2204//2204
f 2119//2119 2204//2204 2203//2203
f 2120//2120 2121//2121 2205//2205
f 2120//2120 2205//2205 2204//2204
f 2121//2121 2122//2122 2206//2206
f 2121//2121 2206//2206 2205//2205
f 2122//2122 2123//2123 2207//2207
f 2122//2122 2207//2207 2206//2206
f 2123//2123 2124//2124 2208//2208
f 2123//2123 2208//2208 2207//2207
f 2124//2124 2125//2125 2209//2209
f 2124//2124 2209//2209 2208//2208
f 2125//2125 2126//2126 2210//2210
f 2125//2125 2210//2210 2209//2209
f 2126//2126 2127//2127 2211//2211
f 2126//2126 2211//2211 2210//2210
f 2127//2127 2128//2128 2212//2212
f 2127//2127 2212//2212 2211//2211
f 2128//2128 2129//2129 2213//2213
f 2128//2128 2213//2213 2212//2212
f 2129//2129 2130//2130 2214//2214
f 2129//2129 2214//2214 2213//2213
f 2130//2130 2131//2131 2215//2215
f 2130//2130 2215//2215 2214//2214
f 2131//2131 2132//2132 2216//2216
f 2131//2131 2216//2216 2215//2215
f 2132//2132 2133//2133 2217//2217
f 2132//2132 2217//2217 2216//2216
f 2133//2133 2134//2134 2218//2218
f 2133//2133 2218//2218 2217//2217
f 2134//2134 2135//2135 2219//2219
f 2134//2134 2219//2219 2218//2218
f 2135//2135 2136//2136 2220//2220
f 2135//2135 2220//2220 2219//2219
f 2136//2136 2137//2137 2221//2221
f 2136//2136 2221//2221 2220//2220
f 2137//2137 2138//2138 2222//2222
f 2137//2137 2222//2222 2221//2221
f 2138//2138 2139//2139 2223//2223
f 2138//2138 2223//2223 2222//2222
f 2139//2139 2140//2140 2224//2224
f 2139//2139 2224//2224 2223//2223
f 2140//2140 2141//2141 2225//2225
f 2140//2140 2225//2225 2224//2224
f 2141//2141 2142//2142 2226//2226
f 2141//2141 2226//2226 2225//2225
f 2142//2142 2143//2143 2227//2227
f 2142//2142 2227//2227 2226//2226
f 2143//2143 2144//2144 2228//2228
f 2143//2143 2228//2228 2227//2227
f 2144//2144 2145//2145 2229//2229
f 2144//2144 2229//2229 2228//2228
f 2145//2145 2146//2146 2230//2230
f 2145//2145 2230//2230 2229//2229
f 2146//2146 2147//2147 2231//2231
f 2146//2146 2231//2231 2230//2230
f 2147//2147 2148//2148 2232//2232
f 2147//2147 2232//2232 2231//2231
f 2148//2148 2149//2149 2233//2233
f 2148//2148 2233//2233 2232//2232
f 2149//2149 2150//2150 2234//2234
f 2149//2149 2234//2234 2233//2233
f 2150//2150 2151//2151 2235//2235
f 2150//2150 2235//2235 2234//2234
f 2151//2151 2152//2152 2236//2236
f 2151//2151 2236//2236 2235//2235
f 2152//2152 2153//2153 2237//2237
f 2152//2152 2237//2237 2236//2236
f 2153//2153 2154//2154 2238//2238
f 2153//2153 2238//2238 2237//2237
f 2154//2154 2155//2155 2239//2239
f 2154//2154 2239//2239 2238//2238
f 2155//2155 2156//2156 2240//2240
f 2155//2155 2240//2240 2239//2239
f 2156//2156 2157//2157 2241//2241
f 2156//2156 2241//2241 2240//2240
f 2157//2157 2158//2158 2242//2242
f 2157//2157 2242//2242 2241//2241
f 2158//2158 2159//2159 2243//2243
f 2158//2158 2243//2243 2242//2242
f 2159//2159 2160//2160 2244//2244
f 2159//2159 2244//2244 2243//2243
f 2160//2160 2161//2161 2245//2245
f 2160//2160 2245//2245 2244//2244
f 2161//2161 2162//2162 2246//2246
f 2161//2161 2246//2246 2245//2245
f 2162//2162 2163//2163 2247//2247
f 2162//2162 2247//2247 2246//2246
f 2163//2163 2164//2164 2248//2248
f 2163//2163 2248//2248 2247//2247
f 2164//2164 2165//2165 2249//2249
f 2164//2164 2249//2249 2248//2248
f 2165//2165 2166//2166 2250//2250
f 2165//2165 2250//2250 2249//2249
f 2166//2166 2167//2167 2251//2251
f 2166//2166 2251//2251 2250//2250
f 2167//2167 2168//2168 2252//2252
f 2167//2167 2252//2252 2251//2251
f 2168//2168 2169//2169 2253//2253
f 2168//2168 2253//2253 2252//2252
f 2169//2169 2170//2170 2254//2254
f 2169//2169 2254//2254 2253//2253
f 2170//2170 2171//2171 2255//2255
f 2170//2170 2255//2255 2254//2254
f 2171//2171 2172//2172 2256//2256
f 2171//2171 2256//2256 2255//2255
f 2172//2172 2173//2173 2257//2257
f 2172//2172 2257//2257 2256//2256
f 2173//2173 2174//2174 2258//2258
f 2173//2173 2258//2258 2257//2257
f 2174//2174 2175//2175 2259//2259
f 2174//2174 2259//2259 2258//2258
f 2175//2175 2176//2176 2260//2260
f 2175//2175 2260//2260 2259//2259
f 2176//2176 2177//2177 2261//2261
f 2176//2176 2261//2261 2260//2260
f 2177//2177 2178//2178 2262//2262
f 2177//2177 2262//2262 2261//2261
f 2178//2178 2179//2179 2263//2263
f 2178//2178 2263//2263 2262//2262
f 2179//2179 2180//2180 2264//2264
f 2179//2179 2264//2264 2263//2263
f 2180//2180 2181//2181 2265//2265
f 2180//2180 2265//2265 2264//2264
f 2181//2181 2182//2182 2266//2266
f 2181//2181 2266//2266 2265//2265
f 2182//2182 2183//2183 2267//2267
f 2182//2182 2267//2267 2266//2266
f 2183//2183 2184//2184 2268//2268
f 2183//2183 2268//2268 2267//2267
f 2185//2185 2186//2186 2270//2270
f 2185//2185 2270//2270 2269//2269
f 2186//2186 2187//2187 2271//2271
f 2186//2186 2271//2271 2270//2270
f 2187//2187 2188//2188 2272//2272
f 2187//2187 2272//2272 2271//2271
f 2188//2188 2189//2189 2273//2273
f 2188//2188 2273//2273 2272//2272
f 2189//2189 2190//2190 2274//2274
f 2189//2189 2274//2274 2273//2273
f 2190//2190 2191//2191 2275//2275
f 2190//2190 2275//2275 2274//2274
f 2191//2191 2192//2192 2276//2276
f 2191//2191 2276//2276 2275//2275
f 2192//2192 2193//2193 2277//2277
f 2192//2192 2277//2277 2276//2276
f 2193//2193 2194//2194 2278//2278
f 2193//2193 2278//2278 2277//2277
f 2194//2194 2195//2195 2279//2279
f 2194//2194 2279//2279 2278//2278
f 2195//2195 2196//2196 2280//2280
f 2195//2195 2280//2280 2279//2279
f 2196//2196 2197//2197 2281//2281
f 2196//2196 2281//2281 2280//2280
f 2197//2197 2198//2198 2282//2282
f 2197//2197 2282//2282 2281//2281
f 2198//2198 2199//2199 2283//2283
f 2198//2198 2283//2283 2282//2282
f 2199//2199 2200//2200 2284//2284
f 2199//2199 2284//2284 2283//2283
f 2200//2200 2201//2201 2285//2285
f 2200//2200 2285//2285 2284//2284
f 2201//2201 2202//2202 2286//2286
f 2201//2201 2286//2286 2285//2285
f 2202//2202 2203//2203 2287//2287
f 2202//2202 2287//2287 2286//2286
f 2203//2203 2204//2204 2288//2288
f 2203//2203 2288//2288 2287//2287
f 2204//2204 2205//2205 2289//2289
f 2204//2204 2289//2289 2288//2288
f 2205//2205 2206//2206 2290//2290
f 2205//2205 2290//2290 2289//2289
f 2206//2206 2207//2207 2291//2291
f 2206//2206 2291//2291 2290//2290
f 2207//2207 2208//2208 2292//2292
f 2207//2207 2292//2292 2291//2291
f 2208//2208 2209//2209 2293//2293
f 2208//2208 2293//2293 2292//2292
f 2209//2209 2210//2210 2294//2294
f 2209//2209 2294//2294 2293//2293
f 2210//2210 2211//2211 2295//2295
f 2210//2210 2295//2295 2294//2294
f 2211//2211 2212//2212 2296//2296
f 2211//2211 2296//2296 2295//2295
f 2212//2212 2213//2213 2297//2297
f 2212//2212 2297//2297 2296//2296
f 2213//2213 2214//2214 2298//2298
f 2213//2213 2298//2298 2297//2297
f 2214//2214 2215//2215 2299//2299
f 2214//2214 2299//2299 2298//2298
f 2215//2215 2216//2216 2300//2300
f 2215//2215 2300//2300 2299//2299
f 2216//2216 2217//2217 2301//2301
f 2216//2216 2301//2301 2300//2300
f 2217//2217 2218//2218 2302//2302
f 2217//2217 2302//2302 2301//2301
f 2218//2218 2219//2219 2303//2303
f 2218//2218 2303//2303 2302//2302
f 2219//2219 2220//2220 2304//2304
f 2219//2219 2304//2304 2303//2303
f 2220//2220 2221//2221 2305//2305
f 2220//2220 2305//2305 2304//2304
f 2221//2221 2222//2222 2306//2306
f 2221//2221 2306//2306 2305//2305
f 2222//2222 2223//2223 2307//2307
f 2222//2222 2307//2307 2306//2306
f 2223//2223 2224//2224 2308//2308
f 2223//2223 2308//2308 2307//2307
f 2224//2224 2225//2225 2309//2309
f 2224//2224 2309//2309 2308//2308
f 2225//2225 2226//2226 2310//2310
f 2225//2225 2310//2310 2309//2309
f 2226//2226 2227//2227 2311//2311
f 2226//2226 2311//2311 2310//2310
f 2227//2227 2228//2228 2312//2312
f 2227//2227 2312//2312 2311//2311
f 2228//2228 2229//2229 2313//2313
f 2228//2228 2313//2313 2312//2312
f 2229//2229 2230//2230 2314//2314
f 2229//2229 2314//2314 2313//2313
f 2230//2230 2231//2231 2315//2315
f 2230//2230 2315//2315 2314//2314
f 2231//2231 2232//2232 2316//2316
f 2231//2231 2316//2316 2315//2315
f 2232//2232 2233//2233 2317//2317
f 2232//2232 2317//2317 2316//2316
f 2233//2233 2234//2234 2318//2318
f 2233//2233 2318//2318 2317//2317
f 2234//2234 2235//2235 2319//2319
f 2234//2234 2319//2319 2318//2318
f 2235//2235 2236//2236 2320//2320
f 2235//2235 2320//2320 2319//2319
f 2236//2236 2237//2237 2321//2321
f 2236//2236 2321//2321 2320//2320
f 2237//2237 2238//2238 2322//2322
f 2237//2237 2322//2322 2321//2321
f 2238//2238 2239//2239 2323//2323
f 2238//2238 2323//2323 2322//2322
f 2239//2239 2240//2240 2324//2324
f 2239//2239 2324//2324 2323//2323
f 2240//2240 2241//2241 2325//2325
f 2240//2240 2325//2325 2324//2324
f 2241//2241 2242//2242 2326//2326
f 2241//2241 2326//2326 2325//2325
f 2242//2242 2243//2243 2327//2327
f 2242//2242 2327//2327 2326//2326
f 2243//2243 2244//2244 2328//2328
f 2243//2243 2328//2328 2327//2327
f 2244//2244 2245//2245 2329//2329
f 2244//2244 2329//2329 2328//2328
f 2245//2245 2246//2246 2330//2330
f 2245//2245 2330//2330 2329//2329
f 2246//2246 2247//2247 2331//2331
f 2246//2246 2331//2331 2330//2330
f 2247//2247 2248//2248 2332//2332
f 2247//2247 2332//2332 2331//2331
f 2248//2248 2249//2249 2333//2333
f 2248//2248 2333//2333 2332//2332
f 2249//2249 2250//2250 2334//2334
f 2249//2249 2334//2334 2333//2333
f 2250//2250 2251//2251 2335//2335
f 2250//2250 2335//2335 2334//2334
f 2251//2251 2252//2252 2336//2336
f 2251//2251 2336//2336 2335//2335
f 2252//2252 2253//2253 2337//2337
f 2252//2252 2337//2337 2336//2336
f 2253//2253 2254//2254 2338//2338
f 2253//2253 2338//2338 2337//2337
f 2254//2254 2255//2255 2339//2339
f 2254//2254 2339//2339 2338//2338
f 2255//2255 2256//2256 2340//2340
f 2255//2255 2340//2340 2339//2339
f 2256//2256 2257//2257 2341//2341
f 2256//2256 2341//2341 2340//2340
f 2257//2257 2258//2258 2342//2342
f 2257//2257 2342//2342 2341//2341
f 2258//2258 2259//2259 2343//2343
f 2258//2258 2343//2343 2342//2342
f 2259//2259 2260//2260 2344//2344
f 2259//2259 2344//2344 2343//2343
f 2260//2260 2261//2261 2345//2345
f 2260//2260 2345//2345 2344//2344
f 2261//2261 2262//2262 2346//2346
f 2261//2261 2346//2346 2345//2345
f 2262//2262 2263//2263 2347//2347
f 2262//2262 2347//2347 2346//2346
f 2263//2263 2264//2264 2348//2348
f 2263//2263 2348//2348 2347//2347
f 2264//2264 2265//2265 2349//2349
f 2264//2264 2349//2349 2348//2348
f 2265//2265 2266//2266 2350//2350
f 2265//2265 2350//2350 2349//2349
f 2266//2266 2267//2267 2351//2351
f 2266//2266 2351//2351 2350//2350
f 2267//2267 2268//2268 2352//2352
f 2267//2267 2352//2352 2351//2351
f 2269//2269 2270//2270 2354//2354
f 2269//2269 2354//2354 2353//2353
f 2270//2270 2271//2271 2355//2355
f 2270//2270 2355//2355 2354//2354
f 2271//2271 2272//2272 2356//2356
f 2271//2271 2356//2356 2355//2355
f 2272//2272 2273//2273 2357//2357
f 2272//2272 2357//2357 2356//2356
f 2273//2273 2274//2274 2358//2358
f 2273//2273 2358//2358 2357//2357
f 2274//2274 2275//2275 2359//2359
f 2274//2274 2359//2359 2358//2358
f 2275//2275 2276//2276 2360//2360
f 2275//2275 2360//2360 2359//2359
f 2276//2276 2277//2277 2361//2361
f 2276//2276 2361//2361 2360//2360
f 2277//2277 2278//2278 2362//2362
f 2277//2277 2362//2362 2361//2361
f 2278//2278 2279//2279 2363//2363
f 2278//2278 2363//2363 2362//2362
f 2279//2279 2280//2280 2364//2364
f 2279//2279 2364//2364 2363//2363
f 2280//2280 2281//2281 2365//2365
f 2280//2280 2365//2365 2364//2364
f 2281//2281 2282//2282 2366//2366
f 2281//2281 2366//2366 2365//2365
f 2282//2282 2283//2283 2367//2367
f 2282//2282 2367//2367 2366//2366
f 2283//2283 2284//2284 2368//2368
f 2283//2283 2368//2368 2367//2367
f 2284//2284 2285//2285 2369//2369
f 2284//2284 2369//2369 2368//2368
f 2285//2285 2286//2286 2370//2370
f 2285//2285 2370//2370 2369//2369
f 2286//2286 2287//2287 2371//2371
f 2286//2286 2371//2371 2370//2370
f 2287//2287 2288//2288 2372//2372
f 2287//2287 2372//2372 2371//2371
f 2288//2288 2289//2289 2373//2373
f 2288//2288 2373//2373 2372//2372
f 2289//2289 2290//2290 2374//2374
f 2289//2289 2374//2374 2373//2373
f 2290//2290 2291//2291 2375//2375
f 2290//2290 2375//2375 2374//2374
f 2291//2291 2292//2292 2376//2376
f 2291//2291 2376//2376 2375//2375
f 2292//2292 2293//2293 2377//2377
f 2292//2292 2377//2377 2376//2376
f 2293//2293 2294//2294 2378//2378
f 2293//2293 2378//2378 2377//2377
f 2294//2294 2295//2295 2379//2379
f 2294//2294 2379//2379 2378//2378
f 2295//2295 2296//2296 2380//2380
f 2295//2295 2380//2380 2379//2379
f 2296//2296 2297//2297 2381//2381
f 2296//2296 2381//2381 2380//2380
f 2297//2297 2298//2298 2382//2382
f 2297//2297 2382//2382 2381//2381
f 2298//2298 2299//2299 2383//2383
f 2298//2298 2383//2383 2382//2382
f 2299//2299 2300//2300 2384//2384
f 2299//2299 2384//2384 2383//2383
f 2300//2300 2301//2301 2385//2385
f 2300//2300 2385//2385 2384//2384
f 2301//2301 2302//2302 2386//2386
f 2301//2301 2386//2386 2385//2385
f 2302//2302 2303//2303 2387//2387
f 2302//2302 2387//2387 2386//2386
f 2303//2303 2304//2304 2388//2388
f 2303//2303 2388//2388 2387//2387
f 2304//2304 2305//2305 2389//2389
f 2304//2304 2389//2389 2388//2388
f 2305//2305 2306//2306 2390//2390
f 2305//2305 2390//2390 2389//2389
f 2306//2306 2307//2307 2391//2391
f 2306//2306 2391//2391 2390//2390
f 2307//2307 2308//2308 2392//2392
f 2307//2307 2392//2392 2391//2391
f 2308//2308 2309//2309 2393//2393
f 2308//2308 2393//2393 2392//2392
f 2309//2309 2310//2310 2394//2394
f 2309//2309 2394//2394 2393//2393
f 2310//2310 2311//2311 2395//2395
f 2310//2310 2395//2395 2394//2394
f 2311//2311 2312//2312 2396//2396
f 2311//2311 2396//2396 2395//2395
f 2312//2312 2313//2313 2397//2397
f 2312//2312 2397//2397 2396//2396
f 2313//2313 2314//2314 2398//2398
f 2313//2313 2398//2398 2397//2397
f 2314//2314 2315//2315 2399//2399
f 2314//2314 2399//2399 2398//2398
f 2315//2315 2316//2316 2400//2400
f 2315//2315 2400//2400 2399//2399
f 2316//2316 2317//2317 2401//2401
f 2316//2316 2401//2401 2400//2400
f 2317//2317 2318//2318 2402//2402
f 2317//2317 2402//2402 2401//2401
f 2318//2318 2319//2319 2403//2403
f 2318//2318 2403//2403 2402//2402
f 2319//2319 2320//2320 2404//2404
f 2319//2319 2404//2404 2403//2403
f 2320//2320 2321//2321 2405//2405
f 2320//2320 2405//2405 2404//2404
f 2321//2321 2322//2322 2406//2406
f 2321//2321 2406//2406 2405//2405
f 2322//2322 2323//2323 2407//2407
f 2322//2322 2407//2407 2406//2406
f 2323//2323 2324//2324 2408//2408
f 2323//2323 2408//2408 2407//2407
f 2324//2324 2325//2325 2409//2409
f 2324//2324 2409//2409 2408//2408
f 2325//2325 2326//2326 2410//2410
f 2325//2325 2410//2410 2409//2409
f 2326//2326 2327//2327 2411//2411
f 2326//2326 2411//2411 2410//2410
f 2327//2327 2328//2328 2412//2412
f 2327//2327 2412//2412 2411//2411
f 2328//2328 2329//2329 2413//2413
f 2328//2328 2413//2413 2412//2412
f 2329//2329 2330//2330 2414//2414
f 2329//2329 2414//2414 2413//2413
f 2330//2330 2331//2331 2415//2415
f 2330//2330 2415//2415 2414//2414
f 2331//2331 2332//2332 2416//2416
f 2331//2331 2416//2416 2415//2415
f 2332//2332 2333//2333 2417//2417
f 2332//2332 2417//2417 2416//2416
f 2333//2333 2334//2334 2418//2418
f 2333//2333 2418//2418 2417//2417
f 2334//2334 2335//2335 2419//2419
f 2334//2334 2419//2419 2418//2418
f 2335//2335 2336//2336 2420//2420
f 2335//2335 2420//2420 2419//2419
f 2336//2336 2337//2337 2421//2421
f 2336//2336 2421//2421 2420//2420
f 2337//2337 2338//2338 2422//2422
f 2337//2337 2422//2422 2421//2421
f 2338//2338 2339//2339 2423//2423
f 2338//2338 2423//2423 2422//2422
f 2339//2339 2340//2340 2424//2424
f 2339//2339 2424//2424 2423//2423
f 2340//2340 2341//2341 2425//2425
f 2340//2340 2425//2425 2424//2424
f 2341//2341 2342//2342 2426//2426
f 2341//2341 2426//2426 2425//2425
f 2342//2342 2343//2343 2427//2427
f 2342//2342 2427//2427 2426//2426
f 2343//2343 2344//2344 2428//2428
f 2343//2343 2428//2428 2427//2427
f 2344//2344 2345//2345 2429//2429
f 2344//2344 2429//2429 2428//2428
f 2345//2345 2346//2346 2430//2430
f 2345//2345 2430//2430 2429//2429
f 2346//2346 2347//2347 2431//2431
f 2346//2346 2431//2431 2430//2430
f 2347//2347 2348//2348 2432//2432
f 2347//2347 2432//2432 2431//2431
f 2348//2348 2349//2349 2433//2433
f 2348//2348 2433//2433 2432//2432
f 2349//2349 2350//2350 2434//2434
f 2349//2349 2434//2434 2433//2433
f 2350//2350 2351//2351 2435//2435
f 2350//2350 2435//2435 2434//2434
f 2351//2351 2352//2352 2436//2436
f 2351//2351 2436//2436 2435//2435
f 2353//2353 2354//2354 2438//2438
f 2353//2353 2438//2438 2437//2437
f 2354//2354 2355//2355 2439//2439
f 2354//2354 2439//2439 2438//2438
f 2355//2355 2356//2356 2440//2440
f 2355//2355 2440//2440 2439//2439
f 2356//2356 2357//2357 2441//2441
f 2356//2356 2441//2441 2440//2440
f 2357//2357 2358//2358 2442//2442
f 2357//2357 2442//2442 2441//2441
f 2358//2358 2359//2359 2443//2443
f 2358//2358 2443//2443 2442//2442
f 2359//2359 2360//2360 2444//2444
f 2359//2359 2444//2444 2443//2443
f 2360//2360 2361//2361 2445//2445
f 2360//2360 2445//2445 2444//2444
f 2361//2361 2362//2362 2446//2446
f 2361//2361 2446//2446 2445//2445
f 2362//2362 2363//2363 2447//2447
f 2362//2362 2447//2447 2446//2446
f 2363//2363 2364//2364 2448//2448
f 2363//2363 2448//2448 2447//2447
f 2364//2364 2365//2365 2449//2449
f 2364//2364 2449//2449 2448//2448
f 2365//2365 2366//2366 2450//2450
f 2365//2365 2450//2450 2449//2449
f 2366//2366 2367//2367 2451//2451
f 2366//2366 2451//2451 2450//2450
f 2367//2367 2368//2368 2452//2452
f 2367//2367 2452//2452 2451//2451
f 2368//2368 2369//2369 2453//2453
f 2368//2368 2453//2453 2452//2452
f 2369//2369 2370//2370 2454//2454
f 2369//2369 2454//2454 2453//2453
f 2370//2370 2371//2371 2455//2455
f 2370//2370 2455//2455 2454//2454
f 2371//2371 2372//2372 2456//2456
f 2371//2371 2456//2456 2455//2455
f 2372//2372 2373//2373 2457//2457
f 2372//2372 2457//2457 2456//2456
f 2373//2373 2374//2374 2458//2458
f 2373//2373 2458//2458 2457//2457
f 2374//2374 2375//2375 2459//2459
f 2374//2374 2459//2459 2458//2458
f 2375//2375 2376//2376 2460//2460
f 2375//2375 2460//2460 2459//2459
f 2376//2376 2377//2377 2461//2461
f 2376//2376 2461//2461 2460//2460
f 2377//2377 2378//2378 2462//2462
f 2377//2377 2462//2462 2461//2461
f 2378//2378 2379//2379 2463//2463
f 2378//2378 2463//2463 2462//2462
f 2379//2379 2380//2380 2464//2464
f 2379//2379 2464//2464 2463//2463
f 2380//2380 2381//2381 2465//2465
f 2380//2380 2465//2465 2464//2464
f 2381//2381 2382//2382 2466//2466
f 2381//2381 2466//2466 2465//2465
f 2382//2382 2383//2383 2467//2467
f 2382//2382 2467//2467 2466//2466
f 2383//2383 2384//2384 2468//2468
f 2383//2383 2468//2468 2467//2467
f 2384//2384 2385//2385 2469//2469
f 2384//2384 2469//2469 2468//2468
f 2385//2385 2386//2386 2470//2470
f 2385//2385 2470//2470 2469//2469
f 2386//2386 2387//2387 2471//2471
f 2386//2386 2471//2471 2470//2470
f 2387//2387 2388//2388 2472//2472
f 2387//2387 2472//2472 2471//2471
f 2388//2388 2389//2389 2473//2473
f 2388//2388 2473//2473 2472//2472
f 2389//2389 2390//2390 2474//2474
f 2389//2389 2474//2474 2473//2473
f 2390//2390 2391//2391 2475//2475
f 2390//2390 2475//2475 2474//2474
f 2391//2391 2392//2392 2476//2476
f 2391//2391 2476//2476 2475//2475
f 2392//2392 2393//2393 2477//2477
f 2392//2392 2477//2477 2476//2476
f 2393//2393 2394//2394 2478//2478
f 2393//2393 2478//2478 2477//2477
f 2394//2394 2395//2395 2479//2479
f 2394//2394 2479//2479 2478//2478
f 2395//2395 2396//2396 2480//2480
f 2395//2395 2480//2480 2479//2479
f 2396//2396 2397//2397 2481//2481
f 2396//2396 2481//2481 2480//2480
f 2397//2397 2398//2398 2482//2482
f 2397//2397 2482//2482 2481//2481
f 2398//2398 2399//2399 2483//2483
f 2398//2398 2483//2483 2482//2482
f 2399//2399 2400//2400 2484//2484
f 2399//2399 2484//2484 2483//2483
f 2400//2400 2401//2401 2485//2485
f 2400//2400 2485//2485 2484//2484
f 2401//2401 2402//2402 2486//2486
f 2401//2401 2486//2486 2485//2485
f 2402//2402 2403//2403 2487//2487
f 2402//2402 2487//2487 2486//2486
f 2403//2403 2404//2404 2488//2488
f 2403//2403 2488//2488 2487//2487
f 2404//2404 2405//2405 2489//2489
f 2404//2404 2489//2489 2488//2488
f 2405//2405 2406//2406 2490//2490
f 2405//2405 2490//2490 2489//2489
f 2406//2406 2407//2407 2491//2491
f 2406//2406 2491//2491 2490//2490
f 2407//2407 2408//2408 2492//2492
f 2407//2407 2492//2492 2491//2491
f 2408//2408 2409//2409 2493//2493
f 2408//2408 2493//2493 2492//2492
f 2409//2409 2410//2410 2494//2494
f 2409//2409 2494//2494 2493//2493
f 2410//2410 2411//2411 2495//2495
f 2410//2410 2495//2495 2494//2494
f 2411//2411 2412//2412 2496//2496
f 2411//2411 2496//2496 2495//2495
f 2412//2412 2413//2413 2497//2497
f 2412//2412 2497//2497 2496//2496
f 2413//2413 2414//2414 2498//2498
f 2413//2413 2498//2498 2497//2497
f 2414//2414 2415//2415 2499//2499
f 2414//2414 2499//2499 2498//2498
f 2415//2415 2416//2416 2500//2500
f 2415//2415 2500//2500 2499//2499
f 2416//2416 2417//2417 2501//2501
f 2416//2416 2501//2501 2500//2500
f 2417//2417 2418//2418 2502//2502
f 2417//2417 2502//2502 2501//2501
f 2418//2418 2419//2419 2503//2503
f 2418//2418 2503//2503 2502//2502
f 2419//2419 2420//2420 2504//2504
f 2419//2419 2504//2504 2503//2503
f 2420//2420 2421//2421 2505//2505
f 2420//2420 2505//2505 2504//2504
f 2421//2421 2422//2422 2506//2506
f 2421//2421 2506//2506 2505//2505
f 2422//2422 2423//2423 2507//2507
f 2422//2422 2507//2507 2506//2506
f 2423//2423 2424//2424 2508//2508
f 2423//2423 2508//2508 2507//2507
f 2424//2424 2425//2425 2509//2509
f 2424//2424 2509//2509 2508//2508
f 2425//2425 2426//2426 2510//2510
f 2425//2425 2510//2510 2509//2509
f 2426//2426 2427//2427 2511//2511
f 2426//2426 2511//2511 2510//2510
f 2427//2427 2428//2428 2512//2512
f 2427//2427 2512//2512 2511//2511
f 2428//2428 2429//2429 2513//2513
f 2428//2428 2513//2513 2512//2512
f 2429//2429 2430//2430 2514//2514
f 2429//2429 2514//2514 2513//2513
f 2430//2430 2431//2431 2515//2515
f 2430//2430 2515//2515 2514//2514
f 2431//2431 2432//2432 2516//2516
f 2431//2431 2516//2516 2515//2515
f 2432//2432 2433//2433 2517//2517
f 2432//2432 2517//2517 2516//2516
f 2433//2433 2434//2434 2518//2518
f 2433//2433 2518//2518 2517//2517
f 2434//2434 2435//2435 2519//2519
f 2434//2434 2519//2519 2518//2518
f 2435//2435 2436//2436 2520//2520
f 2435//2435 2520//2520 2519//2519
f 2437//2437 2438//2438 2522//2522
f 2437//2437 2522//2522 2521//2521
f 2438//2438 2439//2439 2523//2523
f 2438//2438 2523//2523 2522//2522
f 2439//2439 2440//2440 2524//2524
f 2439//2439 2524//2524 2523//2523
f 2440//2440 2441//2441 2525//2525
f 2440//2440 2525//2525 2524//2524
f 2441//2441 2442//2442 2526//2526
f 2441//2441 2526//2526 2525//2525
f 2442//2442 2443//2443 2527//2527
f 2442//2442 2527//2527 2526//2526
f 2443//2443 2444//2444 2528//2528
f 2443//2443 2528//2528 2527//2527
f 2444//2444 2445//2445 2529//2529
f 2444//2444 2529//2529 2528//2528
f 2445//2445 2446//2446 2530//2530
f 2445//2445 2530//2530 2529//2529
f 2446//2446 2447//2447 2531//2531
f 2446//2446 2531//2531 2530//2530
f 2447//2447 2448//2448 2532//2532
f 2447//2447 2532//2532 2531//2531
f 2448//2448 2449//2449 2533//2533
f 2448//2448 2533//2533 2532//2532
f 2449//2449 2450//2450 2534//2534
f 2449//2449 2534//2534 2533//2533
f 2450//2450 2451//2451 2535//2535
f 2450//2450 2535//2535 2534//2534
f 2451//2451 2452//2452 2536//2536
f 2451//2451 2536//2536 2535//2535
f 2452//2452 2453//2453 2537//2537
f 2452//2452 2537//2537 2536//2536
f 2453//2453 2454//2454 2538//2538
f 2453//2453 2538//2538 2537//2537
f 2454//2454 2455//2455 2539//2539
f 2454//2454 2539//2539 2538//2538
f 2455//2455 2456//2456 2540//2540
f 2455//2455 2540//2540 2539//2539
f 2456//2456 2457//2457 2541//2541
f 2456//2456 2541//2541 2540//2540
f 2457//2457 2458//2458 2542//2542
f 2457//2457 2542//2542 2541//2541
f 2458//2458 2459//2459 2543//2543
f 2458//2458 2543//2543 2542//2542
f 2459//2459 2460//2460 2544//2544
f 2459//2459 2544//2544 2543//2543
f 2460//2460 2461//2461 2545//2545
f 2460//2460 2545//2545 2544//2544
f 2461//2461 2462//2462 2546//2546
f 2461//2461 2546//2546 2545//2545
f 2462//2462 2463//2463 2547//2547
f 2462//2462 2547//2547 2546//2546
f 2463//2463 2464//2464 2548//2548
f 2463//2463 2548//2548 2547//2547
f 2464//2464 2465//2465 2549//2549
f 2464//2464 2549//2549 2548//2548
f 2465//2465 2466//2466 2550//2550
f 2465//2465 2550//2550 2549//2549
f 2466//2466 2467//2467 2551//2551
f 2466//2466 2551//2551 2550//2550
f 2467//2467 2468//2468 2552//2552
f 2467//2467 2552//2552 2551//2551
f 2468//2468 2469//2469 2553//2553
f 2468//2468 2553//2553 2552//2552
f 2469//2469 2470//2470 2554//2554
f 2469//2469 2554//2554 2553//2553
f 2470//2470 2471//2471 2555//2555
f 2470//2470 2555//2555 2554//2554
f 2471//2471 2472//2472 2556//2556
f 2471//2471 2556//2556 2555//2555
f 2472//2472 2473//2473 2557//2557
f 2472//2472 2557//2557 2556//2556
f 2473//2473 2474//2474 2558//2558
f 2473//2473 2558//2558 2557//2557
f 2474//2474 2475//2475 2559//2559
f 2474//2474 2559//2559 2558//2558
f 2475//2475 2476//2476 2560//2560
f 2475//2475 2560//2560 2559//2559
f 2476//2476 2477//2477 2561//2561
f 2476//2476 2561//2561 2560//2560
f 2477//2477 2478//2478 2562//2562
f 2477//2477 2562//2562 2561//2561
f 2478//2478 2479//2479 2563//2563
f 2478//2478 2563//2563 2562//2562
f 2479//2479 2480//2480 2564//2564
f 2479//2479 2564//2564 2563//2563
f 2480//2480 2481//2481 2565//2565
f 2480//2480 2565//2565 2564//2564
f 2481//2481 2482//2482 2566//2566
f 2481//2481 2566//2566 2565//2565
f 2482//2482 2483//2483 2567//2567
f 2482//2482 2567//2567 2566//2566
f 2483//2483 2484//2484 2568//2568
f 2483//2483 2568//2568 2567//2567
f 2484//2484 2485//2485 2569//2569
f 2484//2484 2569//2569 2568//2568
f 2485//2485 2486//2486 2570//2570
f 2485//2485 2570//2570 2569//2569
f 2486//2486 2487//2487 2571//2571
f 2486//2486 2571//2571 2570//2570
f 2487//2487 2488//2488 2572//2572
f 2487//2487 2572//2572 2571//2571
f 2488//2488 2489//2489 2573//2573
f 2488//2488 2573//2573 2572//2572
f 2489//2489 2490//2490 2574//2574
f 2489//2489 2574//2574 2573//2573
f 2490//2490 2491//2491 2575//2575
f 2490//2490 2575//2575 2574//2574
f 2491//2491 2492//2492 2576//2576
f 2491//2491 2576//2576 2575//2575
f 2492//2492 2493//2493 2577//2577
f 2492//2492 2577//2577 2576//2576
f 2493//2493 2494//2494 2578//2578
f 2493//2493 2578//2578 2577//2577
f 2494//2494 2495//2495 2579//2579
f 2494//2494 2579//2579 2578//2578
f 2495//2495 2496//2496 2580//2580
f 2495//2495 2580//2580 2579//2579
f 2496//2496 2497//2497 2581//2581
f 2496//2496 2581//2581 2580//2580
f 2497//2497 2498//2498 2582//2582
f 2497//2497 2582//2582 2581//2581
f 2498//2498 2499//2499 2583//2583
f 2498//2498 2583//2583 2582//2582
f 2499//2499 2500//2500 2584//2584
f 2499//2499 2584//2584 2583//2583
f 2500//2500 2501//2501 2585//2585
f 2500//2500 2585//2585 2584//2584
f 2501//2501 2502//2502 2586//2586
f 2501//2501 2586//2586 2585//2585
f 2502//2502 2503//2503 2587//2587
f 2502//2502 2587//2587 2586//2586
f 2503//2503 2504//2504 2588//2588
f 2503//2503 2588//2588 2587//2587
f 2504//2504 2505//2505 2589//2589
f 2504//2504 2589//2589 2588//2588
f 2505//2505 2506//2506 2590//2590
f 2505//2505 2590//2590 2589//2589
f 2506//2506 2507//2507 2591//2591
f 2506//2506 2591//2591 2590//2590
f 2507//2507 2508//2508 2592//2592
f 2507//2507 2592//2592 2591//2591
f 2508//2508 2509//2509 2593//2593
f 2508//2508 2593//2593 2592//2592
f 2509//2509 2510//2510 2594//2594
f 2509//2509 2594//2594 2593//2593
f 2510//2510 2511//2511 2595//2595
f 2510//2510 2595//2595 2594//2594
f 2511//2511 2512//2512 2596//2596
f 2511//2511 2596//2596 2595//2595
f 2512//2512 2513//2513 2597//2597
f 2512//2512 2597//2597 2596//2596
f 2513//2513 2514//2514 2598//2598
f 2513//2513 2598//2598 2597//2597
f 2514//2514 2515//2515 2599//2599
f 2514//2514 2599//2599 2598//2598
f 2515//2515 2516//2516 2600//2600
f 2515//2515 2600//2600 2599//2599
f 2516//2516 2517//2517 2601//2601
f 2516//2516 2601//2601 2600//2600
f 2517//2517 2518//2518 2602//2602
f 2517//2517 2602//2602 2601//2601
f 2518//2518 2519//2519 2603//2603
f 2518//2518 2603//2603 2602//2602
f 2519//2519 2520//2520 2604//2604
f 2519//2519 2604//2604 2603//2603
f 2521//2521 2522//2522 2606//2606
f 2521//2521 2606//2606 2605//2605
f 2522//2522 2523//2523 2607//2607
f 2522//2522 2607//2607 2606//2606
f 2523//2523 2524//2524 2608//2608
f 2523//2523 2608//2608 2607//2607
f 2524//2524 2525//2525 2609//2609
f 2524//2524 2609//2609 2608//2608
f 2525//2525 2526//2526 2610//2610
f 2525//2525 2610//2610 2609//2609
f 2526//2526 2527//2527 2611//2611
f 2526//2526 2611//2611 2610//2610
f 2527//2527 2528//2528 2612//2612
f 2527//2527 2612//2612 2611//2611
f 2528//2528 2529//2529 2613//2613
f 2528//2528 2613//2613 2612//2612
f 2529//2529 2530//2530 2614//2614
f 2529//2529 2614//2614 2613//2613
f 2530//2530 2531//2531 2615//2615
f 2530//2530 2615//2615 2614//2614
f 2531//2531 2532//2532 2616//2616
f 2531//2531 2616//2616 2615//2615
f 2532//2532 2533//2533 2617//2617
f 2532//2532 2617//2617 2616//2616
f 2533//2533 2534//2534 2618//2618
f 2533//2533 2618//2618 2617//2617
f 2534//2534 2535//2535 2619//2619
f 2534//2534 2619//2619 2618//2618
f 2535//2535 2536//2536 2620//2620
f 2535//2535 2620//2620 2619//2619
f 2536//2536 2537//2537 2621//2621
f 2536//2536 2621//2621 2620//2620
f 2537//2537 2538//2538 2622//2622
f 2537//2537 2622//2622 2621//2621
f 2538//2538 2539//2539 2623//2623
f 2538//2538 2623//2623 2622//2622
f 2539//2539 2540//2540 2624//2624
f 2539//2539 2624//2624 2623//2623
f 2540//2540 2541//2541 2625//2625
f 2540//2540 2625//2625 2624//2624
f 2541//2541 2542//2542 2626//2626
f 2541//2541 2626//2626 2625//2625
f 2542//2542 2543//2543 2627//2627
f 2542//2542 2627//2627 2626//2626
f 2543//2543 2544//2544 2628//2628
f 2543//2543 2628//2628 2627//2627
f 2544//2544 2545//2545 2629//2629
f 2544//2544 2629//2629 2628//2628
f 2545//2545 2546//2546 2630//2630
f 2545//2545 2630//2630 2629//2629
f 2546//2546 2547//2547 2631//2631
f 2546//2546 2631//2631 2630//2630
f 2547//2547 2548//2548 2632//2632
f 2547//2547 2632//2632 2631//2631
f 2548//2548 2549//2549 2633//2633
f 2548//2548 2633//2633 2632//2632
f 2549//2549 2550//2550 2634//2634
f 2549//2549 2634//2634 2633//2633
f 2550//2550 2551//2551 2635//2635
f 2550//2550 2635//2635 2634//2634
f 2551//2551 2552//2552 2636//2636
f 2551//2551 2636//2636 2635//2635
f 2552//2552 2553//2553 2637//2637
f 2552//2552 2637//2637 2636//2636
f 2553//2553 2554//2554 2638//2638
f 2553//2553 2638//2638 2637//2637
f 2554//2554 2555//2555 2639//2639
f 2554//2554 2639//2639 2638//2638
f 2555//2555 2556//2556 2640//2640
f 2555//2555 2640//2640 2639//2639
f 2556//2556 2557//2557 2641//2641
f 2556//2556 2641//2641 2640//2640
f 2557//2557 2558//2558 2642//2642
f 2557//2557 2642//2642 2641//2641
f 2558//2558 2559//2559 2643//2643
f 2558//2558 2643//2643 2642//2642
f 2559//2559 2560//2560 2644//2644
f 2559//2559 2644//2644 2643//2643
f 2560//2560 2561//2561 2645//2645
f 2560//2560 2645//2645 2644//2644
f 2561//2561 2562//2562 2646//2646
f 2561//2561 2646//2646 2645//2645
f 2562//2562 2563//2563 2647//2647
f 2562//2562 2647//2647 2646//2646
f 2563//2563 2564//2564 2648//2648
f 2563//2563 2648//2648 2647//2647
f 2564//2564 2565//2565 2649//2649
f 2564//2564 2649//2649 2648//2648
f 2565//2565 2566//2566 2650//2650
f 2565//2565 2650//2650 2649//2649
f 2566//2566 2567//2567 2651//2651
f 2566//2566 2651//2651 2650//2650
f 2567//2567 2568//2568 2652//2652
f 2567//2567 2652//2652 2651//2651
f 2568//2568 2569//2569 2653//2653
f 2568//2568 2653//2653 2652//2652
f 2569//2569 2570//2570 2654//2654
f 2569//2569 2654//2654 2653//2653
f 2570//2570 2571//2571 2655//2655
f 2570//2570 2655//2655 2654//2654
f 2571//2571 2572//2572 2656//2656
f 2571//2571 2656//2656 2655//2655
f 2572//2572 2573//2573 2657//2657
f 2572//2572 2657//2657 2656//2656
f 2573//2573 2574//2574 2658//2658
f 2573//2573 2658//2658 2657//2657
f 2574//2574 2575//2575 2659//2659
f 2574//2574 2659//2659 2658//2658
f 2575//2575 2576//2576 2660//2660
f 2575//2575 2660//2660 2659//2659
f 2576//2576 2577//2577 2661//2661
f 2576//2576 2661//2661 2660//2660
f 2577//2577 2578//2578 2662//2662
f 2577//2577 2662//2662 2661//2661
f 2578//2578 2579//2579 2663//2663
f 2578//2578 2663//2663 2662//2662
f 2579//2579 2580//2580 2664//2664
f 2579//2579 2664//2664 2663//2663
f 2580//2580 2581//2581 2665//2665
f 2580//2580 2665//2665 2664//2664
f 2581//2581 2582//2582 2666//2666
f 2581//2581 2666//2666 2665//2665
f 2582//2582 2583//2583 2667//2667
f 2582//2582 2667//2667 2666//2666
f 2583//2583 2584//2584 2668//2668
f 2583//2583 2668//2668 2667//2667
f 2584//2584 2585//2585 2669//2669
f 2584//2584 2669//2669 2668//2668
f 2585//2585 2586//2586 2670//2670
f 2585//2585 2670//2670 2669//2669
f 2586//2586 2587//2587 2671//2671
f 2586//2586 2671//2671 2670//2670
f 2587//2587 2588//2588 2672//2672
f 2587//2587 2672//2672 2671//2671
f 2588//2588 2589//2589 2673//2673
f 2588//2588 2673//2673 2672//2672
f 2589//2589 2590//2590 2674//2674
f 2589//2589 2674//2674 2673//2673
f 2590//2590 2591//2591 2675//2675
f 2590//2590 2675//2675 2674//2674
f 2591//2591 2592//2592 2676//2676
f 2591//2591 2676//2676 2675//2675
f 2592//2592 2593//2593 2677//2677
f 2592//2592 2677//2677 2676//2676
f 2593//2593 2594//2594 2678//2678
f 2593//2593 2678//2678 2677//2677
f 2594//2594 2595//2595 2679//2679
f 2594//2594 2679//2679 2678//2678
f 2595//2595 2596//2596 2680//2680
f 2595//2595 2680//2680 2679//2679
f 2596//2596 2597//2597 2681//2681
f 2596//2596 2681//2681 2680//2680
f 2597//2597 2598//2598 2682//2682
f 2597//2597 2682//2682 2681//2681
f 2598//2598 2599//2599 2683//2683
f 2598//2598 2683//2683 2682//2682
f 2599//2599 2600//2600 2684//2684
f 2599//2599 2684//2684 2683//2683
f 2600//2600 2601//2601 2685//2685
f 2600//2600 2685//2685 2684//2684
f 2601//2601 2602//2602 2686//2686
f 2601//2601 2686//2686 2685//2685
f 2602//2602 2603//2603 2687//2687
f 2602//2602 2687//2687 2686//2686
f 2603//2603 2604//2604 2688//2688
f 2603//2603 2688//2688 2687//2687
f 2605//2605 2606//2606 2690//2690
f 2605//2605 2690//2690 2689//2689
f 2606//2606 2607//2607 2691//2691
f 2606//2606 2691//2691 2690//2690
f 2607//2607 2608//2608 2692//2692
f 2607//2607 2692//2692 2691//2691
f 2608//2608 2609//2609 2693//2693
f 2608//2608 2693//2693 2692//2692
f 2609//2609 2610//2610 2694//2694
f 2609//2609 2694//2694 2693//2693
f 2610//2610 2611//2611 2695//2695
f 2610//2610 2695//2695 2694//2694
f 2611//2611 2612//2612 2696//2696
f 2611//2611 2696//2696 2695//2695
f 2612//2612 2613//2613 2697//2697
f 2612//2612 2697//2697 2696//2696
f 2613//2613 2614//2614 2698//2698
f 2613//2613 2698//2698 2697//2697
f 2614//2614 2615//2615 2699//2699
f 2614//2614 2699//2699 2698//2698
f 2615//2615 2616//2616 2700//2700
f 2615//2615 2700//2700 2699//2699
f 2616//2616 2617//2617 2701//2701
f 2616//2616 2701//2701 2700//2700
f 2617//2617 2618//2618 2702//2702
f 2617//2617 2702//2702 2701//2701
f 2618//2618 2619//2619 2703//2703
f 2618//2618 2703//2703 2702//2702
f 2619//2619 2620//2620 2704//2704
f 2619//2619 2704//2704 2703//2703
f 2620//2620 2621//2621 2705//2705
f 2620//2620 2705//2705 2704//2704
f 2621//2621 2622//2622 2706//2706
f 2621//2621 2706//2706 2705//2705
f 2622//2622 2623//2623 2707//2707
f 2622//2622 2707//2707 2706//2706
f 2623//2623 2624//2624 2708//2708
f 2623//2623 2708//2708 2707//2707
f 2624//2624 2625//2625 2709//2709
f 2624//2624 2709//2709 2708//2708
f 2625//2625 2626//2626 2710//2710
f 2625//2625 2710//2710 2709//2709
f 2626//2626 2627//2627 2711//2711
f 2626//2626 2711//2711 2710//2710
f 2627//2627 2628//2628 2712//2712
f 2627//2627 2712//2712 2711//2711
f 2628//2628 2629//2629 2713//2713
f 2628//2628 2713//2713 2712//2712
f 2629//2629 2630//2630 2714//2714
f 2629//2629 2714//2714 2713//2713
f 2630//2630 2631//2631 2715//2715
f 2630//2630 2715//2715 2714//2714
f 2631//2631 2632//2632 2716//2716
f 2631//2631 2716//2716 2715//2715
f 2632//2632 2633//2633 2717//2717
f 2632//2632 2717//2717 2716//2716
f 2633//2633 2634//2634 2718//2718
f 2633//2633 2718//2718 2717//2717
f 2634//2634 2635//2635 2719//2719
f 2634//2634 2719//2719 2718//2718
f 2635//2635 2636//2636 2720//2720
f 2635//2635 2720//2720 2719//2719
f 2636//2636 2637//2637 2721//2721
f 2636//2636 2721//2721 2720//2720
f 2637//2637 2638//2638 2722//2722
f 2637//2637 2722//2722 2721//2721
f 2638//2638 2639//2639 2723//2723
f 2638//2638 2723//2723 2722//2722
f 2639//2639 2640//2640 2724//2724
f 2639//2639 2724//2724 2723//2723
f 2640//2640 2641//2641 2725//2725
f 2640//2640 2725//2725 2724//2724
f 2641//2641 2642//2642 2726//2726
f 2641//2641 2726//2726 2725//2725
f 2642//2642 2643//2643 2727//2727
f 2642//2642 2727//2727 2726//2726
f 2643//2643 2644//2644 2728//2728
f 2643//2643 2728//2728 2727//2727
f 2644//2644 2645//2645 2729//2729
f 2644//2644 2729//2729 2728//2728
f 2645//2645 2646//2646 2730//2730
f 2645//2645 2730//2730 2729//2729
f 2646//2646 2647//2647 2731//2731
f 2646//2646 2731//2731 2730//2730
f 2647//2647 2648//2648 2732//2732
f 2647//2647 2732//2732 2731//2731
f 2648//2648 2649//2649 2733//2733
f 2648//2648 2733//2733 2732//2732
f 2649//2649 2650//2650 2734//2734
f 2649//2649 2734//2734 2733//2733
f 2650//2650 2651//2651 2735//2735
f 2650//2650 2735//2735 2734//2734
f 2651//2651 2652//2652 2736//2736
f 2651//2651 2736//2736 2735//2735
f 2652//2652 2653//2653 2737//2737
f 2652//2652 2737//2737 2736//2736
f 2653//2653 2654//2654 2738//2738
f 2653//2653 2738//2738 2737//2737
f 2654//2654 2655//2655 2739//2739
f 2654//2654 2739//2739 2738//2738
f 2655//2655 2656//2656 2740//2740
f 2655//2655 2740//2740 2739//2739
f 2656//2656 2657//2657 2741//2741
f 2656//2656 2741//2741 2740//2740
f 2657//2657 2658//2658 2742//2742
f 2657//2657 2742//2742 2741//2741
f 2658//2658 2659//2659 2743//2743
f 2658//2658 2743//2743 2742//2742
f 2659//2659 2660//2660 2744//2744
f 2659//2659 2744//2744 2743//2743
f 2660//2660 2661//2661 2745//2745
f 2660//2660 2745//2745 2744//2744
f 2661//2661 2662//2662 2746//2746
f 2661//2661 2746//2746 2745//2745
f 2662//2662 2663//2663 2747//2747
f 2662//2662 2747//2747 2746//2746
f 2663//2663 2664//2664 2748//2748
f 2663//2663 2748//2748 2747//2747
f 2664//2664 2665//2665 2749//2749
f 2664//2664 2749//2749 2748//2748
f 2665//2665 2666//2666 2750//2750
f 2665//2665 2750//2750 2749//2749
f 2666//2666 2667//2667 2751//2751
f 2666//2666 2751//2751 2750//2750
f 2667//2667 2668//2668 2752//2752
f 2667//2667 2752//2752 2751//2751
f 2668//2668 2669//2669 2753//2753
f 2668//2668 2753//2753 2752//2752
f 2669//2669 2670//2670 2754//2754
f 2669//2669 2754//2754 2753//2753
f 2670//2670 2671//2671 2755//2755
f 2670//2670 2755//2755 2754//2754
f 2671//2671 2672//2672 2756//2756
f 2671//2671 2756//2756 2755//2755
f 2672//2672 2673//2673 2757//2757
f 2672//2672 2757//2757 2756//2756
f 2673//2673 2674//2674 2758//2758
f 2673//2673 2758//2758 2757//2757
f 2674//2674 2675//2675 2759//2759
f 2674//2674 2759//2759 2758//2758
f 2675//2675 2676//2676 2760//2760
f 2675//2675 2760//2760 2759//2759
f 2676//2676 2677//2677 2761//2761
f 2676//2676 2761//2761 2760//2760
f 2677//2677 2678//2678 2762//2762
f 2677//2677 2762//2762 2761//2761
f 2678//2678 2679//2679 2763//2763
f 2678//2678 2763//2763 2762//2762
f 2679//2679 2680//2680 2764//2764
f 2679//2679 2764//2764 2763//2763
f 2680//2680 2681//2681 2765//2765
f 2680//2680 2765//2765 2764//2764
f 2681//2681 2682//2682 2766//2766
f 2681//2681 2766//2766 2765//2765
f 2682//2682 2683//2683 2767//2767
f 2682//2682 2767//2767 2766//2766
f 2683//2683 2684//2684 2768//2768
f 2683//2683 2768//2768 2767//2767
f 2684//2684 2685//2685 2769//2769
f 2684//2684 2769//2769 2768//2768
f 2685//2685 2686//2686 2770//2770
f 2685//2685 2770//2770 2769//2769
f 2686//2686 2687//2687 2771//2771
f 2686//2686 2771//2771 2770//2770
f 2687//2687 2688//2688 2772//2772
f 2687//2687 2772//2772 2771//2771
f 2689//2689 2690//2690 2774//2774
f 2689//2689 2774//2774 2773//2773
f 2690//2690 2691//2691 2775//2775
f 2690//2690 2775//2775 2774//2774
f 2691//2691 2692//2692 2776//2776
f 2691//2691 2776//2776 2775//2775
f 2692//2692 2693//2693 2777//2777
f 2692//2692 2777//2777 2776//2776
f 2693//2693 2694//2694 2778//2778
f 2693//2693 2778//2778 2777//2777
f 2694//2694 2695//2695 2779//2779
f 2694//2694 2779//2779 2778//2778
f 2695//2695 2696//2696 2780//2780
f 2695//2695 2780//2780 2779//2779
f 2696//2696 2697//2697 2781//2781
f 2696//2696 2781//2781 2780//2780
f 2697//2697 2698//2698 2782//2782
f 2697//2697 2782//2782 2781//2781
f 2698//2698 2699//2699 2783//2783
f 2698//2698 2783//2783 2782//2782
f 2699//2699 2700//2700 2784//2784
f 2699//2699 2784//2784 2783//2783
f 2700//2700 2701//2701 2785//2785
f 2700//2700 2785//2785 2784//2784
f 2701//2701 2702//2702 2786//2786
f 2701//2701 2786//2786 2785//2785
f 2702//2702 2703//2703 2787//2787
f 2702//2702 2787//2787 2786//2786
f 2703//2703 2704//2704 2788//2788
f 2703//2703 2788//2788 2787//2787
f 2704//2704 2705//2705 2789//2789
f 2704//2704 2789//2789 2788//2788
f 2705//2705 2706//2706 2790//2790
f 2705//2705 2790//2790 2789//2789
f 2706//2706 2707//2707 2791//2791
f 2706//2706 2791//2791 2790//2790
f 2707//2707 2708//2708 2792//2792
f 2707//2707 2792//2792 2791//2791
f 2708//2708 2709//2709 2793//2793
f 2708//2708 2793//2793 2792//2792
f 2709//2709 2710//2710 2794//2794
f 2709//2709 2794//2794 2793//2793
f 2710//2710 2711//2711 2795//2795
f 2710//2710 2795//2795 2794//2794
f 2711//2711 2712//2712 2796//2796
f 2711//2711 2796//2796 2795//2795
f 2712//2712 2713//2713 2797//2797
f 2712//2712 2797//2797 2796//2796
f 2713//2713 2714//2714 2798//2798
f 2713//2713 2798//2798 2797//2797
f 2714//2714 2715//2715 2799//2799
f 2714//2714 2799//2799 2798//2798
f 2715//2715 2716//2716 2800//2800
f 2715//2715 2800//2800 2799//2799
f 2716//2716 2717//2717 2801//2801
f 2716//2716 2801//2801 2800//2800
f 2717//2717 2718//2718 2802//2802
f 2717//2717 2802//2802 2801//2801
f 2718//2718 2719//2719 2803//2803
f 2718//2718 2803//2803 2802//2802
f 2719//2719 2720//2720 2804//2804
f 2719//2719 2804//2804 2803//2803
f 2720//2720 2721//2721 2805//2805
f 2720//2720 2805//2805 2804//2804
f 2721//2721 2722//2722 2806//2806
f 2721//2721 2806//2806 2805//2805
f 2722//2722 2723//2723 2807//2807
f 2722//2722 2807//2807 2806//2806
f 2723//2723 2724//2724 2808//2808
f 2723//2723 2808//2808 2807//2807
f 2724//2724 2725//2725 2809//2809
f 2724//2724 2809//2809 2808//2808
f 2725//2725 2726//2726 2810//2810
f 2725//2725 2810//2810 2809//2809
f 2726//2726 2727//2727 2811//2811
f 2726//2726 2811//2811 2810//2810
f 2727//2727 2728//2728 2812//2812
f 2727//2727 2812//2812 2811//2811
f 2728//2728 2729//2729 2813//2813
f 2728//2728 2813//2813 2812//2812
f 2729//2729 2730//2730 2814//2814
f 2729//2729 2814//2814 2813//2813
f 2730//2730 2731//2731 2815//2815
f 2730//2730 2815//2815 2814//2814
f 2731//2731 2732//2732 2816//2816
f 2731//2731 2816//2816 2815//2815
f 2732//2732 2733//2733 2817//2817
f 2732//2732 2817//2817 2816//2816
f 2733//2733 2734//2734 2818//2818
f 2733//2733 2818//2818 2817//2817
f 2734//2734 2735//2735 2819//2819
f 2734//2734 2819//2819 2818//2818
f 2735//2735 2736//2736 2820//2820
f 2735//2735 2820//2820 2819//2819
f 2736//2736 2737//2737 2821//2821
f 2736//2736 2821//2821 2820//2820
f 2737//2737 2738//2738 2822//2822
f 2737//2737 2822//2822 2821//2821
f 2738//2738 2739//2739 2823//2823
f 2738//2738 2823//2823 2822//2822
f 2739//2739 2740//2740 2824//2824
f 2739//2739 2824//2824 2823//2823
f 2740//2740 2741//2741 2825//2825
f 2740//2740 2825//2825 2824//2824
f 2741//2741 2742//2742 2826//2826
f 2741//2741 2826//2826 2825//2825
f 2742//2742 2743//2743 2827//2827
f 2742//2742 2827//2827 2826//2826
f 2743//2743 2744//2744 2828//2828
f 2743//2743 2828//2828 2827//2827
f 2744//2744 2745//2745 2829//2829
f 2744//2744 2829//2829 2828//2828
f 2745//2745 2746//2746 2830//2830
f 2745//2745 2830//2830 2829//2829
f 2746//2746 2747//2747 2831//2831
f 2746//2746 2831//2831 2830//2830
f 2747//2747 2748//2748 2832//2832
f 2747//2747 2832//2832 2831//2831
f 2748//2748 2749//2749 2833//2833
f 2748//2748 2833//2833 2832//2832
f 2749//2749 2750//2750 2834//2834
f 2749//2749 2834//2834 2833//2833
f 2750//2750 2751//2751 2835//2835
f 2750//2750 2835//2835 2834//2834
f 2751//2751 2752//2752 2836//2836
f 2751//2751 2836//2836 2835//2835
f 2752//2752 2753//2753 2837//2837
f 2752//2752 2837//2837 2836//2836
f 2753//2753 2754//2754 2838//2838
f 2753//2753 2838//2838 2837//2837
f 2754//2754 2755//2755 2839//2839
f 2754//2754 2839//2839 2838//2838
f 2755//2755 2756//2756 2840//2840
f 2755//2755 2840//2840 2839//2839
f 2756//2756 2757//2757 2841//2841
f 2756//2756 2841//2841 2840//2840
f 2757//2757 2758//2758 2842//2842
f 2757//2757 2842//2842 2841//2841
f 2758//2758 2759//2759 2843//2843
f 2758//2758 2843//2843 2842//2842
f 2759//2759 2760//2760 2844//2844
f 2759//2759 2844//2844 2843//2843
f 2760//2760 2761//2761 2845//2845
f 2760//2760 2845//2845 2844//2844
f 2761//2761 2762//2762 2846//2846
f 2761//2761 2846//2846 2845//2845
f 2762//2762 2763//2763 2847//2847
f 2762//2762 2847//2847 2846//2846
f 2763//2763 2764//2764 2848//2848
f 2763//2763 2848//2848 2847//2847
f 2764//2764 2765//2765 2849//2849
f 2764//2764 2849//2849 2848//2848
f 2765//2765 2766//2766 2850//2850
f 2765//2765 2850//2850 2849//2849
f 2766//2766 2767//2767 2851//2851
f 2766//2766 2851//2851 2850//2850
f 2767//2767 2768//2768 2852//2852
f 2767//2767 2852//2852 2851//2851
f 2768//2768 2769//2769 2853//2853
f 2768//2768 2853//2853 2852//2852
f 2769//2769 2770//2770 2854//2854
f 2769//2769 2854//2854 2853//2853
f 2770//2770 2771//2771 2855//2855
f 2770//2770 2855//2855 2854//2854
f 2771//2771 2772//2772 2856//2856
f 2771//2771 2856//2856 2855//2855
f 2773//2773 2774//2774 2858//2858
f 2773//2773 2858//2858 2857//2857
f 2774//2774 2775//2775 2859//2859
f 2774//2774 2859//2859 2858//2858
f 2775//2775 2776//2776 2860//2860
f 2775//2775 2860//2860 2859//2859
f 2776//2776 2777//2777 2861//2861
f 2776//2776 2861//2861 2860//2860
f 2777//2777 2778//2778 2862//2862
f 2777//2777 2862//2862 2861//2861
f 2778//2778 2779//2779 2863//2863
f 2778//2778 2863//2863 2862//2862
f 2779//2779 2780//2780 2864//2864
f 2779//2779 2864//2864 2863//2863
f 2780//2780 2781//2781 2865//2865
f 2780//2780 2865//2865 2864//2864
f 2781//2781 2782//2782 2866//2866
f 2781//2781 2866//2866 2865//2865
f 2782//2782 2783//2783 2867//2867
f 2782//2782 2867//2867 2866//2866
f 2783//2783 2784//2784 2868//2868
f 2783//2783 2868//2868 2867//2867
f 2784//2784 2785//2785 2869//2869
f 2784//2784 2869//2869 2868//2868
f 2785//2785 2786//2786 2870//2870
f 2785//2785 2870//2870 2869//2869
f 2786//2786 2787//2787 2871//2871
f 2786//2786 2871//2871 2870//2870
f 2787//2787 2788//2788 2872//2872
f 2787//2787 2872//2872 2871//2871
f 2788//2788 2789//2789 2873//2873
f 2788//2788 2873//2873 2872//2872
f 2789//2789 2790//2790 2874//2874
f 2789//2789 2874//2874 2873//2873
f 2790//2790 2791//2791 2875//2875
f 2790//2790 2875//2875 2874//2874
f 2791//2791 2792//2792 2876//2876
f 2791//2791 2876//2876 2875//2875
f 2792//2792 2793//2793 2877//2877
f 2792//2792 2877//2877 2876//2876
f 2793//2793 2794//2794 2878//2878
f 2793//2793 2878//2878 2877//2877
f 2794//2794 2795//2795 2879//2879
f 2794//2794 2879//2879 2878//2878
f 2795//2795 2796//2796 2880//2880
f 2795//2795 2880//2880 2879//2879
f 2796//2796 2797//2797 2881//2881
f 2796//2796 2881//2881 2880//2880
f 2797//2797 2798//2798 2882//2882
f 2797//2797 2882//2882 2881//2881
f 2798//2798 2799//2799 2883//2883
f 2798//2798 2883//2883 2882//2882
f 2799//2799 2800//2800 2884//2884
f 2799//2799 2884//2884 2883//2883
f 2800//2800 2801//2801 2885//2885
f 2800//2800 2885//2885 2884//2884
f 2801//2801 2802//2802 2886//2886
f 2801//2801 2886//2886 2885//2885
f 2802//2802 2803//2803 2887//2887
f 2802//2802 2887//2887 2886//2886
f 2803//2803 2804//2804 2888//2888
f 2803//2803 2888//2888 2887//2887
f 2804//2804 2805//2805 2889//2889
f 2804//2804 2889//2889 2888//2888
f 2805//2805 2806//2806 2890//2890
f 2805//2805 2890//2890 2889//2889
f 2806//2806 2807//2807 2891//2891
f 2806//2806 2891//2891 2890//2890
f 2807//2807 2808//2808 2892//2892
f 2807//2807 2892//2892 2891//2891
f 2808//2808 2809//2809 2893//2893
f 2808//2808 2893//2893 2892//2892
f 2809//2809 2810//2810 2894//2894
f 2809//2809 2894//2894 2893//2893
f 2810//2810 2811//2811 2895//2895
f 2810//2810 2895//2895 2894//2894
f 2811//2811 2812//2812 2896//2896
f 2811//2811 2896//2896 2895//2895
f 2812//2812 2813//2813 2897//2897
f 2812//2812 2897//2897 2896//2896
f 2813//2813 2814//2814 2898//2898
f 2813//2813 2898//2898 2897//2897
f 2814//2814 2815//2815 2899//2899
f 2814//2814 2899//2899 2898//2898
f 2815//2815 2816//2816 2900//2900
f 2815//2815 2900//2900 2899//2899
f 2816//2816 2817//2817 2901//2901
f 2816//2816 2901//2901 2900//2900
f 2817//2817 2818//2818 2902//2902
f 2817//2817 2902//2902 2901//2901
f 2818//2818 2819//2819 2903//2903
f 2818//2818 2903//2903 2902//2902
f 2819//2819 2820//2820 2904//2904
f 2819//2819 2904//2904 2903//2903
f 2820//2820 2821//2821 2905//2905
f 2820//2820 2905//2905 2904//2904
f 2821//2821 2822//2822 2906//2906
f 2821//2821 2906//2906 2905//2905
f 2822//2822 2823//2823 2907//2907
f 2822//2822 2907//2907 2906//2906
f 2823//2823 2824//2824 2908//2908
f 2823//2823 2908//2908 2907//2907
f 2824//2824 2825//2825 2909//2909
f 2824//2824 2909//2909 2908//2908
f 2825//2825 2826//2826 2910//2910
f 2825//2825 2910//2910 2909//2909
f 2826//2826 2827//2827 2911//2911
f 2826//2826 2911//2911 2910//2910
f 2827//2827 2828//2828 2912//2912
f 2827//2827 2912//2912 2911//2911
f 2828//2828 2829//2829 2913//2913
f 2828//2828 2913//2913 2912//2912
f 2829//2829 2830//2830 2914//2914
f 2829//2829 2914//2914 2913//2913
f 2830//2830 2831//2831 2915//2915
f 2830//2830 2915//2915 2914//2914
f 2831//2831 2832//2832 2916//2916
f 2831//2831 2916//2916 2915//2915
f 2832//2832 2833//2833 2917//2917
f 2832//2832 2917//2917 2916//2916
f 2833//2833 2834//2834 2918//2918
f 2833//2833 2918//2918 2917//2917
f 2834//2834 2835//2835 2919//2919
f 2834//2834 2919//2919 2918//2918
f 2835//2835 2836//2836 2920//2920
f 2835//2835 2920//2920 2919//2919
f 2836//2836 2837//2837 2921//2921
f 2836//2836 2921//2921 2920//2920
f 2837//2837 2838//2838 2922//2922
f 2837//2837 2922//2922 2921//2921
f 2838//2838 2839//2839 2923//2923
f 2838//2838 2923//2923 2922//2922
f 2839//2839 2840//2840 2924//2924
f 2839//2839 2924//2924 2923//2923
f 2840//2840 2841//2841 2925//2925
f 2840//2840 2925//2925 2924//2924
f 2841//2841 2842//2842 2926//2926
f 2841//2841 2926//2926 2925//2925
f 2842//2842 2843//2843 2927//2927
f 2842//2842 2927//2927 2926//2926
f 2843//2843 2844//2844 2928//2928
f 2843//2843 2928//2928 2927//2927
f 2844//2844 2845//2845 2929//2929
f 2844//2844 2929//2929 2928//2928
f 2845//2845 2846//2846 2930//2930
f 2845//2845 2930//2930 2929//2929
f 2846//2846 2847//2847 2931//2931
f 2846//2846 2931//2931 2930//2930
f 2847//2847 2848//2848 2932//2932
f 2847//2847 2932//2932 2931//2931
f 2848//2848 2849//2849 2933//2933
f 2848//2848 2933//2933 2932//2932
f 2849//2849 2850//2850 2934//2934
f 2849//2849 2934//2934 2933//2933
f 2850//2850 2851//2851 2935//2935
f 2850//2850 2935//2935 2934//2934
f 2851//2851 2852//2852 2936//2936
f 2851//2851 2936//2936 2935//2935
f 2852//2852 2853//2853 2937//2937
f 2852//2852 2937//2937 2936//2936
f 2853//2853 2854//2854 2938//2938
f 2853//2853 2938//2938 2937//2937
f 2854//2854 2855//2855 2939//2939
f 2854//2854 2939//2939 2938//2938
f 2855//2855 2856//2856 2940//2940
f 2855//2855 2940//2940 2939//2939
f 2857//2857 2858//2858 2942//2942
f 2857//2857 2942//2942 2941//2941
f 2858//2858 2859//2859 2943//2943
f 2858//2858 2943//2943 2942//2942
f 2859//2859 2860//2860 2944//2944
f 2859//2859 2944//2944 2943//2943
f 2860//2860 2861//2861 2945//2945
f 2860//2860 2945//2945 2944//2944
f 2861//2861 2862//2862 2946//2946
f 2861//2861 2946//2946 2945//2945
f 2862//2862 2863//2863 2947//2947
f 2862//2862 2947//2947 2946//2946
f 2863//2863 2864//2864 2948//2948
f 2863//2863 2948//2948 2947//2947
f 2864//2864 2865//2865 2949//2949
f 2864//2864 2949//2949 2948//2948
f 2865//2865 2866//2866 2950//2950
f 2865//2865 2950//2950 2949//2949
f 2866//2866 2867//2867 2951//2951
f 2866//2866 2951//2951 2950//2950
f 2867//2867 2868//2868 2952//2952
f 2867//2867 2952//2952 2951//2951
f 2868//2868 2869//2869 2953//2953
f 2868//2868 2953//2953 2952//2952
f 2869//2869 2870//2870 2954//2954
f 2869//2869 2954//2954 2953//2953
f 2870//2870 2871//2871 2955//2955
f 2870//2870 2955//2955 2954//2954
f 2871//2871 2872//2872 2956//2956
f 2871//2871 2956//2956 2955//2955
f 2872//2872 2873//2873 2957//2957
f 2872//2872 2957//2957 2956//2956
f 2873//2873 2874//2874 2958//2958
f 2873//2873 2958//2958 2957//2957
f 2874//2874 2875//2875 2959//2959
f 2874//2874 2959//2959 2958//2958
f 2875//2875 2876//2876 2960//2960
f 2875//2875 2960//2960 2959//2959
f 2876//2876 2877//2877 2961//2961
f 2876//2876 2961//2961 2960//2960
f 2877//2877 2878//2878 2962//2962
f 2877//2877 2962//2962 2961//2961
f 2878//2878 2879//2879 2963//2963
f 2878//2878 2963//2963 2962//2962
f 2879//2879 2880//2880 2964//2964
f 2879//2879 2964//2964 2963//2963
f 2880//2880 2881//2881 2965//2965
f 2880//2880 2965//2965 2964//2964
f 2881//2881 2882//2882 2966//2966
f 2881//2881 2966//2966 2965//2965
f 2882//2882 2883//2883 2967//2967
f 2882//2882 2967//2967 2966//2966
f 2883//2883 2884//2884 2968//2968
f 2883//2883 2968//2968 2967//2967
f 2884//2884 2885//2885 2969//2969
f 2884//2884 2969//2969 2968//2968
f 2885//2885 2886//2886 2970//2970
f 2885//2885 2970//2970 2969//2969
f 2886//2886 2887//2887 2971//2971
f 2886//2886 2971//2971 2970//2970
f 2887//2887 2888//2888 2972//2972
f 2887//2887 2972//2972 2971//2971
f 2888//2888 2889//2889 2973//2973
f 2888//2888 2973//2973 2972//2972
f 2889//2889 2890//2890 2974//2974
f 2889//2889 2974//2974 2973//2973
f 2890//2890 2891//2891 2975//2975
f 2890//2890 2975//2975 2974//2974
f 2891//2891 2892//2892 2976//2976
f 2891//2891 2976//2976 2975//2975
f 2892//2892 2893//2893 2977//2977
f 2892//2892 2977//2977 2976//2976
f 2893//2893 2894//2894 2978//2978
f 2893//2893 2978//2978 2977//2977
f 2894//2894 2895//2895 2979//2979
f 2894//2894 2979//2979 2978//2978
f 2895//2895 2896//2896 2980//2980
f 2895//2895 2980//2980 2979//2979
f 2896//2896 2897//2897 2981//2981
f 2896//2896 2981//2981 2980//2980
f 2897//2897 2898//2898 2982//2982
f 2897//2897 2982//2982 2981//2981
f 2898//2898 2899//2899 2983//2983
f 2898//2898 2983//2983 2982//2982
f 2899//2899 2900//2900 2984//2984
f 2899//2899 2984//2984 2983//2983
f 2900//2900 2901//2901 2985//2985
f 2900//2900 2985//2985 2984//2984
f 2901//2901 2902//2902 2986//2986
f 2901//2901 2986//2986 2985//2985
f 2902//2902 2903//2903 2987//2987
f 2902//2902 2987//2987 2986//2986
f 2903//2903 2904//2904 2988//2988
f 2903//2903 2988//2988 2987//2987
f 2904//2904 2905//2905 2989//2989
f 2904//2904 2989//2989 2988//2988
f 2905//2905 2906//2906 2990//2990
f 2905//2905 2990//2990 2989//2989
f 2906//2906 2907//2907 2991//2991
f 2906//2906 2991//2991 2990//2990
f 2907//2907 2908//2908 2992//2992
f 2907//2907 2992//2992 2991//2991
f 2908//2908 2909//2909 2993//2993
f 2908//2908 2993//2993 2992//2992
f 2909//2909 2910//2910 2994//2994
f 2909//2909 2994//2994 2993//2993
f 2910//2910 2911//2911 2995//2995
f 2910//2910 2995//2995 2994//2994
f 2911//2911 2912//2912 2996//2996
f 2911//2911 2996//2996 2995//2995
f 2912//2912 2913//2913 2997//2997
f 2912//2912 2997//2997 2996//2996
f 2913//2913 2914//2914 2998//2998
f 2913//2913 2998//2998 2997//2997
f 2914//2914 2915//2915 2999//2999
f 2914//2914 2999//2999 2998//2998
f 2915//2915 2916//2916 3000//3000
f 2915//2915 3000//3000 2999//2999
f 2916//2916 2917//2917 3001//3001
f 2916//2916 3001//3001 3000//3000
f 2917//2917 2918//2918 3002//3002
f 2917//2917 3002//3002 3001//3001
f 2918//2918 2919//2919 3003//3003
f 2918//2918 3003//3003 3002//3002
f 2919//2919 2920//2920 3004//3004
f 2919//2919 3004//3004 3003//3003
f 2920//2920 2921//2921 3005//3005
f 2920//2920 3005//3005 3004//3004
f 2921//2921 2922//2922 3006//3006
f 2921//2921 3006//3006 3005//3005
f 2922//2922 2923//2923 3007//3007
f 2922//2922 3007//3007 3006//3006
f 2923//2923 2924//2924 3008//3008
f 2923//2923 3008//3008 3007//3007
f 2924//2924 2925//2925 3009//3009
f 2924//2924 3009//3009 3008//3008
f 2925//2925 2926//2926 3010//3010
f 2925//2925 3010//3010 3009//3009
f 2926//2926 2927//2927 3011//3011
f 2926//2926 3011//3011 3010//3010
f 2927//2927 2928//2928 3012//3012
f 2927//2927 3012//3012 3011//3011
f 2928//2928 2929//2929 3013//3013
f 2928//2928 3013//3013 3012//3012
f 2929//2929 2930//2930 3014//3014
f 2929//2929 3014//3014 3013//3013
f 2930//2930 2931//2931 3015//3015
f 2930//2930 3015//3015 3014//3014
f 2931//2931 2932//2932 3016//3016
f 2931//2931 3016//3016 3015//3015
f 2932//2932 2933//2933 3017//3017
f 2932//2932 3017//3017 3016//3016
f 2933//2933 2934//2934 3018//3018
f 2933//2933 3018//3018 3017//3017
f 2934//2934 2935//2935 3019//3019
f 2934//2934 3019//3019 3018//3018
f 2935//2935 2936//2936 3020//3020
f 2935//2935 3020//3020 3019//3019
f 2936//2936 2937//2937 3021//3021
f 2936//2936 3021//3021 3020//3020
f 2937//2937 2938//2938 3022//3022
f 2937//2937 3022//3022 3021//3021
f 2938//2938 2939//2939 3023//3023
f 2938//2938 3023//3023 3022//3022
f 2939//2939 2940//2940 3024//3024
f 2939//2939 3024//3024 3023//3023
f 2941//2941 2942//2942 3026//3026
f 2941//2941 3026//3026 3025//3025
f 2942//2942 2943//2943 3027//3027
f 2942//2942 3027//3027 3026//3026
f 2943//2943 2944//2944 3028//3028
f 2943//2943 3028//3028 3027//3027
f 2944//2944 2945//2945 3029//3029
f 2944//2944 3029//3029 3028//3028
f 2945//2945 2946//2946 3030//3030
f 2945//2945 3030//3030 3029//3029
f 2946//2946 2947//2947 3031//3031
f 2946//2946 3031//3031 3030//3030
f 2947//2947 2948//2948 3032//3032
f 2947//2947 3032//3032 3031//3031
f 2948//2948 2949//2949 3033//3033
f 2948//2948 3033//3033 3032//3032
f 2949//2949 2950//2950 3034//3034
f 2949//2949 3034//3034 3033//3033
f 2950//2950 2951//2951 3035//3035
f 2950//2950 3035//3035 3034//3034
f 2951//2951 2952//2952 3036//3036
f 2951//2951 3036//3036 3035//3035
f 2952//2952 2953//2953 3037//3037
f 2952//2952 3037//3037 3036//3036
f 2953//2953 2954//2954 3038//3038
f 2953//2953 3038//3038 3037//3037
f 2954//2954 2955//2955 3039//3039
f 2954//2954 3039//3039 3038//3038
f 2955//2955 2956//2956 3040//3040
f 2955//2955 3040//3040 3039//3039
f 2956//2956 2957//2957 3041//3041
f 2956//2956 3041//3041 3040//3040
f 2957//2957 2958//2958 3042//3042
f 2957//2957 3042//3042 3041//3041
f 2958//2958 2959//2959 3043//3043
f 2958//2958 3043//3043 3042//3042
f 2959//2959 2960//2960 3044//3044
f 2959//2959 3044//3044 3043//3043
f 2960//2960 2961//2961 3045//3045
f 2960//2960 3045//3045 3044//3044
f 2961//2961 2962//2962 3046//3046
f 2961//2961 3046//3046 3045//3045
f 2962//2962 2963//2963 3047//3047
f 2962//2962 3047//3047 3046//3046
f 2963//2963 2964//2964 3048//3048
f 2963//2963 3048//3048 3047//3047
f 2964//2964 2965//2965 3049//3049
f 2964//2964 3049//3049 3048//3048
f 2965//2965 2966//2966 3050//3050
f 2965//2965 3050//3050 3049//3049
f 2966//2966 2967//2967 3051//3051
f 2966//2966 3051//3051 3050//3050
f 2967//2967 2968//2968 3052//3052
f 2967//2967 3052//3052 3051//3051
f 2968//2968 2969//2969 3053//3053
f 2968//2968 3053//3053 3052//3052
f 2969//2969 2970//2970 3054//3054
f 2969//2969 3054//3054 3053//3053
f 2970//2970 2971//2971 3055//3055
f 2970//2970 3055//3055 3054//3054
f 2971//2971 2972//2972 3056//3056
f 2971//2971 3056//3056 3055//3055
f 2972//2972 2973//2973 3057//3057
f 2972//2972 3057//3057 3056//3056
f 2973//2973 2974//2974 3058//3058
f 2973//2973 3058//3058 3057//3057
f 2974//2974 2975//2975 3059//3059
f 2974//2974 3059//3059 3058//3058
f 2975//2975 2976//2976 3060//3060
f 2975//2975 3060//3060 3059//3059
f 2976//2976 2977//2977 3061//3061
f 2976//2976 3061//3061 3060//3060
f 2977//2977 2978//2978 3062//3062
f 2977//2977 3062//3062 3061//3061
f 2978//2978 2979//2979 3063//3063
f 2978//2978 3063//3063 3062//3062
f 2979//2979 2980//2980 3064//3064
f 2979//2979 3064//3064 3063//3063
f 2980//2980 2981//2981 3065//3065
f 2980//2980 3065//3065 3064//3064
f 2981//2981 2982//2982 3066//3066
f 2981//2981 3066//3066 3065//3065
f 2982//2982 2983//2983 3067//3067
f 2982//2982 3067//3067 3066//3066
f 2983//2983 2984//2984 3068//3068
f 2983//2983 3068//3068 3067//3067
f 2984//2984 2985//2985 3069//3069
f 2984//2984 3069//3069 3068//3068
f 2985//2985 2986//2986 3070//3070
f 2985//2985 3070//3070 3069//3069
f 2986//2986 2987//2987 3071//3071
f 2986//2986 3071//3071 3070//3070
f 2987//2987 2988//2988 3072//3072
f 2987//2987 3072//3072 3071//3071
f 2988//2988 2989//2989 3073//3073
f 2988//2988 3073//3073 3072//3072
f 2989//2989 2990//2990 3074//3074
f 2989//2989 3074//3074 3073//3073
f 2990//2990 2991//2991 3075//3075
f 2990//2990 3075//3075 3074//3074
f 2991//2991 2992//2992 3076//3076
f 2991//2991 3076//3076 3075//3075
f 2992//2992 2993//2993 3077//3077
f 2992//2992 3077//3077 3076//3076
f 2993//2993 2994//2994 3078//3078
f 2993//2993 3078//3078 3077//3077
f 2994//2994 2995//2995 3079//3079
f 2994//2994 3079//3079 3078//3078
f 2995//2995 2996//2996 3080//3080
f 2995//2995 3080//3080 3079//3079
f 2996//2996 2997//2997 3081//3081
f 2996//2996 3081//3081 3080//3080
f 2997//2997 2998//2998 3082//3082
f 2997//2997 3082//3082 3081//3081
f 2998//2998 2999//2999 3083//3083
f 2998//2998 3083//3083 3082//3082
f 2999//2999 3000//3000 3084//3084
f 2999//2999 3084//3084 3083//3083
f 3000//3000 3001//3001 3085//3085
f 3000//3000 3085//3085 3084//3084
f 3001//3001 3002//3002 3086//3086
f 3001//3001 3086//3086 3085//3085
f 3002//3002 3003//3003 3087//3087
f 3002//3002 3087//3087 3086//3086
f 3003//3003 3004//3004 3088//3088
f 3003//3003 3088//3088 3087//3087
f 3004//3004 3005//3005 3089//3089
f 3004//3004 3089//3089 3088//3088
f 3005//3005 3006//3006 3090//3090
f 3005//3005 3090//3090 3089//3089
f 3006//3006 3007//3007 3091//3091
f 3006//3006 3091//3091 3090//3090
f 3007//3007 3008//3008 3092//3092
f 3007//3007 3092//3092 3091//3091
f 3008//3008 3009//3009 3093//3093
f 3008//3008 3093//3093 3092//3092
f 3009//3009 3010//3010 3094//3094
f 3009//3009 3094//3094 3093//3093
f 3010//3010 3011//3011 3095//3095
f 3010//3010 3095//3095 3094//3094
f 3011//3011 3012//3012 3096//3096
f 3011//3011 3096//3096 3095//3095
f 3012//3012 3013//3013 3097//3097
f 3012//3012 3097//3097 3096//3096
f 3013//3013 3014//3014 3098//3098
f 3013//3013 3098//3098 3097//3097
f 3014//3014 3015//3015 3099//3099
f 3014//3014 3099//3099 3098//3098
f 3015//3015 3016//3016 3100//3100
f 3015//3015 3100//3100 3099//3099
f 3016//3016 3017//3017 3101//3101
f 3016//3016 3101//3101 3100//3100
f 3017//3017 3018//3018 3102//3102
f 3017//3017 3102//3102 3101//3101
f 3018//3018 3019//3019 3103//3103
f 3018//3018 3103//3103 3102//3102
f 3019//3019 3020//3020 3104//3104
f 3019//3019 3104//3104 3103//3103
f 3020//3020 3021//3021 3105//3105
f 3020//3020 3105//3105 3104//3104
f 3021//3021 3022//3022 3106//3106
f 3021//3021 3106//3106 3105//3105
f 3022//3022 3023//3023 3107//3107
f 3022//3022 3107//3107 3106//3106
f 3023//3023 3024//3024 3108//3108
f 3023//3023 3108//3108 3107//3107
f 3025//3025 3026//3026 3110//3110
f 3025//3025 3110//3110 3109//3109
f 3026//3026 3027//3027 3111//3111
f 3026//3026 3111//3111 3110//3110
f 3027//3027 3028//3028 3112//3112
f 3027//3027 3112//3112 3111//3111
f 3028//3028 3029//3029 3113//3113
f 3028//3028 3113//3113 3112//3112
f 3029//3029 3030//3030 3114//3114
f 3029//3029 3114//3114 3113//3113
f 3030//3030 3031//3031 3115//3115
f 3030//3030 3115//3115 3114//3114
f 3031//3031 3032//3032 3116//3116
f 3031//3031 3116//3116 3115//3115
f 3032//3032 3033//3033 3117//3117
f 3032//3032 3117//3117 3116//3116
f 3033//3033 3034//3034 3118//3118
f 3033//3033 3118//3118 3117//3117
f 3034//3034 3035//3035 3119//3119
f 3034//3034 3119//3119 3118//3118
f 3035//3035 3036//3036 3120//3120
f 3035//3035 3120//3120 3119//3119
f 3036//3036 3037//3037 3121//3121
f 3036//3036 3121//3121 3120//3120
f 3037//3037 3038//3038 3122//3122
f 3037//3037 3122//3122 3121//3121
f 3038//3038 3039//3039 3123//3123
f 3038//3038 3123//3123 3122//3122
f 3039//3039 3040//3040 3124//3124
f 3039//3039 3124//3124 3123//3123
f 3040//3040 3041//3041 3125//3125
f 3040//3040 3125//3125 3124//3124
f 3041//3041 3042//3042 3126//3126
f 3041//3041 3126//3126 3125//3125
f 3042//3042 3043//3043 3127//3127
f 3042//3042 3127//3127 3126//3126
f 3043//3043 3044//3044 3128//3128
f 3043//3043 3128//3128 3127//3127
f 3044//3044 3045//3045 3129//3129
f 3044//3044 3129//3129 3128//3128
f 3045//3045 3046//3046 3130//3130
f 3045//3045 3130//3130 3129//3129
f 3046//3046 3047//3047 3131//3131
f 3046//3046 3131//3131 3130//3130
f 3047//3047 3048//3048 3132//3132
f 3047//3047 3132//3132 3131//3131
f 3048//3048 3049//3049 3133//3133
f 3048//3048 3133//3133 3132//3132
f 3049//3049 3050//3050 3134//3134
f 3049//3049 3134//3134 3133//3133
f 3050//3050 3051//3051 3135//3135
f 3050//3050 3135//3135 3134//3134
f 3051//3051 3052//3052 3136//3136
f 3051//3051 3136//3136 3135//3135
f 3052//3052 3053//3053 3137//3137
f 3052//3052 3137//3137 3136//3136
f 3053//3053 3054//3054 3138//3138
f 3053//3053 3138//3138 3137//3137
f 3054//3054 3055//3055 3139//3139
f 3054//3054 3139//3139 3138//3138
f 3055//3055 3056//3056 3140//3140
f 3055//3055 3140//3140 3139//3139
f 3056//3056 3057//3057 3141//3141
f 3056//3056 3141//3141 3140//3140
f 3057//3057 3058//3058 3142//3142
f 3057//3057 3142//3142 3141//3141
f 3058//3058 3059//3059 3143//3143
f 3058//3058 3143//3143 3142//3142
f 3059//3059 3060//3060 3144//3144
f 3059//3059 3144//3144 3143//3143
f 3060//3060 3061//3061 3145//3145
f 3060//3060 3145//3145 3144//3144
f 3061//3061 3062//3062 3146//3146
f 3061//3061 3146//3146 3145//3145
f 3062//3062 3063//3063 3147//3147
f 3062//3062 3147//3147 3146//3146
f 3063//3063 3064//3064 3148//3148
f 3063//3063 3148//3148 3147//3147
f 3064//3064 3065//3065 3149//3149
f 3064//3064 3149//3149 3148//3148
f 3065//3065 3066//3066 3150//3150
f 3065//3065 3150//3150 3149//3149
f 3066//3066 3067//3067 3151//3151
f 3066//3066 3151//3151 3150//3150
f 3067//3067 3068//3068 3152//3152
f 3067//3067 3152//3152 3151//3151
f 3068//3068 3069//3069 3153//3153
f 3068//3068 3153//3153 3152//3152
f 3069//3069 3070//3070 3154//3154
f 3069//3069 3154//3154 3153//3153
f 3070//3070 3071//3071 3155//3155
f 3070//3070 3155//3155 3154//3154
f 3071//3071 3072//3072 3156//3156
f 3071//3071 3156//3156 3155//3155
f 3072//3072 3073//3073 3157//3157
f 3072//3072 3157//3157 3156//3156
f 3073//3073 3074//3074 3158//3158
f 3073//3073 3158//3158 3157//3157
f 3074//3074 3075//3075 3159//3159
f 3074//3074 3159//3159 3158//3158
f 3075//3075 3076//3076 3160//3160
f 3075//3075 3160//3160 3159//3159
f 3076//3076 3077//3077 3161//3161
f 3076//3076 3161//3161 3160//3160
f 3077//3077 3078//3078 3162//3162
f 3077//3077 3162//3162 3161//3161
f 3078//3078 3079//3079 3163//3163
f 3078//3078 3163//3163 3162//3162
f 3079//3079 3080//3080 3164//3164
f 3079//3079 3164//3164 3163//3163
f 3080//3080 3081//3081 3165//3165
f 3080//3080 3165//3165 3164//3164
f 3081//3081 3082//3082 3166//3166
f 3081//3081 3166//3166 3165//3165
f 3082//3082 3083//3083 3167//3167
f 3082//3082 3167//3167 3166//3166
f 3083//3083 3084//3084 3168//3168
f 3083//3083 3168//3168 3167//3167
f 3084//3084 3085//3085 3169//3169
f 3084//3084 3169//3169 3168//3168
f 3085//3085 3086//3086 3170//3170
f 3085//3085 3170//3170 3169//3169
f 3086//3086 3087//3087 3171//3171
f 3086//3086 3171//3171 3170//3170
f 3087//3087 3088//3088 3172//3172
f 3087//3087 3172//3172 3171//3171
f 3088//3088 3089//3089 3173//3173
f 3088//3088 3173//3173 3172//3172
f 3089//3089 3090//3090 3174//3174
f 3089//3089 3174//3174 3173//3173
f 3090//3090 3091//3091 3175//3175
f 3090//3090 3175//3175 3174//3174
f 3091//3091 3092//3092 3176//3176
f 3091//3091 3176//3176 3175//3175
f 3092//3092 3093//3093 3177//3177
f 3092//3092 3177//3177 3176//3176
f 3093//3093 3094//3094 3178//3178
f 3093//3093 3178//3178 3177//3177
f 3094//3094 3095//3095 3179//3179
f 3094//3094 3179//3179 3178//3178
f 3095//3095 3096//3096 3180//3180
f 3095//3095 3180//3180 3179//3179
f 3096//3096 3097//3097 3181//3181
f 3096//3096 3181//3181 3180//3180
f 3097//3097 3098//3098 3182//3182
f 3097//3097 3182//3182 3181//3181
f 3098//3098 3099//3099 3183//3183
f 3098//3098 3183//3183 3182//3182
f 3099//3099 3100//3100 3184//3184
f 3099//3099 3184//3184 3183//3183
f 3100//3100 3101//3101 3185//3185
f 3100//3100 3185//3185 3184//3184
f 3101//3101 3102//3102 3186//3186
f 3101//3101 3186//3186 3185//3185
f 3102//3102 3103//3103 3187//3187
f 3102//3102 3187//3187 3186//3186
f 3103//3103 3104//3104 3188//3188
f 3103//3103 3188//3188 3187//3187
f 3104//3104 3105//3105 3189//3189
f 3104//3104 3189//3189 3188//3188
f 3105//3105 3106//3106 3190//3190
f 3105//3105 3190//3190 3189//3189
f 3106//3106 3107//3107 3191//3191
f 3106//3106 3191//3191 3190//3190
f 3107//3107 3108//3108 3192//3192
f 3107//3107 3192//3192 3191//3191
f 3109//3109 3110//3110 3194//3194
f 3109//3109 3194//3194 3193//3193
f 3110//3110 3111//3111 3195//3195
f 3110//3110 3195//3195 3194//3194
f 3111//3111 3112//3112 3196//3196
f 3111//3111 3196//3196 3195//3195
f 3112//3112 3113//3113 3197//3197
f 3112//3112 3197//3197 3196//3196
f 3113//3113 3114//3114 3198//3198
f 3113//3113 3198//3198 3197//3197
f 3114//3114 3115//3115 3199//3199
f 3114//3114 3199//3199 3198//3198
f 3115//3115 3116//3116 3200//3200
f 3115//3115 3200//3200 3199//3199
f 3116//3116 3117//3117 3201//3201
f 3116//3116 3201//3201 3200//3200
f 3117//3117 3118//3118 3202//3202
f 3117//3117 3202//3202 3201//3201
f 3118//3118 3119//3119 3203//3203
f 3118//3118 3203//3203 3202//3202
f 3119//3119 3120//3120 3204//3204
f 3119//3119 3204//3204 3203//3203
f 3120//3120 3121//3121 3205//3205
f 3120//3120 3205//3205 3204//3204
f 3121//3121 3122//3122 3206//3206
f 3121//3121 3206//3206 3205//3205
f 3122//3122 3123//3123 3207//3207
f 3122//3122 3207//3207 3206//3206
f 3123//3123 3124//3124 3208//3208
f 3123//3123 3208//3208 3207//3207
f 3124//3124 3125//3125 3209//3209
f 3124//3124 3209//3209 3208//3208
f 3125//3125 3126//3126 3210//3210
f 3125//3125 3210//3210 3209//3209
f 3126//3126 3127//3127 3211//3211
f 3126//3126 3211//3211 3210//3210
f 3127//3127 3128//3128 3212//3212
f 3127//3127 3212//3212 3211//3211
f 3128//3128 3129//3129 3213//3213
f 3128//3128 3213//3213 3212//3212
f 3129//3129 3130//3130 3214//3214
f 3129//3129 3214//3214 3213//3213
f 3130//3130 3131//3131 3215//3215
f 3130//3130 3215//3215 3214//3214
f 3131//3131 3132//3132 3216//3216
f 3131//3131 3216//3216 3215//3215
f 3132//3132 3133//3133 3217//3217
f 3132//3132 3217//3217 3216//3216
f 3133//3133 3134//3134 3218//3218
f 3133//3133 3218//3218 3217//3217
f 3134//3134 3135//3135 3219//3219
f 3134//3134 3219//3219 3218//3218
f 3135//3135 3136//3136 3220//3220
f 3135//3135 3220//3220 3219//3219
f 3136//3136 3137//3137 3221//3221
f 3136//3136 3221//3221 3220//3220
f 3137//3137 3138//3138 3222//3222
f 3137//3137 3222//3222 3221//3221
f 3138//3138 3139//3139 3223//3223
f 3138//3138 3223//3223 3222//3222
f 3139//3139 3140//3140 3224//3224
f 3139//3139 3224//3224 3223//3223
f 3140//3140 3141//3141 3225//3225
f 3140//3140 3225//3225 3224//3224
f 3141//3141 3142//3142 3226//3226
f 3141//3141 3226//3226 3225//3225
f 3142//3142 3143//3143 3227//3227
f 3142//3142 3227//3227 3226//3226
f 3143//3143 3144//3144 3228//3228
f 3143//3143 3228//3228 3227//3227
f 3144//3144 3145//3145 3229//3229
f 3144//3144 3229//3229 3228//3228
f 3145//3145 3146//3146 3230//3230
f 3145//3145 3230//3230 3229//3229
f 3146//3146 3147//3147 3231//3231
f 3146//3146 3231//3231 3230//3230
f 3147//3147 3148//3148 3232//3232
f 3147//3147 3232//3232 3231//3231
f 3148//3148 3149//3149 3233//3233
f 3148//3148 3233//3233 3232//3232
f 3149//3149 3150//3150 3234//3234
f 3149//3149 3234//3234 3233//3233
f 3150//3150 3151//3151 3235//3235
f 3150//3150 3235//3235 3234//3234
f 3151//3151 3152//3152 3236//3236
f 3151//3151 3236//3236 3235//3235
f 3152//3152 3153//3153 3237//3237
f 3152//3152 3237//3237 3236//3236
f 3153//3153 3154//3154 3238//3238
f 3153//3153 3238//3238 3237//3237
f 3154//3154 3155//3155 3239//3239
f 3154//3154 3239//3239 3238//3238
f 3155//3155 3156//3156 3240//3240
f 3155//3155 3240//3240 3239//3239
f 3156//3156 3157//3157 3241//3241
f 3156//3156 3241//3241 3240//3240
f 3157//3157 3158//3158 3242//3242
f 3157//3157 3242//3242 3241//3241
f 3158//3158 3159//3159 3243//3243
f 3158//3158 3243//3243 3242//3242
f 3159//3159 3160//3160 3244//3244
f 3159//3159 3244//3244 3243//3243
f 3160//3160 3161//3161 3245//3245
f 3160//3160 3245//3245 3244//3244
f 3161//3161 3162//3162 3246//3246
f 3161//3161 3246//3246 3245//3245
f 3162//3162 3163//3163 3247//3247
f 3162//3162 3247//3247 3246//3246
f 3163//3163 3164//3164 3248//3248
f 3163//3163 3248//3248 3247//3247
f 3164//3164 3165//3165 3249//3249
f 3164//3164 3249//3249 3248//3248
f 3165//3165 3166//3166 3250//3250
f 3165//3165 3250//3250 3249//3249
f 3166//3166 3167//3167 3251//3251
f 3166//3166 3251//3251 3250//3250
f 3167//3167 3168//3168 3252//3252
f 3167//3167 3252//3252 3251//3251
f 3168//3168 3169//3169 3253//3253
f 3168//3168 3253//3253 3252//3252
f 3169//3169 3170//3170 3254//3254
f 3169//3169 3254//3254 3253//3253
f 3170//3170 3171//3171 3255//3255
f 3170//3170 3255//3255 3254//3254
f 3171//3171 3172//3172 3256//3256
f 3171//3171 3256//3256 3255//3255
f 3172//3172 3173//3173 3257//3257
f 3172//3172 3257//3257 3256//3256
f 3173//3173 3174//3174 3258//3258
f 3173//3173 3258//3258 3257//3257
f 3174//3174 3175//3175 3259//3259
f 3174//3174 3259//3259 3258//3258
f 3175//3175 3176//3176 3260//3260
f 3175//3175 3260//3260 3259//3259
f 3176//3176 3177//3177 3261//3261
f 3176//3176 3261//3261 3260//3260
f 3177//3177 3178//3178 3262//3262
f 3177//3177 3262//3262 3261//3261
f 3178//3178 3179//3179 3263//3263
f 3178//3178 3263//3263 3262//3262
f 3179//3179 3180//3180 3264//3264
f 3179//3179 3264//3264 3263//3263
f 3180//3180 3181//3181 3265//3265
f 3180//3180 3265//3265 3264//3264
f 3181//3181 3182//3182 3266//3266
f 3181//3181 3266//3266 3265//3265
f 3182//3182 3183//3183 3267//3267
f 3182//3182 3267//3267 3266//3266
f 3183//3183 3184//3184 3268//3268
f 3183//3183 3268//3268 3267//3267
f 3184//3184 3185//3185 3269//3269
f 3184//3184 3269//3269 3268//3268
f 3185//3185 3186//3186 3270//3270
f 3185//3185 3270//3270 3269//3269
f 3186//3186 3187//3187 3271//3271
f 3186//3186 3271//3271 3270//3270
f 3187//3187 3188//3188 3272//3272
f 3187//3187 3272//3272 3271//3271
f 3188//3188 3189//3189 3273//3273
f 3188//3188 3273//3273 3272//3272
f 3189//3189 3190//3190 3274//3274
f 3189//3189 3274//3274 3273//3273
f 3190//3190 3191//3191 3275//3275
f 3190//3190 3275//3275 3274//3274
f 3191//3191 3192//3192 3276//3276
f 3191//3191 3276//3276 3275//3275
f 3193//3193 3194//3194 3278//3278
f 3193//3193 3278//3278 3277//3277
f 3194//3194 3195//3195 3279//3279
f 3194//3194 3279//3279 3278//3278
f 3195//3195 3196//3196 3280//3280
f 3195//3195 3280//3280 3279//3279
f 3196//3196 3197//3197 3281//3281
f 3196//3196 3281//3281 3280//3280
f 3197//3197 3198//3198 3282//3282
f 3197//3197 3282//3282 3281//3281
f 3198//3198 3199//3199 3283//3283
f 3198//3198 3283//3283 3282//3282
f 3199//3199 3200//3200 3284//3284
f 3199//3199 3284//3284 3283//3283
f 3200//3200 3201//3201 3285//3285
f 3200//3200 3285//3285 3284//3284
f 3201//3201 3202//3202 3286//3286
f 3201//3201 3286//3286 3285//3285
f 3202//3202 3203//3203 3287//3287
f 3202//3202 3287//3287 3286//3286
f 3203//3203 3204//3204 3288//3288
f 3203//3203 3288//3288 3287//3287
f 3204//3204 3205//3205 3289//3289
f 3204//3204 3289//3289 3288//3288
f 3205//3205 3206//3206 3290//3290
f 3205//3205 3290//3290 3289//3289
f 3206//3206 3207//3207 3291//3291
f 3206//3206 3291//3291 3290//3290
f 3207//3207 3208//3208 3292//3292
f 3207//3207 3292//3292 3291//3291
f 3208//3208 3209//3209 3293//3293
f 3208//3208 3293//3293 3292//3292
f 3209//3209 3210//3210 3294//3294
f 3209//3209 3294//3294 3293//3293
f 3210//3210 3211//3211 3295//3295
f 3210//3210 3295//3295 3294//3294
f 3211//3211 3212//3212 3296//3296
f 3211//3211 3296//3296 3295//3295
f 3212//3212 3213//3213 3297//3297
f 3212//3212 3297//3297 3296//3296
f 3213//3213 3214//3214 3298//3298
f 3213//3213 3298//3298 3297//3297
f 3214//3214 3215//3215 3299//3299
f 3214//3214 3299//3299 3298//3298
f 3215//3215 3216//3216 3300//3300
f 3215//3215 3300//3300 3299//3299
f 3216//3216 3217//3217 3301//3301
f 3216//3216 3301//3301 3300//3300
f 3217//3217 3218//3218 3302//3302
f 3217//3217 3302//3302 3301//3301
f 3218//3218 3219//3219 3303//3303
f 3218//3218 3303//3303 3302//3302
f 3219//3219 3220//3220 3304//3304
f 3219//3219 3304//3304 3303//3303
f 3220//3220 3221//3221 3305//3305
f 3220//3220 3305//3305 3304//3304
f 3221//3221 3222//3222 3306//3306
f 3221//3221 3306//3306 3305//3305
f 3222//3222 3223//3223 3307//3307
f 3222//3222 3307//3307 3306//3306
f 3223//3223 3224//3224 3308//3308
f 3223//3223 3308//3308 3307//3307
f 3224//3224 3225//3225 3309//3309
f 3224//3224 3309//3309 3308//3308
f 3225//3225 3226//3226 3310//3310
f 3225//3225 3310//3310 3309//3309
f 3226//3226 3227//3227 3311//3311
f 3226//3226 3311//3311 3310//3310
f 3227//3227 3228//3228 3312//3312
f 3227//3227 3312//3312 3311//3311
f 3228//3228 3229//3229 3313//3313
f 3228//3228 3313//3313 3312//3312
f 3229//3229 3230//3230 3314//3314
f 3229//3229 3314//3314 3313//3313
f 3230//3230 3231//3231 3315//3315
f 3230//3230 3315//3315 3314//3314
f 3231//3231 3232//3232 3316//3316
f 3231//3231 3316//3316 3315//3315
f 3232//3232 3233//3233 3317//3317
f 3232//3232 3317//3317 3316//3316
f 3233//3233 3234//3234 3318//3318
f 3233//3233 3318//3318 3317//3317
f 3234//3234 3235//3235 3319//3319
f 3234//3234 3319//3319 3318//3318
f 3235//3235 3236//3236 3320//3320
f 3235//3235 3320//3320 3319//3319
f 3236//3236 3237//3237 3321//3321
f 3236//3236 3321//3321 3320//3320
f 3237//3237 3238//3238 3322//3322
f 3237//3237 3322//3322 3321//3321
f 3238//3238 3239//3239 3323//3323
f 3238//3238 3323//3323 3322//3322
f 3239//3239 3240//3240 3324//3324
f 3239//3239 3324//3324 3323//3323
f 3240//3240 3241//3241 3325//3325
f 3240//3240 3325//3325 3324//3324
f 3241//3241 3242//3242 3326//3326
f 3241//3241 3326//3326 3325//3325
f 3242//3242 3243//3243 3327//3327
f 3242//3242 3327//3327 3326//3326
f 3243//3243 3244//3244 3328//3328
f 3243//3243 3328//3328 3327//3327
f 3244//3244 3245//3245 3329//3329
f 3244//3244 3329//3329 3328//3328
f 3245//3245 3246//3246 3330//3330
f 3245//3245 3330//3330 3329//3329
f 3246//3246 3247//3247 3331//3331
f 3246//3246 3331//3331 3330//3330
f 3247//3247 3248//3248 3332//3332
f 3247//3247 3332//3332 3331//3331
f 3248//3248 3249//3249 3333//3333
f 3248//3248 3333//3333 3332//3332
f 3249//3249 3250//3250 3334//3334
f 3249//3249 3334//3334 3333//3333
f 3250//3250 3251//3251 3335//3335
f 3250//3250 3335//3335 3334//3334
f 3251//3251 3252//3252 3336//3336
f 3251//3251 3336//3336 3335//3335
f 3252//3252 3253//3253 3337//3337
f 3252//3252 3337//3337 3336//3336
f 3253//3253 3254//3254 3338//3338
f 3253//3253 3338//3338 3337//3337
f 3254//3254 3255//3255 3339//3339
f 3254//3254 3339//3339 3338//3338
f 3255//3255 3256//3256 3340//3340
f 3255//3255 3340//3340 3339//3339
f 3256//3256 3257//3257 3341//3341
f 3256//3256 3341//3341 3340//3340
f 3257//3257 3258//3258 3342//3342
f 3257//3257 3342//3342 3341//3341
f 3258//3258 3259//3259 3343//3343
f 3258//3258 3343//3343 3342//3342
f 3259//3259 3260//3260 3344//3344
f 3259//3259 3344//3344 3343//3343
f 3260//3260 3261//3261 3345//3345
f 3260//3260 3345//3345 3344//3344
f 3261//3261 3262//3262 3346//3346
f 3261//3261 3346//3346 3345//3345
f 3262//3262 3263//3263 3347//3347
f 3262//3262 3347//3347 3346//3346
f 3263//3263 3264//3264 3348//3348
f 3263//3263 3348//3348 3347//3347
f 3264//3264 3265//3265 3349//3349
f 3264//3264 3349//3349 3348//3348
f 3265//3265 3266//3266 3350//3350
f 3265//3265 3350//3350 3349//3349
f 3266//3266 3267//3267 3351//3351
f 3266//3266 3351//3351 3350//3350
f 3267//3267 3268//3268 3352//3352
f 3267//3267 3352//3352 3351//3351
f 3268//3268 3269//3269 3353//3353
f 3268//3268 3353//3353 3352//3352
f 3269//3269 3270//3270 3354//3354
f 3269//3269 3354//3354 3353//3353
f 3270//3270 3271//3271 3355//3355
f 3270//3270 3355//3355 3354//3354
f 3271//3271 3272//3272 3356//3356
f 3271//3271 3356//3356 3355//3355
f 3272//3272 3273//3273 3357//3357
f 3272//3272 3357//3357 3356//3356
f 3273//3273 3274//3274 3358//3358
f 3273//3273 3358//3358 3357//3357
f 3274//3274 3275//3275 3359//3359
f 3274//3274 3359//3359 3358//3358
f 3275//3275 3276//3276 3360//3360
f 3275//3275 3360//3360 3359//3359
f 3277//3277 3278//3278 3362//3362
f 3277//3277 3362//3362 3361//3361
f 3278//3278 3279//3279 3363//3363
f 3278//3278 3363//3363 3362//3362
f 3279//3279 3280//3280 3364//3364
f 3279//3279 3364//3364 3363//3363
f 3280//3280 3281//3281 3365//3365
f 3280//3280 3365//3365 3364//3364
f 3281//3281 3282//3282 3366//3366
f 3281//3281 3366//3366 3365//3365
f 3282//3282 3283//3283 3367//3367
f 3282//3282 3367//3367 3366//3366
f 3283//3283 3284//3284 3368//3368
f 3283//3283 3368//3368 3367//3367
f 3284//3284 3285//3285 3369//3369
f 3284//3284 3369//3369 3368//3368
f 3285//3285 3286//3286 3370//3370
f 3285//3285 3370//3370 3369//3369
f 3286//3286 3287//3287 3371//3371
f 3286//3286 3371//3371 3370//3370
f 3287//3287 3288//3288 3372//3372
f 3287//3287 3372//3372 3371//3371
f 3288//3288 3289//3289 3373//3373
f 3288//3288 3373//3373 3372//3372
f 3289//3289 3290//3290 3374//3374
f 3289//3289 3374//3374 3373//3373
f 3290//3290 3291//3291 3375//3375
f 3290//3290 3375//3375 3374//3374
f 3291//3291 3292//3292 3376//3376
f 3291//3291 3376//3376 3375//3375
f 3292//3292 3293//3293 3377//3377
f 3292//3292 3377//3377 3376//3376
f 3293//3293 3294//3294 3378//3378
f 3293//3293 3378//3378 3377//3377
f 3294//3294 3295//3295 3379//3379
f 3294//3294 3379//3379 3378//3378
f 3295//3295 3296//3296 3380//3380
f 3295//3295 3380//3380 3379//3379
f 3296//3296 3297//3297 3381//3381
f 3296//3296 3381//3381 3380//3380
f 3297//3297 3298//3298 3382//3382
f 3297//3297 3382//3382 3381//3381
f 3298//3298 3299//3299 3383//3383
f 3298//3298 3383//3383 3382//3382
f 3299//3299 3300//3300 3384//3384
f 3299//3299 3384//3384 3383//3383
f 3300//3300 3301//3301 3385//3385
f 3300//3300 3385//3385 3384//3384
f 3301//3301 3302//3302 3386//3386
f 3301//3301 3386//3386 3385//3385
f 3302//3302 3303//3303 3387//3387
f 3302//3302 3387//3387 3386//3386
f 3303//3303 3304//3304 3388//3388
f 3303//3303 3388//3388 3387//3387
f 3304//3304 3305//3305 3389//3389
f 3304//3304 3389//3389 3388//3388
f 3305//3305 3306//3306 3390//3390
f 3305//3305 3390//3390 3389//3389
f 3306//3306 3307//3307 3391//3391
f 3306//3306 3391//3391 3390//3390
f 3307//3307 3308//3308 3392//3392
f 3307//3307 3392//3392 3391//3391
f 3308//3308 3309//3309 3393//3393
f 3308//3308 3393//3393 3392//3392
f 3309//3309 3310//3310 3394//3394
f 3309//3309 3394//3394 3393//3393
f 3310//3310 3311//3311 3395//3395
f 3310//3310 3395//3395 3394//3394
f 3311//3311 3312//3312 3396//3396
f 3311//3311 3396//3396 3395//3395
f 3312//3312 3313//3313 3397//3397
f 3312//3312 3397//3397 3396//3396
f 3313//3313 3314//3314 3398//3398
f 3313//3313 3398//3398 3397//3397
f 3314//3314 3315//3315 3399//3399
f 3314//3314 3399//3399 3398//3398
f 3315//3315 3316//3316 3400//3400
f 3315//3315 3400//3400 3399//3399
f 3316//3316 3317//3317 3401//3401
f 3316//3316 3401//3401 3400//3400
f 3317//3317 3318//3318 3402//3402
f 3317//3317 3402//3402 3401//3401
f 3318//3318 3319//3319 3403//3403
f 3318//3318 3403//3403 3402//3402
f 3319//3319 3320//3320 3404//3404
f 3319//3319 3404//3404 3403//3403
f 3320//3320 3321//3321 3405//3405
f 3320//3320 3405//3405 3404//3404
f 3321//3321 3322//3322 3406//3406
f 3321//3321 3406//3406 3405//3405
f 3322//3322 3323//3323 3407//3407
f 3322//3322 3407//3407 3406//3406
f 3323//3323 3324//3324 3408//3408
f 3323//3323 3408//3408 3407//3407
f 3324//3324 3325//3325 3409//3409
f 3324//3324 3409//3409 3408//3408
f 3325//3325 3326//3326 3410//3410
f 3325//3325 3410//3410 3409//3409
f 3326//3326 3327//3327 3411//3411
f 3326//3326 3411//3411 3410//3410
f 3327//3327 3328//3328 3412//3412
f 3327//3327 3412//3412 3411//3411
f 3328//3328 3329//3329 3413//3413
f 3328//3328 3413//3413 3412//3412
f 3329//3329 3330//3330 3414//3414
f 3329//3329 3414//3414 3413//3413
f 3330//3330 3331//3331 3415//3415
f 3330//3330 3415//3415 3414//3414
f 3331//3331 3332//3332 3416//3416
f 3331//3331 3416//3416 3415//3415
f 3332//3332 3333//3333 3417//3417
f 3332//3332 3417//3417 3416//3416
f 3333//3333 3334//3334 3418//3418
f 3333//3333 3418//3418 3417//3417
f 3334//3334 3335//3335 3419//3419
f 3334//3334 3419//3419 3418//3418
f 3335//3335 3336//3336 3420//3420
f 3335//3335 3420//3420 3419//3419
f 3336//3336 3337//3337 3421//3421
f 3336//3336 3421//3421 3420//3420
f 3337//3337 3338//3338 3422//3422
f 3337//3337 3422//3422 3421//3421
f 3338//3338 3339//3339 3423//3423
f 3338//3338 3423//3423 3422//3422
f 3339//3339 3340//3340 3424//3424
f 3339//3339 3424//3424 3423//3423
f 3340//3340 3341//3341 3425//3425
f 3340//3340 3425//3425 3424//3424
f 3341//3341 3342//3342 3426//3426
f 3341//3341 3426//3426 3425//3425
f 3342//3342 3343//3343 3427//3427
f 3342//3342 3427//3427 3426//3426
f 3343//3343 3344//3344 3428//3428
f 3343//3343 3428//3428 3427//3427
f 3344//3344 3345//3345 3429//3429
f 3344//3344 3429//3429 3428//3428
f 3345//3345 3346//3346 3430//3430
f 3345//3345 3430//3430 3429//3429
f 3346//3346 3347//3347 3431//3431
f 3346//3346 3431//3431 3430//3430
f 3347//3347 3348//3348 3432//3432
f 3347//3347 3432//3432 3431//3431
f 3348//3348 3349//3349 3433//3433
f 3348//3348 3433//3433 3432//3432
f 3349//3349 3350//3350 3434//3434
f 3349//3349 3434//3434 3433//3433
f 3350//3350 3351//3351 3435//3435
f 3350//3350 3435//3435 3434//3434
f 3351//3351 3352//3352 3436//3436
f 3351//3351 3436//3436 3435//3435
f 3352//3352 3353//3353 3437//3437
f 3352//3352 3437//3437 3436//3436
f 3353//3353 3354//3354 3438//3438
f 3353//3353 3438//3438 3437//3437
f 3354//3354 3355//3355 3439//3439
f 3354//3354 3439//3439 3438//3438
f 3355//3355 3356//3356 3440//3440
f 3355//3355 3440//3440 3439//3439
f 3356//3356 3357//3357 3441//3441
f 3356//3356 3441//3441 3440//3440
f 3357//3357 3358//3358 3442//3442
f 3357//3357 3442//3442 3441//3441
f 3358//3358 3359//3359 3443//3443
f 3358//3358 3443//3443 3442//3442
f 3359//3359 3360//3360 3444//3444
f 3359//3359 3444//3444 3443//3443
f 3361//3361 3362//3362 3446//3446
f 3361//3361 3446//3446 3445//3445
f 3362//3362 3363//3363 3447//3447
f 3362//3362 3447//3447 3446//3446
f 3363//3363 3364//3364 3448//3448
f 3363//3363 3448//3448 3447//3447
f 3364//3364 3365//3365 3449//3449
f 3364//3364 3449//3449 3448//3448
f 3365//3365 3366//3366 3450//3450
f 3365//3365 3450//3450 3449//3449
f 3366//3366 3367//3367 3451//3451
f 3366//3366 3451//3451 3450//3450
f 3367//3367 3368//3368 3452//3452
f 3367//3367 3452//3452 3451//3451
f 3368//3368 3369//3369 3453//3453
f 3368//3368 3453//3453 3452//3452
f 3369//3369 3370//3370 3454//3454
f 3369//3369 3454//3454 3453//3453
f 3370//3370 3371//3371 3455//3455
f 3370//3370 3455//3455 3454//3454
f 3371//3371 3372//3372 3456//3456
f 3371//3371 3456//3456 3455//3455
f 3372//3372 3373//3373 3457//3457
f 3372//3372 3457//3457 3456//3456
f 3373//3373 3374//3374 3458//3458
f 3373//3373 3458//3458 3457//3457
f 3374//3374 3375//3375 3459//3459
f 3374//3374 3459//3459 3458//3458
f 3375//3375 3376//3376 3460//3460
f 3375//3375 3460//3460 3459//3459
f 3376//3376 3377//3377 3461//3461
f 3376//3376 3461//3461 3460//3460
f 3377//3377 3378//3378 3462//3462
f 3377//3377 3462//3462 3461//3461
f 3378//3378 3379//3379 3463//3463
f 3378//3378 3463//3463 3462//3462
f 3379//3379 3380//3380 3464//3464
f 3379//3379 3464//3464 3463//3463
f 3380//3380 3381//3381 3465//3465
f 3380//3380 3465//3465 3464//3464
f 3381//3381 3382//3382 3466//3466
f 3381//3381 3466//3466 3465//3465
f 3382//3382 3383//3383 3467//3467
f 3382//3382 3467//3467 3466//3466
f 3383//3383 3384//3384 3468//3468
f 3383//3383 3468//3468 3467//3467
f 3384//3384 3385//3385 3469//3469
f 3384//3384 3469//3469 3468//3468
f 3385//3385 3386//3386 3470//3470
f 3385//3385 3470//3470 3469//3469
f 3386//3386 3387//3387 3471//3471
f 3386//3386 3471//3471 3470//3470
f 3387//3387 3388//3388 3472//3472
f 3387//3387 3472//3472 3471//3471
f 3388//3388 3389//3389 3473//3473
f 3388//3388 3473//3473 3472//3472
f 3389//3389 3390//3390 3474//3474
f 3389//3389 3474//3474 3473//3473
f 3390//3390 3391//3391 3475//3475
f 3390//3390 3475//3475 3474//3474
f 3391//3391 3392//3392 3476//3476
f 3391//3391 3476//3476 3475//3475
f 3392//3392 3393//3393 3477//3477
f 3392//3392 3477//3477 3476//3476
f 3393//3393 3394//3394 3478//3478
f 3393//3393 3478//3478 3477//3477
f 3394//3394 3395//3395 3479//3479
f 3394//3394 3479//3479 3478//3478
f 3395//3395 3396//3396 3480//3480
f 3395//3395 3480//3480 3479//3479
f 3396//3396 3397//3397 3481//3481
f 3396//3396 3481//3481 3480//3480
f 3397//3397 3398//3398 3482//3482
f 3397//3397 3482//3482 3481//3481
f 3398//3398 3399//3399 3483//3483
f 3398//3398 3483//3483 3482//3482
f 3399//3399 3400//3400 3484//3484
f 3399//3399 3484//3484 3483//3483
f 3400//3400 3401//3401 3485//3485
f 3400//3400 3485//3485 3484//3484
f 3401//3401 3402//3402 3486//3486
f 3401//3401 3486//3486 3485//3485
f 3402//3402 3403//3403 3487//3487
f 3402//3402 3487//3487 3486//3486
f 3403//3403 3404//3404 3488//3488
f 3403//3403 3488//3488 3487//3487
f 3404//3404 3405//3405 3489//3489
f 3404//3404 3489//3489 3488//3488
f 3405//3405 3406//3406 3490//3490
f 3405//3405 3490//3490 3489//3489
f 3406//3406 3407//3407 3491//3491
f 3406//3406 3491//3491 3490//3490
f 3407//3407 3408//3408 3492//3492
f 3407//3407 3492//3492 3491//3491
f 3408//3408 3409//3409 3493//3493
f 3408//3408 3493//3493 3492//3492
f 3409//3409 3410//3410 3494//3494
f 3409//3409 3494//3494 3493//3493
f 3410//3410 3411//3411 3495//3495
f 3410//3410 3495//3495 3494//3494
f 3411//3411 3412//3412 3496//3496
f 3411//3411 3496//3496 3495//3495
f 3412//3412 3413//3413 3497//3497
f 3412//3412 3497//3497 3496//3496
f 3413//3413 3414//3414 3498//3498
f 3413//3413 3498//3498 3497//3497
f 3414//3414 3415//3415 3499//3499
f 3414//3414 3499//3499 3498//3498
f 3415//3415 3416//3416 3500//3500
f 3415//3415 3500//3500 3499//3499
f 3416//3416 3417//3417 3501//3501
f 3416//3416 3501//3501 3500//3500
f 3417//3417 3418//3418 3502//3502
f 3417//3417 3502//3502 3501//3501
f 3418//3418 3419//3419 3503//3503
f 3418//3418 3503//3503 3502//3502
f 3419//3419 3420//3420 3504//3504
f 3419//3419 3504//3504 3503//3503
f 3420//3420 3421//3421 3505//3505
f 3420//3420 3505//3505 3504//3504
f 3421//3421 3422//3422 3506//3506
f 3421//3421 3506//3506 3505//3505
f 3422//3422 3423//3423 3507//3507
f 3422//3422 3507//3507 3506//3506
f 3423//3423 3424//3424 3508//3508
f 3423//3423 3508//3508 3507//3507
f 3424//3424 3425//3425 3509//3509
f 3424//3424 3509//3509 3508//3508
f 3425//3425 3426//3426 3510//3510
f 3425//3425 3510//3510 3509//3509
f 3426//3426 3427//3427 3511//3511
f 3426//3426 3511//3511 3510//3510
f 3427//3427 3428//3428 3512//3512
f 3427//3427 3512//3512 3511//3511
f 3428//3428 3429//3429 3513//3513
f 3428//3428 3513//3513 3512//3512
f 3429//3429 3430//3430 3514//3514
f 3429//3429 3514//3514 3513//3513
f 3430//3430 3431//3431 3515//3515
f 3430//3430 3515//3515 3514//3514
f 3431//3431 3432//3432 3516//3516
f 3431//3431 3516//3516 3515//3515
f 3432//3432 3433//3433 3517//3517
f 3432//3432 3517//3517 3516//3516
f 3433//3433 3434//3434 3518//3518
f 3433//3433 3518//3518 3517//3517
f 3434//3434 3435//3435 3519//3519
f 3434//3434 3519//3519 3518//3518
f 3435//3435 3436//3436 3520//3520
f 3435//3435 3520//3520 3519//3519
f 3436//3436 3437//3437 3521//3521
f 3436//3436 3521//3521 3520//3520
f 3437//3437 3438//3438 3522//3522
f 3437//3437 3522//3522 3521//3521
f 3438//3438 3439//3439 3523//3523
f 3438//3438 3523//3523 3522//3522
f 3439//3439 3440//3440 3524//3524
f 3439//3439 3524//3524 3523//3523
f 3440//3440 3441//3441 3525//3525
f 3440//3440 3525//3525 3524//3524
f 3441//3441 3442//3442 3526//3526
f 3441//3441 3526//3526 3525//3525
f 3442//3442 3443//3443 3527//3527
f 3442//3442 3527//3527 3526//3526
f 3443//3443 3444//3444 3528//3528
f 3443//3443 3528//3528 3527//3527
f 3445//3445 3446//3446 3530//3530
f 3445//3445 3530//3530 3529//3529
f 3446//3446 3447//3447 3531//3531
f 3446//3446 3531//3531 3530//3530
f 3447//3447 3448//3448 3532//3532
f 3447//3447 3532//3532 3531//3531
f 3448//3448 3449//3449 3533//3533
f 3448//3448 3533//3533 3532//3532
f 3449//3449 3450//3450 3534//3534
f 3449//3449 3534//3534 3533//3533
f 3450//3450 3451//3451 3535//3535
f 3450//3450 3535//3535 3534//3534
f 3451//3451 3452//3452 3536//3536
f 3451//3451 3536//3536 3535//3535
f 3452//3452 3453//3453 3537//3537
f 3452//3452 3537//3537 3536//3536
f 3453//3453 3454//3454 3538//3538
f 3453//3453 3538//3538 3537//3537
f 3454//3454 3455//3455 3539//3539
f 3454//3454 3539//3539 3538//3538
f 3455//3455 3456//3456 3540//3540
f 3455//3455 3540//3540 3539//3539
f 3456//3456 3457//3457 3541//3541
f 3456//3456 3541//3541 3540//3540
f 3457//3457 3458//3458 3542//3542
f 3457//3457 3542//3542 3541//3541
f 3458//3458 3459//3459 3543//3543
f 3458//3458 3543//3543 3542//3542
f 3459//3459 3460//3460 3544//3544
f 3459//3459 3544//3544 3543//3543
f 3460//3460 3461//3461 3545//3545
f 3460//3460 3545//3545 3544//3544
f 3461//3461 3462//3462 3546//3546
f 3461//3461 3546//3546 3545//3545
f 3462//3462 3463//3463 3547//3547
f 3462//3462 3547//3547 3546//3546
f 3463//3463 3464//3464 3548//3548
f 3463//3463 3548//3548 3547//3547
f 3464//3464 3465//3465 3549//3549
f 3464//3464 3549//3549 3548//3548
f 3465//3465 3466//3466 3550//3550
f 3465//3465 3550//3550 3549//3549
f 3466//3466 3467//3467 3551//3551
f 3466//3466 3551//3551 3550//3550
f 3467//3467 3468//3468 3552//3552
f 3467//3467 3552//3552 3551//3551
f 3468//3468 3469//3469 3553//3553
f 3468//3468 3553//3553 3552//3552
f 3469//3469 3470//3470 3554//3554
f 3469//3469 3554//3554 3553//3553
f 3470//3470 3471//3471 3555//3555
f 3470//3470 3555//3555 3554//3554
f 3471//3471 3472//3472 3556//3556
f 3471//3471 3556//3556 3555//3555
f 3472//3472 3473//3473 3557//3557
f 3472//3472 3557//3557 3556//3556
f 3473//3473 3474//3474 3558//3558
f 3473//3473 3558//3558 3557//3557
f 3474//3474 3475//3475 3559//3559
f 3474//3474 3559//3559 3558//3558
f 3475//3475 3476//3476 3560//3560
f 3475//3475 3560//3560 3559//3559
f 3476//3476 3477//3477 3561//3561
f 3476//3476 3561//3561 3560//3560
f 3477//3477 3478//3478 3562//3562
f 3477//3477 3562//3562 3561//3561
f 3478//3478 3479//3479 3563//3563
f 3478//3478 3563//3563 3562//3562
f 3479//3479 3480//3480 3564//3564
f 3479//3479 3564//3564 3563//3563
f 3480//3480 3481//3481 3565//3565
f 3480//3480 3565//3565 3564//3564
f 3481//3481 3482//3482 3566//3566
f 3481//3481 3566//3566 3565//3565
f 3482//3482 3483//3483 3567//3567
f 3482//3482 3567//3567 3566//3566
f 3483//3483 3484//3484 3568//3568
f 3483//3483 3568//3568 3567//3567
f 3484//3484 3485//3485 3569//3569
f 3484//3484 3569//3569 3568//3568
f 3485//3485 3486//3486 3570//3570
f 3485//3485 3570//3570 3569//3569
f 3486//3486 3487//3487 3571//3571
f 3486//3486 3571//3571 3570//3570
f 3487//3487 3488//3488 3572//3572
f 3487//3487 3572//3572 3571//3571
f 3488//3488 3489//3489 3573//3573
f 3488//3488 3573//3573 3572//3572
f 3489//3489 3490//3490 3574//3574
f 3489//3489 3574//3574 3573//3573
f 3490//3490 3491//3491 3575//3575
f 3490//3490 3575//3575 3574//3574
f 3491//3491 3492//3492 3576//3576
f 3491//3491 3576//3576 3575//3575
f 3492//3492 3493//3493 3577//3577
f 3492//3492 3577//3577 3576//3576
f 3493//3493 3494//3494 3578//3578
f 3493//3493 3578//3578 3577//3577
f 3494//3494 3495//3495 3579//3579
f 3494//3494 3579//3579 3578//3578
f 3495//3495 3496//3496 3580//3580
f 3495//3495 3580//3580 3579//3579
f 3496//3496 3497//3497 3581//3581
f 3496//3496 3581//3581 3580//3580
f 3497//3497 3498//3498 3582//3582
f 3497//3497 3582//3582 3581//3581
f 3498//3498 3499//3499 3583//3583
f 3498//3498 3583//3583 3582//3582
f 3499//3499 3500//3500 3584//3584
f 3499//3499 3584//3584 3583//3583
f 3500//3500 3501//3501 3585//3585
f 3500//3500 3585//3585 3584//3584
f 3501//3501 3502//3502 3586//3586
f 3501//3501 3586//3586 3585//3585
f 3502//3502 3503//3503 3587//3587
f 3502//3502 3587//3587 3586//3586
f 3503//3503 3504//3504 3588//3588
f 3503//3503 3588//3588 3587//3587
f 3504//3504 3505//3505 3589//3589
f 3504//3504 3589//3589 3588//3588
f 3505//3505 3506//3506 3590//3590
f 3505//3505 3590//3590 3589//3589
f 3506//3506 3507//3507 3591//3591
f 3506//3506 3591//3591 3590//3590
f 3507//3507 3508//3508 3592//3592
f 3507//3507 3592//3592 3591//3591
f 3508//3508 3509//3509 3593//3593
f 3508//3508 3593//3593 3592//3592
f 3509//3509 3510//3510 3594//3594
f 3509//3509 3594//3594 3593//3593
f 3510//3510 3511//3511 3595//3595
f 3510//3510 3595//3595 3594//3594
f 3511//3511 3512//3512 3596//3596
f 3511//3511 3596//3596 3595//3595
f 3512//3512 3513//3513 3597//3597
f 3512//3512 3597//3597 3596//3596
f 3513//3513 3514//3514 3598//3598
f 3513//3513 3598//3598 3597//3597
f 3514//3514 3515//3515 3599//3599
f 3514//3514 3599//3599 3598//3598
f 3515//3515 3516//3516 3600//3600
f 3515//3515 3600//3600 3599//3599
f 3516//3516 3517//3517 3601//3601
f 3516//3516 3601//3601 3600//3600
f 3517//3517 3518//3518 3602//3602
f 3517//3517 3602//3602 3601//3601
f 3518//3518 3519//3519 3603//3603
f 3518//3518 3603//3603 3602//3602
f 3519//3519 3520//3520 3604//3604
f 3519//3519 3604//3604 3603//3603
f 3520//3520 3521//3521 3605//3605
f 3520//3520 3605//3605 3604//3604
f 3521//3521 3522//3522 3606//3606
f 3521//3521 3606//3606 3605//3605
f 3522//3522 3523//3523 3607//3607
f 3522//3522 3607//3607 3606//3606
f 3523//3523 3524//3524 3608//3608
f 3523//3523 3608//3608 3607//3607
f 3524//3524 3525//3525 3609//3609
f 3524//3524 3609//3609 3608//3608
f 3525//3525 3526//3526 3610//3610
f 3525//3525 3610//3610 3609//3609
f 3526//3526 3527//3527 3611//3611
f 3526//3526 3611//3611 3610//3610
f 3527//3527 3528//3528 3612//3612
f 3527//3527 3612//3612 3611//3611
f 3529//3529 3530//3530 3614//3614
f 3529//3529 3614//3614 3613//3613
f 3530//3530 3531//3531 3615//3615
f 3530//3530 3615//3615 3614//3614
f 3531//3531 3532//3532 3616//3616
f 3531//3531 3616//3616 3615//3615
f 3532//3532 3533//3533 3617//3617
f 3532//3532 3617//3617 3616//3616
f 3533//3533 3534//3534 3618//3618
f 3533//3533 3618//3618 3617//3617
f 3534//3534 3535//3535 3619//3619
f 3534//3534 3619//3619 3618//3618
f 3535//3535 3536//3536 3620//3620
f 3535//3535 3620//3620 3619//3619
f 3536//3536 3537//3537 3621//3621
f 3536//3536 3621//3621 3620//3620
f 3537//3537 3538//3538 3622//3622
f 3537//3537 3622//3622 3621//3621
f 3538//3538 3539//3539 3623//3623
f 3538//3538 3623//3623 3622//3622
f 3539//3539 3540//3540 3624//3624
f 3539//3539 3624//3624 3623//3623
f 3540//3540 3541//3541 3625//3625
f 3540//3540 3625//3625 3624//3624
f 3541//3541 3542//3542 3626//3626
f 3541//3541 3626//3626 3625//3625
f 3542//3542 3543//3543 3627//3627
f 3542//3542 3627//3627 3626//3626
f 3543//3543 3544//3544 3628//3628
f 3543//3543 3628//3628 3627//3627
f 3544//3544 3545//3545 3629//3629
f 3544//3544 3629//3629 3628//3628
f 3545//3545 3546//3546 3630//3630
f 3545//3545 3630//3630 3629//3629
f 3546//3546 3547//3547 3631//3631
f 3546//3546 3631//3631 3630//3630
f 3547//3547 3548//3548 3632//3632
f 3547//3547 3632//3632 3631//3631
f 3548//3548 3549//3549 3633//3633
f 3548//3548 3633//3633 3632//3632
f 3549//3549 3550//3550 3634//3634
f 3549//3549 3634//3634 3633//3633
f 3550//3550 3551//3551 3635//3635
f 3550//3550 3635//3635 3634//3634
f 3551//3551 3552//3552 3636//3636
f 3551//3551 3636//3636 3635//3635
f 3552//3552 3553//3553 3637//3637
f 3552//3552 3637//3637 3636//3636
f 3553//3553 3554//3554 3638//3638
f 3553//3553 3638//3638 3637//3637
f 3554//3554 3555//3555 3639//3639
f 3554//3554 3639//3639 3638//3638
f 3555//3555 3556//3556 3640//3640
f 3555//3555 3640//3640 3639//3639
f 3556//3556 3557//3557 3641//3641
f 3556//3556 3641//3641 3640//3640
f 3557//3557 3558//3558 3642//3642
f 3557//3557 3642//3642 3641//3641
f 3558//3558 3559//3559 3643//3643
f 3558//3558 3643//3643 3642//3642
f 3559//3559 3560//3560 3644//3644
f 3559//3559 3644//3644 3643//3643
f 3560//3560 3561//3561 3645//3645
f 3560//3560 3645//3645 3644//3644
f 3561//3561 3562//3562 3646//3646
f 3561//3561 3646//3646 3645//3645
f 3562//3562 3563//3563 3647//3647
f 3562//3562 3647//3647 3646//3646
f 3563//3563 3564//3564 3648//3648
f 3563//3563 3648//3648 3647//3647
f 3564//3564 3565//3565 3649//3649
f 3564//3564 3649//3649 3648//3648
f 3565//3565 3566//3566 3650//3650
f 3565//3565 3650//3650 3649//3649
f 3566//3566 3567//3567 3651//3651
f 3566//3566 3651//3651 3650//3650
f 3567//3567 3568//3568 3652//3652
f 3567//3567 3652//3652 3651//3651
f 3568//3568 3569//3569 3653//3653
f 3568//3568 3653//3653 3652//3652
f 3569//3569 3570//3570 3654//3654
f 3569//3569 3654//3654 3653//3653
f 3570//3570 3571//3571 3655//3655
f 3570//3570 3655//3655 3654//3654
f 3571//3571 3572//3572 3656//3656
f 3571//3571 3656//3656 3655//3655
f 3572//3572 3573//3573 3657//3657
f 3572//3572 3657//3657 3656//3656
f 3573//3573 3574//3574 3658//3658
f 3573//3573 3658//3658 3657//3657
f 3574//3574 3575//3575 3659//3659
f 3574//3574 3659//3659 3658//3658
f 3575//3575 3576//3576 3660//3660
f 3575//3575 3660//3660 3659//3659
f 3576//3576 3577//3577 3661//3661
f 3576//3576 3661//3661 3660//3660
f 3577//3577 3578//3578 3662//3662
f 3577//3577 3662//3662 3661//3661
f 3578//3578 3579//3579 3663//3663
f 3578//3578 3663//3663 3662//3662
f 3579//3579 3580//3580 3664//3664
f 3579//3579 3664//3664 3663//3663
f 3580//3580 3581//3581 3665//3665
f 3580//3580 3665//3665 3664//3664
f 3581//3581 3582//3582 3666//3666
f 3581//3581 3666//3666 3665//3665
f 3582//3582 3583//3583 3667//3667
f 3582//3582 3667//3667 3666//3666
f 3583//3583 3584//3584 3668//3668
f 3583//3583 3668//3668 3667//3667
f 3584//3584 3585//3585 3669//3669
f 3584//3584 3669//3669 3668//3668
f 3585//3585 3586//3586 3670//3670
f 3585//3585 3670//3670 3669//3669
f 3586//3586 3587//3587 3671//3671
f 3586//3586 3671//3671 3670//3670
f 3587//3587 3588//3588 3672//3672
f 3587//3587 3672//3672 3671//3671
f 3588//3588 3589//3589 3673//3673
f 3588//3588 3673//3673 3672//3672
f 3589//3589 3590//3590 3674//3674
f 3589//3589 3674//3674 3673//3673
f 3590//3590 3591//3591 3675//3675
f 3590//3590 3675//3675 3674//3674
f 3591//3591 3592//3592 3676//3676
f 3591//3591 3676//3676 3675//3675
f 3592//3592 3593//3593 3677//3677
f 3592//3592 3677//3677 3676//3676
f 3593//3593 3594//3594 3678//3678
f 3593//3593 3678//3678 3677//3677
f 3594//3594 3595//3595 3679//3679
f 3594//3594 3679//3679 3678//3678
f 3595//3595 3596//3596 3680//3680
f 3595//3595 3680//3680 3679//3679
f 3596//3596 3597//3597 3681//3681
f 3596//3596 3681//3681 3680//3680
f 3597//3597 3598//3598 3682//3682
f 3597//3597 3682//3682 3681//3681
f 3598//3598 3599//3599 3683//3683
f 3598//3598 3683//3683 3682//3682
f 3599//3599 3600//3600 3684//3684
f 3599//3599 3684//3684 3683//3683
f 3600//3600 3601//3601 3685//3685
f 3600//3600 3685//3685 3684//3684
f 3601//3601 3602//3602 3686//3686
f 3601//3601 3686//3686 3685//3685
f 3602//3602 3603//3603 3687//3687
f 3602//3602 3687//3687 3686//3686
f 3603//3603 3604//3604 3688//3688
f 3603//3603 3688//3688 3687//3687
f 3604//3604 3605//3605 3689//3689
f 3604//3604 3689//3689 3688//3688
f 3605//3605 3606//3606 3690//3690
f 3605//3605 3690//3690 3689//3689
f 3606//3606 3607//3607 3691//3691
f 3606//3606 3691//3691 3690//3690
f 3607//3607 3608//3608 3692//3692
f 3607//3607 3692//3692 3691//3691
f 3608//3608 3609//3609 3693//3693
f 3608//3608 3693//3693 3692//3692
f 3609//3609 3610//3610 3694//3694
f 3609//3609 3694//3694 3693//3693
f 3610//3610 3611//3611 3695//3695
f 3610//3610 3695//3695 3694//3694
f 3611//3611 3612//3612 3696//3696
f 3611//3611 3696//3696 3695//3695
f 3613//3613 3614//3614 3698//3698
f 3613//3613 3698//3698 3697//3697
f 3614//3614 3615//3615 3699//3699
f 3614//3614 3699//3699 3698//3698
f 3615//3615 3616//3616 3700//3700
f 3615//3615 3700//3700 3699//3699
f 3616//3616 3617//3617 3701//3701
f 3616//3616 3701//3701 3700//3700
f 3617//3617 3618//3618 3702//3702
f 3617//3617 3702//3702 3701//3701
f 3618//3618 3619//3619 3703//3703
f 3618//3618 3703//3703 3702//3702
f 3619//3619 3620//3620 3704//3704
f 3619//3619 3704//3704 3703//3703
f 3620//3620 3621//3621 3705//3705
f 3620//3620 3705//3705 3704//3704
f 3621//3621 3622//3622 3706//3706
f 3621//3621 3706//3706 3705//3705
f 3622//3622 3623//3623 3707//3707
f 3622//3622 3707//3707 3706//3706
f 3623//3623 3624//3624 3708//3708
f 3623//3623 3708//3708 3707//3707
f 3624//3624 3625//3625 3709//3709
f 3624//3624 3709//3709 3708//3708
f 3625//3625 3626//3626 3710//3710
f 3625//3625 3710//3710 3709//3709
f 3626//3626 3627//3627 3711//3711
f 3626//3626 3711//3711 3710//3710
f 3627//3627 3628//3628 3712//3712
f 3627//3627 3712//3712 3711//3711
f 3628//3628 3629//3629 3713//3713
f 3628//3628 3713//3713 3712//3712
f 3629//3629 3630//3630 3714//3714
f 3629//3629 3714//3714 3713//3713
f 3630//3630 3631//3631 3715//3715
f 3630//3630 3715//3715 3714//3714
f 3631//3631 3632//3632 3716//3716
f 3631//3631 3716//3716 3715//3715
f 3632//3632 3633//3633 3717//3717
f 3632//3632 3717//3717 3716//3716
f 3633//3633 3634//3634 3718//3718
f 3633//3633 3718//3718 3717//3717
f 3634//3634 3635//3635 3719//3719
f 3634//3634 3719//3719 3718//3718
f 3635//3635 3636//3636 3720//3720
f 3635//3635 3720//3720 3719//3719
f 3636//3636 3637//3637 3721//3721
f 3636//3636 3721//3721 3720//3720
f 3637//3637 3638//3638 3722//3722
f 3637//3637 3722//3722 3721//3721
f 3638//3638 3639//3639 3723//3723
f 3638//3638 3723//3723 3722//3722
f 3639//3639 3640//3640 3724//3724
f 3639//3639 3724//3724 3723//3723
f 3640//3640 3641//3641 3725//3725
f 3640//3640 3725//3725 3724//3724
f 3641//3641 3642//3642 3726//3726
f 3641//3641 3726//3726 3725//3725
f 3642//3642 3643//3643 3727//3727
f 3642//3642 3727//3727 3726//3726
f 3643//3643 3644//3644 3728//3728
f 3643//3643 3728//3728 3727//3727
f 3644//3644 3645//3645 3729//3729
f 3644//3644 3729//3729 3728//3728
f 3645//3645 3646//3646 3730//3730
f 3645//3645 3730//3730 3729//3729
f 3646//3646 3647//3647 3731//3731
f 3646//3646 3731//3731 3730//3730
f 3647//3647 3648//3648 3732//3732
f 3647//3647 3732//3732 3731//3731
f 3648//3648 3649//3649 3733//3733
f 3648//3648 3733//3733 3732//3732
f 3649//3649 3650//3650 3734//3734
f 3649//3649 3734//3734 3733//3733
f 3650//3650 3651//3651 3735//3735
f 3650//3650 3735//3735 3734//3734
f 3651//3651 3652//3652 3736//3736
f 3651//3651 3736//3736 3735//3735
f 3652//3652 3653//3653 3737//3737
f 3652//3652 3737//3737 3736//3736
f 3653//3653 3654//3654 3738//3738
f 3653//3653 3738//3738 3737//3737
f 3654//3654 3655//3655 3739//3739
f 3654//3654 3739//3739 3738//3738
f 3655//3655 3656//3656 3740//3740
f 3655//3655 3740//3740 3739//3739
f 3656//3656 3657//3657 3741//3741
f 3656//3656 3741//3741 3740//3740
f 3657//3657 3658//3658 3742//3742
f 3657//3657 3742//3742 3741//3741
f 3658//3658 3659//3659 3743//3743
f 3658//3658 3743//3743 3742//3742
f 3659//3659 3660//3660 3744//3744
f 3659//3659 3744//3744 3743//3743
f 3660//3660 3661//3661 3745//3745
f 3660//3660 3745//3745 3744//3744
f 3661//3661 3662//3662 3746//3746
f 3661//3661 3746//3746 3745//3745
f 3662//3662 3663//3663 3747//3747
f 3662//3662 3747//3747 3746//3746
f 3663//3663 3664//3664 3748//3748
f 3663//3663 3748//3748 3747//3747
f 3664//3664 3665//3665 3749//3749
f 3664//3664 3749//3749 3748//3748
f 3665//3665 3666//3666 3750//3750
f 3665//3665 3750//3750 3749//3749
f 3666//3666 3667//3667 3751//3751
f 3666//3666 3751//3751 3750//3750
f 3667//3667 3668//3668 3752//3752
f 3667//3667 3752//3752 3751//3751
f 3668//3668 3669//3669 3753//3753
f 3668//3668 3753//3753 3752//3752
f 3669//3669 3670//3670 3754//3754
f 3669//3669 3754//3754 3753//3753
f 3670//3670 3671//3671 3755//3755
f 3670//3670 3755//3755 3754//3754
f 3671//3671 3672//3672 3756//3756
f 3671//3671 3756//3756 3755//3755
f 3672//3672 3673//3673 3757//3757
f 3672//3672 3757//3757 3756//3756
f 3673//3673 3674//3674 3758//3758
f 3673//3673 3758//3758 3757//3757
f 3674//3674 3675//3675 3759//3759
f 3674//3674 3759//3759 3758//3758
f 3675//3675 3676//3676 3760//3760
f 3675//3675 3760//3760 3759//3759
f 3676//3676 3677//3677 3761//3761
f 3676//3676 3761//3761 3760//3760
f 3677//3677 3678//3678 3762//3762
f 3677//3677 3762//3762 3761//3761
f 3678//3678 3679//3679 3763//3763
f 3678//3678 3763//3763 3762//3762
f 3679//3679 3680//3680 3764//3764
f 3679//3679 3764//3764 3763//3763
f 3680//3680 3681//3681 3765//3765
f 3680//3680 3765//3765 3764//3764
f 3681//3681 3682//3682 3766//3766
f 3681//3681 3766//3766 3765//3765
f 3682//3682 3683//3683 3767//3767
f 3682//3682 3767//3767 3766//3766
f 3683//3683 3684//3684 3768//3768
f 3683//3683 3768//3768 3767//3767
f 3684//3684 3685//3685 3769//3769
f 3684//3684 3769//3769 3768//3768
f 3685//3685 3686//3686 3770//3770
f 3685//3685 3770//3770 3769//3769
f 3686//3686 3687//3687 3771//3771
f 3686//3686 3771//3771 3770//3770
f 3687//3687 3688//3688 3772//3772
f 3687//3687 3772//3772 3771//3771
f 3688//3688 3689//3689 3773//3773
f 3688//3688 3773//3773 3772//3772
f 3689//3689 3690//3690 3774//3774
f 3689//3689 3774//3774 3773//3773
f 3690//3690 3691//3691 3775//3775
f 3690//3690 3775//3775 3774//3774
f 3691//3691 3692//3692 3776//3776
f 3691//3691 3776//3776 3775//3775
f 3692//3692 3693//3693 3777//3777
f 3692//3692 3777//3777 3776//3776
f 3693//3693 3694//3694 3778//3778
f 3693//3693 3778//3778 3777//3777
f 3694//3694 3695//3695 3779//3779
f 3694//3694 3779//3779 3778//3778
f 3695//3695 3696//3696 3780//3780
f 3695//3695 3780//3780 3779//3779
f 3697//3697 3698//3698 3782//3782
f 3697//3697 3782//3782 3781//3781
f 3698//3698 3699//3699 3783//3783
f 3698//3698 3783//3783 3782//3782
f 3699//3699 3700//3700 3784//3784
f 3699//3699 3784//3784 3783//3783
f 3700//3700 3701//3701 3785//3785
f 3700//3700 3785//3785 3784//3784
f 3701//3701 3702//3702 3786//3786
f 3701//3701 3786//3786 3785//3785
f 3702//3702 3703//3703 3787//3787
f 3702//3702 3787//3787 3786//3786
f 3703//3703 3704//3704 3788//3788
f 3703//3703 3788//3788 3787//3787
f 3704//3704 3705//3705 3789//3789
f 3704//3704 3789//3789 3788//3788
f 3705//3705 3706//3706 3790//3790
f 3705//3705 3790//3790 3789//3789
f 3706//3706 3707//3707 3791//3791
f 3706//3706 3791//3791 3790//3790
f 3707//3707 3708//3708 3792//3792
f 3707//3707 3792//3792 3791//3791
f 3708//3708 3709//3709 3793//3793
f 3708//3708 3793//3793 3792//3792
f 3709//3709 3710//3710 3794//3794
f 3709//3709 3794//3794 3793//3793
f 3710//3710 3711//3711 3795//3795
f 3710//3710 3795//3795 3794//3794
f 3711//3711 3712//3712 3796//3796
f 3711//3711 3796//3796 3795//3795
f 3712//3712 3713//3713 3797//3797
f 3712//3712 3797//3797 3796//3796
f 3713//3713 3714//3714 3798//3798
f 3713//3713 3798//3798 3797//3797
f 3714//3714 3715//3715 3799//3799
f 3714//3714 3799//3799 3798//3798
f 3715//3715 3716//3716 3800//3800
f 3715//3715 3800//3800 3799//3799
f 3716//3716 3717//3717 3801//3801
f 3716//3716 3801//3801 3800//3800
f 3717//3717 3718//3718 3802//3802
f 3717//3717 3802//3802 3801//3801
f 3718//3718 3719//3719 3803//3803
f 3718//3718 3803//3803 3802//3802
f 3719//3719 3720//3720 3804//3804
f 3719//3719 3804//3804 3803//3803
f 3720//3720 3721//3721 3805//3805
f 3720//3720 3805//3805 3804//3804
f 3721//3721 3722//3722 3806//3806
f 3721//3721 3806//3806 3805//3805
f 3722//3722 3723//3723 3807//3807
f 3722//3722 3807//3807 3806//3806
f 3723//3723 3724//3724 3808//3808
f 3723//3723 3808//3808 3807//3807
f 3724//3724 3725//3725 3809//3809
f 3724//3724 3809//3809 3808//3808
f 3725//3725 3726//3726 3810//3810
f 3725//3725 3810//3810 3809//3809
f 3726//3726 3727//3727 3811//3811
f 3726//3726 3811//3811 3810//3810
f 3727//3727 3728//3728 3812//3812
f 3727//3727 3812//3812 3811//3811
f 3728//3728 3729//3729 3813//3813
f 3728//3728 3813//3813 3812//3812
f 3729//3729 3730//3730 3814//3814
f 3729//3729 3814//3814 3813//3813
f 3730//3730 3731//3731 3815//3815
f 3730//3730 3815//3815 3814//3814
f 3731//3731 3732//3732 3816//3816
f 3731//3731 3816//3816 3815//3815
f 3732//3732 3733//3733 3817//3817
f 3732//3732 3817//3817 3816//3816
f 3733//3733 3734//3734 3818//3818
f 3733//3733 3818//3818 3817//3817
f 3734//3734 3735//3735 3819//3819
f 3734//3734 3819//3819 3818//3818
f 3735//3735 3736//3736 3820//3820
f 3735//3735 3820//3820 3819//3819
f 3736//3736 3737//3737 3821//3821
f 3736//3736 3821//3821 3820//3820
f 3737//3737 3738//3738 3822//3822
f 3737//3737 3822//3822 3821//3821
f 3738//3738 3739//3739 3823//3823
f 3738//3738 3823//3823 3822//3822
f 3739//3739 3740//3740 3824//3824
f 3739//3739 3824//3824 3823//3823
f 3740//3740 3741//3741 3825//3825
f 3740//3740 3825//3825 3824//3824
f 3741//3741 3742//3742 3826//3826
f 3741//3741 3826//3826 3825//3825
f 3742//3742 3743//3743 3827//3827
f 3742//3742 3827//3827 3826//3826
f 3743//3743 3744//3744 3828//3828
f 3743//3743 3828//3828 3827//3827
f 3744//3744 3745//3745 3829//3829
f 3744//3744 3829//3829 3828//3828
f 3745//3745 3746//3746 3830//3830
f 3745//3745 3830//3830 3829//3829
f 3746//3746 3747//3747 3831//3831
f 3746//3746 3831//3831 3830//3830
f 3747//3747 3748//3748 3832//3832
f 3747//3747 3832//3832 3831//3831
f 3748//3748 3749//3749 3833//3833
f 3748//3748 3833//3833 3832//3832
f 3749//3749 3750//3750 3834//3834
f 3749//3749 3834//3834 3833//3833
f 3750//3750 3751//3751 3835//3835
f 3750//3750 3835//3835 3834//3834
f 3751//3751 3752//3752 3836//3836
f 3751//3751 3836//3836 3835//3835
f 3752//3752 3753//3753 3837//3837
f 3752//3752 3837//3837 3836//3836
f 3753//3753 3754//3754 3838//3838
f 3753//3753 3838//3838 3837//3837
f 3754//3754 3755//3755 3839//3839
f 3754//3754 3839//3839 3838//3838
f 3755//3755 3756//3756 3840//3840
f 3755//3755 3840//3840 3839//3839
f 3756//3756 3757//3757 3841//3841
f 3756//3756 3841//3841 3840//3840
f 3757//3757 3758//3758 3842//3842
f 3757//3757 3842//3842 3841//3841
f 3758//3758 3759//3759 3843//3843
f 3758//3758 3843//3843 3842//3842
f 3759//3759 3760//3760 3844//3844
f 3759//3759 3844//3844 3843//3843
f 3760//3760 3761//3761 3845//3845
f 3760//3760 3845//3845 3844//3844
f 3761//3761 3762//3762 3846//3846
f 3761//3761 3846//3846 3845//3845
f 3762//3762 3763//3763 3847//3847
f 3762//3762 3847//3847 3846//3846
f 3763//3763 3764//3764 3848//3848
f 3763//3763 3848//3848 3847//3847
f 3764//3764 3765//3765 3849//3849
f 3764//3764 3849//3849 3848//3848
f 3765//3765 3766//3766 3850//3850
f 3765//3765 3850//3850 3849//3849
f 3766//3766 3767//3767 3851//3851
f 3766//3766 3851//3851 3850//3850
f 3767//3767 3768//3768 3852//3852
f 3767//3767 3852//3852 3851//3851
f 3768//3768 3769//3769 3853//3853
f 3768//3768 3853//3853 3852//3852
f 3769//3769 3770//3770 3854//3854
f 3769//3769 3854//3854 3853//3853
f 3770//3770 3771//3771 3855//3855
f 3770//3770 3855//3855 3854//3854
f 3771//3771 3772//3772 3856//3856
f 3771//3771 3856//3856 3855//3855
f 3772//3772 3773//3773 3857//3857
f 3772//3772 3857//3857 3856//3856
f 3773//3773 3774//3774 3858//3858
f 3773//3773 3858//3858 3857//3857
f 3774//3774 3775//3775 3859//3859
f 3774//3774 3859//3859 3858//3858
f 3775//3775 3776//3776 3860//3860
f 3775//3775 3860//3860 3859//3859
f 3776//3776 3777//3777 3861//3861
f 3776//3776 3861//3861 3860//3860
f 3777//3777 3778//3778 3862//3862
f 3777//3777 3862//3862 3861//3861
f 3778//3778 3779//3779 3863//3863
f 3778//3778 3863//3863 3862//3862
f 3779//3779 3780//3780 3864//3864
f 3779//3779 3864//3864 3863//3863
f 3781//3781 3782//3782 3866//3866
f 3781//3781 3866//3866 3865//3865
f 3782//3782 3783//3783 3867//3867
f 3782//3782 3867//3867 3866//3866
f 3783//3783 3784//3784 3868//3868
f 3783//3783 3868//3868 3867//3867
f 3784//3784 3785//3785 3869//3869
f 3784//3784 3869//3869 3868//3868
f 3785//3785 3786//3786 3870//3870
f 3785//3785 3870//3870 3869//3869
f 3786//3786 3787//3787 3871//3871
f 3786//3786 3871//3871 3870//3870
f 3787//3787 3788//3788 3872//3872
f 3787//3787 3872//3872 3871//3871
f 3788//3788 3789//3789 3873//3873
f 3788//3788 3873//3873 3872//3872
f 3789//3789 3790//3790 3874//3874
f 3789//3789 3874//3874 3873//3873
f 3790//3790 3791//3791 3875//3875
f 3790//3790 3875//3875 3874//3874
f 3791//3791 3792//3792 3876//3876
f 3791//3791 3876//3876 3875//3875
f 3792//3792 3793//3793 3877//3877
f 3792//3792 3877//3877 3876//3876
f 3793//3793 3794//3794 3878//3878
f 3793//3793 3878//3878 3877//3877
f 3794//3794 3795//3795 3879//3879
f 3794//3794 3879//3879 3878//3878
f 3795//3795 3796//3796 3880//3880
f 3795//3795 3880//3880 3879//3879
f 3796//3796 3797//3797 3881//3881
f 3796//3796 3881//3881 3880//3880
f 3797//3797 3798//3798 3882//3882
f 3797//3797 3882//3882 3881//3881
f 3798//3798 3799//3799 3883//3883
f 3798//3798 3883//3883 3882//3882
f 3799//3799 3800//3800 3884//3884
f 3799//3799 3884//3884 3883//3883
f 3800//3800 3801//3801 3885//3885
f 3800//3800 3885//3885 3884//3884
f 3801//3801 3802//3802 3886//3886
f 3801//3801 3886//3886 3885//3885
f 3802//3802 3803//3803 3887//3887
f 3802//3802 3887//3887 3886//3886
f 3803//3803 3804//3804 3888//3888
f 3803//3803 3888//3888 3887//3887
f 3804//3804 3805//3805 3889//3889
f 3804//3804 3889//3889 3888//3888
f 3805//3805 3806//3806 3890//3890
f 3805//3805 3890//3890 3889//3889
f 3806//3806 3807//3807 3891//3891
f 3806//3806 3891//3891 3890//3890
f 3807//3807 3808//3808 3892//3892
f 3807//3807 3892//3892 3891//3891
f 3808//3808 3809//3809 3893//3893
f 3808//3808 3893//3893 3892//3892
f 3809//3809 3810//3810 3894//3894
f 3809//3809 3894//3894 3893//3893
f 3810//3810 3811//3811 3895//3895
f 3810//3810 3895//3895 3894//3894
f 3811//3811 3812//3812 3896//3896
f 3811//3811 3896//3896 3895//3895
f 3812//3812 3813//3813 3897//3897
f 3812//3812 3897//3897 3896//3896
f 3813//3813 3814//3814 3898//3898
f 3813//3813 3898//3898 3897//3897
f 3814//3814 3815//3815 3899//3899
f 3814//3814 3899//3899 3898//3898
f 3815//3815 3816//3816 3900//3900
f 3815//3815 3900//3900 3899//3899
f 3816//3816 3817//3817 3901//3901
f 3816//3816 3901//3901 3900//3900
f 3817//3817 3818//3818 3902//3902
f 3817//3817 3902//3902 3901//3901
f 3818//3818 3819//3819 3903//3903
f 3818//3818 3903//3903 3902//3902
f 3819//3819 3820//3820 3904//3904
f 3819//3819 3904//3904 3903//3903
f 3820//3820 3821//3821 3905//3905
f 3820//3820 3905//3905 3904//3904
f 3821//3821 3822//3822 3906//3906
f 3821//3821 3906//3906 3905//3905
f 3822//3822 3823//3823 3907//3907
f 3822//3822 3907//3907 3906//3906
f 3823//3823 3824//3824 3908//3908
f 3823//3823 3908//3908 3907//3907
f 3824//3824 3825//3825 3909//3909
f 3824//3824 3909//3909 3908//3908
f 3825//3825 3826//3826 3910//3910
f 3825//3825 3910//3910 3909//3909
f 3826//3826 3827//3827 3911//3911
f 3826//3826 3911//3911 3910//3910
f 3827//3827 3828//3828 3912//3912
f 3827//3827 3912//3912 3911//3911
f 3828//3828 3829//3829 3913//3913
f 3828//3828 3913//3913 3912//3912
f 3829//3829 3830//3830 3914//3914
f 3829//3829 3914//3914 3913//3913
f 3830//3830 3831//3831 3915//3915
f 3830//3830 3915//3915 3914//3914
f 3831//3831 3832//3832 3916//3916
f 3831//3831 3916//3916 3915//3915
f 3832//3832 3833//3833 3917//3917
f 3832//3832 3917//3917 3916//3916
f 3833//3833 3834//3834 3918//3918
f 3833//3833 3918//3918 3917//3917
f 3834//3834 3835//3835 3919//3919
f 3834//3834 3919//3919 3918//3918
f 3835//3835 3836//3836 3920//3920
f 3835//3835 3920//3920 3919//3919
f 3836//3836 3837//3837 3921//3921
f 3836//3836 3921//3921 3920//3920
f 3837//3837 3838//3838 3922//3922
f 3837//3837 3922//3922 3921//3921
f 3838//3838 3839//3839 3923//3923
f 3838//3838 3923//3923 3922//3922
f 3839//3839 3840//3840 3924//3924
f 3839//3839 3924//3924 3923//3923
f 3840//3840 3841//3841 3925//3925
f 3840//3840 3925//3925 3924//3924
f 3841//3841 3842//3842 3926//3926
f 3841//3841 3926//3926 3925//3925
f 3842//3842 3843//3843 3927//3927
f 3842//3842 3927//3927 3926//3926
f 3843//3843 3844//3844 3928//3928
f 3843//3843 3928//3928 3927//3927
f 3844//3844 3845//3845 3929//3929
f 3844//3844 3929//3929 3928//3928
f 3845//3845 3846//3846 3930//3930
f 3845//3845 3930//3930 3929//3929
f 3846//3846 3847//3847 3931//3931
f 3846//3846 3931//3931 3930//3930
f 3847//3847 3848//3848 3932//3932
f 3847//3847 3932//3932 3931//3931
f 3848//3848 3849//3849 3933//3933
f 3848//3848 3933//3933 3932//3932
f 3849//3849 3850//3850 3934//3934
f 3849//3849 3934//3934 3933//3933
f 3850//3850 3851//3851 3935//3935
f 3850//3850 3935//3935 3934//3934
f 3851//3851 3852//3852 3936//3936
f 3851//3851 3936//3936 3935//3935
f 3852//3852 3853//3853 3937//3937
f 3852//3852 3937//3937 3936//3936
f 3853//3853 3854//3854 3938//3938
f 3853//3853 3938//3938 3937//3937
f 3854//3854 3855//3855 3939//3939
f 3854//3854 3939//3939 3938//3938
f 3855//3855 3856//3856 3940//3940
f 3855//3855 3940//3940 3939//3939
f 3856//3856 3857//3857 3941//3941
f 3856//3856 3941//3941 3940//3940
f 3857//3857 3858//3858 3942//3942
f 3857//3857 3942//3942 3941//3941
f 3858//3858 3859//3859 3943//3943
f 3858//3858 3943//3943 3942//3942
f 3859//3859 3860//3860 3944//3944
f 3859//3859 3944//3944 3943//3943
f 3860//3860 3861//3861 3945//3945
f 3860//3860 3945//3945 3944//3944
f 3861//3861 3862//3862 3946//3946
f 3861//3861 3946//3946 3945//3945
f 3862//3862 3863//3863 3947//3947
f 3862//3862 3947//3947 3946//3946
f 3863//3863 3864//3864 3948//3948
f 3863//3863 3948//3948 3947//3947
f 3865//3865 3866//3866 3950//3950
f 3865//3865 3950//3950 3949//3949
f 3866//3866 3867//3867 3951//3951
f 3866//3866 3951//3951 3950//3950
f 3867//3867 3868//3868 3952//3952
f 3867//3867 3952//3952 3951//3951
f 3868//3868 3869//3869 3953//3953
f 3868//3868 3953//3953 3952//3952
f 3869//3869 3870//3870 3954//3954
f 3869//3869 3954//3954 3953//3953
f 3870//3870 3871//3871 3955//3955
f 3870//3870 3955//3955 3954//3954
f 3871//3871 3872//3872 3956//3956
f 3871//3871 3956//3956 3955//3955
f 3872//3872 3873//3873 3957//3957
f 3872//3872 3957//3957 3956//3956
f 3873//3873 3874//3874 3958//3958
f 3873//3873 3958//3958 3957//3957
f 3874//3874 3875//3875 3959//3959
f 3874//3874 3959//3959 3958//3958
f 3875//3875 3876//3876 3960//3960
f 3875//3875 3960//3960 3959//3959
f 3876//3876 3877//3877 3961//3961
f 3876//3876 3961//3961 3960//3960
f 3877//3877 3878//3878 3962//3962
f 3877//3877 3962//3962 3961//3961
f 3878//3878 3879//3879 3963//3963
f 3878//3878 3963//3963 3962//3962
f 3879//3879 3880//3880 3964//3964
f 3879//3879 3964//3964 3963//3963
f 3880//3880 3881//3881 3965//3965
f 3880//3880 3965//3965 3964//3964
f 3881//3881 3882//3882 3966//3966
f 3881//3881 3966//3966 3965//3965
f 3882//3882 3883//3883 3967//3967
f 3882//3882 3967//3967 3966//3966
f 3883//3883 3884//3884 3968//3968
f 3883//3883 3968//3968 3967//3967
f 3884//3884 3885//3885 3969//3969
f 3884//3884 3969//3969 3968//3968
f 3885//3885 3886//3886 3970//3970
f 3885//3885 3970//3970 3969//3969
f 3886//3886 3887//3887 3971//3971
f 3886//3886 3971//3971 3970//3970
f 3887//3887 3888//3888 3972//3972
f 3887//3887 3972//3972 3971//3971
f 3888//3888 3889//3889 3973//3973
f 3888//3888 3973//3973 3972//3972
f 3889//3889 3890//3890 3974//3974
f 3889//3889 3974//3974 3973//3973
f 3890//3890 3891//3891 3975//3975
f 3890//3890 3975//3975 3974//3974
f 3891//3891 3892//3892 3976//3976
f 3891//3891 3976//3976 3975//3975
f 3892//3892 3893//3893 3977//3977
f 3892//3892 3977//3977 3976//3976
f 3893//3893 3894//3894 3978//3978
f 3893//3893 3978//3978 3977//3977
f 3894//3894 3895//3895 3979//3979
f 3894//3894 3979//3979 3978//3978
f 3895//3895 3896//3896 3980//3980
f 3895//3895 3980//3980 3979//3979
f 3896//3896 3897//3897 3981//3981
f 3896//3896 3981//3981 3980//3980
f 3897//3897 3898//3898 3982//3982
f 3897//3897 3982//3982 3981//3981
f 3898//3898 3899//3899 3983//3983
f 3898//3898 3983//3983 3982//3982
f 3899//3899 3900//3900 3984//3984
f 3899//3899 3984//3984 3983//3983
f 3900//3900 3901//3901 3985//3985
f 3900//3900 3985//3985 3984//3984
f 3901//3901 3902//3902 3986//3986
f 3901//3901 3986//3986 3985//3985
f 3902//3902 3903//3903 3987//3987
f 3902//3902 3987//3987 3986//3986
f 3903//3903 3904//3904 3988//3988
f 3903//3903 3988//3988 3987//3987
f 3904//3904 3905//3905 3989//3989
f 3904//3904 3989//3989 3988//3988
f 3905//3905 3906//3906 3990//3990
f 3905//3905 3990//3990 3989//3989
f 3906//3906 3907//3907 3991//3991
f 3906//3906 3991//3991 3990//3990
f 3907//3907 3908//3908 3992//3992
f 3907//3907 3992//3992 3991//3991
f 3908//3908 3909//3909 3993//3993
f 3908//3908 3993//3993 3992//3992
f 3909//3909 3910//3910 3994//3994
f 3909//3909 3994//3994 3993//3993
f 3910//3910 3911//3911 3995//3995
f 3910//3910 3995//3995 3994//3994
f 3911//3911 3912//3912 3996//3996
f 3911//3911 3996//3996 3995//3995
f 3912//3912 3913//3913 3997//3997
f 3912//3912 3997//3997 3996//3996
f 3913//3913 3914//3914 3998//3998
f 3913//3913 3998//3998 3997//3997
f 3914//3914 3915//3915 3999//3999
f 3914//3914 3999//3999 3998//3998
f 3915//3915 3916//3916 4000//4000
f 3915//3915 4000//4000 3999//3999
f 3916//3916 3917//3917 4001//4001
f 3916//3916 4001//4001 4000//4000
f 3917//3917 3918//3918 4002//4002
f 3917//3917 4002//4002 4001//4001
f 3918//3918 3919//3919 4003//4003
f 3918//3918 4003//4003 4002//4002
f 3919//3919 3920//3920 4004//4004
f 3919//3919 4004//4004 4003//4003
f 3920//3920 3921//3921 4005//4005
f 3920//3920 4005//4005 4004//4004
f 3921//3921 3922//3922 4006//4006
f 3921//3921 4006//4006 4005//4005
f 3922//3922 3923//3923 4007//4007
f 3922//3922 4007//4007 4006//4006
f 3923//3923 3924//3924 4008//4008
f 3923//3923 4008//4008 4007//4007
f 3924//3924 3925//3925 4009//4009
f 3924//3924 4009//4009 4008//4008
f 3925//3925 3926//3926 4010//4010
f 3925//3925 4010//4010 4009//4009
f 3926//3926 3927//3927 4011//4011
f 3926//3926 4011//4011 4010//4010
f 3927//3927 3928//3928 4012//4012
f 3927//3927 4012//4012 4011//4011
f 3928//3928 3929//3929 4013//4013
f 3928//3928 4013//4013 4012//4012
f 3929//3929 3930//3930 4014//4014
f 3929//3929 4014//4014 4013//4013
f 3930//3930 3931//3931 4015//4015
f 3930//3930 4015//4015 4014//4014
f 3931//3931 3932//3932 4016//4016
f 3931//3931 4016//4016 4015//4015
f 3932//3932 3933//3933 4017//4017
f 3932//3932 4017//4017 4016//4016
f 3933//3933 3934//3934 4018//4018
f 3933//3933 4018//4018 4017//4017
f 3934//3934 3935//3935 4019//4019
f 3934//3934 4019//4019 4018//4018
f 3935//3935 3936//3936 4020//4020
f 3935//3935 4020//4020 4019//4019
f 3936//3936 3937//3937 4021//4021
f 3936//3936 4021//4021 4020//4020
f 3937//3937 3938//3938 4022//4022
f 3937//3937 4022//4022 4021//4021
f 3938//3938 3939//3939 4023//4023
f 3938//3938 4023//4023 4022//4022
f 3939//3939 3940//3940 4024//4024
f 3939//3939 4024//4024 4023//4023
f 3940//3940 3941//3941 4025//4025
f 3940//3940 4025//4025 4024//4024
f 3941//3941 3942//3942 4026//4026
f 3941//3941 4026//4026 4025//4025
f 3942//3942 3943//3943 4027//4027
f 3942//3942 4027//4027 4026//4026
f 3943//3943 3944//3944 4028//4028
f 3943//3943 4028//4028 4027//4027
f 3944//3944 3945//3945 4029//4029
f 3944//3944 4029//4029 4028//4028
f 3945//3945 3946//3946 4030//4030
f 3945//3945 4030//4030 4029//4029
f 3946//3946 3947//3947 4031//4031
f 3946//3946 4031//4031 4030//4030
f 3947//3947 3948//3948 4032//4032
f 3947//3947 4032//4032 4031//4031
f 3949//3949 3950//3950 4034//4034
f 3949//3949 4034//4034 4033//4033
f 3950//3950 3951//3951 4035//4035
f 3950//3950 4035//4035 4034//4034
f 3951//3951 3952//3952 4036//4036
f 3951//3951 4036//4036 4035//4035
f 3952//3952 3953//3953 4037//4037
f 3952//3952 4037//4037 4036//4036
f 3953//3953 3954//3954 4038//4038
f 3953//3953 4038//4038 4037//4037
f 3954//3954 3955//3955 4039//4039
f 3954//3954 4039//4039 4038//4038
f 3955//3955 3956//3956 4040//4040
f 3955//3955 4040//4040 4039//4039
f 3956//3956 3957//3957 4041//4041
f 3956//3956 4041//4041 4040//4040
f 3957//3957 3958//3958 4042//4042
f 3957//3957 4042//4042 4041//4041
f 3958//3958 3959//3959 4043//4043
f 3958//3958 4043//4043 4042//4042
f 3959//3959 3960//3960 4044//4044
f 3959//3959 4044//4044 4043//4043
f 3960//3960 3961//3961 4045//4045
f 3960//3960 4045//4045 4044//4044
f 3961//3961 3962//3962 4046//4046
f 3961//3961 4046//4046 4045//4045
f 3962//3962 3963//3963 4047//4047
f 3962//3962 4047//4047 4046//4046
f 3963//3963 3964//3964 4048//4048
f 3963//3963 4048//4048 4047//4047
f 3964//3964 3965//3965 4049//4049
f 3964//3964 4049//4049 4048//4048
f 3965//3965 3966//3966 4050//4050
f 3965//3965 4050//4050 4049//4049
f 3966//3966 3967//3967 4051//4051
f 3966//3966 4051//4051 4050//4050
f 3967//3967 3968//3968 4052//4052
f 3967//3967 4052//4052 4051//4051
f 3968//3968 3969//3969 4053//4053
f 3968//3968 4053//4053 4052//4052
f 3969//3969 3970//3970 4054//4054
f 3969//3969 4054//4054 4053//4053
f 3970//3970 3971//3971 4055//4055
f 3970//3970 4055//4055 4054//4054
f 3971//3971 3972//3972 4056//4056
f 3971//3971 4056//4056 4055//4055
f 3972//3972 3973//3973 4057//4057
f 3972//3972 4057//4057 4056//4056
f 3973//3973 3974//3974 4058//4058
f 3973//3973 4058//4058 4057//4057
f 3974//3974 3975//3975 4059//4059
f 3974//3974 4059//4059 4058//4058
f 3975//3975 3976//3976 4060//4060
f 3975//3975 4060//4060 4059//4059
f 3976//3976 3977//3977 4061//4061
f 3976//3976 4061//4061 4060//4060
f 3977//3977 3978//3978 4062//4062
f 3977//3977 4062//4062 4061//4061
f 3978//3978 3979//3979 4063//4063
f 3978//3978 4063//4063 4062//4062
f 3979//3979 3980//3980 4064//4064
f 3979//3979 4064//4064 4063//4063
f 3980//3980 3981//3981 4065//4065
f 3980//3980 4065//4065 4064//4064
f 3981//3981 3982//3982 4066//4066
f 3981//3981 4066//4066 4065//4065
f 3982//3982 3983//3983 4067//4067
f 3982//3982 4067//4067 4066//4066
f 3983//3983 3984//3984 4068//4068
f 3983//3983 4068//4068 4067//4067
f 3984//3984 3985//3985 4069//4069
f 3984//3984 4069//4069 4068//4068
f 3985//3985 3986//3986 4070//4070
f 3985//3985 4070//4070 4069//4069
f 3986//3986 3987//3987 4071//4071
f 3986//3986 4071//4071 4070//4070
f 3987//3987 3988//3988 4072//4072
f 3987//3987 4072//4072 4071//4071
f 3988//3988 3989//3989 4073//4073
f 3988//3988 4073//4073 4072//4072
f 3989//3989 3990//3990 4074//4074
f 3989//3989 4074//4074 4073//4073
f 3990//3990 3991//3991 4075//4075
f 3990//3990 4075//4075 4074//4074
f 3991//3991 3992//3992 4076//4076
f 3991//3991 4076//4076 4075//4075
f 3992//3992 3993//3993 4077//4077
f 3992//3992 4077//4077 4076//4076
f 3993//3993 3994//3994 4078//4078
f 3993//3993 4078//4078 4077//4077
f 3994//3994 3995//3995 4079//4079
f 3994//3994 4079//4079 4078//4078
f 3995//3995 3996//3996 4080//4080
f 3995//3995 4080//4080 4079//4079
f 3996//3996 3997//3997 4081//4081
f 3996//3996 4081//4081 4080//4080
f 3997//3997 3998//3998 4082//4082
f 3997//3997 4082//4082 4081//4081
f 3998//3998 3999//3999 4083//4083
f 3998//3998 4083//4083 4082//4082
f 3999//3999 4000//4000 4084//4084
f 3999//3999 4084//4084 4083//4083
f 4000//4000 4001//4001 4085//4085
f 4000//4000 4085//4085 4084//4084
f 4001//4001 4002//4002 4086//4086
f 4001//4001 4086//4086 4085//4085
f 4002//4002 4003//4003 4087//4087
f 4002//4002 4087//4087 4086//4086
f 4003//4003 4004//4004 4088//4088
f 4003//4003 4088//4088 4087//4087
f 4004//4004 4005//4005 4089//4089
f 4004//4004 4089//4089 4088//4088
f 4005//4005 4006//4006 4090//4090
f 4005//4005 4090//4090 4089//4089
f 4006//4006 4007//4007 4091//4091
f 4006//4006 4091//4091 4090//4090
f 4007//4007 4008//4008 4092//4092
f 4007//4007 4092//4092 4091//4091
f 4008//4008 4009//4009 4093//4093
f 4008//4008 4093//4093 4092//4092
f 4009//4009 4010//4010 4094//4094
f 4009//4009 4094//4094 4093//4093
f 4010//4010 4011//4011 4095//4095
f 4010//4010 4095//4095 4094//4094
f 4011//4011 4012//4012 4096//4096
f 4011//4011 4096//4096 4095//4095
f 4012//4012 4013//4013 4097//4097
f 4012//4012 4097//4097 4096//4096
f 4013//4013 4014//4014 4098//4098
f 4013//4013 4098//4098 4097//4097
f 4014//4014 4015//4015 4099//4099
f 4014//4014 4099//4099 4098//4098
f 4015//4015 4016//4016 4100//4100
f 4015//4015 4100//4100 4099//4099
f 4016//4016 4017//4017 4101//4101
f 4016//4016 4101//4101 4100//4100
f 4017//4017 4018//4018 4102//4102
f 4017//4017 4102//4102 4101//4101
f 4018//4018 4019//4019 4103//4103
f 4018//4018 4103//4103 4102//4102
f 4019//4019 4020//4020 4104//4104
f 4019//4019 4104//4104 4103//4103
f 4020//4020 4021//4021 4105//4105
f 4020//4020 4105//4105 4104//4104
f 4021//4021 4022//4022 4106//4106
f 4021//4021 4106//4106 4105//4105
f 4022//4022 4023//4023 4107//4107
f 4022//4022 4107//4107 4106//4106
f 4023//4023 4024//4024 4108//4108
f 4023//4023 4108//4108 4107//4107
f 4024//4024 4025//4025 4109//4109
f 4024//4024 4109//4109 4108//4108
f 4025//4025 4026//4026 4110//4110
f 4025//4025 4110//4110 4109//4109
f 4026//4026 4027//4027 4111//4111
f 4026//4026 4111//4111 4110//4110
f 4027//4027 4028//4028 4112//4112
f 4027//4027 4112//4112 4111//4111
f 4028//4028 4029//4029 4113//4113
f 4028//4028 4113//4113 4112//4112
f 4029//4029 4030//4030 4114//4114
f 4029//4029 4114//4114 4113//4113
f 4030//4030 4031//4031 4115//4115
f 4030//4030 4115//4115 4114//4114
f 4031//4031 4032//4032 4116//4116
f 4031//4031 4116//4116 4115//4115
f 4033//4033 4034//4034 4118//4118
f 4033//4033 4118//4118 4117//4117
f 4034//4034 4035//4035 4119//4119
f 4034//4034 4119//4119 4118//4118
f 4035//4035 4036//4036 4120//4120
f 4035//4035 4120//4120 4119//4119
f 4036//4036 4037//4037 4121//4121
f 4036//4036 4121//4121 4120//4120
f 4037//4037 4038//4038 4122//4122
f 4037//4037 4122//4122 4121//4121
f 4038//4038 4039//4039 4123//4123
f 4038//4038 4123//4123 4122//4122
f 4039//4039 4040//4040 4124//4124
f 4039//4039 4124//4124 4123//4123
f 4040//4040 4041//4041 4125//4125
f 4040//4040 4125//4125 4124//4124
f 4041//4041 4042//4042 4126//4126
f 4041//4041 4126//4126 4125//4125
f 4042//4042 4043//4043 4127//4127
f 4042//4042 4127//4127 4126//4126
f 4043//4043 4044//4044 4128//4128
f 4043//4043 4128//4128 4127//4127
f 4044//4044 4045//4045 4129//4129
f 4044//4044 4129//4129 4128//4128
f 4045//4045 4046//4046 4130//4130
f 4045//4045 4130//4130 4129//4129
f 4046//4046 4047//4047 4131//4131
f 4046//4046 4131//4131 4130//4130
f 4047//4047 4048//4048 4132//4132
f 4047//4047 4132//4132 4131//4131
f 4048//4048 4049//4049 4133//4133
f 4048//4048 4133//4133 4132//4132
f 4049//4049 4050//4050 4134//4134
f 4049//4049 4134//4134 4133//4133
f 4050//4050 4051//4051 4135//4135
f 4050//4050 4135//4135 4134//4134
f 4051//4051 4052//4052 4136//4136
f 4051//4051 4136//4136 4135//4135
f 4052//4052 4053//4053 4137//4137
f 4052//4052 4137//4137 4136//4136
f 4053//4053 4054//4054 4138//4138
f 4053//4053 4138//4138 4137//4137
f 4054//4054 4055//4055 4139//4139
f 4054//4054 4139//4139 4138//4138
f 4055//4055 4056//4056 4140//4140
f 4055//4055 4140//4140 4139//4139
f 4056//4056 4057//4057 4141//4141
f 4056//4056 4141//4141 4140//4140
f 4057//4057 4058//4058 4142//4142
f 4057//4057 4142//4142 4141//4141
f 4058//4058 4059//4059 4143//4143
f 4058//4058 4143//4143 4142//4142
f 4059//4059 4060//4060 4144//4144
f 4059//4059 4144//4144 4143//4143
f 4060//4060 4061//4061 4145//4145
f 4060//4060 4145//4145 4144//4144
f 4061//4061 4062//4062 4146//4146
f 4061//4061 4146//4146 4145//4145
f 4062//4062 4063//4063 4147//4147
f 4062//4062 4147//4147 4146//4146
f 4063//4063 4064//4064 4148//4148
f 4063//4063 4148//4148 4147//4147
f 4064//4064 4065//4065 4149//4149
f 4064//4064 4149//4149 4148//4148
f 4065//4065 4066//4066 4150//4150
f 4065//4065 4150//4150 4149//4149
f 4066//4066 4067//4067 4151//4151
f 4066//4066 4151//4151 4150//4150
f 4067//4067 4068//4068 4152//4152
f 4067//4067 4152//4152 4151//4151
f 4068//4068 4069//4069 4153//4153
f 4068//4068 4153//4153 4152//4152
f 4069//4069 4070//4070 4154//4154
f 4069//4069 4154//4154 4153//4153
f 4070//4070 4071//4071 4155//4155
f 4070//4070 4155//4155 4154//4154
f 4071//4071 4072//4072 4156//4156
f 4071//4071 4156//4156 4155//4155
f 4072//4072 4073//4073 4157//4157
f 4072//4072 4157//4157 4156//4156
f 4073//4073 4074//4074 4158//4158
f 4073//4073 4158//4158 4157//4157
f 4074//4074 4075//4075 4159//4159
f 4074//4074 4159//4159 4158//4158
f 4075//4075 4076//4076 4160//4160
f 4075//4075 4160//4160 4159//4159
f 4076//4076 4077//4077 4161//4161
f 4076//4076 4161//4161 4160//4160
f 4077//4077 4078//4078 4162//4162
f 4077//4077 4162//4162 4161//4161
f 4078//4078 4079//4079 4163//4163
f 4078//4078 4163//4163 4162//4162
f 4079//4079 4080//4080 4164//4164
f 4079//4079 4164//4164 4163//4163
f 4080//4080 4081//4081 4165//4165
f 4080//4080 4165//4165 4164//4164
f 4081//4081 4082//4082 4166//4166
f 4081//4081 4166//4166 4165//4165
f 4082//4082 4083//4083 4167//4167
f 4082//4082 4167//4167 4166//4166
f 4083//4083 4084//4084 4168//4168
f 4083//4083 4168//4168 4167//4167
f 4084//4084 4085//4085 4169//4169
f 4084//4084 4169//4169 4168//4168
f 4085//4085 4086//4086 4170//4170
f 4085//4085 4170//4170 4169//4169
f 4086//4086 4087//4087 4171//4171
f 4086//4086 4171//4171 4170//4170
f 4087//4087 4088//4088 4172//4172
f 4087//4087 4172//4172 4171//4171
f 4088//4088 4089//4089 4173//4173
f 4088//4088 4173//4173 4172//4172
f 4089//4089 4090//4090 4174//4174
f 4089//4089 4174//4174 4173//4173
f 4090//4090 4091//4091 4175//4175
f 4090//4090 4175//4175 4174//4174
f 4091//4091 4092//4092 4176//4176
f 4091//4091 4176//4176 4175//4175
f 4092//4092 4093//4093 4177//4177
f 4092//4092 4177//4177 4176//4176
f 4093//4093 4094//4094 4178//4178
f 4093//4093 4178//4178 4177//4177
f 4094//4094 4095//4095 4179//4179
f 4094//4094 4179//4179 4178//4178
f 4095//4095 4096//4096 4180//4180
f 4095//4095 4180//4180 4179//4179
f 4096//4096 4097//4097 4181//4181
f 4096//4096 4181//4181 4180//4180
f 4097//4097 4098//4098 4182//4182
f 4097//4097 4182//4182 4181//4181
f 4098//4098 4099//4099 4183//4183
f 4098//4098 4183//4183 4182//4182
f 4099//4099 4100//4100 4184//4184
f 4099//4099 4184//4184 4183//4183
f 4100//4100 4101//4101 4185//4185
f 4100//4100 4185//4185 4184//4184
f 4101//4101 4102//4102 4186//4186
f 4101//4101 4186//4186 4185//4185
f 4102//4102 4103//4103 4187//4187
f 4102//4102 4187//4187 4186//4186
f 4103//4103 4104//4104 4188//4188
f 4103//4103 4188//4188 4187//4187
f 4104//4104 4105//4105 4189//4189
f 4104//4104 4189//4189 4188//4188
f 4105//4105 4106//4106 4190//4190
f 4105//4105 4190//4190 4189//4189
f 4106//4106 4107//4107 4191//4191
f 4106//4106 4191//4191 4190//4190
f 4107//4107 4108//4108 4192//4192
f 4107//4107 4192//4192 4191//4191
f 4108//4108 4109//4109 4193//4193
f 4108//4108 4193//4193 4192//4192
f 4109//4109 4110//4110 4194//4194
f 4109//4109 4194//4194 4193//4193
f 4110//4110 4111//4111 4195//4195
f 4110//4110 4195//4195 4194//4194
f 4111//4111 4112//4112 4196//4196
f 4111//4111 4196//4196 4195//4195
f 4112//4112 4113//4113 4197//4197
f 4112//4112 4197//4197 4196//4196
f 4113//4113 4114//4114 4198//4198
f 4113//4113 4198//4198 4197//4197
f 4114//4114 4115//4115 4199//4199
f 4114//4114 4199//4199 4198//4198
f 4115//4115 4116//4116 4200//4200
f 4115//4115 4200//4200 4199//4199
f 4117//4117 4118//4118 4202//4202
f 4117//4117 4202//4202 4201//4201
f 4118//4118 4119//4119 4203//4203
f 4118//4118 4203//4203 4202//4202
f 4119//4119 4120//4120 4204//4204
f 4119//4119 4204//4204 4203//4203
f 4120//4120 4121//4121 4205//4205
f 4120//4120 4205//4205 4204//4204
f 4121//4121 4122//4122 4206//4206
f 4121//4121 4206//4206 4205//4205
f 4122//4122 4123//4123 4207//4207
f 4122//4122 4207//4207 4206//4206
f 4123//4123 4124//4124 4208//4208
f 4123//4123 4208//4208 4207//4207
f 4124//4124 4125//4125 4209//4209
f 4124//4124 4209//4209 4208//4208
f 4125//4125 4126//4126 4210//4210
f 4125//4125 4210//4210 4209//4209
f 4126//4126 4127//4127 4211//4211
f 4126//4126 4211//4211 4210//4210
f 4127//4127 4128//4128 4212//4212
f 4127//4127 4212//4212 4211//4211
f 4128//4128 4129//4129 4213//4213
f 4128//4128 4213//4213 4212//4212
f 4129//4129 4130//4130 4214//4214
f 4129//4129 4214//4214 4213//4213
f 4130//4130 4131//4131 4215//4215
f 4130//4130 4215//4215 4214//4214
f 4131//4131 4132//4132 4216//4216
f 4131//4131 4216//4216 4215//4215
f 4132//4132 4133//4133 4217//4217
f 4132//4132 4217//4217 4216//4216
f 4133//4133 4134//4134 4218//4218
f 4133//4133 4218//4218 4217//4217
f 4134//4134 4135//4135 4219//4219
f 4134//4134 4219//4219 4218//4218
f 4135//4135 4136//4136 4220//4220
f 4135//4135 4220//4220 4219//4219
f 4136//4136 4137//4137 4221//4221
f 4136//4136 4221//4221 4220//4220
f 4137//4137 4138//4138 4222//4222
f 4137//4137 4222//4222 4221//4221
f 4138//4138 4139//4139 4223//4223
f 4138//4138 4223//4223 4222//4222
f 4139//4139 4140//4140 4224//4224
f 4139//4139 4224//4224 4223//4223
f 4140//4140 4141//4141 4225//4225
f 4140//4140 4225//4225 4224//4224
f 4141//4141 4142//4142 4226//4226
f 4141//4141 4226//4226 4225//4225
f 4142//4142 4143//4143 4227//4227
f 4142//4142 4227//4227 4226//4226
f 4143//4143 4144//4144 4228//4228
f 4143//4143 4228//4228 4227//4227
f 4144//4144 4145//4145 4229//4229
f 4144//4144 4229//4229 4228//4228
f 4145//4145 4146//4146 4230//4230
f 4145//4145 4230//4230 4229//4229
f 4146//4146 4147//4147 4231//4231
f 4146//4146 4231//4231 4230//4230
f 4147//4147 4148//4148 4232//4232
f 4147//4147 4232//4232 4231//4231
f 4148//4148 4149//4149 4233//4233
f 4148//4148 4233//4233 4232//4232
f 4149//4149 4150//4150 4234//4234
f 4149//4149 4234//4234 4233//4233
f 4150//4150 4151//4151 4235//4235
f 4150//4150 4235//4235 4234//4234
f 4151//4151 4152//4152 4236//4236
f 4151//4151 4236//4236 4235//4235
f 4152//4152 4153//4153 4237//4237
f 4152//4152 4237//4237 4236//4236
f 4153//4153 4154//4154 4238//4238
f 4153//4153 4238//4238 4237//4237
f 4154//4154 4155//4155 4239//4239
f 4154//4154 4239//4239 4238//4238
f 4155//4155 4156//4156 4240//4240
f 4155//4155 4240//4240 4239//4239
f 4156//4156 4157//4157 4241//4241
f 4156//4156 4241//4241 4240//4240
f 4157//4157 4158//4158 4242//4242
f 4157//4157 4242//4242 4241//4241
f 4158//4158 4159//4159 4243//4243
f 4158//4158 4243//4243 4242//4242
f 4159//4159 4160//4160 4244//4244
f 4159//4159 4244//4244 4243//4243
f 4160//4160 4161//4161 4245//4245
f 4160//4160 4245//4245 4244//4244
f 4161//4161 4162//4162 4246//4246
f 4161//4161 4246//4246 4245//4245
f 4162//4162 4163//4163 4247//4247
f 4162//4162 4247//4247 4246//4246
f 4163//4163 4164//4164 4248//4248
f 4163//4163 4248//4248 4247//4247
f 4164//4164 4165//4165 4249//4249
f 4164//4164 4249//4249 4248//4248
f 4165//4165 4166//4166 4250//4250
f 4165//4165 4250//4250 4249//4249
f 4166//4166 4167//4167 4251//4251
f 4166//4166 4251//4251 4250//4250
f 4167//4167 4168//4168 4252//4252
f 4167//4167 4252//4252 4251//4251
f 4168//4168 4169//4169 4253//4253
f 4168//4168 4253//4253 4252//4252
f 4169//4169 4170//4170 4254//4254
f 4169//4169 4254//4254 4253//4253
f 4170//4170 4171//4171 4255//4255
f 4170//4170 4255//4255 4254//4254
f 4171//4171 4172//4172 4256//4256
f 4171//4171 4256//4256 4255//4255
f 4172//4172 4173//4173 4257//4257
f 4172//4172 4257//4257 4256//4256
f 4173//4173 4174//4174 4258//4258
f 4173//4173 4258//4258 4257//4257
f 4174//4174 4175//4175 4259//4259
f 4174//4174 4259//4259 4258//4258
f 4175//4175 4176//4176 4260//4260
f 4175//4175 4260//4260 4259//4259
f 4176//4176 4177//4177 4261//4261
f 4176//4176 4261//4261 4260//4260
f 4177//4177 4178//4178 4262//4262
f 4177//4177 4262//4262 4261//4261
f 4178//4178 4179//4179 4263//4263
f 4178//4178 4263//4263 4262//4262
f 4179//4179 4180//4180 4264//4264
f 4179//4179 4264//4264 4263//4263
f 4180//4180 4181//4181 4265//4265
f 4180//4180 4265//4265 4264//4264
f 4181//4181 4182//4182 4266//4266
f 4181//4181 4266//4266 4265//4265
f 4182//4182 4183//4183 4267//4267
f 4182//4182 4267//4267 4266//4266
f 4183//4183 4184//4184 4268//4268
f 4183//4183 4268//4268 4267//4267
f 4184//4184 4185//4185 4269//4269
f 4184//4184 4269//4269 4268//4268
f 4185//4185 4186//4186 4270//4270
f 4185//4185 4270//4270 4269//4269
f 4186//4186 4187//4187 4271//4271
f 4186//4186 4271//4271 4270//4270
f 4187//4187 4188//4188 4272//4272
f 4187//4187 4272//4272 4271//4271
f 4188//4188 4189//4189 4273//4273
f 4188//4188 4273//4273 4272//4272
f 4189//4189 4190//4190 4274//4274
f 4189//4189 4274//4274 4273//4273
f 4190//4190 4191//4191 4275//4275
f 4190//4190 4275//4275 4274//4274
f 4191//4191 4192//4192 4276//4276
f 4191//4191 4276//4276 4275//4275
f 4192//4192 4193//4193 4277//4277
f 4192//4192 4277//4277 4276//4276
f 4193//4193 4194//4194 4278//4278
f 4193//4193 4278//4278 4277//4277
f 4194//4194 4195//4195 4279//4279
f 4194//4194 4279//4279 4278//4278
f 4195//4195 4196//4196 4280//4280
f 4195//4195 4280//4280 4279//4279
f 4196//4196 4197//4197 4281//4281
f 4196//4196 4281//4281 4280//4280
f 4197//4197 4198//4198 4282//4282
f 4197//4197 4282//4282 4281//4281
f 4198//4198 4199//4199 4283//4283
f 4198//4198 4283//4283 4282//4282
f 4199//4199 4200//4200 4284//4284
f 4199//4199 4284//4284 4283//4283
f 4201//4201 4202//4202 4286//4286
f 4201//4201 4286//4286 4285//4285
f 4202//4202 4203//4203 4287//4287
f 4202//4202 4287//4287 4286//4286
f 4203//4203 4204//4204 4288//4288
f 4203//4203 4288//4288 4287//4287
f 4204//4204 4205//4205 4289//4289
f 4204//4204 4289//4289 4288//4288
f 4205//4205 4206//4206 4290//4290
f 4205//4205 4290//4290 4289//4289
f 4206//4206 4207//4207 4291//4291
f 4206//4206 4291//4291 4290//4290
f 4207//4207 4208//4208 4292//4292
f 4207//4207 4292//4292 4291//4291
f 4208//4208 4209//4209 4293//4293
f 4208//4208 4293//4293 4292//4292
f 4209//4209 4210//4210 4294//4294
f 4209//4209 4294//4294 4293//4293
f 4210//4210 4211//4211 4295//4295
f 4210//4210 4295//4295 4294//4294
f 4211//4211 4212//4212 4296//4296
f 4211//4211 4296//4296 4295//4295
f 4212//4212 4213//4213 4297//4297
f 4212//4212 4297//4297 4296//4296
f 4213//4213 4214//4214 4298//4298
f 4213//4213 4298//4298 4297//4297
f 4214//4214 4215//4215 4299//4299
f 4214//4214 4299//4299 4298//4298
f 4215//4215 4216//4216 4300//4300
f 4215//4215 4300//4300 4299//4299
f 4216//4216 4217//4217 4301//4301
f 4216//4216 4301//4301 4300//4300
f 4217//4217 4218//4218 4302//4302
f 4217//4217 4302//4302 4301//4301
f 4218//4218 4219//4219 4303//4303
f 4218//4218 4303//4303 4302//4302
f 4219//4219 4220//4220 4304//4304
f 4219//4219 4304//4304 4303//4303
f 4220//4220 4221//4221 4305//4305
f 4220//4220 4305//4305 4304//4304
f 4221//4221 4222//4222 4306//4306
f 4221//4221 4306//4306 4305//4305
f 4222//4222 4223//4223 4307//4307
f 4222//4222 4307//4307 4306//4306
f 4223//4223 4224//4224 4308//4308
f 4223//4223 4308//4308 4307//4307
f 4224//4224 4225//4225 4309//4309
f 4224//4224 4309//4309 4308//4308
f 4225//4225 4226//4226 4310//4310
f 4225//4225 4310//4310 4309//4309
f 4226//4226 4227//4227 4311//4311
f 4226//4226 4311//4311 4310//4310
f 4227//4227 4228//4228 4312//4312
f 4227//4227 4312//4312 4311//4311
f 4228//4228 4229//4229 4313//4313
f 4228//4228 4313//4313 4312//4312
f 4229//4229 4230//4230 4314//4314
f 4229//4229 4314//4314 4313//4313
f 4230//4230 4231//4231 4315//4315
f 4230//4230 4315//4315 4314//4314
f 4231//4231 4232//4232 4316//4316
f 4231//4231 4316//4316 4315//4315
f 4232//4232 4233//4233 4317//4317
f 4232//4232 4317//4317 4316//4316
f 4233//4233 4234//4234 4318//4318
f 4233//4233 4318//4318 4317//4317
f 4234//4234 4235//4235 4319//4319
f 4234//4234 4319//4319 4318//4318
f 4235//4235 4236//4236 4320//4320
f 4235//4235 4320//4320 4319//4319
f 4236//4236 4237//4237 4321//4321
f 4236//4236 4321//4321 4320//4320
f 4237//4237 4238//4238 4322//4322
f 4237//4237 4322//4322 4321//4321
f 4238//4238 4239//4239 4323//4323
f 4238//4238 4323//4323 4322//4322
f 4239//4239 4240//4240 4324//4324
f 4239//4239 4324//4324 4323//4323
f 4240//4240 4241//4241 4325//4325
f 4240//4240 4325//4325 4324//4324
f 4241//4241 4242//4242 4326//4326
f 4241//4241 4326//4326 4325//4325
f 4242//4242 4243//4243 4327//4327
f 4242//4242 4327//4327 4326//4326
f 4243//4243 4244//4244 4328//4328
f 4243//4243 4328//4328 4327//4327
f 4244//4244 4245//4245 4329//4329
f 4244//4244 4329//4329 4328//4328
f 4245//4245 4246//4246 4330//4330
f 4245//4245 4330//4330 4329//4329
f 4246//4246 4247//4247 4331//4331
f 4246//4246 4331//4331 4330//4330
f 4247//4247 4248//4248 4332//4332
f 4247//4247 4332//4332 4331//4331
f 4248//4248 4249//4249 4333//4333
f 4248//4248 4333//4333 4332//4332
f 4249//4249 4250//4250 4334//4334
f 4249//4249 4334//4334 4333//4333
f 4250//4250 4251//4251 4335//4335
f 4250//4250 4335//4335 4334//4334
f 4251//4251 4252//4252 4336//4336
f 4251//4251 4336//4336 4335//4335
f 4252//4252 4253//4253 4337//4337
f 4252//4252 4337//4337 4336//4336
f 4253//4253 4254//4254 4338//4338
f 4253//4253 4338//4338 4337//4337
f 4254//4254 4255//4255 4339//4339
f 4254//4254 4339//4339 4338//4338
f 4255//4255 4256//4256 4340//4340
f 4255//4255 4340//4340 4339//4339
f 4256//4256 4257//4257 4341//4341
f 4256//4256 4341//4341 4340//4340
f 4257//4257 4258//4258 4342//4342
f 4257//4257 4342//4342 4341//4341
f 4258//4258 4259//4259 4343//4343
f 4258//4258 4343//4343 4342//4342
f 4259//4259 4260//4260 4344//4344
f 4259//4259 4344//4344 4343//4343
f 4260//4260 4261//4261 4345//4345
f 4260//4260 4345//4345 4344//4344
f 4261//4261 4262//4262 4346//4346
f 4261//4261 4346//4346 4345//4345
f 4262//4262 4263//4263 4347//4347
f 4262//4262 4347//4347 4346//4346
f 4263//4263 4264//4264 4348//4348
f 4263//4263 4348//4348 4347//4347
f 4264//4264 4265//4265 4349//4349
f 4264//4264 4349//4349 4348//4348
f 4265//4265 4266//4266 4350//4350
f 4265//4265 4350//4350 4349//4349
f 4266//4266 4267//4267 4351//4351
f 4266//4266 4351//4351 4350//4350
f 4267//4267 4268//4268 4352//4352
f 4267//4267 4352//4352 4351//4351
f 4268//4268 4269//4269 4353//4353
f 4268//4268 4353//4353 4352//4352
f 4269//4269 4270//4270 4354//4354
f 4269//4269 4354//4354 4353//4353
f 4270//4270 4271//4271 4355//4355
f 4270//4270 4355//4355 4354//4354
f 4271//4271 4272//4272 4356//4356
f 4271//4271 4356//4356 4355//4355
f 4272//4272 4273//4273 4357//4357
f 4272//4272 4357//4357 4356//4356
f 4273//4273 4274//4274 4358//4358
f 4273//4273 4358//4358 4357//4357
f 4274//4274 4275//4275 4359//4359
f 4274//4274 4359//4359 4358//4358
f 4275//4275 4276//4276 4360//4360
f 4275//4275 4360//4360 4359//4359
f 4276//4276 4277//4277 4361//4361
f 4276//4276 4361//4361 4360//4360
f 4277//4277 4278//4278 4362//4362
f 4277//4277 4362//4362 4361//4361
f 4278//4278 4279//4279 4363//4363
f 4278//4278 4363//4363 4362//4362
f 4279//4279 4280//4280 4364//4364
f 4279//4279 4364//4364 4363//4363
f 4280//4280 4281//4281 4365//4365
f 4280//4280 4365//4365 4364//4364
f 4281//4281 4282//4282 4366//4366
f 4281//4281 4366//4366 4365//4365
f 4282//4282 4283//4283 4367//4367
f 4282//4282 4367//4367 4366//4366
f 4283//4283 4284//4284 4368//4368
f 4283//4283 4368//4368 4367//4367
f 4285//4285 4286//4286 4370//4370
f 4285//4285 4370//4370 4369//4369
f 4286//4286 4287//4287 4371//4371
f 4286//4286 4371//4371 4370//4370
f 4287//4287 4288//4288 4372//4372
f 4287//4287 4372//4372 4371//4371
f 4288//4288 4289//4289 4373//4373
f 4288//4288 4373//4373 4372//4372
f 4289//4289 4290//4290 4374//4374
f 4289//4289 4374//4374 4373//4373
f 4290//4290 4291//4291 4375//4375
f 4290//4290 4375//4375 4374//4374
f 4291//4291 4292//4292 4376//4376
f 4291//4291 4376//4376 4375//4375
f 4292//4292 4293//4293 4377//4377
f 4292//4292 4377//4377 4376//4376
f 4293//4293 4294//4294 4378//4378
f 4293//4293 4378//4378 4377//4377
f 4294//4294 4295//4295 4379//4379
f 4294//4294 4379//4379 4378//4378
f 4295//4295 4296//4296 4380//4380
f 4295//4295 4380//4380 4379//4379
f 4296//4296 4297//4297 4381//4381
f 4296//4296 4381//4381 4380//4380
f 4297//4297 4298//4298 4382//4382
f 4297//4297 4382//4382 4381//4381
f 4298//4298 4299//4299 4383//4383
f 4298//4298 4383//4383 4382//4382
f 4299//4299 4300//4300 4384//4384
f 4299//4299 4384//4384 4383//4383
f 4300//4300 4301//4301 4385//4385
f 4300//4300 4385//4385 4384//4384
f 4301//4301 4302//4302 4386//4386
f 4301//4301 4386//4386 4385//4385
f 4302//4302 4303//4303 4387//4387
f 4302//4302 4387//4387 4386//4386
f 4303//4303 4304//4304 4388//4388
f 4303//4303 4388//4388 4387//4387
f 4304//4304 4305//4305 4389//4389
f 4304//4304 4389//4389 4388//4388
f 4305//4305 4306//4306 4390//4390
f 4305//4305 4390//4390 4389//4389
f 4306//4306 4307//4307 4391//4391
f 4306//4306 4391//4391 4390//4390
f 4307//4307 4308//4308 4392//4392
f 4307//4307 4392//4392 4391//4391
f 4308//4308 4309//4309 4393//4393
f 4308//4308 4393//4393 4392//4392
f 4309//4309 4310//4310 4394//4394
f 4309//4309 4394//4394 4393//4393
f 4310//4310 4311//4311 4395//4395
f 4310//4310 4395//4395 4394//4394
f 4311//4311 4312//4312 4396//4396
f 4311//4311 4396//4396 4395//4395
f 4312//4312 4313//4313 4397//4397
f 4312//4312 4397//4397 4396//4396
f 4313//4313 4314//4314 4398//4398
f 4313//4313 4398//4398 4397//4397
f 4314//4314 4315//4315 4399//4399
f 4314//4314 4399//4399 4398//4398
f 4315//4315 4316//4316 4400//4400
f 4315//4315 4400//4400 4399//4399
f 4316//4316 4317//4317 4401//4401
f 4316//4316 4401//4401 4400//4400
f 4317//4317 4318//4318 4402//4402
f 4317//4317 4402//4402 4401//4401
f 4318//4318 4319//4319 4403//4403
f 4318//4318 4403//4403 4402//4402
f 4319//4319 4320//4320 4404//4404
f 4319//4319 4404//4404 4403//4403
f 4320//4320 4321//4321 4405//4405
f 4320//4320 4405//4405 4404//4404
f 4321//4321 4322//4322 4406//4406
f 4321//4321 4406//4406 4405//4405
f 4322//4322 4323//4323 4407//4407
f 4322//4322 4407//4407 4406//4406
f 4323//4323 4324//4324 4408//4408
f 4323//4323 4408//4408 4407//4407
f 4324//4324 4325//4325 4409//4409
f 4324//4324 4409//4409 4408//4408
f 4325//4325 4326//4326 4410//4410
f 4325//4325 4410//4410 4409//4409
f 4326//4326 4327//4327 4411//4411
f 4326//4326 4411//4411 4410//4410
f 4327//4327 4328//4328 4412//4412
f 4327//4327 4412//4412 4411//4411
f 4328//4328 4329//4329 4413//4413
f 4328//4328 4413//4413 4412//4412
f 4329//4329 4330//4330 4414//4414
f 4329//4329 4414//4414 4413//4413
f 4330//4330 4331//4331 4415//4415
f 4330//4330 4415//4415 4414//4414
f 4331//4331 4332//4332 4416//4416
f 4331//4331 4416//4416 4415//4415
f 4332//4332 4333//4333 4417//4417
f 4332//4332 4417//4417 4416//4416
f 4333//4333 4334//4334 4418//4418
f 4333//4333 4418//4418 4417//4417
f 4334//4334 4335//4335 4419//4419
f 4334//4334 4419//4419 4418//4418
f 4335//4335 4336//4336 4420//4420
f 4335//4335 4420//4420 4419//4419
f 4336//4336 4337//4337 4421//4421
f 4336//4336 4421//4421 4420//4420
f 4337//4337 4338//4338 4422//4422
f 4337//4337 4422//4422 4421//4421
f 4338//4338 4339//4339 4423//4423
f 4338//4338 4423//4423 4422//4422
f 4339//4339 4340//4340 4424//4424
f 4339//4339 4424//4424 4423//4423
f 4340//4340 4341//4341 4425//4425
f 4340//4340 4425//4425 4424//4424
f 4341//4341 4342//4342 4426//4426
f 4341//4341 4426//4426 4425//4425
f 4342//4342 4343//4343 4427//4427
f 4342//4342 4427//4427 4426//4426
f 4343//4343 4344//4344 4428//4428
f 4343//4343 4428//4428 4427//4427
f 4344//4344 4345//4345 4429//4429
f 4344//4344 4429//4429 4428//4428
f 4345//4345 4346//4346 4430//4430
f 4345//4345 4430//4430 4429//4429
f 4346//4346 4347//4347 4431//4431
f 4346//4346 4431//4431 4430//4430
f 4347//4347 4348//4348 4432//4432
f 4347//4347 4432//4432 4431//4431
f 4348//4348 4349//4349 4433//4433
f 4348//4348 4433//4433 4432//4432
f 4349//4349 4350//4350 4434//4434
f 4349//4349 4434//4434 4433//4433
f 4350//4350 4351//4351 4435//4435
f 4350//4350 4435//4435 4434//4434
f 4351//4351 4352//4352 4436//4436
f 4351//4351 4436//4436 4435//4435
f 4352//4352 4353//4353 4437//4437
f 4352//4352 4437//4437 4436//4436
f 4353//4353 4354//4354 4438//4438
f 4353//4353 4438//4438 4437//4437
f 4354//4354 4355//4355 4439//4439
f 4354//4354 4439//4439 4438//4438
f 4355//4355 4356//4356 4440//4440
f 4355//4355 4440//4440 4439//4439
f 4356//4356 4357//4357 4441//4441
f 4356//4356 4441//4441 4440//4440
f 4357//4357 4358//4358 4442//4442
f 4357//4357 4442//4442 4441//4441
f 4358//4358 4359//4359 4443//4443
f 4358//4358 4443//4443 4442//4442
f 4359//4359 4360//4360 4444//4444
f 4359//4359 4444//4444 4443//4443
f 4360//4360 4361//4361 4445//4445
f 4360//4360 4445//4445 4444//4444
f 4361//4361 4362//4362 4446//4446
f 4361//4361 4446//4446 4445//4445
f 4362//4362 4363//4363 4447//4447
f 4362//4362 4447//4447 4446//4446
f 4363//4363 4364//4364 4448//4448
f 4363//4363 4448//4448 4447//4447
f 4364//4364 4365//4365 4449//4449
f 4364//4364 4449//4449 4448//4448
f 4365//4365 4366//4366 4450//4450
f 4365//4365 4450//4450 4449//4449
f 4366//4366 4367//4367 4451//4451
f 4366//4366 4451//4451 4450//4450
f 4367//4367 4368//4368 4452//4452
f 4367//4367 4452//4452 4451//4451
f 4369//4369 4370//4370 4454//4454
f 4369//4369 4454//4454 4453//4453
f 4370//4370 4371//4371 4455//4455
f 4370//4370 4455//4455 4454//4454
f 4371//4371 4372//4372 4456//4456
f 4371//4371 4456//4456 4455//4455
f 4372//4372 4373//4373 4457//4457
f 4372//4372 4457//4457 4456//4456
f 4373//4373 4374//4374 4458//4458
f 4373//4373 4458//4458 4457//4457
f 4374//4374 4375//4375 4459//4459
f 4374//4374 4459//4459 4458//4458
f 4375//4375 4376//4376 4460//4460
f 4375//4375 4460//4460 4459//4459
f 4376//4376 4377//4377 4461//4461
f 4376//4376 4461//4461 4460//4460
f 4377//4377 4378//4378 4462//4462
f 4377//4377 4462//4462 4461//4461
f 4378//4378 4379//4379 4463//4463
f 4378//4378 4463//4463 4462//4462
f 4379//4379 4380//4380 4464//4464
f 4379//4379 4464//4464 4463//4463
f 4380//4380 4381//4381 4465//4465
f 4380//4380 4465//4465 4464//4464
f 4381//4381 4382//4382 4466//4466
f 4381//4381 4466//4466 4465//4465
f 4382//4382 4383//4383 4467//4467
f 4382//4382 4467//4467 4466//4466
f 4383//4383 4384//4384 4468//4468
f 4383//4383 4468//4468 4467//4467
f 4384//4384 4385//4385 4469//4469
f 4384//4384 4469//4469 4468//4468
f 4385//4385 4386//4386 4470//4470
f 4385//4385 4470//4470 4469//4469
f 4386//4386 4387//4387 4471//4471
f 4386//4386 4471//4471 4470//4470
f 4387//4387 4388//4388 4472//4472
f 4387//4387 4472//4472 4471//4471
f 4388//4388 4389//4389 4473//4473
f 4388//4388 4473//4473 4472//4472
f 4389//4389 4390//4390 4474//4474
f 4389//4389 4474//4474 4473//4473
f 4390//4390 4391//4391 4475//4475
f 4390//4390 4475//4475 4474//4474
f 4391//4391 4392//4392 4476//4476
f 4391//4391 4476//4476 4475//4475
f 4392//4392 4393//4393 4477//4477
f 4392//4392 4477//4477 4476//4476
f 4393//4393 4394//4394 4478//4478
f 4393//4393 4478//4478 4477//4477
f 4394//4394 4395//4395 4479//4479
f 4394//4394 4479//4479 4478//4478
f 4395//4395 4396//4396 4480//4480
f 4395//4395 4480//4480 4479//4479
f 4396//4396 4397//4397 4481//4481
f 4396//4396 4481//4481 4480//4480
f 4397//4397 4398//4398 4482//4482
f 4397//4397 4482//4482 4481//4481
f 4398//4398 4399//4399 4483//4483
f 4398//4398 4483//4483 4482//4482
f 4399//4399 4400//4400 4484//4484
f 4399//4399 4484//4484 4483//4483
f 4400//4400 4401//4401 4485//4485
f 4400//4400 4485//4485 4484//4484
f 4401//4401 4402//4402 4486//4486
f 4401//4401 4486//4486 4485//4485
f 4402//4402 4403//4403 4487//4487
f 4402//4402 4487//4487 4486//4486
f 4403//4403 4404//4404 4488//4488
f 4403//4403 4488//4488 4487//4487
f 4404//4404 4405//4405 4489//4489
f 4404//4404 4489//4489 4488//4488
f 4405//4405 4406//4406 4490//4490
f 4405//4405 4490//4490 4489//4489
f 4406//4406 4407//4407 4491//4491
f 4406//4406 4491//4491 4490//4490
f 4407//4407 4408//4408 4492//4492
f 4407//4407 4492//4492 4491//4491
f 4408//4408 4409//4409 4493//4493
f 4408//4408 4493//4493 4492//4492
f 4409//4409 4410//4410 4494//4494
f 4409//4409 4494//4494 4493//4493
f 4410//4410 4411//4411 4495//4495
f 4410//4410 4495//4495 4494//4494
f 4411//4411 4412//4412 4496//4496
f 4411//4411 4496//4496 4495//4495
f 4412//4412 4413//4413 4497//4497
f 4412//4412 4497//4497 4496//4496
f 4413//4413 4414//4414 4498//4498
f 4413//4413 4498//4498 4497//4497
f 4414//4414 4415//4415 4499//4499
f 4414//4414 4499//4499 4498//4498
f 4415//4415 4416//4416 4500//4500
f 4415//4415 4500//4500 4499//4499
f 4416//4416 4417//4417 4501//4501
f 4416//4416 4501//4501 4500//4500
f 4417//4417 4418//4418 4502//4502
f 4417//4417 4502//4502 4501//4501
f 4418//4418 4419//4419 4503//4503
f 4418//4418 4503//4503 4502//4502
f 4419//4419 4420//4420 4504//4504
f 4419//4419 4504//4504 4503//4503
f 4420//4420 4421//4421 4505//4505
f 4420//4420 4505//4505 4504//4504
f 4421//4421 4422//4422 4506//4506
f 4421//4421 4506//4506 4505//4505
f 4422//4422 4423//4423 4507//4507
f 4422//4422 4507//4507 4506//4506
f 4423//4423 4424//4424 4508//4508
f 4423//4423 4508//4508 4507//4507
f 4424//4424 4425//4425 4509//4509
f 4424//4424 4509//4509 4508//4508
f 4425//4425 4426//4426 4510//4510
f 4425//4425 4510//4510 4509//4509
f 4426//4426 4427//4427 4511//4511
f 4426//4426 4511//4511 4510//4510
f 4427//4427 4428//4428 4512//4512
f 4427//4427 4512//4512 4511//4511
f 4428//4428 4429//4429 4513//4513
f 4428//4428 4513//4513 4512//4512
f 4429//4429 4430//4430 4514//4514
f 4429//4429 4514//4514 4513//4513
f 4430//4430 4431//4431 4515//4515
f 4430//4430 4515//4515 4514//4514
f 4431//4431 4432//4432 4516//4516
f 4431//4431 4516//4516 4515//4515
f 4432//4432 4433//4433 4517//4517
f 4432//4432 4517//4517 4516//4516
f 4433//4433 4434//4434 4518//4518
f 4433//4433 4518//4518 4517//4517
f 4434//4434 4435//4435 4519//4519
f 4434//4434 4519//4519 4518//4518
f 4435//4435 4436//4436 4520//4520
f 4435//4435 4520//4520 4519//4519
f 4436//4436 4437//4437 4521//4521
f 4436//4436 4521//4521 4520//4520
f 4437//4437 4438//4438 4522//4522
f 4437//4437 4522//4522 4521//4521
f 4438//4438 4439//4439 4523//4523
f 4438//4438 4523//4523 4522//4522
f 4439//4439 4440//4440 4524//4524
f 4439//4439 4524//4524 4523//4523
f 4440//4440 4441//4441 4525//4525
f 4440//4440 4525//4525 4524//4524
f 4441//4441 4442//4442 4526//4526
f 4441//4441 4526//4526 4525//4525
f 4442//4442 4443//4443 4527//4527
f 4442//4442 4527//4527 4526//4526
f 4443//4443 4444//4444 4528//4528
f 4443//4443 4528//4528 4527//4527
f 4444//4444 4445//4445 4529//4529
f 4444//4444 4529//4529 4528//4528
f 4445//4445 4446//4446 4530//4530
f 4445//4445 4530//4530 4529//4529
f 4446//4446 4447//4447 4531//4531
f 4446//4446 4531//4531 4530//4530
f 4447//4447 4448//4448 4532//4532
f 4447//4447 4532//4532 4531//4531
f 4448//4448 4449//4449 4533//4533
f 4448//4448 4533//4533 4532//4532
f 4449//4449 4450//4450 4534//4534
f 4449//4449 4534//4534 4533//4533
f 4450//4450 4451//4451 4535//4535
f 4450//4450 4535//4535 4534//4534
f 4451//4451 4452//4452 4536//4536
f 4451//4451 4536//4536 4535//4535
f 4453//4453 4454//4454 4538//4538
f 4453//4453 4538//4538 4537//4537
f 4454//4454 4455//4455 4539//4539
f 4454//4454 4539//4539 4538//4538
f 4455//4455 4456//4456 4540//4540
f 4455//4455 4540//4540 4539//4539
f 4456//4456 4457//4457 4541//4541
f 4456//4456 4541//4541 4540//4540
f 4457//4457 4458//4458 4542//4542
f 4457//4457 4542//4542 4541//4541
f 4458//4458 4459//4459 4543//4543
f 4458//4458 4543//4543 4542//4542
f 4459//4459 4460//4460 4544//4544
f 4459//4459 4544//4544 4543//4543
f 4460//4460 4461//4461 4545//4545
f 4460//4460 4545//4545 4544//4544
f 4461//4461 4462//4462 4546//4546
f 4461//4461 4546//4546 4545//4545
f 4462//4462 4463//4463 4547//4547
f 4462//4462 4547//4547 4546//4546
f 4463//4463 4464//4464 4548//4548
f 4463//4463 4548//4548 4547//4547
f 4464//4464 4465//4465 4549//4549
f 4464//4464 4549//4549 4548//4548
f 4465//4465 4466//4466 4550//4550
f 4465//4465 4550//4550 4549//4549
f 4466//4466 4467//4467 4551//4551
f 4466//4466 4551//4551 4550//4550
f 4467//4467 4468//4468 4552//4552
f 4467//4467 4552//4552 4551//4551
f 4468//4468 4469//4469 4553//4553
f 4468//4468 4553//4553 4552//4552
f 4469//4469 4470//4470 4554//4554
f 4469//4469 4554//4554 4553//4553
f 4470//4470 4471//4471 4555//4555
f 4470//4470 4555//4555 4554//4554
f 4471//4471 4472//4472 4556//4556
f 4471//4471 4556//4556 4555//4555
f 4472//4472 4473//4473 4557//4557
f 4472//4472 4557//4557 4556//4556
f 4473//4473 4474//4474 4558//4558
f 4473//4473 4558//4558 4557//4557
f 4474//4474 4475//4475 4559//4559
f 4474//4474 4559//4559 4558//4558
f 4475//4475 4476//4476 4560//4560
f 4475//4475 4560//4560 4559//4559
f 4476//4476 4477//4477 4561//4561
f 4476//4476 4561//4561 4560//4560
f 4477//4477 4478//4478 4562//4562
f 4477//4477 4562//4562 4561//4561
f 4478//4478 4479//4479 4563//4563
f 4478//4478 4563//4563 4562//4562
f 4479//4479 4480//4480 4564//4564
f 4479//4479 4564//4564 4563//4563
f 4480//4480 4481//4481 4565//4565
f 4480//4480 4565//4565 4564//4564
f 4481//4481 4482//4482 4566//4566
f 4481//4481 4566//4566 4565//4565
f 4482//4482 4483//4483 4567//4567
f 4482//4482 4567//4567 4566//4566
f 4483//4483 4484//4484 4568//4568
f 4483//4483 4568//4568 4567//4567
f 4484//4484 4485//4485 4569//4569
f 4484//4484 4569//4569 4568//4568
f 4485//4485 4486//4486 4570//4570
f 4485//4485 4570//4570 4569//4569
f 4486//4486 4487//4487 4571//4571
f 4486//4486 4571//4571 4570//4570
f 4487//4487 4488//4488 4572//4572
f 4487//4487 4572//4572 4571//4571
f 4488//4488 4489//4489 4573//4573
f 4488//4488 4573//4573 4572//4572
f 4489//4489 4490//4490 4574//4574
f 4489//4489 4574//4574 4573//4573
f 4490//4490 4491//4491 4575//4575
f 4490//4490 4575//4575 4574//4574
f 4491//4491 4492//4492 4576//4576
f 4491//4491 4576//4576 4575//4575
f 4492//4492 4493//4493 4577//4577
f 4492//4492 4577//4577 4576//4576
f 4493//4493 4494//4494 4578//4578
f 4493//4493 4578//4578 4577//4577
f 4494//4494 4495//4495 4579//4579
f 4494//4494 4579//4579 4578//4578
f 4495//4495 4496//4496 4580//4580
f 4495//4495 4580//4580 4579//4579
f 4496//4496 4497//4497 4581//4581
f 4496//4496 4581//4581 4580//4580
f 4497//4497 4498//4498 4582//4582
f 4497//4497 4582//4582 4581//4581
f 4498//4498 4499//4499 4583//4583
f 4498//4498 4583//4583 4582//4582
f 4499//4499 4500//4500 4584//4584
f 4499//4499 4584//4584 4583//4583
f 4500//4500 4501//4501 4585//4585
f 4500//4500 4585//4585 4584//4584
f 4501//4501 4502//4502 4586//4586
f 4501//4501 4586//4586 4585//4585
f 4502//4502 4503//4503 4587//4587
f 4502//4502 4587//4587 4586//4586
f 4503//4503 4504//4504 4588//4588
f 4503//4503 4588//4588 4587//4587
f 4504//4504 4505//4505 4589//4589
f 4504//4504 4589//4589 4588//4588
f 4505//4505 4506//4506 4590//4590
f 4505//4505 4590//4590 4589//4589
f 4506//4506 4507//4507 4591//4591
f 4506//4506 4591//4591 4590//4590
f 4507//4507 4508//4508 4592//4592
f 4507//4507 4592//4592 4591//4591
f 4508//4508 4509//4509 4593//4593
f 4508//4508 4593//4593 4592//4592
f 4509//4509 4510//4510 4594//4594
f 4509//4509 4594//4594 4593//4593
f 4510//4510 4511//4511 4595//4595
f 4510//4510 4595//4595 4594//4594
f 4511//4511 4512//4512 4596//4596
f 4511//4511 4596//4596 4595//4595
f 4512//4512 4513//4513 4597//4597
f 4512//4512 4597//4597 4596//4596
f 4513//4513 4514//4514 4598//4598
f 4513//4513 4598//4598 4597//4597
f 4514//4514 4515//4515 4599//4599
f 4514//4514 4599//4599 4598//4598
f 4515//4515 4516//4516 4600//4600
f 4515//4515 4600//4600 4599//4599
f 4516//4516 4517//4517 4601//4601
f 4516//4516 4601//4601 4600//4600
f 4517//4517 4518//4518 4602//4602
f 4517//4517 4602//4602 4601//4601
f 4518//4518 4519//4519 4603//4603
f 4518//4518 4603//4603 4602//4602
f 4519//4519 4520//4520 4604//4604
f 4519//4519 4604//4604 4603//4603
f 4520//4520 4521//4521 4605//4605
f 4520//4520 4605//4605 4604//4604
f 4521//4521 4522//4522 4606//4606
f 4521//4521 4606//4606 4605//4605
f 4522//4522 4523//4523 4607//4607
f 4522//4522 4607//4607 4606//4606
f 4523//4523 4524//4524 4608//4608
f 4523//4523 4608//4608 4607//4607
f 4524//4524 4525//4525 4609//4609
f 4524//4524 4609//4609 4608//4608
f 4525//4525 4526//4526 4610//4610
f 4525//4525 4610//4610 4609//4609
f 4526//4526 4527//4527 4611//4611
f 4526//4526 4611//4611 4610//4610
f 4527//4527 4528//4528 4612//4612
f 4527//4527 4612//4612 4611//4611
f 4528//4528 4529//4529 4613//4613
f 4528//4528 4613//4613 4612//4612
f 4529//4529 4530//4530 4614//4614
f 4529//4529 4614//4614 4613//4613
f 4530//4530 4531//4531 4615//4615
f 4530//4530 4615//4615 4614//4614
f 4531//4531 4532//4532 4616//4616
f 4531//4531 4616//4616 4615//4615
f 4532//4532 4533//4533 4617//4617
f 4532//4532 4617//4617 4616//4616
f 4533//4533 4534//4534 4618//4618
f 4533//4533 4618//4618 4617//4617
f 4534//4534 4535//4535 4619//4619
f 4534//4534 4619//4619 4618//4618
f 4535//4535 4536//4536 4620//4620
f 4535//4535 4620//4620 4619//4619
f 4537//4537 4538//4538 4622//4622
f 4537//4537 4622//4622 4621//4621
f 4538//4538 4539//4539 4623//4623
f 4538//4538 4623//4623 4622//4622
f 4539//4539 4540//4540 4624//4624
f 4539//4539 4624//4624 4623//4623
f 4540//4540 4541//4541 4625//4625
f 4540//4540 4625//4625 4624//4624
f 4541//4541 4542//4542 4626//4626
f 4541//4541 4626//4626 4625//4625
f 4542//4542 4543//4543 4627//4627
f 4542//4542 4627//4627 4626//4626
f 4543//4543 4544//4544 4628//4628
f 4543//4543 4628//4628 4627//4627
f 4544//4544 4545//4545 4629//4629
f 4544//4544 4629//4629 4628//4628
f 4545//4545 4546//4546 4630//4630
f 4545//4545 4630//4630 4629//4629
f 4546//4546 4547//4547 4631//4631
f 4546//4546 4631//4631 4630//4630
f 4547//4547 4548//4548 4632//4632
f 4547//4547 4632//4632 4631//4631
f 4548//4548 4549//4549 4633//4633
f 4548//4548 4633//4633 4632//4632
f 4549//4549 4550//4550 4634//4634
f 4549//4549 4634//4634 4633//4633
f 4550//4550 4551//4551 4635//4635
f 4550//4550 4635//4635 4634//4634
f 4551//4551 4552//4552 4636//4636
f 4551//4551 4636//4636 4635//4635
f 4552//4552 4553//4553 4637//4637
f 4552//4552 4637//4637 4636//4636
f 4553//4553 4554//4554 4638//4638
f 4553//4553 4638//4638 4637//4637
f 4554//4554 4555//4555 4639//4639
f 4554//4554 4639//4639 4638//4638
f 4555//4555 4556//4556 4640//4640
f 4555//4555 4640//4640 4639//4639
f 4556//4556 4557//4557 4641//4641
f 4556//4556 4641//4641 4640//4640
f 4557//4557 4558//4558 4642//4642
f 4557//4557 4642//4642 4641//4641
f 4558//4558 4559//4559 4643//4643
f 4558//4558 4643//4643 4642//4642
f 4559//4559 4560//4560 4644//4644
f 4559//4559 4644//4644 4643//4643
f 4560//4560 4561//4561 4645//4645
f 4560//4560 4645//4645 4644//4644
f 4561//4561 4562//4562 4646//4646
f 4561//4561 4646//4646 4645//4645
f 4562//4562 4563//4563 4647//4647
f 4562//4562 4647//4647 4646//4646
f 4563//4563 4564//4564 4648//4648
f 4563//4563 4648//4648 4647//4647
f 4564//4564 4565//4565 4649//4649
f 4564//4564 4649//4649 4648//4648
f 4565//4565 4566//4566 4650//4650
f 4565//4565 4650//4650 4649//4649
f 4566//4566 4567//4567 4651//4651
f 4566//4566 4651//4651 4650//4650
f 4567//4567 4568//4568 4652//4652
f 4567//4567 4652//4652 4651//4651
f 4568//4568 4569//4569 4653//4653
f 4568//4568 4653//4653 4652//4652
f 4569//4569 4570//4570 4654//4654
f 4569//4569 4654//4654 4653//4653
f 4570//4570 4571//4571 4655//4655
f 4570//4570 4655//4655 4654//4654
f 4571//4571 4572//4572 4656//4656
f 4571//4571 4656//4656 4655//4655
f 4572//4572 4573//4573 4657//4657
f 4572//4572 4657//4657 4656//4656
f 4573//4573 4574//4574 4658//4658
f 4573//4573 4658//4658 4657//4657
f 4574//4574 4575//4575 4659//4659
f 4574//4574 4659//4659 4658//4658
f 4575//4575 4576//4576 4660//4660
f 4575//4575 4660//4660 4659//4659
f 4576//4576 4577//4577 4661//4661
f 4576//4576 4661//4661 4660//4660
f 4577//4577 4578//4578 4662//4662
f 4577//4577 4662//4662 4661//4661
f 4578//4578 4579//4579 4663//4663
f 4578//4578 4663//4663 4662//4662
f 4579//4579 4580//4580 4664//4664
f 4579//4579 4664//4664 4663//4663
f 4580//4580 4581//4581 4665//4665
f 4580//4580 4665//4665 4664//4664
f 4581//4581 4582//4582 4666//4666
f 4581//4581 4666//4666 4665//4665
f 4582//4582 4583//4583 4667//4667
f 4582//4582 4667//4667 4666//4666
f 4583//4583 4584//4584 4668//4668
f 4583//4583 4668//4668 4667//4667
f 4584//4584 4585//4585 4669//4669
f 4584//4584 4669//4669 4668//4668
f 4585//4585 4586//4586 4670//4670
f 4585//4585 4670//4670 4669//4669
f 4586//4586 4587//4587 4671//4671
f 4586//4586 4671//4671 4670//4670
f 4587//4587 4588//4588 4672//4672
f 4587//4587 4672//4672 4671//4671
f 4588//4588 4589//4589 4673//4673
f 4588//4588 4673//4673 4672//4672
f 4589//4589 4590//4590 4674//4674
f 4589//4589 4674//4674 4673//4673
f 4590//4590 4591//4591 4675//4675
f 4590//4590 4675//4675 4674//4674
f 4591//4591 4592//4592 4676//4676
f 4591//4591 4676//4676 4675//4675
f 4592//4592 4593//4593 4677//4677
f 4592//4592 4677//4677 4676//4676
f 4593//4593 4594//4594 4678//4678
f 4593//4593 4678//4678 4677//4677
f 4594//4594 4595//4595 4679//4679
f 4594//4594 4679//4679 4678//4678
f 4595//4595 4596//4596 4680//4680
f 4595//4595 4680//4680 4679//4679
f 4596//4596 4597//4597 4681//4681
f 4596//4596 4681//4681 4680//4680
f 4597//4597 4598//4598 4682//4682
f 4597//4597 4682//4682 4681//4681
f 4598//4598 4599//4599 4683//4683
f 4598//4598 4683//4683 4682//4682
f 4599//4599 4600//4600 4684//4684
f 4599//4599 4684//4684 4683//4683
f 4600//4600 4601//4601 4685//4685
f 4600//4600 4685//4685 4684//4684
f 4601//4601 4602//4602 4686//4686
f 4601//4601 4686//4686 4685//4685
f 4602//4602 4603//4603 4687//4687
f 4602//4602 4687//4687 4686//4686
f 4603//4603 4604//4604 4688//4688
f 4603//4603 4688//4688 4687//4687
f 4604//4604 4605//4605 4689//4689
f 4604//4604 4689//4689 4688//4688
f 4605//4605 4606//4606 4690//4690
f 4605//4605 4690//4690 4689//4689
f 4606//4606 4607//4607 4691//4691
f 4606//4606 4691//4691 4690//4690
f 4607//4607 4608//4608 4692//4692
f 4607//4607 4692//4692 4691//4691
f 4608//4608 4609//4609 4693//4693
f 4608//4608 4693//4693 4692//4692
f 4609//4609 4610//4610 4694//4694
f 4609//4609 4694//4694 4693//4693
f 4610//4610 4611//4611 4695//4695
f 4610//4610 4695//4695 4694//4694
f 4611//4611 4612//4612 4696//4696
f 4611//4611 4696//4696 4695//4695
f 4612//4612 4613//4613 4697//4697
f 4612//4612 4697//4697 4696//4696
f 4613//4613 4614//4614 4698//4698
f 4613//4613 4698//4698 4697//4697
f 4614//4614 4615//4615 4699//4699
f 4614//4614 4699//4699 4698//4698
f 4615//4615 4616//4616 4700//4700
f 4615//4615 4700//4700 4699//4699
f 4616//4616 4617//4617 4701//4701
f 4616//4616 4701//4701 4700//4700
f 4617//4617 4618//4618 4702//4702
f 4617//4617 4702//4702 4701//4701
f 4618//4618 4619//4619 4703//4703
f 4618//4618 4703//4703 4702//4702
f 4619//4619 4620//4620 4704//4704
f 4619//4619 4704//4704 4703//4703
f 4621//4621 4622//4622 4706//4706
f 4621//4621 4706//4706 4705//4705
f 4622//4622 4623//4623 4707//4707
f 4622//4622 4707//4707 4706//4706
f 4623//4623 4624//4624 4708//4708
f 4623//4623 4708//4708 4707//4707
f 4624//4624 4625//4625 4709//4709
f 4624//4624 4709//4709 4708//4708
f 4625//4625 4626//4626 4710//4710
f 4625//4625 4710//4710 4709//4709
f 4626//4626 4627//4627 4711//4711
f 4626//4626 4711//4711 4710//4710
f 4627//4627 4628//4628 4712//4712
f 4627//4627 4712//4712 4711//4711
f 4628//4628 4629//4629 4713//4713
f 4628//4628 4713//4713 4712//4712
f 4629//4629 4630//4630 4714//4714
f 4629//4629 4714//4714 4713//4713
f 4630//4630 4631//4631 4715//4715
f 4630//4630 4715//4715 4714//4714
f 4631//4631 4632//4632 4716//4716
f 4631//4631 4716//4716 4715//4715
f 4632//4632 4633//4633 4717//4717
f 4632//4632 4717//4717 4716//4716
f 4633//4633 4634//4634 4718//4718
f 4633//4633 4718//4718 4717//4717
f 4634//4634 4635//4635 4719//4719
f 4634//4634 4719//4719 4718//4718
f 4635//4635 4636//4636 4720//4720
f 4635//4635 4720//4720 4719//4719
f 4636//4636 4637//4637 4721//4721
f 4636//4636 4721//4721 4720//4720
f 4637//4637 4638//4638 4722//4722
f 4637//4637 4722//4722 4721//4721
f 4638//4638 4639//4639 4723//4723
f 4638//4638 4723//4723 4722//4722
f 4639//4639 4640//4640 4724//4724
f 4639//4639 4724//4724 4723//4723
f 4640//4640 4641//4641 4725//4725
f 4640//4640 4725//4725 4724//4724
f 4641//4641 4642//4642 4726//4726
f 4641//4641 4726//4726 4725//4725
f 4642//4642 4643//4643 4727//4727
f 4642//4642 4727//4727 4726//4726
f 4643//4643 4644//4644 4728//4728
f 4643//4643 4728//4728 4727//4727
f 4644//4644 4645//4645 4729//4729
f 4644//4644 4729//4729 4728//4728
f 4645//4645 4646//4646 4730//4730
f 4645//4645 4730//4730 4729//4729
f 4646//4646 4647//4647 4731//4731
f 4646//4646 4731//4731 4730//4730
f 4647//4647 4648//4648 4732//4732
f 4647//4647 4732//4732 4731//4731
f 4648//4648 4649//4649 4733//4733
f 4648//4648 4733//4733 4732//4732
f 4649//4649 4650//4650 4734//4734
f 4649//4649 4734//4734 4733//4733
f 4650//4650 4651//4651 4735//4735
f 4650//4650 4735//4735 4734//4734
f 4651//4651 4652//4652 4736//4736
f 4651//4651 4736//4736 4735//4735
f 4652//4652 4653//4653 4737//4737
f 4652//4652 4737//4737 4736//4736
f 4653//4653 4654//4654 4738//4738
f 4653//4653 4738//4738 4737//4737
f 4654//4654 4655//4655 4739//4739
f 4654//4654 4739//4739 4738//4738
f 4655//4655 4656//4656 4740//4740
f 4655//4655 4740//4740 4739//4739
f 4656//4656 4657//4657 4741//4741
f 4656//4656 4741//4741 4740//4740
f 4657//4657 4658//4658 4742//4742
f 4657//4657 4742//4742 4741//4741
f 4658//4658 4659//4659 4743//4743
f 4658//4658 4743//4743 4742//4742
f 4659//4659 4660//4660 4744//4744
f 4659//4659 4744//4744 4743//4743
f 4660//4660 4661//4661 4745//4745
f 4660//4660 4745//4745 4744//4744
f 4661//4661 4662//4662 4746//4746
f 4661//4661 4746//4746 4745//4745
f 4662//4662 4663//4663 4747//4747
f 4662//4662 4747//4747 4746//4746
f 4663//4663 4664//4664 4748//4748
f 4663//4663 4748//4748 4747//4747
f 4664//4664 4665//4665 4749//4749
f 4664//4664 4749//4749 4748//4748
f 4665//4665 4666//4666 4750//4750
f 4665//4665 4750//4750 4749//4749
f 4666//4666 4667//4667 4751//4751
f 4666//4666 4751//4751 4750//4750
f 4667//4667 4668//4668 4752//4752
f 4667//4667 4752//4752 4751//4751
f 4668//4668 4669//4669 4753//4753
f 4668//4668 4753//4753 4752//4752
f 4669//4669 4670//4670 4754//4754
f 4669//4669 4754//4754 4753//4753
f 4670//4670 4671//4671 4755//4755
f 4670//4670 4755//4755 4754//4754
f 4671//4671 4672//4672 4756//4756
f 4671//4671 4756//4756 4755//4755
f 4672//4672 4673//4673 4757//4757
f 4672//4672 4757//4757 4756//4756
f 4673//4673 4674//4674 4758//4758
f 4673//4673 4758//4758 4757//4757
f 4674//4674 4675//4675 4759//4759
f 4674//4674 4759//4759 4758//4758
f 4675//4675 4676//4676 4760//4760
f 4675//4675 4760//4760 4759//4759
f 4676//4676 4677//4677 4761//4761
f 4676//4676 4761//4761 4760//4760
f 4677//4677 4678//4678 4762//4762
f 4677//4677 4762//4762 4761//4761
f 4678//4678 4679//4679 4763//4763
f 4678//4678 4763//4763 4762//4762
f 4679//4679 4680//4680 4764//4764
f 4679//4679 4764//4764 4763//4763
f 4680//4680 4681//4681 4765//4765
f 4680//4680 4765//4765 4764//4764
f 4681//4681 4682//4682 4766//4766
f 4681//4681 4766//4766 4765//4765
f 4682//4682 4683//4683 4767//4767
f 4682//4682 4767//4767 4766//4766
f 4683//4683 4684//4684 4768//4768
f 4683//4683 4768//4768 4767//4767
f 4684//4684 4685//4685 4769//4769
f 4684//4684 4769//4769 4768//4768
f 4685//4685 4686//4686 4770//4770
f 4685//4685 4770//4770 4769//4769
f 4686//4686 4687//4687 4771//4771
f 4686//4686 4771//4771 4770//4770
f 4687//4687 4688//4688 4772//4772
f 4687//4687 4772//4772 4771//4771
f 4688//4688 4689//4689 4773//4773
f 4688//4688 4773//4773 4772//4772
f 4689//4689 4690//4690 4774//4774
f 4689//4689 4774//4774 4773//4773
f 4690//4690 4691//4691 4775//4775
f 4690//4690 4775//4775 4774//4774
f 4691//4691 4692//4692 4776//4776
f 4691//4691 4776//4776 4775//4775
f 4692//4692 4693//4693 4777//4777
f 4692//4692 4777//4777 4776//4776
f 4693//4693 4694//4694 4778//4778
f 4693//4693 4778//4778 4777//4777
f 4694//4694 4695//4695 4779//4779
f 4694//4694 4779//4779 4778//4778
f 4695//4695 4696//4696 4780//4780
f 4695//4695 4780//4780 4779//4779
f 4696//4696 4697//4697 4781//4781
f 4696//4696 4781//4781 4780//4780
f 4697//4697 4698//4698 4782//4782
f 4697//4697 4782//4782 4781//4781
f 4698//4698 4699//4699 4783//4783
f 4698//4698 4783//4783 4782//4782
f 4699//4699 4700//4700 4784//4784
f 4699//4699 4784//4784 4783//4783
f 4700//4700 4701//4701 4785//4785
f 4700//4700 4785//4785 4784//4784
f 4701//4701 4702//4702 4786//4786
f 4701//4701 4786//4786 4785//4785
f 4702//4702 4703//4703 4787//4787
f 4702//4702 4787//4787 4786//4786
f 4703//4703 4704//4704 4788//4788
f 4703//4703 4788//4788 4787//4787
f 4705//4705 4706//4706 4790//4790
f 4705//4705 4790//4790 4789//4789
f 4706//4706 4707//4707 4791//4791
f 4706//4706 4791//4791 4790//4790
f 4707//4707 4708//4708 4792//4792
f 4707//4707 4792//4792 4791//4791
f 4708//4708 4709//4709 4793//4793
f 4708//4708 4793//4793 4792//4792
f 4709//4709 4710//4710 4794//4794
f 4709//4709 4794//4794 4793//4793
f 4710//4710 4711//4711 4795//4795
f 4710//4710 4795//4795 4794//4794
f 4711//4711 4712//4712 4796//4796
f 4711//4711 4796//4796 4795//4795
f 4712//4712 4713//4713 4797//4797
f 4712//4712 4797//4797 4796//4796
f 4713//4713 4714//4714 4798//4798
f 4713//4713 4798//4798 4797//4797
f 4714//4714 4715//4715 4799//4799
f 4714//4714 4799//4799 4798//4798
f 4715//4715 4716//4716 4800//4800
f 4715//4715 4800//4800 4799//4799
f 4716//4716 4717//4717 4801//4801
f 4716//4716 4801//4801 4800//4800
f 4717//4717 4718//4718 4802//4802
f 4717//4717 4802//4802 4801//4801
f 4718//4718 4719//4719 4803//4803
f 4718//4718 4803//4803 4802//4802
f 4719//4719 4720//4720 4804//4804
f 4719//4719 4804//4804 4803//4803
f 4720//4720 4721//4721 4805//4805
f 4720//4720 4805//4805 4804//4804
f 4721//4721 4722//4722 4806//4806
f 4721//4721 4806//4806 4805//4805
f 4722//4722 4723//4723 4807//4807
f 4722//4722 4807//4807 4806//4806
f 4723//4723 4724//4724 4808//4808
f 4723//4723 4808//4808 4807//4807
f 4724//4724 4725//4725 4809//4809
f 4724//4724 4809//4809 4808//4808
f 4725//4725 4726//4726 4810//4810
f 4725//4725 4810//4810 4809//4809
f 4726//4726 4727//4727 4811//4811
f 4726//4726 4811//4811 4810//4810
f 4727//4727 4728//4728 4812//4812
f 4727//4727 4812//4812 4811//4811
f 4728//4728 4729//4729 4813//4813
f 4728//4728 4813//4813 4812//4812
f 4729//4729 4730//4730 4814//4814
f 4729//4729 4814//4814 4813//4813
f 4730//4730 4731//4731 4815//4815
f 4730//4730 4815//4815 4814//4814
f 4731//4731 4732//4732 4816//4816
f 4731//4731 4816//4816 4815//4815
f 4732//4732 4733//4733 4817//4817
f 4732//4732 4817//4817 4816//4816
f 4733//4733 4734//4734 4818//4818
f 4733//4733 4818//4818 4817//4817
f 4734//4734 4735//4735 4819//4819
f 4734//4734 4819//4819 4818//4818
f 4735//4735 4736//4736 4820//4820
f 4735//4735 4820//4820 4819//4819
f 4736//4736 4737//4737 4821//4821
f 4736//4736 4821//4821 4820//4820
f 4737//4737 4738//4738 4822//4822
f 4737//4737 4822//4822 4821//4821
f 4738//4738 4739//4739 4823//4823
f 4738//4738 4823//4823 4822//4822
f 4739//4739 4740//4740 4824//4824
f 4739//4739 4824//4824 4823//4823
f 4740//4740 4741//4741 4825//4825
f 4740//4740 4825//4825 4824//4824
f 4741//4741 4742//4742 4826//4826
f 4741//4741 4826//4826 4825//4825
f 4742//4742 4743//4743 4827//4827
f 4742//4742 4827//4827 4826//4826
f 4743//4743 4744//4744 4828//4828
f 4743//4743 4828//4828 4827//4827
f 4744//4744 4745//4745 4829//4829
f 4744//4744 4829//4829 4828//4828
f 4745//4745 4746//4746 4830//4830
f 4745//4745 4830//4830 4829//4829
f 4746//4746 4747//4747 4831//4831
f 4746//4746 4831//4831 4830//4830
f 4747//4747 4748//4748 4832//4832
f 4747//4747 4832//4832 4831//4831
f 4748//4748 4749//4749 4833//4833
f 4748//4748 4833//4833 4832//4832
f 4749//4749 4750//4750 4834//4834
f 4749//4749 4834//4834 4833//4833
f 4750//4750 4751//4751 4835//4835
f 4750//4750 4835//4835 4834//4834
f 4751//4751 4752//4752 4836//4836
f 4751//4751 4836//4836 4835//4835
f 4752//4752 4753//4753 4837//4837
f 4752//4752 4837//4837 4836//4836
f 4753//4753 4754//4754 4838//4838
f 4753//4753 4838//4838 4837//4837
f 4754//4754 4755//4755 4839//4839
f 4754//4754 4839//4839 4838//4838
f 4755//4755 4756//4756 4840//4840
f 4755//4755 4840//4840 4839//4839
f 4756//4756 4757//4757 4841//4841
f 4756//4756 4841//4841 4840//4840
f 4757//4757 4758//4758 4842//4842
f 4757//4757 4842//4842 4841//4841
f 4758//4758 4759//4759 4843//4843
f 4758//4758 4843//4843 4842//4842
f 4759//4759 4760//4760 4844//4844
f 4759//4759 4844//4844 4843//4843
f 4760//4760 4761//4761 4845//4845
f 4760//4760 4845//4845 4844//4844
f 4761//4761 4762//4762 4846//4846
f 4761//4761 4846//4846 4845//4845
f 4762//4762 4763//4763 4847//4847
f 4762//4762 4847//4847 4846//4846
f 4763//4763 4764//4764 4848//4848
f 4763//4763 4848//4848 4847//4847
f 4764//4764 4765//4765 4849//4849
f 4764//4764 4849//4849 4848//4848
f 4765//4765 4766//4766 4850//4850
f 4765//4765 4850//4850 4849//4849
f 4766//4766 4767//4767 4851//4851
f 4766//4766 4851//4851 4850//4850
f 4767//4767 4768//4768 4852//4852
f 4767//4767 4852//4852 4851//4851
f 4768//4768 4769//4769 4853//4853
f 4768//4768 4853//4853 4852//4852
f 4769//4769 4770//4770 4854//4854
f 4769//4769 4854//4854 4853//4853
f 4770//4770 4771//4771 4855//4855
f 4770//4770 4855//4855 4854//4854
f 4771//4771 4772//4772 4856//4856
f 4771//4771 4856//4856 4855//4855
f 4772//4772 4773//4773 4857//4857
f 4772//4772 4857//4857 4856//4856
f 4773//4773 4774//4774 4858//4858
f 4773//4773 4858//4858 4857//4857
f 4774//4774 4775//4775 4859//4859
f 4774//4774 4859//4859 4858//4858
f 4775//4775 4776//4776 4860//4860
f 4775//4775 4860//4860 4859//4859
f 4776//4776 4777//4777 4861//4861
f 4776//4776 4861//4861 4860//4860
f 4777//4777 4778//4778 4862//4862
f 4777//4777 4862//4862 4861//4861
f 4778//4778 4779//4779 4863//4863
f 4778//4778 4863//4863 4862//4862
f 4779//4779 4780//4780 4864//4864
f 4779//4779 4864//4864 4863//4863
f 4780//4780 4781//4781 4865//4865
f 4780//4780 4865//4865 4864//4864
f 4781//4781 4782//4782 4866//4866
f 4781//4781 4866//4866 4865//4865
f 4782//4782 4783//4783 4867//4867
f 4782//4782 4867//4867 4866//4866
f 4783//4783 4784//4784 4868//4868
f 4783//4783 4868//4868 4867//4867
f 4784//4784 4785//4785 4869//4869
f 4784//4784 4869//4869 4868//4868
f 4785//4785 4786//4786 4870//4870
f 4785//4785 4870//4870 4869//4869
f 4786//4786 4787//4787 4871//4871
f 4786//4786 4871//4871 4870//4870
f 4787//4787 4788//4788 4872//4872
f 4787//4787 4872//4872 4871//4871
f 4789//4789 4790//4790 4874//4874
f 4789//4789 4874//4874 4873//4873
f 4790//4790 4791//4791 4875//4875
f 4790//4790 4875//4875 4874//4874
f 4791//4791 4792//4792 4876//4876
f 4791//4791 4876//4876 4875//4875
f 4792//4792 4793//4793 4877//4877
f 4792//4792 4877//4877 4876//4876
f 4793//4793 4794//4794 4878//4878
f 4793//4793 4878//4878 4877//4877
f 4794//4794 4795//4795 4879//4879
f 4794//4794 4879//4879 4878//4878
f 4795//4795 4796//4796 4880//4880
f 4795//4795 4880//4880 4879//4879
f 4796//4796 4797//4797 4881//4881
f 4796//4796 4881//4881 4880//4880
f 4797//4797 4798//4798 4882//4882
f 4797//4797 4882//4882 4881//4881
f 4798//4798 4799//4799 4883//4883
f 4798//4798 4883//4883 4882//4882
f 4799//4799 4800//4800 4884//4884
f 4799//4799 4884//4884 4883//4883
f 4800//4800 4801//4801 4885//4885
f 4800//4800 4885//4885 4884//4884
f 4801//4801 4802//4802 4886//4886
f 4801//4801 4886//4886 4885//4885
f 4802//4802 4803//4803 4887//4887
f 4802//4802 4887//4887 4886//4886
f 4803//4803 4804//4804 4888//4888
f 4803//4803 4888//4888 4887//4887
f 4804//4804 4805//4805 4889//4889
f 4804//4804 4889//4889 4888//4888
f 4805//4805 4806//4806 4890//4890
f 4805//4805 4890//4890 4889//4889
f 4806//4806 4807//4807 4891//4891
f 4806//4806 4891//4891 4890//4890
f 4807//4807 4808//4808 4892//4892
f 4807//4807 4892//4892 4891//4891
f 4808//4808 4809//4809 4893//4893
f 4808//4808 4893//4893 4892//4892
f 4809//4809 4810//4810 4894//4894
f 4809//4809 4894//4894 4893//4893
f 4810//4810 4811//4811 4895//4895
f 4810//4810 4895//4895 4894//4894
f 4811//4811 4812//4812 4896//4896
f 4811//4811 4896//4896 4895//4895
f 4812//4812 4813//4813 4897//4897
f 4812//4812 4897//4897 4896//4896
f 4813//4813 4814//4814 4898//4898
f 4813//4813 4898//4898 4897//4897
f 4814//4814 4815//4815 4899//4899
f 4814//4814 4899//4899 4898//4898
f 4815//4815 4816//4816 4900//4900
f 4815//4815 4900//4900 4899//4899
f 4816//4816 4817//4817 4901//4901
f 4816//4816 4901//4901 4900//4900
f 4817//4817 4818//4818 4902//4902
f 4817//4817 4902//4902 4901//4901
f 4818//4818 4819//4819 4903//4903
f 4818//4818 4903//4903 4902//4902
f 4819//4819 4820//4820 4904//4904
f 4819//4819 4904//4904 4903//4903
f 4820//4820 4821//4821 4905//4905
f 4820//4820 4905//4905 4904//4904
f 4821//4821 4822//4822 4906//4906
f 4821//4821 4906//4906 4905//4905
f 4822//4822 4823//4823 4907//4907
f 4822//4822 4907//4907 4906//4906
f 4823//4823 4824//4824 4908//4908
f 4823//4823 4908//4908 4907//4907
f 4824//4824 4825//4825 4909//4909
f 4824//4824 4909//4909 4908//4908
f 4825//4825 4826//4826 4910//4910
f 4825//4825 4910//4910 4909//4909
f 4826//4826 4827//4827 4911//4911
f 4826//4826 4911//4911 4910//4910
f 4827//4827 4828//4828 4912//4912
f 4827//4827 4912//4912 4911//4911
f 4828//4828 4829//4829 4913//4913
f 4828//4828 4913//4913 4912//4912
f 4829//4829 4830//4830 4914//4914
f 4829//4829 4914//4914 4913//4913
f 4830//4830 4831//4831 4915//4915
f 4830//4830 4915//4915 4914//4914
f 4831//4831 4832//4832 4916//4916
f 4831//4831 4916//4916 4915//4915
f 4832//4832 4833//4833 4917//4917
f 4832//4832 4917//4917 4916//4916
f 4833//4833 4834//4834 4918//4918
f 4833//4833 4918//4918 4917//4917
f 4834//4834 4835//4835 4919//4919
f 4834//4834 4919//4919 4918//4918
f 4835//4835 4836//4836 4920//4920
f 4835//4835 4920//4920 4919//4919
f 4836//4836 4837//4837 4921//4921
f 4836//4836 4921//4921 4920//4920
f 4837//4837 4838//4838 4922//4922
f 4837//4837 4922//4922 4921//4921
f 4838//4838 4839//4839 4923//4923
f 4838//4838 4923//4923 4922//4922
f 4839//4839 4840//4840 4924//4924
f 4839//4839 4924//4924 4923//4923
f 4840//4840 4841//4841 4925//4925
f 4840//4840 4925//4925 4924//4924
f 4841//4841 4842//4842 4926//4926
f 4841//4841 4926//4926 4925//4925
f 4842//4842 4843//4843 4927//4927
f 4842//4842 4927//4927 4926//4926
f 4843//4843 4844//4844 4928//4928
f 4843//4843 4928//4928 4927//4927
f 4844//4844 4845//4845 4929//4929
f 4844//4844 4929//4929 4928//4928
f 4845//4845 4846//4846 4930//4930
f 4845//4845 4930//4930 4929//4929
f 4846//4846 4847//4847 4931//4931
f 4846//4846 4931//4931 4930//4930
f 4847//4847 4848//4848 4932//4932
f 4847//4847 4932//4932 4931//4931
f 4848//4848 4849//4849 4933//4933
f 4848//4848 4933//4933 4932//4932
f 4849//4849 4850//4850 4934//4934
f 4849//4849 4934//4934 4933//4933
f 4850//4850 4851//4851 4935//4935
f 4850//4850 4935//4935 4934//4934
f 4851//4851 4852//4852 4936//4936
f 4851//4851 4936//4936 4935//4935
f 4852//4852 4853//4853 4937//4937
f 4852//4852 4937//4937 4936//4936
f 4853//4853 4854//4854 4938//4938
f 4853//4853 4938//4938 4937//4937
f 4854//4854 4855//4855 4939//4939
f 4854//4854 4939//4939 4938//4938
f 4855//4855 4856//4856 4940//4940
f 4855//4855 4940//4940 4939//4939
f 4856//4856 4857//4857 4941//4941
f 4856//4856 4941//4941 4940//4940
f 4857//4857 4858//4858 4942//4942
f 4857//4857 4942//4942 4941//4941
f 4858//4858 4859//4859 4943//4943
f 4858//4858 4943//4943 4942//4942
f 4859//4859 4860//4860 4944//4944
f 4859//4859 4944//4944 4943//4943
f 4860//4860 4861//4861 4945//4945
f 4860//4860 4945//4945 4944//4944
f 4861//4861 4862//4862 4946//4946
f 4861//4861 4946//4946 4945//4945
f 4862//4862 4863//4863 4947//4947
f 4862//4862 4947//4947 4946//4946
f 4863//4863 4864//4864 4948//4948
f 4863//4863 4948//4948 4947//4947
f 4864//4864 4865//4865 4949//4949
f 4864//4864 4949//4949 4948//4948
f 4865//4865 4866//4866 4950//4950
f 4865//4865 4950//4950 4949//4949
f 4866//4866 4867//4867 4951//4951
f 4866//4866 4951//4951 4950//4950
f 4867//4867 4868//4868 4952//4952
f 4867//4867 4952//4952 4951//4951
f 4868//4868 4869//4869 4953//4953
f 4868//4868 4953//4953 4952//4952
f 4869//4869 4870//4870 4954//4954
f 4869//4869 4954//4954 4953//4953
f 4870//4870 4871//4871 4955//4955
f 4870//4870 4955//4955 4954//4954
f 4871//4871 4872//4872 4956//4956
f 4871//4871 4956//4956 4955//4955
f 4873//4873 4874//4874 4958//4958
f 4873//4873 4958//4958 4957//4957
f 4874//4874 4875//4875 4959//4959
f 4874//4874 4959//4959 4958//4958
f 4875//4875 4876//4876 4960//4960
f 4875//4875 4960//4960 4959//4959
f 4876//4876 4877//4877 4961//4961
f 4876//4876 4961//4961 4960//4960
f 4877//4877 4878//4878 4962//4962
f 4877//4877 4962//4962 4961//4961
f 4878//4878 4879//4879 4963//4963
f 4878//4878 4963//4963 4962//4962
f 4879//4879 4880//4880 4964//4964
f 4879//4879 4964//4964 4963//4963
f 4880//4880 4881//4881 4965//4965
f 4880//4880 4965//4965 4964//4964
f 4881//4881 4882//4882 4966//4966
f 4881//4881 4966//4966 4965//4965
f 4882//4882 4883//4883 4967//4967
f 4882//4882 4967//4967 4966//4966
f 4883//4883 4884//4884 4968//4968
f 4883//4883 4968//4968 4967//4967
f 4884//4884 4885//4885 4969//4969
f 4884//4884 4969//4969 4968//4968
f 4885//4885 4886//4886 4970//4970
f 4885//4885 4970//4970 4969//4969
f 4886//4886 4887//4887 4971//4971
f 4886//4886 4971//4971 4970//4970
f 4887//4887 4888//4888 4972//4972
f 4887//4887 4972//4972 4971//4971
f 4888//4888 4889//4889 4973//4973
f 4888//4888 4973//4973 4972//4972
f 4889//4889 4890//4890 4974//4974
f 4889//4889 4974//4974 4973//4973
f 4890//4890 4891//4891 4975//4975
f 4890//4890 4975//4975 4974//4974
f 4891//4891 4892//4892 4976//4976
f 4891//4891 4976//4976 4975//4975
f 4892//4892 4893//4893 4977//4977
f 4892//4892 4977//4977 4976//4976
f 4893//4893 4894//4894 4978//4978
f 4893//4893 4978//4978 4977//4977
f 4894//4894 4895//4895 4979//4979
f 4894//4894 4979//4979 4978//4978
f 4895//4895 4896//4896 4980//4980
f 4895//4895 4980//4980 4979//4979
f 4896//4896 4897//4897 4981//4981
f 4896//4896 4981//4981 4980//4980
f 4897//4897 4898//4898 4982//4982
f 4897//4897 4982//4982 4981//4981
f 4898//4898 4899//4899 4983//4983
f 4898//4898 4983//4983 4982//4982
f 4899//4899 4900//4900 4984//4984
f 4899//4899 4984//4984 4983//4983
f 4900//4900 4901//4901 4985//4985
f 4900//4900 4985//4985 4984//4984
f 4901//4901 4902//4902 4986//4986
f 4901//4901 4986//4986 4985//4985
f 4902//4902 4903//4903 4987//4987
f 4902//4902 4987//4987 4986//4986
f 4903//4903 4904//4904 4988//4988
f 4903//4903 4988//4988 4987//4987
f 4904//4904 4905//4905 4989//4989
f 4904//4904 4989//4989 4988//4988
f 4905//4905 4906//4906 4990//4990
f 4905//4905 4990//4990 4989//4989
f 4906//4906 4907//4907 4991//4991
f 4906//4906 4991//4991 4990//4990
f 4907//4907 4908//4908 4992//4992
f 4907//4907 4992//4992 4991//4991
f 4908//4908 4909//4909 4993//4993
f 4908//4908 4993//4993 4992//4992
f 4909//4909 4910//4910 4994//4994
f 4909//4909 4994//4994 4993//4993
f 4910//4910 4911//4911 4995//4995
f 4910//4910 4995//4995 4994//4994
f 4911//4911 4912//4912 4996//4996
f 4911//4911 4996//4996 4995//4995
f 4912//4912 4913//4913 4997//4997
f 4912//4912 4997//4997 4996//4996
f 4913//4913 4914//4914 4998//4998
f 4913//4913 4998//4998 4997//4997
f 4914//4914 4915//4915 4999//4999
f 4914//4914 4999//4999 4998//4998
f 4915//4915 4916//4916 5000//5000
f 4915//4915 5000//5000 4999//4999
f 4916//4916 4917//4917 5001//5001
f 4916//4916 5001//5001 5000//5000
f 4917//4917 4918//4918 5002//5002
f 4917//4917 5002//5002 5001//5001
f 4918//4918 4919//4919 5003//5003
f 4918//4918 5003//5003 5002//5002
f 4919//4919 4920//4920 5004//5004
f 4919//4919 5004//5004 5003//5003
f 4920//4920 4921//4921 5005//5005
f 4920//4920 5005//5005 5004//5004
f 4921//4921 4922//4922 5006//5006
f 4921//4921 5006//5006 5005//5005
f 4922//4922 4923//4923 5007//5007
f 4922//4922 5007//5007 5006//5006
f 4923//4923 4924//4924 5008//5008
f 4923//4923 5008//5008 5007//5007
f 4924//4924 4925//4925 5009//5009
f 4924//4924 5009//5009 5008//5008
f 4925//4925 4926//4926 5010//5010
f 4925//4925 5010//5010 5009//5009
f 4926//4926 4927//4927 5011//5011
f 4926//4926 5011//5011 5010//5010
f 4927//4927 4928//4928 5012//5012
f 4927//4927 5012//5012 5011//5011
f 4928//4928 4929//4929 5013//5013
f 4928//4928 5013//5013 5012//5012
f 4929//4929 4930//4930 5014//5014
f 4929//4929 5014//5014 5013//5013
f 4930//4930 4931//4931 5015//5015
f 4930//4930 5015//5015 5014//5014
f 4931//4931 4932//4932 5016//5016
f 4931//4931 5016//5016 5015//5015
f 4932//4932 4933//4933 5017//5017
f 4932//4932 5017//5017 5016//5016
f 4933//4933 4934//4934 5018//5018
f 4933//4933 5018//5018 5017//5017
f 4934//4934 4935//4935 5019//5019
f 4934//4934 5019//5019 5018//5018
f 4935//4935 4936//4936 5020//5020
f 4935//4935 5020//5020 5019//5019
f 4936//4936 4937//4937 5021//5021
f 4936//4936 5021//5021 5020//5020
f 4937//4937 4938//4938 5022//5022
f 4937//4937 5022//5022 5021//5021
f 4938//4938 4939//4939 5023//5023
f 4938//4938 5023//5023 5022//5022
f 4939//4939 4940//4940 5024//5024
f 4939//4939 5024//5024 5023//5023
f 4940//4940 4941//4941 5025//5025
f 4940//4940 5025//5025 5024//5024
f 4941//4941 4942//4942 5026//5026
f 4941//4941 5026//5026 5025//5025
f 4942//4942 4943//4943 5027//5027
f 4942//4942 5027//5027 5026//5026
f 4943//4943 4944//4944 5028//5028
f 4943//4943 5028//5028 5027//5027
f 4944//4944 4945//4945 5029//5029
f 4944//4944 5029//5029 5028//5028
f 4945//4945 4946//4946 5030//5030
f 4945//4945 5030//5030 5029//5029
f 4946//4946 4947//4947 5031//5031
f 4946//4946 5031//5031 5030//5030
f 4947//4947 4948//4948 5032//5032
f 4947//4947 5032//5032 5031//5031
f 4948//4948 4949//4949 5033//5033
f 4948//4948 5033//5033 5032//5032
f 4949//4949 4950//4950 5034//5034
f 4949//4949 5034//5034 5033//5033
f 4950//4950 4951//4951 5035//5035
f 4950//4950 5035//5035 5034//5034
f 4951//4951 4952//4952 5036//5036
f 4951//4951 5036//5036 5035//5035
f 4952//4952 4953//4953 5037//5037
f 4952//4952 5037//5037 5036//5036
f 4953//4953 4954//4954 5038//5038
f 4953//4953 5038//5038 5037//5037
f 4954//4954 4955//4955 5039//5039
f 4954//4954 5039//5039 5038//5038
f 4955//4955 4956//4956 5040//5040
f 4955//4955 5040//5040 5039//5039
f 4957//4957 4958//4958 5042//5042
f 4957//4957 5042//5042 5041//5041
f 4958//4958 4959//4959 5043//5043
f 4958//4958 5043//5043 5042//5042
f 4959//4959 4960//4960 5044//5044
f 4959//4959 5044//5044 5043//5043
f 4960//4960 4961//4961 5045//5045
f 4960//4960 5045//5045 5044//5044
f 4961//4961 4962//4962 5046//5046
f 4961//4961 5046//5046 5045//5045
f 4962//4962 4963//4963 5047//5047
f 4962//4962 5047//5047 5046//5046
f 4963//4963 4964//4964 5048//5048
f 4963//4963 5048//5048 5047//5047
f 4964//4964 4965//4965 5049//5049
f 4964//4964 5049//5049 5048//5048
f 4965//4965 4966//4966 5050//5050
f 4965//4965 5050//5050 5049//5049
f 4966//4966 4967//4967 5051//5051
f 4966//4966 5051//5051 5050//5050
f 4967//4967 4968//4968 5052//5052
f 4967//4967 5052//5052 5051//5051
f 4968//4968 4969//4969 5053//5053
f 4968//4968 5053//5053 5052//5052
f 4969//4969 4970//4970 5054//5054
f 4969//4969 5054//5054 5053//5053
f 4970//4970 4971//4971 5055//5055
f 4970//4970 5055//5055 5054//5054
f 4971//4971 4972//4972 5056//5056
f 4971//4971 5056//5056 5055//5055
f 4972//4972 4973//4973 5057//5057
f 4972//4972 5057//5057 5056//5056
f 4973//4973 4974//4974 5058//5058
f 4973//4973 5058//5058 5057//5057
f 4974//4974 4975//4975 5059//5059
f 4974//4974 5059//5059 5058//5058
f 4975//4975 4976//4976 5060//5060
f 4975//4975 5060//5060 5059//5059
f 4976//4976 4977//4977 5061//5061
f 4976//4976 5061//5061 5060//5060
f 4977//4977 4978//4978 5062//5062
f 4977//4977 5062//5062 5061//5061
f 4978//4978 4979//4979 5063//5063
f 4978//4978 5063//5063 5062//5062
f 4979//4979 4980//4980 5064//5064
f 4979//4979 5064//5064 5063//5063
f 4980//4980 4981//4981 5065//5065
f 4980//4980 5065//5065 5064//5064
f 4981//4981 4982//4982 5066//5066
f 4981//4981 5066//5066 5065//5065
f 4982//4982 4983//4983 5067//5067
f 4982//4982 5067//5067 5066//5066
f 4983//4983 4984//4984 5068//5068
f 4983//4983 5068//5068 5067//5067
f 4984//4984 4985//4985 5069//5069
f 4984//4984 5069//5069 5068//5068
f 4985//4985 4986//4986 5070//5070
f 4985//4985 5070//5070 5069//5069
f 4986//4986 4987//4987 5071//5071
f 4986//4986 5071//5071 5070//5070
f 4987//4987 4988//4988 5072//5072
f 4987//4987 5072//5072 5071//5071
f 4988//4988 4989//4989 5073//5073
f 4988//4988 5073//5073 5072//5072
f 4989//4989 4990//4990 5074//5074
f 4989//4989 5074//5074 5073//5073
f 4990//4990 4991//4991 5075//5075
f 4990//4990 5075//5075 5074//5074
f 4991//4991 4992//4992 5076//5076
f 4991//4991 5076//5076 5075//5075
f 4992//4992 4993//4993 5077//5077
f 4992//4992 5077//5077 5076//5076
f 4993//4993 4994//4994 5078//5078
f 4993//4993 5078//5078 5077//5077
f 4994//4994 4995//4995 5079//5079
f 4994//4994 5079//5079 5078//5078
f 4995//4995 4996//4996 5080//5080
f 4995//4995 5080//5080 5079//5079
f 4996//4996 4997//4997 5081//5081
f 4996//4996 5081//5081 5080//5080
f 4997//4997 4998//4998 5082//5082
f 4997//4997 5082//5082 5081//5081
f 4998//4998 4999//4999 5083//5083
f 4998//4998 5083//5083 5082//5082
f 4999//4999 5000//5000 5084//5084
f 4999//4999 5084//5084 5083//5083
f 5000//5000 5001//5001 5085//5085
f 5000//5000 5085//5085 5084//5084
f 5001//5001 5002//5002 5086//5086
f 5001//5001 5086//5086 5085//5085
f 5002//5002 5003//5003 5087//5087
f 5002//5002 5087//5087 5086//5086
f 5003//5003 5004//5004 5088//5088
f 5003//5003 5088//5088 5087//5087
f 5004//5004 5005//5005 5089//5089
f 5004//5004 5089//5089 5088//5088
f 5005//5005 5006//5006 5090//5090
f 5005//5005 5090//5090 5089//5089
f 5006//5006 5007//5007 5091//5091
f 5006//5006 5091//5091 5090//5090
f 5007//5007 5008//5008 5092//5092
f 5007//5007 5092//5092 5091//5091
f 5008//5008 5009//5009 5093//5093
f 5008//5008 5093//5093 5092//5092
f 5009//5009 5010//5010 5094//5094
f 5009//5009 5094//5094 5093//5093
f 5010//5010 5011//5011 5095//5095
f 5010//5010 5095//5095 5094//5094
f 5011//5011 5012//5012 5096//5096
f 5011//5011 5096//5096 5095//5095
f 5012//5012 5013//5013 5097//5097
f 5012//5012 5097//5097 5096//5096
f 5013//5013 5014//5014 5098//5098
f 5013//5013 5098//5098 5097//5097
f 5014//5014 5015//5015 5099//5099
f 5014//5014 5099//5099 5098//5098
f 5015//5015 5016//5016 5100//5100
f 5015//5015 5100//5100 5099//5099
f 5016//5016 5017//5017 5101//5101
f 5016//5016 5101//5101 5100//5100
f 5017//5017 5018//5018 5102//5102
f 5017//5017 5102//5102 5101//5101
f 5018//5018 5019//5019 5103//5103
f 5018//5018 5103//5103 5102//5102
f 5019//5019 5020//5020 5104//5104
f 5019//5019 5104//5104 5103//5103
f 5020//5020 5021//5021 5105//5105
f 5020//5020 5105//5105 5104//5104
f 5021//5021 5022//5022 5106//5106
f 5021//5021 5106//5106 5105//5105
f 5022//5022 5023//5023 5107//5107
f 5022//5022 5107//5107 5106//5106
f 5023//5023 5024//5024 5108//5108
f 5023//5023 5108//5108 5107//5107
f 5024//5024 5025//5025 5109//5109
f 5024//5024 5109//5109 5108//5108
f 5025//5025 5026//5026 5110//5110
f 5025//5025 5110//5110 5109//5109
f 5026//5026 5027//5027 5111//5111
f 5026//5026 5111//5111 5110//5110
f 5027//5027 5028//5028 5112//5112
f 5027//5027 5112//5112 5111//5111
f 5028//5028 5029//5029 5113//5113
f 5028//5028 5113//5113 5112//5112
f 5029//5029 5030//5030 5114//5114
f 5029//5029 5114//5114 5113//5113
f 5030//5030 5031//5031 5115//5115
f 5030//5030 5115//5115 5114//5114
f 5031//5031 5032//5032 5116//5116
f 5031//5031 5116//5116 5115//5115
f 5032//5032 5033//5033 5117//5117
f 5032//5032 5117//5117 5116//5116
f 5033//5033 5034//5034 5118//5118
f 5033//5033 5118//5118 5117//5117
f 5034//5034 5035//5035 5119//5119
f 5034//5034 5119//5119 5118//5118
f 5035//5035 5036//5036 5120//5120
f 5035//5035 5120//5120 5119//5119
f 5036//5036 5037//5037 5121//5121
f 5036//5036 5121//5121 5120//5120
f 5037//5037 5038//5038 5122//5122
f 5037//5037 5122//5122 5121//5121
f 5038//5038 5039//5039 5123//5123
f 5038//5038 5123//5123 5122//5122
f 5039//5039 5040//5040 5124//5124
f 5039//5039 5124//5124 5123//5123
f 5041//5041 5042//5042 5126//5126
f 5041//5041 5126//5126 5125//5125
f 5042//5042 5043//5043 5127//5127
f 5042//5042 5127//5127 5126//5126
f 5043//5043 5044//5044 5128//5128
f 5043//5043 5128//5128 5127//5127
f 5044//5044 5045//5045 5129//5129
f 5044//5044 5129//5129 5128//5128
f 5045//5045 5046//5046 5130//5130
f 5045//5045 5130//5130 5129//5129
f 5046//5046 5047//5047 5131//5131
f 5046//5046 5131//5131 5130//5130
f 5047//5047 5048//5048 5132//5132
f 5047//5047 5132//5132 5131//5131
f 5048//5048 5049//5049 5133//5133
f 5048//5048 5133//5133 5132//5132
f 5049//5049 5050//5050 5134//5134
f 5049//5049 5134//5134 5133//5133
f 5050//5050 5051//5051 5135//5135
f 5050//5050 5135//5135 5134//5134
f 5051//5051 5052//5052 5136//5136
f 5051//5051 5136//5136 5135//5135
f 5052//5052 5053//5053 5137//5137
f 5052//5052 5137//5137 5136//5136
f 5053//5053 5054//5054 5138//5138
f 5053//5053 5138//5138 5137//5137
f 5054//5054 5055//5055 5139//5139
f 5054//5054 5139//5139 5138//5138
f 5055//5055 5056//5056 5140//5140
f 5055//5055 5140//5140 5139//5139
f 5056//5056 5057//5057 5141//5141
f 5056//5056 5141//5141 5140//5140
f 5057//5057 5058//5058 5142//5142
f 5057//5057 5142//5142 5141//5141
f 5058//5058 5059//5059 5143//5143
f 5058//5058 5143//5143 5142//5142
f 5059//5059 5060//5060 5144//5144
f 5059//5059 5144//5144 5143//5143
f 5060//5060 5061//5061 5145//5145
f 5060//5060 5145//5145 5144//5144
f 5061//5061 5062//5062 5146//5146
f 5061//5061 5146//5146 5145//5145
f 5062//5062 5063//5063 5147//5147
f 5062//5062 5147//5147 5146//5146
f 5063//5063 5064//5064 5148//5148
f 5063//5063 5148//5148 5147//5147
f 5064//5064 5065//5065 5149//5149
f 5064//5064 5149//5149 5148//5148
f 5065//5065 5066//5066 5150//5150
f 5065//5065 5150//5150 5149//5149
f 5066//5066 5067//5067 5151//5151
f 5066//5066 5151//5151 5150//5150
f 5067//5067 5068//5068 5152//5152
f 5067//5067 5152//5152 5151//5151
f 5068//5068 5069//5069 5153//5153
f 5068//5068 5153//5153 5152//5152
f 5069//5069 5070//5070 5154//5154
f 5069//5069 5154//5154 5153//5153
f 5070//5070 5071//5071 5155//5155
f 5070//5070 5155//5155 5154//5154
f 5071//5071 5072//5072 5156//5156
f 5071//5071 5156//5156 5155//5155
f 5072//5072 5073//5073 5157//5157
f 5072//5072 5157//5157 5156//5156
f 5073//5073 5074//5074 5158//5158
f 5073//5073 5158//5158 5157//5157
f 5074//5074 5075//5075 5159//5159
f 5074//5074 5159//5159 5158//5158
f 5075//5075 5076//5076 5160//5160
f 5075//5075 5160//5160 5159//5159
f 5076//5076 5077//5077 5161//5161
f 5076//5076 5161//5161 5160//5160
f 5077//5077 5078//5078 5162//5162
f 5077//5077 5162//5162 5161//5161
f 5078//5078 5079//5079 5163//5163
f 5078//5078 5163//5163 5162//5162
f 5079//5079 5080//5080 5164//5164
f 5079//5079 5164//5164 5163//5163
f 5080//5080 5081//5081 5165//5165
f 5080//5080 5165//5165 5164//5164
f 5081//5081 5082//5082 5166//5166
f 5081//5081 5166//5166 5165//5165
f 5082//5082 5083//5083 5167//5167
f 5082//5082 5167//5167 5166//5166
f 5083//5083 5084//5084 5168//5168
f 5083//5083 5168//5168 5167//5167
f 5084//5084 5085//5085 5169//5169
f 5084//5084 5169//5169 5168//5168
f 5085//5085 5086//5086 5170//5170
f 5085//5085 5170//5170 5169//5169
f 5086//5086 5087//5087 5171//5171
f 5086//5086 5171//5171 5170//5170
f 5087//5087 5088//5088 5172//5172
f 5087//5087 5172//5172 5171//5171
f 5088//5088 5089//5089 5173//5173
f 5088//5088 5173//5173 5172//5172
f 5089//5089 5090//5090 5174//5174
f 5089//5089 5174//5174 5173//5173
f 5090//5090 5091//5091 5175//5175
f 5090//5090 5175//5175 5174//5174
f 5091//5091 5092//5092 5176//5176
f 5091//5091 5176//5176 5175//5175
f 5092//5092 5093//5093 5177//5177
f 5092//5092 5177//5177 5176//5176
f 5093//5093 5094//5094 5178//5178
f 5093//5093 5178//5178 5177//5177
f 5094//5094 5095//5095 5179//5179
f 5094//5094 5179//5179 5178//5178
f 5095//5095 5096//5096 5180//5180
f 5095//5095 5180//5180 5179//5179
f 5096//5096 5097//5097 5181//5181
f 5096//5096 5181//5181 5180//5180
f 5097//5097 5098//5098 5182//5182
f 5097//5097 5182//5182 5181//5181
f 5098//5098 5099//5099 5183//5183
f 5098//5098 5183//5183 5182//5182
f 5099//5099 5100//5100 5184//5184
f 5099//5099 5184//5184 5183//5183
f 5100//5100 5101//5101 5185//5185
f 5100//5100 5185//5185 5184//5184
f 5101//5101 5102//5102 5186//5186
f 5101//5101 5186//5186 5185//5185
f 5102//5102 5103//5103 5187//5187
f 5102//5102 5187//5187 5186//5186
f 5103//5103 5104//5104 5188//5188
f 5103//5103 5188//5188 5187//5187
f 5104//5104 5105//5105 5189//5189
f 5104//5104 5189//5189 5188//5188
f 5105//5105 5106//5106 5190//5190
f 5105//5105 5190//5190 5189//5189
f 5106//5106 5107//5107 5191//5191
f 5106//5106 5191//5191 5190//5190
f 5107//5107 5108//5108 5192//5192
f 5107//5107 5192//5192 5191//5191
f 5108//5108 5109//5109 5193//5193
f 5108//5108 5193//5193 5192//5192
f 5109//5109 5110//5110 5194//5194
f 5109//5109 5194//5194 5193//5193
f 5110//5110 5111//5111 5195//5195
f 5110//5110 5195//5195 5194//5194
f 5111//5111 5112//5112 5196//5196
f 5111//5111 5196//5196 5195//5195
f 5112//5112 5113//5113 5197//5197
f 5112//5112 5197//5197 5196//5196
f 5113//5113 5114//5114 5198//5198
f 5113//5113 5198//5198 5197//5197
f 5114//5114 5115//5115 5199//5199
f 5114//5114 5199//5199 5198//5198
f 5115//5115 5116//5116 5200//5200
f 5115//5115 5200//5200 5199//5199
f 5116//5116 5117//5117 5201//5201
f 5116//5116 5201//5201 5200//5200
f 5117//5117 5118//5118 5202//5202
f 5117//5117 5202//5202 5201//5201
f 5118//5118 5119//5119 5203//5203
f 5118//5118 5203//5203 5202//5202
f 5119//5119 5120//5120 5204//5204
f 5119//5119 5204//5204 5203//5203
f 5120//5120 5121//5121 5205//5205
f 5120//5120 5205//5205 5204//5204
f 5121//5121 5122//5122 5206//5206
f 5121//5121 5206//5206 5205//5205
f 5122//5122 5123//5123 5207//5207
f 5122//5122 5207//5207 5206//5206
f 5123//5123 5124//5124 5208//5208
f 5123//5123 5208//5208 5207//5207
f 5125//5125 5126//5126 5210//5210
f 5125//5125 5210//5210 5209//5209
f 5126//5126 5127//5127 5211//5211
f 5126//5126 5211//5211 5210//5210
f 5127//5127 5128//5128 5212//5212
f 5127//5127 5212//5212 5211//5211
f 5128//5128 5129//5129 5213//5213
f 5128//5128 5213//5213 5212//5212
f 5129//5129 5130//5130 5214//5214
f 5129//5129 5214//5214 5213//5213
f 5130//5130 5131//5131 5215//5215
f 5130//5130 5215//5215 5214//5214
f 5131//5131 5132//5132 5216//5216
f 5131//5131 5216//5216 5215//5215
f 5132//5132 5133//5133 5217//5217
f 5132//5132 5217//5217 5216//5216
f 5133//5133 5134//5134 5218//5218
f 5133//5133 5218//5218 5217//5217
f 5134//5134 5135//5135 5219//5219
f 5134//5134 5219//5219 5218//5218
f 5135//5135 5136//5136 5220//5220
f 5135//5135 5220//5220 5219//5219
f 5136//5136 5137//5137 5221//5221
f 5136//5136 5221//5221 5220//5220
f 5137//5137 5138//5138 5222//5222
f 5137//5137 5222//5222 5221//5221
f 5138//5138 5139//5139 5223//5223
f 5138//5138 5223//5223 5222//5222
f 5139//5139 5140//5140 5224//5224
f 5139//5139 5224//5224 5223//5223
f 5140//5140 5141//5141 5225//5225
f 5140//5140 5225//5225 5224//5224
f 5141//5141 5142//5142 5226//5226
f 5141//5141 5226//5226 5225//5225
f 5142//5142 5143//5143 5227//5227
f 5142//5142 5227//5227 5226//5226
f 5143//5143 5144//5144 5228//5228
f 5143//5143 5228//5228 5227//5227
f 5144//5144 5145//5145 5229//5229
f 5144//5144 5229//5229 5228//5228
f 5145//5145 5146//5146 5230//5230
f 5145//5145 5230//5230 5229//5229
f 5146//5146 5147//5147 5231//5231
f 5146//5146 5231//5231 5230//5230
f 5147//5147 5148//5148 5232//5232
f 5147//5147 5232//5232 5231//5231
f 5148//5148 5149//5149 5233//5233
f 5148//5148 5233//5233 5232//5232
f 5149//5149 5150//5150 5234//5234
f 5149//5149 5234//5234 5233//5233
f 5150//5150 5151//5151 5235//5235
f 5150//5150 5235//5235 5234//5234
f 5151//5151 5152//5152 5236//5236
f 5151//5151 5236//5236 5235//5235
f 5152//5152 5153//5153 5237//5237
f 5152//5152 5237//5237 5236//5236
f 5153//5153 5154//5154 5238//5238
f 5153//5153 5238//5238 5237//5237
f 5154//5154 5155//5155 5239//5239
f 5154//5154 5239//5239 5238//5238
f 5155//5155 5156//5156 5240//5240
f 5155//5155 5240//5240 5239//5239
f 5156//5156 5157//5157 5241//5241
f 5156//5156 5241//5241 5240//5240
f 5157//5157 5158//5158 5242//5242
f 5157//5157 5242//5242 5241//5241
f 5158//5158 5159//5159 5243//5243
f 5158//5158 5243//5243 5242//5242
f 5159//5159 5160//5160 5244//5244
f 5159//5159 5244//5244 5243//5243
f 5160//5160 5161//5161 5245//5245
f 5160//5160 5245//5245 5244//5244
f 5161//5161 5162//5162 5246//5246
f 5161//5161 5246//5246 5245//5245
f 5162//5162 5163//5163 5247//5247
f 5162//5162 5247//5247 5246//5246
f 5163//5163 5164//5164 5248//5248
f 5163//5163 5248//5248 5247//5247
f 5164//5164 5165//5165 5249//5249
f 5164//5164 5249//5249 5248//5248
f 5165//5165 5166//5166 5250//5250
f 5165//5165 5250//5250 5249//5249
f 5166//5166 5167//5167 5251//5251
f 5166//5166 5251//5251 5250//5250
f 5167//5167 5168//5168 5252//5252
f 5167//5167 5252//5252 5251//5251
f 5168//5168 5169//5169 5253//5253
f 5168//5168 5253//5253 5252//5252
f 5169//5169 5170//5170 5254//5254
f 5169//5169 5254//5254 5253//5253
f 5170//5170 5171//5171 5255//5255
f 5170//5170 5255//5255 5254//5254
f 5171//5171 5172//5172 5256//5256
f 5171//5171 5256//5256 5255//5255
f 5172//5172 5173//5173 5257//5257
f 5172//5172 5257//5257 5256//5256
f 5173//5173 5174//5174 5258//5258
f 5173//5173 5258//5258 5257//5257
f 5174//5174 5175//5175 5259//5259
f 5174//5174 5259//5259 5258//5258
f 5175//5175 5176//5176 5260//5260
f 5175//5175 5260//5260 5259//5259
f 5176//5176 5177//5177 5261//5261
f 5176//5176 5261//5261 5260//5260
f 5177//5177 5178//5178 5262//5262
f 5177//5177 5262//5262 5261//5261
f 5178//5178 5179//5179 5263//5263
f 5178//5178 5263//5263 5262//5262
f 5179//5179 5180//5180 5264//5264
f 5179//5179 5264//5264 5263//5263
f 5180//5180 5181//5181 5265//5265
f 5180//5180 5265//5265 5264//5264
f 5181//5181 5182//5182 5266//5266
f 5181//5181 5266//5266 5265//5265
f 5182//5182 5183//5183 5267//5267
f 5182//5182 5267//5267 5266//5266
f 5183//5183 5184//5184 5268//5268
f 5183//5183 5268//5268 5267//5267
f 5184//5184 5185//5185 5269//5269
f 5184//5184 5269//5269 5268//5268
f 5185//5185 5186//5186 5270//5270
f 5185//5185 5270//5270 5269//5269
f 5186//5186 5187//5187 5271//5271
f 5186//5186 5271//5271 5270//5270
f 5187//5187 5188//5188 5272//5272
f 5187//5187 5272//5272 5271//5271
f 5188//5188 5189//5189 5273//5273
f 5188//5188 5273//5273 5272//5272
f 5189//5189 5190//5190 5274//5274
f 5189//5189 5274//5274 5273//5273
f 5190//5190 5191//5191 5275//5275
f 5190//5190 5275//5275 5274//5274
f 5191//5191 5192//5192 5276//5276
f 5191//5191 5276//5276 5275//5275
f 5192//5192 5193//5193 5277//5277
f 5192//5192 5277//5277 5276//5276
f 5193//5193 5194//5194 5278//5278
f 5193//5193 5278//5278 5277//5277
f 5194//5194 5195//5195 5279//5279
f 5194//5194 5279//5279 5278//5278
f 5195//5195 5196//5196 5280//5280
f 5195//5195 5280//5280 5279//5279
f 5196//5196 5197//5197 5281//5281
f 5196//5196 5281//5281 5280//5280
f 5197//5197 5198//5198 5282//5282
f 5197//5197 5282//5282 5281//5281
f 5198//5198 5199//5199 5283//5283
f 5198//5198 5283//5283 5282//5282
f 5199//5199 5200//5200 5284//5284
f 5199//5199 5284//5284 5283//5283
f 5200//5200 5201//5201 5285//5285
f 5200//5200 5285//5285 5284//5284
f 5201//5201 5202//5202 5286//5286
f 5201//5201 5286//5286 5285//5285
f 5202//5202 5203//5203 5287//5287
f 5202//5202 5287//5287 5286//5286
f 5203//5203 5204//5204 5288//5288
f 5203//5203 5288//5288 5287//5287
f 5204//5204 5205//5205 5289//5289
f 5204//5204 5289//5289 5288//5288
f 5205//5205 5206//5206 5290//5290
f 5205//5205 5290//5290 5289//5289
f 5206//5206 5207//5207 5291//5291
f 5206//5206 5291//5291 5290//5290
f 5207//5207 5208//5208 5292//5292
f 5207//5207 5292//5292 5291//5291
f 5209//5209 5210//5210 5294//5294
f 5209//5209 5294//5294 5293//5293
f 5210//5210 5211//5211 5295//5295
f 5210//5210 5295//5295 5294//5294
f 5211//5211 5212//5212 5296//5296
f 5211//5211 5296//5296 5295//5295
f 5212//5212 5213//5213 5297//5297
f 5212//5212 5297//5297 5296//5296
f 5213//5213 5214//5214 5298//5298
f 5213//5213 5298//5298 5297//5297
f 5214//5214 5215//5215 5299//5299
f 5214//5214 5299//5299 5298//5298
f 5215//5215 5216//5216 5300//5300
f 5215//5215 5300//5300 5299//5299
f 5216//5216 5217//5217 5301//5301
f 5216//5216 5301//5301 5300//5300
f 5217//5217 5218//5218 5302//5302
f 5217//5217 5302//5302 5301//5301
f 5218//5218 5219//5219 5303//5303
f 5218//5218 5303//5303 5302//5302
f 5219//5219 5220//5220 5304//5304
f 5219//5219 5304//5304 5303//5303
f 5220//5220 5221//5221 5305//5305
f 5220//5220 5305//5305 5304//5304
f 5221//5221 5222//5222 5306//5306
f 5221//5221 5306//5306 5305//5305
f 5222//5222 5223//5223 5307//5307
f 5222//5222 5307//5307 5306//5306
f 5223//5223 5224//5224 5308//5308
f 5223//5223 5308//5308 5307//5307
f 5224//5224 5225//5225 5309//5309
f 5224//5224 5309//5309 5308//5308
f 5225//5225 5226//5226 5310//5310
f 5225//5225 5310//5310 5309//5309
f 5226//5226 5227//5227 5311//5311
f 5226//5226 5311//5311 5310//5310
f 5227//5227 5228//5228 5312//5312
f 5227//5227 5312//5312 5311//5311
f 5228//5228 5229//5229 5313//5313
f 5228//5228 5313//5313 5312//5312
f 5229//5229 5230//5230 5314//5314
f 5229//5229 5314//5314 5313//5313
f 5230//5230 5231//5231 5315//5315
f 5230//5230 5315//5315 5314//5314
f 5231//5231 5232//5232 5316//5316
f 5231//5231 5316//5316 5315//5315
f 5232//5232 5233//5233 5317//5317
f 5232//5232 5317//5317 5316//5316
f 5233//5233 5234//5234 5318//5318
f 5233//5233 5318//5318 5317//5317
f 5234//5234 5235//5235 5319//5319
f 5234//5234 5319//5319 5318//5318
f 5235//5235 5236//5236 5320//5320
f 5235//5235 5320//5320 5319//5319
f 5236//5236 5237//5237 5321//5321
f 5236//5236 5321//5321 5320//5320
f 5237//5237 5238//5238 5322//5322
f 5237//5237 5322//5322 5321//5321
f 5238//5238 5239//5239 5323//5323
f 5238//5238 5323//5323 5322//5322
f 5239//5239 5240//5240 5324//5324
f 5239//5239 5324//5324 5323//5323
f 5240//5240 5241//5241 5325//5325
f 5240//5240 5325//5325 5324//5324
f 5241//5241 5242//5242 5326//5326
f 5241//5241 5326//5326 5325//5325
f 5242//5242 5243//5243 5327//5327
f 5242//5242 5327//5327 5326//5326
f 5243//5243 5244//5244 5328//5328
f 5243//5243 5328//5328 5327//5327
f 5244//5244 5245//5245 5329//5329
f 5244//5244 5329//5329 5328//5328
f 5245//5245 5246//5246 5330//5330
f 5245//5245 5330//5330 5329//5329
f 5246//5246 5247//5247 5331//5331
f 5246//5246 5331//5331 5330//5330
f 5247//5247 5248//5248 5332//5332
f 5247//5247 5332//5332 5331//5331
f 5248//5248 5249//5249 5333//5333
f 5248//5248 5333//5333 5332//5332
f 5249//5249 5250//5250 5334//5334
f 5249//5249 5334//5334 5333//5333
f 5250//5250 5251//5251 5335//5335
f 5250//5250 5335//5335 5334//5334
f 5251//5251 5252//5252 5336//5336
f 5251//5251 5336//5336 5335//5335
f 5252//5252 5253//5253 5337//5337
f 5252//5252 5337//5337 5336//5336
f 5253//5253 5254//5254 5338//5338
f 5253//5253 5338//5338 5337//5337
f 5254//5254 5255//5255 5339//5339
f 5254//5254 5339//5339 5338//5338
f 5255//5255 5256//5256 5340//5340
f 5255//5255 5340//5340 5339//5339
f 5256//5256 5257//5257 5341//5341
f 5256//5256 5341//5341 5340//5340
f 5257//5257 5258//5258 5342//5342
f 5257//5257 5342//5342 5341//5341
f 5258//5258 5259//5259 5343//5343
f 5258//5258 5343//5343 5342//5342
f 5259//5259 5260//5260 5344//5344
f 5259//5259 5344//5344 5343//5343
f 5260//5260 5261//5261 5345//5345
f 5260//5260 5345//5345 5344//5344
f 5261//5261 5262//5262 5346//5346
f 5261//5261 5346//5346 5345//5345
f 5262//5262 5263//5263 5347//5347
f 5262//5262 5347//5347 5346//5346
f 5263//5263 5264//5264 5348//5348
f 5263//5263 5348//5348 5347//5347
f 5264//5264 5265//5265 5349//5349
f 5264//5264 5349//5349 5348//5348
f 5265//5265 5266//5266 5350//5350
f 5265//5265 5350//5350 5349//5349
f 5266//5266 5267//5267 5351//5351
f 5266//5266 5351//5351 5350//5350
f 5267//5267 5268//5268 5352//5352
f 5267//5267 5352//5352 5351//5351
f 5268//5268 5269//5269 5353//5353
f 5268//5268 5353//5353 5352//5352
f 5269//5269 5270//5270 5354//5354
f 5269//5269 5354//5354 5353//5353
f 5270//5270 5271//5271 5355//5355
f 5270//5270 5355//5355 5354//5354
f 5271//5271 5272//5272 5356//5356
f 5271//5271 5356//5356 5355//5355
f 5272//5272 5273//5273 5357//5357
f 5272//5272 5357//5357 5356//5356
f 5273//5273 5274//5274 5358//5358
f 5273//5273 5358//5358 5357//5357
f 5274//5274 5275//5275 5359//5359
f 5274//5274 5359//5359 5358//5358
f 5275//5275 5276//5276 5360//5360
f 5275//5275 5360//5360 5359//5359
f 5276//5276 5277//5277 5361//5361
f 5276//5276 5361//5361 5360//5360
f 5277//5277 5278//5278 5362//5362
f 5277//5277 5362//5362 5361//5361
f 5278//5278 5279//5279 5363//5363
f 5278//5278 5363//5363 5362//5362
f 5279//5279 5280//5280 5364//5364
f 5279//5279 5364//5364 5363//5363
f 5280//5280 5281//5281 5365//5365
f 5280//5280 5365//5365 5364//5364
f 5281//5281 5282//5282 5366//5366
f 5281//5281 5366//5366 5365//5365
f 5282//5282 5283//5283 5367//5367
f 5282//5282 5367//5367 5366//5366
f 5283//5283 5284//5284 5368//5368
f 5283//5283 5368//5368 5367//5367
f 5284//5284 5285//5285 5369//5369
f 5284//5284 5369//5369 5368//5368
f 5285//5285 5286//5286 5370//5370
f 5285//5285 5370//5370 5369//5369
f 5286//5286 5287//5287 5371//5371
f 5286//5286 5371//5371 5370//5370
f 5287//5287 5288//5288 5372//5372
f 5287//5287 5372//5372 5371//5371
f 5288//5288 5289//5289 5373//5373
f 5288//5288 5373//5373 5372//5372
f 5289//5289 5290//5290 5374//5374
f 5289//5289 5374//5374 5373//5373
f 5290//5290 5291//5291 5375//5375
f 5290//5290 5375//5375 5374//5374
f 5291//5291 5292//5292 5376//5376
f 5291//5291 5376//5376 5375//5375
