# Lunar Penumbra Partial Shadows
o lunar_penumbra_shadows
v 3.2622 1.2798 -0.2979 0.0450 0.0450 0.0550
v 3.4170 1.2798 -0.3052 0.0450 0.0450 0.0550
v 3.4052 1.3125 -0.3067 0.0450 0.0450 0.0550
v 3.3889 1.3408 -0.3072 0.0450 0.0450 0.0550
v 3.3694 1.3653 -0.3067 0.0450 0.0450 0.0550
v 3.3471 1.3862 -0.3053 0.0450 0.0450 0.0550
v 3.3220 1.4040 -0.3030 0.0450 0.0450 0.0550
v 3.2938 1.4184 -0.2999 0.0450 0.0450 0.0550
v 3.2622 1.4287 -0.2960 0.0450 0.0450 0.0550
v 3.2271 1.4335 -0.2914 0.0450 0.0450 0.0550
v 3.1893 1.4311 -0.2861 0.0450 0.0450 0.0550
v 3.1504 1.4201 -0.2800 0.0450 0.0450 0.0550
v 3.1126 1.3991 -0.2737 0.0450 0.0450 0.0550
v 3.0792 1.3680 -0.2676 0.0450 0.0450 0.0550
v 3.0533 1.3275 -0.2621 0.0450 0.0450 0.0550
v 3.0380 1.2798 -0.2579 0.0450 0.0450 0.0550
v 3.0356 1.2281 -0.2555 0.0450 0.0450 0.0550
v 3.0474 1.1764 -0.2551 0.0450 0.0450 0.0550
v 3.0730 1.1289 -0.2564 0.0450 0.0450 0.0550
v 3.1107 1.0899 -0.2588 0.0450 0.0450 0.0550
v 3.1575 1.0625 -0.2624 0.0450 0.0450 0.0550
v 3.2095 1.0488 -0.2666 0.0450 0.0450 0.0550
v 3.2622 1.0496 -0.2713 0.0450 0.0450 0.0550
v 3.3115 1.0639 -0.2765 0.0450 0.0450 0.0550
v 3.3538 1.0896 -0.2821 0.0450 0.0450 0.0550
v 3.3867 1.1237 -0.2880 0.0450 0.0450 0.0550
v 3.4090 1.1627 -0.2937 0.0450 0.0450 0.0550
v 3.4207 1.2035 -0.2986 0.0450 0.0450 0.0550
v 3.4228 1.2432 -0.3025 0.0450 0.0450 0.0550
v 3.5719 1.2798 -0.2991 0.0450 0.0450 0.0550
v 3.5482 1.3451 -0.3040 0.0450 0.0450 0.0550
v 3.5156 1.4019 -0.3059 0.0450 0.0450 0.0550
v 3.4765 1.4507 -0.3054 0.0450 0.0450 0.0550
v 3.4319 1.4927 -0.3028 0.0450 0.0450 0.0550
v 3.3818 1.5282 -0.2983 0.0450 0.0450 0.0550
v 3.3255 1.5570 -0.2921 0.0450 0.0450 0.0550
v 3.2622 1.5776 -0.2841 0.0450 0.0450 0.0550
v 3.1921 1.5871 -0.2744 0.0450 0.0450 0.0550
v 3.1165 1.5825 -0.2631 0.0450 0.0450 0.0550
v 3.0385 1.5603 -0.2505 0.0450 0.0450 0.0550
v 2.9631 1.5184 -0.2357 0.0450 0.0450 0.0550
v 2.8961 1.4561 -0.2190 0.0450 0.0450 0.0550
v 2.8443 1.3752 -0.2018 0.0450 0.0450 0.0550
v 2.8137 1.2798 -0.1872 0.0450 0.0450 0.0550
v 2.8090 1.1764 -0.1787 0.0450 0.0450 0.0550
v 2.8325 1.0729 -0.1776 0.0450 0.0450 0.0550
v 2.8838 0.9780 -0.1822 0.0450 0.0450 0.0550
v 2.9592 0.8999 -0.1892 0.0450 0.0450 0.0550
v 3.0529 0.8451 -0.1960 0.0450 0.0450 0.0550
v 3.1568 0.8179 -0.2024 0.0450 0.0450 0.0550
v 3.2622 0.8194 -0.2101 0.0450 0.0450 0.0550
v 3.3608 0.8480 -0.2199 0.0450 0.0450 0.0550
v 3.4454 0.8994 -0.2329 0.0450 0.0450 0.0550
v 3.5112 0.9675 -0.2483 0.0450 0.0450 0.0550
v 3.5558 1.0457 -0.2644 0.0450 0.0450 0.0550
v 3.5792 1.1272 -0.2791 0.0450 0.0450 0.0550
v 3.5835 1.2065 -0.2909 0.0450 0.0450 0.0550
v 3.7267 1.2798 -0.2791 0.0450 0.0450 0.0550
v 3.6912 1.3777 -0.2896 0.0450 0.0450 0.0550
v 3.6423 1.4629 -0.2951 0.0450 0.0450 0.0550
v 3.5837 1.5362 -0.2953 0.0450 0.0450 0.0550
v 3.5168 1.5991 -0.2906 0.0450 0.0450 0.0550
v 3.4416 1.6524 -0.2837 0.0450 0.0450 0.0550
v 3.3571 1.6956 -0.2732 0.0450 0.0450 0.0550
v 3.2622 1.7264 -0.2595 0.0450 0.0450 0.0550
v 3.1570 1.7408 -0.2439 0.0450 0.0450 0.0550
v 3.0436 1.7338 -0.2275 0.0450 0.0450 0.0550
v 2.9267 1.7005 -0.2084 0.0450 0.0450 0.0550
v 2.8135 1.6377 -0.1841 0.0450 0.0450 0.0550
v 2.7131 1.5443 -0.1523 0.0450 0.0450 0.0550
v 2.6354 1.4229 -0.1136 0.0450 0.0450 0.0550
v 2.5895 1.2798 -0.0749 0.0450 0.0450 0.0550
v 2.5824 1.1247 -0.0503 0.0450 0.0450 0.0550
v 2.6177 0.9695 -0.0485 0.0450 0.0450 0.0550
v 2.6945 0.8271 -0.0627 0.0450 0.0450 0.0550
v 2.8077 0.7099 -0.0792 0.0450 0.0450 0.0550
v 2.9482 0.6278 -0.0889 0.0450 0.0450 0.0550
v 3.1040 0.5869 -0.0918 0.0450 0.0450 0.0550
v 3.2622 0.5892 -0.0993 0.0450 0.0450 0.0550
v 3.4101 0.6321 -0.1179 0.0450 0.0450 0.0550
v 3.5370 0.7091 -0.1465 0.0450 0.0450 0.0550
v 3.6358 0.8114 -0.1802 0.0450 0.0450 0.0550
v 3.7026 0.9286 -0.2125 0.0450 0.0450 0.0550
v 3.7377 1.0508 -0.2406 0.0450 0.0450 0.0550
v 3.7441 1.1698 -0.2630 0.0450 0.0450 0.0550
v 3.8816 1.2798 -0.2452 0.0450 0.0450 0.0550
v 3.8342 1.4104 -0.2653 0.0450 0.0450 0.0550
v 3.7690 1.5239 -0.2760 0.0450 0.0450 0.0550
v 3.6908 1.6216 -0.2764 0.0450 0.0450 0.0550
v 3.6017 1.7055 -0.2692 0.0450 0.0450 0.0550
v 3.5014 1.7766 -0.2600 0.0450 0.0450 0.0550
v 3.3887 1.8342 -0.2463 0.0450 0.0450 0.0550
v 3.2622 1.8753 -0.2260 0.0450 0.0450 0.0550
v 3.1219 1.8944 -0.2020 0.0450 0.0450 0.0550
v 2.9707 1.8851 -0.1785 0.0450 0.0450 0.0550
v 2.8149 1.8408 -0.1505 0.0450 0.0450 0.0550
v 2.6639 1.7569 -0.1110 0.0450 0.0450 0.0550
v 2.5301 1.6324 -0.0539 0.0450 0.0450 0.0550
v 2.4264 1.4706 0.0201 0.0450 0.0450 0.0550
v 2.3653 1.2798 0.0960 0.0450 0.0450 0.0550
v 2.3559 1.0730 0.1426 0.0450 0.0450 0.0550
v 2.4029 0.8660 0.1415 0.0450 0.0450 0.0550
v 2.5053 0.6762 0.1077 0.0450 0.0450 0.0550
v 2.6598 0.5244 0.0738 0.0450 0.0450 0.0550
v 2.8435 0.4104 0.0715 0.0450 0.0450 0.0550
v 3.0513 0.3559 0.0824 0.0450 0.0450 0.0550
v 3.2622 0.3590 0.0841 0.0450 0.0450 0.0550
v 3.4593 0.4161 0.0575 0.0450 0.0450 0.0550
v 3.6286 0.5189 0.0034 0.0450 0.0450 0.0550
v 3.7603 0.6553 -0.0646 0.0450 0.0450 0.0550
v 3.8494 0.8115 -0.1277 0.0450 0.0450 0.0550
v 3.8962 0.9745 -0.1787 0.0450 0.0450 0.0550
v 3.9047 1.1332 -0.2169 0.0450 0.0450 0.0550
v 4.0364 1.2798 -0.1991 0.0450 0.0450 0.0550
v 3.9771 1.4430 -0.2319 0.0450 0.0450 0.0550
v 3.8957 1.5849 -0.2486 0.0450 0.0450 0.0550
v 3.7980 1.7071 -0.2494 0.0450 0.0450 0.0550
v 3.6865 1.8119 -0.2397 0.0450 0.0450 0.0550
v 3.5612 1.9008 -0.2274 0.0450 0.0450 0.0550
v 3.4204 1.9728 -0.2095 0.0450 0.0450 0.0550
v 3.2622 2.0242 -0.1814 0.0450 0.0450 0.0550
v 3.0868 2.0481 -0.1467 0.0450 0.0450 0.0550
v 2.8979 2.0364 -0.1100 0.0450 0.0450 0.0550
v 2.7030 1.9810 -0.0638 0.0450 0.0450 0.0550
v 2.5144 1.8762 0.0018 0.0450 0.0450 0.0550
v 2.3470 1.7205 0.0887 0.0450 0.0450 0.0550
v 2.2175 1.5183 0.1789 0.0450 0.0450 0.0550
v 2.2119 1.2917 0.2103 0.0450 0.0450 0.0550
v 2.2697 1.0721 0.2090 0.0450 0.0450 0.0550
v 2.3660 0.8665 0.1701 0.0450 0.0450 0.0550
v 2.4979 0.6816 0.1113 0.0450 0.0450 0.0550
v 2.6610 0.5234 0.0737 0.0450 0.0450 0.0550
v 2.8499 0.3972 0.0787 0.0450 0.0450 0.0550
v 3.0584 0.3071 0.1203 0.0450 0.0450 0.0550
v 3.2796 0.2561 0.1681 0.0450 0.0450 0.0550
v 3.5066 0.2458 0.1958 0.0450 0.0450 0.0550
v 3.7202 0.3287 0.1805 0.0450 0.0450 0.0550
v 3.8848 0.4991 0.1083 0.0450 0.0450 0.0550
v 3.9962 0.6944 0.0076 0.0450 0.0450 0.0550
v 4.0547 0.8982 -0.0847 0.0450 0.0450 0.0550
v 4.0654 1.0965 -0.1519 0.0450 0.0450 0.0550
v 6.5983 -5.4365 -0.0108 0.0450 0.0450 0.0550
v 6.7646 -5.4365 -0.0136 0.0450 0.0450 0.0550
v 6.7519 -5.4014 -0.0200 0.0450 0.0450 0.0550
v 6.7344 -5.3709 -0.0251 0.0450 0.0450 0.0550
v 6.7134 -5.3447 -0.0290 0.0450 0.0450 0.0550
v 6.6894 -5.3222 -0.0316 0.0450 0.0450 0.0550
v 6.6625 -5.3031 -0.0331 0.0450 0.0450 0.0550
v 6.6323 -5.2876 -0.0334 0.0450 0.0450 0.0550
v 6.5983 -5.2766 -0.0326 0.0450 0.0450 0.0550
v 6.5606 -5.2715 -0.0304 0.0450 0.0450 0.0550
v 6.5200 -5.2740 -0.0264 0.0450 0.0450 0.0550
v 6.4782 -5.2859 -0.0204 0.0450 0.0450 0.0550
v 6.4376 -5.3084 -0.0124 0.0450 0.0450 0.0550
v 6.4017 -5.3418 -0.0029 0.0450 0.0450 0.0550
v 6.3739 -5.3853 0.0075 0.0450 0.0450 0.0550
v 6.3574 -5.4365 0.0178 0.0450 0.0450 0.0550
v 6.3549 -5.4920 0.0271 0.0450 0.0450 0.0550
v 6.3675 -5.5476 0.0347 0.0450 0.0450 0.0550
v 6.3951 -5.5986 0.0404 0.0450 0.0450 0.0550
v 6.4356 -5.6405 0.0436 0.0450 0.0450 0.0550
v 6.4859 -5.6699 0.0442 0.0450 0.0450 0.0550
v 6.5417 -5.6846 0.0432 0.0450 0.0450 0.0550
v 6.5983 -5.6838 0.0405 0.0450 0.0450 0.0550
v 6.6512 -5.6684 0.0360 0.0450 0.0450 0.0550
v 6.6967 -5.6408 0.0299 0.0450 0.0450 0.0550
v 6.7320 -5.6042 0.0218 0.0450 0.0450 0.0550
v 6.7560 -5.5622 0.0123 0.0450 0.0450 0.0550
v 6.7685 -5.5185 0.0029 0.0450 0.0450 0.0550
v 6.7708 -5.4759 -0.0059 0.0450 0.0450 0.0550
v 6.9309 -5.4365 -0.0067 0.0450 0.0450 0.0550
v 6.9055 -5.3664 -0.0201 0.0450 0.0450 0.0550
v 6.8705 -5.3054 -0.0304 0.0450 0.0450 0.0550
v 6.8285 -5.2529 -0.0390 0.0450 0.0450 0.0550
v 6.7806 -5.2079 -0.0449 0.0450 0.0450 0.0550
v 6.7268 -5.1697 -0.0484 0.0450 0.0450 0.0550
v 6.6662 -5.1388 -0.0494 0.0450 0.0450 0.0550
v 6.5983 -5.1167 -0.0476 0.0450 0.0450 0.0550
v 6.5230 -5.1064 -0.0425 0.0450 0.0450 0.0550
v 6.4418 -5.1114 -0.0332 0.0450 0.0450 0.0550
v 6.3581 -5.1352 -0.0194 0.0450 0.0450 0.0550
v 6.2770 -5.1803 -0.0011 0.0450 0.0450 0.0550
v 6.2051 -5.2471 0.0211 0.0450 0.0450 0.0550
v 6.1495 -5.3340 0.0458 0.0450 0.0450 0.0550
v 6.1166 -5.4365 0.0689 0.0450 0.0450 0.0550
v 6.1115 -5.5476 0.0888 0.0450 0.0450 0.0550
v 6.1368 -5.6587 0.1035 0.0450 0.0450 0.0550
v 6.1918 -5.7606 0.1119 0.0450 0.0450 0.0550
v 6.2729 -5.8446 0.1169 0.0450 0.0450 0.0550
v 6.3734 -5.9034 0.1185 0.0450 0.0450 0.0550
v 6.4850 -5.9327 0.1181 0.0450 0.0450 0.0550
v 6.5983 -5.9310 0.1138 0.0450 0.0450 0.0550
v 6.7042 -5.9003 0.1042 0.0450 0.0450 0.0550
v 6.7951 -5.8451 0.0896 0.0450 0.0450 0.0550
v 6.8658 -5.7719 0.0716 0.0450 0.0450 0.0550
v 6.9137 -5.6880 0.0508 0.0450 0.0450 0.0550
v 6.9388 -5.6005 0.0304 0.0450 0.0450 0.0550
v 6.9434 -5.5152 0.0102 0.0450 0.0450 0.0550
v 7.0972 -5.4365 0.0092 0.0450 0.0450 0.0550
v 7.0590 -5.3313 -0.0133 0.0450 0.0450 0.0550
v 7.0066 -5.2399 -0.0311 0.0450 0.0450 0.0550
v 6.9436 -5.1611 -0.0433 0.0450 0.0450 0.0550
v 6.8717 -5.0936 -0.0494 0.0450 0.0450 0.0550
v 6.7910 -5.0363 -0.0538 0.0450 0.0450 0.0550
v 6.7002 -4.9899 -0.0533 0.0450 0.0450 0.0550
v 6.5983 -4.9568 -0.0483 0.0450 0.0450 0.0550
v 6.4853 -4.9414 -0.0386 0.0450 0.0450 0.0550
v 6.3635 -4.9489 -0.0230 0.0450 0.0450 0.0550
v 6.2379 -4.9846 -0.0007 0.0450 0.0450 0.0550
v 6.1164 -5.0522 0.0286 0.0450 0.0450 0.0550
v 6.0085 -5.1525 0.0650 0.0450 0.0450 0.0550
v 5.9250 -5.2828 0.1045 0.0450 0.0450 0.0550
v 5.8758 -5.4365 0.1461 0.0450 0.0450 0.0550
v 5.8682 -5.6031 0.1859 0.0450 0.0450 0.0550
v 5.9061 -5.7698 0.2098 0.0450 0.0450 0.0550
v 5.9886 -5.9227 0.2219 0.0450 0.0450 0.0550
v 6.1102 -6.0486 0.2302 0.0450 0.0450 0.0550
v 6.2610 -6.1368 0.2374 0.0450 0.0450 0.0550
v 6.4284 -6.1807 0.2422 0.0450 0.0450 0.0550
v 6.5983 -6.1783 0.2368 0.0450 0.0450 0.0550
v 6.7571 -6.1322 0.2150 0.0450 0.0450 0.0550
v 6.8935 -6.0494 0.1803 0.0450 0.0450 0.0550
v 6.9995 -5.9396 0.1379 0.0450 0.0450 0.0550
v 7.0713 -5.8137 0.0994 0.0450 0.0450 0.0550
v 7.1090 -5.6824 0.0667 0.0450 0.0450 0.0550
v 7.1159 -5.5546 0.0366 0.0450 0.0450 0.0550
v 7.2636 -5.4365 0.0376 0.0450 0.0450 0.0550
v 7.2126 -5.2963 0.0028 0.0450 0.0450 0.0550
v 7.1427 -5.1743 -0.0237 0.0450 0.0450 0.0550
v 7.0587 -5.0694 -0.0399 0.0450 0.0450 0.0550
v 6.9629 -4.9793 -0.0464 0.0450 0.0450 0.0550
v 6.8552 -4.9029 -0.0480 0.0450 0.0450 0.0550
v 6.7342 -4.8410 -0.0454 0.0450 0.0450 0.0550
v 6.5983 -4.7969 -0.0347 0.0450 0.0450 0.0550
v 6.4476 -4.7763 -0.0174 0.0450 0.0450 0.0550
v 6.2852 -4.7864 0.0070 0.0450 0.0450 0.0550
v 6.1178 -4.8340 0.0399 0.0450 0.0450 0.0550
v 5.9557 -4.9240 0.0827 0.0450 0.0450 0.0550
v 5.8119 -5.0578 0.1385 0.0450 0.0450 0.0550
v 5.7006 -5.2316 0.2042 0.0450 0.0450 0.0550
v 5.6349 -5.4365 0.2799 0.0450 0.0450 0.0550
v 5.6248 -5.6587 0.3453 0.0450 0.0450 0.0550
v 5.6753 -5.8810 0.3746 0.0450 0.0450 0.0550
v 5.7853 -6.0848 0.3805 0.0450 0.0450 0.0550
v 5.9513 -6.2479 0.3815 0.0450 0.0450 0.0550
v 6.1486 -6.3703 0.4024 0.0450 0.0450 0.0550
v 6.3718 -6.4288 0.4257 0.0450 0.0450 0.0550
v 6.5983 -6.4256 0.4281 0.0450 0.0450 0.0550
v 6.8100 -6.3642 0.3920 0.0450 0.0450 0.0550
v 6.9919 -6.2537 0.3206 0.0450 0.0450 0.0550
v 7.1333 -6.1073 0.2417 0.0450 0.0450 0.0550
v 7.2290 -5.9395 0.1739 0.0450 0.0450 0.0550
v 7.2793 -5.7644 0.1211 0.0450 0.0450 0.0550
v 7.2884 -5.5940 0.0788 0.0450 0.0450 0.0550
v 7.4299 -5.4365 0.0776 0.0450 0.0450 0.0550
v 7.3662 -5.2612 0.0282 0.0450 0.0450 0.0550
v 7.2788 -5.1088 -0.0067 0.0450 0.0450 0.0550
v 7.1738 -4.9776 -0.0259 0.0450 0.0450 0.0550
v 7.0540 -4.8650 -0.0321 0.0450 0.0450 0.0550
v 6.9195 -4.7695 -0.0311 0.0450 0.0450 0.0550
v 6.7682 -4.6921 -0.0242 0.0450 0.0450 0.0550
v 6.5983 -4.6370 -0.0064 0.0450 0.0450 0.0550
v 6.4099 -4.6113 0.0217 0.0450 0.0450 0.0550
v 6.2070 -4.6239 0.0591 0.0450 0.0450 0.0550
v 5.9977 -4.6834 0.1075 0.0450 0.0450 0.0550
v 5.7951 -4.7959 0.1711 0.0450 0.0450 0.0550
v 5.6153 -4.9631 0.2550 0.0450 0.0450 0.0550
v 5.4762 -5.1804 0.3445 0.0450 0.0450 0.0550
v 5.4702 -5.4237 0.3803 0.0450 0.0450 0.0550
v 5.5322 -5.6596 0.3982 0.0450 0.0450 0.0550
v 5.6357 -5.8804 0.3957 0.0450 0.0450 0.0550
v 5.7774 -6.0790 0.3822 0.0450 0.0450 0.0550
v 5.9525 -6.2489 0.3816 0.0450 0.0450 0.0550
v 6.1555 -6.3845 0.4100 0.0450 0.0450 0.0550
v 6.3794 -6.4812 0.4622 0.0450 0.0450 0.0550
v 6.6170 -6.5360 0.5078 0.0450 0.0450 0.0550
v 6.8608 -6.5471 0.5264 0.0450 0.0450 0.0550
v 7.0903 -6.4581 0.4868 0.0450 0.0450 0.0550
v 7.2670 -6.2750 0.3943 0.0450 0.0450 0.0550
v 7.3867 -6.0652 0.2911 0.0450 0.0450 0.0550
v 7.4495 -5.8464 0.2032 0.0450 0.0450 0.0550
v 7.4610 -5.6334 0.1383 0.0450 0.0450 0.0550
v 7.5941 1.9586 -0.4202 0.0450 0.0450 0.0550
v 7.7639 1.9586 -0.4371 0.0450 0.0450 0.0550
v 7.7509 1.9944 -0.4366 0.0450 0.0450 0.0550
v 7.7330 2.0255 -0.4350 0.0450 0.0450 0.0550
v 7.7116 2.0523 -0.4326 0.0450 0.0450 0.0550
v 7.6872 2.0753 -0.4294 0.0450 0.0450 0.0550
v 7.6597 2.0948 -0.4255 0.0450 0.0450 0.0550
v 7.6288 2.1106 -0.4209 0.0450 0.0450 0.0550
v 7.5941 2.1218 -0.4156 0.0450 0.0450 0.0550
v 7.5557 2.1271 -0.4097 0.0450 0.0450 0.0550
v 7.5142 2.1245 -0.4029 0.0450 0.0450 0.0550
v 7.4715 2.1124 -0.3955 0.0450 0.0450 0.0550
v 7.4301 2.0894 -0.3877 0.0450 0.0450 0.0550
v 7.3935 2.0553 -0.3800 0.0450 0.0450 0.0550
v 7.3651 2.0109 -0.3730 0.0450 0.0450 0.0550
v 7.3483 1.9586 -0.3676 0.0450 0.0450 0.0550
v 7.3457 1.9019 -0.3645 0.0450 0.0450 0.0550
v 7.3586 1.8452 -0.3627 0.0450 0.0450 0.0550
v 7.3867 1.7932 -0.3624 0.0450 0.0450 0.0550
v 7.4280 1.7504 -0.3651 0.0450 0.0450 0.0550
v 7.4794 1.7203 -0.3704 0.0450 0.0450 0.0550
v 7.5363 1.7054 -0.3778 0.0450 0.0450 0.0550
v 7.5941 1.7062 -0.3868 0.0450 0.0450 0.0550
v 7.6481 1.7219 -0.3971 0.0450 0.0450 0.0550
v 7.6945 1.7501 -0.4077 0.0450 0.0450 0.0550
v 7.7306 1.7874 -0.4179 0.0450 0.0450 0.0550
v 7.7551 1.8303 -0.4267 0.0450 0.0450 0.0550
v 7.7679 1.8749 -0.4338 0.0450 0.0450 0.0550
v 7.7702 1.9184 -0.4363 0.0450 0.0450 0.0550
v 7.9336 1.9586 -0.4412 0.0450 0.0450 0.0550
v 7.9076 2.0302 -0.4406 0.0450 0.0450 0.0550
v 7.8719 2.0924 -0.4376 0.0450 0.0450 0.0550
v 7.8291 2.1460 -0.4329 0.0450 0.0450 0.0550
v 7.7802 2.1919 -0.4265 0.0450 0.0450 0.0550
v 7.7253 2.2309 -0.4188 0.0450 0.0450 0.0550
v 7.6635 2.2625 -0.4095 0.0450 0.0450 0.0550
v 7.5941 2.2850 -0.3987 0.0450 0.0450 0.0550
v 7.5172 2.2955 -0.3864 0.0450 0.0450 0.0550
v 7.4343 2.2904 -0.3726 0.0450 0.0450 0.0550
v 7.3489 2.2661 -0.3573 0.0450 0.0450 0.0550
v 7.2662 2.2201 -0.3406 0.0450 0.0450 0.0550
v 7.1928 2.1519 -0.3227 0.0450 0.0450 0.0550
v 7.1360 2.0632 -0.3042 0.0450 0.0450 0.0550
v 7.1025 1.9586 -0.2870 0.0450 0.0450 0.0550
v 7.0973 1.8452 -0.2723 0.0450 0.0450 0.0550
v 7.1231 1.7318 -0.2606 0.0450 0.0450 0.0550
v 7.1792 1.6278 -0.2583 0.0450 0.0450 0.0550
v 7.2620 1.5421 -0.2632 0.0450 0.0450 0.0550
v 7.3646 1.4821 -0.2731 0.0450 0.0450 0.0550
v 7.4785 1.4522 -0.2878 0.0450 0.0450 0.0550
v 7.5941 1.4539 -0.3082 0.0450 0.0450 0.0550
v 7.7022 1.4852 -0.3334 0.0450 0.0450 0.0550
v 7.7950 1.5415 -0.3607 0.0450 0.0450 0.0550
v 7.8671 1.6163 -0.3868 0.0450 0.0450 0.0550
v 7.9160 1.7019 -0.4092 0.0450 0.0450 0.0550
v 7.9417 1.7913 -0.4266 0.0450 0.0450 0.0550
v 7.9463 1.8782 -0.4385 0.0450 0.0450 0.0550
v 8.1034 1.9586 -0.4274 0.0450 0.0450 0.0550
v 8.0644 2.0660 -0.4286 0.0450 0.0450 0.0550
v 8.0108 2.1593 -0.4269 0.0450 0.0450 0.0550
v 7.9465 2.2397 -0.4218 0.0450 0.0450 0.0550
v 7.8732 2.3086 -0.4117 0.0450 0.0450 0.0550
v 7.7908 2.3671 -0.3986 0.0450 0.0450 0.0550
v 7.6982 2.4145 -0.3823 0.0450 0.0450 0.0550
v 7.5941 2.4482 -0.3640 0.0450 0.0450 0.0550
v 7.4788 2.4640 -0.3446 0.0450 0.0450 0.0550
v 7.3545 2.4563 -0.3240 0.0450 0.0450 0.0550
v 7.2263 2.4198 -0.3017 0.0450 0.0450 0.0550
v 7.1022 2.3509 -0.2767 0.0450 0.0450 0.0550
v 6.9921 2.2485 -0.2475 0.0450 0.0450 0.0550
v 6.9069 2.1155 -0.2124 0.0450 0.0450 0.0550
v 6.8566 1.9586 -0.1711 0.0450 0.0450 0.0550
v 6.8489 1.7885 -0.1270 0.0450 0.0450 0.0550
v 6.8876 1.6184 -0.0971 0.0450 0.0450 0.0550
v 6.9718 1.4623 -0.0920 0.0450 0.0450 0.0550
v 7.0959 1.3339 -0.1001 0.0450 0.0450 0.0550
v 7.2499 1.2438 -0.1116 0.0450 0.0450 0.0550
v 7.4207 1.1990 -0.1318 0.0450 0.0450 0.0550
v 7.5941 1.2015 -0.1709 0.0450 0.0450 0.0550
v 7.7562 1.2485 -0.2268 0.0450 0.0450 0.0550
v 7.8954 1.3330 -0.2847 0.0450 0.0450 0.0550
v 8.0036 1.4451 -0.3340 0.0450 0.0450 0.0550
v 8.0770 1.5736 -0.3725 0.0450 0.0450 0.0550
v 8.1154 1.7076 -0.4006 0.0450 0.0450 0.0550
v 8.1224 1.8380 -0.4199 0.0450 0.0450 0.0550
v 8.2732 1.9586 -0.3936 0.0450 0.0450 0.0550
v 8.2212 2.1017 -0.4012 0.0450 0.0450 0.0550
v 8.1498 2.2262 -0.4048 0.0450 0.0450 0.0550
v 8.0640 2.3333 -0.3995 0.0450 0.0450 0.0550
v 7.9663 2.4253 -0.3851 0.0450 0.0450 0.0550
v 7.8564 2.5032 -0.3662 0.0450 0.0450 0.0550
v 7.7328 2.5664 -0.3425 0.0450 0.0450 0.0550
v 7.5941 2.6114 -0.3144 0.0450 0.0450 0.0550
v 7.4403 2.6324 -0.2858 0.0450 0.0450 0.0550
v 7.2746 2.6222 -0.2580 0.0450 0.0450 0.0550
v 7.1037 2.5736 -0.2288 0.0450 0.0450 0.0550
v 6.9382 2.4817 -0.1942 0.0450 0.0450 0.0550
v 6.7915 2.3451 -0.1486 0.0450 0.0450 0.0550
v 6.6779 2.1677 -0.0846 0.0450 0.0450 0.0550
v 6.6108 1.9586 -0.0031 0.0450 0.0450 0.0550
v 6.6005 1.7318 0.0738 0.0450 0.0450 0.0550
v 6.6520 1.5049 0.1051 0.0450 0.0450 0.0550
v 6.7643 1.2969 0.0933 0.0450 0.0450 0.0550
v 6.9337 1.1304 0.0731 0.0450 0.0450 0.0550
v 7.1351 1.0055 0.0724 0.0450 0.0450 0.0550
v 7.3629 0.9458 0.0664 0.0450 0.0450 0.0550
v 7.5941 0.9491 0.0244 0.0450 0.0450 0.0550
v 7.8102 1.0118 -0.0644 0.0450 0.0450 0.0550
v 7.9958 1.1244 -0.1680 0.0450 0.0450 0.0550
v 8.1401 1.2739 -0.2532 0.0450 0.0450 0.0550
v 8.2379 1.4452 -0.3118 0.0450 0.0450 0.0550
v 8.2892 1.6239 -0.3513 0.0450 0.0450 0.0550
v 8.2985 1.7978 -0.3784 0.0450 0.0450 0.0550
v 8.4429 1.9586 -0.3452 0.0450 0.0450 0.0550
v 8.3779 2.1375 -0.3615 0.0450 0.0450 0.0550
v 8.2887 2.2931 -0.3700 0.0450 0.0450 0.0550
v 8.1815 2.4270 -0.3651 0.0450 0.0450 0.0550
v 8.0593 2.5419 -0.3469 0.0450 0.0450 0.0550
v 7.9219 2.6394 -0.3219 0.0450 0.0450 0.0550
v 7.7675 2.7184 -0.2904 0.0450 0.0450 0.0550
v 7.5941 2.7746 -0.2517 0.0450 0.0450 0.0550
v 7.4019 2.8009 -0.2116 0.0450 0.0450 0.0550
v 7.1947 2.7880 -0.1740 0.0450 0.0450 0.0550
v 6.9811 2.7273 -0.1342 0.0450 0.0450 0.0550
v 6.7743 2.6124 -0.0833 0.0450 0.0450 0.0550
v 6.5908 2.4418 -0.0110 0.0450 0.0450 0.0550
v 6.4488 2.2200 0.0846 0.0450 0.0450 0.0550
v 6.4427 1.9717 0.1208 0.0450 0.0450 0.0550
v 6.5060 1.7309 0.1363 0.0450 0.0450 0.0550
v 6.6116 1.5055 0.1267 0.0450 0.0450 0.0550
v 6.7562 1.3028 0.0956 0.0450 0.0450 0.0550
v 6.9350 1.1294 0.0731 0.0450 0.0450 0.0550
v 7.1421 0.9910 0.0773 0.0450 0.0450 0.0550
v 7.3707 0.8923 0.0923 0.0450 0.0450 0.0550
v 7.6132 0.8363 0.0878 0.0450 0.0450 0.0550
v 7.8620 0.8250 0.0546 0.0450 0.0450 0.0550
v 8.0963 0.9159 -0.0225 0.0450 0.0450 0.0550
v 8.2767 1.1027 -0.1317 0.0450 0.0450 0.0550
v 8.3989 1.3169 -0.2198 0.0450 0.0450 0.0550
v 8.4630 1.5402 -0.2795 0.0450 0.0450 0.0550
v 8.4746 1.7576 -0.3190 0.0450 0.0450 0.0550
v -3.3600 -3.7876 -0.2451 0.0450 0.0450 0.0550
v -3.2281 -3.7876 -0.2519 0.0450 0.0450 0.0550
v -3.2382 -3.7598 -0.2538 0.0450 0.0450 0.0550
v -3.2520 -3.7356 -0.2549 0.0450 0.0450 0.0550
v -3.2687 -3.7148 -0.2552 0.0450 0.0450 0.0550
v -3.2877 -3.6969 -0.2547 0.0450 0.0450 0.0550
v -3.3090 -3.6818 -0.2536 0.0450 0.0450 0.0550
v -3.3330 -3.6695 -0.2519 0.0450 0.0450 0.0550
v -3.3600 -3.6607 -0.2496 0.0450 0.0450 0.0550
v -3.3899 -3.6567 -0.2466 0.0450 0.0450 0.0550
v -3.4220 -3.6587 -0.2429 0.0450 0.0450 0.0550
v -3.4552 -3.6681 -0.2386 0.0450 0.0450 0.0550
v -3.4874 -3.6860 -0.2335 0.0450 0.0450 0.0550
v -3.5159 -3.7125 -0.2281 0.0450 0.0450 0.0550
v -3.5380 -3.7469 -0.2227 0.0450 0.0450 0.0550
v -3.5510 -3.7876 -0.2179 0.0450 0.0450 0.0550
v -3.5530 -3.8316 -0.2142 0.0450 0.0450 0.0550
v -3.5430 -3.8757 -0.2120 0.0450 0.0450 0.0550
v -3.5212 -3.9161 -0.2114 0.0450 0.0450 0.0550
v -3.4890 -3.9494 -0.2124 0.0450 0.0450 0.0550
v -3.4491 -3.9727 -0.2145 0.0450 0.0450 0.0550
v -3.4049 -3.9843 -0.2175 0.0450 0.0450 0.0550
v -3.3600 -3.9837 -0.2213 0.0450 0.0450 0.0550
v -3.3180 -3.9715 -0.2257 0.0450 0.0450 0.0550
v -3.2819 -3.9496 -0.2307 0.0450 0.0450 0.0550
v -3.2539 -3.9206 -0.2359 0.0450 0.0450 0.0550
v -3.2349 -3.8873 -0.2409 0.0450 0.0450 0.0550
v -3.2250 -3.8526 -0.2454 0.0450 0.0450 0.0550
v -3.2231 -3.8188 -0.2491 0.0450 0.0450 0.0550
v -3.0962 -3.7876 -0.2505 0.0450 0.0450 0.0550
v -3.1164 -3.7320 -0.2554 0.0450 0.0450 0.0550
v -3.1441 -3.6836 -0.2583 0.0450 0.0450 0.0550
v -3.1774 -3.6420 -0.2594 0.0450 0.0450 0.0550
v -3.2154 -3.6063 -0.2588 0.0450 0.0450 0.0550
v -3.2581 -3.5760 -0.2567 0.0450 0.0450 0.0550
v -3.3061 -3.5514 -0.2533 0.0450 0.0450 0.0550
v -3.3600 -3.5339 -0.2486 0.0450 0.0450 0.0550
v -3.4197 -3.5258 -0.2425 0.0450 0.0450 0.0550
v -3.4841 -3.5298 -0.2351 0.0450 0.0450 0.0550
v -3.5505 -3.5486 -0.2260 0.0450 0.0450 0.0550
v -3.6148 -3.5843 -0.2150 0.0450 0.0450 0.0550
v -3.6718 -3.6374 -0.2019 0.0450 0.0450 0.0550
v -3.7159 -3.7063 -0.1870 0.0450 0.0450 0.0550
v -3.7420 -3.7876 -0.1719 0.0450 0.0450 0.0550
v -3.7460 -3.8757 -0.1596 0.0450 0.0450 0.0550
v -3.7260 -3.9638 -0.1525 0.0450 0.0450 0.0550
v -3.6824 -4.0446 -0.1510 0.0450 0.0450 0.0550
v -3.6181 -4.1112 -0.1535 0.0450 0.0450 0.0550
v -3.5383 -4.1579 -0.1583 0.0450 0.0450 0.0550
v -3.4498 -4.1811 -0.1643 0.0450 0.0450 0.0550
v -3.3600 -4.1798 -0.1718 0.0450 0.0450 0.0550
v -3.2760 -4.1554 -0.1816 0.0450 0.0450 0.0550
v -3.2039 -4.1116 -0.1940 0.0450 0.0450 0.0550
v -3.1478 -4.0536 -0.2078 0.0450 0.0450 0.0550
v -3.1099 -3.9870 -0.2214 0.0450 0.0450 0.0550
v -3.0899 -3.9176 -0.2335 0.0450 0.0450 0.0550
v -3.0863 -3.8500 -0.2432 0.0450 0.0450 0.0550
v -2.9643 -3.7876 -0.2399 0.0450 0.0450 0.0550
v -2.9946 -3.7042 -0.2494 0.0450 0.0450 0.0550
v -3.0362 -3.6316 -0.2556 0.0450 0.0450 0.0550
v -3.0861 -3.5692 -0.2581 0.0450 0.0450 0.0550
v -3.1431 -3.5156 -0.2566 0.0450 0.0450 0.0550
v -3.2071 -3.4702 -0.2529 0.0450 0.0450 0.0550
v -3.2791 -3.4334 -0.2462 0.0450 0.0450 0.0550
v -3.3600 -3.4071 -0.2374 0.0450 0.0450 0.0550
v -3.4496 -3.3949 -0.2273 0.0450 0.0450 0.0550
v -3.5462 -3.4009 -0.2162 0.0450 0.0450 0.0550
v -3.6458 -3.4292 -0.2030 0.0450 0.0450 0.0550
v -3.7422 -3.4827 -0.1860 0.0450 0.0450 0.0550
v -3.8277 -3.5623 -0.1628 0.0450 0.0450 0.0550
v -3.8939 -3.6657 -0.1319 0.0450 0.0450 0.0550
v -3.9330 -3.7876 -0.0952 0.0450 0.0450 0.0550
v -3.9390 -3.9197 -0.0628 0.0450 0.0450 0.0550
v -3.9090 -4.0519 -0.0464 0.0450 0.0450 0.0550
v -3.8435 -4.1732 -0.0466 0.0450 0.0450 0.0550
v -3.7471 -4.2730 -0.0544 0.0450 0.0450 0.0550
v -3.6275 -4.3430 -0.0622 0.0450 0.0450 0.0550
v -3.4947 -4.3778 -0.0691 0.0450 0.0450 0.0550
v -3.3600 -4.3759 -0.0798 0.0450 0.0450 0.0550
v -3.2340 -4.3394 -0.0996 0.0450 0.0450 0.0550
v -3.1259 -4.2737 -0.1281 0.0450 0.0450 0.0550
v -3.0418 -4.1866 -0.1592 0.0450 0.0450 0.0550
v -2.9848 -4.0868 -0.1873 0.0450 0.0450 0.0550
v -2.9549 -3.9826 -0.2099 0.0450 0.0450 0.0550
v -2.9495 -3.8813 -0.2271 0.0450 0.0450 0.0550
v -2.8323 -3.7876 -0.2207 0.0450 0.0450 0.0550
v -2.8728 -3.6764 -0.2371 0.0450 0.0450 0.0550
v -2.9282 -3.5796 -0.2477 0.0450 0.0450 0.0550
v -2.9949 -3.4964 -0.2509 0.0450 0.0450 0.0550
v -3.0708 -3.4250 -0.2475 0.0450 0.0450 0.0550
v -3.1562 -3.3644 -0.2413 0.0450 0.0450 0.0550
v -3.2522 -3.3153 -0.2312 0.0450 0.0450 0.0550
v -3.3600 -3.2803 -0.2167 0.0450 0.0450 0.0550
v -3.4795 -3.2640 -0.2007 0.0450 0.0450 0.0550
v -3.6083 -3.2720 -0.1844 0.0450 0.0450 0.0550
v -3.7410 -3.3097 -0.1654 0.0450 0.0450 0.0550
v -3.8696 -3.3811 -0.1387 0.0450 0.0450 0.0550
v -3.9836 -3.4872 -0.0984 0.0450 0.0450 0.0550
v -4.0719 -3.6251 -0.0404 0.0450 0.0450 0.0550
v -4.1240 -3.7876 0.0299 0.0450 0.0450 0.0550
v -4.1320 -3.9638 0.0877 0.0450 0.0450 0.0550
v -4.0920 -4.1401 0.1094 0.0450 0.0450 0.0550
v -4.0047 -4.3017 0.1000 0.0450 0.0450 0.0550
v -3.8731 -4.4311 0.0801 0.0450 0.0450 0.0550
v -3.7166 -4.5282 0.0764 0.0450 0.0450 0.0550
v -3.5396 -4.5746 0.0768 0.0450 0.0450 0.0550
v -3.3600 -4.5720 0.0688 0.0450 0.0450 0.0550
v -3.1920 -4.5233 0.0382 0.0450 0.0450 0.0550
v -3.0478 -4.4357 -0.0147 0.0450 0.0450 0.0550
v -2.9357 -4.3196 -0.0760 0.0450 0.0450 0.0550
v -2.8597 -4.1865 -0.1307 0.0450 0.0450 0.0550
v -2.8199 -4.0477 -0.1714 0.0450 0.0450 0.0550
v -2.8126 -3.9125 -0.1997 0.0450 0.0450 0.0550
v -2.7004 -3.7876 -0.1934 0.0450 0.0450 0.0550
v -2.7509 -3.6486 -0.2187 0.0450 0.0450 0.0550
v -2.8203 -3.5277 -0.2338 0.0450 0.0450 0.0550
v -2.9036 -3.4236 -0.2373 0.0450 0.0450 0.0550
v -2.9985 -3.3343 -0.2313 0.0450 0.0450 0.0550
v -3.1052 -3.2586 -0.2220 0.0450 0.0450 0.0550
v -3.2252 -3.1972 -0.2087 0.0450 0.0450 0.0550
v -3.3600 -3.1535 -0.1882 0.0450 0.0450 0.0550
v -3.5094 -3.1331 -0.1638 0.0450 0.0450 0.0550
v -3.6703 -3.1431 -0.1381 0.0450 0.0450 0.0550
v -3.8363 -3.1903 -0.1067 0.0450 0.0450 0.0550
v -3.9970 -3.2795 -0.0612 0.0450 0.0450 0.0550
v -4.1396 -3.4121 0.0035 0.0450 0.0450 0.0550
v -4.2499 -3.5844 0.0811 0.0450 0.0450 0.0550
v -4.2547 -3.7774 0.1189 0.0450 0.0450 0.0550
v -4.2055 -3.9645 0.1380 0.0450 0.0450 0.0550
v -4.1234 -4.1396 0.1305 0.0450 0.0450 0.0550
v -4.0111 -4.2972 0.1023 0.0450 0.0450 0.0550
v -3.8721 -4.4319 0.0801 0.0450 0.0450 0.0550
v -3.7112 -4.5394 0.0820 0.0450 0.0450 0.0550
v -3.5336 -4.6161 0.1063 0.0450 0.0450 0.0550
v -3.3451 -4.6596 0.1334 0.0450 0.0450 0.0550
v -3.1518 -4.6684 0.1443 0.0450 0.0450 0.0550
v -2.9698 -4.5978 0.1187 0.0450 0.0450 0.0550
v -2.8296 -4.4526 0.0480 0.0450 0.0450 0.0550
v -2.7347 -4.2862 -0.0378 0.0450 0.0450 0.0550
v -2.6848 -4.1127 -0.1105 0.0450 0.0450 0.0550
v -2.6758 -3.9437 -0.1595 0.0450 0.0450 0.0550
v -9.3697 0.2010 -0.2092 0.0450 0.0450 0.0550
v -9.2298 0.2010 -0.2142 0.0450 0.0450 0.0550
v -9.2405 0.2305 -0.2156 0.0450 0.0450 0.0550
v -9.2552 0.2562 -0.2162 0.0450 0.0450 0.0550
v -9.2729 0.2782 -0.2163 0.0450 0.0450 0.0550
v -9.2930 0.2972 -0.2157 0.0450 0.0450 0.0550
v -9.3157 0.3133 -0.2146 0.0450 0.0450 0.0550
v -9.3411 0.3263 -0.2131 0.0450 0.0450 0.0550
v -9.3697 0.3356 -0.2111 0.0450 0.0450 0.0550
v -9.4014 0.3399 -0.2088 0.0450 0.0450 0.0550
v -9.4356 0.3378 -0.2058 0.0450 0.0450 0.0550
v -9.4708 0.3278 -0.2022 0.0450 0.0450 0.0550
v -9.5049 0.3088 -0.1978 0.0450 0.0450 0.0550
v -9.5351 0.2807 -0.1927 0.0450 0.0450 0.0550
v -9.5585 0.2441 -0.1873 0.0450 0.0450 0.0550
v -9.5724 0.2010 -0.1822 0.0450 0.0450 0.0550
v -9.5745 0.1543 -0.1780 0.0450 0.0450 0.0550
v -9.5639 0.1075 -0.1753 0.0450 0.0450 0.0550
v -9.5407 0.0647 -0.1743 0.0450 0.0450 0.0550
v -9.5066 0.0294 -0.1749 0.0450 0.0450 0.0550
v -9.4643 0.0046 -0.1768 0.0450 0.0450 0.0550
v -9.4174 -0.0077 -0.1800 0.0450 0.0450 0.0550
v -9.3697 -0.0070 -0.1841 0.0450 0.0450 0.0550
v -9.3252 0.0059 -0.1892 0.0450 0.0450 0.0550
v -9.2869 0.0291 -0.1947 0.0450 0.0450 0.0550
v -9.2572 0.0599 -0.2001 0.0450 0.0450 0.0550
v -9.2370 0.0952 -0.2049 0.0450 0.0450 0.0550
v -9.2265 0.1320 -0.2090 0.0450 0.0450 0.0550
v -9.2245 0.1679 -0.2121 0.0450 0.0450 0.0550
v -9.0898 0.2010 -0.2096 0.0450 0.0450 0.0550
v -9.1113 0.2600 -0.2126 0.0450 0.0450 0.0550
v -9.1407 0.3113 -0.2140 0.0450 0.0450 0.0550
v -9.1760 0.3555 -0.2141 0.0450 0.0450 0.0550
v -9.2163 0.3934 -0.2130 0.0450 0.0450 0.0550
v -9.2616 0.4255 -0.2110 0.0450 0.0450 0.0550
v -9.3125 0.4515 -0.2080 0.0450 0.0450 0.0550
v -9.3697 0.4701 -0.2041 0.0450 0.0450 0.0550
v -9.4331 0.4787 -0.1995 0.0450 0.0450 0.0550
v -9.5014 0.4745 -0.1938 0.0450 0.0450 0.0550
v -9.5718 0.4545 -0.1863 0.0450 0.0450 0.0550
v -9.6400 0.4166 -0.1767 0.0450 0.0450 0.0550
v -9.7005 0.3603 -0.1644 0.0450 0.0450 0.0550
v -9.7474 0.2872 -0.1497 0.0450 0.0450 0.0550
v -9.7750 0.2010 -0.1337 0.0450 0.0450 0.0550
v -9.7792 0.1076 -0.1193 0.0450 0.0450 0.0550
v -9.7580 0.0140 -0.1096 0.0450 0.0450 0.0550
v -9.7117 -0.0717 -0.1060 0.0450 0.0450 0.0550
v -9.6435 -0.1423 -0.1073 0.0450 0.0450 0.0550
v -9.5589 -0.1918 -0.1116 0.0450 0.0450 0.0550
v -9.4650 -0.2164 -0.1187 0.0450 0.0450 0.0550
v -9.3697 -0.2151 -0.1292 0.0450 0.0450 0.0550
v -9.2806 -0.1892 -0.1433 0.0450 0.0450 0.0550
v -9.2041 -0.1428 -0.1588 0.0450 0.0450 0.0550
v -9.1447 -0.0812 -0.1738 0.0450 0.0450 0.0550
v -9.1044 -0.0106 -0.1869 0.0450 0.0450 0.0550
v -9.0832 0.0631 -0.1972 0.0450 0.0450 0.0550
v -9.0794 0.1348 -0.2047 0.0450 0.0450 0.0550
v -8.9499 0.2010 -0.1935 0.0450 0.0450 0.0550
v -8.9821 0.2895 -0.1989 0.0450 0.0450 0.0550
v -9.0262 0.3665 -0.2024 0.0450 0.0450 0.0550
v -9.0792 0.4327 -0.2035 0.0450 0.0450 0.0550
v -9.1396 0.4895 -0.2012 0.0450 0.0450 0.0550
v -9.2076 0.5377 -0.1972 0.0450 0.0450 0.0550
v -9.2839 0.5768 -0.1913 0.0450 0.0450 0.0550
v -9.3697 0.6046 -0.1842 0.0450 0.0450 0.0550
v -9.4648 0.6176 -0.1770 0.0450 0.0450 0.0550
v -9.5673 0.6113 -0.1686 0.0450 0.0450 0.0550
v -9.6729 0.5812 -0.1578 0.0450 0.0450 0.0550
v -9.7752 0.5244 -0.1430 0.0450 0.0450 0.0550
v -9.8659 0.4400 -0.1221 0.0450 0.0450 0.0550
v -9.9362 0.3303 -0.0929 0.0450 0.0450 0.0550
v -9.9776 0.2010 -0.0551 0.0450 0.0450 0.0550
v -9.9840 0.0608 -0.0167 0.0450 0.0450 0.0550
v -9.9521 -0.0795 0.0076 0.0450 0.0450 0.0550
v -9.8827 -0.2081 0.0134 0.0450 0.0450 0.0550
v -9.7804 -0.3140 0.0107 0.0450 0.0450 0.0550
v -9.6535 -0.3882 0.0066 0.0450 0.0450 0.0550
v -9.5126 -0.4252 -0.0024 0.0450 0.0450 0.0550
v -9.3697 -0.4231 -0.0244 0.0450 0.0450 0.0550
v -9.2361 -0.3844 -0.0599 0.0450 0.0450 0.0550
v -9.1214 -0.3147 -0.0983 0.0450 0.0450 0.0550
v -9.0321 -0.2223 -0.1309 0.0450 0.0450 0.0550
v -8.9717 -0.1164 -0.1554 0.0450 0.0450 0.0550
v -8.9400 -0.0059 -0.1732 0.0450 0.0450 0.0550
v -8.9342 0.1016 -0.1853 0.0450 0.0450 0.0550
v -8.8100 0.2010 -0.1667 0.0450 0.0450 0.0550
v -8.8528 0.3190 -0.1772 0.0450 0.0450 0.0550
v -8.9117 0.4216 -0.1841 0.0450 0.0450 0.0550
v -8.9824 0.5099 -0.1853 0.0450 0.0450 0.0550
v -9.0630 0.5857 -0.1809 0.0450 0.0450 0.0550
v -9.1535 0.6500 -0.1743 0.0450 0.0450 0.0550
v -9.2554 0.7020 -0.1649 0.0450 0.0450 0.0550
v -9.3697 0.7391 -0.1528 0.0450 0.0450 0.0550
v -9.4965 0.7565 -0.1413 0.0450 0.0450 0.0550
v -9.6331 0.7480 -0.1297 0.0450 0.0450 0.0550
v -9.7740 0.7080 -0.1152 0.0450 0.0450 0.0550
v -9.9104 0.6322 -0.0937 0.0450 0.0450 0.0550
v -10.0313 0.5196 -0.0591 0.0450 0.0450 0.0550
v -10.1250 0.3734 -0.0040 0.0450 0.0450 0.0550
v -10.1803 0.2010 0.0706 0.0450 0.0450 0.0550
v -10.1888 0.0141 0.1377 0.0450 0.0450 0.0550
v -10.1463 -0.1730 0.1655 0.0450 0.0450 0.0550
v -10.0537 -0.3444 0.1608 0.0450 0.0450 0.0550
v -9.9141 -0.4817 0.1514 0.0450 0.0450 0.0550
v -9.7481 -0.5846 0.1586 0.0450 0.0450 0.0550
v -9.5603 -0.6339 0.1613 0.0450 0.0450 0.0550
v -9.3697 -0.6312 0.1372 0.0450 0.0450 0.0550
v -9.1916 -0.5795 0.0771 0.0450 0.0450 0.0550
v -9.0386 -0.4866 0.0023 0.0450 0.0450 0.0550
v -8.9196 -0.3634 -0.0612 0.0450 0.0450 0.0550
v -8.8390 -0.2222 -0.1056 0.0450 0.0450 0.0550
v -8.7967 -0.0749 -0.1344 0.0450 0.0450 0.0550
v -8.7890 0.0685 -0.1533 0.0450 0.0450 0.0550
v -8.6700 0.2010 -0.1304 0.0450 0.0450 0.0550
v -8.7236 0.3485 -0.1482 0.0450 0.0450 0.0550
v -8.7972 0.4767 -0.1587 0.0450 0.0450 0.0550
v -8.8855 0.5871 -0.1595 0.0450 0.0450 0.0550
v -8.9863 0.6819 -0.1520 0.0450 0.0450 0.0550
v -9.0995 0.7622 -0.1421 0.0450 0.0450 0.0550
v -9.2268 0.8273 -0.1295 0.0450 0.0450 0.0550
v -9.3697 0.8737 -0.1120 0.0450 0.0450 0.0550
v -9.5282 0.8953 -0.0944 0.0450 0.0450 0.0550
v -9.6990 0.8847 -0.0769 0.0450 0.0450 0.0550
v -9.8750 0.8347 -0.0545 0.0450 0.0450 0.0550
v -10.0455 0.7400 -0.0200 0.0450 0.0450 0.0550
v -10.1967 0.5993 0.0357 0.0450 0.0450 0.0550
v -10.3138 0.4165 0.1181 0.0450 0.0450 0.0550
v -10.3189 0.2118 0.1639 0.0450 0.0450 0.0550
v -10.2667 0.0133 0.1868 0.0450 0.0450 0.0550
v -10.1796 -0.1725 0.1834 0.0450 0.0450 0.0550
v -10.0604 -0.3396 0.1626 0.0450 0.0450 0.0550
v -9.9130 -0.4826 0.1514 0.0450 0.0450 0.0550
v -9.7423 -0.5966 0.1639 0.0450 0.0450 0.0550
v -9.5539 -0.6780 0.1871 0.0450 0.0450 0.0550
v -9.3540 -0.7241 0.1954 0.0450 0.0450 0.0550
v -9.1489 -0.7334 0.1797 0.0450 0.0450 0.0550
v -8.9558 -0.6585 0.1291 0.0450 0.0450 0.0550
v -8.8071 -0.5045 0.0457 0.0450 0.0450 0.0550
v -8.7064 -0.3280 -0.0259 0.0450 0.0450 0.0550
v -8.6535 -0.1439 -0.0754 0.0450 0.0450 0.0550
v -8.6439 0.0354 -0.1075 0.0450 0.0450 0.0550
v 11.5705 -0.6691 -0.3844 0.0450 0.0450 0.0550
v 11.7597 -0.6691 -0.3915 0.0450 0.0450 0.0550
v 11.7452 -0.6292 -0.3948 0.0450 0.0450 0.0550
v 11.7253 -0.5945 -0.3970 0.0450 0.0450 0.0550
v 11.7014 -0.5647 -0.3984 0.0450 0.0450 0.0550
v 11.6742 -0.5390 -0.3990 0.0450 0.0450 0.0550
v 11.6436 -0.5173 -0.3990 0.0450 0.0450 0.0550
v 11.6091 -0.4997 -0.3984 0.0450 0.0450 0.0550
v 11.5705 -0.4872 -0.3972 0.0450 0.0450 0.0550
v 11.5276 -0.4813 -0.3951 0.0450 0.0450 0.0550
v 11.4814 -0.4842 -0.3918 0.0450 0.0450 0.0550
v 11.4338 -0.4977 -0.3870 0.0450 0.0450 0.0550
v 11.3877 -0.5233 -0.3805 0.0450 0.0450 0.0550
v 11.3468 -0.5614 -0.3722 0.0450 0.0450 0.0550
v 11.3151 -0.6108 -0.3627 0.0450 0.0450 0.0550
v 11.2964 -0.6691 -0.3518 0.0450 0.0450 0.0550
v 11.2935 -0.7323 -0.3411 0.0450 0.0450 0.0550
v 11.3079 -0.7956 -0.3321 0.0450 0.0450 0.0550
v 11.3392 -0.8535 -0.3260 0.0450 0.0450 0.0550
v 11.3853 -0.9013 -0.3232 0.0450 0.0450 0.0550
v 11.4425 -0.9348 -0.3240 0.0450 0.0450 0.0550
v 11.5060 -0.9514 -0.3283 0.0450 0.0450 0.0550
v 11.5705 -0.9505 -0.3357 0.0450 0.0450 0.0550
v 11.6307 -0.9330 -0.3451 0.0450 0.0450 0.0550
v 11.6824 -0.9016 -0.3554 0.0450 0.0450 0.0550
v 11.7227 -0.8599 -0.3654 0.0450 0.0450 0.0550
v 11.7499 -0.8122 -0.3742 0.0450 0.0450 0.0550
v 11.7642 -0.7624 -0.3814 0.0450 0.0450 0.0550
v 11.7668 -0.7139 -0.3872 0.0450 0.0450 0.0550
v 11.9490 -0.6691 -0.3874 0.0450 0.0450 0.0550
v 11.9200 -0.5893 -0.3925 0.0450 0.0450 0.0550
v 11.8802 -0.5199 -0.3957 0.0450 0.0450 0.0550
v 11.8324 -0.4602 -0.3984 0.0450 0.0450 0.0550
v 11.7779 -0.4090 -0.4002 0.0450 0.0450 0.0550
v 11.7167 -0.3655 -0.4009 0.0450 0.0450 0.0550
v 11.6478 -0.3303 -0.4003 0.0450 0.0450 0.0550
v 11.5705 -0.3052 -0.3983 0.0450 0.0450 0.0550
v 11.4847 -0.2935 -0.3945 0.0450 0.0450 0.0550
v 11.3923 -0.2992 -0.3886 0.0450 0.0450 0.0550
v 11.2971 -0.3263 -0.3797 0.0450 0.0450 0.0550
v 11.2049 -0.3775 -0.3668 0.0450 0.0450 0.0550
v 11.1231 -0.4536 -0.3488 0.0450 0.0450 0.0550
v 11.0597 -0.5525 -0.3252 0.0450 0.0450 0.0550
v 11.0223 -0.6691 -0.2964 0.0450 0.0450 0.0550
v 11.0166 -0.7955 -0.2654 0.0450 0.0450 0.0550
v 11.0453 -0.9220 -0.2391 0.0450 0.0450 0.0550
v 11.1079 -1.0380 -0.2217 0.0450 0.0450 0.0550
v 11.2002 -1.1335 -0.2133 0.0450 0.0450 0.0550
v 11.3146 -1.2004 -0.2139 0.0450 0.0450 0.0550
v 11.4416 -1.2337 -0.2250 0.0450 0.0450 0.0550
v 11.5705 -1.2319 -0.2468 0.0450 0.0450 0.0550
v 11.6909 -1.1969 -0.2753 0.0450 0.0450 0.0550
v 11.7944 -1.1341 -0.3048 0.0450 0.0450 0.0550
v 11.8748 -1.0508 -0.3310 0.0450 0.0450 0.0550
v 11.9293 -0.9553 -0.3528 0.0450 0.0450 0.0550
v 11.9579 -0.8557 -0.3687 0.0450 0.0450 0.0550
v 11.9631 -0.7587 -0.3797 0.0450 0.0450 0.0550
v 12.1382 -0.6691 -0.3663 0.0450 0.0450 0.0550
v 12.0948 -0.5494 -0.3745 0.0450 0.0450 0.0550
v 12.0351 -0.4454 -0.3817 0.0450 0.0450 0.0550
v 11.9634 -0.3558 -0.3875 0.0450 0.0450 0.0550
v 11.8816 -0.2789 -0.3896 0.0450 0.0450 0.0550
v 11.7898 -0.2137 -0.3906 0.0450 0.0450 0.0550
v 11.6865 -0.1609 -0.3881 0.0450 0.0450 0.0550
v 11.5705 -0.1233 -0.3831 0.0450 0.0450 0.0550
v 11.4419 -0.1057 -0.3765 0.0450 0.0450 0.0550
v 11.3033 -0.1143 -0.3678 0.0450 0.0450 0.0550
v 11.1604 -0.1549 -0.3553 0.0450 0.0450 0.0550
v 11.0221 -0.2318 -0.3361 0.0450 0.0450 0.0550
v 10.8994 -0.3459 -0.3070 0.0450 0.0450 0.0550
v 10.8044 -0.4942 -0.2644 0.0450 0.0450 0.0550
v 10.7483 -0.6691 -0.2054 0.0450 0.0450 0.0550
v 10.7397 -0.8587 -0.1351 0.0450 0.0450 0.0550
v 10.7828 -1.0484 -0.0759 0.0450 0.0450 0.0550
v 10.8767 -1.2224 -0.0403 0.0450 0.0450 0.0550
v 11.0150 -1.3656 -0.0237 0.0450 0.0450 0.0550
v 11.1867 -1.4661 -0.0209 0.0450 0.0450 0.0550
v 11.3772 -1.5160 -0.0398 0.0450 0.0450 0.0550
v 11.5705 -1.5132 -0.0907 0.0450 0.0450 0.0550
v 11.7512 -1.4608 -0.1617 0.0450 0.0450 0.0550
v 11.9064 -1.3666 -0.2279 0.0450 0.0450 0.0550
v 12.0270 -1.2416 -0.2785 0.0450 0.0450 0.0550
v 12.1088 -1.0984 -0.3147 0.0450 0.0450 0.0550
v 12.1517 -0.9490 -0.3394 0.0450 0.0450 0.0550
v 12.1595 -0.8035 -0.3554 0.0450 0.0450 0.0550
v 12.3275 -0.6691 -0.3283 0.0450 0.0450 0.0550
v 12.2695 -0.5095 -0.3427 0.0450 0.0450 0.0550
v 12.1899 -0.3708 -0.3571 0.0450 0.0450 0.0550
v 12.0943 -0.2513 -0.3671 0.0450 0.0450 0.0550
v 11.9854 -0.1489 -0.3703 0.0450 0.0450 0.0550
v 11.8629 -0.0620 -0.3703 0.0450 0.0450 0.0550
v 11.7251 0.0085 -0.3661 0.0450 0.0450 0.0550
v 11.5705 0.0587 -0.3556 0.0450 0.0450 0.0550
v 11.3990 0.0821 -0.3428 0.0450 0.0450 0.0550
v 11.2142 0.0707 -0.3290 0.0450 0.0450 0.0550
v 11.0237 0.0165 -0.3108 0.0450 0.0450 0.0550
v 10.8393 -0.0860 -0.2831 0.0450 0.0450 0.0550
v 10.6757 -0.2382 -0.2377 0.0450 0.0450 0.0550
v 10.5490 -0.4360 -0.1633 0.0450 0.0450 0.0550
v 10.4742 -0.6691 -0.0593 0.0450 0.0450 0.0550
v 10.4627 -0.9219 0.0492 0.0450 0.0450 0.0550
v 10.5202 -1.1749 0.1159 0.0450 0.0450 0.0550
v 10.6454 -1.4068 0.1426 0.0450 0.0450 0.0550
v 10.8342 -1.5924 0.1597 0.0450 0.0450 0.0550
v 11.0588 -1.7317 0.1822 0.0450 0.0450 0.0550
v 11.3127 -1.7983 0.1840 0.0450 0.0450 0.0550
v 11.5705 -1.7946 0.1282 0.0450 0.0450 0.0550
v 11.8114 -1.7247 0.0127 0.0450 0.0450 0.0550
v 12.0183 -1.5991 -0.1094 0.0450 0.0450 0.0550
v 12.1792 -1.4325 -0.1975 0.0450 0.0450 0.0550
v 12.2882 -1.2415 -0.2538 0.0450 0.0450 0.0550
v 12.3454 -1.0423 -0.2902 0.0450 0.0450 0.0550
v 12.3558 -0.8484 -0.3128 0.0450 0.0450 0.0550
v 12.5168 -0.6691 -0.2756 0.0450 0.0450 0.0550
v 12.4443 -0.4697 -0.2995 0.0450 0.0450 0.0550
v 12.3448 -0.2962 -0.3225 0.0450 0.0450 0.0550
v 12.2253 -0.1469 -0.3365 0.0450 0.0450 0.0550
v 12.0891 -0.0188 -0.3407 0.0450 0.0450 0.0550
v 11.9360 0.0898 -0.3408 0.0450 0.0450 0.0550
v 11.7638 0.1779 -0.3347 0.0450 0.0450 0.0550
v 11.5705 0.2406 -0.3179 0.0450 0.0450 0.0550
v 11.3561 0.2699 -0.2954 0.0450 0.0450 0.0550
v 11.1252 0.2556 -0.2717 0.0450 0.0450 0.0550
v 10.8870 0.1879 -0.2413 0.0450 0.0450 0.0550
v 10.6564 0.0598 -0.1960 0.0450 0.0450 0.0550
v 10.4519 -0.1305 -0.1203 0.0450 0.0450 0.0550
v 10.2936 -0.3777 -0.0119 0.0450 0.0450 0.0550
v 10.2868 -0.6545 0.0494 0.0450 0.0450 0.0550
v 10.3574 -0.9230 0.1000 0.0450 0.0450 0.0550
v 10.4751 -1.1742 0.1300 0.0450 0.0450 0.0550
v 10.6363 -1.4003 0.1427 0.0450 0.0450 0.0550
v 10.8357 -1.5936 0.1599 0.0450 0.0450 0.0550
v 11.0666 -1.7479 0.1868 0.0450 0.0450 0.0550
v 11.3214 -1.8580 0.2081 0.0450 0.0450 0.0550
v 11.5918 -1.9203 0.1951 0.0450 0.0450 0.0550
v 11.8691 -1.9329 0.1444 0.0450 0.0450 0.0550
v 12.1303 -1.8316 0.0467 0.0450 0.0450 0.0550
v 12.3314 -1.6233 -0.0755 0.0450 0.0450 0.0550
v 12.4676 -1.3846 -0.1628 0.0450 0.0450 0.0550
v 12.5391 -1.1356 -0.2182 0.0450 0.0450 0.0550
v 12.5521 -0.8932 -0.2521 0.0450 0.0450 0.0550
v 12.3913 3.9554 -0.3331 0.0450 0.0450 0.0550
v 12.5634 3.9554 -0.3358 0.0450 0.0450 0.0550
v 12.5502 3.9916 -0.3398 0.0450 0.0450 0.0550
v 12.5321 4.0232 -0.3427 0.0450 0.0450 0.0550
v 12.5104 4.0503 -0.3444 0.0450 0.0450 0.0550
v 12.4856 4.0736 -0.3450 0.0450 0.0450 0.0550
v 12.4578 4.0933 -0.3445 0.0450 0.0450 0.0550
v 12.4265 4.1094 -0.3430 0.0450 0.0450 0.0550
v 12.3913 4.1208 -0.3404 0.0450 0.0450 0.0550
v 12.3524 4.1261 -0.3365 0.0450 0.0450 0.0550
v 12.3104 4.1235 -0.3314 0.0450 0.0450 0.0550
v 12.2671 4.1112 -0.3251 0.0450 0.0450 0.0550
v 12.2251 4.0879 -0.3178 0.0450 0.0450 0.0550
v 12.1880 4.0533 -0.3101 0.0450 0.0450 0.0550
v 12.1592 4.0083 -0.3027 0.0450 0.0450 0.0550
v 12.1422 3.9554 -0.2962 0.0450 0.0450 0.0550
v 12.1396 3.8979 -0.2913 0.0450 0.0450 0.0550
v 12.1526 3.8404 -0.2880 0.0450 0.0450 0.0550
v 12.1811 3.7877 -0.2864 0.0450 0.0450 0.0550
v 12.2230 3.7443 -0.2862 0.0450 0.0450 0.0550
v 12.2750 3.7139 -0.2872 0.0450 0.0450 0.0550
v 12.3328 3.6987 -0.2893 0.0450 0.0450 0.0550
v 12.3913 3.6996 -0.2927 0.0450 0.0450 0.0550
v 12.4461 3.7154 -0.2975 0.0450 0.0450 0.0550
v 12.4931 3.7440 -0.3034 0.0450 0.0450 0.0550
v 12.5297 3.7819 -0.3103 0.0450 0.0450 0.0550
v 12.5545 3.8253 -0.3175 0.0450 0.0450 0.0550
v 12.5675 3.8705 -0.3244 0.0450 0.0450 0.0550
v 12.5698 3.9146 -0.3306 0.0450 0.0450 0.0550
v 12.7354 3.9554 -0.3233 0.0450 0.0450 0.0550
v 12.7091 4.0279 -0.3329 0.0450 0.0450 0.0550
v 12.6729 4.0910 -0.3398 0.0450 0.0450 0.0550
v 12.6295 4.1453 -0.3440 0.0450 0.0450 0.0550
v 12.5799 4.1918 -0.3458 0.0450 0.0450 0.0550
v 12.5242 4.2313 -0.3451 0.0450 0.0450 0.0550
v 12.4616 4.2634 -0.3419 0.0450 0.0450 0.0550
v 12.3913 4.2862 -0.3359 0.0450 0.0450 0.0550
v 12.3134 4.2968 -0.3268 0.0450 0.0450 0.0550
v 12.2294 4.2916 -0.3145 0.0450 0.0450 0.0550
v 12.1428 4.2670 -0.2994 0.0450 0.0450 0.0550
v 12.0590 4.2204 -0.2817 0.0450 0.0450 0.0550
v 11.9846 4.1512 -0.2623 0.0450 0.0450 0.0550
v 11.9270 4.0613 -0.2426 0.0450 0.0450 0.0550
v 11.8930 3.9554 -0.2255 0.0450 0.0450 0.0550
v 11.8878 3.8404 -0.2137 0.0450 0.0450 0.0550
v 11.9139 3.7255 -0.2085 0.0450 0.0450 0.0550
v 11.9708 3.6200 -0.2085 0.0450 0.0450 0.0550
v 12.0547 3.5332 -0.2107 0.0450 0.0450 0.0550
v 12.1587 3.4724 -0.2131 0.0450 0.0450 0.0550
v 12.2742 3.4421 -0.2158 0.0450 0.0450 0.0550
v 12.3913 3.4438 -0.2205 0.0450 0.0450 0.0550
v 12.5009 3.4755 -0.2294 0.0450 0.0450 0.0550
v 12.5949 3.5326 -0.2429 0.0450 0.0450 0.0550
v 12.6680 3.6084 -0.2599 0.0450 0.0450 0.0550
v 12.7176 3.6952 -0.2782 0.0450 0.0450 0.0550
v 12.7436 3.7857 -0.2956 0.0450 0.0450 0.0550
v 12.7483 3.8739 -0.3108 0.0450 0.0450 0.0550
v 12.9075 3.9554 -0.2979 0.0450 0.0450 0.0550
v 12.8680 4.0641 -0.3143 0.0450 0.0450 0.0550
v 12.8137 4.1588 -0.3265 0.0450 0.0450 0.0550
v 12.7485 4.2402 -0.3337 0.0450 0.0450 0.0550
v 12.6742 4.3101 -0.3353 0.0450 0.0450 0.0550
v 12.5907 4.3693 -0.3341 0.0450 0.0450 0.0550
v 12.4968 4.4174 -0.3279 0.0450 0.0450 0.0550
v 12.3913 4.4516 -0.3165 0.0450 0.0450 0.0550
v 12.2744 4.4675 -0.3001 0.0450 0.0450 0.0550
v 12.1484 4.4597 -0.2795 0.0450 0.0450 0.0550
v 12.0186 4.4228 -0.2544 0.0450 0.0450 0.0550
v 11.8928 4.3529 -0.2237 0.0450 0.0450 0.0550
v 11.7812 4.2492 -0.1860 0.0450 0.0450 0.0550
v 11.6949 4.1143 -0.1444 0.0450 0.0450 0.0550
v 11.6439 3.9554 -0.1044 0.0450 0.0450 0.0550
v 11.6360 3.7830 -0.0774 0.0450 0.0450 0.0550
v 11.6752 3.6105 -0.0724 0.0450 0.0450 0.0550
v 11.7606 3.4524 -0.0834 0.0450 0.0450 0.0550
v 11.8864 3.3222 -0.0964 0.0450 0.0450 0.0550
v 12.0424 3.2309 -0.1025 0.0450 0.0450 0.0550
v 12.2156 3.1854 -0.1026 0.0450 0.0450 0.0550
v 12.3913 3.1880 -0.1058 0.0450 0.0450 0.0550
v 12.5556 3.2356 -0.1208 0.0450 0.0450 0.0550
v 12.6967 3.3213 -0.1491 0.0450 0.0450 0.0550
v 12.8064 3.4349 -0.1850 0.0450 0.0450 0.0550
v 12.8807 3.5651 -0.2208 0.0450 0.0450 0.0550
v 12.9197 3.7009 -0.2519 0.0450 0.0450 0.0550
v 12.9268 3.8331 -0.2774 0.0450 0.0450 0.0550
v 13.0795 3.9554 -0.2618 0.0450 0.0450 0.0550
v 13.0268 4.1004 -0.2876 0.0450 0.0450 0.0550
v 12.9545 4.2266 -0.3056 0.0450 0.0450 0.0550
v 12.8676 4.3352 -0.3137 0.0450 0.0450 0.0550
v 12.7685 4.4283 -0.3141 0.0450 0.0450 0.0550
v 12.6571 4.5073 -0.3119 0.0450 0.0450 0.0550
v 12.5319 4.5714 -0.3032 0.0450 0.0450 0.0550
v 12.3913 4.6170 -0.2844 0.0450 0.0450 0.0550
v 12.2355 4.6383 -0.2575 0.0450 0.0450 0.0550
v 12.0675 4.6279 -0.2256 0.0450 0.0450 0.0550
v 11.8943 4.5786 -0.1872 0.0450 0.0450 0.0550
v 11.7266 4.4855 -0.1343 0.0450 0.0450 0.0550
v 11.5779 4.3471 -0.0683 0.0450 0.0450 0.0550
v 11.4627 4.1673 0.0058 0.0450 0.0450 0.0550
v 11.3947 3.9554 0.0798 0.0450 0.0450 0.0550
v 11.3843 3.7255 0.1275 0.0450 0.0450 0.0550
v 11.4365 3.4955 0.1286 0.0450 0.0450 0.0550
v 11.5503 3.2847 0.0967 0.0450 0.0450 0.0550
v 11.7220 3.1160 0.0620 0.0450 0.0450 0.0550
v 11.9261 2.9894 0.0576 0.0450 0.0450 0.0550
v 12.1570 2.9288 0.0678 0.0450 0.0450 0.0550
v 12.3913 2.9322 0.0732 0.0450 0.0450 0.0550
v 12.6104 2.9957 0.0520 0.0450 0.0450 0.0550
v 12.7985 3.1099 0.0022 0.0450 0.0450 0.0550
v 12.9447 3.2614 -0.0654 0.0450 0.0450 0.0550
v 13.0438 3.4350 -0.1339 0.0450 0.0450 0.0550
v 13.0958 3.6161 -0.1892 0.0450 0.0450 0.0550
v 13.1053 3.7924 -0.2300 0.0450 0.0450 0.0550
v 13.2516 3.9554 -0.2162 0.0450 0.0450 0.0550
v 13.1857 4.1367 -0.2542 0.0450 0.0450 0.0550
v 13.0953 4.2944 -0.2779 0.0450 0.0450 0.0550
v 12.9866 4.4301 -0.2857 0.0450 0.0450 0.0550
v 12.8628 4.5465 -0.2837 0.0450 0.0450 0.0550
v 12.7236 4.6453 -0.2792 0.0450 0.0450 0.0550
v 12.5671 4.7254 -0.2671 0.0450 0.0450 0.0550
v 12.3913 4.7824 -0.2398 0.0450 0.0450 0.0550
v 12.1965 4.8090 -0.1990 0.0450 0.0450 0.0550
v 11.9865 4.7960 -0.1499 0.0450 0.0450 0.0550
v 11.7700 4.7345 -0.0866 0.0450 0.0450 0.0550
v 11.5604 4.6180 -0.0029 0.0450 0.0450 0.0550
v 11.3745 4.4450 0.0926 0.0450 0.0450 0.0550
v 11.2306 4.2203 0.1784 0.0450 0.0450 0.0550
v 11.2243 3.9686 0.2010 0.0450 0.0450 0.0550
v 11.2885 3.7246 0.1977 0.0450 0.0450 0.0550
v 11.3956 3.4962 0.1589 0.0450 0.0450 0.0550
v 11.5421 3.2907 0.1003 0.0450 0.0450 0.0550
v 11.7233 3.1149 0.0619 0.0450 0.0450 0.0550
v 11.9332 2.9747 0.0647 0.0450 0.0450 0.0550
v 12.1649 2.8746 0.1054 0.0450 0.0450 0.0550
v 12.4107 2.8179 0.1564 0.0450 0.0450 0.0550
v 12.6628 2.8064 0.1889 0.0450 0.0450 0.0550
v 12.9003 2.8986 0.1779 0.0450 0.0450 0.0550
v 13.0831 3.0879 0.1079 0.0450 0.0450 0.0550
v 13.2069 3.3049 0.0037 0.0450 0.0450 0.0550
v 13.2719 3.5313 -0.0955 0.0450 0.0450 0.0550
v 13.2838 3.7517 -0.1661 0.0450 0.0450 0.0550
v 1.7220 -3.7000 -0.1456 0.0450 0.0450 0.0550
v 1.8275 -3.7000 -0.1505 0.0450 0.0450 0.0550
v 1.8195 -3.6778 -0.1530 0.0450 0.0450 0.0550
v 1.8084 -3.6585 -0.1547 0.0450 0.0450 0.0550
v 1.7950 -3.6418 -0.1556 0.0450 0.0450 0.0550
v 1.7799 -3.6275 -0.1559 0.0450 0.0450 0.0550
v 1.7628 -3.6154 -0.1555 0.0450 0.0450 0.0550
v 1.7436 -3.6056 -0.1546 0.0450 0.0450 0.0550
v 1.7220 -3.5986 -0.1530 0.0450 0.0450 0.0550
v 1.6981 -3.5953 -0.1508 0.0450 0.0450 0.0550
v 1.6724 -3.5969 -0.1478 0.0450 0.0450 0.0550
v 1.6458 -3.6045 -0.1439 0.0450 0.0450 0.0550
v 1.6201 -3.6188 -0.1392 0.0450 0.0450 0.0550
v 1.5973 -3.6400 -0.1339 0.0450 0.0450 0.0550
v 1.5796 -3.6675 -0.1285 0.0450 0.0450 0.0550
v 1.5692 -3.7000 -0.1234 0.0450 0.0450 0.0550
v 1.5676 -3.7353 -0.1192 0.0450 0.0450 0.0550
v 1.5756 -3.7706 -0.1163 0.0450 0.0450 0.0550
v 1.5931 -3.8029 -0.1148 0.0450 0.0450 0.0550
v 1.6188 -3.8295 -0.1145 0.0450 0.0450 0.0550
v 1.6507 -3.8482 -0.1152 0.0450 0.0450 0.0550
v 1.6861 -3.8575 -0.1169 0.0450 0.0450 0.0550
v 1.7220 -3.8569 -0.1196 0.0450 0.0450 0.0550
v 1.7556 -3.8472 -0.1233 0.0450 0.0450 0.0550
v 1.7844 -3.8297 -0.1278 0.0450 0.0450 0.0550
v 1.8069 -3.8065 -0.1329 0.0450 0.0450 0.0550
v 1.8221 -3.7798 -0.1381 0.0450 0.0450 0.0550
v 1.8300 -3.7521 -0.1429 0.0450 0.0450 0.0550
v 1.8315 -3.7250 -0.1471 0.0450 0.0450 0.0550
v 1.9331 -3.7000 -0.1478 0.0450 0.0450 0.0550
v 1.9169 -3.6556 -0.1537 0.0450 0.0450 0.0550
v 1.8947 -3.6169 -0.1577 0.0450 0.0450 0.0550
v 1.8681 -3.5836 -0.1600 0.0450 0.0450 0.0550
v 1.8377 -3.5550 -0.1606 0.0450 0.0450 0.0550
v 1.8035 -3.5308 -0.1599 0.0450 0.0450 0.0550
v 1.7651 -3.5111 -0.1579 0.0450 0.0450 0.0550
v 1.7220 -3.4971 -0.1547 0.0450 0.0450 0.0550
v 1.6742 -3.4906 -0.1499 0.0450 0.0450 0.0550
v 1.6227 -3.4938 -0.1436 0.0450 0.0450 0.0550
v 1.5696 -3.5089 -0.1353 0.0450 0.0450 0.0550
v 1.5182 -3.5375 -0.1250 0.0450 0.0450 0.0550
v 1.4726 -3.5799 -0.1127 0.0450 0.0450 0.0550
v 1.4372 -3.6350 -0.0991 0.0450 0.0450 0.0550
v 1.4164 -3.7000 -0.0856 0.0450 0.0450 0.0550
v 1.4132 -3.7705 -0.0745 0.0450 0.0450 0.0550
v 1.4292 -3.8411 -0.0678 0.0450 0.0450 0.0550
v 1.4641 -3.9057 -0.0654 0.0450 0.0450 0.0550
v 1.5155 -3.9590 -0.0655 0.0450 0.0450 0.0550
v 1.5794 -3.9963 -0.0666 0.0450 0.0450 0.0550
v 1.6502 -4.0149 -0.0689 0.0450 0.0450 0.0550
v 1.7220 -4.0138 -0.0734 0.0450 0.0450 0.0550
v 1.7892 -3.9943 -0.0814 0.0450 0.0450 0.0550
v 1.8469 -3.9593 -0.0924 0.0450 0.0450 0.0550
v 1.8917 -3.9129 -0.1050 0.0450 0.0450 0.0550
v 1.9221 -3.8596 -0.1178 0.0450 0.0450 0.0550
v 1.9381 -3.8041 -0.1296 0.0450 0.0450 0.0550
v 1.9410 -3.7500 -0.1398 0.0450 0.0450 0.0550
v 2.0386 -3.7000 -0.1364 0.0450 0.0450 0.0550
v 2.0144 -3.6333 -0.1469 0.0450 0.0450 0.0550
v 1.9811 -3.5753 -0.1544 0.0450 0.0450 0.0550
v 1.9411 -3.5253 -0.1586 0.0450 0.0450 0.0550
v 1.8955 -3.4825 -0.1591 0.0450 0.0450 0.0550
v 1.8443 -3.4461 -0.1573 0.0450 0.0450 0.0550
v 1.7867 -3.4167 -0.1528 0.0450 0.0450 0.0550
v 1.7220 -3.3957 -0.1465 0.0450 0.0450 0.0550
v 1.6503 -3.3859 -0.1387 0.0450 0.0450 0.0550
v 1.5730 -3.3907 -0.1290 0.0450 0.0450 0.0550
v 1.4934 -3.4133 -0.1167 0.0450 0.0450 0.0550
v 1.4162 -3.4562 -0.1010 0.0450 0.0450 0.0550
v 1.3478 -3.5198 -0.0806 0.0450 0.0450 0.0550
v 1.2949 -3.6025 -0.0549 0.0450 0.0450 0.0550
v 1.2636 -3.7000 -0.0255 0.0450 0.0450 0.0550
v 1.2588 -3.8058 0.0009 0.0450 0.0450 0.0550
v 1.2828 -3.9116 0.0150 0.0450 0.0450 0.0550
v 1.3352 -4.0086 0.0165 0.0450 0.0450 0.0550
v 1.4123 -4.0884 0.0139 0.0450 0.0450 0.0550
v 1.5080 -4.1444 0.0136 0.0450 0.0450 0.0550
v 1.6142 -4.1723 0.0134 0.0450 0.0450 0.0550
v 1.7220 -4.1707 0.0063 0.0450 0.0450 0.0550
v 1.8228 -4.1415 -0.0114 0.0450 0.0450 0.0550
v 1.9093 -4.0890 -0.0359 0.0450 0.0450 0.0550
v 1.9766 -4.0193 -0.0614 0.0450 0.0450 0.0550
v 2.0222 -3.9394 -0.0852 0.0450 0.0450 0.0550
v 2.0461 -3.8561 -0.1058 0.0450 0.0450 0.0550
v 2.0504 -3.7750 -0.1229 0.0450 0.0450 0.0550
v 2.1441 -3.7000 -0.1176 0.0450 0.0450 0.0550
v 2.1118 -3.6111 -0.1347 0.0450 0.0450 0.0550
v 2.0674 -3.5337 -0.1466 0.0450 0.0450 0.0550
v 2.0141 -3.4671 -0.1519 0.0450 0.0450 0.0550
v 1.9533 -3.4100 -0.1512 0.0450 0.0450 0.0550
v 1.8850 -3.3615 -0.1478 0.0450 0.0450 0.0550
v 1.8083 -3.3222 -0.1407 0.0450 0.0450 0.0550
v 1.7220 -3.2942 -0.1299 0.0450 0.0450 0.0550
v 1.6264 -3.2812 -0.1174 0.0450 0.0450 0.0550
v 1.5234 -3.2876 -0.1036 0.0450 0.0450 0.0550
v 1.4172 -3.3178 -0.0868 0.0450 0.0450 0.0550
v 1.3143 -3.3749 -0.0641 0.0450 0.0450 0.0550
v 1.2231 -3.4598 -0.0318 0.0450 0.0450 0.0550
v 1.1525 -3.5701 0.0135 0.0450 0.0450 0.0550
v 1.1108 -3.7000 0.0683 0.0450 0.0450 0.0550
v 1.1044 -3.8410 0.1131 0.0450 0.0450 0.0550
v 1.1364 -3.9821 0.1286 0.0450 0.0450 0.0550
v 1.2062 -4.1114 0.1220 0.0450 0.0450 0.0550
v 1.3115 -4.2149 0.1131 0.0450 0.0450 0.0550
v 1.4367 -4.2925 0.1202 0.0450 0.0450 0.0550
v 1.5783 -4.3297 0.1305 0.0450 0.0450 0.0550
v 1.7220 -4.3276 0.1271 0.0450 0.0450 0.0550
v 1.8564 -4.2886 0.0986 0.0450 0.0450 0.0550
v 1.9717 -4.2186 0.0531 0.0450 0.0450 0.0550
v 2.0614 -4.1257 0.0051 0.0450 0.0450 0.0550
v 2.1222 -4.0192 -0.0366 0.0450 0.0450 0.0550
v 2.1541 -3.9081 -0.0699 0.0450 0.0450 0.0550
v 2.1599 -3.8000 -0.0962 0.0450 0.0450 0.0550
v 2.2496 -3.7000 -0.0918 0.0450 0.0450 0.0550
v 2.2092 -3.5888 -0.1175 0.0450 0.0450 0.0550
v 2.1538 -3.4921 -0.1339 0.0450 0.0450 0.0550
v 2.0871 -3.4089 -0.1398 0.0450 0.0450 0.0550
v 2.0112 -3.3374 -0.1374 0.0450 0.0450 0.0550
v 1.9258 -3.2769 -0.1315 0.0450 0.0450 0.0550
v 1.8298 -3.2278 -0.1216 0.0450 0.0450 0.0550
v 1.7220 -3.1928 -0.1056 0.0450 0.0450 0.0550
v 1.6025 -3.1765 -0.0865 0.0450 0.0450 0.0550
v 1.4737 -3.1845 -0.0662 0.0450 0.0450 0.0550
v 1.3410 -3.2222 -0.0418 0.0450 0.0450 0.0550
v 1.2124 -3.2936 -0.0074 0.0450 0.0450 0.0550
v 1.0984 -3.3997 0.0422 0.0450 0.0450 0.0550
v 1.0101 -3.5376 0.1052 0.0450 0.0450 0.0550
v 1.0063 -3.6919 0.1359 0.0450 0.0450 0.0550
v 1.0456 -3.8416 0.1489 0.0450 0.0450 0.0550
v 1.1113 -3.9817 0.1424 0.0450 0.0450 0.0550
v 1.2012 -4.1077 0.1235 0.0450 0.0450 0.0550
v 1.3123 -4.2155 0.1131 0.0450 0.0450 0.0550
v 1.4411 -4.3015 0.1245 0.0450 0.0450 0.0550
v 1.5831 -4.3629 0.1513 0.0450 0.0450 0.0550
v 1.7339 -4.3977 0.1737 0.0450 0.0450 0.0550
v 1.8885 -4.4047 0.1804 0.0450 0.0450 0.0550
v 2.0342 -4.3482 0.1591 0.0450 0.0450 0.0550
v 2.1463 -4.2321 0.1005 0.0450 0.0450 0.0550
v 2.2223 -4.0990 0.0365 0.0450 0.0450 0.0550
v 2.2621 -3.9601 -0.0177 0.0450 0.0450 0.0550
v 2.2694 -3.8250 -0.0591 0.0450 0.0450 0.0550
v -1.9558 5.2173 -0.1222 0.0450 0.0450 0.0550
v -1.8273 5.2173 -0.1345 0.0450 0.0450 0.0550
v -1.8372 5.2444 -0.1378 0.0450 0.0450 0.0550
v -1.8507 5.2680 -0.1400 0.0450 0.0450 0.0550
v -1.8669 5.2882 -0.1413 0.0450 0.0450 0.0550
v -1.8854 5.3056 -0.1414 0.0450 0.0450 0.0550
v -1.9062 5.3204 -0.1405 0.0450 0.0450 0.0550
v -1.9296 5.3323 -0.1387 0.0450 0.0450 0.0550
v -1.9558 5.3408 -0.1359 0.0450 0.0450 0.0550
v -1.9849 5.3448 -0.1321 0.0450 0.0450 0.0550
v -2.0163 5.3429 -0.1269 0.0450 0.0450 0.0550
v -2.0486 5.3337 -0.1203 0.0450 0.0450 0.0550
v -2.0799 5.3163 -0.1123 0.0450 0.0450 0.0550
v -2.1077 5.2905 -0.1032 0.0450 0.0450 0.0550
v -2.1291 5.2569 -0.0936 0.0450 0.0450 0.0550
v -2.1418 5.2173 -0.0841 0.0450 0.0450 0.0550
v -2.1438 5.1744 -0.0759 0.0450 0.0450 0.0550
v -2.1340 5.1315 -0.0698 0.0450 0.0450 0.0550
v -2.1128 5.0921 -0.0663 0.0450 0.0450 0.0550
v -2.0815 5.0597 -0.0658 0.0450 0.0450 0.0550
v -2.0426 5.0370 -0.0681 0.0450 0.0450 0.0550
v -1.9995 5.0257 -0.0731 0.0450 0.0450 0.0550
v -1.9558 5.0263 -0.0802 0.0450 0.0450 0.0550
v -1.9149 5.0382 -0.0890 0.0450 0.0450 0.0550
v -1.8798 5.0595 -0.0986 0.0450 0.0450 0.0550
v -1.8525 5.0878 -0.1078 0.0450 0.0450 0.0550
v -1.8340 5.1202 -0.1164 0.0450 0.0450 0.0550
v -1.8243 5.1540 -0.1238 0.0450 0.0450 0.0550
v -1.8225 5.1869 -0.1298 0.0450 0.0450 0.0550
v -1.6989 5.2173 -0.1358 0.0450 0.0450 0.0550
v -1.7185 5.2715 -0.1426 0.0450 0.0450 0.0550
v -1.7456 5.3186 -0.1472 0.0450 0.0450 0.0550
v -1.7780 5.3591 -0.1497 0.0450 0.0450 0.0550
v -1.8150 5.3939 -0.1503 0.0450 0.0450 0.0550
v -1.8566 5.4234 -0.1493 0.0450 0.0450 0.0550
v -1.9033 5.4473 -0.1459 0.0450 0.0450 0.0550
v -1.9558 5.4643 -0.1401 0.0450 0.0450 0.0550
v -2.0140 5.4723 -0.1321 0.0450 0.0450 0.0550
v -2.0767 5.4684 -0.1216 0.0450 0.0450 0.0550
v -2.1414 5.4500 -0.1083 0.0450 0.0450 0.0550
v -2.2040 5.4152 -0.0920 0.0450 0.0450 0.0550
v -2.2595 5.3636 -0.0725 0.0450 0.0450 0.0550
v -2.3025 5.2965 -0.0503 0.0450 0.0450 0.0550
v -2.3279 5.2173 -0.0268 0.0450 0.0450 0.0550
v -2.3318 5.1315 -0.0049 0.0450 0.0450 0.0550
v -2.3123 5.0457 0.0116 0.0450 0.0450 0.0550
v -2.2698 4.9670 0.0205 0.0450 0.0450 0.0550
v -2.2072 4.9021 0.0223 0.0450 0.0450 0.0550
v -2.1295 4.8567 0.0179 0.0450 0.0450 0.0550
v -2.0433 4.8341 0.0071 0.0450 0.0450 0.0550
v -1.9558 4.8353 -0.0102 0.0450 0.0450 0.0550
v -1.8740 4.8591 -0.0326 0.0450 0.0450 0.0550
v -1.8038 4.9017 -0.0556 0.0450 0.0450 0.0550
v -1.7492 4.9583 -0.0778 0.0450 0.0450 0.0550
v -1.7122 5.0231 -0.0974 0.0450 0.0450 0.0550
v -1.6928 5.0907 -0.1135 0.0450 0.0450 0.0550
v -1.6893 5.1565 -0.1262 0.0450 0.0450 0.0550
v -1.5704 5.2173 -0.1248 0.0450 0.0450 0.0550
v -1.5999 5.2986 -0.1359 0.0450 0.0450 0.0550
v -1.6404 5.3692 -0.1442 0.0450 0.0450 0.0550
v -1.6891 5.4300 -0.1492 0.0450 0.0450 0.0550
v -1.7446 5.4822 -0.1499 0.0450 0.0450 0.0550
v -1.8069 5.5264 -0.1475 0.0450 0.0450 0.0550
v -1.8771 5.5623 -0.1415 0.0450 0.0450 0.0550
v -1.9558 5.5878 -0.1312 0.0450 0.0450 0.0550
v -2.0431 5.5998 -0.1183 0.0450 0.0450 0.0550
v -2.1372 5.5939 -0.1024 0.0450 0.0450 0.0550
v -2.2341 5.5664 -0.0828 0.0450 0.0450 0.0550
v -2.3281 5.5142 -0.0582 0.0450 0.0450 0.0550
v -2.4113 5.4367 -0.0274 0.0450 0.0450 0.0550
v -2.4758 5.3360 0.0114 0.0450 0.0450 0.0550
v -2.5139 5.2173 0.0581 0.0450 0.0450 0.0550
v -2.5198 5.0886 0.1063 0.0450 0.0450 0.0550
v -2.4905 4.9598 0.1416 0.0450 0.0450 0.0550
v -2.4268 4.8418 0.1575 0.0450 0.0450 0.0550
v -2.3328 4.7445 0.1610 0.0450 0.0450 0.0550
v -2.2163 4.6764 0.1574 0.0450 0.0450 0.0550
v -2.0870 4.6425 0.1416 0.0450 0.0450 0.0550
v -1.9558 4.6444 0.1062 0.0450 0.0450 0.0550
v -1.8331 4.6799 0.0563 0.0450 0.0450 0.0550
v -1.7278 4.7439 0.0066 0.0450 0.0450 0.0550
v -1.6459 4.8287 -0.0349 0.0450 0.0450 0.0550
v -1.5904 4.9259 -0.0672 0.0450 0.0450 0.0550
v -1.5613 5.0273 -0.0917 0.0450 0.0450 0.0550
v -1.5560 5.1261 -0.1104 0.0450 0.0450 0.0550
v -1.4419 5.2173 -0.1029 0.0450 0.0450 0.0550
v -1.4813 5.3256 -0.1204 0.0450 0.0450 0.0550
v -1.5353 5.4198 -0.1340 0.0450 0.0450 0.0550
v -1.6002 5.5009 -0.1409 0.0450 0.0450 0.0550
v -1.6742 5.5705 -0.1408 0.0450 0.0450 0.0550
v -1.7573 5.6295 -0.1370 0.0450 0.0450 0.0550
v -1.8508 5.6773 -0.1285 0.0450 0.0450 0.0550
v -1.9558 5.7113 -0.1130 0.0450 0.0450 0.0550
v -2.0722 5.7272 -0.0935 0.0450 0.0450 0.0550
v -2.1976 5.7195 -0.0710 0.0450 0.0450 0.0550
v -2.3269 5.6827 -0.0437 0.0450 0.0450 0.0550
v -2.4521 5.6132 -0.0081 0.0450 0.0450 0.0550
v -2.5632 5.5098 0.0387 0.0450 0.0450 0.0550
v -2.6492 5.3756 0.1027 0.0450 0.0450 0.0550
v -2.6999 5.2173 0.1836 0.0450 0.0450 0.0550
v -2.7077 5.0457 0.2587 0.0450 0.0450 0.0550
v -2.6687 4.8740 0.2969 0.0450 0.0450 0.0550
v -2.5837 4.7166 0.3026 0.0450 0.0450 0.0550
v -2.4556 4.5906 0.3010 0.0450 0.0450 0.0550
v -2.3032 4.4961 0.3092 0.0450 0.0450 0.0550
v -2.1307 4.4508 0.3062 0.0450 0.0450 0.0550
v -1.9558 4.4534 0.2675 0.0450 0.0450 0.0550
v -1.7923 4.5008 0.1881 0.0450 0.0450 0.0550
v -1.6518 4.5861 0.0982 0.0450 0.0450 0.0550
v -1.5426 4.6992 0.0265 0.0450 0.0450 0.0550
v -1.4686 4.8288 -0.0233 0.0450 0.0450 0.0550
v -1.4298 4.9640 -0.0576 0.0450 0.0450 0.0550
v -1.4227 5.0957 -0.0826 0.0450 0.0450 0.0550
v -1.3135 5.2173 -0.0716 0.0450 0.0450 0.0550
v -1.3627 5.3527 -0.0977 0.0450 0.0450 0.0550
v -1.4302 5.4705 -0.1167 0.0450 0.0450 0.0550
v -1.5113 5.5718 -0.1248 0.0450 0.0450 0.0550
v -1.6038 5.6588 -0.1239 0.0450 0.0450 0.0550
v -1.7077 5.7325 -0.1190 0.0450 0.0450 0.0550
v -1.8246 5.7923 -0.1075 0.0450 0.0450 0.0550
v -1.9558 5.8349 -0.0856 0.0450 0.0450 0.0550
v -2.1013 5.8547 -0.0571 0.0450 0.0450 0.0550
v -2.2581 5.8450 -0.0256 0.0450 0.0450 0.0550
v -2.4197 5.7991 0.0129 0.0450 0.0450 0.0550
v -2.5762 5.7121 0.0651 0.0450 0.0450 0.0550
v -2.7150 5.5830 0.1368 0.0450 0.0450 0.0550
v -2.8225 5.4152 0.2261 0.0450 0.0450 0.0550
v -2.8272 5.2272 0.2742 0.0450 0.0450 0.0550
v -2.7792 5.0450 0.3036 0.0450 0.0450 0.0550
v -2.6993 4.8745 0.3114 0.0450 0.0450 0.0550
v -2.5899 4.7210 0.3037 0.0450 0.0450 0.0550
v -2.4546 4.5898 0.3010 0.0450 0.0450 0.0550
v -2.2978 4.4851 0.3132 0.0450 0.0450 0.0550
v -2.1249 4.4104 0.3263 0.0450 0.0450 0.0550
v -1.9413 4.3680 0.3182 0.0450 0.0450 0.0550
v -1.7531 4.3595 0.2843 0.0450 0.0450 0.0550
v -1.5758 4.4283 0.2128 0.0450 0.0450 0.0550
v -1.4393 4.5696 0.1161 0.0450 0.0450 0.0550
v -1.3468 4.7317 0.0421 0.0450 0.0450 0.0550
v -1.2983 4.9007 -0.0078 0.0450 0.0450 0.0550
v -1.2895 5.0652 -0.0427 0.0450 0.0450 0.0550
v -6.9781 -6.0088 -0.3561 0.0450 0.0450 0.0550
v -6.8312 -6.0088 -0.3615 0.0450 0.0450 0.0550
v -6.8425 -5.9778 -0.3645 0.0450 0.0450 0.0550
v -6.8579 -5.9509 -0.3665 0.0450 0.0450 0.0550
v -6.8765 -5.9277 -0.3675 0.0450 0.0450 0.0550
v -6.8976 -5.9079 -0.3676 0.0450 0.0450 0.0550
v -6.9214 -5.8910 -0.3668 0.0450 0.0450 0.0550
v -6.9481 -5.8773 -0.3652 0.0450 0.0450 0.0550
v -6.9781 -5.8676 -0.3629 0.0450 0.0450 0.0550
v -7.0113 -5.8631 -0.3597 0.0450 0.0450 0.0550
v -7.0472 -5.8653 -0.3555 0.0450 0.0450 0.0550
v -7.0841 -5.8758 -0.3503 0.0450 0.0450 0.0550
v -7.1199 -5.8957 -0.3443 0.0450 0.0450 0.0550
v -7.1516 -5.9252 -0.3378 0.0450 0.0450 0.0550
v -7.1762 -5.9635 -0.3312 0.0450 0.0450 0.0550
v -7.1907 -6.0088 -0.3254 0.0450 0.0450 0.0550
v -7.1929 -6.0578 -0.3210 0.0450 0.0450 0.0550
v -7.1818 -6.1069 -0.3182 0.0450 0.0450 0.0550
v -7.1575 -6.1518 -0.3170 0.0450 0.0450 0.0550
v -7.1217 -6.1889 -0.3170 0.0450 0.0450 0.0550
v -7.0773 -6.2148 -0.3182 0.0450 0.0450 0.0550
v -7.0280 -6.2278 -0.3203 0.0450 0.0450 0.0550
v -6.9781 -6.2270 -0.3234 0.0450 0.0450 0.0550
v -6.9313 -6.2135 -0.3278 0.0450 0.0450 0.0550
v -6.8912 -6.1891 -0.3333 0.0450 0.0450 0.0550
v -6.8600 -6.1568 -0.3395 0.0450 0.0450 0.0550
v -6.8389 -6.1198 -0.3460 0.0450 0.0450 0.0550
v -6.8278 -6.0811 -0.3520 0.0450 0.0450 0.0550
v -6.8258 -6.0435 -0.3573 0.0450 0.0450 0.0550
v -6.6844 -6.0088 -0.3571 0.0450 0.0450 0.0550
v -6.7069 -5.9469 -0.3644 0.0450 0.0450 0.0550
v -6.7378 -5.8930 -0.3690 0.0450 0.0450 0.0550
v -6.7749 -5.8467 -0.3711 0.0450 0.0450 0.0550
v -6.8171 -5.8070 -0.3712 0.0450 0.0450 0.0550
v -6.8646 -5.7733 -0.3694 0.0450 0.0450 0.0550
v -6.9181 -5.7459 -0.3660 0.0450 0.0450 0.0550
v -6.9781 -5.7265 -0.3608 0.0450 0.0450 0.0550
v -7.0446 -5.7174 -0.3538 0.0450 0.0450 0.0550
v -7.1162 -5.7218 -0.3446 0.0450 0.0450 0.0550
v -7.1901 -5.7428 -0.3332 0.0450 0.0450 0.0550
v -7.2617 -5.7826 -0.3192 0.0450 0.0450 0.0550
v -7.3251 -5.8416 -0.3030 0.0450 0.0450 0.0550
v -7.3743 -5.9183 -0.2858 0.0450 0.0450 0.0550
v -7.4033 -6.0088 -0.2698 0.0450 0.0450 0.0550
v -7.4077 -6.1068 -0.2579 0.0450 0.0450 0.0550
v -7.3854 -6.2049 -0.2521 0.0450 0.0450 0.0550
v -7.3369 -6.2949 -0.2516 0.0450 0.0450 0.0550
v -7.2653 -6.3690 -0.2536 0.0450 0.0450 0.0550
v -7.1765 -6.4209 -0.2561 0.0450 0.0450 0.0550
v -7.0780 -6.4468 -0.2591 0.0450 0.0450 0.0550
v -6.9781 -6.4453 -0.2639 0.0450 0.0450 0.0550
v -6.8846 -6.4182 -0.2724 0.0450 0.0450 0.0550
v -6.8043 -6.3695 -0.2851 0.0450 0.0450 0.0550
v -6.7419 -6.3048 -0.3009 0.0450 0.0450 0.0550
v -6.6997 -6.2308 -0.3176 0.0450 0.0450 0.0550
v -6.6775 -6.1535 -0.3333 0.0450 0.0450 0.0550
v -6.6734 -6.0783 -0.3467 0.0450 0.0450 0.0550
v -6.5376 -6.0088 -0.3424 0.0450 0.0450 0.0550
v -6.5713 -5.9159 -0.3555 0.0450 0.0450 0.0550
v -6.6176 -5.8352 -0.3639 0.0450 0.0450 0.0550
v -6.6733 -5.7657 -0.3674 0.0450 0.0450 0.0550
v -6.7367 -5.7061 -0.3661 0.0450 0.0450 0.0550
v -6.8079 -5.6555 -0.3621 0.0450 0.0450 0.0550
v -6.8881 -5.6145 -0.3549 0.0450 0.0450 0.0550
v -6.9781 -5.5853 -0.3452 0.0450 0.0450 0.0550
v -7.0778 -5.5717 -0.3333 0.0450 0.0450 0.0550
v -7.1853 -5.5784 -0.3189 0.0450 0.0450 0.0550
v -7.2962 -5.6099 -0.3011 0.0450 0.0450 0.0550
v -7.4035 -5.6695 -0.2786 0.0450 0.0450 0.0550
v -7.4987 -5.7580 -0.2504 0.0450 0.0450 0.0550
v -7.5724 -5.8731 -0.2161 0.0450 0.0450 0.0550
v -7.6159 -6.0088 -0.1791 0.0450 0.0450 0.0550
v -7.6226 -6.1559 -0.1496 0.0450 0.0450 0.0550
v -7.5891 -6.3030 -0.1383 0.0450 0.0450 0.0550
v -7.5163 -6.4380 -0.1430 0.0450 0.0450 0.0550
v -7.4090 -6.5491 -0.1519 0.0450 0.0450 0.0550
v -7.2758 -6.6270 -0.1565 0.0450 0.0450 0.0550
v -7.1280 -6.6658 -0.1578 0.0450 0.0450 0.0550
v -6.9781 -6.6636 -0.1637 0.0450 0.0450 0.0550
v -6.8379 -6.6229 -0.1811 0.0450 0.0450 0.0550
v -6.7175 -6.5498 -0.2092 0.0450 0.0450 0.0550
v -6.6239 -6.4529 -0.2418 0.0450 0.0450 0.0550
v -6.5605 -6.3418 -0.2735 0.0450 0.0450 0.0550
v -6.5272 -6.2259 -0.3015 0.0450 0.0450 0.0550
v -6.5211 -6.1130 -0.3245 0.0450 0.0450 0.0550
v -6.3908 -6.0088 -0.3176 0.0450 0.0450 0.0550
v -6.4358 -5.8850 -0.3392 0.0450 0.0450 0.0550
v -6.4975 -5.7773 -0.3524 0.0450 0.0450 0.0550
v -6.5717 -5.6847 -0.3560 0.0450 0.0450 0.0550
v -6.6562 -5.6052 -0.3520 0.0450 0.0450 0.0550
v -6.7512 -5.5378 -0.3450 0.0450 0.0450 0.0550
v -6.8581 -5.4831 -0.3340 0.0450 0.0450 0.0550
v -6.9781 -5.4442 -0.3178 0.0450 0.0450 0.0550
v -7.1111 -5.4260 -0.2986 0.0450 0.0450 0.0550
v -7.2544 -5.4349 -0.2773 0.0450 0.0450 0.0550
v -7.4022 -5.4769 -0.2517 0.0450 0.0450 0.0550
v -7.5453 -5.5564 -0.2178 0.0450 0.0450 0.0550
v -7.6722 -5.6745 -0.1711 0.0450 0.0450 0.0550
v -7.7705 -5.8279 -0.1087 0.0450 0.0450 0.0550
v -7.8285 -6.0088 -0.0378 0.0450 0.0450 0.0550
v -7.8374 -6.2049 0.0150 0.0450 0.0450 0.0550
v -7.7928 -6.4011 0.0272 0.0450 0.0450 0.0550
v -7.6957 -6.5811 0.0091 0.0450 0.0450 0.0550
v -7.5492 -6.7250 -0.0139 0.0450 0.0450 0.0550
v -7.3750 -6.8331 -0.0139 0.0450 0.0450 0.0550
v -7.1780 -6.8848 -0.0053 0.0450 0.0450 0.0550
v -6.9781 -6.8819 -0.0066 0.0450 0.0450 0.0550
v -6.7912 -6.8277 -0.0349 0.0450 0.0450 0.0550
v -6.6306 -6.7302 -0.0878 0.0450 0.0450 0.0550
v -6.5058 -6.6009 -0.1494 0.0450 0.0450 0.0550
v -6.4213 -6.4528 -0.2062 0.0450 0.0450 0.0550
v -6.3769 -6.2983 -0.2527 0.0450 0.0450 0.0550
v -6.3688 -6.1478 -0.2890 0.0450 0.0450 0.0550
v -6.2440 -6.0088 -0.2835 0.0450 0.0450 0.0550
v -6.3002 -5.8540 -0.3155 0.0450 0.0450 0.0550
v -6.3774 -5.7195 -0.3333 0.0450 0.0450 0.0550
v -6.4701 -5.6036 -0.3368 0.0450 0.0450 0.0550
v -6.5757 -5.5043 -0.3296 0.0450 0.0450 0.0550
v -6.6945 -5.4200 -0.3183 0.0450 0.0450 0.0550
v -6.8281 -5.3517 -0.3024 0.0450 0.0450 0.0550
v -6.9781 -5.3030 -0.2782 0.0450 0.0450 0.0550
v -7.1443 -5.2803 -0.2485 0.0450 0.0450 0.0550
v -7.3235 -5.2914 -0.2163 0.0450 0.0450 0.0550
v -7.5082 -5.3439 -0.1780 0.0450 0.0450 0.0550
v -7.6871 -5.4433 -0.1261 0.0450 0.0450 0.0550
v -7.8458 -5.5909 -0.0546 0.0450 0.0450 0.0550
v -7.9686 -5.7827 0.0298 0.0450 0.0450 0.0550
v -7.9739 -5.9975 0.0634 0.0450 0.0450 0.0550
v -7.9191 -6.2057 0.0713 0.0450 0.0450 0.0550
v -7.8278 -6.4006 0.0504 0.0450 0.0450 0.0550
v -7.7027 -6.5760 0.0118 0.0450 0.0450 0.0550
v -7.5481 -6.7260 -0.0139 0.0450 0.0450 0.0550
v -7.3690 -6.8456 -0.0077 0.0450 0.0450 0.0550
v -7.1713 -6.9310 0.0260 0.0450 0.0450 0.0550
v -6.9615 -6.9794 0.0608 0.0450 0.0450 0.0550
v -6.7464 -6.9892 0.0754 0.0450 0.0450 0.0550
v -6.5438 -6.9106 0.0531 0.0450 0.0450 0.0550
v -6.3878 -6.7490 -0.0162 0.0450 0.0450 0.0550
v -6.2821 -6.5638 -0.1025 0.0450 0.0450 0.0550
v -6.2266 -6.3706 -0.1809 0.0450 0.0450 0.0550
v -6.2165 -6.1826 -0.2397 0.0450 0.0450 0.0550
v 13.4522 10.3923 -0.4244 0.0450 0.0450 0.0550
v 13.7390 10.3923 -0.4312 0.0450 0.0450 0.0550
v 13.7170 10.4527 -0.4379 0.0450 0.0450 0.0550
v 13.6869 10.5053 -0.4432 0.0450 0.0450 0.0550
v 13.6507 10.5505 -0.4469 0.0450 0.0450 0.0550
v 13.6094 10.5893 -0.4491 0.0450 0.0450 0.0550
v 13.5630 10.6222 -0.4498 0.0450 0.0450 0.0550
v 13.5108 10.6489 -0.4488 0.0450 0.0450 0.0550
v 13.4522 10.6679 -0.4462 0.0450 0.0450 0.0550
v 13.3873 10.6768 -0.4416 0.0450 0.0450 0.0550
v 13.3173 10.6725 -0.4349 0.0450 0.0450 0.0550
v 13.2451 10.6520 -0.4261 0.0450 0.0450 0.0550
v 13.1752 10.6131 -0.4150 0.0450 0.0450 0.0550
v 13.1133 10.5555 -0.4019 0.0450 0.0450 0.0550
v 13.0653 10.4806 -0.3887 0.0450 0.0450 0.0550
v 13.0370 10.3923 -0.3755 0.0450 0.0450 0.0550
v 13.0326 10.2965 -0.3637 0.0450 0.0450 0.0550
v 13.0544 10.2007 -0.3543 0.0450 0.0450 0.0550
v 13.1018 10.1128 -0.3478 0.0450 0.0450 0.0550
v 13.1717 10.0405 -0.3451 0.0450 0.0450 0.0550
v 13.2584 9.9898 -0.3463 0.0450 0.0450 0.0550
v 13.3546 9.9645 -0.3506 0.0450 0.0450 0.0550
v 13.4522 9.9659 -0.3577 0.0450 0.0450 0.0550
v 13.5435 9.9924 -0.3670 0.0450 0.0450 0.0550
v 13.6219 10.0400 -0.3780 0.0450 0.0450 0.0550
v 13.6828 10.1031 -0.3899 0.0450 0.0450 0.0550
v 13.7241 10.1755 -0.4019 0.0450 0.0450 0.0550
v 13.7458 10.2509 -0.4131 0.0450 0.0450 0.0550
v 13.7497 10.3244 -0.4229 0.0450 0.0450 0.0550
v 14.0257 10.3923 -0.4226 0.0450 0.0450 0.0550
v 13.9818 10.5131 -0.4347 0.0450 0.0450 0.0550
v 13.9215 10.6183 -0.4443 0.0450 0.0450 0.0550
v 13.8491 10.7088 -0.4505 0.0450 0.0450 0.0550
v 13.7665 10.7864 -0.4548 0.0450 0.0450 0.0550
v 13.6737 10.8522 -0.4569 0.0450 0.0450 0.0550
v 13.5694 10.9056 -0.4556 0.0450 0.0450 0.0550
v 13.4522 10.9436 -0.4497 0.0450 0.0450 0.0550
v 13.3223 10.9614 -0.4391 0.0450 0.0450 0.0550
v 13.1823 10.9527 -0.4241 0.0450 0.0450 0.0550
v 13.0380 10.9117 -0.4060 0.0450 0.0450 0.0550
v 12.8983 10.8340 -0.3835 0.0450 0.0450 0.0550
v 12.7743 10.7187 -0.3554 0.0450 0.0450 0.0550
v 12.6784 10.5689 -0.3237 0.0450 0.0450 0.0550
v 12.6217 10.3923 -0.2919 0.0450 0.0450 0.0550
v 12.6130 10.2007 -0.2647 0.0450 0.0450 0.0550
v 12.6566 10.0091 -0.2448 0.0450 0.0450 0.0550
v 12.7514 9.8334 -0.2327 0.0450 0.0450 0.0550
v 12.8912 9.6887 -0.2267 0.0450 0.0450 0.0550
v 13.0646 9.5873 -0.2253 0.0450 0.0450 0.0550
v 13.2570 9.5368 -0.2326 0.0450 0.0450 0.0550
v 13.4522 9.5396 -0.2492 0.0450 0.0450 0.0550
v 13.6348 9.5926 -0.2729 0.0450 0.0450 0.0550
v 13.7915 9.6877 -0.3009 0.0450 0.0450 0.0550
v 13.9134 9.8140 -0.3308 0.0450 0.0450 0.0550
v 13.9960 9.9586 -0.3601 0.0450 0.0450 0.0550
v 14.0393 10.1095 -0.3858 0.0450 0.0450 0.0550
v 14.0472 10.2565 -0.4067 0.0450 0.0450 0.0550
v 14.3125 10.3923 -0.4005 0.0450 0.0450 0.0550
v 14.2466 10.5736 -0.4149 0.0450 0.0450 0.0550
v 14.1562 10.7313 -0.4251 0.0450 0.0450 0.0550
v 14.0475 10.8670 -0.4330 0.0450 0.0450 0.0550
v 13.9237 10.9835 -0.4379 0.0450 0.0450 0.0550
v 13.7845 11.0822 -0.4407 0.0450 0.0450 0.0550
v 13.6280 11.1623 -0.4377 0.0450 0.0450 0.0550
v 13.4522 11.2193 -0.4268 0.0450 0.0450 0.0550
v 13.2574 11.2459 -0.4074 0.0450 0.0450 0.0550
v 13.0474 11.2329 -0.3838 0.0450 0.0450 0.0550
v 12.8309 11.1714 -0.3571 0.0450 0.0450 0.0550
v 12.6213 11.0549 -0.3221 0.0450 0.0450 0.0550
v 12.4354 10.8819 -0.2764 0.0450 0.0450 0.0550
v 12.2915 10.6572 -0.2201 0.0450 0.0450 0.0550
v 12.2065 10.3923 -0.1551 0.0450 0.0450 0.0550
v 12.1934 10.1049 -0.0935 0.0450 0.0450 0.0550
v 12.2587 9.8175 -0.0523 0.0450 0.0450 0.0550
v 12.4010 9.5539 -0.0368 0.0450 0.0450 0.0550
v 12.6106 9.3369 -0.0314 0.0450 0.0450 0.0550
v 12.8707 9.1848 -0.0240 0.0450 0.0450 0.0550
v 13.1593 9.1091 -0.0264 0.0450 0.0450 0.0550
v 13.4522 9.1133 -0.0593 0.0450 0.0450 0.0550
v 13.7260 9.1927 -0.1178 0.0450 0.0450 0.0550
v 13.9612 9.3355 -0.1859 0.0450 0.0450 0.0550
v 14.1440 9.5248 -0.2491 0.0450 0.0450 0.0550
v 14.2678 9.7418 -0.3041 0.0450 0.0450 0.0550
v 14.3328 9.9682 -0.3493 0.0450 0.0450 0.0550
v 14.3447 10.1886 -0.3803 0.0450 0.0450 0.0550
v 14.5992 10.3923 -0.3672 0.0450 0.0450 0.0550
v 14.5114 10.6340 -0.3875 0.0450 0.0450 0.0550
v 14.3908 10.8443 -0.3989 0.0450 0.0450 0.0550
v 14.2460 11.0253 -0.4043 0.0450 0.0450 0.0550
v 14.0808 11.1805 -0.4060 0.0450 0.0450 0.0550
v 13.8952 11.3122 -0.4058 0.0450 0.0450 0.0550
v 13.6866 11.4189 -0.3964 0.0450 0.0450 0.0550
v 13.4522 11.4950 -0.3742 0.0450 0.0450 0.0550
v 13.1924 11.5304 -0.3437 0.0450 0.0450 0.0550
v 12.9125 11.5131 -0.3102 0.0450 0.0450 0.0550
v 12.6238 11.4311 -0.2724 0.0450 0.0450 0.0550
v 12.3443 11.2758 -0.2260 0.0450 0.0450 0.0550
v 12.0964 11.0452 -0.1605 0.0450 0.0450 0.0550
v 11.9045 10.7455 -0.0581 0.0450 0.0450 0.0550
v 11.7912 10.3923 0.0668 0.0450 0.0450 0.0550
v 11.7738 10.0092 0.1720 0.0450 0.0450 0.0550
v 11.8609 9.6259 0.2149 0.0450 0.0450 0.0550
v 12.0506 9.2745 0.2097 0.0450 0.0450 0.0550
v 12.3367 8.9933 0.2014 0.0450 0.0450 0.0550
v 12.6769 8.7823 0.2241 0.0450 0.0450 0.0550
v 13.0617 8.6813 0.2449 0.0450 0.0450 0.0550
v 13.4522 8.6870 0.2130 0.0450 0.0450 0.0550
v 13.8173 8.7928 0.1172 0.0450 0.0450 0.0550
v 14.1308 8.9832 -0.0119 0.0450 0.0450 0.0550
v 14.3746 9.2357 -0.1304 0.0450 0.0450 0.0550
v 14.5397 9.5250 -0.2248 0.0450 0.0450 0.0550
v 14.6264 9.8268 -0.2937 0.0450 0.0450 0.0550
v 14.6421 10.1207 -0.3386 0.0450 0.0450 0.0550
v 14.8860 10.3923 -0.3258 0.0450 0.0450 0.0550
v 14.7762 10.6945 -0.3544 0.0450 0.0450 0.0550
v 14.6254 10.9573 -0.3658 0.0450 0.0450 0.0550
v 14.4444 11.1835 -0.3702 0.0450 0.0450 0.0550
v 14.2380 11.3776 -0.3686 0.0450 0.0450 0.0550
v 14.0060 11.5422 -0.3621 0.0450 0.0450 0.0550
v 13.7451 11.6756 -0.3423 0.0450 0.0450 0.0550
v 13.4522 11.7707 -0.3052 0.0450 0.0450 0.0550
v 13.1275 11.8150 -0.2585 0.0450 0.0450 0.0550
v 12.7775 11.7933 -0.2110 0.0450 0.0450 0.0550
v 12.4167 11.6908 -0.1540 0.0450 0.0450 0.0550
v 12.0673 11.4967 -0.0831 0.0450 0.0450 0.0550
v 11.7575 11.2084 0.0217 0.0450 0.0450 0.0550
v 11.5176 10.8338 0.1691 0.0450 0.0450 0.0550
v 11.5072 10.4143 0.2372 0.0450 0.0450 0.0550
v 11.6142 10.0076 0.2621 0.0450 0.0450 0.0550
v 11.7926 9.6269 0.2473 0.0450 0.0450 0.0550
v 12.0368 9.2844 0.2125 0.0450 0.0450 0.0550
v 12.3389 8.9915 0.2015 0.0450 0.0450 0.0550
v 12.6887 8.7578 0.2336 0.0450 0.0450 0.0550
v 13.0748 8.5910 0.2885 0.0450 0.0450 0.0550
v 13.4845 8.4965 0.3098 0.0450 0.0450 0.0550
v 13.9047 8.4774 0.2888 0.0450 0.0450 0.0550
v 14.3004 8.6309 0.2016 0.0450 0.0450 0.0550
v 14.6052 8.9465 0.0465 0.0450 0.0450 0.0550
v 14.8116 9.3082 -0.0994 0.0450 0.0450 0.0550
v 14.9199 9.6855 -0.2070 0.0450 0.0450 0.0550
v 14.9396 10.0528 -0.2778 0.0450 0.0450 0.0550
v 13.8800 -9.7751 -0.4596 0.0450 0.0450 0.0550
v 14.1439 -9.7751 -0.4810 0.0450 0.0450 0.0550
v 14.1237 -9.7195 -0.4823 0.0450 0.0450 0.0550
v 14.0959 -9.6712 -0.4826 0.0450 0.0450 0.0550
v 14.0626 -9.6295 -0.4819 0.0450 0.0450 0.0550
v 14.0246 -9.5938 -0.4803 0.0450 0.0450 0.0550
v 13.9819 -9.5635 -0.4777 0.0450 0.0450 0.0550
v 13.9339 -9.5390 -0.4741 0.0450 0.0450 0.0550
v 13.8800 -9.5215 -0.4696 0.0450 0.0450 0.0550
v 13.8203 -9.5133 -0.4638 0.0450 0.0450 0.0550
v 13.7559 -9.5173 -0.4565 0.0450 0.0450 0.0550
v 13.6895 -9.5362 -0.4477 0.0450 0.0450 0.0550
v 13.6252 -9.5719 -0.4374 0.0450 0.0450 0.0550
v 13.5682 -9.6249 -0.4261 0.0450 0.0450 0.0550
v 13.5241 -9.6939 -0.4147 0.0450 0.0450 0.0550
v 13.4980 -9.7751 -0.4047 0.0450 0.0450 0.0550
v 13.4940 -9.8632 -0.3975 0.0450 0.0450 0.0550
v 13.5140 -9.9514 -0.3941 0.0450 0.0450 0.0550
v 13.5577 -10.0322 -0.3946 0.0450 0.0450 0.0550
v 13.6220 -10.0988 -0.3986 0.0450 0.0450 0.0550
v 13.7017 -10.1454 -0.4057 0.0450 0.0450 0.0550
v 13.7902 -10.1686 -0.4150 0.0450 0.0450 0.0550
v 13.8800 -10.1673 -0.4259 0.0450 0.0450 0.0550
v 13.9640 -10.1430 -0.4376 0.0450 0.0450 0.0550
v 14.0361 -10.0992 -0.4490 0.0450 0.0450 0.0550
v 14.0922 -10.0411 -0.4594 0.0450 0.0450 0.0550
v 14.1302 -9.9746 -0.4678 0.0450 0.0450 0.0550
v 14.1501 -9.9052 -0.4741 0.0450 0.0450 0.0550
v 14.1537 -9.8376 -0.4783 0.0450 0.0450 0.0550
v 14.4077 -9.7751 -0.4926 0.0450 0.0450 0.0550
v 14.3673 -9.6639 -0.4943 0.0450 0.0450 0.0550
v 14.3118 -9.5672 -0.4949 0.0450 0.0450 0.0550
v 14.2452 -9.4839 -0.4936 0.0450 0.0450 0.0550
v 14.1692 -9.4125 -0.4902 0.0450 0.0450 0.0550
v 14.0838 -9.3519 -0.4852 0.0450 0.0450 0.0550
v 13.9878 -9.3028 -0.4784 0.0450 0.0450 0.0550
v 13.8800 -9.2679 -0.4692 0.0450 0.0450 0.0550
v 13.7605 -9.2516 -0.4575 0.0450 0.0450 0.0550
v 13.6318 -9.2595 -0.4430 0.0450 0.0450 0.0550
v 13.4990 -9.2973 -0.4251 0.0450 0.0450 0.0550
v 13.3704 -9.3687 -0.4032 0.0450 0.0450 0.0550
v 13.2564 -9.4748 -0.3780 0.0450 0.0450 0.0550
v 13.1681 -9.6126 -0.3499 0.0450 0.0450 0.0550
v 13.1160 -9.7751 -0.3224 0.0450 0.0450 0.0550
v 13.1080 -9.9513 -0.3000 0.0450 0.0450 0.0550
v 13.1480 -10.1276 -0.2859 0.0450 0.0450 0.0550
v 13.2353 -10.2893 -0.2845 0.0450 0.0450 0.0550
v 13.3639 -10.4224 -0.2945 0.0450 0.0450 0.0550
v 13.5234 -10.5157 -0.3112 0.0450 0.0450 0.0550
v 13.7004 -10.5621 -0.3328 0.0450 0.0450 0.0550
v 13.8800 -10.5595 -0.3590 0.0450 0.0450 0.0550
v 14.0480 -10.5108 -0.3872 0.0450 0.0450 0.0550
v 14.1922 -10.4233 -0.4147 0.0450 0.0450 0.0550
v 14.3043 -10.3071 -0.4393 0.0450 0.0450 0.0550
v 14.3803 -10.1740 -0.4598 0.0450 0.0450 0.0550
v 14.4201 -10.0352 -0.4765 0.0450 0.0450 0.0550
v 14.4274 -9.9000 -0.4871 0.0450 0.0450 0.0550
v 14.6715 -9.7751 -0.4890 0.0450 0.0450 0.0550
v 14.6109 -9.6083 -0.4965 0.0450 0.0450 0.0550
v 14.5277 -9.4632 -0.4978 0.0450 0.0450 0.0550
v 14.4277 -9.3384 -0.4953 0.0450 0.0450 0.0550
v 14.3138 -9.2312 -0.4894 0.0450 0.0450 0.0550
v 14.1857 -9.1404 -0.4802 0.0450 0.0450 0.0550
v 14.0417 -9.0667 -0.4655 0.0450 0.0450 0.0550
v 13.8800 -9.0142 -0.4474 0.0450 0.0450 0.0550
v 13.7008 -8.9898 -0.4273 0.0450 0.0450 0.0550
v 13.5076 -9.0017 -0.4049 0.0450 0.0450 0.0550
v 13.3084 -9.0583 -0.3793 0.0450 0.0450 0.0550
v 13.1156 -9.1655 -0.3485 0.0450 0.0450 0.0550
v 12.9446 -9.3246 -0.3114 0.0450 0.0450 0.0550
v 12.8121 -9.5314 -0.2657 0.0450 0.0450 0.0550
v 12.7340 -9.7751 -0.2110 0.0450 0.0450 0.0550
v 12.7219 -10.0394 -0.1535 0.0450 0.0450 0.0550
v 12.7820 -10.3039 -0.1107 0.0450 0.0450 0.0550
v 12.9129 -10.5464 -0.0969 0.0450 0.0450 0.0550
v 13.1058 -10.7460 -0.1080 0.0450 0.0450 0.0550
v 13.3451 -10.8860 -0.1310 0.0450 0.0450 0.0550
v 13.6106 -10.9557 -0.1677 0.0450 0.0450 0.0550
v 13.8800 -10.9518 -0.2240 0.0450 0.0450 0.0550
v 14.1319 -10.8787 -0.2901 0.0450 0.0450 0.0550
v 14.3483 -10.7474 -0.3466 0.0450 0.0450 0.0550
v 14.5165 -10.5732 -0.3916 0.0450 0.0450 0.0550
v 14.6304 -10.3735 -0.4279 0.0450 0.0450 0.0550
v 14.6902 -10.1653 -0.4559 0.0450 0.0450 0.0550
v 14.7011 -9.9625 -0.4760 0.0450 0.0450 0.0550
v 14.9353 -9.7751 -0.4637 0.0450 0.0450 0.0550
v 14.8545 -9.5527 -0.4813 0.0450 0.0450 0.0550
v 14.7435 -9.3593 -0.4916 0.0450 0.0450 0.0550
v 14.6103 -9.1928 -0.4900 0.0450 0.0450 0.0550
v 14.4584 -9.0499 -0.4771 0.0450 0.0450 0.0550
v 14.2876 -8.9288 -0.4601 0.0450 0.0450 0.0550
v 14.0956 -8.8306 -0.4376 0.0450 0.0450 0.0550
v 13.8800 -8.7606 -0.4078 0.0450 0.0450 0.0550
v 13.6410 -8.7280 -0.3751 0.0450 0.0450 0.0550
v 13.3835 -8.7439 -0.3416 0.0450 0.0450 0.0550
v 13.1179 -8.8194 -0.3057 0.0450 0.0450 0.0550
v 12.8608 -8.9623 -0.2653 0.0450 0.0450 0.0550
v 12.6327 -9.1744 -0.2096 0.0450 0.0450 0.0550
v 12.4562 -9.4501 -0.1323 0.0450 0.0450 0.0550
v 12.3519 -9.7751 -0.0344 0.0450 0.0450 0.0550
v 12.3359 -10.1276 0.0577 0.0450 0.0450 0.0550
v 12.4160 -10.4802 0.1038 0.0450 0.0450 0.0550
v 12.5905 -10.8035 0.0993 0.0450 0.0450 0.0550
v 12.8537 -11.0622 0.0751 0.0450 0.0450 0.0550
v 13.1667 -11.2563 0.0693 0.0450 0.0450 0.0550
v 13.5208 -11.3492 0.0483 0.0450 0.0450 0.0550
v 13.8800 -11.3440 -0.0264 0.0450 0.0450 0.0550
v 14.2159 -11.2466 -0.1430 0.0450 0.0450 0.0550
v 14.5043 -11.0715 -0.2518 0.0450 0.0450 0.0550
v 14.7286 -10.8392 -0.3247 0.0450 0.0450 0.0550
v 14.8805 -10.5730 -0.3719 0.0450 0.0450 0.0550
v 14.9603 -10.2953 -0.4113 0.0450 0.0450 0.0550
v 14.9748 -10.0250 -0.4413 0.0450 0.0450 0.0550
v 15.1991 -9.7751 -0.4179 0.0450 0.0450 0.0550
v 15.0981 -9.4971 -0.4482 0.0450 0.0450 0.0550
v 14.9594 -9.2553 -0.4703 0.0450 0.0450 0.0550
v 14.7928 -9.0472 -0.4701 0.0450 0.0450 0.0550
v 14.6030 -8.8686 -0.4521 0.0450 0.0450 0.0550
v 14.3895 -8.7172 -0.4269 0.0450 0.0450 0.0550
v 14.1495 -8.5944 -0.3956 0.0450 0.0450 0.0550
v 13.8800 -8.5070 -0.3515 0.0450 0.0450 0.0550
v 13.5813 -8.4662 -0.3010 0.0450 0.0450 0.0550
v 13.2593 -8.4861 -0.2510 0.0450 0.0450 0.0550
v 12.9274 -8.5805 -0.2010 0.0450 0.0450 0.0550
v 12.6060 -8.7591 -0.1382 0.0450 0.0450 0.0550
v 12.3209 -9.0243 -0.0507 0.0450 0.0450 0.0550
v 12.1002 -9.3689 0.0568 0.0450 0.0450 0.0550
v 12.0906 -9.7548 0.0981 0.0450 0.0450 0.0550
v 12.1890 -10.1290 0.1196 0.0450 0.0450 0.0550
v 12.3532 -10.4792 0.1218 0.0450 0.0450 0.0550
v 12.5779 -10.7943 0.1011 0.0450 0.0450 0.0550
v 12.8558 -11.0638 0.0750 0.0450 0.0450 0.0550
v 13.1776 -11.2789 0.0718 0.0450 0.0450 0.0550
v 13.5329 -11.4323 0.0668 0.0450 0.0450 0.0550
v 13.9098 -11.5192 0.0213 0.0450 0.0450 0.0550
v 14.2964 -11.5368 -0.0575 0.0450 0.0450 0.0550
v 14.6604 -11.3955 -0.1530 0.0450 0.0450 0.0550
v 14.9407 -11.1052 -0.2411 0.0450 0.0450 0.0550
v 15.1306 -10.7724 -0.2989 0.0450 0.0450 0.0550
v 15.2303 -10.4254 -0.3448 0.0450 0.0450 0.0550
v 15.2484 -10.0874 -0.3844 0.0450 0.0450 0.0550
v -8.3816 -13.8491 -0.0893 0.0450 0.0450 0.0550
v -8.3446 -13.8491 -0.0902 0.0450 0.0450 0.0550
v -8.3475 -13.8413 -0.0905 0.0450 0.0450 0.0550
v -8.3514 -13.8345 -0.0906 0.0450 0.0450 0.0550
v -8.3560 -13.8287 -0.0907 0.0450 0.0450 0.0550
v -8.3613 -13.8237 -0.0906 0.0450 0.0450 0.0550
v -8.3673 -13.8195 -0.0904 0.0450 0.0450 0.0550
v -8.3740 -13.8160 -0.0901 0.0450 0.0450 0.0550
v -8.3816 -13.8136 -0.0897 0.0450 0.0450 0.0550
v -8.3900 -13.8124 -0.0892 0.0450 0.0450 0.0550
v -8.3990 -13.8130 -0.0885 0.0450 0.0450 0.0550
v -8.4083 -13.8156 -0.0878 0.0450 0.0450 0.0550
v -8.4173 -13.8206 -0.0868 0.0450 0.0450 0.0550
v -8.4253 -13.8281 -0.0857 0.0450 0.0450 0.0550
v -8.4314 -13.8377 -0.0846 0.0450 0.0450 0.0550
v -8.4351 -13.8491 -0.0835 0.0450 0.0450 0.0550
v -8.4356 -13.8614 -0.0827 0.0450 0.0450 0.0550
v -8.4328 -13.8738 -0.0821 0.0450 0.0450 0.0550
v -8.4267 -13.8851 -0.0819 0.0450 0.0450 0.0550
v -8.4177 -13.8944 -0.0820 0.0450 0.0450 0.0550
v -8.4066 -13.9009 -0.0825 0.0450 0.0450 0.0550
v -8.3942 -13.9042 -0.0831 0.0450 0.0450 0.0550
v -8.3816 -13.9040 -0.0840 0.0450 0.0450 0.0550
v -8.3698 -13.9006 -0.0850 0.0450 0.0450 0.0550
v -8.3597 -13.8945 -0.0861 0.0450 0.0450 0.0550
v -8.3519 -13.8863 -0.0872 0.0450 0.0450 0.0550
v -8.3466 -13.8770 -0.0882 0.0450 0.0450 0.0550
v -8.3438 -13.8673 -0.0890 0.0450 0.0450 0.0550
v -8.3433 -13.8578 -0.0897 0.0450 0.0450 0.0550
v -8.3077 -13.8491 -0.0888 0.0450 0.0450 0.0550
v -8.3134 -13.8335 -0.0894 0.0450 0.0450 0.0550
v -8.3211 -13.8200 -0.0898 0.0450 0.0450 0.0550
v -8.3305 -13.8083 -0.0899 0.0450 0.0450 0.0550
v -8.3411 -13.7983 -0.0897 0.0450 0.0450 0.0550
v -8.3530 -13.7898 -0.0893 0.0450 0.0450 0.0550
v -8.3665 -13.7829 -0.0887 0.0450 0.0450 0.0550
v -8.3816 -13.7781 -0.0878 0.0450 0.0450 0.0550
v -8.3983 -13.7758 -0.0868 0.0450 0.0450 0.0550
v -8.4164 -13.7769 -0.0856 0.0450 0.0450 0.0550
v -8.4350 -13.7822 -0.0840 0.0450 0.0450 0.0550
v -8.4530 -13.7922 -0.0820 0.0450 0.0450 0.0550
v -8.4689 -13.8070 -0.0794 0.0450 0.0450 0.0550
v -8.4813 -13.8263 -0.0763 0.0450 0.0450 0.0550
v -8.4886 -13.8491 -0.0730 0.0450 0.0450 0.0550
v -8.4897 -13.8738 -0.0699 0.0450 0.0450 0.0550
v -8.4841 -13.8985 -0.0679 0.0450 0.0450 0.0550
v -8.4719 -13.9211 -0.0672 0.0450 0.0450 0.0550
v -8.4539 -13.9397 -0.0674 0.0450 0.0450 0.0550
v -8.4315 -13.9528 -0.0682 0.0450 0.0450 0.0550
v -8.4067 -13.9593 -0.0696 0.0450 0.0450 0.0550
v -8.3816 -13.9589 -0.0718 0.0450 0.0450 0.0550
v -8.3581 -13.9521 -0.0748 0.0450 0.0450 0.0550
v -8.3379 -13.9399 -0.0781 0.0450 0.0450 0.0550
v -8.3222 -13.9236 -0.0812 0.0450 0.0450 0.0550
v -8.3115 -13.9050 -0.0840 0.0450 0.0450 0.0550
v -8.3059 -13.8855 -0.0861 0.0450 0.0450 0.0550
v -8.3049 -13.8666 -0.0877 0.0450 0.0450 0.0550
v -8.2707 -13.8491 -0.0846 0.0450 0.0450 0.0550
v -8.2792 -13.8257 -0.0858 0.0450 0.0450 0.0550
v -8.2909 -13.8054 -0.0867 0.0450 0.0450 0.0550
v -8.3049 -13.7879 -0.0871 0.0450 0.0450 0.0550
v -8.3208 -13.7729 -0.0866 0.0450 0.0450 0.0550
v -8.3388 -13.7602 -0.0857 0.0450 0.0450 0.0550
v -8.3589 -13.7499 -0.0844 0.0450 0.0450 0.0550
v -8.3816 -13.7425 -0.0828 0.0450 0.0450 0.0550
v -8.4067 -13.7391 -0.0811 0.0450 0.0450 0.0550
v -8.4337 -13.7408 -0.0792 0.0450 0.0450 0.0550
v -8.4616 -13.7487 -0.0770 0.0450 0.0450 0.0550
v -8.4886 -13.7637 -0.0740 0.0450 0.0450 0.0550
v -8.5126 -13.7860 -0.0697 0.0450 0.0450 0.0550
v -8.5311 -13.8150 -0.0637 0.0450 0.0450 0.0550
v -8.5421 -13.8491 -0.0556 0.0450 0.0450 0.0550
v -8.5438 -13.8861 -0.0474 0.0450 0.0450 0.0550
v -8.5354 -13.9231 -0.0420 0.0450 0.0450 0.0550
v -8.5170 -13.9571 -0.0406 0.0450 0.0450 0.0550
v -8.4900 -13.9851 -0.0410 0.0450 0.0450 0.0550
v -8.4565 -14.0047 -0.0415 0.0450 0.0450 0.0550
v -8.4193 -14.0144 -0.0433 0.0450 0.0450 0.0550
v -8.3816 -14.0139 -0.0482 0.0450 0.0450 0.0550
v -8.3463 -14.0036 -0.0562 0.0450 0.0450 0.0550
v -8.3160 -13.9853 -0.0646 0.0450 0.0450 0.0550
v -8.2925 -13.9609 -0.0716 0.0450 0.0450 0.0550
v -8.2765 -13.9329 -0.0767 0.0450 0.0450 0.0550
v -8.2681 -13.9037 -0.0803 0.0450 0.0450 0.0550
v -8.2666 -13.8753 -0.0828 0.0450 0.0450 0.0550
v -8.2338 -13.8491 -0.0777 0.0450 0.0450 0.0550
v -8.2451 -13.8179 -0.0802 0.0450 0.0450 0.0550
v -8.2607 -13.7909 -0.0820 0.0450 0.0450 0.0550
v -8.2793 -13.7675 -0.0824 0.0450 0.0450 0.0550
v -8.3006 -13.7475 -0.0815 0.0450 0.0450 0.0550
v -8.3245 -13.7306 -0.0800 0.0450 0.0450 0.0550
v -8.3514 -13.7168 -0.0778 0.0450 0.0450 0.0550
v -8.3816 -13.7070 -0.0749 0.0450 0.0450 0.0550
v -8.4151 -13.7024 -0.0721 0.0450 0.0450 0.0550
v -8.4511 -13.7047 -0.0694 0.0450 0.0450 0.0550
v -8.4883 -13.7152 -0.0664 0.0450 0.0450 0.0550
v -8.5243 -13.7353 -0.0621 0.0450 0.0450 0.0550
v -8.5563 -13.7650 -0.0550 0.0450 0.0450 0.0550
v -8.5810 -13.8036 -0.0437 0.0450 0.0450 0.0550
v -8.5956 -13.8491 -0.0282 0.0450 0.0450 0.0550
v -8.5978 -13.8984 -0.0140 0.0450 0.0450 0.0550
v -8.5866 -13.9478 -0.0083 0.0450 0.0450 0.0550
v -8.5622 -13.9931 -0.0095 0.0450 0.0450 0.0550
v -8.5253 -14.0293 -0.0112 0.0450 0.0450 0.0550
v -8.4815 -14.0565 -0.0090 0.0450 0.0450 0.0550
v -8.4319 -14.0695 -0.0075 0.0450 0.0450 0.0550
v -8.3816 -14.0688 -0.0124 0.0450 0.0450 0.0550
v -8.3346 -14.0552 -0.0259 0.0450 0.0450 0.0550
v -8.2942 -14.0306 -0.0426 0.0450 0.0450 0.0550
v -8.2627 -13.9981 -0.0561 0.0450 0.0450 0.0550
v -8.2415 -13.9608 -0.0653 0.0450 0.0450 0.0550
v -8.2303 -13.9219 -0.0711 0.0450 0.0450 0.0550
v -8.2283 -13.8841 -0.0749 0.0450 0.0450 0.0550
v -8.1969 -13.8491 -0.0686 0.0450 0.0450 0.0550
v -8.2110 -13.8102 -0.0728 0.0450 0.0450 0.0550
v -8.2304 -13.7763 -0.0755 0.0450 0.0450 0.0550
v -8.2538 -13.7471 -0.0759 0.0450 0.0450 0.0550
v -8.2803 -13.7221 -0.0742 0.0450 0.0450 0.0550
v -8.3102 -13.7009 -0.0719 0.0450 0.0450 0.0550
v -8.3438 -13.6837 -0.0688 0.0450 0.0450 0.0550
v -8.3816 -13.6715 -0.0645 0.0450 0.0450 0.0550
v -8.4234 -13.6658 -0.0600 0.0450 0.0450 0.0550
v -8.4685 -13.6686 -0.0559 0.0450 0.0450 0.0550
v -8.5150 -13.6818 -0.0512 0.0450 0.0450 0.0550
v -8.5600 -13.7068 -0.0441 0.0450 0.0450 0.0550
v -8.5999 -13.7439 -0.0324 0.0450 0.0450 0.0550
v -8.6308 -13.7922 -0.0158 0.0450 0.0450 0.0550
v -8.6322 -13.8462 -0.0078 0.0450 0.0450 0.0550
v -8.6184 -13.8986 -0.0039 0.0450 0.0450 0.0550
v -8.5954 -13.9477 -0.0049 0.0450 0.0450 0.0550
v -8.5639 -13.9918 -0.0092 0.0450 0.0450 0.0550
v -8.5250 -14.0296 -0.0112 0.0450 0.0450 0.0550
v -8.4800 -14.0597 -0.0080 0.0450 0.0450 0.0550
v -8.4302 -14.0812 -0.0025 0.0450 0.0450 0.0550
v -8.3774 -14.0933 -0.0004 0.0450 0.0450 0.0550
v -8.3233 -14.0958 -0.0036 0.0450 0.0450 0.0550
v -8.2723 -14.0760 -0.0147 0.0450 0.0450 0.0550
v -8.2330 -14.0354 -0.0327 0.0450 0.0450 0.0550
v -8.2064 -13.9888 -0.0475 0.0450 0.0450 0.0550
v -8.1925 -13.9402 -0.0573 0.0450 0.0450 0.0550
v -8.1899 -13.8928 -0.0637 0.0450 0.0450 0.0550
v 11.4905 -6.8195 -0.0420 0.0450 0.0450 0.0550
v 11.5354 -6.8195 -0.0452 0.0450 0.0450 0.0550
v 11.5320 -6.8100 -0.0463 0.0450 0.0450 0.0550
v 11.5273 -6.8017 -0.0470 0.0450 0.0450 0.0550
v 11.5216 -6.7946 -0.0473 0.0450 0.0450 0.0550
v 11.5151 -6.7885 -0.0473 0.0450 0.0450 0.0550
v 11.5078 -6.7834 -0.0469 0.0450 0.0450 0.0550
v 11.4997 -6.7792 -0.0461 0.0450 0.0450 0.0550
v 11.4905 -6.7762 -0.0450 0.0450 0.0450 0.0550
v 11.4803 -6.7748 -0.0435 0.0450 0.0450 0.0550
v 11.4693 -6.7755 -0.0416 0.0450 0.0450 0.0550
v 11.4580 -6.7787 -0.0393 0.0450 0.0450 0.0550
v 11.4470 -6.7848 -0.0368 0.0450 0.0450 0.0550
v 11.4373 -6.7939 -0.0342 0.0450 0.0450 0.0550
v 11.4298 -6.8056 -0.0318 0.0450 0.0450 0.0550
v 11.4254 -6.8195 -0.0298 0.0450 0.0450 0.0550
v 11.4247 -6.8345 -0.0284 0.0450 0.0450 0.0550
v 11.4281 -6.8495 -0.0276 0.0450 0.0450 0.0550
v 11.4355 -6.8633 -0.0274 0.0450 0.0450 0.0550
v 11.4465 -6.8746 -0.0276 0.0450 0.0450 0.0550
v 11.4601 -6.8826 -0.0282 0.0450 0.0450 0.0550
v 11.4752 -6.8865 -0.0292 0.0450 0.0450 0.0550
v 11.4905 -6.8863 -0.0305 0.0450 0.0450 0.0550
v 11.5048 -6.8822 -0.0323 0.0450 0.0450 0.0550
v 11.5171 -6.8747 -0.0345 0.0450 0.0450 0.0550
v 11.5266 -6.8648 -0.0369 0.0450 0.0450 0.0550
v 11.5331 -6.8535 -0.0394 0.0450 0.0450 0.0550
v 11.5365 -6.8416 -0.0417 0.0450 0.0450 0.0550
v 11.5371 -6.8301 -0.0436 0.0450 0.0450 0.0550
v 11.5804 -6.8195 -0.0452 0.0450 0.0450 0.0550
v 11.5735 -6.8005 -0.0480 0.0450 0.0450 0.0550
v 11.5641 -6.7840 -0.0497 0.0450 0.0450 0.0550
v 11.5527 -6.7698 -0.0505 0.0450 0.0450 0.0550
v 11.5398 -6.7576 -0.0505 0.0450 0.0450 0.0550
v 11.5252 -6.7473 -0.0497 0.0450 0.0450 0.0550
v 11.5088 -6.7389 -0.0481 0.0450 0.0450 0.0550
v 11.4905 -6.7330 -0.0456 0.0450 0.0450 0.0550
v 11.4701 -6.7302 -0.0421 0.0450 0.0450 0.0550
v 11.4481 -6.7316 -0.0376 0.0450 0.0450 0.0550
v 11.4255 -6.7380 -0.0321 0.0450 0.0450 0.0550
v 11.4036 -6.7502 -0.0260 0.0450 0.0450 0.0550
v 11.3842 -6.7683 -0.0197 0.0450 0.0450 0.0550
v 11.3691 -6.7918 -0.0138 0.0450 0.0450 0.0550
v 11.3602 -6.8195 -0.0092 0.0450 0.0450 0.0550
v 11.3589 -6.8495 -0.0065 0.0450 0.0450 0.0550
v 11.3657 -6.8795 -0.0056 0.0450 0.0450 0.0550
v 11.3806 -6.9071 -0.0059 0.0450 0.0450 0.0550
v 11.4025 -6.9298 -0.0067 0.0450 0.0450 0.0550
v 11.4297 -6.9457 -0.0076 0.0450 0.0450 0.0550
v 11.4599 -6.9536 -0.0087 0.0450 0.0450 0.0550
v 11.4905 -6.9532 -0.0106 0.0450 0.0450 0.0550
v 11.5191 -6.9449 -0.0137 0.0450 0.0450 0.0550
v 11.5437 -6.9299 -0.0183 0.0450 0.0450 0.0550
v 11.5628 -6.9101 -0.0241 0.0450 0.0450 0.0550
v 11.5757 -6.8875 -0.0303 0.0450 0.0450 0.0550
v 11.5825 -6.8638 -0.0362 0.0450 0.0450 0.0550
v 11.5838 -6.8407 -0.0412 0.0450 0.0450 0.0550
v 11.6254 -6.8195 -0.0418 0.0450 0.0450 0.0550
v 11.6151 -6.7910 -0.0468 0.0450 0.0450 0.0550
v 11.6009 -6.7663 -0.0501 0.0450 0.0450 0.0550
v 11.5838 -6.7450 -0.0517 0.0450 0.0450 0.0550
v 11.5644 -6.7267 -0.0515 0.0450 0.0450 0.0550
v 11.5426 -6.7112 -0.0503 0.0450 0.0450 0.0550
v 11.5180 -6.6987 -0.0475 0.0450 0.0450 0.0550
v 11.4905 -6.6898 -0.0430 0.0450 0.0450 0.0550
v 11.4599 -6.6856 -0.0368 0.0450 0.0450 0.0550
v 11.4270 -6.6876 -0.0292 0.0450 0.0450 0.0550
v 11.3930 -6.6973 -0.0202 0.0450 0.0450 0.0550
v 11.3602 -6.7155 -0.0098 0.0450 0.0450 0.0550
v 11.3310 -6.7427 0.0014 0.0450 0.0450 0.0550
v 11.3084 -6.7779 0.0128 0.0450 0.0450 0.0550
v 11.2951 -6.8195 0.0226 0.0450 0.0450 0.0550
v 11.2931 -6.8645 0.0282 0.0450 0.0450 0.0550
v 11.3033 -6.9096 0.0286 0.0450 0.0450 0.0550
v 11.3256 -6.9509 0.0260 0.0450 0.0450 0.0550
v 11.3585 -6.9850 0.0235 0.0450 0.0450 0.0550
v 11.3993 -7.0088 0.0224 0.0450 0.0450 0.0550
v 11.4445 -7.0207 0.0221 0.0450 0.0450 0.0550
v 11.4905 -7.0200 0.0206 0.0450 0.0450 0.0550
v 11.5334 -7.0076 0.0158 0.0450 0.0450 0.0550
v 11.5703 -6.9852 0.0073 0.0450 0.0450 0.0550
v 11.5990 -6.9555 -0.0038 0.0450 0.0450 0.0550
v 11.6184 -6.9215 -0.0154 0.0450 0.0450 0.0550
v 11.6286 -6.8860 -0.0261 0.0450 0.0450 0.0550
v 11.6304 -6.8514 -0.0350 0.0450 0.0450 0.0550
v 11.6704 -6.8195 -0.0350 0.0450 0.0450 0.0550
v 11.6566 -6.7815 -0.0431 0.0450 0.0450 0.0550
v 11.6377 -6.7486 -0.0484 0.0450 0.0450 0.0550
v 11.6150 -6.7202 -0.0504 0.0450 0.0450 0.0550
v 11.5891 -6.6958 -0.0500 0.0450 0.0450 0.0550
v 11.5599 -6.6752 -0.0484 0.0450 0.0450 0.0550
v 11.5272 -6.6584 -0.0446 0.0450 0.0450 0.0550
v 11.4905 -6.6465 -0.0378 0.0450 0.0450 0.0550
v 11.4497 -6.6410 -0.0282 0.0450 0.0450 0.0550
v 11.4058 -6.6437 -0.0164 0.0450 0.0450 0.0550
v 11.3606 -6.6565 -0.0024 0.0450 0.0450 0.0550
v 11.3167 -6.6809 0.0140 0.0450 0.0450 0.0550
v 11.2779 -6.7171 0.0325 0.0450 0.0450 0.0550
v 11.2478 -6.7641 0.0518 0.0450 0.0450 0.0550
v 11.2300 -6.8195 0.0690 0.0450 0.0450 0.0550
v 11.2273 -6.8795 0.0788 0.0450 0.0450 0.0550
v 11.2409 -6.9396 0.0783 0.0450 0.0450 0.0550
v 11.2707 -6.9947 0.0713 0.0450 0.0450 0.0550
v 11.3155 -7.0388 0.0643 0.0450 0.0450 0.0550
v 11.3689 -7.0719 0.0645 0.0450 0.0450 0.0550
v 11.4292 -7.0878 0.0668 0.0450 0.0450 0.0550
v 11.4905 -7.0869 0.0671 0.0450 0.0450 0.0550
v 11.5477 -7.0703 0.0607 0.0450 0.0450 0.0550
v 11.5969 -7.0404 0.0468 0.0450 0.0450 0.0550
v 11.6351 -7.0008 0.0278 0.0450 0.0450 0.0550
v 11.6610 -6.9555 0.0076 0.0450 0.0450 0.0550
v 11.6746 -6.9081 -0.0101 0.0450 0.0450 0.0550
v 11.6771 -6.8620 -0.0242 0.0450 0.0450 0.0550
v 11.7153 -6.8195 -0.0248 0.0450 0.0450 0.0550
v 11.6981 -6.7721 -0.0369 0.0450 0.0450 0.0550
v 11.6745 -6.7308 -0.0442 0.0450 0.0450 0.0550
v 11.6461 -6.6954 -0.0467 0.0450 0.0450 0.0550
v 11.6137 -6.6649 -0.0460 0.0450 0.0450 0.0550
v 11.5773 -6.6391 -0.0440 0.0450 0.0450 0.0550
v 11.5364 -6.6182 -0.0392 0.0450 0.0450 0.0550
v 11.4905 -6.6033 -0.0300 0.0450 0.0450 0.0550
v 11.4395 -6.5963 -0.0163 0.0450 0.0450 0.0550
v 11.3847 -6.5997 0.0016 0.0450 0.0450 0.0550
v 11.3281 -6.6158 0.0235 0.0450 0.0450 0.0550
v 11.2733 -6.6463 0.0488 0.0450 0.0450 0.0550
v 11.2247 -6.6915 0.0734 0.0450 0.0450 0.0550
v 11.1871 -6.7502 0.0928 0.0450 0.0450 0.0550
v 11.1854 -6.8160 0.0978 0.0450 0.0450 0.0550
v 11.2022 -6.8798 0.0961 0.0450 0.0450 0.0550
v 11.2302 -6.9395 0.0859 0.0450 0.0450 0.0550
v 11.2685 -6.9932 0.0722 0.0450 0.0450 0.0550
v 11.3159 -7.0391 0.0643 0.0450 0.0450 0.0550
v 11.3707 -7.0758 0.0664 0.0450 0.0450 0.0550
v 11.4313 -7.1019 0.0768 0.0450 0.0450 0.0550
v 11.4955 -7.1168 0.0894 0.0450 0.0450 0.0550
v 11.5614 -7.1198 0.0982 0.0450 0.0450 0.0550
v 11.6235 -7.0957 0.0940 0.0450 0.0450 0.0550
v 11.6713 -7.0462 0.0726 0.0450 0.0450 0.0550
v 11.7037 -6.9895 0.0429 0.0450 0.0450 0.0550
v 11.7206 -6.9303 0.0139 0.0450 0.0450 0.0550
v 11.7237 -6.8727 -0.0084 0.0450 0.0450 0.0550
v -4.5331 16.3071 -0.0410 0.0450 0.0450 0.0550
v -4.4643 16.3071 -0.0432 0.0450 0.0450 0.0550
v -4.4696 16.3216 -0.0438 0.0450 0.0450 0.0550
v -4.4768 16.3342 -0.0441 0.0450 0.0450 0.0550
v -4.4855 16.3451 -0.0441 0.0450 0.0450 0.0550
v -4.4954 16.3544 -0.0438 0.0450 0.0450 0.0550
v -4.5066 16.3623 -0.0432 0.0450 0.0450 0.0550
v -4.5191 16.3687 -0.0422 0.0450 0.0450 0.0550
v -4.5331 16.3733 -0.0410 0.0450 0.0450 0.0550
v -4.5487 16.3754 -0.0394 0.0450 0.0450 0.0550
v -4.5655 16.3744 -0.0375 0.0450 0.0450 0.0550
v -4.5829 16.3695 -0.0353 0.0450 0.0450 0.0550
v -4.5996 16.3601 -0.0330 0.0450 0.0450 0.0550
v -4.6145 16.3463 -0.0308 0.0450 0.0450 0.0550
v -4.6260 16.3283 -0.0289 0.0450 0.0450 0.0550
v -4.6328 16.3071 -0.0275 0.0450 0.0450 0.0550
v -4.6339 16.2841 -0.0269 0.0450 0.0450 0.0550
v -4.6287 16.2611 -0.0269 0.0450 0.0450 0.0550
v -4.6173 16.2400 -0.0275 0.0450 0.0450 0.0550
v -4.6005 16.2226 -0.0285 0.0450 0.0450 0.0550
v -4.5797 16.2105 -0.0297 0.0450 0.0450 0.0550
v -4.5566 16.2044 -0.0310 0.0450 0.0450 0.0550
v -4.5331 16.2047 -0.0325 0.0450 0.0450 0.0550
v -4.5112 16.2111 -0.0341 0.0450 0.0450 0.0550
v -4.4924 16.2225 -0.0359 0.0450 0.0450 0.0550
v -4.4778 16.2377 -0.0377 0.0450 0.0450 0.0550
v -4.4679 16.2550 -0.0394 0.0450 0.0450 0.0550
v -4.4627 16.2732 -0.0410 0.0450 0.0450 0.0550
v -4.4617 16.2908 -0.0423 0.0450 0.0450 0.0550
v -4.3954 16.3071 -0.0415 0.0450 0.0450 0.0550
v -4.4060 16.3361 -0.0430 0.0450 0.0450 0.0550
v -4.4205 16.3614 -0.0438 0.0450 0.0450 0.0550
v -4.4379 16.3831 -0.0439 0.0450 0.0450 0.0550
v -4.4577 16.4017 -0.0434 0.0450 0.0450 0.0550
v -4.4800 16.4175 -0.0422 0.0450 0.0450 0.0550
v -4.5050 16.4303 -0.0403 0.0450 0.0450 0.0550
v -4.5331 16.4395 -0.0375 0.0450 0.0450 0.0550
v -4.5643 16.4437 -0.0339 0.0450 0.0450 0.0550
v -4.5979 16.4417 -0.0294 0.0450 0.0450 0.0550
v -4.6326 16.4318 -0.0240 0.0450 0.0450 0.0550
v -4.6661 16.4132 -0.0180 0.0450 0.0450 0.0550
v -4.6959 16.3855 -0.0118 0.0450 0.0450 0.0550
v -4.7189 16.3495 -0.0061 0.0450 0.0450 0.0550
v -4.7325 16.3071 -0.0019 0.0450 0.0450 0.0550
v -4.7346 16.2611 0.0000 0.0450 0.0450 0.0550
v -4.7242 16.2151 -0.0005 0.0450 0.0450 0.0550
v -4.7014 16.1729 -0.0027 0.0450 0.0450 0.0550
v -4.6679 16.1382 -0.0055 0.0450 0.0450 0.0550
v -4.6262 16.1138 -0.0082 0.0450 0.0450 0.0550
v -4.5800 16.1017 -0.0108 0.0450 0.0450 0.0550
v -4.5331 16.1024 -0.0136 0.0450 0.0450 0.0550
v -4.4893 16.1151 -0.0172 0.0450 0.0450 0.0550
v -4.4517 16.1379 -0.0216 0.0450 0.0450 0.0550
v -4.4224 16.1683 -0.0266 0.0450 0.0450 0.0550
v -4.4026 16.2030 -0.0315 0.0450 0.0450 0.0550
v -4.3922 16.2392 -0.0357 0.0450 0.0450 0.0550
v -4.3903 16.2745 -0.0391 0.0450 0.0450 0.0550
v -4.3266 16.3071 -0.0351 0.0450 0.0450 0.0550
v -4.3424 16.3506 -0.0378 0.0450 0.0450 0.0550
v -4.3641 16.3885 -0.0395 0.0450 0.0450 0.0550
v -4.3902 16.4211 -0.0401 0.0450 0.0450 0.0550
v -4.4200 16.4490 -0.0394 0.0450 0.0450 0.0550
v -4.4534 16.4728 -0.0380 0.0450 0.0450 0.0550
v -4.4909 16.4920 -0.0350 0.0450 0.0450 0.0550
v -4.5331 16.5057 -0.0301 0.0450 0.0450 0.0550
v -4.5799 16.5121 -0.0237 0.0450 0.0450 0.0550
v -4.6303 16.5089 -0.0158 0.0450 0.0450 0.0550
v -4.6823 16.4942 -0.0065 0.0450 0.0450 0.0550
v -4.7326 16.4662 0.0044 0.0450 0.0450 0.0550
v -4.7773 16.4247 0.0168 0.0450 0.0450 0.0550
v -4.8118 16.3707 0.0299 0.0450 0.0450 0.0550
v -4.8322 16.3071 0.0416 0.0450 0.0450 0.0550
v -4.8354 16.2381 0.0482 0.0450 0.0450 0.0550
v -4.8197 16.1691 0.0473 0.0450 0.0450 0.0550
v -4.7855 16.1058 0.0412 0.0450 0.0450 0.0550
v -4.7352 16.0537 0.0344 0.0450 0.0450 0.0550
v -4.6728 16.0172 0.0293 0.0450 0.0450 0.0550
v -4.6035 15.9990 0.0254 0.0450 0.0450 0.0550
v -4.5331 16.0000 0.0205 0.0450 0.0450 0.0550
v -4.4674 16.0191 0.0126 0.0450 0.0450 0.0550
v -4.4110 16.0534 0.0024 0.0450 0.0450 0.0550
v -4.3671 16.0988 -0.0084 0.0450 0.0450 0.0550
v -4.3373 16.1509 -0.0180 0.0450 0.0450 0.0550
v -4.3217 16.2053 -0.0256 0.0450 0.0450 0.0550
v -4.3189 16.2582 -0.0312 0.0450 0.0450 0.0550
v -4.2578 16.3071 -0.0234 0.0450 0.0450 0.0550
v -4.2788 16.3651 -0.0283 0.0450 0.0450 0.0550
v -4.3078 16.4156 -0.0316 0.0450 0.0450 0.0550
v -4.3426 16.4591 -0.0325 0.0450 0.0450 0.0550
v -4.3822 16.4964 -0.0316 0.0450 0.0450 0.0550
v -4.4268 16.5280 -0.0303 0.0450 0.0450 0.0550
v -4.4769 16.5536 -0.0266 0.0450 0.0450 0.0550
v -4.5331 16.5719 -0.0196 0.0450 0.0450 0.0550
v -4.5955 16.5804 -0.0094 0.0450 0.0450 0.0550
v -4.6627 16.5762 0.0034 0.0450 0.0450 0.0550
v -4.7320 16.5565 0.0193 0.0450 0.0450 0.0550
v -4.7991 16.5192 0.0389 0.0450 0.0450 0.0550
v -4.8587 16.4639 0.0615 0.0450 0.0450 0.0550
v -4.9047 16.3919 0.0854 0.0450 0.0450 0.0550
v -4.9319 16.3071 0.1081 0.0450 0.0450 0.0550
v -4.9361 16.2151 0.1222 0.0450 0.0450 0.0550
v -4.9152 16.1231 0.1215 0.0450 0.0450 0.0550
v -4.8697 16.0387 0.1095 0.0450 0.0450 0.0550
v -4.8010 15.9712 0.0948 0.0450 0.0450 0.0550
v -4.7193 15.9206 0.0885 0.0450 0.0450 0.0550
v -4.6269 15.8963 0.0841 0.0450 0.0450 0.0550
v -4.5331 15.8977 0.0769 0.0450 0.0450 0.0550
v -4.4455 15.9231 0.0626 0.0450 0.0450 0.0550
v -4.3702 15.9688 0.0430 0.0450 0.0450 0.0550
v -4.3117 16.0294 0.0222 0.0450 0.0450 0.0550
v -4.2721 16.0989 0.0043 0.0450 0.0450 0.0550
v -4.2512 16.1713 -0.0087 0.0450 0.0450 0.0550
v -4.2475 16.2419 -0.0173 0.0450 0.0450 0.0550
v -4.1889 16.3071 -0.0067 0.0450 0.0450 0.0550
v -4.2153 16.3797 -0.0146 0.0450 0.0450 0.0550
v -4.2515 16.4427 -0.0197 0.0450 0.0450 0.0550
v -4.2949 16.4971 -0.0210 0.0450 0.0450 0.0550
v -4.3445 16.5437 -0.0201 0.0450 0.0450 0.0550
v -4.4002 16.5832 -0.0189 0.0450 0.0450 0.0550
v -4.4628 16.6152 -0.0148 0.0450 0.0450 0.0550
v -4.5331 16.6380 -0.0058 0.0450 0.0450 0.0550
v -4.6111 16.6487 0.0089 0.0450 0.0450 0.0550
v -4.6951 16.6435 0.0298 0.0450 0.0450 0.0550
v -4.7818 16.6189 0.0582 0.0450 0.0450 0.0550
v -4.8656 16.5723 0.0919 0.0450 0.0450 0.0550
v -4.9400 16.5030 0.1210 0.0450 0.0450 0.0550
v -4.9976 16.4131 0.1403 0.0450 0.0450 0.0550
v -5.0001 16.3124 0.1458 0.0450 0.0450 0.0550
v -4.9744 16.2148 0.1460 0.0450 0.0450 0.0550
v -4.9316 16.1233 0.1326 0.0450 0.0450 0.0550
v -4.8730 16.0411 0.1109 0.0450 0.0450 0.0550
v -4.8005 15.9708 0.0948 0.0450 0.0450 0.0550
v -4.7165 15.9147 0.0908 0.0450 0.0450 0.0550
v -4.6238 15.8746 0.0965 0.0450 0.0450 0.0550
v -4.5254 15.8519 0.1032 0.0450 0.0450 0.0550
v -4.4245 15.8473 0.1055 0.0450 0.0450 0.0550
v -4.3295 15.8842 0.0966 0.0450 0.0450 0.0550
v -4.2563 15.9600 0.0715 0.0450 0.0450 0.0550
v -4.2068 16.0468 0.0423 0.0450 0.0450 0.0550
v -4.1808 16.1374 0.0187 0.0450 0.0450 0.0550
v -4.1760 16.2256 0.0035 0.0450 0.0450 0.0550
v -3.5080 10.5043 -0.1188 0.0450 0.0450 0.0550
v -3.4310 10.5043 -0.1231 0.0450 0.0450 0.0550
v -3.4369 10.5205 -0.1259 0.0450 0.0450 0.0550
v -3.4450 10.5346 -0.1278 0.0450 0.0450 0.0550
v -3.4547 10.5468 -0.1291 0.0450 0.0450 0.0550
v -3.4658 10.5572 -0.1296 0.0450 0.0450 0.0550
v -3.4783 10.5661 -0.1295 0.0450 0.0450 0.0550
v -3.4923 10.5732 -0.1287 0.0450 0.0450 0.0550
v -3.5080 10.5783 -0.1271 0.0450 0.0450 0.0550
v -3.5255 10.5807 -0.1248 0.0450 0.0450 0.0550
v -3.5443 10.5796 -0.1215 0.0450 0.0450 0.0550
v -3.5637 10.5740 -0.1174 0.0450 0.0450 0.0550
v -3.5825 10.5636 -0.1126 0.0450 0.0450 0.0550
v -3.5991 10.5481 -0.1075 0.0450 0.0450 0.0550
v -3.6120 10.5280 -0.1025 0.0450 0.0450 0.0550
v -3.6196 10.5043 -0.0980 0.0450 0.0450 0.0550
v -3.6208 10.4785 -0.0944 0.0450 0.0450 0.0550
v -3.6149 10.4528 -0.0918 0.0450 0.0450 0.0550
v -3.6022 10.4292 -0.0903 0.0450 0.0450 0.0550
v -3.5834 10.4097 -0.0897 0.0450 0.0450 0.0550
v -3.5601 10.3961 -0.0900 0.0450 0.0450 0.0550
v -3.5343 10.3893 -0.0913 0.0450 0.0450 0.0550
v -3.5080 10.3897 -0.0935 0.0450 0.0450 0.0550
v -3.4835 10.3968 -0.0968 0.0450 0.0450 0.0550
v -3.4625 10.4096 -0.1010 0.0450 0.0450 0.0550
v -3.4461 10.4266 -0.1057 0.0450 0.0450 0.0550
v -3.4350 10.4460 -0.1107 0.0450 0.0450 0.0550
v -3.4292 10.4663 -0.1154 0.0450 0.0450 0.0550
v -3.4281 10.4860 -0.1196 0.0450 0.0450 0.0550
v -3.3539 10.5043 -0.1214 0.0450 0.0450 0.0550
v -3.3657 10.5367 -0.1277 0.0450 0.0450 0.0550
v -3.3819 10.5650 -0.1321 0.0450 0.0450 0.0550
v -3.4014 10.5893 -0.1349 0.0450 0.0450 0.0550
v -3.4236 10.6102 -0.1362 0.0450 0.0450 0.0550
v -3.4485 10.6279 -0.1360 0.0450 0.0450 0.0550
v -3.4766 10.6422 -0.1339 0.0450 0.0450 0.0550
v -3.5080 10.6524 -0.1302 0.0450 0.0450 0.0550
v -3.5429 10.6572 -0.1244 0.0450 0.0450 0.0550
v -3.5806 10.6549 -0.1167 0.0450 0.0450 0.0550
v -3.6193 10.6438 -0.1070 0.0450 0.0450 0.0550
v -3.6569 10.6230 -0.0958 0.0450 0.0450 0.0550
v -3.6902 10.5920 -0.0834 0.0450 0.0450 0.0550
v -3.7160 10.5517 -0.0714 0.0450 0.0450 0.0550
v -3.7312 10.5043 -0.0613 0.0450 0.0450 0.0550
v -3.7336 10.4528 -0.0543 0.0450 0.0450 0.0550
v -3.7219 10.4013 -0.0504 0.0450 0.0450 0.0550
v -3.6964 10.3541 -0.0488 0.0450 0.0450 0.0550
v -3.6588 10.3152 -0.0485 0.0450 0.0450 0.0550
v -3.6122 10.2879 -0.0489 0.0450 0.0450 0.0550
v -3.5605 10.2744 -0.0505 0.0450 0.0450 0.0550
v -3.5080 10.2751 -0.0539 0.0450 0.0450 0.0550
v -3.4590 10.2894 -0.0600 0.0450 0.0450 0.0550
v -3.4169 10.3149 -0.0689 0.0450 0.0450 0.0550
v -3.3841 10.3489 -0.0799 0.0450 0.0450 0.0550
v -3.3619 10.3877 -0.0918 0.0450 0.0450 0.0550
v -3.3503 10.4283 -0.1032 0.0450 0.0450 0.0550
v -3.3482 10.4678 -0.1133 0.0450 0.0450 0.0550
v -3.2769 10.5043 -0.1131 0.0450 0.0450 0.0550
v -3.2946 10.5530 -0.1235 0.0450 0.0450 0.0550
v -3.3189 10.5953 -0.1313 0.0450 0.0450 0.0550
v -3.3481 10.6318 -0.1360 0.0450 0.0450 0.0550
v -3.3813 10.6631 -0.1375 0.0450 0.0450 0.0550
v -3.4188 10.6897 -0.1371 0.0450 0.0450 0.0550
v -3.4608 10.7112 -0.1335 0.0450 0.0450 0.0550
v -3.5080 10.7265 -0.1265 0.0450 0.0450 0.0550
v -3.5604 10.7336 -0.1163 0.0450 0.0450 0.0550
v -3.6168 10.7302 -0.1029 0.0450 0.0450 0.0550
v -3.6750 10.7136 -0.0864 0.0450 0.0450 0.0550
v -3.7313 10.6823 -0.0673 0.0450 0.0450 0.0550
v -3.7813 10.6358 -0.0462 0.0450 0.0450 0.0550
v -3.8200 10.5754 -0.0237 0.0450 0.0450 0.0550
v -3.8428 10.5043 -0.0032 0.0450 0.0450 0.0550
v -3.8463 10.4270 0.0102 0.0450 0.0450 0.0550
v -3.8288 10.3498 0.0142 0.0450 0.0450 0.0550
v -3.7905 10.2790 0.0125 0.0450 0.0450 0.0550
v -3.7342 10.2207 0.0101 0.0450 0.0450 0.0550
v -3.6643 10.1798 0.0093 0.0450 0.0450 0.0550
v -3.5867 10.1594 0.0087 0.0450 0.0450 0.0550
v -3.5080 10.1606 0.0047 0.0450 0.0450 0.0550
v -3.4345 10.1819 -0.0055 0.0450 0.0450 0.0550
v -3.3713 10.2203 -0.0222 0.0450 0.0450 0.0550
v -3.3221 10.2712 -0.0426 0.0450 0.0450 0.0550
v -3.2889 10.3295 -0.0637 0.0450 0.0450 0.0550
v -3.2714 10.3903 -0.0831 0.0450 0.0450 0.0550
v -3.2682 10.4495 -0.0997 0.0450 0.0450 0.0550
v -3.1998 10.5043 -0.0975 0.0450 0.0450 0.0550
v -3.2234 10.5692 -0.1135 0.0450 0.0450 0.0550
v -3.2558 10.6257 -0.1253 0.0450 0.0450 0.0550
v -3.2947 10.6744 -0.1312 0.0450 0.0450 0.0550
v -3.3391 10.7161 -0.1332 0.0450 0.0450 0.0550
v -3.3890 10.7515 -0.1330 0.0450 0.0450 0.0550
v -3.4451 10.7801 -0.1284 0.0450 0.0450 0.0550
v -3.5080 10.8006 -0.1179 0.0450 0.0450 0.0550
v -3.5778 10.8101 -0.1017 0.0450 0.0450 0.0550
v -3.6531 10.8055 -0.0805 0.0450 0.0450 0.0550
v -3.7307 10.7834 -0.0545 0.0450 0.0450 0.0550
v -3.8058 10.7417 -0.0234 0.0450 0.0450 0.0550
v -3.8724 10.6797 0.0113 0.0450 0.0450 0.0550
v -3.9239 10.5992 0.0476 0.0450 0.0450 0.0550
v -3.9544 10.5043 0.0820 0.0450 0.0450 0.0550
v -3.9591 10.4013 0.1044 0.0450 0.0450 0.0550
v -3.9357 10.2983 0.1084 0.0450 0.0450 0.0550
v -3.8847 10.2039 0.0999 0.0450 0.0450 0.0550
v -3.8078 10.1283 0.0897 0.0450 0.0450 0.0550
v -3.7164 10.0716 0.0905 0.0450 0.0450 0.0550
v -3.6130 10.0445 0.0929 0.0450 0.0450 0.0550
v -3.5080 10.0460 0.0898 0.0450 0.0450 0.0550
v -3.4099 10.0745 0.0744 0.0450 0.0450 0.0550
v -3.3257 10.1256 0.0469 0.0450 0.0450 0.0550
v -3.2602 10.1935 0.0124 0.0450 0.0450 0.0550
v -3.2158 10.2712 -0.0227 0.0450 0.0450 0.0550
v -3.1925 10.3523 -0.0531 0.0450 0.0450 0.0550
v -3.1883 10.4313 -0.0777 0.0450 0.0450 0.0550
v -3.1228 10.5043 -0.0756 0.0450 0.0450 0.0550
v -3.1523 10.5855 -0.0983 0.0450 0.0450 0.0550
v -3.1928 10.6561 -0.1137 0.0450 0.0450 0.0550
v -3.2414 10.7169 -0.1212 0.0450 0.0450 0.0550
v -3.2969 10.7690 -0.1235 0.0450 0.0450 0.0550
v -3.3592 10.8133 -0.1236 0.0450 0.0450 0.0550
v -3.4293 10.8491 -0.1183 0.0450 0.0450 0.0550
v -3.5080 10.8747 -0.1043 0.0450 0.0450 0.0550
v -3.5953 10.8866 -0.0809 0.0450 0.0450 0.0550
v -3.6894 10.8808 -0.0482 0.0450 0.0450 0.0550
v -3.7863 10.8532 -0.0059 0.0450 0.0450 0.0550
v -3.8802 10.8010 0.0426 0.0450 0.0450 0.0550
v -3.9635 10.7236 0.0865 0.0450 0.0450 0.0550
v -4.0279 10.6229 0.1185 0.0450 0.0450 0.0550
v -4.0307 10.5102 0.1316 0.0450 0.0450 0.0550
v -4.0020 10.4009 0.1352 0.0450 0.0450 0.0550
v -3.9540 10.2986 0.1223 0.0450 0.0450 0.0550
v -3.8884 10.2066 0.1014 0.0450 0.0450 0.0550
v -3.8072 10.1278 0.0897 0.0450 0.0450 0.0550
v -3.7132 10.0650 0.0942 0.0450 0.0450 0.0550
v -3.6095 10.0202 0.1112 0.0450 0.0450 0.0550
v -3.4994 9.9948 0.1297 0.0450 0.0450 0.0550
v -3.3864 9.9897 0.1406 0.0450 0.0450 0.0550
v -3.2801 10.0309 0.1302 0.0450 0.0450 0.0550
v -3.1982 10.1158 0.0909 0.0450 0.0450 0.0550
v -3.1428 10.2129 0.0393 0.0450 0.0450 0.0550
v -3.1136 10.3143 -0.0093 0.0450 0.0450 0.0550
v -3.1083 10.4130 -0.0469 0.0450 0.0450 0.0550
v 1.8173 0.0920 0.0249 0.0350 0.0350 0.0420
v 1.2827 0.5480 0.0150 0.0350 0.0350 0.0420
v 0.9351 -0.7040 0.0154 0.0450 0.0450 0.0520
v 0.6358 -0.4487 -0.0057 0.0450 0.0450 0.0520
v 0.3692 -1.1704 0.0017 0.1600 0.1600 0.1700
v 0.2645 -1.0811 0.0019 0.1600 0.1600 0.1700
v 5.2783 3.4921 0.1582 0.0350 0.0350 0.0420
v 4.3217 4.3079 0.1984 0.0350 0.0350 0.0420
v 3.9933 2.4118 0.0975 0.0450 0.0450 0.0520
v 3.4577 2.8687 0.3141 0.0450 0.0450 0.0520
v 3.1607 1.7882 -0.2334 0.1600 0.1600 0.1700
v 2.9732 1.9481 -0.1589 0.1600 0.1600 0.1700
v 5.9064 -6.2319 0.3895 0.0350 0.0350 0.0420
v 4.8936 -5.3681 0.3062 0.0350 0.0350 0.0420
v 4.6504 -7.2532 0.1855 0.0450 0.0450 0.0520
v 4.0832 -6.7694 0.1623 0.0450 0.0450 0.0520
v 3.8328 -7.8384 0.1263 0.1600 0.1600 0.1700
v 3.6343 -7.6691 0.1192 0.1600 0.1600 0.1700
v 19.0978 -5.7099 -0.1567 0.0350 0.0350 0.0420
v 17.9022 -4.6901 -0.0805 0.0350 0.0350 0.0420
v 17.4297 -7.1329 -0.2053 0.0450 0.0450 0.0520
v 16.7601 -6.5618 -0.1705 0.0450 0.0450 0.0520
v 16.3508 -7.9570 -0.0316 0.1600 0.1600 0.1700
v 16.1165 -7.7571 0.0245 0.1600 0.1600 0.1700
v 26.6330 7.9601 0.2845 0.0350 0.0350 0.0420
v 25.3670 9.0399 0.3087 0.0350 0.0350 0.0420
v 24.8667 6.4534 0.2185 0.0450 0.0450 0.0520
v 24.1577 7.0581 0.2072 0.0450 0.0450 0.0520
v 23.7244 5.5808 0.1666 0.1600 0.1600 0.1700
v 23.4763 5.7925 0.1613 0.1600 0.1600 0.1700
v 38.6682 -12.5699 -1.4508 0.0350 0.0350 0.0420
v 37.3318 -11.4301 -1.6952 0.0350 0.0350 0.0420
v 36.8037 -14.1603 -1.3919 0.0450 0.0450 0.0520
v 36.0554 -13.5220 -1.5383 0.0450 0.0450 0.0520
v 35.5980 -15.0814 -1.2153 0.1600 0.1600 0.1700
v 35.3361 -14.8580 -1.2799 0.1600 0.1600 0.1700
v -7.3350 4.8004 0.2963 0.0350 0.0350 0.0420
v -13.6650 10.1996 0.1220 0.0350 0.0350 0.0420
v -12.6537 1.3852 -0.0068 0.0450 0.0450 0.0520
v -16.1985 4.4088 0.1407 0.0450 0.0450 0.0520
v -16.2120 -0.4533 0.0923 0.1600 0.1600 0.1700
v -17.4527 0.6049 0.1571 0.1600 0.1600 0.1700
v 60.6727 23.7203 1.8321 0.0350 0.0350 0.0420
v 55.3273 28.2797 1.1402 0.0350 0.0350 0.0420
v 56.1079 20.7503 1.4611 0.0450 0.0450 0.0520
v 53.1145 23.3035 0.6453 0.0450 0.0450 0.0520
v 53.0580 19.1450 1.1455 0.1600 0.1600 0.1700
v 52.0103 20.0386 1.0693 0.1600 0.1600 0.1700
v 93.7584 56.5002 2.9976 0.0350 0.0350 0.0420
v 90.2416 59.4998 2.8712 0.0350 0.0350 0.0420
v 88.4387 51.8303 1.8514 0.0450 0.0450 0.0520
v 86.4693 53.5101 1.8098 0.0450 0.0450 0.0520
v 85.0124 49.1096 2.3042 0.1600 0.1600 0.1700
v 84.3231 49.6975 2.2552 0.1600 0.1600 0.1700
v 80.8134 -30.3996 1.7981 0.0350 0.0350 0.0420
v 75.1866 -25.6004 1.1618 0.0350 0.0350 0.0420
v 76.0627 -33.4623 1.8448 0.0450 0.0450 0.0520
v 72.9117 -30.7747 1.3583 0.0450 0.0450 0.0520
v 72.8856 -35.1130 2.2043 0.1600 0.1600 0.1700
v 71.7828 -34.1724 2.0679 0.1600 0.1600 0.1700
v -53.4680 45.8403 2.7209 0.0350 0.0350 0.0420
v -58.5320 50.1597 3.0100 0.0350 0.0350 0.0420
v -57.8056 43.0113 2.7673 0.0450 0.0450 0.0520
v -60.6415 45.4301 2.8915 0.0450 0.0450 0.0520
v -60.7029 41.4811 2.8441 0.1600 0.1600 0.1700
v -61.6955 42.3277 2.9135 0.1600 0.1600 0.1700
v -61.7493 -39.9197 1.9860 0.0350 0.0350 0.0420
v -66.2507 -36.0803 1.9412 0.0350 0.0350 0.0420
v -65.7152 -42.5636 1.9749 0.0450 0.0450 0.0520
v -68.2359 -40.4135 2.1918 0.0450 0.0450 0.0520
v -68.3581 -44.0030 1.8846 0.1600 0.1600 0.1700
v -69.2404 -43.2505 1.9854 0.1600 0.1600 0.1700
v 54.0000 -54.0000 -0.3764 0.0120 0.0120 0.0180
v 62.0489 -61.9624 -5.9055 0.0120 0.0120 0.0180
v 63.8591 -60.1936 -5.6206 0.0120 0.0120 0.0180
v 63.4165 -56.9722 -3.5541 0.0120 0.0120 0.0180
v 61.3764 -53.7467 -0.8819 0.0120 0.0120 0.0180
v 59.0035 -51.2001 0.2643 0.0120 0.0120 0.0180
v 56.7038 -49.0435 1.1574 0.0120 0.0120 0.0180
v 54.1608 -47.1676 2.0768 0.0120 0.0120 0.0180
v 51.4094 -46.0910 2.3800 0.0120 0.0120 0.0180
v 48.9544 -46.1577 2.3785 0.0120 0.0120 0.0180
v 47.0104 -47.0855 2.4542 0.0120 0.0120 0.0180
v 45.4680 -48.6400 2.4717 0.0120 0.0120 0.0180
v 44.6966 -51.0635 2.2403 0.0120 0.0120 0.0180
v 45.5387 -54.2906 1.1130 0.0120 0.0120 0.0180
v 48.1058 -57.2983 -0.4572 0.0120 0.0120 0.0180
v 51.2548 -59.0324 -1.7601 0.0120 0.0120 0.0180
v 53.8647 -59.7472 -3.3293 0.0120 0.0120 0.0180
v 56.1543 -60.5769 -4.6133 0.0120 0.0120 0.0180
v 58.9738 -61.7307 -5.4825 0.0120 0.0120 0.0180
v 64.0000 -64.0000 -6.3263 0.0120 0.0120 0.0180
v 83.3137 -64.0000 -1.3789 0.0120 0.0120 0.0180
v 83.3870 -56.9437 0.9182 0.0120 0.0120 0.0180
v 78.9856 -51.4256 1.6972 0.0120 0.0120 0.0180
v 72.6417 -49.0322 1.4826 0.0120 0.0120 0.0180
v 66.7088 -48.6374 1.2677 0.0120 0.0120 0.0180
v 61.3325 -48.8721 1.0910 0.0120 0.0120 0.0180
v 55.9981 -50.1403 0.7784 0.0120 0.0120 0.0180
v 51.3697 -53.4019 0.1385 0.0120 0.0120 0.0180
v 48.4726 -58.3485 -0.7926 0.0120 0.0120 0.0180
v 47.2281 -64.0000 -2.0740 0.0120 0.0120 0.0180
v 47.2225 -70.1065 -3.3133 0.0120 0.0120 0.0180
v 49.1945 -76.4233 -4.2141 0.0120 0.0120 0.0180
v 54.0874 -81.1692 -4.7836 0.0120 0.0120 0.0180
v 60.8090 -82.0973 -4.4563 0.0120 0.0120 0.0180
v 66.7083 -79.3594 -3.5621 0.0120 0.0120 0.0180
v 70.7310 -75.6584 -4.2529 0.0120 0.0120 0.0180
v 74.5030 -72.8131 -4.3173 0.0120 0.0120 0.0180
v 79.3065 -69.5711 -3.6469 0.0120 0.0120 0.0180
vn 0.11732 0.06180 0.99117
vn -0.00793 0.06196 0.99805
vn 0.00185 0.03322 0.99945
vn 0.01566 0.00647 0.99986
vn 0.03371 -0.01737 0.99928
vn 0.05473 -0.03609 0.99785
vn 0.07687 -0.04868 0.99585
vn 0.09824 -0.05559 0.99361
vn 0.11887 -0.05799 0.99121
vn 0.14031 -0.05595 0.98853
vn 0.16174 -0.04880 0.98563
vn 0.18636 -0.03424 0.98188
vn 0.20991 -0.01778 0.97756
vn 0.23244 0.00047 0.97261
vn 0.25133 0.01900 0.96772
vn 0.26328 0.03680 0.96402
vn 0.26481 0.05888 0.96250
vn 0.25146 0.08928 0.96374
vn 0.22199 0.12514 0.96699
vn 0.18137 0.15930 0.97043
vn 0.13651 0.18666 0.97289
vn 0.09248 0.20430 0.97453
vn 0.05222 0.21047 0.97621
vn 0.02270 0.20632 0.97822
vn 0.00329 0.19387 0.98102
vn -0.00811 0.17508 0.98452
vn -0.01405 0.15103 0.98843
vn -0.01596 0.12261 0.99233
vn -0.01391 0.09218 0.99565
vn -0.08873 0.07016 0.99358
vn -0.06920 0.02279 0.99734
vn -0.04333 -0.01990 0.99886
vn -0.01483 -0.05795 0.99821
vn 0.01108 -0.08534 0.99629
vn 0.04375 -0.10650 0.99335
vn 0.07617 -0.12174 0.98963
vn 0.10775 -0.12956 0.98570
vn 0.14004 -0.12688 0.98198
vn 0.17605 -0.11203 0.97799
vn 0.21888 -0.08405 0.97212
vn 0.26713 -0.04504 0.96261
vn 0.31573 -0.00360 0.94884
vn 0.36080 0.03251 0.93207
vn 0.39545 0.05827 0.91664
vn 0.40911 0.08502 0.90851
vn 0.39001 0.12878 0.91176
vn 0.33657 0.18845 0.92261
vn 0.25770 0.25317 0.93247
vn 0.16832 0.31113 0.93534
vn 0.08972 0.34936 0.93268
vn 0.02362 0.36093 0.93229
vn -0.02689 0.34680 0.93755
vn -0.05929 0.31536 0.94712
vn -0.08000 0.27415 0.95835
vn -0.09327 0.22824 0.96913
vn -0.10042 0.17734 0.97901
vn -0.09944 0.12284 0.98743
vn -0.17171 0.08318 0.98163
vn -0.14055 0.01944 0.98988
vn -0.10243 -0.04259 0.99383
vn -0.06177 -0.09983 0.99308
vn -0.02881 -0.13745 0.99009
vn 0.01295 -0.16209 0.98669
vn 0.06386 -0.18155 0.98131
vn 0.10521 -0.19640 0.97486
vn 0.14004 -0.20221 0.96928
vn 0.19023 -0.18673 0.96382
vn 0.25927 -0.14898 0.95425
vn 0.34226 -0.08929 0.93535
vn 0.42613 -0.01589 0.90452
vn 0.49605 0.05236 0.86671
vn 0.54284 0.09312 0.83465
vn 0.56120 0.11806 0.81922
vn 0.53924 0.16292 0.82625
vn 0.46393 0.24791 0.85048
vn 0.34133 0.35743 0.86933
vn 0.19726 0.45899 0.86627
vn 0.07283 0.52323 0.84908
vn -0.01583 0.54583 0.83775
vn -0.08183 0.52951 0.84434
vn -0.12884 0.47904 0.86828
vn -0.16215 0.40244 0.90097
vn -0.18300 0.31655 0.93076
vn -0.19281 0.23231 0.95334
vn -0.19009 0.15377 0.96965
vn -0.24930 0.10403 0.96282
vn -0.20651 0.02215 0.97819
vn -0.15575 -0.06326 0.98577
vn -0.10361 -0.13966 0.98476
vn -0.06425 -0.18648 0.98036
vn -0.02059 -0.21570 0.97624
vn 0.04705 -0.24047 0.96952
vn 0.10885 -0.25901 0.95972
vn 0.15487 -0.27464 0.94899
vn 0.22176 -0.27390 0.93584
vn 0.32589 -0.23838 0.91486
vn 0.44305 -0.16109 0.88190
vn 0.53193 -0.05184 0.84520
vn 0.57268 0.06514 0.81719
vn 0.59251 0.12524 0.79577
vn 0.61455 0.13267 0.77764
vn 0.61132 0.15798 0.77545
vn 0.54788 0.24066 0.80119
vn 0.41131 0.37166 0.83228
vn 0.22613 0.50650 0.83206
vn 0.06241 0.59074 0.80444
vn -0.03624 0.61873 0.78477
vn -0.11190 0.61616 0.77963
vn -0.18850 0.59887 0.77834
vn -0.25331 0.54428 0.79974
vn -0.29189 0.43381 0.85241
vn -0.29692 0.30479 0.90495
vn -0.28029 0.19265 0.94039
vn -0.30216 0.14024 0.94289
vn -0.25199 0.04656 0.96661
vn -0.19426 -0.05204 0.97957
vn -0.13309 -0.14343 0.98067
vn -0.08389 -0.20130 0.97593
vn -0.04252 -0.23234 0.97170
vn 0.02541 -0.26049 0.96514
vn 0.10157 -0.28127 0.95424
vn 0.16050 -0.29437 0.94212
vn 0.22800 -0.29756 0.92708
vn 0.33735 -0.26902 0.90212
vn 0.46497 -0.20035 0.86236
vn 0.56627 -0.10677 0.81728
vn 0.60894 0.01607 0.79305
vn 0.60639 0.11899 0.78621
vn 0.60079 0.14702 0.78577
vn 0.60519 0.14504 0.78275
vn 0.60091 0.19946 0.77403
vn 0.65127 0.54373 0.52935
vn 0.19423 0.53265 0.82375
vn 0.04333 0.60554 0.79463
vn -0.03966 0.62440 0.78010
vn -0.11186 0.60884 0.78536
vn -0.19884 0.60453 0.77136
vn -0.28396 0.59104 0.75501
vn -0.33975 0.52191 0.78242
vn -0.35896 0.39246 0.84683
vn -0.34153 0.25188 0.90549
vn 0.07018 0.17543 0.98199
vn -0.02084 0.18055 0.98334
vn -0.01677 0.16299 0.98648
vn -0.01068 0.14999 0.98863
vn 0.00381 0.13409 0.99096
vn 0.02093 0.12133 0.99239
vn 0.03859 0.11299 0.99285
vn 0.05523 0.10835 0.99258
vn 0.07228 0.10617 0.99172
vn 0.09129 0.10669 0.99009
vn 0.11164 0.11073 0.98756
vn 0.13139 0.11824 0.98425
vn 0.14887 0.12815 0.98052
vn 0.16334 0.13885 0.97675
vn 0.17271 0.14498 0.97424
vn 0.17733 0.15446 0.97195
vn 0.17623 0.16671 0.97013
vn 0.16733 0.18097 0.96915
vn 0.14682 0.20141 0.96844
vn 0.12393 0.21935 0.96774
vn 0.08921 0.23922 0.96686
vn 0.05163 0.25323 0.96603
vn 0.02007 0.25703 0.96619
vn -0.00469 0.25170 0.96779
vn -0.01862 0.24252 0.96997
vn -0.01934 0.23751 0.97119
vn -0.02301 0.22680 0.97367
vn -0.02385 0.21672 0.97594
vn -0.02301 0.19829 0.97987
vn -0.06965 0.18167 0.98089
vn -0.05794 0.15391 0.98638
vn -0.04472 0.13091 0.99039
vn -0.03013 0.10475 0.99404
vn -0.01648 0.08262 0.99644
vn 0.00964 0.06344 0.99794
vn 0.03602 0.04822 0.99819
vn 0.06577 0.03879 0.99708
vn 0.10053 0.03739 0.99423
vn 0.13757 0.04517 0.98946
vn 0.17322 0.06192 0.98293
vn 0.20579 0.08644 0.97477
vn 0.23078 0.11208 0.96653
vn 0.25028 0.13773 0.95833
vn 0.26814 0.16196 0.94967
vn 0.27969 0.17961 0.94314
vn 0.26912 0.20915 0.94012
vn 0.23415 0.25309 0.93868
vn 0.18225 0.30191 0.93575
vn 0.11906 0.34569 0.93077
vn 0.05516 0.37360 0.92595
vn 0.00614 0.37737 0.92604
vn -0.02881 0.35869 0.93301
vn -0.04621 0.32578 0.94431
vn -0.05538 0.28797 0.95604
vn -0.06409 0.25788 0.96405
vn -0.07220 0.23688 0.96885
vn -0.07468 0.21420 0.97393
vn -0.12995 0.18616 0.97389
vn -0.10937 0.15030 0.98257
vn -0.08301 0.11134 0.99031
vn -0.05435 0.06652 0.99630
vn -0.03692 0.02883 0.99890
vn -0.01568 -0.00070 0.99988
vn 0.02574 -0.02753 0.99929
vn 0.06558 -0.04913 0.99664
vn 0.11331 -0.05875 0.99182
vn 0.16822 -0.05093 0.98443
vn 0.22416 -0.02552 0.97422
vn 0.27972 0.01675 0.95993
vn 0.32935 0.06136 0.94221
vn 0.37533 0.11757 0.91941
vn 0.41046 0.17254 0.89541
vn 0.42557 0.20601 0.88116
vn 0.40340 0.24851 0.88063
vn 0.33908 0.31758 0.88553
vn 0.24373 0.40064 0.88323
vn 0.14028 0.47738 0.86743
vn 0.05077 0.52782 0.84784
vn -0.01196 0.54155 0.84058
vn -0.05015 0.51839 0.85367
vn -0.07643 0.46353 0.88278
vn -0.09958 0.39006 0.91539
vn -0.12236 0.31208 0.94214
vn -0.13749 0.25285 0.95769
vn -0.14095 0.22230 0.96474
vn -0.19789 0.19489 0.96065
vn -0.16908 0.14459 0.97494
vn -0.13572 0.08457 0.98713
vn -0.09607 0.01817 0.99521
vn -0.06064 -0.03416 0.99757
vn -0.03497 -0.07249 0.99676
vn 0.01537 -0.10834 0.99399
vn 0.07397 -0.13803 0.98766
vn 0.13425 -0.15779 0.97830
vn 0.20624 -0.15669 0.96587
vn 0.28762 -0.12943 0.94896
vn 0.37426 -0.07253 0.92448
vn 0.44467 -0.00040 0.89569
vn 0.47879 0.09300 0.87299
vn 0.48397 0.17948 0.85648
vn 0.48899 0.21538 0.84528
vn 0.48119 0.24494 0.84170
vn 0.41998 0.31953 0.84942
vn 0.30144 0.41919 0.85639
vn 0.15591 0.51510 0.84283
vn 0.03895 0.57696 0.81585
vn -0.02129 0.59794 0.80126
vn -0.05515 0.59742 0.80003
vn -0.10792 0.57603 0.81027
vn -0.17107 0.51415 0.84047
vn -0.21670 0.40572 0.88794
vn -0.23102 0.29433 0.92736
vn -0.22178 0.23569 0.94618
vn -0.24290 0.21638 0.94561
vn -0.20669 0.15695 0.96574
vn -0.16854 0.08657 0.98189
vn -0.12450 0.00796 0.99219
vn -0.08047 -0.05587 0.99519
vn -0.04576 -0.09786 0.99415
vn 0.00224 -0.13465 0.99089
vn 0.07108 -0.16653 0.98347
vn 0.13763 -0.18887 0.97231
vn 0.21231 -0.19374 0.95780
vn 0.30013 -0.16976 0.93867
vn 0.39628 -0.11262 0.91120
vn 0.48184 -0.04087 0.87531
vn 0.53086 0.04180 0.84643
vn 0.53227 0.14530 0.83401
vn 0.50090 0.21141 0.83929
vn 0.47188 0.22769 0.85176
vn 0.45131 0.27733 0.84818
vn 0.53411 0.54701 0.64460
vn 0.11528 0.50692 0.85425
vn 0.01617 0.56339 0.82604
vn -0.02668 0.57935 0.81464
vn -0.05323 0.58068 0.81239
vn -0.10801 0.58640 0.80279
vn -0.19457 0.56533 0.80159
vn -0.26117 0.48603 0.83400
vn -0.28734 0.36182 0.88686
vn -0.27750 0.26357 0.92387
vn 0.16279 0.06681 0.98440
vn 0.05014 0.01350 0.99865
vn 0.05471 -0.00988 0.99845
vn 0.06293 -0.03020 0.99756
vn 0.07521 -0.04820 0.99600
vn 0.09028 -0.06206 0.99398
vn 0.10645 -0.07118 0.99177
vn 0.12210 -0.07628 0.98958
vn 0.13932 -0.07811 0.98716
vn 0.15978 -0.07539 0.98427
vn 0.18311 -0.06636 0.98085
vn 0.20764 -0.05028 0.97691
vn 0.23129 -0.02803 0.97248
vn 0.25235 -0.00183 0.96763
vn 0.26984 0.02567 0.96256
vn 0.28381 0.05616 0.95724
vn 0.28911 0.10210 0.95184
vn 0.28338 0.14390 0.94815
vn 0.26213 0.18023 0.94805
vn 0.23163 0.20938 0.95001
vn 0.19626 0.23105 0.95294
vn 0.16368 0.24082 0.95667
vn 0.13645 0.23852 0.96150
vn 0.11404 0.22614 0.96740
vn 0.09609 0.20673 0.97367
vn 0.08158 0.18261 0.97979
vn 0.07010 0.15536 0.98537
vn 0.05783 0.10823 0.99244
vn 0.04963 0.04068 0.99794
vn -0.03493 0.00266 0.99939
vn -0.02254 -0.03543 0.99912
vn -0.00206 -0.06689 0.99776
vn 0.02280 -0.09679 0.99504
vn 0.04445 -0.12139 0.99161
vn 0.06906 -0.14235 0.98740
vn 0.09455 -0.15792 0.98292
vn 0.12362 -0.16533 0.97846
vn 0.15802 -0.16176 0.97410
vn 0.19659 -0.14520 0.96968
vn 0.23711 -0.11504 0.96465
vn 0.27730 -0.07254 0.95804
vn 0.31622 -0.02040 0.94847
vn 0.35416 0.03750 0.93443
vn 0.38977 0.10201 0.91525
vn 0.41275 0.16466 0.89584
vn 0.41189 0.21874 0.88459
vn 0.37790 0.27520 0.88400
vn 0.31544 0.33673 0.88719
vn 0.24581 0.38508 0.88954
vn 0.18764 0.40542 0.89467
vn 0.14200 0.39502 0.90763
vn 0.10079 0.36048 0.92731
vn 0.06289 0.31468 0.94711
vn 0.02862 0.26641 0.96343
vn -0.00182 0.21541 0.97652
vn -0.02481 0.16098 0.98665
vn -0.03836 0.07448 0.99648
vn -0.14100 0.00163 0.99001
vn -0.11327 -0.05104 0.99225
vn -0.07599 -0.09523 0.99255
vn -0.03419 -0.14353 0.98905
vn 0.00298 -0.18380 0.98296
vn 0.04092 -0.21444 0.97588
vn 0.07892 -0.23900 0.96781
vn 0.11317 -0.25522 0.96024
vn 0.15471 -0.25575 0.95428
vn 0.20658 -0.23484 0.94983
vn 0.26548 -0.19205 0.94480
vn 0.32871 -0.12888 0.93560
vn 0.39592 -0.04499 0.91718
vn 0.46057 0.05372 0.88600
vn 0.50628 0.15226 0.84882
vn 0.52309 0.21667 0.82428
vn 0.50545 0.26048 0.82260
vn 0.44972 0.32162 0.83326
vn 0.35881 0.40975 0.83867
vn 0.25942 0.49228 0.83088
vn 0.19324 0.54036 0.81894
vn 0.15351 0.54724 0.82278
vn 0.10573 0.51097 0.85307
vn 0.04131 0.43830 0.89788
vn -0.02548 0.35228 0.93555
vn -0.08343 0.26963 0.95934
vn -0.12594 0.18907 0.97385
vn -0.14847 0.09542 0.98430
vn -0.23576 0.01198 0.97174
vn -0.20034 -0.05520 0.97817
vn -0.15078 -0.11845 0.98144
vn -0.09087 -0.18926 0.97771
vn -0.03837 -0.24366 0.96910
vn 0.01118 -0.28042 0.95981
vn 0.06735 -0.30820 0.94893
vn 0.11287 -0.32841 0.93777
vn 0.15729 -0.33610 0.92860
vn 0.21969 -0.31924 0.92186
vn 0.30159 -0.27240 0.91369
vn 0.39720 -0.19296 0.89722
vn 0.49065 -0.07844 0.86782
vn 0.54544 0.05181 0.83655
vn 0.55722 0.17202 0.81235
vn 0.55981 0.22676 0.79699
vn 0.55343 0.24807 0.79509
vn 0.50143 0.30273 0.81051
vn 0.38853 0.40122 0.82949
vn 0.25170 0.49626 0.83089
vn 0.16854 0.54994 0.81802
vn 0.15073 0.57469 0.80437
vn 0.11195 0.58029 0.80668
vn 0.01762 0.54957 0.83526
vn -0.09336 0.45639 0.88487
vn -0.17737 0.33138 0.92668
vn -0.22752 0.21586 0.94955
vn -0.24848 0.10995 0.96238
vn -0.28491 0.03876 0.95777
vn -0.24811 -0.04083 0.96787
vn -0.19885 -0.11130 0.97369
vn -0.13330 -0.19518 0.97167
vn -0.06727 -0.26131 0.96291
vn -0.01222 -0.30181 0.95329
vn 0.05086 -0.33113 0.94221
vn 0.10871 -0.35156 0.92983
vn 0.15439 -0.36321 0.91883
vn 0.21418 -0.35367 0.91052
vn 0.30069 -0.30997 0.90194
vn 0.40641 -0.22682 0.88509
vn 0.51233 -0.11141 0.85153
vn 0.58545 0.01170 0.81063
vn 0.59913 0.13705 0.78884
vn 0.56276 0.22006 0.79679
vn 0.50595 0.21519 0.83529
vn 0.45963 0.20644 0.86378
vn 0.53166 0.45416 0.71489
vn 0.16967 0.38475 0.90729
vn 0.12623 0.43882 0.88967
vn 0.13791 0.49330 0.85886
vn 0.11890 0.54426 0.83045
vn 0.02330 0.56648 0.82374
vn -0.10571 0.52088 0.84706
vn -0.21217 0.40264 0.89043
vn -0.27170 0.26419 0.92541
vn -0.29501 0.14329 0.94469
vn 0.10060 0.08633 0.99117
vn 0.01162 0.08533 0.99628
vn 0.01863 0.06673 0.99760
vn 0.02877 0.04879 0.99839
vn 0.04237 0.03210 0.99859
vn 0.05770 0.01919 0.99815
vn 0.07262 0.01114 0.99730
vn 0.08539 0.00719 0.99632
vn 0.09691 0.00601 0.99527
vn 0.10944 0.00762 0.99396
vn 0.12420 0.01318 0.99217
vn 0.14104 0.02339 0.98973
vn 0.15907 0.03774 0.98655
vn 0.17710 0.05444 0.98269
vn 0.19377 0.07096 0.97848
vn 0.20734 0.08572 0.97451
vn 0.21484 0.10081 0.97143
vn 0.21164 0.12026 0.96992
vn 0.19460 0.14433 0.97021
vn 0.16510 0.16888 0.97171
vn 0.12814 0.18891 0.97360
vn 0.09057 0.20070 0.97546
vn 0.05870 0.20292 0.97744
vn 0.03561 0.19652 0.97985
vn 0.02074 0.18346 0.98281
vn 0.01183 0.16582 0.98609
vn 0.00720 0.14579 0.98929
vn 0.00585 0.12509 0.99213
vn 0.00737 0.10475 0.99447
vn -0.04904 0.09000 0.99473
vn -0.03510 0.05991 0.99759
vn -0.01559 0.03165 0.99938
vn 0.00662 0.00403 0.99997
vn 0.02598 -0.01738 0.99951
vn 0.04850 -0.03504 0.99821
vn 0.06852 -0.04854 0.99647
vn 0.08748 -0.05632 0.99457
vn 0.10909 -0.05578 0.99247
vn 0.13526 -0.04477 0.98980
vn 0.16650 -0.02247 0.98579
vn 0.20236 0.00999 0.97926
vn 0.24258 0.04998 0.96884
vn 0.28521 0.09104 0.95413
vn 0.32441 0.12315 0.93787
vn 0.34956 0.14794 0.92516
vn 0.34685 0.17974 0.92054
vn 0.31108 0.22381 0.92366
vn 0.24946 0.27327 0.92903
vn 0.17469 0.31735 0.93208
vn 0.10135 0.34505 0.93310
vn 0.04185 0.34952 0.93599
vn 0.00138 0.33097 0.94364
vn -0.02360 0.29552 0.95504
vn -0.03899 0.25217 0.96690
vn -0.04940 0.20729 0.97703
vn -0.05559 0.16415 0.98487
vn -0.05594 0.12467 0.99062
vn -0.11170 0.09750 0.98895
vn -0.08945 0.05784 0.99431
vn -0.06158 0.01571 0.99798
vn -0.03007 -0.02965 0.99911
vn -0.00377 -0.06465 0.99790
vn 0.02716 -0.09096 0.99548
vn 0.06101 -0.11325 0.99169
vn 0.08561 -0.13083 0.98770
vn 0.11198 -0.13827 0.98404
vn 0.15059 -0.12848 0.98021
vn 0.20446 -0.09791 0.97397
vn 0.27218 -0.04603 0.96114
vn 0.34894 0.02686 0.93676
vn 0.42146 0.10863 0.90032
vn 0.47476 0.16806 0.86392
vn 0.50160 0.19884 0.84194
vn 0.49220 0.23180 0.83905
vn 0.43637 0.29336 0.85060
vn 0.33710 0.37820 0.86216
vn 0.21578 0.46012 0.86124
vn 0.10191 0.51346 0.85204
vn 0.01663 0.52936 0.84824
vn -0.03864 0.50919 0.85979
vn -0.07526 0.45570 0.88694
vn -0.10054 0.37678 0.92083
vn -0.11697 0.28845 0.95032
vn -0.12555 0.20816 0.97000
vn -0.12450 0.14485 0.98159
vn -0.17287 0.11126 0.97864
vn -0.14116 0.05850 0.98826
vn -0.10436 -0.00328 0.99453
vn -0.06434 -0.06916 0.99553
vn -0.03259 -0.11701 0.99260
vn 0.00250 -0.14841 0.98892
vn 0.05331 -0.17360 0.98337
vn 0.09327 -0.19577 0.97620
vn 0.12668 -0.21470 0.96843
vn 0.18107 -0.21779 0.95905
vn 0.26763 -0.19159 0.94428
vn 0.37497 -0.12654 0.91836
vn 0.47036 -0.02036 0.88224
vn 0.51946 0.10756 0.84770
vn 0.53652 0.19683 0.82061
vn 0.55616 0.21963 0.80153
vn 0.55972 0.23583 0.79442
vn 0.51222 0.29438 0.80683
vn 0.40146 0.39470 0.82646
vn 0.24573 0.50270 0.82880
vn 0.10002 0.57319 0.81330
vn 0.00622 0.59594 0.80300
vn -0.05818 0.59247 0.80349
vn -0.12095 0.57553 0.80879
vn -0.17725 0.51790 0.83687
vn -0.20984 0.40425 0.89025
vn -0.21319 0.27394 0.93782
vn -0.19800 0.17442 0.96456
vn -0.21687 0.13672 0.96658
vn -0.17696 0.07444 0.98140
vn -0.13423 0.00337 0.99094
vn -0.08687 -0.07449 0.99343
vn -0.04753 -0.13384 0.98986
vn -0.01548 -0.16838 0.98560
vn 0.03773 -0.19393 0.98029
vn 0.09368 -0.21375 0.97239
vn 0.13430 -0.23229 0.96333
vn 0.18863 -0.24065 0.95211
vn 0.27976 -0.22009 0.93450
vn 0.39782 -0.16075 0.90327
vn 0.50713 -0.06858 0.85914
vn 0.56697 0.05541 0.82188
vn 0.57001 0.17591 0.80258
vn 0.55408 0.22967 0.80015
vn 0.54748 0.22766 0.80526
vn 0.54119 0.25479 0.80137
vn 0.60284 0.51903 0.60596
vn 0.21577 0.51330 0.83064
vn 0.08326 0.57478 0.81406
vn 0.00596 0.59114 0.80655
vn -0.05499 0.58044 0.81245
vn -0.12692 0.58313 0.80240
vn -0.20341 0.56967 0.79630
vn -0.25572 0.49573 0.82998
vn -0.27208 0.36004 0.89238
vn -0.25297 0.22478 0.94100
vn 0.09159 0.07958 0.99261
vn -0.00910 0.05081 0.99867
vn -0.00533 0.03031 0.99953
vn 0.00207 0.01171 0.99993
vn 0.01353 -0.00512 0.99990
vn 0.02756 -0.01788 0.99946
vn 0.04214 -0.02570 0.99878
vn 0.05565 -0.02942 0.99802
vn 0.06625 -0.03007 0.99735
vn 0.08182 -0.02680 0.99629
vn 0.10265 -0.01787 0.99456
vn 0.12588 -0.00230 0.99204
vn 0.14927 0.01920 0.98861
vn 0.17094 0.04441 0.98428
vn 0.18955 0.07001 0.97937
vn 0.20411 0.09276 0.97454
vn 0.21290 0.11259 0.97057
vn 0.21173 0.13400 0.96810
vn 0.19634 0.15930 0.96751
vn 0.16779 0.18449 0.96841
vn 0.13310 0.20300 0.97009
vn 0.09990 0.21074 0.97242
vn 0.07399 0.20734 0.97547
vn 0.05111 0.19452 0.97957
vn 0.03108 0.17502 0.98407
vn 0.01526 0.15156 0.98833
vn 0.00310 0.12578 0.99205
vn -0.00518 0.09931 0.99504
vn -0.00920 0.07389 0.99722
vn -0.07928 0.04017 0.99604
vn -0.07050 0.00660 0.99749
vn -0.05453 -0.02249 0.99826
vn -0.03404 -0.05037 0.99815
vn -0.01566 -0.07244 0.99725
vn 0.00616 -0.09040 0.99589
vn 0.02833 -0.10310 0.99427
vn 0.04976 -0.10851 0.99285
vn 0.07797 -0.10418 0.99150
vn 0.11370 -0.08833 0.98958
vn 0.15323 -0.05985 0.98638
vn 0.19431 -0.01926 0.98075
vn 0.23617 0.03148 0.97120
vn 0.27847 0.08710 0.95649
vn 0.31805 0.13555 0.93833
vn 0.34695 0.17068 0.92222
vn 0.35046 0.20654 0.91352
vn 0.31834 0.25618 0.91271
vn 0.25911 0.31195 0.91408
vn 0.19096 0.35665 0.91451
vn 0.13053 0.37555 0.91756
vn 0.08419 0.36386 0.92764
vn 0.04401 0.32665 0.94412
vn 0.00704 0.27649 0.96099
vn -0.02418 0.22536 0.97398
vn -0.04992 0.17599 0.98312
vn -0.06900 0.12714 0.98948
vn -0.07909 0.08082 0.99359
vn -0.15186 0.03397 0.98782
vn -0.13482 -0.00843 0.99083
vn -0.11017 -0.04974 0.99267
vn -0.08001 -0.09420 0.99233
vn -0.05228 -0.13009 0.99012
vn -0.02118 -0.15712 0.98735
vn 0.01211 -0.17904 0.98377
vn 0.03876 -0.19370 0.98030
vn 0.07496 -0.19417 0.97810
vn 0.12577 -0.17495 0.97651
vn 0.18551 -0.13494 0.97333
vn 0.25275 -0.07377 0.96471
vn 0.32754 0.00927 0.94479
vn 0.40168 0.10673 0.90954
vn 0.45682 0.18480 0.87015
vn 0.48232 0.22504 0.84660
vn 0.47062 0.25754 0.84391
vn 0.41440 0.32050 0.85179
vn 0.32180 0.40969 0.85358
vn 0.21987 0.49107 0.84292
vn 0.14422 0.53709 0.83111
vn 0.09583 0.54107 0.83550
vn 0.04707 0.50100 0.86416
vn -0.01373 0.42090 0.90700
vn -0.07074 0.32400 0.94341
vn -0.11421 0.23343 0.96564
vn -0.14320 0.15475 0.97752
vn -0.15598 0.08741 0.98389
vn -0.21904 0.03813 0.97497
vn -0.19199 -0.01488 0.98129
vn -0.15792 -0.07399 0.98468
vn -0.11887 -0.13822 0.98324
vn -0.08534 -0.18718 0.97861
vn -0.04854 -0.21965 0.97437
vn 0.00129 -0.24445 0.96966
vn 0.03953 -0.26377 0.96377
vn 0.08049 -0.27297 0.95865
vn 0.14509 -0.26022 0.95459
vn 0.23100 -0.21924 0.94793
vn 0.33322 -0.14208 0.93208
vn 0.43573 -0.02285 0.89979
vn 0.49777 0.11059 0.86023
vn 0.51763 0.21197 0.82893
vn 0.53015 0.24151 0.81278
vn 0.52940 0.25278 0.80984
vn 0.47642 0.31132 0.82226
vn 0.36143 0.41546 0.83472
vn 0.22335 0.51482 0.82769
vn 0.13031 0.56952 0.81159
vn 0.09764 0.58784 0.80306
vn 0.05289 0.58544 0.80899
vn -0.03607 0.55056 0.83402
vn -0.13487 0.45236 0.88158
vn -0.20121 0.31816 0.92644
vn -0.23099 0.19551 0.95311
vn -0.23451 0.10283 0.96666
vn -0.26263 0.05850 0.96312
vn -0.22851 -0.00212 0.97354
vn -0.18878 -0.06955 0.97955
vn -0.14289 -0.14510 0.97904
vn -0.10200 -0.20502 0.97343
vn -0.06777 -0.24141 0.96805
vn -0.01525 -0.26715 0.96354
vn 0.03700 -0.28575 0.95759
vn 0.07918 -0.29769 0.95137
vn 0.14274 -0.29126 0.94594
vn 0.23439 -0.25407 0.93835
vn 0.34652 -0.17750 0.92110
vn 0.46103 -0.05847 0.88546
vn 0.54108 0.07241 0.83785
vn 0.55935 0.18985 0.80690
vn 0.53413 0.24354 0.80956
vn 0.49369 0.22793 0.83924
vn 0.45893 0.23282 0.85743
vn 0.54121 0.50434 0.67286
vn 0.16090 0.45493 0.87587
vn 0.09952 0.50539 0.85713
vn 0.09108 0.53437 0.84033
vn 0.06150 0.55846 0.82725
vn -0.03122 0.57142 0.82006
vn -0.14794 0.52444 0.83850
vn -0.23916 0.40502 0.88247
vn -0.28138 0.25950 0.92384
vn -0.28398 0.13954 0.94862
vn 0.08958 0.13526 0.98675
vn -0.00298 0.08021 0.99677
vn -0.00384 0.06170 0.99809
vn -0.00205 0.04947 0.99877
vn 0.00489 0.03976 0.99920
vn 0.01496 0.03244 0.99936
vn 0.02608 0.02828 0.99926
vn 0.03635 0.02684 0.99898
vn 0.04787 0.02747 0.99848
vn 0.06245 0.03147 0.99755
vn 0.08020 0.04078 0.99594
vn 0.10029 0.05676 0.99334
vn 0.12130 0.07933 0.98944
vn 0.14147 0.10640 0.98421
vn 0.16023 0.13992 0.97711
vn 0.17523 0.17304 0.96920
vn 0.18682 0.19383 0.96308
vn 0.19124 0.21210 0.95835
vn 0.18387 0.23291 0.95496
vn 0.16704 0.25194 0.95322
vn 0.14811 0.26261 0.95347
vn 0.13022 0.26247 0.95611
vn 0.11081 0.25210 0.96133
vn 0.08825 0.23318 0.96842
vn 0.06438 0.20842 0.97592
vn 0.04370 0.18142 0.98243
vn 0.02489 0.15116 0.98820
vn 0.01078 0.12311 0.99233
vn 0.00183 0.09972 0.99501
vn -0.07205 0.05423 0.99593
vn -0.06814 0.02736 0.99730
vn -0.05823 0.01021 0.99825
vn -0.04470 -0.00537 0.99899
vn -0.03266 -0.01820 0.99930
vn -0.01144 -0.03119 0.99945
vn 0.00886 -0.04202 0.99908
vn 0.03060 -0.04772 0.99839
vn 0.05663 -0.04495 0.99738
vn 0.08730 -0.03088 0.99570
vn 0.12234 -0.00350 0.99248
vn 0.15966 0.03703 0.98648
vn 0.19779 0.08971 0.97613
vn 0.23644 0.15288 0.95954
vn 0.27314 0.21844 0.93685
vn 0.30511 0.26244 0.91544
vn 0.31902 0.29863 0.89947
vn 0.30107 0.34396 0.88941
vn 0.25713 0.39146 0.88354
vn 0.21072 0.42241 0.88157
vn 0.17806 0.42478 0.88761
vn 0.14712 0.39823 0.90541
vn 0.10552 0.34994 0.93081
vn 0.05924 0.29408 0.95394
vn 0.01675 0.24099 0.97038
vn -0.02004 0.18899 0.98178
vn -0.04906 0.13592 0.98950
vn -0.06618 0.09053 0.99369
vn -0.15499 0.03593 0.98726
vn -0.14226 0.00681 0.98981
vn -0.11899 -0.01535 0.99278
vn -0.09040 -0.04172 0.99503
vn -0.06720 -0.06574 0.99557
vn -0.03962 -0.08611 0.99550
vn -0.00232 -0.10620 0.99434
vn 0.02601 -0.12335 0.99202
vn 0.05803 -0.12998 0.98982
vn 0.10143 -0.11824 0.98779
vn 0.15513 -0.08438 0.98428
vn 0.21679 -0.02593 0.97587
vn 0.28513 0.05755 0.95676
vn 0.35129 0.15948 0.92258
vn 0.39494 0.25928 0.88136
vn 0.40971 0.31581 0.85580
vn 0.39494 0.34721 0.85057
vn 0.35034 0.39462 0.84944
vn 0.28977 0.45843 0.84016
vn 0.22711 0.51906 0.82401
vn 0.20151 0.55217 0.80901
vn 0.18657 0.54853 0.81505
vn 0.13588 0.50023 0.85516
vn 0.05315 0.41266 0.90934
vn -0.02626 0.31750 0.94789
vn -0.08686 0.23222 0.96878
vn -0.12929 0.15208 0.97988
vn -0.15181 0.08389 0.98484
vn -0.23132 0.02930 0.97244
vn -0.20981 -0.00119 0.97774
vn -0.17694 -0.03267 0.98368
vn -0.13761 -0.07476 0.98766
vn -0.09989 -0.10965 0.98894
vn -0.06257 -0.13481 0.98889
vn -0.00900 -0.15935 0.98718
vn 0.03615 -0.18244 0.98255
vn 0.07298 -0.20148 0.97677
vn 0.12819 -0.20143 0.97108
vn 0.20579 -0.17322 0.96314
vn 0.30397 -0.10550 0.94682
vn 0.40245 0.00558 0.91543
vn 0.45509 0.13998 0.87937
vn 0.45506 0.26576 0.84988
vn 0.44728 0.31833 0.83582
vn 0.43704 0.33230 0.83581
vn 0.38473 0.37613 0.84292
vn 0.29282 0.44700 0.84525
vn 0.19977 0.50865 0.83747
vn 0.16841 0.54615 0.82059
vn 0.18884 0.57060 0.79922
vn 0.15216 0.57608 0.80311
vn 0.03940 0.53213 0.84575
vn -0.08500 0.41945 0.90379
vn -0.16887 0.29112 0.94166
vn -0.21615 0.17773 0.96005
vn -0.23550 0.08572 0.96809
vn -0.27359 0.03885 0.96106
vn -0.24979 0.00422 0.96829
vn -0.21360 -0.02877 0.97650
vn -0.16905 -0.07983 0.98237
vn -0.12500 -0.12486 0.98427
vn -0.08269 -0.15179 0.98495
vn -0.02442 -0.17573 0.98414
vn 0.03729 -0.19748 0.97960
vn 0.08035 -0.21786 0.97267
vn 0.13311 -0.22563 0.96508
vn 0.21447 -0.20463 0.95506
vn 0.32073 -0.13927 0.93688
vn 0.43450 -0.03522 0.89999
vn 0.51142 0.08551 0.85507
vn 0.51376 0.21674 0.83010
vn 0.45274 0.30386 0.83827
vn 0.36000 0.29146 0.88626
vn 0.27777 0.25795 0.92537
vn 0.28759 0.37465 0.88144
vn 0.07084 0.30360 0.95016
vn 0.10872 0.37910 0.91894
vn 0.17051 0.46881 0.86669
vn 0.16075 0.54258 0.82448
vn 0.05015 0.56217 0.82550
vn -0.09195 0.49501 0.86401
vn -0.19896 0.36172 0.91081
vn -0.25582 0.22469 0.94025
vn -0.27774 0.11113 0.95421
vn 0.08688 0.10768 0.99038
vn -0.04097 0.11034 0.99305
vn -0.03300 0.08655 0.99570
vn -0.02016 0.06296 0.99781
vn -0.00200 0.04059 0.99917
vn 0.02044 0.02180 0.99955
vn 0.04534 0.00804 0.99894
vn 0.07093 -0.00076 0.99748
vn 0.09669 -0.00536 0.99530
vn 0.12270 -0.00582 0.99243
vn 0.14781 -0.00170 0.98901
vn 0.17193 0.00770 0.98508
vn 0.19373 0.02098 0.98083
vn 0.21211 0.03621 0.97657
vn 0.22600 0.05274 0.97270
vn 0.23330 0.07109 0.96980
vn 0.23081 0.09395 0.96845
vn 0.21496 0.12319 0.96882
vn 0.18507 0.15620 0.97023
vn 0.14496 0.18761 0.97149
vn 0.10119 0.21255 0.97190
vn 0.05993 0.22826 0.97176
vn 0.02538 0.23395 0.97192
vn -0.00078 0.23044 0.97309
vn -0.01945 0.21923 0.97548
vn -0.03225 0.20215 0.97882
vn -0.04037 0.18118 0.98262
vn -0.04447 0.15807 0.98643
vn -0.04469 0.13422 0.98994
vn -0.11355 0.11031 0.98739
vn -0.10079 0.07264 0.99225
vn -0.07993 0.03577 0.99616
vn -0.05356 -0.00024 0.99856
vn -0.02632 -0.02860 0.99924
vn 0.01048 -0.05208 0.99859
vn 0.05096 -0.07050 0.99621
vn 0.09310 -0.08228 0.99225
vn 0.13608 -0.08475 0.98707
vn 0.17923 -0.07645 0.98083
vn 0.22330 -0.05727 0.97307
vn 0.26908 -0.02823 0.96270
vn 0.31251 0.00444 0.94990
vn 0.35052 0.04014 0.93569
vn 0.37689 0.07273 0.92340
vn 0.38220 0.10613 0.91796
vn 0.35604 0.15074 0.92223
vn 0.29760 0.20589 0.93223
vn 0.21798 0.26228 0.94005
vn 0.13320 0.31006 0.94134
vn 0.05789 0.34147 0.93811
vn -0.00019 0.35247 0.93582
vn -0.04070 0.34307 0.93843
vn -0.06767 0.31714 0.94596
vn -0.08670 0.28037 0.95597
vn -0.10159 0.23806 0.96592
vn -0.11254 0.19409 0.97451
vn -0.11728 0.15089 0.98157
vn -0.17527 0.11206 0.97812
vn -0.15731 0.06346 0.98551
vn -0.13122 0.01028 0.99130
vn -0.09870 -0.04436 0.99413
vn -0.06741 -0.08419 0.99417
vn -0.02173 -0.11400 0.99324
vn 0.03881 -0.14028 0.98935
vn 0.09656 -0.16131 0.98217
vn 0.15095 -0.17176 0.97351
vn 0.21113 -0.16378 0.96364
vn 0.28458 -0.13487 0.94912
vn 0.36302 -0.09121 0.92731
vn 0.43584 -0.03210 0.89945
vn 0.49400 0.03550 0.86874
vn 0.53130 0.08784 0.84262
vn 0.54214 0.12417 0.83107
vn 0.51405 0.17315 0.84010
vn 0.43478 0.25192 0.86458
vn 0.31058 0.34683 0.88502
vn 0.17091 0.43122 0.88591
vn 0.05033 0.48484 0.87316
vn -0.03413 0.50414 0.86295
vn -0.08939 0.49240 0.86577
vn -0.12541 0.45344 0.88242
vn -0.14978 0.39000 0.90855
vn -0.16735 0.31030 0.93579
vn -0.17916 0.23166 0.95616
vn -0.18284 0.16553 0.96911
vn -0.22919 0.12198 0.96571
vn -0.20180 0.05929 0.97763
vn -0.16887 -0.01505 0.98552
vn -0.13277 -0.08853 0.98718
vn -0.10080 -0.13837 0.98524
vn -0.05407 -0.17388 0.98328
vn 0.02567 -0.20632 0.97815
vn 0.10683 -0.23246 0.96672
vn 0.17495 -0.25213 0.95175
vn 0.25497 -0.25510 0.93269
vn 0.36014 -0.22510 0.90533
vn 0.46420 -0.16327 0.87055
vn 0.53526 -0.07755 0.84112
vn 0.56678 0.03258 0.82322
vn 0.58108 0.10657 0.80684
vn 0.59826 0.13036 0.79063
vn 0.59024 0.16383 0.79043
vn 0.52479 0.24241 0.81599
vn 0.39107 0.35782 0.84795
vn 0.21103 0.47286 0.85549
vn 0.04997 0.54604 0.83627
vn -0.04990 0.57045 0.81982
vn -0.11889 0.56786 0.81449
vn -0.18306 0.55671 0.81028
vn -0.23311 0.51644 0.82399
vn -0.26139 0.41985 0.86914
vn -0.26439 0.29478 0.91826
vn -0.25092 0.19205 0.94876
vn -0.26941 0.14850 0.95151
vn -0.23154 0.07599 0.96985
vn -0.19157 -0.00794 0.98145
vn -0.15010 -0.09511 0.98409
vn -0.11496 -0.15460 0.98127
vn -0.07596 -0.19187 0.97848
vn 0.00267 -0.22709 0.97387
vn 0.09973 -0.25350 0.96218
vn 0.18090 -0.27168 0.94523
vn 0.26473 -0.27489 0.92431
vn 0.37410 -0.25377 0.89199
vn 0.48803 -0.19967 0.84968
vn 0.56710 -0.12942 0.81342
vn 0.59784 -0.02023 0.80136
vn 0.59141 0.09254 0.80105
vn 0.58261 0.14024 0.80056
vn 0.58581 0.14950 0.79654
vn 0.58035 0.20529 0.78807
vn 0.63424 0.52822 0.56455
vn 0.18686 0.49538 0.84834
vn 0.03600 0.56216 0.82625
vn -0.05114 0.57866 0.81396
vn -0.11952 0.56178 0.81861
vn -0.19518 0.55934 0.80563
vn -0.26575 0.55548 0.78792
vn -0.30858 0.50208 0.80790
vn -0.32229 0.38020 0.86694
vn -0.30419 0.24419 0.92078
vn 0.09781 0.12600 0.98720
vn 0.00003 0.12501 0.99215
vn 0.00733 0.10450 0.99450
vn 0.01820 0.08472 0.99624
vn 0.03332 0.06539 0.99730
vn 0.04938 0.05080 0.99749
vn 0.06558 0.04133 0.99699
vn 0.08017 0.03612 0.99613
vn 0.09480 0.03389 0.99492
vn 0.11152 0.03516 0.99314
vn 0.13047 0.04125 0.99059
vn 0.15042 0.05256 0.98722
vn 0.16963 0.06796 0.98316
vn 0.18665 0.08492 0.97875
vn 0.20062 0.10058 0.97449
vn 0.21075 0.11346 0.97093
vn 0.21488 0.12631 0.96844
vn 0.20812 0.14528 0.96725
vn 0.18648 0.17200 0.96729
vn 0.15217 0.20093 0.96771
vn 0.11275 0.22476 0.96787
vn 0.07642 0.23893 0.96802
vn 0.04796 0.24262 0.96893
vn 0.02789 0.23733 0.97103
vn 0.01375 0.22520 0.97422
vn 0.00408 0.20879 0.97795
vn -0.00169 0.19009 0.98177
vn -0.00447 0.16891 0.98562
vn -0.00394 0.14674 0.98917
vn -0.07047 0.12664 0.98944
vn -0.05645 0.09258 0.99410
vn -0.03595 0.06078 0.99750
vn -0.01059 0.02892 0.99953
vn 0.01254 0.00317 0.99992
vn 0.03675 -0.01759 0.99917
vn 0.05973 -0.03323 0.99766
vn 0.08469 -0.04169 0.99553
vn 0.11387 -0.04063 0.99266
vn 0.14682 -0.02837 0.98876
vn 0.18200 -0.00452 0.98329
vn 0.21769 0.02920 0.97558
vn 0.25324 0.06893 0.96495
vn 0.28855 0.10861 0.95128
vn 0.32097 0.13929 0.93679
vn 0.34226 0.16116 0.92568
vn 0.33703 0.19165 0.92178
vn 0.29570 0.24089 0.92441
vn 0.22646 0.29940 0.92686
vn 0.14895 0.34976 0.92492
vn 0.08178 0.37830 0.92206
vn 0.03265 0.38042 0.92424
vn -0.00291 0.35980 0.93303
vn -0.03011 0.32566 0.94501
vn -0.05062 0.28692 0.95662
vn -0.06540 0.24679 0.96686
vn -0.07446 0.20603 0.97571
vn -0.07664 0.16505 0.98330
vn -0.14052 0.13203 0.98123
vn -0.11740 0.08699 0.98927
vn -0.08812 0.03972 0.99532
vn -0.05440 -0.01155 0.99845
vn -0.02292 -0.05288 0.99834
vn 0.01321 -0.08380 0.99639
vn 0.04942 -0.10913 0.99280
vn 0.08000 -0.12774 0.98858
vn 0.11657 -0.13293 0.98425
vn 0.16335 -0.11862 0.97941
vn 0.21827 -0.08363 0.97230
vn 0.27946 -0.02929 0.95971
vn 0.34535 0.04174 0.93755
vn 0.40834 0.11881 0.90507
vn 0.45526 0.17470 0.87305
vn 0.47719 0.20065 0.85559
vn 0.46301 0.22985 0.85603
vn 0.40120 0.29534 0.86707
vn 0.29490 0.38970 0.87245
vn 0.17357 0.47711 0.86153
vn 0.07848 0.52982 0.84447
vn 0.01857 0.54337 0.83929
vn -0.02756 0.51929 0.85415
vn -0.07203 0.46265 0.88361
vn -0.10955 0.38814 0.91507
vn -0.13539 0.31293 0.94008
vn -0.15032 0.24390 0.95808
vn -0.15259 0.18318 0.97116
vn -0.20461 0.14555 0.96796
vn -0.17151 0.08717 0.98132
vn -0.13258 0.01836 0.99100
vn -0.08962 -0.05510 0.99445
vn -0.05354 -0.11066 0.99242
vn -0.01323 -0.14858 0.98881
vn 0.04139 -0.17862 0.98305
vn 0.08541 -0.20370 0.97530
vn 0.12741 -0.21913 0.96734
vn 0.18729 -0.21199 0.95916
vn 0.26856 -0.17511 0.94721
vn 0.36366 -0.10490 0.92560
vn 0.45158 -0.00070 0.89223
vn 0.49906 0.11481 0.85893
vn 0.51234 0.19680 0.83593
vn 0.52481 0.21423 0.82382
vn 0.52397 0.22464 0.82158
vn 0.46972 0.28674 0.83495
vn 0.34723 0.39640 0.84988
vn 0.18745 0.50510 0.84246
vn 0.06467 0.56738 0.82091
vn 0.00902 0.58950 0.80772
vn -0.03905 0.59191 0.80506
vn -0.10749 0.57422 0.81161
vn -0.17782 0.50701 0.84340
vn -0.22191 0.40105 0.88877
vn -0.23603 0.29363 0.92632
vn -0.22814 0.20849 0.95104
vn -0.24893 0.17087 0.95333
vn -0.20847 0.10469 0.97241
vn -0.16323 0.02580 0.98625
vn -0.11309 -0.06078 0.99172
vn -0.06853 -0.12782 0.98943
vn -0.03110 -0.16954 0.98503
vn 0.02679 -0.20114 0.97920
vn 0.08513 -0.22614 0.97037
vn 0.13024 -0.24542 0.96063
vn 0.18853 -0.24610 0.95073
vn 0.27461 -0.21302 0.93766
vn 0.38019 -0.14249 0.91387
vn 0.48141 -0.04207 0.87549
vn 0.54383 0.07111 0.83617
vn 0.55023 0.17412 0.81666
vn 0.52378 0.21690 0.82377
vn 0.49274 0.20199 0.84641
vn 0.46878 0.21898 0.85574
vn 0.55721 0.50915 0.65596
vn 0.13621 0.47494 0.86941
vn 0.03586 0.52637 0.84950
vn -0.00075 0.54913 0.83573
vn -0.03861 0.56327 0.82537
vn -0.11297 0.58177 0.80547
vn -0.19720 0.56073 0.80417
vn -0.26121 0.47812 0.83855
vn -0.28738 0.35873 0.88810
vn -0.27898 0.24945 0.92733
vn 0.15627 0.17347 0.97236
vn 0.03883 0.14385 0.98884
vn 0.04235 0.12504 0.99125
vn 0.04960 0.10767 0.99295
vn 0.06281 0.08992 0.99397
vn 0.08175 0.07511 0.99382
vn 0.10312 0.06550 0.99251
vn 0.12039 0.06046 0.99088
vn 0.13616 0.05821 0.98898
vn 0.15449 0.06022 0.98616
vn 0.17496 0.06818 0.98221
vn 0.19652 0.08317 0.97697
vn 0.21755 0.10468 0.97042
vn 0.23650 0.13070 0.96280
vn 0.25232 0.15804 0.95465
vn 0.26431 0.18300 0.94692
vn 0.27139 0.20435 0.94053
vn 0.26986 0.22623 0.93595
vn 0.25527 0.25173 0.93352
vn 0.22908 0.27667 0.93326
vn 0.19852 0.29418 0.93491
vn 0.17007 0.30046 0.93851
vn 0.14500 0.29559 0.94425
vn 0.11689 0.28161 0.95238
vn 0.09159 0.26205 0.96070
vn 0.06940 0.23713 0.96900
vn 0.05459 0.21233 0.97567
vn 0.04455 0.18800 0.98116
vn 0.03934 0.16488 0.98553
vn -0.04348 0.12796 0.99083
vn -0.03536 0.09602 0.99475
vn -0.01858 0.06774 0.99753
vn 0.00433 0.03952 0.99921
vn 0.02683 0.01579 0.99952
vn 0.05742 -0.00474 0.99834
vn 0.09330 -0.02074 0.99542
vn 0.12321 -0.02955 0.99194
vn 0.15501 -0.02789 0.98752
vn 0.18995 -0.01400 0.98169
vn 0.22694 0.01331 0.97382
vn 0.26434 0.05370 0.96293
vn 0.30100 0.10526 0.94780
vn 0.33645 0.16338 0.92742
vn 0.36871 0.21659 0.90396
vn 0.39262 0.25607 0.88333
vn 0.39527 0.29408 0.87022
vn 0.36530 0.34429 0.86488
vn 0.30992 0.39920 0.86290
vn 0.25000 0.43996 0.86252
vn 0.20150 0.45329 0.86829
vn 0.16172 0.43747 0.88457
vn 0.11594 0.39789 0.91008
vn 0.07049 0.34826 0.93474
vn 0.03148 0.29952 0.95357
vn -0.00176 0.25276 0.96753
vn -0.02681 0.20775 0.97781
vn -0.04100 0.16557 0.98535
vn -0.12655 0.11507 0.98526
vn -0.11100 0.07661 0.99086
vn -0.08479 0.03714 0.99571
vn -0.05106 -0.00798 0.99866
vn -0.01748 -0.04618 0.99878
vn 0.02221 -0.07492 0.99694
vn 0.07516 -0.09851 0.99229
vn 0.11763 -0.11507 0.98637
vn 0.15704 -0.11929 0.98036
vn 0.20593 -0.10456 0.97297
vn 0.26301 -0.06943 0.96229
vn 0.32468 -0.01334 0.94573
vn 0.38942 0.06837 0.91852
vn 0.44860 0.16652 0.87809
vn 0.48744 0.25025 0.83653
vn 0.50008 0.29623 0.81374
vn 0.48137 0.32902 0.81242
vn 0.42582 0.38594 0.81837
vn 0.34420 0.46470 0.81583
vn 0.26060 0.53722 0.80217
vn 0.21168 0.57837 0.78783
vn 0.18220 0.58157 0.79283
vn 0.13374 0.54240 0.82940
vn 0.06221 0.46393 0.88368
vn -0.00635 0.37372 0.92752
vn -0.06299 0.29176 0.95441
vn -0.10378 0.22135 0.96966
vn -0.12538 0.16227 0.97875
vn -0.19990 0.11145 0.97346
vn -0.17598 0.06710 0.98210
vn -0.14097 0.01078 0.98996
vn -0.09838 -0.05393 0.99369
vn -0.05696 -0.10314 0.99303
vn -0.00905 -0.13671 0.99057
vn 0.05921 -0.16551 0.98443
vn 0.11996 -0.18773 0.97487
vn 0.16720 -0.20079 0.96526
vn 0.22967 -0.19166 0.95421
vn 0.31238 -0.15365 0.93745
vn 0.40658 -0.08654 0.90951
vn 0.49368 0.01821 0.86945
vn 0.53789 0.14991 0.82958
vn 0.53948 0.25970 0.80095
vn 0.53731 0.29802 0.78898
vn 0.52855 0.31075 0.78998
vn 0.47228 0.36348 0.80302
vn 0.36233 0.45351 0.81428
vn 0.24228 0.53484 0.80947
vn 0.18259 0.57995 0.79393
vn 0.18206 0.60271 0.77692
vn 0.14770 0.60814 0.77997
vn 0.05236 0.57364 0.81743
vn -0.05913 0.47355 0.87878
vn -0.14129 0.34858 0.92657
vn -0.18861 0.24101 0.95202
vn -0.20661 0.16338 0.96469
vn -0.24231 0.12300 0.96237
vn -0.21439 0.07663 0.97374
vn -0.17524 0.01490 0.98441
vn -0.12827 -0.06194 0.98980
vn -0.08176 -0.12152 0.98922
vn -0.03304 -0.15608 0.98719
vn 0.03855 -0.18623 0.98175
vn 0.11505 -0.21017 0.97087
vn 0.16874 -0.22683 0.95921
vn 0.22985 -0.22510 0.94684
vn 0.31761 -0.18923 0.92915
vn 0.42191 -0.11721 0.89903
vn 0.52137 -0.02021 0.85309
vn 0.58382 0.09791 0.80596
vn 0.58481 0.22085 0.78053
vn 0.53794 0.28905 0.79188
vn 0.46971 0.27450 0.83906
vn 0.41025 0.25864 0.87453
vn 0.46969 0.46879 0.74808
vn 0.14523 0.39421 0.90747
vn 0.13546 0.44902 0.88320
vn 0.16964 0.51248 0.84178
vn 0.15794 0.57153 0.80523
vn 0.06293 0.59448 0.80165
vn -0.06473 0.54162 0.83813
vn -0.17143 0.41815 0.89206
vn -0.23040 0.28456 0.93056
vn -0.25045 0.18448 0.95039
vn 0.09245 0.10581 0.99008
vn -0.00589 0.10988 0.99393
vn 0.00145 0.08637 0.99626
vn 0.01233 0.06362 0.99790
vn 0.02714 0.04260 0.99872
vn 0.04433 0.02595 0.99868
vn 0.06203 0.01474 0.99797
vn 0.07865 0.00825 0.99687
vn 0.09524 0.00527 0.99544
vn 0.11375 0.00603 0.99349
vn 0.13449 0.01160 0.99085
vn 0.15620 0.02227 0.98747
vn 0.17701 0.03685 0.98352
vn 0.19526 0.05304 0.97932
vn 0.20975 0.06852 0.97535
vn 0.21912 0.08273 0.97218
vn 0.22066 0.09903 0.97031
vn 0.20990 0.12206 0.97007
vn 0.18432 0.15135 0.97114
vn 0.14687 0.18118 0.97242
vn 0.10459 0.20538 0.97308
vn 0.06531 0.22026 0.97325
vn 0.03450 0.22523 0.97369
vn 0.01349 0.22172 0.97502
vn 0.00060 0.21169 0.97734
vn -0.00667 0.19686 0.98041
vn -0.01041 0.17833 0.98391
vn -0.01157 0.15692 0.98754
vn -0.01015 0.13369 0.99097
vn -0.06851 0.11437 0.99107
vn -0.05438 0.07571 0.99565
vn -0.03448 0.03887 0.99865
vn -0.01166 0.00364 0.99993
vn 0.00874 -0.02396 0.99967
vn 0.03367 -0.04621 0.99836
vn 0.05911 -0.06284 0.99627
vn 0.08667 -0.07228 0.99361
vn 0.11894 -0.07209 0.99028
vn 0.15576 -0.06050 0.98594
vn 0.19528 -0.03727 0.98004
vn 0.23519 -0.00450 0.97194
vn 0.27429 0.03387 0.96105
vn 0.31141 0.07155 0.94758
vn 0.34252 0.10083 0.93408
vn 0.35838 0.12548 0.92510
vn 0.34523 0.16093 0.92462
vn 0.29726 0.21173 0.93103
vn 0.22354 0.26800 0.93712
vn 0.14127 0.31622 0.93811
vn 0.06770 0.34579 0.93587
vn 0.01323 0.35233 0.93578
vn -0.02233 0.33796 0.94089
vn -0.04436 0.30959 0.94983
vn -0.05835 0.27501 0.95967
vn -0.06829 0.23762 0.96895
vn -0.07465 0.19757 0.97744
vn -0.07532 0.15567 0.98493
vn -0.13297 0.12145 0.98365
vn -0.11021 0.06938 0.99148
vn -0.08152 0.01459 0.99657
vn -0.04926 -0.04099 0.99794
vn -0.02228 -0.08289 0.99631
vn 0.00987 -0.11344 0.99350
vn 0.04866 -0.13867 0.98914
vn 0.08398 -0.15789 0.98388
vn 0.12491 -0.16468 0.97840
vn 0.17725 -0.15178 0.97239
vn 0.23918 -0.11733 0.96386
vn 0.30700 -0.06376 0.94957
vn 0.37734 0.00584 0.92606
vn 0.44142 0.07949 0.89377
vn 0.48752 0.13171 0.86312
vn 0.50754 0.16057 0.84654
vn 0.48998 0.19789 0.84897
vn 0.42320 0.26811 0.86546
vn 0.31019 0.36133 0.87933
vn 0.17879 0.44665 0.87666
vn 0.06654 0.49880 0.86416
vn -0.00943 0.51312 0.85827
vn -0.05714 0.49350 0.86787
vn -0.09137 0.44500 0.89086
vn -0.11730 0.37805 0.91832
vn -0.13525 0.30628 0.94228
vn -0.14544 0.23804 0.96031
vn -0.14548 0.17644 0.97350
vn -0.19581 0.13434 0.97140
vn -0.16451 0.06573 0.98418
vn -0.12641 -0.01196 0.99191
vn -0.08441 -0.08850 0.99249
vn -0.05097 -0.14303 0.98840
vn -0.01577 -0.18028 0.98349
vn 0.03852 -0.21166 0.97658
vn 0.09015 -0.23795 0.96709
vn 0.13989 -0.25548 0.95664
vn 0.20738 -0.25059 0.94562
vn 0.29701 -0.21312 0.93079
vn 0.39785 -0.14036 0.90665
vn 0.48508 -0.03652 0.87370
vn 0.53091 0.07806 0.84383
vn 0.54702 0.15587 0.82248
vn 0.56249 0.17526 0.80802
vn 0.55954 0.19545 0.80543
vn 0.50318 0.26343 0.82305
vn 0.37952 0.37397 0.84624
vn 0.21086 0.48639 0.84792
vn 0.06536 0.55426 0.82978
vn -0.01627 0.57304 0.81937
vn -0.07168 0.56805 0.81987
vn -0.13310 0.55215 0.82305
vn -0.19117 0.49912 0.84518
vn -0.22453 0.40152 0.88790
vn -0.22996 0.29321 0.92798
vn -0.21840 0.20402 0.95430
vn -0.23791 0.16091 0.95787
vn -0.20022 0.08304 0.97622
vn -0.15700 -0.00619 0.98758
vn -0.10788 -0.09589 0.98953
vn -0.06522 -0.16111 0.98478
vn -0.03087 -0.20152 0.97900
vn 0.02423 -0.23503 0.97169
vn 0.08861 -0.26227 0.96092
vn 0.14379 -0.28299 0.94828
vn 0.21075 -0.28575 0.93484
vn 0.30494 -0.25349 0.91802
vn 0.41606 -0.18064 0.89122
vn 0.51602 -0.08108 0.85273
vn 0.57271 0.03387 0.81906
vn 0.57853 0.13796 0.80391
vn 0.56371 0.18194 0.80569
vn 0.55171 0.18170 0.81400
vn 0.53898 0.21953 0.81321
vn 0.60520 0.51771 0.60473
vn 0.18085 0.49626 0.84913
vn 0.05024 0.55432 0.83079
vn -0.01537 0.56508 0.82489
vn -0.06712 0.55159 0.83141
vn -0.13822 0.55579 0.81975
vn -0.21634 0.54431 0.81051
vn -0.26838 0.47895 0.83581
vn -0.28371 0.36487 0.88678
vn -0.26868 0.24910 0.93046
vn 0.07770 0.12396 0.98924
vn -0.01236 0.10671 0.99421
vn -0.01262 0.09352 0.99554
vn -0.00816 0.07751 0.99696
vn -0.00107 0.06396 0.99795
vn 0.01171 0.05218 0.99857
vn 0.03133 0.04254 0.99860
vn 0.05346 0.03637 0.99791
vn 0.07339 0.03351 0.99674
vn 0.09183 0.03366 0.99521
vn 0.10683 0.03747 0.99357
vn 0.12416 0.04929 0.99104
vn 0.14183 0.06770 0.98757
vn 0.15501 0.08337 0.98439
vn 0.16520 0.09770 0.98141
vn 0.17166 0.11337 0.97861
vn 0.17164 0.13056 0.97647
vn 0.16341 0.15069 0.97498
vn 0.14780 0.17164 0.97401
vn 0.12680 0.19204 0.97316
vn 0.10536 0.20743 0.97256
vn 0.08095 0.21535 0.97318
vn 0.05527 0.21407 0.97525
vn 0.03350 0.20513 0.97816
vn 0.01802 0.19168 0.98129
vn 0.00791 0.17609 0.98434
vn 0.00035 0.15848 0.98736
vn -0.00551 0.14016 0.99011
vn -0.00981 0.12243 0.99243
vn -0.05861 0.08593 0.99458
vn -0.06331 0.05797 0.99631
vn -0.06158 0.03268 0.99757
vn -0.05188 0.00939 0.99861
vn -0.03834 -0.00760 0.99924
vn -0.01164 -0.02390 0.99965
vn 0.02542 -0.03759 0.99897
vn 0.06539 -0.04567 0.99681
vn 0.09789 -0.04709 0.99408
vn 0.12459 -0.03951 0.99142
vn 0.15523 -0.01829 0.98771
vn 0.18868 0.01507 0.98192
vn 0.21927 0.05489 0.97412
vn 0.24669 0.09380 0.96454
vn 0.27141 0.12691 0.95406
vn 0.28641 0.15736 0.94509
vn 0.27971 0.19304 0.94048
vn 0.24346 0.23909 0.93998
vn 0.18745 0.28854 0.93894
vn 0.13571 0.32685 0.93528
vn 0.09872 0.34364 0.93390
vn 0.06199 0.33529 0.94007
vn 0.02809 0.30521 0.95187
vn 0.00250 0.26535 0.96415
vn -0.01300 0.22816 0.97354
vn -0.02382 0.19347 0.98082
vn -0.03603 0.15507 0.98725
vn -0.04884 0.11810 0.99180
vn -0.09562 0.06503 0.99329
vn -0.09566 0.02575 0.99508
vn -0.09510 -0.00841 0.99543
vn -0.08966 -0.04051 0.99515
vn -0.07809 -0.06773 0.99464
vn -0.04738 -0.09624 0.99423
vn 0.00211 -0.12509 0.99214
vn 0.05651 -0.14420 0.98793
vn 0.10371 -0.14826 0.98349
vn 0.14516 -0.13775 0.97977
vn 0.19193 -0.10672 0.97559
vn 0.24544 -0.05024 0.96811
vn 0.30381 0.02249 0.95247
vn 0.36202 0.09249 0.92757
vn 0.40546 0.15122 0.90152
vn 0.42086 0.19087 0.88682
vn 0.39954 0.22944 0.88754
vn 0.33791 0.28965 0.89550
vn 0.24595 0.36667 0.89725
vn 0.15231 0.43507 0.88742
vn 0.10231 0.47376 0.87469
vn 0.07181 0.47875 0.87501
vn 0.03612 0.44550 0.89455
vn -0.00413 0.37874 0.92549
vn -0.03421 0.30438 0.95194
vn -0.05426 0.23887 0.96953
vn -0.07354 0.17467 0.98188
vn -0.08889 0.11262 0.98965
vn -0.12890 0.06057 0.98981
vn -0.11859 0.00951 0.99290
vn -0.11005 -0.03529 0.99330
vn -0.09943 -0.07334 0.99234
vn -0.08754 -0.10774 0.99032
vn -0.05672 -0.14710 0.98749
vn 0.00083 -0.18888 0.98200
vn 0.06033 -0.21983 0.97367
vn 0.11169 -0.23265 0.96613
vn 0.16883 -0.22428 0.95979
vn 0.23629 -0.19745 0.95141
vn 0.32056 -0.13293 0.93785
vn 0.40677 -0.02408 0.91321
vn 0.45762 0.08762 0.88482
vn 0.47324 0.16807 0.86475
vn 0.47951 0.19799 0.85491
vn 0.46689 0.22103 0.85625
vn 0.40578 0.28002 0.87002
vn 0.29292 0.37060 0.88139
vn 0.16045 0.45235 0.87729
vn 0.08515 0.49599 0.86414
vn 0.07135 0.51143 0.85636
vn 0.04357 0.51218 0.85777
vn -0.01558 0.48613 0.87375
vn -0.07692 0.40966 0.90899
vn -0.11407 0.30690 0.94488
vn -0.13421 0.20759 0.96896
vn -0.13840 0.12321 0.98268
vn -0.15477 0.07938 0.98476
vn -0.13151 0.01750 0.99116
vn -0.11813 -0.03806 0.99227
vn -0.10425 -0.07898 0.99141
vn -0.08625 -0.11395 0.98974
vn -0.05749 -0.15228 0.98666
vn -0.00128 -0.19794 0.98021
vn 0.06220 -0.23395 0.97026
vn 0.11296 -0.25407 0.96057
vn 0.16902 -0.25106 0.95310
vn 0.24312 -0.22650 0.94318
vn 0.33387 -0.16687 0.92773
vn 0.43429 -0.06629 0.89833
vn 0.50479 0.04893 0.86185
vn 0.51974 0.14537 0.84187
vn 0.49763 0.19481 0.84523
vn 0.45546 0.19689 0.86821
vn 0.41386 0.21776 0.88391
vn 0.49378 0.47987 0.72519
vn 0.11101 0.40092 0.90936
vn 0.05802 0.43454 0.89878
vn 0.06347 0.45712 0.88714
vn 0.04877 0.48094 0.87540
vn -0.01320 0.50084 0.86544
vn -0.09110 0.47056 0.87765
vn -0.14674 0.37950 0.91348
vn -0.17508 0.26175 0.94912
vn -0.17707 0.15662 0.97166
vn 0.11751 0.06793 0.99075
vn 0.05581 0.04358 0.99749
vn 0.05505 0.03943 0.99770
vn 0.05784 0.03276 0.99779
vn 0.06307 0.02510 0.99769
vn 0.06982 0.01877 0.99738
vn 0.07754 0.01470 0.99688
vn 0.08624 0.01238 0.99620
vn 0.09561 0.01164 0.99535
vn 0.10743 0.01353 0.99412
vn 0.12214 0.01961 0.99232
vn 0.13906 0.03074 0.98981
vn 0.15461 0.04448 0.98697
vn 0.16920 0.06150 0.98366
vn 0.18113 0.07493 0.98060
vn 0.19108 0.08422 0.97795
vn 0.19867 0.09368 0.97558
vn 0.20212 0.10239 0.97399
vn 0.19457 0.11521 0.97410
vn 0.17550 0.12938 0.97594
vn 0.15248 0.13904 0.97848
vn 0.13158 0.14165 0.98113
vn 0.11195 0.13779 0.98411
vn 0.09509 0.12920 0.98705
vn 0.08052 0.11719 0.98984
vn 0.06874 0.10248 0.99236
vn 0.06230 0.08720 0.99424
vn 0.05843 0.06884 0.99592
vn 0.05678 0.05427 0.99691
vn 0.01380 0.03805 0.99918
vn 0.02162 0.02172 0.99953
vn 0.02624 0.01072 0.99960
vn 0.03425 -0.00344 0.99941
vn 0.04402 -0.01645 0.99889
vn 0.05739 -0.03045 0.99789
vn 0.07028 -0.04387 0.99656
vn 0.08639 -0.05277 0.99486
vn 0.10721 -0.05345 0.99280
vn 0.13259 -0.04326 0.99023
vn 0.16074 -0.02042 0.98678
vn 0.18635 0.01074 0.98242
vn 0.20963 0.04864 0.97657
vn 0.23263 0.08734 0.96863
vn 0.25831 0.11981 0.95861
vn 0.28409 0.14622 0.94758
vn 0.29992 0.16999 0.93870
vn 0.29321 0.19925 0.93506
vn 0.25791 0.23634 0.93682
vn 0.20996 0.26455 0.94124
vn 0.16642 0.26991 0.94839
vn 0.12670 0.25149 0.95953
vn 0.08580 0.21852 0.97205
vn 0.05333 0.18567 0.98116
vn 0.03018 0.15552 0.98737
vn 0.01555 0.12681 0.99180
vn 0.00754 0.09610 0.99534
vn 0.00692 0.06328 0.99797
vn -0.05599 0.04490 0.99742
vn -0.03078 0.01694 0.99938
vn -0.00497 -0.00805 0.99996
vn 0.01166 -0.03481 0.99933
vn 0.02143 -0.06043 0.99794
vn 0.04202 -0.08482 0.99551
vn 0.06803 -0.10716 0.99191
vn 0.08799 -0.12626 0.98809
vn 0.11281 -0.13596 0.98427
vn 0.14759 -0.12900 0.98060
vn 0.18807 -0.10166 0.97688
vn 0.23302 -0.05252 0.97105
vn 0.27976 0.00924 0.96002
vn 0.32570 0.08361 0.94177
vn 0.35967 0.15313 0.92043
vn 0.37365 0.19711 0.90638
vn 0.36605 0.21950 0.90434
vn 0.33837 0.24753 0.90787
vn 0.28985 0.30204 0.90816
vn 0.23499 0.36332 0.90154
vn 0.19786 0.39626 0.89656
vn 0.16181 0.38619 0.90811
vn 0.10509 0.33442 0.93655
vn 0.04030 0.26451 0.96354
vn -0.01068 0.20951 0.97775
vn -0.04440 0.16828 0.98474
vn -0.06335 0.12377 0.99029
vn -0.06784 0.07973 0.99451
vn -0.13339 0.05087 0.98976
vn -0.10350 0.01957 0.99444
vn -0.05848 -0.02342 0.99801
vn -0.01801 -0.07127 0.99729
vn 0.00531 -0.10970 0.99395
vn 0.02598 -0.13978 0.98984
vn 0.06474 -0.16669 0.98388
vn 0.09806 -0.19171 0.97654
vn 0.12804 -0.21136 0.96899
vn 0.17049 -0.21218 0.96224
vn 0.23019 -0.18708 0.95499
vn 0.30483 -0.13140 0.94330
vn 0.37740 -0.04439 0.92499
vn 0.41613 0.06119 0.90724
vn 0.41728 0.15769 0.89499
vn 0.41117 0.20115 0.88909
vn 0.40524 0.21320 0.88900
vn 0.37166 0.23816 0.89730
vn 0.29580 0.29147 0.90970
vn 0.21267 0.35574 0.91007
vn 0.18322 0.39087 0.90203
vn 0.18916 0.39377 0.89953
vn 0.14959 0.37301 0.91569
vn 0.05440 0.32305 0.94482
vn -0.04067 0.25012 0.96736
vn -0.10124 0.19297 0.97597
vn -0.13465 0.14385 0.98039
vn -0.14497 0.09126 0.98522
vn -0.17664 0.06136 0.98236
vn -0.15058 0.02878 0.98818
vn -0.10258 -0.01587 0.99460
vn -0.04844 -0.07848 0.99574
vn -0.00815 -0.12739 0.99182
vn 0.01655 -0.15784 0.98733
vn 0.05638 -0.18390 0.98133
vn 0.10208 -0.20869 0.97264
vn 0.13553 -0.23187 0.96326
vn 0.17505 -0.24258 0.95421
vn 0.23700 -0.21993 0.94629
vn 0.32017 -0.16650 0.93261
vn 0.40781 -0.08512 0.90909
vn 0.46519 0.01244 0.88512
vn 0.46782 0.11827 0.87588
vn 0.41730 0.18612 0.88951
vn 0.33470 0.17436 0.92605
vn 0.26722 0.13147 0.95463
vn 0.25791 0.17224 0.95069
vn 0.09388 0.15078 0.98410
vn 0.13873 0.22651 0.96408
vn 0.19259 0.27931 0.94069
vn 0.17971 0.31448 0.93210
vn 0.08451 0.31745 0.94450
vn -0.03313 0.27253 0.96158
vn -0.11548 0.20873 0.97113
vn -0.15973 0.15882 0.97430
vn -0.18128 0.10642 0.97766
vn 0.07175 0.06371 0.99539
vn -0.01696 0.04023 0.99905
vn -0.01371 0.02293 0.99964
vn -0.00730 0.00701 0.99995
vn 0.00266 -0.00769 0.99997
vn 0.01491 -0.01912 0.99971
vn 0.02763 -0.02641 0.99927
vn 0.03926 -0.03025 0.99877
vn 0.05171 -0.03148 0.99817
vn 0.06682 -0.02916 0.99734
vn 0.08465 -0.02174 0.99617
vn 0.10414 -0.00837 0.99453
vn 0.12369 0.01040 0.99227
vn 0.14173 0.03249 0.98937
vn 0.15717 0.05471 0.98605
vn 0.16930 0.07401 0.98278
vn 0.17678 0.09040 0.98009
vn 0.17579 0.10847 0.97843
vn 0.16219 0.13092 0.97804
vn 0.13729 0.15366 0.97854
vn 0.10770 0.17029 0.97949
vn 0.07970 0.17709 0.98096
vn 0.05561 0.17376 0.98322
vn 0.03515 0.16201 0.98616
vn 0.01817 0.14467 0.98931
vn 0.00447 0.12436 0.99223
vn -0.00615 0.10264 0.99470
vn -0.01343 0.08062 0.99665
vn -0.01701 0.05951 0.99808
vn -0.08033 0.03024 0.99631
vn -0.07244 0.00180 0.99737
vn -0.05803 -0.02327 0.99804
vn -0.03934 -0.04812 0.99807
vn -0.02257 -0.06855 0.99739
vn -0.00287 -0.08595 0.99630
vn 0.01665 -0.09893 0.99496
vn 0.03856 -0.10539 0.99368
vn 0.06497 -0.10302 0.99255
vn 0.09555 -0.08994 0.99135
vn 0.12903 -0.06508 0.98950
vn 0.16392 -0.02882 0.98605
vn 0.19945 0.01664 0.97977
vn 0.23544 0.06646 0.96961
vn 0.26975 0.11045 0.95657
vn 0.29593 0.14240 0.94454
vn 0.30035 0.17503 0.93763
vn 0.27245 0.22045 0.93658
vn 0.21920 0.27178 0.93706
vn 0.15953 0.31195 0.93661
vn 0.10880 0.32738 0.93861
vn 0.06834 0.31432 0.94685
vn 0.03190 0.27843 0.95993
vn -0.00129 0.23257 0.97258
vn -0.02985 0.18733 0.98184
vn -0.05357 0.14437 0.98807
vn -0.07098 0.10299 0.99215
vn -0.08013 0.06429 0.99471
vn -0.14784 0.02391 0.98872
vn -0.13231 -0.01171 0.99114
vn -0.10952 -0.04772 0.99284
vn -0.08155 -0.08826 0.99275
vn -0.05560 -0.12210 0.99096
vn -0.02614 -0.14820 0.98861
vn 0.00468 -0.16979 0.98547
vn 0.03138 -0.18526 0.98219
vn 0.06456 -0.18826 0.98000
vn 0.10782 -0.17332 0.97895
vn 0.15922 -0.13896 0.97741
vn 0.21748 -0.08479 0.97238
vn 0.28196 -0.01008 0.95937
vn 0.34596 0.07888 0.93493
vn 0.39398 0.15323 0.90626
vn 0.41565 0.19239 0.88894
vn 0.40366 0.22163 0.88766
vn 0.35286 0.27670 0.89382
vn 0.27144 0.35615 0.89414
vn 0.18335 0.43085 0.88360
vn 0.12339 0.47451 0.87156
vn 0.08562 0.47807 0.87414
vn 0.04127 0.43731 0.89836
vn -0.01656 0.35942 0.93303
vn -0.07055 0.27128 0.95991
vn -0.11159 0.19220 0.97499
vn -0.13896 0.12471 0.98241
vn -0.15122 0.06834 0.98613
vn -0.21026 0.02667 0.97728
vn -0.18598 -0.01732 0.98240
vn -0.15439 -0.06981 0.98554
vn -0.11790 -0.12895 0.98462
vn -0.08555 -0.17522 0.98081
vn -0.05031 -0.20749 0.97694
vn -0.00397 -0.23353 0.97234
vn 0.03429 -0.25447 0.96647
vn 0.07207 -0.26598 0.96128
vn 0.12722 -0.25683 0.95805
vn 0.20261 -0.22084 0.95403
vn 0.29358 -0.15331 0.94356
vn 0.38419 -0.04939 0.92193
vn 0.43791 0.07310 0.89604
vn 0.45129 0.17245 0.87556
vn 0.45803 0.20436 0.86513
vn 0.45508 0.21539 0.86401
vn 0.40525 0.26648 0.87451
vn 0.30099 0.35667 0.88441
vn 0.17891 0.44342 0.87828
vn 0.10399 0.49304 0.86377
vn 0.08622 0.51457 0.85310
vn 0.04992 0.51603 0.85511
vn -0.03319 0.48057 0.87633
vn -0.12624 0.38354 0.91486
vn -0.18799 0.26221 0.94652
vn -0.21730 0.15669 0.96345
vn -0.22284 0.07932 0.97162
vn -0.24945 0.04272 0.96744
vn -0.21979 -0.00640 0.97553
vn -0.18325 -0.06553 0.98088
vn -0.14090 -0.13546 0.98071
vn -0.10150 -0.19155 0.97622
vn -0.06684 -0.22697 0.97161
vn -0.01703 -0.25469 0.96687
vn 0.03290 -0.27623 0.96053
vn 0.07286 -0.29135 0.95384
vn 0.12655 -0.28906 0.94891
vn 0.20664 -0.25643 0.94422
vn 0.30756 -0.18815 0.93274
vn 0.41127 -0.08663 0.90739
vn 0.48354 0.03026 0.87480
vn 0.49580 0.14379 0.85645
vn 0.45975 0.20054 0.86511
vn 0.40444 0.18346 0.89597
vn 0.36085 0.17804 0.91547
vn 0.45732 0.42773 0.77968
vn 0.10546 0.35179 0.93012
vn 0.06462 0.39718 0.91546
vn 0.07334 0.44019 0.89490
vn 0.05562 0.48133 0.87477
vn -0.02799 0.50070 0.86517
vn -0.13682 0.45272 0.88109
vn -0.22114 0.33798 0.91481
vn -0.26055 0.20903 0.94256
vn -0.26594 0.10802 0.95792
vn 0.12881 0.12311 0.98400
vn 0.02571 0.14288 0.98941
vn 0.03516 0.11998 0.99215
vn 0.04808 0.09744 0.99408
vn 0.06497 0.07630 0.99497
vn 0.08557 0.05806 0.99464
vn 0.10807 0.04421 0.99316
vn 0.13076 0.03485 0.99080
vn 0.15291 0.02923 0.98781
vn 0.17502 0.02695 0.98420
vn 0.19698 0.02816 0.98000
vn 0.21767 0.03264 0.97548
vn 0.23566 0.03939 0.97104
vn 0.24995 0.04747 0.96709
vn 0.25965 0.05720 0.96401
vn 0.26314 0.07104 0.96214
vn 0.25743 0.09291 0.96182
vn 0.23932 0.12400 0.96299
vn 0.20880 0.15988 0.96480
vn 0.16913 0.19441 0.96623
vn 0.12615 0.22222 0.96680
vn 0.08621 0.24030 0.96686
vn 0.05426 0.24828 0.96717
vn 0.03256 0.24744 0.96836
vn 0.02004 0.23950 0.97069
vn 0.01441 0.22608 0.97400
vn 0.01326 0.20848 0.97794
vn 0.01493 0.18787 0.98208
vn 0.01906 0.16572 0.98599
vn -0.04087 0.15352 0.98730
vn -0.02353 0.11561 0.99302
vn -0.00038 0.07994 0.99680
vn 0.02596 0.04660 0.99858
vn 0.05170 0.02103 0.99844
vn 0.08627 -0.00097 0.99627
vn 0.12169 -0.01936 0.99238
vn 0.15695 -0.03294 0.98706
vn 0.19382 -0.03916 0.98025
vn 0.23230 -0.03609 0.97197
vn 0.27065 -0.02390 0.96238
vn 0.30690 -0.00521 0.95173
vn 0.34007 0.01669 0.94025
vn 0.36848 0.03893 0.92882
vn 0.38711 0.06156 0.91998
vn 0.38666 0.09375 0.91744
vn 0.35769 0.14372 0.92271
vn 0.30068 0.20570 0.93128
vn 0.22638 0.26730 0.93664
vn 0.14740 0.31859 0.93636
vn 0.07537 0.35271 0.93269
vn 0.01919 0.36664 0.93017
vn -0.01804 0.36165 0.93214
vn -0.03895 0.34215 0.93884
vn -0.04918 0.31305 0.94846
vn -0.05392 0.27735 0.95925
vn -0.05512 0.23679 0.97000
vn -0.05133 0.19451 0.97956
vn -0.11216 0.16468 0.97995
vn -0.08574 0.11314 0.98987
vn -0.05271 0.06084 0.99676
vn -0.01661 0.01035 0.99981
vn 0.01507 -0.02489 0.99958
vn 0.06007 -0.05153 0.99686
vn 0.11683 -0.07534 0.99029
vn 0.16807 -0.09592 0.98110
vn 0.21647 -0.11053 0.97001
vn 0.26997 -0.11227 0.95630
vn 0.32981 -0.09711 0.93904
vn 0.39131 -0.06598 0.91789
vn 0.44832 -0.02137 0.89362
vn 0.49402 0.02800 0.86900
vn 0.52325 0.06764 0.84949
vn 0.52939 0.10497 0.84186
vn 0.49794 0.16527 0.85132
vn 0.41805 0.25437 0.87208
vn 0.30003 0.35263 0.88636
vn 0.17312 0.43550 0.88338
vn 0.06183 0.48803 0.87063
vn -0.01976 0.50817 0.86103
vn -0.07265 0.50025 0.86283
vn -0.10377 0.46946 0.87683
vn -0.12061 0.41950 0.89971
vn -0.12952 0.35567 0.92559
vn -0.13296 0.28708 0.94863
vn -0.12828 0.22186 0.96660
vn -0.18356 0.18002 0.96638
vn -0.14732 0.11248 0.98267
vn -0.10403 0.03878 0.99382
vn -0.05887 -0.03031 0.99781
vn -0.02179 -0.07438 0.99699
vn 0.02762 -0.10439 0.99415
vn 0.10447 -0.13115 0.98584
vn 0.18107 -0.15319 0.97147
vn 0.24772 -0.17474 0.95294
vn 0.31988 -0.18938 0.92834
vn 0.40321 -0.18263 0.89670
vn 0.48016 -0.14368 0.86533
vn 0.52801 -0.06890 0.84644
vn 0.54639 0.02976 0.83700
vn 0.56182 0.08426 0.82296
vn 0.58143 0.10768 0.80644
vn 0.57037 0.15540 0.80655
vn 0.50135 0.24700 0.82924
vn 0.37064 0.36580 0.85371
vn 0.20549 0.47681 0.85465
vn 0.05904 0.54814 0.83430
vn -0.03947 0.57551 0.81684
vn -0.10878 0.57669 0.80969
vn -0.16604 0.56721 0.80666
vn -0.20645 0.53222 0.82105
vn -0.22669 0.45334 0.86203
vn -0.22626 0.34985 0.90907
vn -0.21061 0.25465 0.94382
vn -0.23289 0.20912 0.94975
vn -0.18914 0.13102 0.97317
vn -0.13975 0.04647 0.98910
vn -0.08735 -0.03690 0.99549
vn -0.04377 -0.09125 0.99487
vn 0.00082 -0.12222 0.99250
vn 0.07991 -0.15048 0.98538
vn 0.17344 -0.16993 0.97007
vn 0.25587 -0.18491 0.94886
vn 0.33542 -0.19719 0.92120
vn 0.42316 -0.19876 0.88398
vn 0.50565 -0.18196 0.84333
vn 0.55899 -0.13377 0.81831
vn 0.56826 -0.02418 0.82250
vn 0.55468 0.07998 0.82821
vn 0.55504 0.11884 0.82329
vn 0.56799 0.14059 0.81094
vn 0.56398 0.21535 0.79722
vn 0.62108 0.54228 0.56586
vn 0.18544 0.50626 0.84221
vn 0.04486 0.56922 0.82096
vn -0.04412 0.58915 0.80682
vn -0.11446 0.57972 0.80674
vn -0.18222 0.57792 0.79549
vn -0.24062 0.57150 0.78453
vn -0.27473 0.52425 0.80603
vn -0.28449 0.42283 0.86040
vn -0.26768 0.30458 0.91410
vn 0.08737 0.04619 0.99510
vn -0.00515 0.04852 0.99881
vn -0.00048 0.03165 0.99950
vn 0.00737 0.01504 0.99986
vn 0.01922 -0.00080 0.99981
vn 0.03574 -0.01507 0.99925
vn 0.05501 -0.02592 0.99815
vn 0.07513 -0.03288 0.99663
vn 0.09544 -0.03643 0.99477
vn 0.11639 -0.03682 0.99252
vn 0.13795 -0.03378 0.98986
vn 0.15907 -0.02742 0.98689
vn 0.17834 -0.01861 0.98379
vn 0.19463 -0.00833 0.98084
vn 0.20681 0.00301 0.97838
vn 0.21327 0.01664 0.97685
vn 0.21130 0.03546 0.97678
vn 0.19802 0.06062 0.97832
vn 0.17321 0.08885 0.98087
vn 0.14008 0.11497 0.98344
vn 0.10363 0.13475 0.98545
vn 0.06927 0.14584 0.98688
vn 0.04127 0.14807 0.98811
vn 0.02122 0.14289 0.98951
vn 0.00820 0.13230 0.99118
vn 0.00018 0.11811 0.99300
vn -0.00464 0.10161 0.99481
vn -0.00710 0.08389 0.99645
vn -0.00729 0.06596 0.99780
vn -0.06305 0.04433 0.99703
vn -0.05474 0.01565 0.99838
vn -0.04022 -0.00989 0.99914
vn -0.02116 -0.03315 0.99923
vn -0.00023 -0.05075 0.99871
vn 0.03031 -0.06638 0.99733
vn 0.06249 -0.07948 0.99488
vn 0.09497 -0.08892 0.99150
vn 0.12957 -0.09232 0.98726
vn 0.16706 -0.08747 0.98206
vn 0.20637 -0.07407 0.97567
vn 0.24568 -0.05407 0.96784
vn 0.28397 -0.02967 0.95837
vn 0.31912 -0.00354 0.94771
vn 0.34535 0.02176 0.93822
vn 0.35290 0.05244 0.93419
vn 0.33198 0.09618 0.93837
vn 0.28288 0.14845 0.94760
vn 0.21638 0.19823 0.95597
vn 0.14549 0.23640 0.96070
vn 0.08163 0.25677 0.96302
vn 0.03239 0.25719 0.96582
vn -0.00142 0.24046 0.97066
vn -0.02321 0.21313 0.97675
vn -0.03794 0.18129 0.98270
vn -0.04996 0.14705 0.98787
vn -0.05952 0.11177 0.99195
vn -0.06451 0.07687 0.99495
vn -0.13098 0.03767 0.99067
vn -0.11641 0.00006 0.99320
vn -0.09408 -0.03607 0.99491
vn -0.06817 -0.06987 0.99522
vn -0.04253 -0.09237 0.99482
vn -0.00090 -0.10980 0.99395
vn 0.05206 -0.12559 0.99072
vn 0.10143 -0.13908 0.98507
vn 0.14861 -0.14926 0.97757
vn 0.20277 -0.15039 0.96761
vn 0.26713 -0.13760 0.95379
vn 0.33608 -0.10929 0.93547
vn 0.40177 -0.06270 0.91359
vn 0.45618 -0.00380 0.88988
vn 0.49406 0.04568 0.86822
vn 0.51021 0.08525 0.85581
vn 0.49034 0.13971 0.86026
vn 0.42274 0.21786 0.87967
vn 0.31635 0.30262 0.89908
vn 0.20019 0.37055 0.90698
vn 0.09906 0.40657 0.90823
vn 0.02556 0.40868 0.91232
vn -0.02522 0.38137 0.92408
vn -0.06090 0.33214 0.94126
vn -0.08719 0.26949 0.95905
vn -0.10845 0.20250 0.97326
vn -0.12540 0.13890 0.98234
vn -0.13416 0.08336 0.98745
vn -0.20208 0.03600 0.97871
vn -0.17929 -0.01141 0.98373
vn -0.14783 -0.06213 0.98706
vn -0.11428 -0.10858 0.98750
vn -0.08475 -0.13597 0.98708
vn -0.03863 -0.15517 0.98713
vn 0.03340 -0.17287 0.98438
vn 0.10807 -0.18632 0.97653
vn 0.17819 -0.20165 0.96311
vn 0.25897 -0.21703 0.94119
vn 0.35319 -0.21818 0.90976
vn 0.43623 -0.18726 0.88014
vn 0.48371 -0.10978 0.86832
vn 0.50199 0.00716 0.86484
vn 0.52480 0.07413 0.84799
vn 0.55799 0.10104 0.82367
vn 0.56159 0.14351 0.81488
vn 0.50856 0.22315 0.83161
vn 0.39585 0.32698 0.85813
vn 0.24832 0.42225 0.87181
vn 0.11786 0.47722 0.87084
vn 0.02994 0.48926 0.87163
vn -0.04214 0.47791 0.87740
vn -0.11158 0.45305 0.88448
vn -0.16707 0.39205 0.90465
vn -0.20067 0.29021 0.93569
vn -0.21439 0.18145 0.95975
vn -0.21423 0.09546 0.97211
vn -0.24631 0.05207 0.96779
vn -0.21768 -0.00327 0.97601
vn -0.18217 -0.06064 0.98140
vn -0.14343 -0.11845 0.98255
vn -0.10995 -0.15282 0.98212
vn -0.06931 -0.17191 0.98267
vn 0.00553 -0.19154 0.98147
vn 0.09546 -0.20272 0.97457
vn 0.18342 -0.20901 0.96056
vn 0.27675 -0.21582 0.93639
vn 0.37944 -0.22454 0.89755
vn 0.46862 -0.22564 0.85409
vn 0.51853 -0.18637 0.83450
vn 0.51888 -0.05738 0.85292
vn 0.49967 0.07421 0.86303
vn 0.50631 0.12147 0.85375
vn 0.53760 0.13371 0.83253
vn 0.55098 0.19225 0.81207
vn 0.62204 0.50182 0.60103
vn 0.23741 0.45040 0.86068
vn 0.11432 0.49578 0.86089
vn 0.03487 0.50147 0.86447
vn -0.03973 0.48540 0.87339
vn -0.12379 0.47902 0.86903
vn -0.19975 0.45399 0.86833
vn -0.24959 0.37426 0.89310
vn -0.27032 0.24898 0.93002
vn -0.26572 0.13150 0.95504
vn 0.12232 0.16790 0.97819
vn 0.00637 0.18222 0.98324
vn 0.01491 0.15969 0.98705
vn 0.02748 0.13738 0.99014
vn 0.04480 0.11616 0.99222
vn 0.06748 0.09675 0.99302
vn 0.09428 0.08021 0.99231
vn 0.11938 0.06856 0.99048
vn 0.14490 0.06131 0.98755
vn 0.17068 0.05844 0.98359
vn 0.19588 0.06022 0.97878
vn 0.21883 0.06635 0.97350
vn 0.24014 0.07731 0.96766
vn 0.25576 0.08668 0.96285
vn 0.26602 0.09818 0.95896
vn 0.26928 0.11404 0.95629
vn 0.26259 0.13780 0.95502
vn 0.24295 0.17018 0.95499
vn 0.21058 0.20664 0.95549
vn 0.16943 0.24075 0.95569
vn 0.12525 0.26750 0.95538
vn 0.08406 0.28425 0.95506
vn 0.05069 0.29078 0.95545
vn 0.02708 0.28855 0.95708
vn 0.01231 0.27955 0.96005
vn 0.00400 0.26547 0.96411
vn -0.00003 0.24755 0.96888
vn -0.00089 0.22691 0.97391
vn 0.00120 0.20479 0.97881
vn -0.06963 0.18495 0.98028
vn -0.05485 0.14737 0.98756
vn -0.03238 0.11169 0.99321
vn -0.00462 0.07590 0.99710
vn 0.02294 0.04705 0.99863
vn 0.06483 0.02097 0.99768
vn 0.10857 -0.00008 0.99409
vn 0.15011 -0.01530 0.98855
vn 0.19305 -0.02276 0.98093
vn 0.23687 -0.02017 0.97133
vn 0.27951 -0.00734 0.96011
vn 0.31976 0.01683 0.94735
vn 0.35598 0.04785 0.93327
vn 0.38566 0.07405 0.91966
vn 0.40479 0.10022 0.90890
vn 0.40339 0.13599 0.90486
vn 0.37182 0.18912 0.90883
vn 0.31120 0.25291 0.91607
vn 0.23359 0.31407 0.92021
vn 0.15275 0.36259 0.91934
vn 0.08010 0.39260 0.91622
vn 0.02361 0.40221 0.91524
vn -0.01516 0.39371 0.91911
vn -0.03960 0.37214 0.92733
vn -0.05519 0.34249 0.93790
vn -0.06646 0.30716 0.94933
vn -0.07408 0.26755 0.96069
vn -0.07588 0.22582 0.97121
vn -0.15237 0.18480 0.97089
vn -0.13091 0.13448 0.98223
vn -0.09927 0.08001 0.99184
vn -0.06220 0.02567 0.99773
vn -0.02442 -0.01330 0.99961
vn 0.02883 -0.04274 0.99867
vn 0.09732 -0.06840 0.99290
vn 0.16067 -0.08933 0.98296
vn 0.21965 -0.10446 0.96997
vn 0.28178 -0.10732 0.95346
vn 0.34861 -0.09340 0.93260
vn 0.41481 -0.06251 0.90776
vn 0.47434 -0.00791 0.88031
vn 0.51926 0.05593 0.85278
vn 0.54757 0.10289 0.83041
vn 0.55333 0.14480 0.82028
vn 0.52084 0.20903 0.82767
vn 0.43795 0.30130 0.84701
vn 0.31596 0.39938 0.86062
vn 0.18718 0.47752 0.85845
vn 0.07664 0.52292 0.84893
vn -0.00380 0.53612 0.84413
vn -0.05826 0.52255 0.85061
vn -0.09501 0.48770 0.86783
vn -0.12076 0.43581 0.89190
vn -0.14046 0.37224 0.91745
vn -0.15503 0.30524 0.93957
vn -0.16052 0.24146 0.95704
vn -0.23255 0.18774 0.95429
vn -0.20459 0.12166 0.97126
vn -0.16460 0.04486 0.98534
vn -0.11894 -0.02800 0.99251
vn -0.07586 -0.07351 0.99441
vn -0.01397 -0.10498 0.99438
vn 0.07814 -0.13303 0.98803
vn 0.17185 -0.15467 0.97291
vn 0.25508 -0.17573 0.95082
vn 0.34097 -0.19255 0.92014
vn 0.43266 -0.18996 0.88132
vn 0.50975 -0.15295 0.84662
vn 0.55157 -0.07003 0.83119
vn 0.56366 0.05481 0.82419
vn 0.57901 0.12062 0.80635
vn 0.60251 0.14713 0.78444
vn 0.59367 0.19779 0.78002
vn 0.52440 0.29240 0.79969
vn 0.39176 0.41186 0.82274
vn 0.22577 0.51793 0.82510
vn 0.08217 0.58031 0.81024
vn -0.01360 0.59993 0.79994
vn -0.08702 0.59656 0.79784
vn -0.15374 0.58290 0.79787
vn -0.20570 0.54152 0.81513
vn -0.23811 0.45790 0.85652
vn -0.25101 0.35382 0.90100
vn -0.24864 0.26043 0.93293
vn -0.28126 0.20917 0.93656
vn -0.24705 0.13366 0.95974
vn -0.20561 0.04759 0.97748
vn -0.15438 -0.04055 0.98718
vn -0.10710 -0.09421 0.98977
vn -0.05046 -0.12667 0.99066
vn 0.04597 -0.15684 0.98655
vn 0.15882 -0.17566 0.97156
vn 0.26197 -0.18756 0.94668
vn 0.35937 -0.19808 0.91193
vn 0.45698 -0.20509 0.86551
vn 0.53848 -0.19899 0.81881
vn 0.58352 -0.15330 0.79750
vn 0.58148 -0.01596 0.81341
vn 0.55911 0.11916 0.82048
vn 0.56077 0.16403 0.81157
vn 0.58167 0.18339 0.79248
vn 0.58170 0.25629 0.77197
vn 0.62689 0.56510 0.53635
vn 0.20887 0.54498 0.81202
vn 0.07244 0.59783 0.79834
vn -0.01394 0.61027 0.79207
vn -0.08942 0.59826 0.79629
vn -0.16874 0.59508 0.78576
vn -0.23897 0.58265 0.77680
vn -0.28475 0.52681 0.80087
vn -0.30676 0.41978 0.85421
vn -0.30329 0.30157 0.90392
vn -0.01475 0.00445 0.99988
vn -0.02988 0.00865 0.99952
vn -0.03298 0.01207 0.99938
vn -0.04596 0.01895 0.99876
vn -0.03280 0.02234 0.99921
vn 0.00805 0.00727 0.99994
vn -0.00292 -0.05263 0.99861
vn 0.10946 -0.07171 0.99140
vn 0.08517 -0.14736 0.98541
vn 0.15234 -0.27106 0.95043
vn -0.02147 -0.44718 0.89419
vn -0.02525 -0.44631 0.89452
vn -0.12220 -0.04769 0.99136
vn -0.10910 -0.04947 0.99280
vn -0.09994 -0.04421 0.99401
vn -0.07262 -0.03805 0.99663
vn -0.05686 -0.02033 0.99818
vn -0.05379 -0.02105 0.99833
vn 0.01728 -0.05431 0.99837
vn 0.01364 -0.05361 0.99847
vn 0.03090 -0.03181 0.99902
vn 0.07089 -0.00330 0.99748
vn 0.14649 0.05537 0.98766
vn 0.25108 0.02270 0.96770
vn -0.00910 -0.03310 0.99941
vn -0.01989 -0.03101 0.99932
vn -0.02197 -0.02870 0.99935
vn -0.03617 -0.02303 0.99908
vn -0.03257 -0.01790 0.99931
vn -0.03577 -0.01696 0.99922
vn -0.07487 0.12440 0.98940
vn -0.07874 0.12511 0.98901
vn -0.06717 0.14013 0.98785
vn -0.05817 0.16462 0.98464
vn -0.02517 0.20986 0.97741
vn -0.05443 0.21784 0.97447
vn -0.04427 -0.01967 0.99883
vn -0.01682 -0.01654 0.99972
vn -0.00783 -0.01537 0.99985
vn 0.03385 -0.01052 0.99937
vn 0.03575 -0.01005 0.99931
vn 0.04359 -0.01007 0.99900
vn -0.10154 0.03185 0.99432
vn -0.15647 0.02586 0.98734
vn -0.15803 0.04298 0.98650
vn -0.19071 0.06251 0.97965
vn -0.11517 0.12018 0.98605
vn 0.02929 0.11899 0.99246
vn -0.12280 -0.10239 0.98714
vn -0.11849 -0.10346 0.98755
vn -0.08730 -0.06866 0.99381
vn -0.03950 -0.01467 0.99911
vn 0.04787 0.09587 0.99424
vn 0.01917 0.10537 0.99425
vn -0.04290 0.08173 0.99573
vn -0.05918 0.07985 0.99505
vn -0.04632 0.10031 0.99388
vn -0.03922 0.12918 0.99085
vn 0.01944 0.19125 0.98135
vn 0.04167 0.19099 0.98071
vn 0.03077 -0.03079 0.99905
vn 0.02556 -0.03133 0.99918
vn 0.02691 -0.02794 0.99925
vn 0.02689 -0.02339 0.99936
vn 0.03976 -0.01263 0.99913
vn 0.05880 -0.01292 0.99819
vn -0.00592 0.00471 0.99997
vn 0.03112 0.00777 0.99949
vn 0.02779 -0.00914 0.99957
vn 0.06205 -0.03173 0.99757
vn 0.01969 -0.08592 0.99611
vn 0.03991 -0.08655 0.99545
vn 0.14373 -0.38145 0.91315
vn 0.16481 -0.44473 0.88037
vn 0.17533 -0.45856 0.87120
vn 0.09839 -0.56450 0.81955
vn 0.07624 -0.50893 0.85743
vn 0.06911 -0.33827 0.93851
vn 0.07539 -0.33207 0.94024
vn 0.02851 -0.33839 0.94057
vn -0.00972 -0.33193 0.94326
vn 0.08031 -0.28398 0.95546
vn 0.17773 -0.21359 0.96062
vn 0.21132 -0.17462 0.96169
vn 0.19667 -0.22689 0.95386
vn 0.17517 -0.30870 0.93489
vn 0.17917 -0.34277 0.92218
vn 0.27253 -0.39045 0.87936
vn 0.34673 -0.43510 0.83094
vn 0.16742 -0.49457 0.85286
vn 0.06416 -0.52093 0.85119
vn -0.01943 -0.19400 0.98081
vn -0.23956 -0.26069 0.93523
vn -0.23345 -0.30613 0.92292
vn -0.20386 -0.34230 0.91721
vn -0.12309 -0.40224 0.90722
vn -0.03730 -0.43753 0.89843
vn 0.02028 -0.43726 0.89911
vn 0.09882 -0.40817 0.90754
vn 0.18284 -0.34392 0.92103
vn 0.22860 -0.28375 0.93125
vn 0.23930 -0.22779 0.94385
vn 0.22136 -0.13142 0.96630
vn 0.16479 -0.02877 0.98591
vn 0.05035 0.06050 0.99690
vn -0.11291 0.12180 0.98611
vn -0.12080 0.15515 0.98048
vn -0.03489 0.15543 0.98723
vn -0.12458 0.07703 0.98922
vn -0.21101 -0.11278 0.97096
f 1//1 2//2 3//3
f 1//1 3//3 4//4
f 1//1 4//4 5//5
f 1//1 5//5 6//6
f 1//1 6//6 7//7
f 1//1 7//7 8//8
f 1//1 8//8 9//9
f 1//1 9//9 10//10
f 1//1 10//10 11//11
f 1//1 11//11 12//12
f 1//1 12//12 13//13
f 1//1 13//13 14//14
f 1//1 14//14 15//15
f 1//1 15//15 16//16
f 1//1 16//16 17//17
f 1//1 17//17 18//18
f 1//1 18//18 19//19
f 1//1 19//19 20//20
f 1//1 20//20 21//21
f 1//1 21//21 22//22
f 1//1 22//22 23//23
f 1//1 23//23 24//24
f 1//1 24//24 25//25
f 1//1 25//25 26//26
f 1//1 26//26 27//27
f 1//1 27//27 28//28
f 1//1 28//28 29//29
f 1//1 29//29 2//2
f 2//2 30//30 31//31
f 2//2 31//31 3//3
f 3//3 31//31 32//32
f 3//3 32//32 4//4
f 4//4 32//32 33//33
f 4//4 33//33 5//5
f 5//5 33//33 34//34
f 5//5 34//34 6//6
f 6//6 34//34 35//35
f 6//6 35//35 7//7
f 7//7 35//35 36//36
f 7//7 36//36 8//8
f 8//8 36//36 37//37
f 8//8 37//37 9//9
f 9//9 37//37 38//38
f 9//9 38//38 10//10
f 10//10 38//38 39//39
f 10//10 39//39 11//11
f 11//11 39//39 40//40
f 11//11 40//40 12//12
f 12//12 40//40 41//41
f 12//12 41//41 13//13
f 13//13 41//41 42//42
f 13//13 42//42 14//14
f 14//14 42//42 43//43
f 14//14 43//43 15//15
f 15//15 43//43 44//44
f 15//15 44//44 16//16
f 16//16 44//44 45//45
f 16//16 45//45 17//17
f 17//17 45//45 46//46
f 17//17 46//46 18//18
f 18//18 46//46 47//47
f 18//18 47//47 19//19
f 19//19 47//47 48//48
f 19//19 48//48 20//20
f 20//20 48//48 49//49
f 20//20 49//49 21//21
f 21//21 49//49 50//50
f 21//21 50//50 22//22
f 22//22 50//50 51//51
f 22//22 51//51 23//23
f 23//23 51//51 52//52
f 23//23 52//52 24//24
f 24//24 52//52 53//53
f 24//24 53//53 25//25
f 25//25 53//53 54//54
f 25//25 54//54 26//26
f 26//26 54//54 55//55
f 26//26 55//55 27//27
f 27//27 55//55 56//56
f 27//27 56//56 28//28
f 28//28 56//56 57//57
f 28//28 57//57 29//29
f 29//29 57//57 30//30
f 29//29 30//30 2//2
f 30//30 58//58 59//59
f 30//30 59//59 31//31
f 31//31 59//59 60//60
f 31//31 60//60 32//32
f 32//32 60//60 61//61
f 32//32 61//61 33//33
f 33//33 61//61 62//62
f 33//33 62//62 34//34
f 34//34 62//62 63//63
f 34//34 63//63 35//35
f 35//35 63//63 64//64
f 35//35 64//64 36//36
f 36//36 64//64 65//65
f 36//36 65//65 37//37
f 37//37 65//65 66//66
f 37//37 66//66 38//38
f 38//38 66//66 67//67
f 38//38 67//67 39//39
f 39//39 67//67 68//68
f 39//39 68//68 40//40
f 40//40 68//68 69//69
f 40//40 69//69 41//41
f 41//41 69//69 70//70
f 41//41 70//70 42//42
f 42//42 70//70 71//71
f 42//42 71//71 43//43
f 43//43 71//71 72//72
f 43//43 72//72 44//44
f 44//44 72//72 73//73
f 44//44 73//73 45//45
f 45//45 73//73 74//74
f 45//45 74//74 46//46
f 46//46 74//74 75//75
f 46//46 75//75 47//47
f 47//47 75//75 76//76
f 47//47 76//76 48//48
f 48//48 76//76 77//77
f 48//48 77//77 49//49
f 49//49 77//77 78//78
f 49//49 78//78 50//50
f 50//50 78//78 79//79
f 50//50 79//79 51//51
f 51//51 79//79 80//80
f 51//51 80//80 52//52
f 52//52 80//80 81//81
f 52//52 81//81 53//53
f 53//53 81//81 82//82
f 53//53 82//82 54//54
f 54//54 82//82 83//83
f 54//54 83//83 55//55
f 55//55 83//83 84//84
f 55//55 84//84 56//56
f 56//56 84//84 85//85
f 56//56 85//85 57//57
f 57//57 85//85 58//58
f 57//57 58//58 30//30
f 58//58 86//86 87//87
f 58//58 87//87 59//59
f 59//59 87//87 88//88
f 59//59 88//88 60//60
f 60//60 88//88 89//89
f 60//60 89//89 61//61
f 61//61 89//89 90//90
f 61//61 90//90 62//62
f 62//62 90//90 91//91
f 62//62 91//91 63//63
f 63//63 91//91 92//92
f 63//63 92//92 64//64
f 64//64 92//92 93//93
f 64//64 93//93 65//65
f 65//65 93//93 94//94
f 65//65 94//94 66//66
f 66//66 94//94 95//95
f 66//66 95//95 67//67
f 67//67 95//95 96//96
f 67//67 96//96 68//68
f 68//68 96//96 97//97
f 68//68 97//97 69//69
f 69//69 97//97 98//98
f 69//69 98//98 70//70
f 70//70 98//98 99//99
f 70//70 99//99 71//71
f 71//71 99//99 100//100
f 71//71 100//100 72//72
f 72//72 100//100 101//101
f 72//72 101//101 73//73
f 73//73 101//101 102//102
f 73//73 102//102 74//74
f 74//74 102//102 103//103
f 74//74 103//103 75//75
f 75//75 103//103 104//104
f 75//75 104//104 76//76
f 76//76 104//104 105//105
f 76//76 105//105 77//77
f 77//77 105//105 106//106
f 77//77 106//106 78//78
f 78//78 106//106 107//107
f 78//78 107//107 79//79
f 79//79 107//107 108//108
f 79//79 108//108 80//80
f 80//80 108//108 109//109
f 80//80 109//109 81//81
f 81//81 109//109 110//110
f 81//81 110//110 82//82
f 82//82 110//110 111//111
f 82//82 111//111 83//83
f 83//83 111//111 112//112
f 83//83 112//112 84//84
f 84//84 112//112 113//113
f 84//84 113//113 85//85
f 85//85 113//113 86//86
f 85//85 86//86 58//58
f 86//86 114//114 115//115
f 86//86 115//115 87//87
f 87//87 115//115 116//116
f 87//87 116//116 88//88
f 88//88 116//116 117//117
f 88//88 117//117 89//89
f 89//89 117//117 118//118
f 89//89 118//118 90//90
f 90//90 118//118 119//119
f 90//90 119//119 91//91
f 91//91 119//119 120//120
f 91//91 120//120 92//92
f 92//92 120//120 121//121
f 92//92 121//121 93//93
f 93//93 121//121 122//122
f 93//93 122//122 94//94
f 94//94 122//122 123//123
f 94//94 123//123 95//95
f 95//95 123//123 124//124
f 95//95 124//124 96//96
f 96//96 124//124 125//125
f 96//96 125//125 97//97
f 97//97 125//125 126//126
f 97//97 126//126 98//98
f 98//98 126//126 127//127
f 98//98 127//127 99//99
f 99//99 127//127 128//128
f 99//99 128//128 100//100
f 100//100 128//128 129//129
f 100//100 129//129 101//101
f 101//101 129//129 130//130
f 101//101 130//130 102//102
f 102//102 130//130 131//131
f 102//102 131//131 103//103
f 103//103 131//131 132//132
f 103//103 132//132 104//104
f 104//104 132//132 133//133
f 104//104 133//133 105//105
f 105//105 133//133 134//134
f 105//105 134//134 106//106
f 106//106 134//134 135//135
f 106//106 135//135 107//107
f 107//107 135//135 136//136
f 107//107 136//136 108//108
f 108//108 136//136 137//137
f 108//108 137//137 109//109
f 109//109 137//137 138//138
f 109//109 138//138 110//110
f 110//110 138//138 139//139
f 110//110 139//139 111//111
f 111//111 139//139 140//140
f 111//111 140//140 112//112
f 112//112 140//140 141//141
f 112//112 141//141 113//113
f 113//113 141//141 114//114
f 113//113 114//114 86//86
f 142//142 143//143 144//144
f 142//142 144//144 145//145
f 142//142 145//145 146//146
f 142//142 146//146 147//147
f 142//142 147//147 148//148
f 142//142 148//148 149//149
f 142//142 149//149 150//150
f 142//142 150//150 151//151
f 142//142 151//151 152//152
f 142//142 152//152 153//153
f 142//142 153//153 154//154
f 142//142 154//154 155//155
f 142//142 155//155 156//156
f 142//142 156//156 157//157
f 142//142 157//157 158//158
f 142//142 158//158 159//159
f 142//142 159//159 160//160
f 142//142 160//160 161//161
f 142//142 161//161 162//162
f 142//142 162//162 163//163
f 142//142 163//163 164//164
f 142//142 164//164 165//165
f 142//142 165//165 166//166
f 142//142 166//166 167//167
f 142//142 167//167 168//168
f 142//142 168//168 169//169
f 142//142 169//169 170//170
f 142//142 170//170 143//143
f 143//143 171//171 172//172
f 143//143 172//172 144//144
f 144//144 172//172 173//173
f 144//144 173//173 145//145
f 145//145 173//173 174//174
f 145//145 174//174 146//146
f 146//146 174//174 175//175
f 146//146 175//175 147//147
f 147//147 175//175 176//176
f 147//147 176//176 148//148
f 148//148 176//176 177//177
f 148//148 177//177 149//149
f 149//149 177//177 178//178
f 149//149 178//178 150//150
f 150//150 178//178 179//179
f 150//150 179//179 151//151
f 151//151 179//179 180//180
f 151//151 180//180 152//152
f 152//152 180//180 181//181
f 152//152 181//181 153//153
f 153//153 181//181 182//182
f 153//153 182//182 154//154
f 154//154 182//182 183//183
f 154//154 183//183 155//155
f 155//155 183//183 184//184
f 155//155 184//184 156//156
f 156//156 184//184 185//185
f 156//156 185//185 157//157
f 157//157 185//185 186//186
f 157//157 186//186 158//158
f 158//158 186//186 187//187
f 158//158 187//187 159//159
f 159//159 187//187 188//188
f 159//159 188//188 160//160
f 160//160 188//188 189//189
f 160//160 189//189 161//161
f 161//161 189//189 190//190
f 161//161 190//190 162//162
f 162//162 190//190 191//191
f 162//162 191//191 163//163
f 163//163 191//191 192//192
f 163//163 192//192 164//164
f 164//164 192//192 193//193
f 164//164 193//193 165//165
f 165//165 193//193 194//194
f 165//165 194//194 166//166
f 166//166 194//194 195//195
f 166//166 195//195 167//167
f 167//167 195//195 196//196
f 167//167 196//196 168//168
f 168//168 196//196 197//197
f 168//168 197//197 169//169
f 169//169 197//197 198//198
f 169//169 198//198 170//170
f 170//170 198//198 171//171
f 170//170 171//171 143//143
f 171//171 199//199 200//200
f 171//171 200//200 172//172
f 172//172 200//200 201//201
f 172//172 201//201 173//173
f 173//173 201//201 202//202
f 173//173 202//202 174//174
f 174//174 202//202 203//203
f 174//174 203//203 175//175
f 175//175 203//203 204//204
f 175//175 204//204 176//176
f 176//176 204//204 205//205
f 176//176 205//205 177//177
f 177//177 205//205 206//206
f 177//177 206//206 178//178
f 178//178 206//206 207//207
f 178//178 207//207 179//179
f 179//179 207//207 208//208
f 179//179 208//208 180//180
f 180//180 208//208 209//209
f 180//180 209//209 181//181
f 181//181 209//209 210//210
f 181//181 210//210 182//182
f 182//182 210//210 211//211
f 182//182 211//211 183//183
f 183//183 211//211 212//212
f 183//183 212//212 184//184
f 184//184 212//212 213//213
f 184//184 213//213 185//185
f 185//185 213//213 214//214
f 185//185 214//214 186//186
f 186//186 214//214 215//215
f 186//186 215//215 187//187
f 187//187 215//215 216//216
f 187//187 216//216 188//188
f 188//188 216//216 217//217
f 188//188 217//217 189//189
f 189//189 217//217 218//218
f 189//189 218//218 190//190
f 190//190 218//218 219//219
f 190//190 219//219 191//191
f 191//191 219//219 220//220
f 191//191 220//220 192//192
f 192//192 220//220 221//221
f 192//192 221//221 193//193
f 193//193 221//221 222//222
f 193//193 222//222 194//194
f 194//194 222//222 223//223
f 194//194 223//223 195//195
f 195//195 223//223 224//224
f 195//195 224//224 196//196
f 196//196 224//224 225//225
f 196//196 225//225 197//197
f 197//197 225//225 226//226
f 197//197 226//226 198//198
f 198//198 226//226 199//199
f 198//198 199//199 171//171
f 199//199 227//227 228//228
f 199//199 228//228 200//200
f 200//200 228//228 229//229
f 200//200 229//229 201//201
f 201//201 229//229 230//230
f 201//201 230//230 202//202
f 202//202 230//230 231//231
f 202//202 231//231 203//203
f 203//203 231//231 232//232
f 203//203 232//232 204//204
f 204//204 232//232 233//233
f 204//204 233//233 205//205
f 205//205 233//233 234//234
f 205//205 234//234 206//206
f 206//206 234//234 235//235
f 206//206 235//235 207//207
f 207//207 235//235 236//236
f 207//207 236//236 208//208
f 208//208 236//236 237//237
f 208//208 237//237 209//209
f 209//209 237//237 238//238
f 209//209 238//238 210//210
f 210//210 238//238 239//239
f 210//210 239//239 211//211
f 211//211 239//239 240//240
f 211//211 240//240 212//212
f 212//212 240//240 241//241
f 212//212 241//241 213//213
f 213//213 241//241 242//242
f 213//213 242//242 214//214
f 214//214 242//242 243//243
f 214//214 243//243 215//215
f 215//215 243//243 244//244
f 215//215 244//244 216//216
f 216//216 244//244 245//245
f 216//216 245//245 217//217
f 217//217 245//245 246//246
f 217//217 246//246 218//218
f 218//218 246//246 247//247
f 218//218 247//247 219//219
f 219//219 247//247 248//248
f 219//219 248//248 220//220
f 220//220 248//248 249//249
f 220//220 249//249 221//221
f 221//221 249//249 250//250
f 221//221 250//250 222//222
f 222//222 250//250 251//251
f 222//222 251//251 223//223
f 223//223 251//251 252//252
f 223//223 252//252 224//224
f 224//224 252//252 253//253
f 224//224 253//253 225//225
f 225//225 253//253 254//254
f 225//225 254//254 226//226
f 226//226 254//254 227//227
f 226//226 227//227 199//199
f 227//227 255//255 256//256
f 227//227 256//256 228//228
f 228//228 256//256 257//257
f 228//228 257//257 229//229
f 229//229 257//257 258//258
f 229//229 258//258 230//230
f 230//230 258//258 259//259
f 230//230 259//259 231//231
f 231//231 259//259 260//260
f 231//231 260//260 232//232
f 232//232 260//260 261//261
f 232//232 261//261 233//233
f 233//233 261//261 262//262
f 233//233 262//262 234//234
f 234//234 262//262 263//263
f 234//234 263//263 235//235
f 235//235 263//263 264//264
f 235//235 264//264 236//236
f 236//236 264//264 265//265
f 236//236 265//265 237//237
f 237//237 265//265 266//266
f 237//237 266//266 238//238
f 238//238 266//266 267//267
f 238//238 267//267 239//239
f 239//239 267//267 268//268
f 239//239 268//268 240//240
f 240//240 268//268 269//269
f 240//240 269//269 241//241
f 241//241 269//269 270//270
f 241//241 270//270 242//242
f 242//242 270//270 271//271
f 242//242 271//271 243//243
f 243//243 271//271 272//272
f 243//243 272//272 244//244
f 244//244 272//272 273//273
f 244//244 273//273 245//245
f 245//245 273//273 274//274
f 245//245 274//274 246//246
f 246//246 274//274 275//275
f 246//246 275//275 247//247
f 247//247 275//275 276//276
f 247//247 276//276 248//248
f 248//248 276//276 277//277
f 248//248 277//277 249//249
f 249//249 277//277 278//278
f 249//249 278//278 250//250
f 250//250 278//278 279//279
f 250//250 279//279 251//251
f 251//251 279//279 280//280
f 251//251 280//280 252//252
f 252//252 280//280 281//281
f 252//252 281//281 253//253
f 253//253 281//281 282//282
f 253//253 282//282 254//254
f 254//254 282//282 255//255
f 254//254 255//255 227//227
f 283//283 284//284 285//285
f 283//283 285//285 286//286
f 283//283 286//286 287//287
f 283//283 287//287 288//288
f 283//283 288//288 289//289
f 283//283 289//289 290//290
f 283//283 290//290 291//291
f 283//283 291//291 292//292
f 283//283 292//292 293//293
f 283//283 293//293 294//294
f 283//283 294//294 295//295
f 283//283 295//295 296//296
f 283//283 296//296 297//297
f 283//283 297//297 298//298
f 283//283 298//298 299//299
f 283//283 299//299 300//300
f 283//283 300//300 301//301
f 283//283 301//301 302//302
f 283//283 302//302 303//303
f 283//283 303//303 304//304
f 283//283 304//304 305//305
f 283//283 305//305 306//306
f 283//283 306//306 307//307
f 283//283 307//307 308//308
f 283//283 308//308 309//309
f 283//283 309//309 310//310
f 283//283 310//310 311//311
f 283//283 311//311 284//284
f 284//284 312//312 313//313
f 284//284 313//313 285//285
f 285//285 313//313 314//314
f 285//285 314//314 286//286
f 286//286 314//314 315//315
f 286//286 315//315 287//287
f 287//287 315//315 316//316
f 287//287 316//316 288//288
f 288//288 316//316 317//317
f 288//288 317//317 289//289
f 289//289 317//317 318//318
f 289//289 318//318 290//290
f 290//290 318//318 319//319
f 290//290 319//319 291//291
f 291//291 319//319 320//320
f 291//291 320//320 292//292
f 292//292 320//320 321//321
f 292//292 321//321 293//293
f 293//293 321//321 322//322
f 293//293 322//322 294//294
f 294//294 322//322 323//323
f 294//294 323//323 295//295
f 295//295 323//323 324//324
f 295//295 324//324 296//296
f 296//296 324//324 325//325
f 296//296 325//325 297//297
f 297//297 325//325 326//326
f 297//297 326//326 298//298
f 298//298 326//326 327//327
f 298//298 327//327 299//299
f 299//299 327//327 328//328
f 299//299 328//328 300//300
f 300//300 328//328 329//329
f 300//300 329//329 301//301
f 301//301 329//329 330//330
f 301//301 330//330 302//302
f 302//302 330//330 331//331
f 302//302 331//331 303//303
f 303//303 331//331 332//332
f 303//303 332//332 304//304
f 304//304 332//332 333//333
f 304//304 333//333 305//305
f 305//305 333//333 334//334
f 305//305 334//334 306//306
f 306//306 334//334 335//335
f 306//306 335//335 307//307
f 307//307 335//335 336//336
f 307//307 336//336 308//308
f 308//308 336//336 337//337
f 308//308 337//337 309//309
f 309//309 337//337 338//338
f 309//309 338//338 310//310
f 310//310 338//338 339//339
f 310//310 339//339 311//311
f 311//311 339//339 312//312
f 311//311 312//312 284//284
f 312//312 340//340 341//341
f 312//312 341//341 313//313
f 313//313 341//341 342//342
f 313//313 342//342 314//314
f 314//314 342//342 343//343
f 314//314 343//343 315//315
f 315//315 343//343 344//344
f 315//315 344//344 316//316
f 316//316 344//344 345//345
f 316//316 345//345 317//317
f 317//317 345//345 346//346
f 317//317 346//346 318//318
f 318//318 346//346 347//347
f 318//318 347//347 319//319
f 319//319 347//347 348//348
f 319//319 348//348 320//320
f 320//320 348//348 349//349
f 320//320 349//349 321//321
f 321//321 349//349 350//350
f 321//321 350//350 322//322
f 322//322 350//350 351//351
f 322//322 351//351 323//323
f 323//323 351//351 352//352
f 323//323 352//352 324//324
f 324//324 352//352 353//353
f 324//324 353//353 325//325
f 325//325 353//353 354//354
f 325//325 354//354 326//326
f 326//326 354//354 355//355
f 326//326 355//355 327//327
f 327//327 355//355 356//356
f 327//327 356//356 328//328
f 328//328 356//356 357//357
f 328//328 357//357 329//329
f 329//329 357//357 358//358
f 329//329 358//358 330//330
f 330//330 358//358 359//359
f 330//330 359//359 331//331
f 331//331 359//359 360//360
f 331//331 360//360 332//332
f 332//332 360//360 361//361
f 332//332 361//361 333//333
f 333//333 361//361 362//362
f 333//333 362//362 334//334
f 334//334 362//362 363//363
f 334//334 363//363 335//335
f 335//335 363//363 364//364
f 335//335 364//364 336//336
f 336//336 364//364 365//365
f 336//336 365//365 337//337
f 337//337 365//365 366//366
f 337//337 366//366 338//338
f 338//338 366//366 367//367
f 338//338 367//367 339//339
f 339//339 367//367 340//340
f 339//339 340//340 312//312
f 340//340 368//368 369//369
f 340//340 369//369 341//341
f 341//341 369//369 370//370
f 341//341 370//370 342//342
f 342//342 370//370 371//371
f 342//342 371//371 343//343
f 343//343 371//371 372//372
f 343//343 372//372 344//344
f 344//344 372//372 373//373
f 344//344 373//373 345//345
f 345//345 373//373 374//374
f 345//345 374//374 346//346
f 346//346 374//374 375//375
f 346//346 375//375 347//347
f 347//347 375//375 376//376
f 347//347 376//376 348//348
f 348//348 376//376 377//377
f 348//348 377//377 349//349
f 349//349 377//377 378//378
f 349//349 378//378 350//350
f 350//350 378//378 379//379
f 350//350 379//379 351//351
f 351//351 379//379 380//380
f 351//351 380//380 352//352
f 352//352 380//380 381//381
f 352//352 381//381 353//353
f 353//353 381//381 382//382
f 353//353 382//382 354//354
f 354//354 382//382 383//383
f 354//354 383//383 355//355
f 355//355 383//383 384//384
f 355//355 384//384 356//356
f 356//356 384//384 385//385
f 356//356 385//385 357//357
f 357//357 385//385 386//386
f 357//357 386//386 358//358
f 358//358 386//386 387//387
f 358//358 387//387 359//359
f 359//359 387//387 388//388
f 359//359 388//388 360//360
f 360//360 388//388 389//389
f 360//360 389//389 361//361
f 361//361 389//389 390//390
f 361//361 390//390 362//362
f 362//362 390//390 391//391
f 362//362 391//391 363//363
f 363//363 391//391 392//392
f 363//363 392//392 364//364
f 364//364 392//392 393//393
f 364//364 393//393 365//365
f 365//365 393//393 394//394
f 365//365 394//394 366//366
f 366//366 394//394 395//395
f 366//366 395//395 367//367
f 367//367 395//395 368//368
f 367//367 368//368 340//340
f 368//368 396//396 397//397
f 368//368 397//397 369//369
f 369//369 397//397 398//398
f 369//369 398//398 370//370
f 370//370 398//398 399//399
f 370//370 399//399 371//371
f 371//371 399//399 400//400
f 371//371 400//400 372//372
f 372//372 400//400 401//401
f 372//372 401//401 373//373
f 373//373 401//401 402//402
f 373//373 402//402 374//374
f 374//374 402//402 403//403
f 374//374 403//403 375//375
f 375//375 403//403 404//404
f 375//375 404//404 376//376
f 376//376 404//404 405//405
f 376//376 405//405 377//377
f 377//377 405//405 406//406
f 377//377 406//406 378//378
f 378//378 406//406 407//407
f 378//378 407//407 379//379
f 379//379 407//407 408//408
f 379//379 408//408 380//380
f 380//380 408//408 409//409
f 380//380 409//409 381//381
f 381//381 409//409 410//410
f 381//381 410//410 382//382
f 382//382 410//410 411//411
f 382//382 411//411 383//383
f 383//383 411//411 412//412
f 383//383 412//412 384//384
f 384//384 412//412 413//413
f 384//384 413//413 385//385
f 385//385 413//413 414//414
f 385//385 414//414 386//386
f 386//386 414//414 415//415
f 386//386 415//415 387//387
f 387//387 415//415 416//416
f 387//387 416//416 388//388
f 388//388 416//416 417//417
f 388//388 417//417 389//389
f 389//389 417//417 418//418
f 389//389 418//418 390//390
f 390//390 418//418 419//419
f 390//390 419//419 391//391
f 391//391 419//419 420//420
f 391//391 420//420 392//392
f 392//392 420//420 421//421
f 392//392 421//421 393//393
f 393//393 421//421 422//422
f 393//393 422//422 394//394
f 394//394 422//422 423//423
f 394//394 423//423 395//395
f 395//395 423//423 396//396
f 395//395 396//396 368//368
f 424//424 425//425 426//426
f 424//424 426//426 427//427
f 424//424 427//427 428//428
f 424//424 428//428 429//429
f 424//424 429//429 430//430
f 424//424 430//430 431//431
f 424//424 431//431 432//432
f 424//424 432//432 433//433
f 424//424 433//433 434//434
f 424//424 434//434 435//435
f 424//424 435//435 436//436
f 424//424 436//436 437//437
f 424//424 437//437 438//438
f 424//424 438//438 439//439
f 424//424 439//439 440//440
f 424//424 440//440 441//441
f 424//424 441//441 442//442
f 424//424 442//442 443//443
f 424//424 443//443 444//444
f 424//424 444//444 445//445
f 424//424 445//445 446//446
f 424//424 446//446 447//447
f 424//424 447//447 448//448
f 424//424 448//448 449//449
f 424//424 449//449 450//450
f 424//424 450//450 451//451
f 424//424 451//451 452//452
f 424//424 452//452 425//425
f 425//425 453//453 454//454
f 425//425 454//454 426//426
f 426//426 454//454 455//455
f 426//426 455//455 427//427
f 427//427 455//455 456//456
f 427//427 456//456 428//428
f 428//428 456//456 457//457
f 428//428 457//457 429//429
f 429//429 457//457 458//458
f 429//429 458//458 430//430
f 430//430 458//458 459//459
f 430//430 459//459 431//431
f 431//431 459//459 460//460
f 431//431 460//460 432//432
f 432//432 460//460 461//461
f 432//432 461//461 433//433
f 433//433 461//461 462//462
f 433//433 462//462 434//434
f 434//434 462//462 463//463
f 434//434 463//463 435//435
f 435//435 463//463 464//464
f 435//435 464//464 436//436
f 436//436 464//464 465//465
f 436//436 465//465 437//437
f 437//437 465//465 466//466
f 437//437 466//466 438//438
f 438//438 466//466 467//467
f 438//438 467//467 439//439
f 439//439 467//467 468//468
f 439//439 468//468 440//440
f 440//440 468//468 469//469
f 440//440 469//469 441//441
f 441//441 469//469 470//470
f 441//441 470//470 442//442
f 442//442 470//470 471//471
f 442//442 471//471 443//443
f 443//443 471//471 472//472
f 443//443 472//472 444//444
f 444//444 472//472 473//473
f 444//444 473//473 445//445
f 445//445 473//473 474//474
f 445//445 474//474 446//446
f 446//446 474//474 475//475
f 446//446 475//475 447//447
f 447//447 475//475 476//476
f 447//447 476//476 448//448
f 448//448 476//476 477//477
f 448//448 477//477 449//449
f 449//449 477//477 478//478
f 449//449 478//478 450//450
f 450//450 478//478 479//479
f 450//450 479//479 451//451
f 451//451 479//479 480//480
f 451//451 480//480 452//452
f 452//452 480//480 453//453
f 452//452 453//453 425//425
f 453//453 481//481 482//482
f 453//453 482//482 454//454
f 454//454 482//482 483//483
f 454//454 483//483 455//455
f 455//455 483//483 484//484
f 455//455 484//484 456//456
f 456//456 484//484 485//485
f 456//456 485//485 457//457
f 457//457 485//485 486//486
f 457//457 486//486 458//458
f 458//458 486//486 487//487
f 458//458 487//487 459//459
f 459//459 487//487 488//488
f 459//459 488//488 460//460
f 460//460 488//488 489//489
f 460//460 489//489 461//461
f 461//461 489//489 490//490
f 461//461 490//490 462//462
f 462//462 490//490 491//491
f 462//462 491//491 463//463
f 463//463 491//491 492//492
f 463//463 492//492 464//464
f 464//464 492//492 493//493
f 464//464 493//493 465//465
f 465//465 493//493 494//494
f 465//465 494//494 466//466
f 466//466 494//494 495//495
f 466//466 495//495 467//467
f 467//467 495//495 496//496
f 467//467 496//496 468//468
f 468//468 496//496 497//497
f 468//468 497//497 469//469
f 469//469 497//497 498//498
f 469//469 498//498 470//470
f 470//470 498//498 499//499
f 470//470 499//499 471//471
f 471//471 499//499 500//500
f 471//471 500//500 472//472
f 472//472 500//500 501//501
f 472//472 501//501 473//473
f 473//473 501//501 502//502
f 473//473 502//502 474//474
f 474//474 502//502 503//503
f 474//474 503//503 475//475
f 475//475 503//503 504//504
f 475//475 504//504 476//476
f 476//476 504//504 505//505
f 476//476 505//505 477//477
f 477//477 505//505 506//506
f 477//477 506//506 478//478
f 478//478 506//506 507//507
f 478//478 507//507 479//479
f 479//479 507//507 508//508
f 479//479 508//508 480//480
f 480//480 508//508 481//481
f 480//480 481//481 453//453
f 481//481 509//509 510//510
f 481//481 510//510 482//482
f 482//482 510//510 511//511
f 482//482 511//511 483//483
f 483//483 511//511 512//512
f 483//483 512//512 484//484
f 484//484 512//512 513//513
f 484//484 513//513 485//485
f 485//485 513//513 514//514
f 485//485 514//514 486//486
f 486//486 514//514 515//515
f 486//486 515//515 487//487
f 487//487 515//515 516//516
f 487//487 516//516 488//488
f 488//488 516//516 517//517
f 488//488 517//517 489//489
f 489//489 517//517 518//518
f 489//489 518//518 490//490
f 490//490 518//518 519//519
f 490//490 519//519 491//491
f 491//491 519//519 520//520
f 491//491 520//520 492//492
f 492//492 520//520 521//521
f 492//492 521//521 493//493
f 493//493 521//521 522//522
f 493//493 522//522 494//494
f 494//494 522//522 523//523
f 494//494 523//523 495//495
f 495//495 523//523 524//524
f 495//495 524//524 496//496
f 496//496 524//524 525//525
f 496//496 525//525 497//497
f 497//497 525//525 526//526
f 497//497 526//526 498//498
f 498//498 526//526 527//527
f 498//498 527//527 499//499
f 499//499 527//527 528//528
f 499//499 528//528 500//500
f 500//500 528//528 529//529
f 500//500 529//529 501//501
f 501//501 529//529 530//530
f 501//501 530//530 502//502
f 502//502 530//530 531//531
f 502//502 531//531 503//503
f 503//503 531//531 532//532
f 503//503 532//532 504//504
f 504//504 532//532 533//533
f 504//504 533//533 505//505
f 505//505 533//533 534//534
f 505//505 534//534 506//506
f 506//506 534//534 535//535
f 506//506 535//535 507//507
f 507//507 535//535 536//536
f 507//507 536//536 508//508
f 508//508 536//536 509//509
f 508//508 509//509 481//481
f 509//509 537//537 538//538
f 509//509 538//538 510//510
f 510//510 538//538 539//539
f 510//510 539//539 511//511
f 511//511 539//539 540//540
f 511//511 540//540 512//512
f 512//512 540//540 541//541
f 512//512 541//541 513//513
f 513//513 541//541 542//542
f 513//513 542//542 514//514
f 514//514 542//542 543//543
f 514//514 543//543 515//515
f 515//515 543//543 544//544
f 515//515 544//544 516//516
f 516//516 544//544 545//545
f 516//516 545//545 517//517
f 517//517 545//545 546//546
f 517//517 546//546 518//518
f 518//518 546//546 547//547
f 518//518 547//547 519//519
f 519//519 547//547 548//548
f 519//519 548//548 520//520
f 520//520 548//548 549//549
f 520//520 549//549 521//521
f 521//521 549//549 550//550
f 521//521 550//550 522//522
f 522//522 550//550 551//551
f 522//522 551//551 523//523
f 523//523 551//551 552//552
f 523//523 552//552 524//524
f 524//524 552//552 553//553
f 524//524 553//553 525//525
f 525//525 553//553 554//554
f 525//525 554//554 526//526
f 526//526 554//554 555//555
f 526//526 555//555 527//527
f 527//527 555//555 556//556
f 527//527 556//556 528//528
f 528//528 556//556 557//557
f 528//528 557//557 529//529
f 529//529 557//557 558//558
f 529//529 558//558 530//530
f 530//530 558//558 559//559
f 530//530 559//559 531//531
f 531//531 559//559 560//560
f 531//531 560//560 532//532
f 532//532 560//560 561//561
f 532//532 561//561 533//533
f 533//533 561//561 562//562
f 533//533 562//562 534//534
f 534//534 562//562 563//563
f 534//534 563//563 535//535
f 535//535 563//563 564//564
f 535//535 564//564 536//536
f 536//536 564//564 537//537
f 536//536 537//537 509//509
f 565//565 566//566 567//567
f 565//565 567//567 568//568
f 565//565 568//568 569//569
f 565//565 569//569 570//570
f 565//565 570//570 571//571
f 565//565 571//571 572//572
f 565//565 572//572 573//573
f 565//565 573//573 574//574
f 565//565 574//574 575//575
f 565//565 575//575 576//576
f 565//565 576//576 577//577
f 565//565 577//577 578//578
f 565//565 578//578 579//579
f 565//565 579//579 580//580
f 565//565 580//580 581//581
f 565//565 581//581 582//582
f 565//565 582//582 583//583
f 565//565 583//583 584//584
f 565//565 584//584 585//585
f 565//565 585//585 586//586
f 565//565 586//586 587//587
f 565//565 587//587 588//588
f 565//565 588//588 589//589
f 565//565 589//589 590//590
f 565//565 590//590 591//591
f 565//565 591//591 592//592
f 565//565 592//592 593//593
f 565//565 593//593 566//566
f 566//566 594//594 595//595
f 566//566 595//595 567//567
f 567//567 595//595 596//596
f 567//567 596//596 568//568
f 568//568 596//596 597//597
f 568//568 597//597 569//569
f 569//569 597//597 598//598
f 569//569 598//598 570//570
f 570//570 598//598 599//599
f 570//570 599//599 571//571
f 571//571 599//599 600//600
f 571//571 600//600 572//572
f 572//572 600//600 601//601
f 572//572 601//601 573//573
f 573//573 601//601 602//602
f 573//573 602//602 574//574
f 574//574 602//602 603//603
f 574//574 603//603 575//575
f 575//575 603//603 604//604
f 575//575 604//604 576//576
f 576//576 604//604 605//605
f 576//576 605//605 577//577
f 577//577 605//605 606//606
f 577//577 606//606 578//578
f 578//578 606//606 607//607
f 578//578 607//607 579//579
f 579//579 607//607 608//608
f 579//579 608//608 580//580
f 580//580 608//608 609//609
f 580//580 609//609 581//581
f 581//581 609//609 610//610
f 581//581 610//610 582//582
f 582//582 610//610 611//611
f 582//582 611//611 583//583
f 583//583 611//611 612//612
f 583//583 612//612 584//584
f 584//584 612//612 613//613
f 584//584 613//613 585//585
f 585//585 613//613 614//614
f 585//585 614//614 586//586
f 586//586 614//614 615//615
f 586//586 615//615 587//587
f 587//587 615//615 616//616
f 587//587 616//616 588//588
f 588//588 616//616 617//617
f 588//588 617//617 589//589
f 589//589 617//617 618//618
f 589//589 618//618 590//590
f 590//590 618//618 619//619
f 590//590 619//619 591//591
f 591//591 619//619 620//620
f 591//591 620//620 592//592
f 592//592 620//620 621//621
f 592//592 621//621 593//593
f 593//593 621//621 594//594
f 593//593 594//594 566//566
f 594//594 622//622 623//623
f 594//594 623//623 595//595
f 595//595 623//623 624//624
f 595//595 624//624 596//596
f 596//596 624//624 625//625
f 596//596 625//625 597//597
f 597//597 625//625 626//626
f 597//597 626//626 598//598
f 598//598 626//626 627//627
f 598//598 627//627 599//599
f 599//599 627//627 628//628
f 599//599 628//628 600//600
f 600//600 628//628 629//629
f 600//600 629//629 601//601
f 601//601 629//629 630//630
f 601//601 630//630 602//602
f 602//602 630//630 631//631
f 602//602 631//631 603//603
f 603//603 631//631 632//632
f 603//603 632//632 604//604
f 604//604 632//632 633//633
f 604//604 633//633 605//605
f 605//605 633//633 634//634
f 605//605 634//634 606//606
f 606//606 634//634 635//635
f 606//606 635//635 607//607
f 607//607 635//635 636//636
f 607//607 636//636 608//608
f 608//608 636//636 637//637
f 608//608 637//637 609//609
f 609//609 637//637 638//638
f 609//609 638//638 610//610
f 610//610 638//638 639//639
f 610//610 639//639 611//611
f 611//611 639//639 640//640
f 611//611 640//640 612//612
f 612//612 640//640 641//641
f 612//612 641//641 613//613
f 613//613 641//641 642//642
f 613//613 642//642 614//614
f 614//614 642//642 643//643
f 614//614 643//643 615//615
f 615//615 643//643 644//644
f 615//615 644//644 616//616
f 616//616 644//644 645//645
f 616//616 645//645 617//617
f 617//617 645//645 646//646
f 617//617 646//646 618//618
f 618//618 646//646 647//647
f 618//618 647//647 619//619
f 619//619 647//647 648//648
f 619//619 648//648 620//620
f 620//620 648//648 649//649
f 620//620 649//649 621//621
f 621//621 649//649 622//622
f 621//621 622//622 594//594
f 622//622 650//650 651//651
f 622//622 651//651 623//623
f 623//623 651//651 652//652
f 623//623 652//652 624//624
f 624//624 652//652 653//653
f 624//624 653//653 625//625
f 625//625 653//653 654//654
f 625//625 654//654 626//626
f 626//626 654//654 655//655
f 626//626 655//655 627//627
f 627//627 655//655 656//656
f 627//627 656//656 628//628
f 628//628 656//656 657//657
f 628//628 657//657 629//629
f 629//629 657//657 658//658
f 629//629 658//658 630//630
f 630//630 658//658 659//659
f 630//630 659//659 631//631
f 631//631 659//659 660//660
f 631//631 660//660 632//632
f 632//632 660//660 661//661
f 632//632 661//661 633//633
f 633//633 661//661 662//662
f 633//633 662//662 634//634
f 634//634 662//662 663//663
f 634//634 663//663 635//635
f 635//635 663//663 664//664
f 635//635 664//664 636//636
f 636//636 664//664 665//665
f 636//636 665//665 637//637
f 637//637 665//665 666//666
f 637//637 666//666 638//638
f 638//638 666//666 667//667
f 638//638 667//667 639//639
f 639//639 667//667 668//668
f 639//639 668//668 640//640
f 640//640 668//668 669//669
f 640//640 669//669 641//641
f 641//641 669//669 670//670
f 641//641 670//670 642//642
f 642//642 670//670 671//671
f 642//642 671//671 643//643
f 643//643 671//671 672//672
f 643//643 672//672 644//644
f 644//644 672//672 673//673
f 644//644 673//673 645//645
f 645//645 673//673 674//674
f 645//645 674//674 646//646
f 646//646 674//674 675//675
f 646//646 675//675 647//647
f 647//647 675//675 676//676
f 647//647 676//676 648//648
f 648//648 676//676 677//677
f 648//648 677//677 649//649
f 649//649 677//677 650//650
f 649//649 650//650 622//622
f 650//650 678//678 679//679
f 650//650 679//679 651//651
f 651//651 679//679 680//680
f 651//651 680//680 652//652
f 652//652 680//680 681//681
f 652//652 681//681 653//653
f 653//653 681//681 682//682
f 653//653 682//682 654//654
f 654//654 682//682 683//683
f 654//654 683//683 655//655
f 655//655 683//683 684//684
f 655//655 684//684 656//656
f 656//656 684//684 685//685
f 656//656 685//685 657//657
f 657//657 685//685 686//686
f 657//657 686//686 658//658
f 658//658 686//686 687//687
f 658//658 687//687 659//659
f 659//659 687//687 688//688
f 659//659 688//688 660//660
f 660//660 688//688 689//689
f 660//660 689//689 661//661
f 661//661 689//689 690//690
f 661//661 690//690 662//662
f 662//662 690//690 691//691
f 662//662 691//691 663//663
f 663//663 691//691 692//692
f 663//663 692//692 664//664
f 664//664 692//692 693//693
f 664//664 693//693 665//665
f 665//665 693//693 694//694
f 665//665 694//694 666//666
f 666//666 694//694 695//695
f 666//666 695//695 667//667
f 667//667 695//695 696//696
f 667//667 696//696 668//668
f 668//668 696//696 697//697
f 668//668 697//697 669//669
f 669//669 697//697 698//698
f 669//669 698//698 670//670
f 670//670 698//698 699//699
f 670//670 699//699 671//671
f 671//671 699//699 700//700
f 671//671 700//700 672//672
f 672//672 700//700 701//701
f 672//672 701//701 673//673
f 673//673 701//701 702//702
f 673//673 702//702 674//674
f 674//674 702//702 703//703
f 674//674 703//703 675//675
f 675//675 703//703 704//704
f 675//675 704//704 676//676
f 676//676 704//704 705//705
f 676//676 705//705 677//677
f 677//677 705//705 678//678
f 677//677 678//678 650//650
f 706//706 707//707 708//708
f 706//706 708//708 709//709
f 706//706 709//709 710//710
f 706//706 710//710 711//711
f 706//706 711//711 712//712
f 706//706 712//712 713//713
f 706//706 713//713 714//714
f 706//706 714//714 715//715
f 706//706 715//715 716//716
f 706//706 716//716 717//717
f 706//706 717//717 718//718
f 706//706 718//718 719//719
f 706//706 719//719 720//720
f 706//706 720//720 721//721
f 706//706 721//721 722//722
f 706//706 722//722 723//723
f 706//706 723//723 724//724
f 706//706 724//724 725//725
f 706//706 725//725 726//726
f 706//706 726//726 727//727
f 706//706 727//727 728//728
f 706//706 728//728 729//729
f 706//706 729//729 730//730
f 706//706 730//730 731//731
f 706//706 731//731 732//732
f 706//706 732//732 733//733
f 706//706 733//733 734//734
f 706//706 734//734 707//707
f 707//707 735//735 736//736
f 707//707 736//736 708//708
f 708//708 736//736 737//737
f 708//708 737//737 709//709
f 709//709 737//737 738//738
f 709//709 738//738 710//710
f 710//710 738//738 739//739
f 710//710 739//739 711//711
f 711//711 739//739 740//740
f 711//711 740//740 712//712
f 712//712 740//740 741//741
f 712//712 741//741 713//713
f 713//713 741//741 742//742
f 713//713 742//742 714//714
f 714//714 742//742 743//743
f 714//714 743//743 715//715
f 715//715 743//743 744//744
f 715//715 744//744 716//716
f 716//716 744//744 745//745
f 716//716 745//745 717//717
f 717//717 745//745 746//746
f 717//717 746//746 718//718
f 718//718 746//746 747//747
f 718//718 747//747 719//719
f 719//719 747//747 748//748
f 719//719 748//748 720//720
f 720//720 748//748 749//749
f 720//720 749//749 721//721
f 721//721 749//749 750//750
f 721//721 750//750 722//722
f 722//722 750//750 751//751
f 722//722 751//751 723//723
f 723//723 751//751 752//752
f 723//723 752//752 724//724
f 724//724 752//752 753//753
f 724//724 753//753 725//725
f 725//725 753//753 754//754
f 725//725 754//754 726//726
f 726//726 754//754 755//755
f 726//726 755//755 727//727
f 727//727 755//755 756//756
f 727//727 756//756 728//728
f 728//728 756//756 757//757
f 728//728 757//757 729//729
f 729//729 757//757 758//758
f 729//729 758//758 730//730
f 730//730 758//758 759//759
f 730//730 759//759 731//731
f 731//731 759//759 760//760
f 731//731 760//760 732//732
f 732//732 760//760 761//761
f 732//732 761//761 733//733
f 733//733 761//761 762//762
f 733//733 762//762 734//734
f 734//734 762//762 735//735
f 734//734 735//735 707//707
f 735//735 763//763 764//764
f 735//735 764//764 736//736
f 736//736 764//764 765//765
f 736//736 765//765 737//737
f 737//737 765//765 766//766
f 737//737 766//766 738//738
f 738//738 766//766 767//767
f 738//738 767//767 739//739
f 739//739 767//767 768//768
f 739//739 768//768 740//740
f 740//740 768//768 769//769
f 740//740 769//769 741//741
f 741//741 769//769 770//770
f 741//741 770//770 742//742
f 742//742 770//770 771//771
f 742//742 771//771 743//743
f 743//743 771//771 772//772
f 743//743 772//772 744//744
f 744//744 772//772 773//773
f 744//744 773//773 745//745
f 745//745 773//773 774//774
f 745//745 774//774 746//746
f 746//746 774//774 775//775
f 746//746 775//775 747//747
f 747//747 775//775 776//776
f 747//747 776//776 748//748
f 748//748 776//776 777//777
f 748//748 777//777 749//749
f 749//749 777//777 778//778
f 749//749 778//778 750//750
f 750//750 778//778 779//779
f 750//750 779//779 751//751
f 751//751 779//779 780//780
f 751//751 780//780 752//752
f 752//752 780//780 781//781
f 752//752 781//781 753//753
f 753//753 781//781 782//782
f 753//753 782//782 754//754
f 754//754 782//782 783//783
f 754//754 783//783 755//755
f 755//755 783//783 784//784
f 755//755 784//784 756//756
f 756//756 784//784 785//785
f 756//756 785//785 757//757
f 757//757 785//785 786//786
f 757//757 786//786 758//758
f 758//758 786//786 787//787
f 758//758 787//787 759//759
f 759//759 787//787 788//788
f 759//759 788//788 760//760
f 760//760 788//788 789//789
f 760//760 789//789 761//761
f 761//761 789//789 790//790
f 761//761 790//790 762//762
f 762//762 790//790 763//763
f 762//762 763//763 735//735
f 763//763 791//791 792//792
f 763//763 792//792 764//764
f 764//764 792//792 793//793
f 764//764 793//793 765//765
f 765//765 793//793 794//794
f 765//765 794//794 766//766
f 766//766 794//794 795//795
f 766//766 795//795 767//767
f 767//767 795//795 796//796
f 767//767 796//796 768//768
f 768//768 796//796 797//797
f 768//768 797//797 769//769
f 769//769 797//797 798//798
f 769//769 798//798 770//770
f 770//770 798//798 799//799
f 770//770 799//799 771//771
f 771//771 799//799 800//800
f 771//771 800//800 772//772
f 772//772 800//800 801//801
f 772//772 801//801 773//773
f 773//773 801//801 802//802
f 773//773 802//802 774//774
f 774//774 802//802 803//803
f 774//774 803//803 775//775
f 775//775 803//803 804//804
f 775//775 804//804 776//776
f 776//776 804//804 805//805
f 776//776 805//805 777//777
f 777//777 805//805 806//806
f 777//777 806//806 778//778
f 778//778 806//806 807//807
f 778//778 807//807 779//779
f 779//779 807//807 808//808
f 779//779 808//808 780//780
f 780//780 808//808 809//809
f 780//780 809//809 781//781
f 781//781 809//809 810//810
f 781//781 810//810 782//782
f 782//782 810//810 811//811
f 782//782 811//811 783//783
f 783//783 811//811 812//812
f 783//783 812//812 784//784
f 784//784 812//812 813//813
f 784//784 813//813 785//785
f 785//785 813//813 814//814
f 785//785 814//814 786//786
f 786//786 814//814 815//815
f 786//786 815//815 787//787
f 787//787 815//815 816//816
f 787//787 816//816 788//788
f 788//788 816//816 817//817
f 788//788 817//817 789//789
f 789//789 817//817 818//818
f 789//789 818//818 790//790
f 790//790 818//818 791//791
f 790//790 791//791 763//763
f 791//791 819//819 820//820
f 791//791 820//820 792//792
f 792//792 820//820 821//821
f 792//792 821//821 793//793
f 793//793 821//821 822//822
f 793//793 822//822 794//794
f 794//794 822//822 823//823
f 794//794 823//823 795//795
f 795//795 823//823 824//824
f 795//795 824//824 796//796
f 796//796 824//824 825//825
f 796//796 825//825 797//797
f 797//797 825//825 826//826
f 797//797 826//826 798//798
f 798//798 826//826 827//827
f 798//798 827//827 799//799
f 799//799 827//827 828//828
f 799//799 828//828 800//800
f 800//800 828//828 829//829
f 800//800 829//829 801//801
f 801//801 829//829 830//830
f 801//801 830//830 802//802
f 802//802 830//830 831//831
f 802//802 831//831 803//803
f 803//803 831//831 832//832
f 803//803 832//832 804//804
f 804//804 832//832 833//833
f 804//804 833//833 805//805
f 805//805 833//833 834//834
f 805//805 834//834 806//806
f 806//806 834//834 835//835
f 806//806 835//835 807//807
f 807//807 835//835 836//836
f 807//807 836//836 808//808
f 808//808 836//836 837//837
f 808//808 837//837 809//809
f 809//809 837//837 838//838
f 809//809 838//838 810//810
f 810//810 838//838 839//839
f 810//810 839//839 811//811
f 811//811 839//839 840//840
f 811//811 840//840 812//812
f 812//812 840//840 841//841
f 812//812 841//841 813//813
f 813//813 841//841 842//842
f 813//813 842//842 814//814
f 814//814 842//842 843//843
f 814//814 843//843 815//815
f 815//815 843//843 844//844
f 815//815 844//844 816//816
f 816//816 844//844 845//845
f 816//816 845//845 817//817
f 817//817 845//845 846//846
f 817//817 846//846 818//818
f 818//818 846//846 819//819
f 818//818 819//819 791//791
f 847//847 848//848 849//849
f 847//847 849//849 850//850
f 847//847 850//850 851//851
f 847//847 851//851 852//852
f 847//847 852//852 853//853
f 847//847 853//853 854//854
f 847//847 854//854 855//855
f 847//847 855//855 856//856
f 847//847 856//856 857//857
f 847//847 857//857 858//858
f 847//847 858//858 859//859
f 847//847 859//859 860//860
f 847//847 860//860 861//861
f 847//847 861//861 862//862
f 847//847 862//862 863//863
f 847//847 863//863 864//864
f 847//847 864//864 865//865
f 847//847 865//865 866//866
f 847//847 866//866 867//867
f 847//847 867//867 868//868
f 847//847 868//868 869//869
f 847//847 869//869 870//870
f 847//847 870//870 871//871
f 847//847 871//871 872//872
f 847//847 872//872 873//873
f 847//847 873//873 874//874
f 847//847 874//874 875//875
f 847//847 875//875 848//848
f 848//848 876//876 877//877
f 848//848 877//877 849//849
f 849//849 877//877 878//878
f 849//849 878//878 850//850
f 850//850 878//878 879//879
f 850//850 879//879 851//851
f 851//851 879//879 880//880
f 851//851 880//880 852//852
f 852//852 880//880 881//881
f 852//852 881//881 853//853
f 853//853 881//881 882//882
f 853//853 882//882 854//854
f 854//854 882//882 883//883
f 854//854 883//883 855//855
f 855//855 883//883 884//884
f 855//855 884//884 856//856
f 856//856 884//884 885//885
f 856//856 885//885 857//857
f 857//857 885//885 886//886
f 857//857 886//886 858//858
f 858//858 886//886 887//887
f 858//858 887//887 859//859
f 859//859 887//887 888//888
f 859//859 888//888 860//860
f 860//860 888//888 889//889
f 860//860 889//889 861//861
f 861//861 889//889 890//890
f 861//861 890//890 862//862
f 862//862 890//890 891//891
f 862//862 891//891 863//863
f 863//863 891//891 892//892
f 863//863 892//892 864//864
f 864//864 892//892 893//893
f 864//864 893//893 865//865
f 865//865 893//893 894//894
f 865//865 894//894 866//866
f 866//866 894//894 895//895
f 866//866 895//895 867//867
f 867//867 895//895 896//896
f 867//867 896//896 868//868
f 868//868 896//896 897//897
f 868//868 897//897 869//869
f 869//869 897//897 898//898
f 869//869 898//898 870//870
f 870//870 898//898 899//899
f 870//870 899//899 871//871
f 871//871 899//899 900//900
f 871//871 900//900 872//872
f 872//872 900//900 901//901
f 872//872 901//901 873//873
f 873//873 901//901 902//902
f 873//873 902//902 874//874
f 874//874 902//902 903//903
f 874//874 903//903 875//875
f 875//875 903//903 876//876
f 875//875 876//876 848//848
f 876//876 904//904 905//905
f 876//876 905//905 877//877
f 877//877 905//905 906//906
f 877//877 906//906 878//878
f 878//878 906//906 907//907
f 878//878 907//907 879//879
f 879//879 907//907 908//908
f 879//879 908//908 880//880
f 880//880 908//908 909//909
f 880//880 909//909 881//881
f 881//881 909//909 910//910
f 881//881 910//910 882//882
f 882//882 910//910 911//911
f 882//882 911//911 883//883
f 883//883 911//911 912//912
f 883//883 912//912 884//884
f 884//884 912//912 913//913
f 884//884 913//913 885//885
f 885//885 913//913 914//914
f 885//885 914//914 886//886
f 886//886 914//914 915//915
f 886//886 915//915 887//887
f 887//887 915//915 916//916
f 887//887 916//916 888//888
f 888//888 916//916 917//917
f 888//888 917//917 889//889
f 889//889 917//917 918//918
f 889//889 918//918 890//890
f 890//890 918//918 919//919
f 890//890 919//919 891//891
f 891//891 919//919 920//920
f 891//891 920//920 892//892
f 892//892 920//920 921//921
f 892//892 921//921 893//893
f 893//893 921//921 922//922
f 893//893 922//922 894//894
f 894//894 922//922 923//923
f 894//894 923//923 895//895
f 895//895 923//923 924//924
f 895//895 924//924 896//896
f 896//896 924//924 925//925
f 896//896 925//925 897//897
f 897//897 925//925 926//926
f 897//897 926//926 898//898
f 898//898 926//926 927//927
f 898//898 927//927 899//899
f 899//899 927//927 928//928
f 899//899 928//928 900//900
f 900//900 928//928 929//929
f 900//900 929//929 901//901
f 901//901 929//929 930//930
f 901//901 930//930 902//902
f 902//902 930//930 931//931
f 902//902 931//931 903//903
f 903//903 931//931 904//904
f 903//903 904//904 876//876
f 904//904 932//932 933//933
f 904//904 933//933 905//905
f 905//905 933//933 934//934
f 905//905 934//934 906//906
f 906//906 934//934 935//935
f 906//906 935//935 907//907
f 907//907 935//935 936//936
f 907//907 936//936 908//908
f 908//908 936//936 937//937
f 908//908 937//937 909//909
f 909//909 937//937 938//938
f 909//909 938//938 910//910
f 910//910 938//938 939//939
f 910//910 939//939 911//911
f 911//911 939//939 940//940
f 911//911 940//940 912//912
f 912//912 940//940 941//941
f 912//912 941//941 913//913
f 913//913 941//941 942//942
f 913//913 942//942 914//914
f 914//914 942//942 943//943
f 914//914 943//943 915//915
f 915//915 943//943 944//944
f 915//915 944//944 916//916
f 916//916 944//944 945//945
f 916//916 945//945 917//917
f 917//917 945//945 946//946
f 917//917 946//946 918//918
f 918//918 946//946 947//947
f 918//918 947//947 919//919
f 919//919 947//947 948//948
f 919//919 948//948 920//920
f 920//920 948//948 949//949
f 920//920 949//949 921//921
f 921//921 949//949 950//950
f 921//921 950//950 922//922
f 922//922 950//950 951//951
f 922//922 951//951 923//923
f 923//923 951//951 952//952
f 923//923 952//952 924//924
f 924//924 952//952 953//953
f 924//924 953//953 925//925
f 925//925 953//953 954//954
f 925//925 954//954 926//926
f 926//926 954//954 955//955
f 926//926 955//955 927//927
f 927//927 955//955 956//956
f 927//927 956//956 928//928
f 928//928 956//956 957//957
f 928//928 957//957 929//929
f 929//929 957//957 958//958
f 929//929 958//958 930//930
f 930//930 958//958 959//959
f 930//930 959//959 931//931
f 931//931 959//959 932//932
f 931//931 932//932 904//904
f 932//932 960//960 961//961
f 932//932 961//961 933//933
f 933//933 961//961 962//962
f 933//933 962//962 934//934
f 934//934 962//962 963//963
f 934//934 963//963 935//935
f 935//935 963//963 964//964
f 935//935 964//964 936//936
f 936//936 964//964 965//965
f 936//936 965//965 937//937
f 937//937 965//965 966//966
f 937//937 966//966 938//938
f 938//938 966//966 967//967
f 938//938 967//967 939//939
f 939//939 967//967 968//968
f 939//939 968//968 940//940
f 940//940 968//968 969//969
f 940//940 969//969 941//941
f 941//941 969//969 970//970
f 941//941 970//970 942//942
f 942//942 970//970 971//971
f 942//942 971//971 943//943
f 943//943 971//971 972//972
f 943//943 972//972 944//944
f 944//944 972//972 973//973
f 944//944 973//973 945//945
f 945//945 973//973 974//974
f 945//945 974//974 946//946
f 946//946 974//974 975//975
f 946//946 975//975 947//947
f 947//947 975//975 976//976
f 947//947 976//976 948//948
f 948//948 976//976 977//977
f 948//948 977//977 949//949
f 949//949 977//977 978//978
f 949//949 978//978 950//950
f 950//950 978//978 979//979
f 950//950 979//979 951//951
f 951//951 979//979 980//980
f 951//951 980//980 952//952
f 952//952 980//980 981//981
f 952//952 981//981 953//953
f 953//953 981//981 982//982
f 953//953 982//982 954//954
f 954//954 982//982 983//983
f 954//954 983//983 955//955
f 955//955 983//983 984//984
f 955//955 984//984 956//956
f 956//956 984//984 985//985
f 956//956 985//985 957//957
f 957//957 985//985 986//986
f 957//957 986//986 958//958
f 958//958 986//986 987//987
f 958//958 987//987 959//959
f 959//959 987//987 960//960
f 959//959 960//960 932//932
f 988//988 989//989 990//990
f 988//988 990//990 991//991
f 988//988 991//991 992//992
f 988//988 992//992 993//993
f 988//988 993//993 994//994
f 988//988 994//994 995//995
f 988//988 995//995 996//996
f 988//988 996//996 997//997
f 988//988 997//997 998//998
f 988//988 998//998 999//999
f 988//988 999//999 1000//1000
f 988//988 1000//1000 1001//1001
f 988//988 1001//1001 1002//1002
f 988//988 1002//1002 1003//1003
f 988//988 1003//1003 1004//1004
f 988//988 1004//1004 1005//1005
f 988//988 1005//1005 1006//1006
f 988//988 1006//1006 1007//1007
f 988//988 1007//1007 1008//1008
f 988//988 1008//1008 1009//1009
f 988//988 1009//1009 1010//1010
f 988//988 1010//1010 1011//1011
f 988//988 1011//1011 1012//1012
f 988//988 1012//1012 1013//1013
f 988//988 1013//1013 1014//1014
f 988//988 1014//1014 1015//1015
f 988//988 1015//1015 1016//1016
f 988//988 1016//1016 989//989
f 989//989 1017//1017 1018//1018
f 989//989 1018//1018 990//990
f 990//990 1018//1018 1019//1019
f 990//990 1019//1019 991//991
f 991//991 1019//1019 1020//1020
f 991//991 1020//1020 992//992
f 992//992 1020//1020 1021//1021
f 992//992 1021//1021 993//993
f 993//993 1021//1021 1022//1022
f 993//993 1022//1022 994//994
f 994//994 1022//1022 1023//1023
f 994//994 1023//1023 995//995
f 995//995 1023//1023 1024//1024
f 995//995 1024//1024 996//996
f 996//996 1024//1024 1025//1025
f 996//996 1025//1025 997//997
f 997//997 1025//1025 1026//1026
f 997//997 1026//1026 998//998
f 998//998 1026//1026 1027//1027
f 998//998 1027//1027 999//999
f 999//999 1027//1027 1028//1028
f 999//999 1028//1028 1000//1000
f 1000//1000 1028//1028 1029//1029
f 1000//1000 1029//1029 1001//1001
f 1001//1001 1029//1029 1030//1030
f 1001//1001 1030//1030 1002//1002
f 1002//1002 1030//1030 1031//1031
f 1002//1002 1031//1031 1003//1003
f 1003//1003 1031//1031 1032//1032
f 1003//1003 1032//1032 1004//1004
f 1004//1004 1032//1032 1033//1033
f 1004//1004 1033//1033 1005//1005
f 1005//1005 1033//1033 1034//1034
f 1005//1005 1034//1034 1006//1006
f 1006//1006 1034//1034 1035//1035
f 1006//1006 1035//1035 1007//1007
f 1007//1007 1035//1035 1036//1036
f 1007//1007 1036//1036 1008//1008
f 1008//1008 1036//1036 1037//1037
f 1008//1008 1037//1037 1009//1009
f 1009//1009 1037//1037 1038//1038
f 1009//1009 1038//1038 1010//1010
f 1010//1010 1038//1038 1039//1039
f 1010//1010 1039//1039 1011//1011
f 1011//1011 1039//1039 1040//1040
f 1011//1011 1040//1040 1012//1012
f 1012//1012 1040//1040 1041//1041
f 1012//1012 1041//1041 1013//1013
f 1013//1013 1041//1041 1042//1042
f 1013//1013 1042//1042 1014//1014
f 1014//1014 1042//1042 1043//1043
f 1014//1014 1043//1043 1015//1015
f 1015//1015 1043//1043 1044//1044
f 1015//1015 1044//1044 1016//1016
f 1016//1016 1044//1044 1017//1017
f 1016//1016 1017//1017 989//989
f 1017//1017 1045//1045 1046//1046
f 1017//1017 1046//1046 1018//1018
f 1018//1018 1046//1046 1047//1047
f 1018//1018 1047//1047 1019//1019
f 1019//1019 1047//1047 1048//1048
f 1019//1019 1048//1048 1020//1020
f 1020//1020 1048//1048 1049//1049
f 1020//1020 1049//1049 1021//1021
f 1021//1021 1049//1049 1050//1050
f 1021//1021 1050//1050 1022//1022
f 1022//1022 1050//1050 1051//1051
f 1022//1022 1051//1051 1023//1023
f 1023//1023 1051//1051 1052//1052
f 1023//1023 1052//1052 1024//1024
f 1024//1024 1052//1052 1053//1053
f 1024//1024 1053//1053 1025//1025
f 1025//1025 1053//1053 1054//1054
f 1025//1025 1054//1054 1026//1026
f 1026//1026 1054//1054 1055//1055
f 1026//1026 1055//1055 1027//1027
f 1027//1027 1055//1055 1056//1056
f 1027//1027 1056//1056 1028//1028
f 1028//1028 1056//1056 1057//1057
f 1028//1028 1057//1057 1029//1029
f 1029//1029 1057//1057 1058//1058
f 1029//1029 1058//1058 1030//1030
f 1030//1030 1058//1058 1059//1059
f 1030//1030 1059//1059 1031//1031
f 1031//1031 1059//1059 1060//1060
f 1031//1031 1060//1060 1032//1032
f 1032//1032 1060//1060 1061//1061
f 1032//1032 1061//1061 1033//1033
f 1033//1033 1061//1061 1062//1062
f 1033//1033 1062//1062 1034//1034
f 1034//1034 1062//1062 1063//1063
f 1034//1034 1063//1063 1035//1035
f 1035//1035 1063//1063 1064//1064
f 1035//1035 1064//1064 1036//1036
f 1036//1036 1064//1064 1065//1065
f 1036//1036 1065//1065 1037//1037
f 1037//1037 1065//1065 1066//1066
f 1037//1037 1066//1066 1038//1038
f 1038//1038 1066//1066 1067//1067
f 1038//1038 1067//1067 1039//1039
f 1039//1039 1067//1067 1068//1068
f 1039//1039 1068//1068 1040//1040
f 1040//1040 1068//1068 1069//1069
f 1040//1040 1069//1069 1041//1041
f 1041//1041 1069//1069 1070//1070
f 1041//1041 1070//1070 1042//1042
f 1042//1042 1070//1070 1071//1071
f 1042//1042 1071//1071 1043//1043
f 1043//1043 1071//1071 1072//1072
f 1043//1043 1072//1072 1044//1044
f 1044//1044 1072//1072 1045//1045
f 1044//1044 1045//1045 1017//1017
f 1045//1045 1073//1073 1074//1074
f 1045//1045 1074//1074 1046//1046
f 1046//1046 1074//1074 1075//1075
f 1046//1046 1075//1075 1047//1047
f 1047//1047 1075//1075 1076//1076
f 1047//1047 1076//1076 1048//1048
f 1048//1048 1076//1076 1077//1077
f 1048//1048 1077//1077 1049//1049
f 1049//1049 1077//1077 1078//1078
f 1049//1049 1078//1078 1050//1050
f 1050//1050 1078//1078 1079//1079
f 1050//1050 1079//1079 1051//1051
f 1051//1051 1079//1079 1080//1080
f 1051//1051 1080//1080 1052//1052
f 1052//1052 1080//1080 1081//1081
f 1052//1052 1081//1081 1053//1053
f 1053//1053 1081//1081 1082//1082
f 1053//1053 1082//1082 1054//1054
f 1054//1054 1082//1082 1083//1083
f 1054//1054 1083//1083 1055//1055
f 1055//1055 1083//1083 1084//1084
f 1055//1055 1084//1084 1056//1056
f 1056//1056 1084//1084 1085//1085
f 1056//1056 1085//1085 1057//1057
f 1057//1057 1085//1085 1086//1086
f 1057//1057 1086//1086 1058//1058
f 1058//1058 1086//1086 1087//1087
f 1058//1058 1087//1087 1059//1059
f 1059//1059 1087//1087 1088//1088
f 1059//1059 1088//1088 1060//1060
f 1060//1060 1088//1088 1089//1089
f 1060//1060 1089//1089 1061//1061
f 1061//1061 1089//1089 1090//1090
f 1061//1061 1090//1090 1062//1062
f 1062//1062 1090//1090 1091//1091
f 1062//1062 1091//1091 1063//1063
f 1063//1063 1091//1091 1092//1092
f 1063//1063 1092//1092 1064//1064
f 1064//1064 1092//1092 1093//1093
f 1064//1064 1093//1093 1065//1065
f 1065//1065 1093//1093 1094//1094
f 1065//1065 1094//1094 1066//1066
f 1066//1066 1094//1094 1095//1095
f 1066//1066 1095//1095 1067//1067
f 1067//1067 1095//1095 1096//1096
f 1067//1067 1096//1096 1068//1068
f 1068//1068 1096//1096 1097//1097
f 1068//1068 1097//1097 1069//1069
f 1069//1069 1097//1097 1098//1098
f 1069//1069 1098//1098 1070//1070
f 1070//1070 1098//1098 1099//1099
f 1070//1070 1099//1099 1071//1071
f 1071//1071 1099//1099 1100//1100
f 1071//1071 1100//1100 1072//1072
f 1072//1072 1100//1100 1073//1073
f 1072//1072 1073//1073 1045//1045
f 1073//1073 1101//1101 1102//1102
f 1073//1073 1102//1102 1074//1074
f 1074//1074 1102//1102 1103//1103
f 1074//1074 1103//1103 1075//1075
f 1075//1075 1103//1103 1104//1104
f 1075//1075 1104//1104 1076//1076
f 1076//1076 1104//1104 1105//1105
f 1076//1076 1105//1105 1077//1077
f 1077//1077 1105//1105 1106//1106
f 1077//1077 1106//1106 1078//1078
f 1078//1078 1106//1106 1107//1107
f 1078//1078 1107//1107 1079//1079
f 1079//1079 1107//1107 1108//1108
f 1079//1079 1108//1108 1080//1080
f 1080//1080 1108//1108 1109//1109
f 1080//1080 1109//1109 1081//1081
f 1081//1081 1109//1109 1110//1110
f 1081//1081 1110//1110 1082//1082
f 1082//1082 1110//1110 1111//1111
f 1082//1082 1111//1111 1083//1083
f 1083//1083 1111//1111 1112//1112
f 1083//1083 1112//1112 1084//1084
f 1084//1084 1112//1112 1113//1113
f 1084//1084 1113//1113 1085//1085
f 1085//1085 1113//1113 1114//1114
f 1085//1085 1114//1114 1086//1086
f 1086//1086 1114//1114 1115//1115
f 1086//1086 1115//1115 1087//1087
f 1087//1087 1115//1115 1116//1116
f 1087//1087 1116//1116 1088//1088
f 1088//1088 1116//1116 1117//1117
f 1088//1088 1117//1117 1089//1089
f 1089//1089 1117//1117 1118//1118
f 1089//1089 1118//1118 1090//1090
f 1090//1090 1118//1118 1119//1119
f 1090//1090 1119//1119 1091//1091
f 1091//1091 1119//1119 1120//1120
f 1091//1091 1120//1120 1092//1092
f 1092//1092 1120//1120 1121//1121
f 1092//1092 1121//1121 1093//1093
f 1093//1093 1121//1121 1122//1122
f 1093//1093 1122//1122 1094//1094
f 1094//1094 1122//1122 1123//1123
f 1094//1094 1123//1123 1095//1095
f 1095//1095 1123//1123 1124//1124
f 1095//1095 1124//1124 1096//1096
f 1096//1096 1124//1124 1125//1125
f 1096//1096 1125//1125 1097//1097
f 1097//1097 1125//1125 1126//1126
f 1097//1097 1126//1126 1098//1098
f 1098//1098 1126//1126 1127//1127
f 1098//1098 1127//1127 1099//1099
f 1099//1099 1127//1127 1128//1128
f 1099//1099 1128//1128 1100//1100
f 1100//1100 1128//1128 1101//1101
f 1100//1100 1101//1101 1073//1073
f 1129//1129 1130//1130 1131//1131
f 1129//1129 1131//1131 1132//1132
f 1129//1129 1132//1132 1133//1133
f 1129//1129 1133//1133 1134//1134
f 1129//1129 1134//1134 1135//1135
f 1129//1129 1135//1135 1136//1136
f 1129//1129 1136//1136 1137//1137
f 1129//1129 1137//1137 1138//1138
f 1129//1129 1138//1138 1139//1139
f 1129//1129 1139//1139 1140//1140
f 1129//1129 1140//1140 1141//1141
f 1129//1129 1141//1141 1142//1142
f 1129//1129 1142//1142 1143//1143
f 1129//1129 1143//1143 1144//1144
f 1129//1129 1144//1144 1145//1145
f 1129//1129 1145//1145 1146//1146
f 1129//1129 1146//1146 1147//1147
f 1129//1129 1147//1147 1148//1148
f 1129//1129 1148//1148 1149//1149
f 1129//1129 1149//1149 1150//1150
f 1129//1129 1150//1150 1151//1151
f 1129//1129 1151//1151 1152//1152
f 1129//1129 1152//1152 1153//1153
f 1129//1129 1153//1153 1154//1154
f 1129//1129 1154//1154 1155//1155
f 1129//1129 1155//1155 1156//1156
f 1129//1129 1156//1156 1157//1157
f 1129//1129 1157//1157 1130//1130
f 1130//1130 1158//1158 1159//1159
f 1130//1130 1159//1159 1131//1131
f 1131//1131 1159//1159 1160//1160
f 1131//1131 1160//1160 1132//1132
f 1132//1132 1160//1160 1161//1161
f 1132//1132 1161//1161 1133//1133
f 1133//1133 1161//1161 1162//1162
f 1133//1133 1162//1162 1134//1134
f 1134//1134 1162//1162 1163//1163
f 1134//1134 1163//1163 1135//1135
f 1135//1135 1163//1163 1164//1164
f 1135//1135 1164//1164 1136//1136
f 1136//1136 1164//1164 1165//1165
f 1136//1136 1165//1165 1137//1137
f 1137//1137 1165//1165 1166//1166
f 1137//1137 1166//1166 1138//1138
f 1138//1138 1166//1166 1167//1167
f 1138//1138 1167//1167 1139//1139
f 1139//1139 1167//1167 1168//1168
f 1139//1139 1168//1168 1140//1140
f 1140//1140 1168//1168 1169//1169
f 1140//1140 1169//1169 1141//1141
f 1141//1141 1169//1169 1170//1170
f 1141//1141 1170//1170 1142//1142
f 1142//1142 1170//1170 1171//1171
f 1142//1142 1171//1171 1143//1143
f 1143//1143 1171//1171 1172//1172
f 1143//1143 1172//1172 1144//1144
f 1144//1144 1172//1172 1173//1173
f 1144//1144 1173//1173 1145//1145
f 1145//1145 1173//1173 1174//1174
f 1145//1145 1174//1174 1146//1146
f 1146//1146 1174//1174 1175//1175
f 1146//1146 1175//1175 1147//1147
f 1147//1147 1175//1175 1176//1176
f 1147//1147 1176//1176 1148//1148
f 1148//1148 1176//1176 1177//1177
f 1148//1148 1177//1177 1149//1149
f 1149//1149 1177//1177 1178//1178
f 1149//1149 1178//1178 1150//1150
f 1150//1150 1178//1178 1179//1179
f 1150//1150 1179//1179 1151//1151
f 1151//1151 1179//1179 1180//1180
f 1151//1151 1180//1180 1152//1152
f 1152//1152 1180//1180 1181//1181
f 1152//1152 1181//1181 1153//1153
f 1153//1153 1181//1181 1182//1182
f 1153//1153 1182//1182 1154//1154
f 1154//1154 1182//1182 1183//1183
f 1154//1154 1183//1183 1155//1155
f 1155//1155 1183//1183 1184//1184
f 1155//1155 1184//1184 1156//1156
f 1156//1156 1184//1184 1185//1185
f 1156//1156 1185//1185 1157//1157
f 1157//1157 1185//1185 1158//1158
f 1157//1157 1158//1158 1130//1130
f 1158//1158 1186//1186 1187//1187
f 1158//1158 1187//1187 1159//1159
f 1159//1159 1187//1187 1188//1188
f 1159//1159 1188//1188 1160//1160
f 1160//1160 1188//1188 1189//1189
f 1160//1160 1189//1189 1161//1161
f 1161//1161 1189//1189 1190//1190
f 1161//1161 1190//1190 1162//1162
f 1162//1162 1190//1190 1191//1191
f 1162//1162 1191//1191 1163//1163
f 1163//1163 1191//1191 1192//1192
f 1163//1163 1192//1192 1164//1164
f 1164//1164 1192//1192 1193//1193
f 1164//1164 1193//1193 1165//1165
f 1165//1165 1193//1193 1194//1194
f 1165//1165 1194//1194 1166//1166
f 1166//1166 1194//1194 1195//1195
f 1166//1166 1195//1195 1167//1167
f 1167//1167 1195//1195 1196//1196
f 1167//1167 1196//1196 1168//1168
f 1168//1168 1196//1196 1197//1197
f 1168//1168 1197//1197 1169//1169
f 1169//1169 1197//1197 1198//1198
f 1169//1169 1198//1198 1170//1170
f 1170//1170 1198//1198 1199//1199
f 1170//1170 1199//1199 1171//1171
f 1171//1171 1199//1199 1200//1200
f 1171//1171 1200//1200 1172//1172
f 1172//1172 1200//1200 1201//1201
f 1172//1172 1201//1201 1173//1173
f 1173//1173 1201//1201 1202//1202
f 1173//1173 1202//1202 1174//1174
f 1174//1174 1202//1202 1203//1203
f 1174//1174 1203//1203 1175//1175
f 1175//1175 1203//1203 1204//1204
f 1175//1175 1204//1204 1176//1176
f 1176//1176 1204//1204 1205//1205
f 1176//1176 1205//1205 1177//1177
f 1177//1177 1205//1205 1206//1206
f 1177//1177 1206//1206 1178//1178
f 1178//1178 1206//1206 1207//1207
f 1178//1178 1207//1207 1179//1179
f 1179//1179 1207//1207 1208//1208
f 1179//1179 1208//1208 1180//1180
f 1180//1180 1208//1208 1209//1209
f 1180//1180 1209//1209 1181//1181
f 1181//1181 1209//1209 1210//1210
f 1181//1181 1210//1210 1182//1182
f 1182//1182 1210//1210 1211//1211
f 1182//1182 1211//1211 1183//1183
f 1183//1183 1211//1211 1212//1212
f 1183//1183 1212//1212 1184//1184
f 1184//1184 1212//1212 1213//1213
f 1184//1184 1213//1213 1185//1185
f 1185//1185 1213//1213 1186//1186
f 1185//1185 1186//1186 1158//1158
f 1186//1186 1214//1214 1215//1215
f 1186//1186 1215//1215 1187//1187
f 1187//1187 1215//1215 1216//1216
f 1187//1187 1216//1216 1188//1188
f 1188//1188 1216//1216 1217//1217
f 1188//1188 1217//1217 1189//1189
f 1189//1189 1217//1217 1218//1218
f 1189//1189 1218//1218 1190//1190
f 1190//1190 1218//1218 1219//1219
f 1190//1190 1219//1219 1191//1191
f 1191//1191 1219//1219 1220//1220
f 1191//1191 1220//1220 1192//1192
f 1192//1192 1220//1220 1221//1221
f 1192//1192 1221//1221 1193//1193
f 1193//1193 1221//1221 1222//1222
f 1193//1193 1222//1222 1194//1194
f 1194//1194 1222//1222 1223//1223
f 1194//1194 1223//1223 1195//1195
f 1195//1195 1223//1223 1224//1224
f 1195//1195 1224//1224 1196//1196
f 1196//1196 1224//1224 1225//1225
f 1196//1196 1225//1225 1197//1197
f 1197//1197 1225//1225 1226//1226
f 1197//1197 1226//1226 1198//1198
f 1198//1198 1226//1226 1227//1227
f 1198//1198 1227//1227 1199//1199
f 1199//1199 1227//1227 1228//1228
f 1199//1199 1228//1228 1200//1200
f 1200//1200 1228//1228 1229//1229
f 1200//1200 1229//1229 1201//1201
f 1201//1201 1229//1229 1230//1230
f 1201//1201 1230//1230 1202//1202
f 1202//1202 1230//1230 1231//1231
f 1202//1202 1231//1231 1203//1203
f 1203//1203 1231//1231 1232//1232
f 1203//1203 1232//1232 1204//1204
f 1204//1204 1232//1232 1233//1233
f 1204//1204 1233//1233 1205//1205
f 1205//1205 1233//1233 1234//1234
f 1205//1205 1234//1234 1206//1206
f 1206//1206 1234//1234 1235//1235
f 1206//1206 1235//1235 1207//1207
f 1207//1207 1235//1235 1236//1236
f 1207//1207 1236//1236 1208//1208
f 1208//1208 1236//1236 1237//1237
f 1208//1208 1237//1237 1209//1209
f 1209//1209 1237//1237 1238//1238
f 1209//1209 1238//1238 1210//1210
f 1210//1210 1238//1238 1239//1239
f 1210//1210 1239//1239 1211//1211
f 1211//1211 1239//1239 1240//1240
f 1211//1211 1240//1240 1212//1212
f 1212//1212 1240//1240 1241//1241
f 1212//1212 1241//1241 1213//1213
f 1213//1213 1241//1241 1214//1214
f 1213//1213 1214//1214 1186//1186
f 1214//1214 1242//1242 1243//1243
f 1214//1214 1243//1243 1215//1215
f 1215//1215 1243//1243 1244//1244
f 1215//1215 1244//1244 1216//1216
f 1216//1216 1244//1244 1245//1245
f 1216//1216 1245//1245 1217//1217
f 1217//1217 1245//1245 1246//1246
f 1217//1217 1246//1246 1218//1218
f 1218//1218 1246//1246 1247//1247
f 1218//1218 1247//1247 1219//1219
f 1219//1219 1247//1247 1248//1248
f 1219//1219 1248//1248 1220//1220
f 1220//1220 1248//1248 1249//1249
f 1220//1220 1249//1249 1221//1221
f 1221//1221 1249//1249 1250//1250
f 1221//1221 1250//1250 1222//1222
f 1222//1222 1250//1250 1251//1251
f 1222//1222 1251//1251 1223//1223
f 1223//1223 1251//1251 1252//1252
f 1223//1223 1252//1252 1224//1224
f 1224//1224 1252//1252 1253//1253
f 1224//1224 1253//1253 1225//1225
f 1225//1225 1253//1253 1254//1254
f 1225//1225 1254//1254 1226//1226
f 1226//1226 1254//1254 1255//1255
f 1226//1226 1255//1255 1227//1227
f 1227//1227 1255//1255 1256//1256
f 1227//1227 1256//1256 1228//1228
f 1228//1228 1256//1256 1257//1257
f 1228//1228 1257//1257 1229//1229
f 1229//1229 1257//1257 1258//1258
f 1229//1229 1258//1258 1230//1230
f 1230//1230 1258//1258 1259//1259
f 1230//1230 1259//1259 1231//1231
f 1231//1231 1259//1259 1260//1260
f 1231//1231 1260//1260 1232//1232
f 1232//1232 1260//1260 1261//1261
f 1232//1232 1261//1261 1233//1233
f 1233//1233 1261//1261 1262//1262
f 1233//1233 1262//1262 1234//1234
f 1234//1234 1262//1262 1263//1263
f 1234//1234 1263//1263 1235//1235
f 1235//1235 1263//1263 1264//1264
f 1235//1235 1264//1264 1236//1236
f 1236//1236 1264//1264 1265//1265
f 1236//1236 1265//1265 1237//1237
f 1237//1237 1265//1265 1266//1266
f 1237//1237 1266//1266 1238//1238
f 1238//1238 1266//1266 1267//1267
f 1238//1238 1267//1267 1239//1239
f 1239//1239 1267//1267 1268//1268
f 1239//1239 1268//1268 1240//1240
f 1240//1240 1268//1268 1269//1269
f 1240//1240 1269//1269 1241//1241
f 1241//1241 1269//1269 1242//1242
f 1241//1241 1242//1242 1214//1214
f 1270//1270 1271//1271 1272//1272
f 1270//1270 1272//1272 1273//1273
f 1270//1270 1273//1273 1274//1274
f 1270//1270 1274//1274 1275//1275
f 1270//1270 1275//1275 1276//1276
f 1270//1270 1276//1276 1277//1277
f 1270//1270 1277//1277 1278//1278
f 1270//1270 1278//1278 1279//1279
f 1270//1270 1279//1279 1280//1280
f 1270//1270 1280//1280 1281//1281
f 1270//1270 1281//1281 1282//1282
f 1270//1270 1282//1282 1283//1283
f 1270//1270 1283//1283 1284//1284
f 1270//1270 1284//1284 1285//1285
f 1270//1270 1285//1285 1286//1286
f 1270//1270 1286//1286 1287//1287
f 1270//1270 1287//1287 1288//1288
f 1270//1270 1288//1288 1289//1289
f 1270//1270 1289//1289 1290//1290
f 1270//1270 1290//1290 1291//1291
f 1270//1270 1291//1291 1292//1292
f 1270//1270 1292//1292 1293//1293
f 1270//1270 1293//1293 1294//1294
f 1270//1270 1294//1294 1295//1295
f 1270//1270 1295//1295 1296//1296
f 1270//1270 1296//1296 1297//1297
f 1270//1270 1297//1297 1298//1298
f 1270//1270 1298//1298 1271//1271
f 1271//1271 1299//1299 1300//1300
f 1271//1271 1300//1300 1272//1272
f 1272//1272 1300//1300 1301//1301
f 1272//1272 1301//1301 1273//1273
f 1273//1273 1301//1301 1302//1302
f 1273//1273 1302//1302 1274//1274
f 1274//1274 1302//1302 1303//1303
f 1274//1274 1303//1303 1275//1275
f 1275//1275 1303//1303 1304//1304
f 1275//1275 1304//1304 1276//1276
f 1276//1276 1304//1304 1305//1305
f 1276//1276 1305//1305 1277//1277
f 1277//1277 1305//1305 1306//1306
f 1277//1277 1306//1306 1278//1278
f 1278//1278 1306//1306 1307//1307
f 1278//1278 1307//1307 1279//1279
f 1279//1279 1307//1307 1308//1308
f 1279//1279 1308//1308 1280//1280
f 1280//1280 1308//1308 1309//1309
f 1280//1280 1309//1309 1281//1281
f 1281//1281 1309//1309 1310//1310
f 1281//1281 1310//1310 1282//1282
f 1282//1282 1310//1310 1311//1311
f 1282//1282 1311//1311 1283//1283
f 1283//1283 1311//1311 1312//1312
f 1283//1283 1312//1312 1284//1284
f 1284//1284 1312//1312 1313//1313
f 1284//1284 1313//1313 1285//1285
f 1285//1285 1313//1313 1314//1314
f 1285//1285 1314//1314 1286//1286
f 1286//1286 1314//1314 1315//1315
f 1286//1286 1315//1315 1287//1287
f 1287//1287 1315//1315 1316//1316
f 1287//1287 1316//1316 1288//1288
f 1288//1288 1316//1316 1317//1317
f 1288//1288 1317//1317 1289//1289
f 1289//1289 1317//1317 1318//1318
f 1289//1289 1318//1318 1290//1290
f 1290//1290 1318//1318 1319//1319
f 1290//1290 1319//1319 1291//1291
f 1291//1291 1319//1319 1320//1320
f 1291//1291 1320//1320 1292//1292
f 1292//1292 1320//1320 1321//1321
f 1292//1292 1321//1321 1293//1293
f 1293//1293 1321//1321 1322//1322
f 1293//1293 1322//1322 1294//1294
f 1294//1294 1322//1322 1323//1323
f 1294//1294 1323//1323 1295//1295
f 1295//1295 1323//1323 1324//1324
f 1295//1295 1324//1324 1296//1296
f 1296//1296 1324//1324 1325//1325
f 1296//1296 1325//1325 1297//1297
f 1297//1297 1325//1325 1326//1326
f 1297//1297 1326//1326 1298//1298
f 1298//1298 1326//1326 1299//1299
f 1298//1298 1299//1299 1271//1271
f 1299//1299 1327//1327 1328//1328
f 1299//1299 1328//1328 1300//1300
f 1300//1300 1328//1328 1329//1329
f 1300//1300 1329//1329 1301//1301
f 1301//1301 1329//1329 1330//1330
f 1301//1301 1330//1330 1302//1302
f 1302//1302 1330//1330 1331//1331
f 1302//1302 1331//1331 1303//1303
f 1303//1303 1331//1331 1332//1332
f 1303//1303 1332//1332 1304//1304
f 1304//1304 1332//1332 1333//1333
f 1304//1304 1333//1333 1305//1305
f 1305//1305 1333//1333 1334//1334
f 1305//1305 1334//1334 1306//1306
f 1306//1306 1334//1334 1335//1335
f 1306//1306 1335//1335 1307//1307
f 1307//1307 1335//1335 1336//1336
f 1307//1307 1336//1336 1308//1308
f 1308//1308 1336//1336 1337//1337
f 1308//1308 1337//1337 1309//1309
f 1309//1309 1337//1337 1338//1338
f 1309//1309 1338//1338 1310//1310
f 1310//1310 1338//1338 1339//1339
f 1310//1310 1339//1339 1311//1311
f 1311//1311 1339//1339 1340//1340
f 1311//1311 1340//1340 1312//1312
f 1312//1312 1340//1340 1341//1341
f 1312//1312 1341//1341 1313//1313
f 1313//1313 1341//1341 1342//1342
f 1313//1313 1342//1342 1314//1314
f 1314//1314 1342//1342 1343//1343
f 1314//1314 1343//1343 1315//1315
f 1315//1315 1343//1343 1344//1344
f 1315//1315 1344//1344 1316//1316
f 1316//1316 1344//1344 1345//1345
f 1316//1316 1345//1345 1317//1317
f 1317//1317 1345//1345 1346//1346
f 1317//1317 1346//1346 1318//1318
f 1318//1318 1346//1346 1347//1347
f 1318//1318 1347//1347 1319//1319
f 1319//1319 1347//1347 1348//1348
f 1319//1319 1348//1348 1320//1320
f 1320//1320 1348//1348 1349//1349
f 1320//1320 1349//1349 1321//1321
f 1321//1321 1349//1349 1350//1350
f 1321//1321 1350//1350 1322//1322
f 1322//1322 1350//1350 1351//1351
f 1322//1322 1351//1351 1323//1323
f 1323//1323 1351//1351 1352//1352
f 1323//1323 1352//1352 1324//1324
f 1324//1324 1352//1352 1353//1353
f 1324//1324 1353//1353 1325//1325
f 1325//1325 1353//1353 1354//1354
f 1325//1325 1354//1354 1326//1326
f 1326//1326 1354//1354 1327//1327
f 1326//1326 1327//1327 1299//1299
f 1327//1327 1355//1355 1356//1356
f 1327//1327 1356//1356 1328//1328
f 1328//1328 1356//1356 1357//1357
f 1328//1328 1357//1357 1329//1329
f 1329//1329 1357//1357 1358//1358
f 1329//1329 1358//1358 1330//1330
f 1330//1330 1358//1358 1359//1359
f 1330//1330 1359//1359 1331//1331
f 1331//1331 1359//1359 1360//1360
f 1331//1331 1360//1360 1332//1332
f 1332//1332 1360//1360 1361//1361
f 1332//1332 1361//1361 1333//1333
f 1333//1333 1361//1361 1362//1362
f 1333//1333 1362//1362 1334//1334
f 1334//1334 1362//1362 1363//1363
f 1334//1334 1363//1363 1335//1335
f 1335//1335 1363//1363 1364//1364
f 1335//1335 1364//1364 1336//1336
f 1336//1336 1364//1364 1365//1365
f 1336//1336 1365//1365 1337//1337
f 1337//1337 1365//1365 1366//1366
f 1337//1337 1366//1366 1338//1338
f 1338//1338 1366//1366 1367//1367
f 1338//1338 1367//1367 1339//1339
f 1339//1339 1367//1367 1368//1368
f 1339//1339 1368//1368 1340//1340
f 1340//1340 1368//1368 1369//1369
f 1340//1340 1369//1369 1341//1341
f 1341//1341 1369//1369 1370//1370
f 1341//1341 1370//1370 1342//1342
f 1342//1342 1370//1370 1371//1371
f 1342//1342 1371//1371 1343//1343
f 1343//1343 1371//1371 1372//1372
f 1343//1343 1372//1372 1344//1344
f 1344//1344 1372//1372 1373//1373
f 1344//1344 1373//1373 1345//1345
f 1345//1345 1373//1373 1374//1374
f 1345//1345 1374//1374 1346//1346
f 1346//1346 1374//1374 1375//1375
f 1346//1346 1375//1375 1347//1347
f 1347//1347 1375//1375 1376//1376
f 1347//1347 1376//1376 1348//1348
f 1348//1348 1376//1376 1377//1377
f 1348//1348 1377//1377 1349//1349
f 1349//1349 1377//1377 1378//1378
f 1349//1349 1378//1378 1350//1350
f 1350//1350 1378//1378 1379//1379
f 1350//1350 1379//1379 1351//1351
f 1351//1351 1379//1379 1380//1380
f 1351//1351 1380//1380 1352//1352
f 1352//1352 1380//1380 1381//1381
f 1352//1352 1381//1381 1353//1353
f 1353//1353 1381//1381 1382//1382
f 1353//1353 1382//1382 1354//1354
f 1354//1354 1382//1382 1355//1355
f 1354//1354 1355//1355 1327//1327
f 1355//1355 1383//1383 1384//1384
f 1355//1355 1384//1384 1356//1356
f 1356//1356 1384//1384 1385//1385
f 1356//1356 1385//1385 1357//1357
f 1357//1357 1385//1385 1386//1386
f 1357//1357 1386//1386 1358//1358
f 1358//1358 1386//1386 1387//1387
f 1358//1358 1387//1387 1359//1359
f 1359//1359 1387//1387 1388//1388
f 1359//1359 1388//1388 1360//1360
f 1360//1360 1388//1388 1389//1389
f 1360//1360 1389//1389 1361//1361
f 1361//1361 1389//1389 1390//1390
f 1361//1361 1390//1390 1362//1362
f 1362//1362 1390//1390 1391//1391
f 1362//1362 1391//1391 1363//1363
f 1363//1363 1391//1391 1392//1392
f 1363//1363 1392//1392 1364//1364
f 1364//1364 1392//1392 1393//1393
f 1364//1364 1393//1393 1365//1365
f 1365//1365 1393//1393 1394//1394
f 1365//1365 1394//1394 1366//1366
f 1366//1366 1394//1394 1395//1395
f 1366//1366 1395//1395 1367//1367
f 1367//1367 1395//1395 1396//1396
f 1367//1367 1396//1396 1368//1368
f 1368//1368 1396//1396 1397//1397
f 1368//1368 1397//1397 1369//1369
f 1369//1369 1397//1397 1398//1398
f 1369//1369 1398//1398 1370//1370
f 1370//1370 1398//1398 1399//1399
f 1370//1370 1399//1399 1371//1371
f 1371//1371 1399//1399 1400//1400
f 1371//1371 1400//1400 1372//1372
f 1372//1372 1400//1400 1401//1401
f 1372//1372 1401//1401 1373//1373
f 1373//1373 1401//1401 1402//1402
f 1373//1373 1402//1402 1374//1374
f 1374//1374 1402//1402 1403//1403
f 1374//1374 1403//1403 1375//1375
f 1375//1375 1403//1403 1404//1404
f 1375//1375 1404//1404 1376//1376
f 1376//1376 1404//1404 1405//1405
f 1376//1376 1405//1405 1377//1377
f 1377//1377 1405//1405 1406//1406
f 1377//1377 1406//1406 1378//1378
f 1378//1378 1406//1406 1407//1407
f 1378//1378 1407//1407 1379//1379
f 1379//1379 1407//1407 1408//1408
f 1379//1379 1408//1408 1380//1380
f 1380//1380 1408//1408 1409//1409
f 1380//1380 1409//1409 1381//1381
f 1381//1381 1409//1409 1410//1410
f 1381//1381 1410//1410 1382//1382
f 1382//1382 1410//1410 1383//1383
f 1382//1382 1383//1383 1355//1355
f 1411//1411 1412//1412 1413//1413
f 1411//1411 1413//1413 1414//1414
f 1411//1411 1414//1414 1415//1415
f 1411//1411 1415//1415 1416//1416
f 1411//1411 1416//1416 1417//1417
f 1411//1411 1417//1417 1418//1418
f 1411//1411 1418//1418 1419//1419
f 1411//1411 1419//1419 1420//1420
f 1411//1411 1420//1420 1421//1421
f 1411//1411 1421//1421 1422//1422
f 1411//1411 1422//1422 1423//1423
f 1411//1411 1423//1423 1424//1424
f 1411//1411 1424//1424 1425//1425
f 1411//1411 1425//1425 1426//1426
f 1411//1411 1426//1426 1427//1427
f 1411//1411 1427//1427 1428//1428
f 1411//1411 1428//1428 1429//1429
f 1411//1411 1429//1429 1430//1430
f 1411//1411 1430//1430 1431//1431
f 1411//1411 1431//1431 1432//1432
f 1411//1411 1432//1432 1433//1433
f 1411//1411 1433//1433 1434//1434
f 1411//1411 1434//1434 1435//1435
f 1411//1411 1435//1435 1436//1436
f 1411//1411 1436//1436 1437//1437
f 1411//1411 1437//1437 1438//1438
f 1411//1411 1438//1438 1439//1439
f 1411//1411 1439//1439 1412//1412
f 1412//1412 1440//1440 1441//1441
f 1412//1412 1441//1441 1413//1413
f 1413//1413 1441//1441 1442//1442
f 1413//1413 1442//1442 1414//1414
f 1414//1414 1442//1442 1443//1443
f 1414//1414 1443//1443 1415//1415
f 1415//1415 1443//1443 1444//1444
f 1415//1415 1444//1444 1416//1416
f 1416//1416 1444//1444 1445//1445
f 1416//1416 1445//1445 1417//1417
f 1417//1417 1445//1445 1446//1446
f 1417//1417 1446//1446 1418//1418
f 1418//1418 1446//1446 1447//1447
f 1418//1418 1447//1447 1419//1419
f 1419//1419 1447//1447 1448//1448
f 1419//1419 1448//1448 1420//1420
f 1420//1420 1448//1448 1449//1449
f 1420//1420 1449//1449 1421//1421
f 1421//1421 1449//1449 1450//1450
f 1421//1421 1450//1450 1422//1422
f 1422//1422 1450//1450 1451//1451
f 1422//1422 1451//1451 1423//1423
f 1423//1423 1451//1451 1452//1452
f 1423//1423 1452//1452 1424//1424
f 1424//1424 1452//1452 1453//1453
f 1424//1424 1453//1453 1425//1425
f 1425//1425 1453//1453 1454//1454
f 1425//1425 1454//1454 1426//1426
f 1426//1426 1454//1454 1455//1455
f 1426//1426 1455//1455 1427//1427
f 1427//1427 1455//1455 1456//1456
f 1427//1427 1456//1456 1428//1428
f 1428//1428 1456//1456 1457//1457
f 1428//1428 1457//1457 1429//1429
f 1429//1429 1457//1457 1458//1458
f 1429//1429 1458//1458 1430//1430
f 1430//1430 1458//1458 1459//1459
f 1430//1430 1459//1459 1431//1431
f 1431//1431 1459//1459 1460//1460
f 1431//1431 1460//1460 1432//1432
f 1432//1432 1460//1460 1461//1461
f 1432//1432 1461//1461 1433//1433
f 1433//1433 1461//1461 1462//1462
f 1433//1433 1462//1462 1434//1434
f 1434//1434 1462//1462 1463//1463
f 1434//1434 1463//1463 1435//1435
f 1435//1435 1463//1463 1464//1464
f 1435//1435 1464//1464 1436//1436
f 1436//1436 1464//1464 1465//1465
f 1436//1436 1465//1465 1437//1437
f 1437//1437 1465//1465 1466//1466
f 1437//1437 1466//1466 1438//1438
f 1438//1438 1466//1466 1467//1467
f 1438//1438 1467//1467 1439//1439
f 1439//1439 1467//1467 1440//1440
f 1439//1439 1440//1440 1412//1412
f 1440//1440 1468//1468 1469//1469
f 1440//1440 1469//1469 1441//1441
f 1441//1441 1469//1469 1470//1470
f 1441//1441 1470//1470 1442//1442
f 1442//1442 1470//1470 1471//1471
f 1442//1442 1471//1471 1443//1443
f 1443//1443 1471//1471 1472//1472
f 1443//1443 1472//1472 1444//1444
f 1444//1444 1472//1472 1473//1473
f 1444//1444 1473//1473 1445//1445
f 1445//1445 1473//1473 1474//1474
f 1445//1445 1474//1474 1446//1446
f 1446//1446 1474//1474 1475//1475
f 1446//1446 1475//1475 1447//1447
f 1447//1447 1475//1475 1476//1476
f 1447//1447 1476//1476 1448//1448
f 1448//1448 1476//1476 1477//1477
f 1448//1448 1477//1477 1449//1449
f 1449//1449 1477//1477 1478//1478
f 1449//1449 1478//1478 1450//1450
f 1450//1450 1478//1478 1479//1479
f 1450//1450 1479//1479 1451//1451
f 1451//1451 1479//1479 1480//1480
f 1451//1451 1480//1480 1452//1452
f 1452//1452 1480//1480 1481//1481
f 1452//1452 1481//1481 1453//1453
f 1453//1453 1481//1481 1482//1482
f 1453//1453 1482//1482 1454//1454
f 1454//1454 1482//1482 1483//1483
f 1454//1454 1483//1483 1455//1455
f 1455//1455 1483//1483 1484//1484
f 1455//1455 1484//1484 1456//1456
f 1456//1456 1484//1484 1485//1485
f 1456//1456 1485//1485 1457//1457
f 1457//1457 1485//1485 1486//1486
f 1457//1457 1486//1486 1458//1458
f 1458//1458 1486//1486 1487//1487
f 1458//1458 1487//1487 1459//1459
f 1459//1459 1487//1487 1488//1488
f 1459//1459 1488//1488 1460//1460
f 1460//1460 1488//1488 1489//1489
f 1460//1460 1489//1489 1461//1461
f 1461//1461 1489//1489 1490//1490
f 1461//1461 1490//1490 1462//1462
f 1462//1462 1490//1490 1491//1491
f 1462//1462 1491//1491 1463//1463
f 1463//1463 1491//1491 1492//1492
f 1463//1463 1492//1492 1464//1464
f 1464//1464 1492//1492 1493//1493
f 1464//1464 1493//1493 1465//1465
f 1465//1465 1493//1493 1494//1494
f 1465//1465 1494//1494 1466//1466
f 1466//1466 1494//1494 1495//1495
f 1466//1466 1495//1495 1467//1467
f 1467//1467 1495//1495 1468//1468
f 1467//1467 1468//1468 1440//1440
f 1468//1468 1496//1496 1497//1497
f 1468//1468 1497//1497 1469//1469
f 1469//1469 1497//1497 1498//1498
f 1469//1469 1498//1498 1470//1470
f 1470//1470 1498//1498 1499//1499
f 1470//1470 1499//1499 1471//1471
f 1471//1471 1499//1499 1500//1500
f 1471//1471 1500//1500 1472//1472
f 1472//1472 1500//1500 1501//1501
f 1472//1472 1501//1501 1473//1473
f 1473//1473 1501//1501 1502//1502
f 1473//1473 1502//1502 1474//1474
f 1474//1474 1502//1502 1503//1503
f 1474//1474 1503//1503 1475//1475
f 1475//1475 1503//1503 1504//1504
f 1475//1475 1504//1504 1476//1476
f 1476//1476 1504//1504 1505//1505
f 1476//1476 1505//1505 1477//1477
f 1477//1477 1505//1505 1506//1506
f 1477//1477 1506//1506 1478//1478
f 1478//1478 1506//1506 1507//1507
f 1478//1478 1507//1507 1479//1479
f 1479//1479 1507//1507 1508//1508
f 1479//1479 1508//1508 1480//1480
f 1480//1480 1508//1508 1509//1509
f 1480//1480 1509//1509 1481//1481
f 1481//1481 1509//1509 1510//1510
f 1481//1481 1510//1510 1482//1482
f 1482//1482 1510//1510 1511//1511
f 1482//1482 1511//1511 1483//1483
f 1483//1483 1511//1511 1512//1512
f 1483//1483 1512//1512 1484//1484
f 1484//1484 1512//1512 1513//1513
f 1484//1484 1513//1513 1485//1485
f 1485//1485 1513//1513 1514//1514
f 1485//1485 1514//1514 1486//1486
f 1486//1486 1514//1514 1515//1515
f 1486//1486 1515//1515 1487//1487
f 1487//1487 1515//1515 1516//1516
f 1487//1487 1516//1516 1488//1488
f 1488//1488 1516//1516 1517//1517
f 1488//1488 1517//1517 1489//1489
f 1489//1489 1517//1517 1518//1518
f 1489//1489 1518//1518 1490//1490
f 1490//1490 1518//1518 1519//1519
f 1490//1490 1519//1519 1491//1491
f 1491//1491 1519//1519 1520//1520
f 1491//1491 1520//1520 1492//1492
f 1492//1492 1520//1520 1521//1521
f 1492//1492 1521//1521 1493//1493
f 1493//1493 1521//1521 1522//1522
f 1493//1493 1522//1522 1494//1494
f 1494//1494 1522//1522 1523//1523
f 1494//1494 1523//1523 1495//1495
f 1495//1495 1523//1523 1496//1496
f 1495//1495 1496//1496 1468//1468
f 1496//1496 1524//1524 1525//1525
f 1496//1496 1525//1525 1497//1497
f 1497//1497 1525//1525 1526//1526
f 1497//1497 1526//1526 1498//1498
f 1498//1498 1526//1526 1527//1527
f 1498//1498 1527//1527 1499//1499
f 1499//1499 1527//1527 1528//1528
f 1499//1499 1528//1528 1500//1500
f 1500//1500 1528//1528 1529//1529
f 1500//1500 1529//1529 1501//1501
f 1501//1501 1529//1529 1530//1530
f 1501//1501 1530//1530 1502//1502
f 1502//1502 1530//1530 1531//1531
f 1502//1502 1531//1531 1503//1503
f 1503//1503 1531//1531 1532//1532
f 1503//1503 1532//1532 1504//1504
f 1504//1504 1532//1532 1533//1533
f 1504//1504 1533//1533 1505//1505
f 1505//1505 1533//1533 1534//1534
f 1505//1505 1534//1534 1506//1506
f 1506//1506 1534//1534 1535//1535
f 1506//1506 1535//1535 1507//1507
f 1507//1507 1535//1535 1536//1536
f 1507//1507 1536//1536 1508//1508
f 1508//1508 1536//1536 1537//1537
f 1508//1508 1537//1537 1509//1509
f 1509//1509 1537//1537 1538//1538
f 1509//1509 1538//1538 1510//1510
f 1510//1510 1538//1538 1539//1539
f 1510//1510 1539//1539 1511//1511
f 1511//1511 1539//1539 1540//1540
f 1511//1511 1540//1540 1512//1512
f 1512//1512 1540//1540 1541//1541
f 1512//1512 1541//1541 1513//1513
f 1513//1513 1541//1541 1542//1542
f 1513//1513 1542//1542 1514//1514
f 1514//1514 1542//1542 1543//1543
f 1514//1514 1543//1543 1515//1515
f 1515//1515 1543//1543 1544//1544
f 1515//1515 1544//1544 1516//1516
f 1516//1516 1544//1544 1545//1545
f 1516//1516 1545//1545 1517//1517
f 1517//1517 1545//1545 1546//1546
f 1517//1517 1546//1546 1518//1518
f 1518//1518 1546//1546 1547//1547
f 1518//1518 1547//1547 1519//1519
f 1519//1519 1547//1547 1548//1548
f 1519//1519 1548//1548 1520//1520
f 1520//1520 1548//1548 1549//1549
f 1520//1520 1549//1549 1521//1521
f 1521//1521 1549//1549 1550//1550
f 1521//1521 1550//1550 1522//1522
f 1522//1522 1550//1550 1551//1551
f 1522//1522 1551//1551 1523//1523
f 1523//1523 1551//1551 1524//1524
f 1523//1523 1524//1524 1496//1496
f 1552//1552 1553//1553 1554//1554
f 1552//1552 1554//1554 1555//1555
f 1552//1552 1555//1555 1556//1556
f 1552//1552 1556//1556 1557//1557
f 1552//1552 1557//1557 1558//1558
f 1552//1552 1558//1558 1559//1559
f 1552//1552 1559//1559 1560//1560
f 1552//1552 1560//1560 1561//1561
f 1552//1552 1561//1561 1562//1562
f 1552//1552 1562//1562 1563//1563
f 1552//1552 1563//1563 1564//1564
f 1552//1552 1564//1564 1565//1565
f 1552//1552 1565//1565 1566//1566
f 1552//1552 1566//1566 1567//1567
f 1552//1552 1567//1567 1568//1568
f 1552//1552 1568//1568 1569//1569
f 1552//1552 1569//1569 1570//1570
f 1552//1552 1570//1570 1571//1571
f 1552//1552 1571//1571 1572//1572
f 1552//1552 1572//1572 1573//1573
f 1552//1552 1573//1573 1574//1574
f 1552//1552 1574//1574 1575//1575
f 1552//1552 1575//1575 1576//1576
f 1552//1552 1576//1576 1577//1577
f 1552//1552 1577//1577 1578//1578
f 1552//1552 1578//1578 1579//1579
f 1552//1552 1579//1579 1580//1580
f 1552//1552 1580//1580 1553//1553
f 1553//1553 1581//1581 1582//1582
f 1553//1553 1582//1582 1554//1554
f 1554//1554 1582//1582 1583//1583
f 1554//1554 1583//1583 1555//1555
f 1555//1555 1583//1583 1584//1584
f 1555//1555 1584//1584 1556//1556
f 1556//1556 1584//1584 1585//1585
f 1556//1556 1585//1585 1557//1557
f 1557//1557 1585//1585 1586//1586
f 1557//1557 1586//1586 1558//1558
f 1558//1558 1586//1586 1587//1587
f 1558//1558 1587//1587 1559//1559
f 1559//1559 1587//1587 1588//1588
f 1559//1559 1588//1588 1560//1560
f 1560//1560 1588//1588 1589//1589
f 1560//1560 1589//1589 1561//1561
f 1561//1561 1589//1589 1590//1590
f 1561//1561 1590//1590 1562//1562
f 1562//1562 1590//1590 1591//1591
f 1562//1562 1591//1591 1563//1563
f 1563//1563 1591//1591 1592//1592
f 1563//1563 1592//1592 1564//1564
f 1564//1564 1592//1592 1593//1593
f 1564//1564 1593//1593 1565//1565
f 1565//1565 1593//1593 1594//1594
f 1565//1565 1594//1594 1566//1566
f 1566//1566 1594//1594 1595//1595
f 1566//1566 1595//1595 1567//1567
f 1567//1567 1595//1595 1596//1596
f 1567//1567 1596//1596 1568//1568
f 1568//1568 1596//1596 1597//1597
f 1568//1568 1597//1597 1569//1569
f 1569//1569 1597//1597 1598//1598
f 1569//1569 1598//1598 1570//1570
f 1570//1570 1598//1598 1599//1599
f 1570//1570 1599//1599 1571//1571
f 1571//1571 1599//1599 1600//1600
f 1571//1571 1600//1600 1572//1572
f 1572//1572 1600//1600 1601//1601
f 1572//1572 1601//1601 1573//1573
f 1573//1573 1601//1601 1602//1602
f 1573//1573 1602//1602 1574//1574
f 1574//1574 1602//1602 1603//1603
f 1574//1574 1603//1603 1575//1575
f 1575//1575 1603//1603 1604//1604
f 1575//1575 1604//1604 1576//1576
f 1576//1576 1604//1604 1605//1605
f 1576//1576 1605//1605 1577//1577
f 1577//1577 1605//1605 1606//1606
f 1577//1577 1606//1606 1578//1578
f 1578//1578 1606//1606 1607//1607
f 1578//1578 1607//1607 1579//1579
f 1579//1579 1607//1607 1608//1608
f 1579//1579 1608//1608 1580//1580
f 1580//1580 1608//1608 1581//1581
f 1580//1580 1581//1581 1553//1553
f 1581//1581 1609//1609 1610//1610
f 1581//1581 1610//1610 1582//1582
f 1582//1582 1610//1610 1611//1611
f 1582//1582 1611//1611 1583//1583
f 1583//1583 1611//1611 1612//1612
f 1583//1583 1612//1612 1584//1584
f 1584//1584 1612//1612 1613//1613
f 1584//1584 1613//1613 1585//1585
f 1585//1585 1613//1613 1614//1614
f 1585//1585 1614//1614 1586//1586
f 1586//1586 1614//1614 1615//1615
f 1586//1586 1615//1615 1587//1587
f 1587//1587 1615//1615 1616//1616
f 1587//1587 1616//1616 1588//1588
f 1588//1588 1616//1616 1617//1617
f 1588//1588 1617//1617 1589//1589
f 1589//1589 1617//1617 1618//1618
f 1589//1589 1618//1618 1590//1590
f 1590//1590 1618//1618 1619//1619
f 1590//1590 1619//1619 1591//1591
f 1591//1591 1619//1619 1620//1620
f 1591//1591 1620//1620 1592//1592
f 1592//1592 1620//1620 1621//1621
f 1592//1592 1621//1621 1593//1593
f 1593//1593 1621//1621 1622//1622
f 1593//1593 1622//1622 1594//1594
f 1594//1594 1622//1622 1623//1623
f 1594//1594 1623//1623 1595//1595
f 1595//1595 1623//1623 1624//1624
f 1595//1595 1624//1624 1596//1596
f 1596//1596 1624//1624 1625//1625
f 1596//1596 1625//1625 1597//1597
f 1597//1597 1625//1625 1626//1626
f 1597//1597 1626//1626 1598//1598
f 1598//1598 1626//1626 1627//1627
f 1598//1598 1627//1627 1599//1599
f 1599//1599 1627//1627 1628//1628
f 1599//1599 1628//1628 1600//1600
f 1600//1600 1628//1628 1629//1629
f 1600//1600 1629//1629 1601//1601
f 1601//1601 1629//1629 1630//1630
f 1601//1601 1630//1630 1602//1602
f 1602//1602 1630//1630 1631//1631
f 1602//1602 1631//1631 1603//1603
f 1603//1603 1631//1631 1632//1632
f 1603//1603 1632//1632 1604//1604
f 1604//1604 1632//1632 1633//1633
f 1604//1604 1633//1633 1605//1605
f 1605//1605 1633//1633 1634//1634
f 1605//1605 1634//1634 1606//1606
f 1606//1606 1634//1634 1635//1635
f 1606//1606 1635//1635 1607//1607
f 1607//1607 1635//1635 1636//1636
f 1607//1607 1636//1636 1608//1608
f 1608//1608 1636//1636 1609//1609
f 1608//1608 1609//1609 1581//1581
f 1609//1609 1637//1637 1638//1638
f 1609//1609 1638//1638 1610//1610
f 1610//1610 1638//1638 1639//1639
f 1610//1610 1639//1639 1611//1611
f 1611//1611 1639//1639 1640//1640
f 1611//1611 1640//1640 1612//1612
f 1612//1612 1640//1640 1641//1641
f 1612//1612 1641//1641 1613//1613
f 1613//1613 1641//1641 1642//1642
f 1613//1613 1642//1642 1614//1614
f 1614//1614 1642//1642 1643//1643
f 1614//1614 1643//1643 1615//1615
f 1615//1615 1643//1643 1644//1644
f 1615//1615 1644//1644 1616//1616
f 1616//1616 1644//1644 1645//1645
f 1616//1616 1645//1645 1617//1617
f 1617//1617 1645//1645 1646//1646
f 1617//1617 1646//1646 1618//1618
f 1618//1618 1646//1646 1647//1647
f 1618//1618 1647//1647 1619//1619
f 1619//1619 1647//1647 1648//1648
f 1619//1619 1648//1648 1620//1620
f 1620//1620 1648//1648 1649//1649
f 1620//1620 1649//1649 1621//1621
f 1621//1621 1649//1649 1650//1650
f 1621//1621 1650//1650 1622//1622
f 1622//1622 1650//1650 1651//1651
f 1622//1622 1651//1651 1623//1623
f 1623//1623 1651//1651 1652//1652
f 1623//1623 1652//1652 1624//1624
f 1624//1624 1652//1652 1653//1653
f 1624//1624 1653//1653 1625//1625
f 1625//1625 1653//1653 1654//1654
f 1625//1625 1654//1654 1626//1626
f 1626//1626 1654//1654 1655//1655
f 1626//1626 1655//1655 1627//1627
f 1627//1627 1655//1655 1656//1656
f 1627//1627 1656//1656 1628//1628
f 1628//1628 1656//1656 1657//1657
f 1628//1628 1657//1657 1629//1629
f 1629//1629 1657//1657 1658//1658
f 1629//1629 1658//1658 1630//1630
f 1630//1630 1658//1658 1659//1659
f 1630//1630 1659//1659 1631//1631
f 1631//1631 1659//1659 1660//1660
f 1631//1631 1660//1660 1632//1632
f 1632//1632 1660//1660 1661//1661
f 1632//1632 1661//1661 1633//1633
f 1633//1633 1661//1661 1662//1662
f 1633//1633 1662//1662 1634//1634
f 1634//1634 1662//1662 1663//1663
f 1634//1634 1663//1663 1635//1635
f 1635//1635 1663//1663 1664//1664
f 1635//1635 1664//1664 1636//1636
f 1636//1636 1664//1664 1637//1637
f 1636//1636 1637//1637 1609//1609
f 1637//1637 1665//1665 1666//1666
f 1637//1637 1666//1666 1638//1638
f 1638//1638 1666//1666 1667//1667
f 1638//1638 1667//1667 1639//1639
f 1639//1639 1667//1667 1668//1668
f 1639//1639 1668//1668 1640//1640
f 1640//1640 1668//1668 1669//1669
f 1640//1640 1669//1669 1641//1641
f 1641//1641 1669//1669 1670//1670
f 1641//1641 1670//1670 1642//1642
f 1642//1642 1670//1670 1671//1671
f 1642//1642 1671//1671 1643//1643
f 1643//1643 1671//1671 1672//1672
f 1643//1643 1672//1672 1644//1644
f 1644//1644 1672//1672 1673//1673
f 1644//1644 1673//1673 1645//1645
f 1645//1645 1673//1673 1674//1674
f 1645//1645 1674//1674 1646//1646
f 1646//1646 1674//1674 1675//1675
f 1646//1646 1675//1675 1647//1647
f 1647//1647 1675//1675 1676//1676
f 1647//1647 1676//1676 1648//1648
f 1648//1648 1676//1676 1677//1677
f 1648//1648 1677//1677 1649//1649
f 1649//1649 1677//1677 1678//1678
f 1649//1649 1678//1678 1650//1650
f 1650//1650 1678//1678 1679//1679
f 1650//1650 1679//1679 1651//1651
f 1651//1651 1679//1679 1680//1680
f 1651//1651 1680//1680 1652//1652
f 1652//1652 1680//1680 1681//1681
f 1652//1652 1681//1681 1653//1653
f 1653//1653 1681//1681 1682//1682
f 1653//1653 1682//1682 1654//1654
f 1654//1654 1682//1682 1683//1683
f 1654//1654 1683//1683 1655//1655
f 1655//1655 1683//1683 1684//1684
f 1655//1655 1684//1684 1656//1656
f 1656//1656 1684//1684 1685//1685
f 1656//1656 1685//1685 1657//1657
f 1657//1657 1685//1685 1686//1686
f 1657//1657 1686//1686 1658//1658
f 1658//1658 1686//1686 1687//1687
f 1658//1658 1687//1687 1659//1659
f 1659//1659 1687//1687 1688//1688
f 1659//1659 1688//1688 1660//1660
f 1660//1660 1688//1688 1689//1689
f 1660//1660 1689//1689 1661//1661
f 1661//1661 1689//1689 1690//1690
f 1661//1661 1690//1690 1662//1662
f 1662//1662 1690//1690 1691//1691
f 1662//1662 1691//1691 1663//1663
f 1663//1663 1691//1691 1692//1692
f 1663//1663 1692//1692 1664//1664
f 1664//1664 1692//1692 1665//1665
f 1664//1664 1665//1665 1637//1637
f 1693//1693 1694//1694 1695//1695
f 1693//1693 1695//1695 1696//1696
f 1693//1693 1696//1696 1697//1697
f 1693//1693 1697//1697 1698//1698
f 1693//1693 1698//1698 1699//1699
f 1693//1693 1699//1699 1700//1700
f 1693//1693 1700//1700 1701//1701
f 1693//1693 1701//1701 1702//1702
f 1693//1693 1702//1702 1703//1703
f 1693//1693 1703//1703 1704//1704
f 1693//1693 1704//1704 1705//1705
f 1693//1693 1705//1705 1706//1706
f 1693//1693 1706//1706 1707//1707
f 1693//1693 1707//1707 1708//1708
f 1693//1693 1708//1708 1709//1709
f 1693//1693 1709//1709 1710//1710
f 1693//1693 1710//1710 1711//1711
f 1693//1693 1711//1711 1712//1712
f 1693//1693 1712//1712 1713//1713
f 1693//1693 1713//1713 1714//1714
f 1693//1693 1714//1714 1715//1715
f 1693//1693 1715//1715 1716//1716
f 1693//1693 1716//1716 1717//1717
f 1693//1693 1717//1717 1718//1718
f 1693//1693 1718//1718 1719//1719
f 1693//1693 1719//1719 1720//1720
f 1693//1693 1720//1720 1721//1721
f 1693//1693 1721//1721 1694//1694
f 1694//1694 1722//1722 1723//1723
f 1694//1694 1723//1723 1695//1695
f 1695//1695 1723//1723 1724//1724
f 1695//1695 1724//1724 1696//1696
f 1696//1696 1724//1724 1725//1725
f 1696//1696 1725//1725 1697//1697
f 1697//1697 1725//1725 1726//1726
f 1697//1697 1726//1726 1698//1698
f 1698//1698 1726//1726 1727//1727
f 1698//1698 1727//1727 1699//1699
f 1699//1699 1727//1727 1728//1728
f 1699//1699 1728//1728 1700//1700
f 1700//1700 1728//1728 1729//1729
f 1700//1700 1729//1729 1701//1701
f 1701//1701 1729//1729 1730//1730
f 1701//1701 1730//1730 1702//1702
f 1702//1702 1730//1730 1731//1731
f 1702//1702 1731//1731 1703//1703
f 1703//1703 1731//1731 1732//1732
f 1703//1703 1732//1732 1704//1704
f 1704//1704 1732//1732 1733//1733
f 1704//1704 1733//1733 1705//1705
f 1705//1705 1733//1733 1734//1734
f 1705//1705 1734//1734 1706//1706
f 1706//1706 1734//1734 1735//1735
f 1706//1706 1735//1735 1707//1707
f 1707//1707 1735//1735 1736//1736
f 1707//1707 1736//1736 1708//1708
f 1708//1708 1736//1736 1737//1737
f 1708//1708 1737//1737 1709//1709
f 1709//1709 1737//1737 1738//1738
f 1709//1709 1738//1738 1710//1710
f 1710//1710 1738//1738 1739//1739
f 1710//1710 1739//1739 1711//1711
f 1711//1711 1739//1739 1740//1740
f 1711//1711 1740//1740 1712//1712
f 1712//1712 1740//1740 1741//1741
f 1712//1712 1741//1741 1713//1713
f 1713//1713 1741//1741 1742//1742
f 1713//1713 1742//1742 1714//1714
f 1714//1714 1742//1742 1743//1743
f 1714//1714 1743//1743 1715//1715
f 1715//1715 1743//1743 1744//1744
f 1715//1715 1744//1744 1716//1716
f 1716//1716 1744//1744 1745//1745
f 1716//1716 1745//1745 1717//1717
f 1717//1717 1745//1745 1746//1746
f 1717//1717 1746//1746 1718//1718
f 1718//1718 1746//1746 1747//1747
f 1718//1718 1747//1747 1719//1719
f 1719//1719 1747//1747 1748//1748
f 1719//1719 1748//1748 1720//1720
f 1720//1720 1748//1748 1749//1749
f 1720//1720 1749//1749 1721//1721
f 1721//1721 1749//1749 1722//1722
f 1721//1721 1722//1722 1694//1694
f 1722//1722 1750//1750 1751//1751
f 1722//1722 1751//1751 1723//1723
f 1723//1723 1751//1751 1752//1752
f 1723//1723 1752//1752 1724//1724
f 1724//1724 1752//1752 1753//1753
f 1724//1724 1753//1753 1725//1725
f 1725//1725 1753//1753 1754//1754
f 1725//1725 1754//1754 1726//1726
f 1726//1726 1754//1754 1755//1755
f 1726//1726 1755//1755 1727//1727
f 1727//1727 1755//1755 1756//1756
f 1727//1727 1756//1756 1728//1728
f 1728//1728 1756//1756 1757//1757
f 1728//1728 1757//1757 1729//1729
f 1729//1729 1757//1757 1758//1758
f 1729//1729 1758//1758 1730//1730
f 1730//1730 1758//1758 1759//1759
f 1730//1730 1759//1759 1731//1731
f 1731//1731 1759//1759 1760//1760
f 1731//1731 1760//1760 1732//1732
f 1732//1732 1760//1760 1761//1761
f 1732//1732 1761//1761 1733//1733
f 1733//1733 1761//1761 1762//1762
f 1733//1733 1762//1762 1734//1734
f 1734//1734 1762//1762 1763//1763
f 1734//1734 1763//1763 1735//1735
f 1735//1735 1763//1763 1764//1764
f 1735//1735 1764//1764 1736//1736
f 1736//1736 1764//1764 1765//1765
f 1736//1736 1765//1765 1737//1737
f 1737//1737 1765//1765 1766//1766
f 1737//1737 1766//1766 1738//1738
f 1738//1738 1766//1766 1767//1767
f 1738//1738 1767//1767 1739//1739
f 1739//1739 1767//1767 1768//1768
f 1739//1739 1768//1768 1740//1740
f 1740//1740 1768//1768 1769//1769
f 1740//1740 1769//1769 1741//1741
f 1741//1741 1769//1769 1770//1770
f 1741//1741 1770//1770 1742//1742
f 1742//1742 1770//1770 1771//1771
f 1742//1742 1771//1771 1743//1743
f 1743//1743 1771//1771 1772//1772
f 1743//1743 1772//1772 1744//1744
f 1744//1744 1772//1772 1773//1773
f 1744//1744 1773//1773 1745//1745
f 1745//1745 1773//1773 1774//1774
f 1745//1745 1774//1774 1746//1746
f 1746//1746 1774//1774 1775//1775
f 1746//1746 1775//1775 1747//1747
f 1747//1747 1775//1775 1776//1776
f 1747//1747 1776//1776 1748//1748
f 1748//1748 1776//1776 1777//1777
f 1748//1748 1777//1777 1749//1749
f 1749//1749 1777//1777 1750//1750
f 1749//1749 1750//1750 1722//1722
f 1750//1750 1778//1778 1779//1779
f 1750//1750 1779//1779 1751//1751
f 1751//1751 1779//1779 1780//1780
f 1751//1751 1780//1780 1752//1752
f 1752//1752 1780//1780 1781//1781
f 1752//1752 1781//1781 1753//1753
f 1753//1753 1781//1781 1782//1782
f 1753//1753 1782//1782 1754//1754
f 1754//1754 1782//1782 1783//1783
f 1754//1754 1783//1783 1755//1755
f 1755//1755 1783//1783 1784//1784
f 1755//1755 1784//1784 1756//1756
f 1756//1756 1784//1784 1785//1785
f 1756//1756 1785//1785 1757//1757
f 1757//1757 1785//1785 1786//1786
f 1757//1757 1786//1786 1758//1758
f 1758//1758 1786//1786 1787//1787
f 1758//1758 1787//1787 1759//1759
f 1759//1759 1787//1787 1788//1788
f 1759//1759 1788//1788 1760//1760
f 1760//1760 1788//1788 1789//1789
f 1760//1760 1789//1789 1761//1761
f 1761//1761 1789//1789 1790//1790
f 1761//1761 1790//1790 1762//1762
f 1762//1762 1790//1790 1791//1791
f 1762//1762 1791//1791 1763//1763
f 1763//1763 1791//1791 1792//1792
f 1763//1763 1792//1792 1764//1764
f 1764//1764 1792//1792 1793//1793
f 1764//1764 1793//1793 1765//1765
f 1765//1765 1793//1793 1794//1794
f 1765//1765 1794//1794 1766//1766
f 1766//1766 1794//1794 1795//1795
f 1766//1766 1795//1795 1767//1767
f 1767//1767 1795//1795 1796//1796
f 1767//1767 1796//1796 1768//1768
f 1768//1768 1796//1796 1797//1797
f 1768//1768 1797//1797 1769//1769
f 1769//1769 1797//1797 1798//1798
f 1769//1769 1798//1798 1770//1770
f 1770//1770 1798//1798 1799//1799
f 1770//1770 1799//1799 1771//1771
f 1771//1771 1799//1799 1800//1800
f 1771//1771 1800//1800 1772//1772
f 1772//1772 1800//1800 1801//1801
f 1772//1772 1801//1801 1773//1773
f 1773//1773 1801//1801 1802//1802
f 1773//1773 1802//1802 1774//1774
f 1774//1774 1802//1802 1803//1803
f 1774//1774 1803//1803 1775//1775
f 1775//1775 1803//1803 1804//1804
f 1775//1775 1804//1804 1776//1776
f 1776//1776 1804//1804 1805//1805
f 1776//1776 1805//1805 1777//1777
f 1777//1777 1805//1805 1778//1778
f 1777//1777 1778//1778 1750//1750
f 1778//1778 1806//1806 1807//1807
f 1778//1778 1807//1807 1779//1779
f 1779//1779 1807//1807 1808//1808
f 1779//1779 1808//1808 1780//1780
f 1780//1780 1808//1808 1809//1809
f 1780//1780 1809//1809 1781//1781
f 1781//1781 1809//1809 1810//1810
f 1781//1781 1810//1810 1782//1782
f 1782//1782 1810//1810 1811//1811
f 1782//1782 1811//1811 1783//1783
f 1783//1783 1811//1811 1812//1812
f 1783//1783 1812//1812 1784//1784
f 1784//1784 1812//1812 1813//1813
f 1784//1784 1813//1813 1785//1785
f 1785//1785 1813//1813 1814//1814
f 1785//1785 1814//1814 1786//1786
f 1786//1786 1814//1814 1815//1815
f 1786//1786 1815//1815 1787//1787
f 1787//1787 1815//1815 1816//1816
f 1787//1787 1816//1816 1788//1788
f 1788//1788 1816//1816 1817//1817
f 1788//1788 1817//1817 1789//1789
f 1789//1789 1817//1817 1818//1818
f 1789//1789 1818//1818 1790//1790
f 1790//1790 1818//1818 1819//1819
f 1790//1790 1819//1819 1791//1791
f 1791//1791 1819//1819 1820//1820
f 1791//1791 1820//1820 1792//1792
f 1792//1792 1820//1820 1821//1821
f 1792//1792 1821//1821 1793//1793
f 1793//1793 1821//1821 1822//1822
f 1793//1793 1822//1822 1794//1794
f 1794//1794 1822//1822 1823//1823
f 1794//1794 1823//1823 1795//1795
f 1795//1795 1823//1823 1824//1824
f 1795//1795 1824//1824 1796//1796
f 1796//1796 1824//1824 1825//1825
f 1796//1796 1825//1825 1797//1797
f 1797//1797 1825//1825 1826//1826
f 1797//1797 1826//1826 1798//1798
f 1798//1798 1826//1826 1827//1827
f 1798//1798 1827//1827 1799//1799
f 1799//1799 1827//1827 1828//1828
f 1799//1799 1828//1828 1800//1800
f 1800//1800 1828//1828 1829//1829
f 1800//1800 1829//1829 1801//1801
f 1801//1801 1829//1829 1830//1830
f 1801//1801 1830//1830 1802//1802
f 1802//1802 1830//1830 1831//1831
f 1802//1802 1831//1831 1803//1803
f 1803//1803 1831//1831 1832//1832
f 1803//1803 1832//1832 1804//1804
f 1804//1804 1832//1832 1833//1833
f 1804//1804 1833//1833 1805//1805
f 1805//1805 1833//1833 1806//1806
f 1805//1805 1806//1806 1778//1778
f 1834//1834 1835//1835 1836//1836
f 1834//1834 1836//1836 1837//1837
f 1834//1834 1837//1837 1838//1838
f 1834//1834 1838//1838 1839//1839
f 1834//1834 1839//1839 1840//1840
f 1834//1834 1840//1840 1841//1841
f 1834//1834 1841//1841 1842//1842
f 1834//1834 1842//1842 1843//1843
f 1834//1834 1843//1843 1844//1844
f 1834//1834 1844//1844 1845//1845
f 1834//1834 1845//1845 1846//1846
f 1834//1834 1846//1846 1847//1847
f 1834//1834 1847//1847 1848//1848
f 1834//1834 1848//1848 1849//1849
f 1834//1834 1849//1849 1850//1850
f 1834//1834 1850//1850 1851//1851
f 1834//1834 1851//1851 1852//1852
f 1834//1834 1852//1852 1853//1853
f 1834//1834 1853//1853 1854//1854
f 1834//1834 1854//1854 1855//1855
f 1834//1834 1855//1855 1856//1856
f 1834//1834 1856//1856 1857//1857
f 1834//1834 1857//1857 1858//1858
f 1834//1834 1858//1858 1859//1859
f 1834//1834 1859//1859 1860//1860
f 1834//1834 1860//1860 1861//1861
f 1834//1834 1861//1861 1862//1862
f 1834//1834 1862//1862 1835//1835
f 1835//1835 1863//1863 1864//1864
f 1835//1835 1864//1864 1836//1836
f 1836//1836 1864//1864 1865//1865
f 1836//1836 1865//1865 1837//1837
f 1837//1837 1865//1865 1866//1866
f 1837//1837 1866//1866 1838//1838
f 1838//1838 1866//1866 1867//1867
f 1838//1838 1867//1867 1839//1839
f 1839//1839 1867//1867 1868//1868
f 1839//1839 1868//1868 1840//1840
f 1840//1840 1868//1868 1869//1869
f 1840//1840 1869//1869 1841//1841
f 1841//1841 1869//1869 1870//1870
f 1841//1841 1870//1870 1842//1842
f 1842//1842 1870//1870 1871//1871
f 1842//1842 1871//1871 1843//1843
f 1843//1843 1871//1871 1872//1872
f 1843//1843 1872//1872 1844//1844
f 1844//1844 1872//1872 1873//1873
f 1844//1844 1873//1873 1845//1845
f 1845//1845 1873//1873 1874//1874
f 1845//1845 1874//1874 1846//1846
f 1846//1846 1874//1874 1875//1875
f 1846//1846 1875//1875 1847//1847
f 1847//1847 1875//1875 1876//1876
f 1847//1847 1876//1876 1848//1848
f 1848//1848 1876//1876 1877//1877
f 1848//1848 1877//1877 1849//1849
f 1849//1849 1877//1877 1878//1878
f 1849//1849 1878//1878 1850//1850
f 1850//1850 1878//1878 1879//1879
f 1850//1850 1879//1879 1851//1851
f 1851//1851 1879//1879 1880//1880
f 1851//1851 1880//1880 1852//1852
f 1852//1852 1880//1880 1881//1881
f 1852//1852 1881//1881 1853//1853
f 1853//1853 1881//1881 1882//1882
f 1853//1853 1882//1882 1854//1854
f 1854//1854 1882//1882 1883//1883
f 1854//1854 1883//1883 1855//1855
f 1855//1855 1883//1883 1884//1884
f 1855//1855 1884//1884 1856//1856
f 1856//1856 1884//1884 1885//1885
f 1856//1856 1885//1885 1857//1857
f 1857//1857 1885//1885 1886//1886
f 1857//1857 1886//1886 1858//1858
f 1858//1858 1886//1886 1887//1887
f 1858//1858 1887//1887 1859//1859
f 1859//1859 1887//1887 1888//1888
f 1859//1859 1888//1888 1860//1860
f 1860//1860 1888//1888 1889//1889
f 1860//1860 1889//1889 1861//1861
f 1861//1861 1889//1889 1890//1890
f 1861//1861 1890//1890 1862//1862
f 1862//1862 1890//1890 1863//1863
f 1862//1862 1863//1863 1835//1835
f 1863//1863 1891//1891 1892//1892
f 1863//1863 1892//1892 1864//1864
f 1864//1864 1892//1892 1893//1893
f 1864//1864 1893//1893 1865//1865
f 1865//1865 1893//1893 1894//1894
f 1865//1865 1894//1894 1866//1866
f 1866//1866 1894//1894 1895//1895
f 1866//1866 1895//1895 1867//1867
f 1867//1867 1895//1895 1896//1896
f 1867//1867 1896//1896 1868//1868
f 1868//1868 1896//1896 1897//1897
f 1868//1868 1897//1897 1869//1869
f 1869//1869 1897//1897 1898//1898
f 1869//1869 1898//1898 1870//1870
f 1870//1870 1898//1898 1899//1899
f 1870//1870 1899//1899 1871//1871
f 1871//1871 1899//1899 1900//1900
f 1871//1871 1900//1900 1872//1872
f 1872//1872 1900//1900 1901//1901
f 1872//1872 1901//1901 1873//1873
f 1873//1873 1901//1901 1902//1902
f 1873//1873 1902//1902 1874//1874
f 1874//1874 1902//1902 1903//1903
f 1874//1874 1903//1903 1875//1875
f 1875//1875 1903//1903 1904//1904
f 1875//1875 1904//1904 1876//1876
f 1876//1876 1904//1904 1905//1905
f 1876//1876 1905//1905 1877//1877
f 1877//1877 1905//1905 1906//1906
f 1877//1877 1906//1906 1878//1878
f 1878//1878 1906//1906 1907//1907
f 1878//1878 1907//1907 1879//1879
f 1879//1879 1907//1907 1908//1908
f 1879//1879 1908//1908 1880//1880
f 1880//1880 1908//1908 1909//1909
f 1880//1880 1909//1909 1881//1881
f 1881//1881 1909//1909 1910//1910
f 1881//1881 1910//1910 1882//1882
f 1882//1882 1910//1910 1911//1911
f 1882//1882 1911//1911 1883//1883
f 1883//1883 1911//1911 1912//1912
f 1883//1883 1912//1912 1884//1884
f 1884//1884 1912//1912 1913//1913
f 1884//1884 1913//1913 1885//1885
f 1885//1885 1913//1913 1914//1914
f 1885//1885 1914//1914 1886//1886
f 1886//1886 1914//1914 1915//1915
f 1886//1886 1915//1915 1887//1887
f 1887//1887 1915//1915 1916//1916
f 1887//1887 1916//1916 1888//1888
f 1888//1888 1916//1916 1917//1917
f 1888//1888 1917//1917 1889//1889
f 1889//1889 1917//1917 1918//1918
f 1889//1889 1918//1918 1890//1890
f 1890//1890 1918//1918 1891//1891
f 1890//1890 1891//1891 1863//1863
f 1891//1891 1919//1919 1920//1920
f 1891//1891 1920//1920 1892//1892
f 1892//1892 1920//1920 1921//1921
f 1892//1892 1921//1921 1893//1893
f 1893//1893 1921//1921 1922//1922
f 1893//1893 1922//1922 1894//1894
f 1894//1894 1922//1922 1923//1923
f 1894//1894 1923//1923 1895//1895
f 1895//1895 1923//1923 1924//1924
f 1895//1895 1924//1924 1896//1896
f 1896//1896 1924//1924 1925//1925
f 1896//1896 1925//1925 1897//1897
f 1897//1897 1925//1925 1926//1926
f 1897//1897 1926//1926 1898//1898
f 1898//1898 1926//1926 1927//1927
f 1898//1898 1927//1927 1899//1899
f 1899//1899 1927//1927 1928//1928
f 1899//1899 1928//1928 1900//1900
f 1900//1900 1928//1928 1929//1929
f 1900//1900 1929//1929 1901//1901
f 1901//1901 1929//1929 1930//1930
f 1901//1901 1930//1930 1902//1902
f 1902//1902 1930//1930 1931//1931
f 1902//1902 1931//1931 1903//1903
f 1903//1903 1931//1931 1932//1932
f 1903//1903 1932//1932 1904//1904
f 1904//1904 1932//1932 1933//1933
f 1904//1904 1933//1933 1905//1905
f 1905//1905 1933//1933 1934//1934
f 1905//1905 1934//1934 1906//1906
f 1906//1906 1934//1934 1935//1935
f 1906//1906 1935//1935 1907//1907
f 1907//1907 1935//1935 1936//1936
f 1907//1907 1936//1936 1908//1908
f 1908//1908 1936//1936 1937//1937
f 1908//1908 1937//1937 1909//1909
f 1909//1909 1937//1937 1938//1938
f 1909//1909 1938//1938 1910//1910
f 1910//1910 1938//1938 1939//1939
f 1910//1910 1939//1939 1911//1911
f 1911//1911 1939//1939 1940//1940
f 1911//1911 1940//1940 1912//1912
f 1912//1912 1940//1940 1941//1941
f 1912//1912 1941//1941 1913//1913
f 1913//1913 1941//1941 1942//1942
f 1913//1913 1942//1942 1914//1914
f 1914//1914 1942//1942 1943//1943
f 1914//1914 1943//1943 1915//1915
f 1915//1915 1943//1943 1944//1944
f 1915//1915 1944//1944 1916//1916
f 1916//1916 1944//1944 1945//1945
f 1916//1916 1945//1945 1917//1917
f 1917//1917 1945//1945 1946//1946
f 1917//1917 1946//1946 1918//1918
f 1918//1918 1946//1946 1919//1919
f 1918//1918 1919//1919 1891//1891
f 1919//1919 1947//1947 1948//1948
f 1919//1919 1948//1948 1920//1920
f 1920//1920 1948//1948 1949//1949
f 1920//1920 1949//1949 1921//1921
f 1921//1921 1949//1949 1950//1950
f 1921//1921 1950//1950 1922//1922
f 1922//1922 1950//1950 1951//1951
f 1922//1922 1951//1951 1923//1923
f 1923//1923 1951//1951 1952//1952
f 1923//1923 1952//1952 1924//1924
f 1924//1924 1952//1952 1953//1953
f 1924//1924 1953//1953 1925//1925
f 1925//1925 1953//1953 1954//1954
f 1925//1925 1954//1954 1926//1926
f 1926//1926 1954//1954 1955//1955
f 1926//1926 1955//1955 1927//1927
f 1927//1927 1955//1955 1956//1956
f 1927//1927 1956//1956 1928//1928
f 1928//1928 1956//1956 1957//1957
f 1928//1928 1957//1957 1929//1929
f 1929//1929 1957//1957 1958//1958
f 1929//1929 1958//1958 1930//1930
f 1930//1930 1958//1958 1959//1959
f 1930//1930 1959//1959 1931//1931
f 1931//1931 1959//1959 1960//1960
f 1931//1931 1960//1960 1932//1932
f 1932//1932 1960//1960 1961//1961
f 1932//1932 1961//1961 1933//1933
f 1933//1933 1961//1961 1962//1962
f 1933//1933 1962//1962 1934//1934
f 1934//1934 1962//1962 1963//1963
f 1934//1934 1963//1963 1935//1935
f 1935//1935 1963//1963 1964//1964
f 1935//1935 1964//1964 1936//1936
f 1936//1936 1964//1964 1965//1965
f 1936//1936 1965//1965 1937//1937
f 1937//1937 1965//1965 1966//1966
f 1937//1937 1966//1966 1938//1938
f 1938//1938 1966//1966 1967//1967
f 1938//1938 1967//1967 1939//1939
f 1939//1939 1967//1967 1968//1968
f 1939//1939 1968//1968 1940//1940
f 1940//1940 1968//1968 1969//1969
f 1940//1940 1969//1969 1941//1941
f 1941//1941 1969//1969 1970//1970
f 1941//1941 1970//1970 1942//1942
f 1942//1942 1970//1970 1971//1971
f 1942//1942 1971//1971 1943//1943
f 1943//1943 1971//1971 1972//1972
f 1943//1943 1972//1972 1944//1944
f 1944//1944 1972//1972 1973//1973
f 1944//1944 1973//1973 1945//1945
f 1945//1945 1973//1973 1974//1974
f 1945//1945 1974//1974 1946//1946
f 1946//1946 1974//1974 1947//1947
f 1946//1946 1947//1947 1919//1919
f 1975//1975 1976//1976 1977//1977
f 1975//1975 1977//1977 1978//1978
f 1975//1975 1978//1978 1979//1979
f 1975//1975 1979//1979 1980//1980
f 1975//1975 1980//1980 1981//1981
f 1975//1975 1981//1981 1982//1982
f 1975//1975 1982//1982 1983//1983
f 1975//1975 1983//1983 1984//1984
f 1975//1975 1984//1984 1985//1985
f 1975//1975 1985//1985 1986//1986
f 1975//1975 1986//1986 1987//1987
f 1975//1975 1987//1987 1988//1988
f 1975//1975 1988//1988 1989//1989
f 1975//1975 1989//1989 1990//1990
f 1975//1975 1990//1990 1991//1991
f 1975//1975 1991//1991 1992//1992
f 1975//1975 1992//1992 1993//1993
f 1975//1975 1993//1993 1994//1994
f 1975//1975 1994//1994 1995//1995
f 1975//1975 1995//1995 1996//1996
f 1975//1975 1996//1996 1997//1997
f 1975//1975 1997//1997 1998//1998
f 1975//1975 1998//1998 1999//1999
f 1975//1975 1999//1999 2000//2000
f 1975//1975 2000//2000 2001//2001
f 1975//1975 2001//2001 2002//2002
f 1975//1975 2002//2002 2003//2003
f 1975//1975 2003//2003 1976//1976
f 1976//1976 2004//2004 2005//2005
f 1976//1976 2005//2005 1977//1977
f 1977//1977 2005//2005 2006//2006
f 1977//1977 2006//2006 1978//1978
f 1978//1978 2006//2006 2007//2007
f 1978//1978 2007//2007 1979//1979
f 1979//1979 2007//2007 2008//2008
f 1979//1979 2008//2008 1980//1980
f 1980//1980 2008//2008 2009//2009
f 1980//1980 2009//2009 1981//1981
f 1981//1981 2009//2009 2010//2010
f 1981//1981 2010//2010 1982//1982
f 1982//1982 2010//2010 2011//2011
f 1982//1982 2011//2011 1983//1983
f 1983//1983 2011//2011 2012//2012
f 1983//1983 2012//2012 1984//1984
f 1984//1984 2012//2012 2013//2013
f 1984//1984 2013//2013 1985//1985
f 1985//1985 2013//2013 2014//2014
f 1985//1985 2014//2014 1986//1986
f 1986//1986 2014//2014 2015//2015
f 1986//1986 2015//2015 1987//1987
f 1987//1987 2015//2015 2016//2016
f 1987//1987 2016//2016 1988//1988
f 1988//1988 2016//2016 2017//2017
f 1988//1988 2017//2017 1989//1989
f 1989//1989 2017//2017 2018//2018
f 1989//1989 2018//2018 1990//1990
f 1990//1990 2018//2018 2019//2019
f 1990//1990 2019//2019 1991//1991
f 1991//1991 2019//2019 2020//2020
f 1991//1991 2020//2020 1992//1992
f 1992//1992 2020//2020 2021//2021
f 1992//1992 2021//2021 1993//1993
f 1993//1993 2021//2021 2022//2022
f 1993//1993 2022//2022 1994//1994
f 1994//1994 2022//2022 2023//2023
f 1994//1994 2023//2023 1995//1995
f 1995//1995 2023//2023 2024//2024
f 1995//1995 2024//2024 1996//1996
f 1996//1996 2024//2024 2025//2025
f 1996//1996 2025//2025 1997//1997
f 1997//1997 2025//2025 2026//2026
f 1997//1997 2026//2026 1998//1998
f 1998//1998 2026//2026 2027//2027
f 1998//1998 2027//2027 1999//1999
f 1999//1999 2027//2027 2028//2028
f 1999//1999 2028//2028 2000//2000
f 2000//2000 2028//2028 2029//2029
f 2000//2000 2029//2029 2001//2001
f 2001//2001 2029//2029 2030//2030
f 2001//2001 2030//2030 2002//2002
f 2002//2002 2030//2030 2031//2031
f 2002//2002 2031//2031 2003//2003
f 2003//2003 2031//2031 2004//2004
f 2003//2003 2004//2004 1976//1976
f 2004//2004 2032//2032 2033//2033
f 2004//2004 2033//2033 2005//2005
f 2005//2005 2033//2033 2034//2034
f 2005//2005 2034//2034 2006//2006
f 2006//2006 2034//2034 2035//2035
f 2006//2006 2035//2035 2007//2007
f 2007//2007 2035//2035 2036//2036
f 2007//2007 2036//2036 2008//2008
f 2008//2008 2036//2036 2037//2037
f 2008//2008 2037//2037 2009//2009
f 2009//2009 2037//2037 2038//2038
f 2009//2009 2038//2038 2010//2010
f 2010//2010 2038//2038 2039//2039
f 2010//2010 2039//2039 2011//2011
f 2011//2011 2039//2039 2040//2040
f 2011//2011 2040//2040 2012//2012
f 2012//2012 2040//2040 2041//2041
f 2012//2012 2041//2041 2013//2013
f 2013//2013 2041//2041 2042//2042
f 2013//2013 2042//2042 2014//2014
f 2014//2014 2042//2042 2043//2043
f 2014//2014 2043//2043 2015//2015
f 2015//2015 2043//2043 2044//2044
f 2015//2015 2044//2044 2016//2016
f 2016//2016 2044//2044 2045//2045
f 2016//2016 2045//2045 2017//2017
f 2017//2017 2045//2045 2046//2046
f 2017//2017 2046//2046 2018//2018
f 2018//2018 2046//2046 2047//2047
f 2018//2018 2047//2047 2019//2019
f 2019//2019 2047//2047 2048//2048
f 2019//2019 2048//2048 2020//2020
f 2020//2020 2048//2048 2049//2049
f 2020//2020 2049//2049 2021//2021
f 2021//2021 2049//2049 2050//2050
f 2021//2021 2050//2050 2022//2022
f 2022//2022 2050//2050 2051//2051
f 2022//2022 2051//2051 2023//2023
f 2023//2023 2051//2051 2052//2052
f 2023//2023 2052//2052 2024//2024
f 2024//2024 2052//2052 2053//2053
f 2024//2024 2053//2053 2025//2025
f 2025//2025 2053//2053 2054//2054
f 2025//2025 2054//2054 2026//2026
f 2026//2026 2054//2054 2055//2055
f 2026//2026 2055//2055 2027//2027
f 2027//2027 2055//2055 2056//2056
f 2027//2027 2056//2056 2028//2028
f 2028//2028 2056//2056 2057//2057
f 2028//2028 2057//2057 2029//2029
f 2029//2029 2057//2057 2058//2058
f 2029//2029 2058//2058 2030//2030
f 2030//2030 2058//2058 2059//2059
f 2030//2030 2059//2059 2031//2031
f 2031//2031 2059//2059 2032//2032
f 2031//2031 2032//2032 2004//2004
f 2032//2032 2060//2060 2061//2061
f 2032//2032 2061//2061 2033//2033
f 2033//2033 2061//2061 2062//2062
f 2033//2033 2062//2062 2034//2034
f 2034//2034 2062//2062 2063//2063
f 2034//2034 2063//2063 2035//2035
f 2035//2035 2063//2063 2064//2064
f 2035//2035 2064//2064 2036//2036
f 2036//2036 2064//2064 2065//2065
f 2036//2036 2065//2065 2037//2037
f 2037//2037 2065//2065 2066//2066
f 2037//2037 2066//2066 2038//2038
f 2038//2038 2066//2066 2067//2067
f 2038//2038 2067//2067 2039//2039
f 2039//2039 2067//2067 2068//2068
f 2039//2039 2068//2068 2040//2040
f 2040//2040 2068//2068 2069//2069
f 2040//2040 2069//2069 2041//2041
f 2041//2041 2069//2069 2070//2070
f 2041//2041 2070//2070 2042//2042
f 2042//2042 2070//2070 2071//2071
f 2042//2042 2071//2071 2043//2043
f 2043//2043 2071//2071 2072//2072
f 2043//2043 2072//2072 2044//2044
f 2044//2044 2072//2072 2073//2073
f 2044//2044 2073//2073 2045//2045
f 2045//2045 2073//2073 2074//2074
f 2045//2045 2074//2074 2046//2046
f 2046//2046 2074//2074 2075//2075
f 2046//2046 2075//2075 2047//2047
f 2047//2047 2075//2075 2076//2076
f 2047//2047 2076//2076 2048//2048
f 2048//2048 2076//2076 2077//2077
f 2048//2048 2077//2077 2049//2049
f 2049//2049 2077//2077 2078//2078
f 2049//2049 2078//2078 2050//2050
f 2050//2050 2078//2078 2079//2079
f 2050//2050 2079//2079 2051//2051
f 2051//2051 2079//2079 2080//2080
f 2051//2051 2080//2080 2052//2052
f 2052//2052 2080//2080 2081//2081
f 2052//2052 2081//2081 2053//2053
f 2053//2053 2081//2081 2082//2082
f 2053//2053 2082//2082 2054//2054
f 2054//2054 2082//2082 2083//2083
f 2054//2054 2083//2083 2055//2055
f 2055//2055 2083//2083 2084//2084
f 2055//2055 2084//2084 2056//2056
f 2056//2056 2084//2084 2085//2085
f 2056//2056 2085//2085 2057//2057
f 2057//2057 2085//2085 2086//2086
f 2057//2057 2086//2086 2058//2058
f 2058//2058 2086//2086 2087//2087
f 2058//2058 2087//2087 2059//2059
f 2059//2059 2087//2087 2060//2060
f 2059//2059 2060//2060 2032//2032
f 2060//2060 2088//2088 2089//2089
f 2060//2060 2089//2089 2061//2061
f 2061//2061 2089//2089 2090//2090
f 2061//2061 2090//2090 2062//2062
f 2062//2062 2090//2090 2091//2091
f 2062//2062 2091//2091 2063//2063
f 2063//2063 2091//2091 2092//2092
f 2063//2063 2092//2092 2064//2064
f 2064//2064 2092//2092 2093//2093
f 2064//2064 2093//2093 2065//2065
f 2065//2065 2093//2093 2094//2094
f 2065//2065 2094//2094 2066//2066
f 2066//2066 2094//2094 2095//2095
f 2066//2066 2095//2095 2067//2067
f 2067//2067 2095//2095 2096//2096
f 2067//2067 2096//2096 2068//2068
f 2068//2068 2096//2096 2097//2097
f 2068//2068 2097//2097 2069//2069
f 2069//2069 2097//2097 2098//2098
f 2069//2069 2098//2098 2070//2070
f 2070//2070 2098//2098 2099//2099
f 2070//2070 2099//2099 2071//2071
f 2071//2071 2099//2099 2100//2100
f 2071//2071 2100//2100 2072//2072
f 2072//2072 2100//2100 2101//2101
f 2072//2072 2101//2101 2073//2073
f 2073//2073 2101//2101 2102//2102
f 2073//2073 2102//2102 2074//2074
f 2074//2074 2102//2102 2103//2103
f 2074//2074 2103//2103 2075//2075
f 2075//2075 2103//2103 2104//2104
f 2075//2075 2104//2104 2076//2076
f 2076//2076 2104//2104 2105//2105
f 2076//2076 2105//2105 2077//2077
f 2077//2077 2105//2105 2106//2106
f 2077//2077 2106//2106 2078//2078
f 2078//2078 2106//2106 2107//2107
f 2078//2078 2107//2107 2079//2079
f 2079//2079 2107//2107 2108//2108
f 2079//2079 2108//2108 2080//2080
f 2080//2080 2108//2108 2109//2109
f 2080//2080 2109//2109 2081//2081
f 2081//2081 2109//2109 2110//2110
f 2081//2081 2110//2110 2082//2082
f 2082//2082 2110//2110 2111//2111
f 2082//2082 2111//2111 2083//2083
f 2083//2083 2111//2111 2112//2112
f 2083//2083 2112//2112 2084//2084
f 2084//2084 2112//2112 2113//2113
f 2084//2084 2113//2113 2085//2085
f 2085//2085 2113//2113 2114//2114
f 2085//2085 2114//2114 2086//2086
f 2086//2086 2114//2114 2115//2115
f 2086//2086 2115//2115 2087//2087
f 2087//2087 2115//2115 2088//2088
f 2087//2087 2088//2088 2060//2060
f 2116//2116 2117//2117 2118//2118
f 2116//2116 2118//2118 2119//2119
f 2116//2116 2119//2119 2120//2120
f 2116//2116 2120//2120 2121//2121
f 2116//2116 2121//2121 2122//2122
f 2116//2116 2122//2122 2123//2123
f 2116//2116 2123//2123 2124//2124
f 2116//2116 2124//2124 2125//2125
f 2116//2116 2125//2125 2126//2126
f 2116//2116 2126//2126 2127//2127
f 2116//2116 2127//2127 2128//2128
f 2116//2116 2128//2128 2129//2129
f 2116//2116 2129//2129 2130//2130
f 2116//2116 2130//2130 2131//2131
f 2116//2116 2131//2131 2132//2132
f 2116//2116 2132//2132 2133//2133
f 2116//2116 2133//2133 2134//2134
f 2116//2116 2134//2134 2135//2135
f 2116//2116 2135//2135 2136//2136
f 2116//2116 2136//2136 2137//2137
f 2116//2116 2137//2137 2138//2138
f 2116//2116 2138//2138 2139//2139
f 2116//2116 2139//2139 2140//2140
f 2116//2116 2140//2140 2141//2141
f 2116//2116 2141//2141 2142//2142
f 2116//2116 2142//2142 2143//2143
f 2116//2116 2143//2143 2144//2144
f 2116//2116 2144//2144 2117//2117
f 2117//2117 2145//2145 2146//2146
f 2117//2117 2146//2146 2118//2118
f 2118//2118 2146//2146 2147//2147
f 2118//2118 2147//2147 2119//2119
f 2119//2119 2147//2147 2148//2148
f 2119//2119 2148//2148 2120//2120
f 2120//2120 2148//2148 2149//2149
f 2120//2120 2149//2149 2121//2121
f 2121//2121 2149//2149 2150//2150
f 2121//2121 2150//2150 2122//2122
f 2122//2122 2150//2150 2151//2151
f 2122//2122 2151//2151 2123//2123
f 2123//2123 2151//2151 2152//2152
f 2123//2123 2152//2152 2124//2124
f 2124//2124 2152//2152 2153//2153
f 2124//2124 2153//2153 2125//2125
f 2125//2125 2153//2153 2154//2154
f 2125//2125 2154//2154 2126//2126
f 2126//2126 2154//2154 2155//2155
f 2126//2126 2155//2155 2127//2127
f 2127//2127 2155//2155 2156//2156
f 2127//2127 2156//2156 2128//2128
f 2128//2128 2156//2156 2157//2157
f 2128//2128 2157//2157 2129//2129
f 2129//2129 2157//2157 2158//2158
f 2129//2129 2158//2158 2130//2130
f 2130//2130 2158//2158 2159//2159
f 2130//2130 2159//2159 2131//2131
f 2131//2131 2159//2159 2160//2160
f 2131//2131 2160//2160 2132//2132
f 2132//2132 2160//2160 2161//2161
f 2132//2132 2161//2161 2133//2133
f 2133//2133 2161//2161 2162//2162
f 2133//2133 2162//2162 2134//2134
f 2134//2134 2162//2162 2163//2163
f 2134//2134 2163//2163 2135//2135
f 2135//2135 2163//2163 2164//2164
f 2135//2135 2164//2164 2136//2136
f 2136//2136 2164//2164 2165//2165
f 2136//2136 2165//2165 2137//2137
f 2137//2137 2165//2165 2166//2166
f 2137//2137 2166//2166 2138//2138
f 2138//2138 2166//2166 2167//2167
f 2138//2138 2167//2167 2139//2139
f 2139//2139 2167//2167 2168//2168
f 2139//2139 2168//2168 2140//2140
f 2140//2140 2168//2168 2169//2169
f 2140//2140 2169//2169 2141//2141
f 2141//2141 2169//2169 2170//2170
f 2141//2141 2170//2170 2142//2142
f 2142//2142 2170//2170 2171//2171
f 2142//2142 2171//2171 2143//2143
f 2143//2143 2171//2171 2172//2172
f 2143//2143 2172//2172 2144//2144
f 2144//2144 2172//2172 2145//2145
f 2144//2144 2145//2145 2117//2117
f 2145//2145 2173//2173 2174//2174
f 2145//2145 2174//2174 2146//2146
f 2146//2146 2174//2174 2175//2175
f 2146//2146 2175//2175 2147//2147
f 2147//2147 2175//2175 2176//2176
f 2147//2147 2176//2176 2148//2148
f 2148//2148 2176//2176 2177//2177
f 2148//2148 2177//2177 2149//2149
f 2149//2149 2177//2177 2178//2178
f 2149//2149 2178//2178 2150//2150
f 2150//2150 2178//2178 2179//2179
f 2150//2150 2179//2179 2151//2151
f 2151//2151 2179//2179 2180//2180
f 2151//2151 2180//2180 2152//2152
f 2152//2152 2180//2180 2181//2181
f 2152//2152 2181//2181 2153//2153
f 2153//2153 2181//2181 2182//2182
f 2153//2153 2182//2182 2154//2154
f 2154//2154 2182//2182 2183//2183
f 2154//2154 2183//2183 2155//2155
f 2155//2155 2183//2183 2184//2184
f 2155//2155 2184//2184 2156//2156
f 2156//2156 2184//2184 2185//2185
f 2156//2156 2185//2185 2157//2157
f 2157//2157 2185//2185 2186//2186
f 2157//2157 2186//2186 2158//2158
f 2158//2158 2186//2186 2187//2187
f 2158//2158 2187//2187 2159//2159
f 2159//2159 2187//2187 2188//2188
f 2159//2159 2188//2188 2160//2160
f 2160//2160 2188//2188 2189//2189
f 2160//2160 2189//2189 2161//2161
f 2161//2161 2189//2189 2190//2190
f 2161//2161 2190//2190 2162//2162
f 2162//2162 2190//2190 2191//2191
f 2162//2162 2191//2191 2163//2163
f 2163//2163 2191//2191 2192//2192
f 2163//2163 2192//2192 2164//2164
f 2164//2164 2192//2192 2193//2193
f 2164//2164 2193//2193 2165//2165
f 2165//2165 2193//2193 2194//2194
f 2165//2165 2194//2194 2166//2166
f 2166//2166 2194//2194 2195//2195
f 2166//2166 2195//2195 2167//2167
f 2167//2167 2195//2195 2196//2196
f 2167//2167 2196//2196 2168//2168
f 2168//2168 2196//2196 2197//2197
f 2168//2168 2197//2197 2169//2169
f 2169//2169 2197//2197 2198//2198
f 2169//2169 2198//2198 2170//2170
f 2170//2170 2198//2198 2199//2199
f 2170//2170 2199//2199 2171//2171
f 2171//2171 2199//2199 2200//2200
f 2171//2171 2200//2200 2172//2172
f 2172//2172 2200//2200 2173//2173
f 2172//2172 2173//2173 2145//2145
f 2173//2173 2201//2201 2202//2202
f 2173//2173 2202//2202 2174//2174
f 2174//2174 2202//2202 2203//2203
f 2174//2174 2203//2203 2175//2175
f 2175//2175 2203//2203 2204//2204
f 2175//2175 2204//2204 2176//2176
f 2176//2176 2204//2204 2205//2205
f 2176//2176 2205//2205 2177//2177
f 2177//2177 2205//2205 2206//2206
f 2177//2177 2206//2206 2178//2178
f 2178//2178 2206//2206 2207//2207
f 2178//2178 2207//2207 2179//2179
f 2179//2179 2207//2207 2208//2208
f 2179//2179 2208//2208 2180//2180
f 2180//2180 2208//2208 2209//2209
f 2180//2180 2209//2209 2181//2181
f 2181//2181 2209//2209 2210//2210
f 2181//2181 2210//2210 2182//2182
f 2182//2182 2210//2210 2211//2211
f 2182//2182 2211//2211 2183//2183
f 2183//2183 2211//2211 2212//2212
f 2183//2183 2212//2212 2184//2184
f 2184//2184 2212//2212 2213//2213
f 2184//2184 2213//2213 2185//2185
f 2185//2185 2213//2213 2214//2214
f 2185//2185 2214//2214 2186//2186
f 2186//2186 2214//2214 2215//2215
f 2186//2186 2215//2215 2187//2187
f 2187//2187 2215//2215 2216//2216
f 2187//2187 2216//2216 2188//2188
f 2188//2188 2216//2216 2217//2217
f 2188//2188 2217//2217 2189//2189
f 2189//2189 2217//2217 2218//2218
f 2189//2189 2218//2218 2190//2190
f 2190//2190 2218//2218 2219//2219
f 2190//2190 2219//2219 2191//2191
f 2191//2191 2219//2219 2220//2220
f 2191//2191 2220//2220 2192//2192
f 2192//2192 2220//2220 2221//2221
f 2192//2192 2221//2221 2193//2193
f 2193//2193 2221//2221 2222//2222
f 2193//2193 2222//2222 2194//2194
f 2194//2194 2222//2222 2223//2223
f 2194//2194 2223//2223 2195//2195
f 2195//2195 2223//2223 2224//2224
f 2195//2195 2224//2224 2196//2196
f 2196//2196 2224//2224 2225//2225
f 2196//2196 2225//2225 2197//2197
f 2197//2197 2225//2225 2226//2226
f 2197//2197 2226//2226 2198//2198
f 2198//2198 2226//2226 2227//2227
f 2198//2198 2227//2227 2199//2199
f 2199//2199 2227//2227 2228//2228
f 2199//2199 2228//2228 2200//2200
f 2200//2200 2228//2228 2201//2201
f 2200//2200 2201//2201 2173//2173
f 2201//2201 2229//2229 2230//2230
f 2201//2201 2230//2230 2202//2202
f 2202//2202 2230//2230 2231//2231
f 2202//2202 2231//2231 2203//2203
f 2203//2203 2231//2231 2232//2232
f 2203//2203 2232//2232 2204//2204
f 2204//2204 2232//2232 2233//2233
f 2204//2204 2233//2233 2205//2205
f 2205//2205 2233//2233 2234//2234
f 2205//2205 2234//2234 2206//2206
f 2206//2206 2234//2234 2235//2235
f 2206//2206 2235//2235 2207//2207
f 2207//2207 2235//2235 2236//2236
f 2207//2207 2236//2236 2208//2208
f 2208//2208 2236//2236 2237//2237
f 2208//2208 2237//2237 2209//2209
f 2209//2209 2237//2237 2238//2238
f 2209//2209 2238//2238 2210//2210
f 2210//2210 2238//2238 2239//2239
f 2210//2210 2239//2239 2211//2211
f 2211//2211 2239//2239 2240//2240
f 2211//2211 2240//2240 2212//2212
f 2212//2212 2240//2240 2241//2241
f 2212//2212 2241//2241 2213//2213
f 2213//2213 2241//2241 2242//2242
f 2213//2213 2242//2242 2214//2214
f 2214//2214 2242//2242 2243//2243
f 2214//2214 2243//2243 2215//2215
f 2215//2215 2243//2243 2244//2244
f 2215//2215 2244//2244 2216//2216
f 2216//2216 2244//2244 2245//2245
f 2216//2216 2245//2245 2217//2217
f 2217//2217 2245//2245 2246//2246
f 2217//2217 2246//2246 2218//2218
f 2218//2218 2246//2246 2247//2247
f 2218//2218 2247//2247 2219//2219
f 2219//2219 2247//2247 2248//2248
f 2219//2219 2248//2248 2220//2220
f 2220//2220 2248//2248 2249//2249
f 2220//2220 2249//2249 2221//2221
f 2221//2221 2249//2249 2250//2250
f 2221//2221 2250//2250 2222//2222
f 2222//2222 2250//2250 2251//2251
f 2222//2222 2251//2251 2223//2223
f 2223//2223 2251//2251 2252//2252
f 2223//2223 2252//2252 2224//2224
f 2224//2224 2252//2252 2253//2253
f 2224//2224 2253//2253 2225//2225
f 2225//2225 2253//2253 2254//2254
f 2225//2225 2254//2254 2226//2226
f 2226//2226 2254//2254 2255//2255
f 2226//2226 2255//2255 2227//2227
f 2227//2227 2255//2255 2256//2256
f 2227//2227 2256//2256 2228//2228
f 2228//2228 2256//2256 2229//2229
f 2228//2228 2229//2229 2201//2201
f 2257//2257 2258//2258 2259//2259
f 2258//2258 2260//2260 2259//2259
f 2259//2259 2260//2260 2261//2261
f 2260//2260 2262//2262 2261//2261
f 2263//2263 2264//2264 2265//2265
f 2264//2264 2266//2266 2265//2265
f 2265//2265 2266//2266 2267//2267
f 2266//2266 2268//2268 2267//2267
f 2269//2269 2270//2270 2271//2271
f 2270//2270 2272//2272 2271//2271
f 2271//2271 2272//2272 2273//2273
f 2272//2272 2274//2274 2273//2273
f 2275//2275 2276//2276 2277//2277
f 2276//2276 2278//2278 2277//2277
f 2277//2277 2278//2278 2279//2279
f 2278//2278 2280//2280 2279//2279
f 2281//2281 2282//2282 2283//2283
f 2282//2282 2284//2284 2283//2283
f 2283//2283 2284//2284 2285//2285
f 2284//2284 2286//2286 2285//2285
f 2287//2287 2288//2288 2289//2289
f 2288//2288 2290//2290 2289//2289
f 2289//2289 2290//2290 2291//2291
f 2290//2290 2292//2292 2291//2291
f 2293//2293 2294//2294 2295//2295
f 2294//2294 2296//2296 2295//2295
f 2295//2295 2296//2296 2297//2297
f 2296//2296 2298//2298 2297//2297
f 2299//2299 2300//2300 2301//2301
f 2300//2300 2302//2302 2301//2301
f 2301//2301 2302//2302 2303//2303
f 2302//2302 2304//2304 2303//2303
f 2305//2305 2306//2306 2307//2307
f 2306//2306 2308//2308 2307//2307
f 2307//2307 2308//2308 2309//2309
f 2308//2308 2310//2310 2309//2309
f 2311//2311 2312//2312 2313//2313
f 2312//2312 2314//2314 2313//2313
f 2313//2313 2314//2314 2315//2315
f 2314//2314 2316//2316 2315//2315
f 2317//2317 2318//2318 2319//2319
f 2318//2318 2320//2320 2319//2319
f 2319//2319 2320//2320 2321//2321
f 2320//2320 2322//2322 2321//2321
f 2323//2323 2324//2324 2325//2325
f 2324//2324 2326//2326 2325//2325
f 2325//2325 2326//2326 2327//2327
f 2326//2326 2328//2328 2327//2327
f 2329//2329 2330//2330 2331//2331
f 2329//2329 2331//2331 2332//2332
f 2329//2329 2332//2332 2333//2333
f 2329//2329 2333//2333 2334//2334
f 2329//2329 2334//2334 2335//2335
f 2329//2329 2335//2335 2336//2336
f 2329//2329 2336//2336 2337//2337
f 2329//2329 2337//2337 2338//2338
f 2329//2329 2338//2338 2339//2339
f 2329//2329 2339//2339 2340//2340
f 2329//2329 2340//2340 2341//2341
f 2329//2329 2341//2341 2342//2342
f 2329//2329 2342//2342 2343//2343
f 2329//2329 2343//2343 2344//2344
f 2329//2329 2344//2344 2345//2345
f 2329//2329 2345//2345 2346//2346
f 2329//2329 2346//2346 2347//2347
f 2329//2329 2347//2347 2330//2330
f 2348//2348 2349//2349 2350//2350
f 2348//2348 2350//2350 2351//2351
f 2348//2348 2351//2351 2352//2352
f 2348//2348 2352//2352 2353//2353
f 2348//2348 2353//2353 2354//2354
f 2348//2348 2354//2354 2355//2355
f 2348//2348 2355//2355 2356//2356
f 2348//2348 2356//2356 2357//2357
f 2348//2348 2357//2357 2358//2358
f 2348//2348 2358//2358 2359//2359
f 2348//2348 2359//2359 2360//2360
f 2348//2348 2360//2360 2361//2361
f 2348//2348 2361//2361 2362//2362
f 2348//2348 2362//2362 2363//2363
f 2348//2348 2363//2363 2364//2364
f 2348//2348 2364//2364 2365//2365
f 2348//2348 2365//2365 2366//2366
f 2348//2348 2366//2366 2349//2349
