# Fractured Lunar Basalt Rock Outcrops
o lunar_bedrock_patches
v 4.0463 -4.1498 0.2810 0.3372 0.3174 0.2876
v 4.2508 -4.1410 0.2694 0.3384 0.3185 0.2886
v 4.2138 -4.0651 0.2871 0.3406 0.3206 0.2906
v 4.0891 -4.0806 0.2596 0.3323 0.3127 0.2834
v 3.9977 -4.0983 0.2808 0.3567 0.3357 0.3042
v 3.9287 -4.1602 0.2659 0.1760 0.1657 0.1502
v 4.0063 -4.2199 0.2753 0.1531 0.1441 0.1306
v 4.1166 -4.2552 0.2953 0.2680 0.2522 0.2286
v 4.2188 -4.2100 0.2688 0.3641 0.3427 0.3106
v 4.3870 -4.1340 0.2637 0.3273 0.3080 0.2792
v 4.3356 -3.9765 0.2521 0.3340 0.3144 0.2849
v 4.0802 -4.0158 0.2477 0.3840 0.3614 0.3276
v 3.9145 -4.0550 0.2459 0.3217 0.3027 0.2744
v 3.7933 -4.1671 0.2461 0.2057 0.1936 0.1755
v 3.9042 -4.2942 0.2326 0.1389 0.1308 0.1185
v 4.1290 -4.3466 0.2499 0.1535 0.1445 0.1309
v 4.3507 -4.2783 0.2614 0.2962 0.2788 0.2527
v 4.5415 -4.1416 0.2278 0.3336 0.3140 0.2846
v 4.5002 -3.8885 0.2096 0.4073 0.3834 0.3474
v 4.0898 -3.9494 0.1965 0.4783 0.4502 0.4080
v 3.8331 -3.9960 0.1793 0.3799 0.3576 0.3240
v 3.6488 -4.1586 0.1836 0.1909 0.1796 0.1628
v 3.7884 -4.3536 0.2018 0.1107 0.1042 0.0945
v 4.1156 -4.4566 0.2150 0.1325 0.1247 0.1130
v 4.4415 -4.3470 0.2369 0.2494 0.2347 0.2127
v 4.7637 -4.1883 0.1650 0.3399 0.3399 0.3480
v 4.7227 -3.8333 0.1266 0.4188 0.4188 0.4288
v 4.1498 -3.8245 0.0950 0.4208 0.4208 0.4308
v 3.7709 -3.9061 0.0811 0.3754 0.3754 0.3844
v 3.4039 -4.1099 0.0767 0.0665 0.0665 0.0681
v 3.5733 -4.4179 0.0974 0.0300 0.0300 0.0300
v 4.0225 -4.6566 0.1314 0.0307 0.0307 0.0315
v 4.5596 -4.4907 0.1651 0.0565 0.0565 0.0579
v 3.6902 -3.9214 0.2170 0.3649 0.3434 0.3112
v 3.8191 -3.9355 0.2173 0.3186 0.2999 0.2718
v 3.7474 -3.8954 0.2093 0.3471 0.3267 0.2960
v 3.6608 -3.8689 0.1926 0.3472 0.3267 0.2961
v 3.6052 -3.9160 0.1952 0.3617 0.3405 0.3085
v 3.5587 -3.9620 0.2109 0.3005 0.2828 0.2563
v 3.5947 -4.0242 0.2169 0.2491 0.2344 0.2125
v 3.7023 -4.0153 0.2111 0.2379 0.2239 0.2029
v 3.7828 -3.9914 0.2315 0.2543 0.2393 0.2169
v 3.9825 -3.9271 0.1967 0.3526 0.3319 0.3008
v 3.8150 -3.8483 0.2032 0.4556 0.4288 0.3886
v 3.6465 -3.7700 0.1716 0.3404 0.3204 0.2904
v 3.5320 -3.8785 0.1890 0.3523 0.3316 0.3005
v 3.4290 -3.9682 0.1811 0.2545 0.2395 0.2171
v 3.5099 -4.0827 0.1848 0.1079 0.1016 0.0921
v 3.7108 -4.0808 0.2096 0.1737 0.1635 0.1482
v 3.8601 -4.0316 0.2017 0.2662 0.2506 0.2271
v 4.0752 -3.9510 0.1735 0.3666 0.3451 0.3127
v 3.8992 -3.8221 0.1541 0.4197 0.3950 0.3579
v 3.6873 -3.6542 0.1401 0.3845 0.3619 0.3280
v 3.5103 -3.8440 0.1419 0.3112 0.2929 0.2654
v 3.2964 -3.9475 0.1411 0.2573 0.2422 0.2195
v 3.4087 -4.1114 0.1498 0.0918 0.0864 0.0783
v 3.6806 -4.1833 0.1597 0.0910 0.0856 0.0776
v 3.9430 -4.1070 0.1750 0.2456 0.2312 0.2095
v 4.2821 -4.0059 0.1142 0.3318 0.3318 0.3397
v 4.0803 -3.7766 0.0886 0.4585 0.4585 0.4694
v 3.7970 -3.5197 0.0631 0.3786 0.3786 0.3876
v 3.4680 -3.7717 0.0625 0.2959 0.2959 0.3029
v 3.0897 -3.8930 0.0758 0.0842 0.0842 0.0862
v 3.1446 -4.1839 0.0725 0.0363 0.0363 0.0372
v 3.5992 -4.2687 0.0923 0.0300 0.0300 0.0300
v 4.0154 -4.2226 0.1123 0.0402 0.0402 0.0411
v 4.4422 -4.3511 0.2774 0.2966 0.2791 0.2530
v 4.5915 -4.3748 0.2909 0.3621 0.3408 0.3088
v 4.5762 -4.3270 0.2867 0.3455 0.3252 0.2947
v 4.4873 -4.3046 0.2784 0.3541 0.3332 0.3020
v 4.4214 -4.3384 0.2735 0.3586 0.3375 0.3059
v 4.3693 -4.3713 0.2765 0.2235 0.2103 0.1906
v 4.4064 -4.4113 0.2707 0.2088 0.1965 0.1781
v 4.4800 -4.4299 0.2655 0.2025 0.1906 0.1727
v 4.5705 -4.4220 0.2858 0.1944 0.1829 0.1658
v 4.7079 -4.3745 0.2772 0.3596 0.3385 0.3067
v 4.6413 -4.2917 0.2588 0.4825 0.4541 0.4115
v 4.4859 -4.2557 0.2512 0.4322 0.4068 0.3686
v 4.3490 -4.3005 0.2345 0.3327 0.3131 0.2837
v 4.2625 -4.3717 0.2351 0.2658 0.2502 0.2267
v 4.3278 -4.4533 0.2436 0.1282 0.1207 0.1094
v 4.4810 -4.4761 0.2581 0.1806 0.1699 0.1540
v 4.6689 -4.4733 0.2825 0.1934 0.1821 0.1650
v 4.8057 -4.3838 0.2614 0.3250 0.3059 0.2772
v 4.7633 -4.2428 0.2418 0.4926 0.4636 0.4202
v 4.5050 -4.1906 0.2128 0.4245 0.3995 0.3621
v 4.2951 -4.2604 0.2021 0.3705 0.3487 0.3160
v 4.1653 -4.3626 0.1946 0.2042 0.1922 0.1742
v 4.2036 -4.5033 0.2115 0.1234 0.1162 0.1053
v 4.4618 -4.5543 0.2295 0.1108 0.1043 0.0945
v 4.7274 -4.5192 0.2708 0.1874 0.1764 0.1598
v 5.0327 -4.3750 0.2668 0.3057 0.3057 0.3130
v 4.8610 -4.1763 0.1787 0.4283 0.4283 0.4385
v 4.4864 -4.1184 0.1339 0.4338 0.4338 0.4441
v 4.1824 -4.2122 0.1218 0.3405 0.3405 0.3486
v 4.0101 -4.3715 0.1199 0.0624 0.0624 0.0639
v 4.0885 -4.5788 0.1329 0.0300 0.0300 0.0300
v 4.4800 -4.6411 0.1642 0.0300 0.0300 0.0300
v 4.8494 -4.5688 0.2361 0.1097 0.1097 0.1123
v 4.3228 -3.8898 0.2151 0.3526 0.3318 0.3007
v 4.4226 -3.8837 0.2153 0.3162 0.2976 0.2697
v 4.3685 -3.8428 0.2109 0.3227 0.3037 0.2753
v 4.3019 -3.8325 0.2093 0.4032 0.3795 0.3439
v 4.2236 -3.8320 0.2081 0.2823 0.2657 0.2408
v 4.1913 -3.8766 0.1977 0.2203 0.2073 0.1879
v 4.2453 -3.9073 0.2098 0.2250 0.2118 0.1919
v 4.2923 -3.9389 0.2245 0.2707 0.2547 0.2309
v 4.3505 -3.9141 0.2176 0.3024 0.2846 0.2579
v 4.5665 -3.8715 0.2105 0.2801 0.2636 0.2389
v 4.4357 -3.7905 0.2022 0.3682 0.3466 0.3141
v 4.2879 -3.7743 0.1800 0.4682 0.4407 0.3994
v 4.1470 -3.8012 0.1915 0.3767 0.3545 0.3213
v 4.0579 -3.8873 0.1914 0.2305 0.2169 0.1966
v 4.2011 -3.9424 0.2035 0.1966 0.1851 0.1677
v 4.3082 -3.9958 0.2105 0.1934 0.1820 0.1649
v 4.4012 -3.9340 0.2030 0.2259 0.2126 0.1927
v 4.6704 -3.8677 0.1862 0.3437 0.3235 0.2932
v 4.5020 -3.7468 0.1656 0.4783 0.4502 0.4080
v 4.2838 -3.7370 0.1612 0.4907 0.4618 0.4185
v 4.0556 -3.7541 0.1500 0.3703 0.3485 0.3159
v 3.9426 -3.8915 0.1503 0.1434 0.1350 0.1223
v 4.1540 -3.9733 0.1677 0.0471 0.0443 0.0402
v 4.3162 -4.0724 0.1865 0.1027 0.0967 0.0876
v 4.4539 -3.9611 0.1849 0.2181 0.2053 0.1861
v 4.8499 -3.9349 0.1445 0.2575 0.2575 0.2637
v 4.6992 -3.7146 0.1168 0.4529 0.4529 0.4637
v 4.3627 -3.6590 0.0960 0.4503 0.4503 0.4610
v 4.0097 -3.6432 0.0778 0.3763 0.3763 0.3853
v 3.8018 -3.8305 0.0783 0.0569 0.0569 0.0582
v 4.0203 -3.9940 0.0988 0.0300 0.0300 0.0300
v 4.2233 -4.1322 0.1192 0.0300 0.0300 0.0300
v 4.4896 -4.0377 0.1283 0.0334 0.0334 0.0342
v 3.8095 -4.3771 0.2251 0.2943 0.2770 0.2510
v 3.9457 -4.3812 0.2258 0.2863 0.2694 0.2442
v 3.9058 -4.3467 0.2314 0.4001 0.3765 0.3412
v 3.8375 -4.3449 0.2107 0.3521 0.3314 0.3003
v 3.7663 -4.3564 0.2156 0.2953 0.2779 0.2518
v 3.7193 -4.4032 0.2144 0.2075 0.1953 0.1770
v 3.8024 -4.4295 0.2083 0.1732 0.1630 0.1477
v 3.8663 -4.4398 0.2173 0.2069 0.1948 0.1765
v 3.9412 -4.4263 0.2193 0.2958 0.2784 0.2523
v 4.0372 -4.4022 0.2239 0.3711 0.3492 0.3165
v 3.9871 -4.3291 0.2125 0.4603 0.4332 0.3926
v 3.8674 -4.3095 0.2099 0.3607 0.3395 0.3077
v 3.7120 -4.2917 0.1990 0.3541 0.3333 0.3020
v 3.6064 -4.3748 0.1930 0.1542 0.1451 0.1315
v 3.7154 -4.4517 0.1918 0.0979 0.0921 0.0835
v 3.8317 -4.4889 0.2122 0.1512 0.1423 0.1290
v 3.9810 -4.4823 0.2164 0.2228 0.2097 0.1900
v 4.1545 -4.3751 0.1947 0.4186 0.3940 0.3571
v 4.0192 -4.2768 0.1747 0.5070 0.4772 0.4325
v 3.8326 -4.2720 0.1695 0.4355 0.4099 0.3715
v 3.5806 -4.2624 0.1531 0.4075 0.3836 0.3476
v 3.4886 -4.4087 0.1522 0.1800 0.1694 0.1535
v 3.6879 -4.5008 0.1645 0.0597 0.0562 0.0509
v 3.8772 -4.5546 0.1794 0.0880 0.0829 0.0751
v 4.0965 -4.5064 0.1896 0.1989 0.1872 0.1697
v 4.2431 -4.4299 0.1372 0.3308 0.3308 0.3387
v 4.2091 -4.2493 0.1257 0.4570 0.4570 0.4679
v 3.9104 -4.2031 0.1051 0.4560 0.4560 0.4669
v 3.5878 -4.1766 0.0874 0.3998 0.3998 0.4093
v 3.3257 -4.3373 0.0839 0.0584 0.0584 0.0598
v 3.5514 -4.5086 0.0993 0.0300 0.0300 0.0300
v 3.7810 -4.6130 0.1148 0.0300 0.0300 0.0300
v 4.1010 -4.5929 0.1343 0.0348 0.0348 0.0357
v -5.1651 4.6167 0.4791 0.3218 0.3029 0.2745
v -5.0645 4.5957 0.4719 0.2934 0.2761 0.2502
v -5.0654 4.6719 0.4774 0.3316 0.3121 0.2829
v -5.1880 4.7336 0.4746 0.3483 0.3278 0.2971
v -5.3371 4.6906 0.4577 0.2795 0.2630 0.2384
v -5.3895 4.6060 0.4904 0.2629 0.2475 0.2243
v -5.3456 4.5223 0.4586 0.2223 0.2092 0.1896
v -5.2095 4.4946 0.4738 0.1993 0.1876 0.1700
v -5.0799 4.5207 0.4694 0.2484 0.2338 0.2119
v -4.9239 4.5900 0.4315 0.3281 0.3088 0.2799
v -4.9216 4.7463 0.4430 0.3627 0.3414 0.3094
v -5.1749 4.8434 0.4511 0.4323 0.4069 0.3687
v -5.4910 4.7953 0.4583 0.2493 0.2346 0.2126
v -5.5911 4.6142 0.4472 0.1881 0.1770 0.1604
v -5.5398 4.4215 0.4582 0.1750 0.1647 0.1493
v -5.2246 4.3614 0.4395 0.1657 0.1559 0.1413
v -4.9777 4.4508 0.4396 0.2407 0.2266 0.2053
v -4.7197 4.6438 0.3842 0.3281 0.3088 0.2798
v -4.8683 4.8684 0.3694 0.4911 0.4622 0.4189
v -5.2923 4.9573 0.4039 0.3812 0.3587 0.3251
v -5.6893 4.8132 0.4102 0.2838 0.2672 0.2421
v -5.7746 4.5477 0.3787 0.1619 0.1524 0.1381
v -5.5511 4.3160 0.3816 0.0890 0.0838 0.0759
v -5.1123 4.2606 0.3753 0.1051 0.0989 0.0896
v -4.7831 4.4183 0.3684 0.2484 0.2338 0.2119
v -4.5251 4.6324 0.2683 0.3748 0.3748 0.3837
v -4.6756 4.9662 0.2651 0.4598 0.4598 0.4708
v -5.2744 5.1454 0.2986 0.4335 0.4335 0.4438
v -5.9001 4.9534 0.3069 0.3133 0.3133 0.3208
v -6.0585 4.5587 0.2820 0.0469 0.0469 0.0480
v -5.8902 4.1180 0.2578 0.0322 0.0322 0.0330
v -5.1278 4.0709 0.2549 0.0300 0.0300 0.0300
v -4.6480 4.3214 0.2701 0.2104 0.2104 0.2154
v -5.7558 4.5766 0.4475 0.2842 0.2675 0.2424
v -5.5432 4.5438 0.4398 0.3102 0.2920 0.2646
v -5.6211 4.6036 0.4387 0.4400 0.4141 0.3753
v -5.7253 4.6141 0.4489 0.3266 0.3074 0.2786
v -5.7917 4.5812 0.4447 0.3137 0.2953 0.2676
v -5.8763 4.5420 0.4277 0.2037 0.1917 0.1737
v -5.8045 4.4954 0.4235 0.1551 0.1460 0.1323
v -5.7230 4.4730 0.4481 0.2306 0.2170 0.1967
v -5.6502 4.5008 0.4319 0.2763 0.2601 0.2357
v -5.3971 4.5437 0.4116 0.2727 0.2566 0.2326
v -5.5476 4.6461 0.4117 0.3818 0.3593 0.3257
v -5.7254 4.6926 0.4246 0.3835 0.3609 0.3271
v -5.8551 4.6179 0.4124 0.3090 0.2908 0.2636
v -6.0177 4.5420 0.4145 0.2185 0.2056 0.1863
v -5.8698 4.4576 0.4072 0.1479 0.1392 0.1261
v -5.7230 4.4031 0.3970 0.1012 0.0953 0.0863
v -5.5641 4.4510 0.4184 0.2130 0.2004 0.1816
v -5.2463 4.5720 0.3688 0.2941 0.2768 0.2508
v -5.4802 4.7174 0.3810 0.4343 0.4088 0.3705
v -5.7632 4.7572 0.3875 0.3569 0.3359 0.3044
v -5.9483 4.6479 0.3832 0.2920 0.2748 0.2491
v -6.1287 4.5181 0.3755 0.1816 0.1710 0.1549
v -5.9308 4.3950 0.3685 0.0671 0.0631 0.0572
v -5.6785 4.2918 0.3601 0.1016 0.0956 0.0866
v -5.4428 4.4109 0.3638 0.1246 0.1173 0.1063
v -4.9129 4.5039 0.2725 0.2496 0.2496 0.2556
v -5.2306 4.7849 0.2843 0.4578 0.4578 0.4687
v -5.6813 4.8430 0.2989 0.4340 0.4340 0.4444
v -5.9940 4.7272 0.2927 0.3479 0.3479 0.3562
v -6.4018 4.5753 0.2838 0.0675 0.0675 0.0691
v -6.1135 4.3518 0.2713 0.0300 0.0300 0.0300
v -5.7699 4.2228 0.2650 0.0300 0.0300 0.0300
v -5.4245 4.3380 0.2706 0.0300 0.0300 0.0300
v -4.6756 4.5947 0.4226 0.2882 0.2713 0.2458
v -4.5131 4.6001 0.4032 0.2837 0.2670 0.2420
v -4.5386 4.6723 0.4281 0.3254 0.3063 0.2776
v -4.6770 4.6684 0.4190 0.4237 0.3987 0.3614
v -4.8059 4.6978 0.4128 0.3258 0.3066 0.2779
v -4.8560 4.6313 0.4177 0.2636 0.2481 0.2249
v -4.8542 4.5600 0.4193 0.2489 0.2343 0.2123
v -4.7227 4.5378 0.4107 0.2306 0.2170 0.1967
v -4.6227 4.5636 0.4032 0.2714 0.2554 0.2315
v -4.3198 4.6181 0.3842 0.3105 0.2922 0.2648
v -4.4265 4.7558 0.3848 0.3932 0.3701 0.3354
v -4.6965 4.7096 0.4042 0.3590 0.3379 0.3062
v -4.9410 4.7403 0.3887 0.3531 0.3323 0.3012
v -4.9949 4.6155 0.4107 0.2455 0.2311 0.2094
v -4.9288 4.4955 0.3987 0.1308 0.1231 0.1115
v -4.6923 4.4262 0.4063 0.2276 0.2142 0.1941
v -4.5247 4.5310 0.3932 0.2306 0.2171 0.1967
v -4.1009 4.6591 0.3362 0.2787 0.2623 0.2377
v -4.3536 4.8478 0.3425 0.4125 0.3883 0.3519
v -4.7369 4.7691 0.3530 0.4401 0.4142 0.3754
v -5.1681 4.7987 0.3654 0.3175 0.2988 0.2708
v -5.1619 4.5833 0.3494 0.1801 0.1695 0.1536
v -5.0165 4.3991 0.3444 0.0841 0.0791 0.0717
v -4.6291 4.3764 0.3489 0.1186 0.1117 0.1012
v -4.4110 4.5073 0.3490 0.1785 0.1680 0.1522
v -3.9493 4.6635 0.2436 0.2401 0.2401 0.2459
v -4.1648 4.9634 0.2413 0.4522 0.4522 0.4629
v -4.7505 4.8462 0.2700 0.4375 0.4375 0.4479
v -5.4169 4.9042 0.2949 0.3611 0.3611 0.3697
v -5.3431 4.5759 0.2788 0.0351 0.0351 0.0360
v -5.1840 4.2970 0.2659 0.0300 0.0300 0.0300
v -4.6069 4.2512 0.2678 0.0300 0.0300 0.0300
v -4.2931 4.4565 0.2665 0.1725 0.1725 0.1766
v -5.2004 4.9648 0.4178 0.2940 0.2767 0.2507
v -5.0864 4.9771 0.4188 0.3166 0.2980 0.2701
v -5.1145 5.0088 0.4224 0.3580 0.3369 0.3053
v -5.1846 5.0447 0.4282 0.3734 0.3514 0.3185
v -5.2525 5.0069 0.4268 0.2583 0.2431 0.2203
v -5.2472 4.9636 0.4281 0.2137 0.2011 0.1823
v -5.2236 4.9259 0.4178 0.2131 0.2006 0.1818
v -5.1521 4.9224 0.4003 0.2495 0.2348 0.2128
v -5.0623 4.9278 0.3946 0.2260 0.2127 0.1928
v -5.0137 4.9577 0.3969 0.3078 0.2897 0.2626
v -5.0248 5.0287 0.3904 0.4450 0.4188 0.3795
v -5.1209 5.1347 0.3976 0.3845 0.3619 0.3280
v -5.2784 5.0570 0.3989 0.2799 0.2635 0.2388
v -5.3153 4.9832 0.3952 0.1137 0.1070 0.0970
v -5.3068 4.9116 0.3888 0.0757 0.0713 0.0646
v -5.1914 4.8716 0.3866 0.1291 0.1215 0.1102
v -5.0062 4.8495 0.3818 0.2379 0.2239 0.2029
v -4.9070 4.9531 0.3423 0.3730 0.3511 0.3181
v -4.9735 5.0550 0.3545 0.3894 0.3665 0.3322
v -5.1076 5.2387 0.3670 0.4013 0.3777 0.3423
v -5.3718 5.1187 0.3719 0.2653 0.2497 0.2263
v -5.4015 4.9865 0.3659 0.1268 0.1194 0.1082
v -5.3615 4.8837 0.3560 0.0641 0.0603 0.0547
v -5.2021 4.7965 0.3543 0.0762 0.0718 0.0650
v -4.9142 4.7909 0.3460 0.2302 0.2167 0.1964
v -4.7741 5.0033 0.2696 0.4201 0.4201 0.4301
v -4.9376 5.1432 0.2796 0.4878 0.4878 0.4994
v -5.2651 5.3482 0.3030 0.3533 0.3533 0.3617
v -5.5228 5.1195 0.3080 0.2610 0.2610 0.2672
v -5.4959 4.9427 0.2993 0.0300 0.0300 0.0300
v -5.3932 4.7970 0.2894 0.0300 0.0300 0.0300
v -5.1046 4.7430 0.2796 0.0300 0.0300 0.0300
v -4.6672 4.7633 0.2686 0.1694 0.1694 0.1734
v -5.2817 4.2315 0.3984 0.3452 0.3249 0.2944
v -5.2066 4.2357 0.3832 0.3832 0.3606 0.3268
v -5.2334 4.2795 0.3935 0.3089 0.2907 0.2635
v -5.3269 4.3107 0.3929 0.2503 0.2356 0.2135
v -5.3922 4.2628 0.3826 0.3019 0.2841 0.2575
v -5.4278 4.2163 0.4033 0.2660 0.2504 0.2269
v -5.3755 4.1720 0.3878 0.1740 0.1638 0.1484
v -5.2812 4.1551 0.3958 0.2252 0.2120 0.1921
v -5.2252 4.1968 0.3981 0.3306 0.3112 0.2820
v -5.1008 4.2315 0.3696 0.3316 0.3121 0.2829
v -5.1324 4.3277 0.3682 0.3646 0.3432 0.3110
v -5.3150 4.4049 0.3887 0.3933 0.3702 0.3355
v -5.4577 4.3059 0.3889 0.2799 0.2635 0.2388
v -5.5600 4.2218 0.3675 0.2042 0.1922 0.1742
v -5.4916 4.1155 0.3731 0.1397 0.1315 0.1192
v -5.2924 4.0854 0.3620 0.1367 0.1287 0.1166
v -5.1414 4.1458 0.3740 0.2203 0.2073 0.1879
v -4.9603 4.2275 0.3334 0.3417 0.3216 0.2914
v -5.0670 4.3563 0.3445 0.3854 0.3628 0.3288
v -5.3028 4.4668 0.3468 0.4099 0.3858 0.3496
v -5.5290 4.3510 0.3450 0.3189 0.3002 0.2720
v -5.6803 4.2271 0.3370 0.1591 0.1498 0.1357
v -5.5972 4.0658 0.3287 0.0773 0.0728 0.0660
v -5.3021 4.0227 0.3329 0.1019 0.0959 0.0869
v -5.0881 4.1103 0.3350 0.1880 0.1770 0.1604
v -4.8522 4.2417 0.2653 0.2883 0.2883 0.2952
v -4.9259 4.4587 0.2719 0.4356 0.4356 0.4459
v -5.3470 4.6445 0.2816 0.3945 0.3945 0.4039
v -5.6640 4.4032 0.2774 0.3163 0.3163 0.3239
v -5.9612 4.2062 0.2624 0.0652 0.0652 0.0668
v -5.6966 3.9849 0.2534 0.0300 0.0300 0.0300
v -5.2700 3.9238 0.2490 0.0300 0.0300 0.0300
v -4.9856 4.0732 0.2564 0.1398 0.1398 0.1431
v 8.7857 -1.8074 0.2081 0.3661 0.3446 0.3123
v 9.0157 -1.8119 0.1952 0.3552 0.3343 0.3030
v 8.9667 -1.7204 0.1686 0.3304 0.3109 0.2818
v 8.8207 -1.6741 0.1667 0.4091 0.3850 0.3490
v 8.6526 -1.6968 0.2133 0.3298 0.3104 0.2813
v 8.6080 -1.7894 0.1939 0.2879 0.2710 0.2456
v 8.6765 -1.8590 0.1887 0.2456 0.2312 0.2095
v 8.7794 -1.9247 0.2217 0.2042 0.1922 0.1741
v 8.9368 -1.8957 0.2245 0.3798 0.3574 0.3239
v 9.2093 -1.8278 0.1632 0.4123 0.3881 0.3517
v 9.1463 -1.6419 0.1375 0.3729 0.3510 0.3181
v 8.8538 -1.5356 0.1490 0.3438 0.3236 0.2933
v 8.4929 -1.5752 0.1595 0.3357 0.3160 0.2864
v 8.3755 -1.7711 0.1587 0.2301 0.2166 0.1963
v 8.5307 -1.9229 0.2073 0.2000 0.1882 0.1706
v 8.7504 -2.0440 0.1978 0.2048 0.1928 0.1747
v 9.1177 -2.0326 0.1871 0.2633 0.2478 0.2245
v 9.3583 -1.7863 0.0970 0.4177 0.3932 0.3563
v 9.2768 -1.5000 0.0584 0.4045 0.3807 0.3450
v 8.7684 -1.3697 0.0576 0.4762 0.4482 0.4062
v 8.3263 -1.5484 0.0949 0.3734 0.3514 0.3185
v 8.1891 -1.8150 0.1187 0.2084 0.1961 0.1778
v 8.4527 -2.0185 0.1423 0.0859 0.0808 0.0732
v 8.8303 -2.2132 0.1494 0.1383 0.1302 0.1180
v 9.3529 -2.0936 0.1243 0.2950 0.2776 0.2516
v 9.7324 -1.8053 -0.0253 0.3963 0.3963 0.4058
v 9.5144 -1.3951 -0.0626 0.4474 0.4474 0.4580
v 8.8100 -1.2094 -0.0737 0.4468 0.4468 0.4575
v 8.1591 -1.4222 -0.0327 0.3514 0.3514 0.3597
v 7.9020 -1.7949 0.0121 0.0558 0.0558 0.0571
v 8.2397 -2.1176 0.0442 0.0300 0.0300 0.0300
v 8.7902 -2.3780 0.0432 0.0300 0.0300 0.0300
v 9.5662 -2.2516 0.0257 0.2110 0.2110 0.2160
v 8.2641 -1.7738 0.1785 0.3789 0.3566 0.3232
v 8.4192 -1.7317 0.1676 0.4039 0.3801 0.3445
v 8.3119 -1.6716 0.1567 0.3754 0.3533 0.3202
v 8.1883 -1.6696 0.1489 0.3489 0.3284 0.2976
v 8.0906 -1.7001 0.1672 0.4038 0.3800 0.3444
v 8.0543 -1.7629 0.1801 0.2977 0.2802 0.2540
v 8.0867 -1.8438 0.1812 0.2604 0.2451 0.2221
v 8.2290 -1.8209 0.1783 0.2368 0.2228 0.2019
v 8.3613 -1.8126 0.1777 0.3150 0.2964 0.2686
v 8.5842 -1.7420 0.1466 0.4150 0.3906 0.3540
v 8.4303 -1.6160 0.1171 0.4132 0.3889 0.3525
v 8.1996 -1.5903 0.1397 0.4106 0.3864 0.3502
v 8.0264 -1.6535 0.1313 0.3036 0.2858 0.2590
v 7.9207 -1.7555 0.1593 0.3458 0.3254 0.2949
v 7.9163 -1.9276 0.1732 0.1796 0.1690 0.1532
v 8.2198 -1.9046 0.1633 0.2300 0.2165 0.1962
v 8.4756 -1.8889 0.1405 0.2614 0.2460 0.2230
v 8.7500 -1.7674 0.0894 0.4611 0.4340 0.3933
v 8.6259 -1.5410 0.0481 0.4934 0.4644 0.4208
v 8.2369 -1.4893 0.0632 0.3960 0.3727 0.3377
v 7.9065 -1.5574 0.0827 0.3023 0.2846 0.2579
v 7.7215 -1.7335 0.0975 0.2978 0.2803 0.2540
v 7.7625 -1.9739 0.1343 0.1297 0.1220 0.1106
v 8.1842 -1.9963 0.1228 0.0733 0.0690 0.0625
v 8.5981 -1.9957 0.1215 0.2249 0.2116 0.1918
v 9.0651 -1.7812 -0.0167 0.3794 0.3794 0.3885
v 8.7470 -1.4840 -0.0466 0.4843 0.4843 0.4958
v 8.2526 -1.3819 -0.0400 0.4615 0.4615 0.4725
v 7.7929 -1.4816 -0.0185 0.3866 0.3866 0.3958
v 7.4739 -1.7224 0.0080 0.0755 0.0755 0.0773
v 7.5530 -2.0743 0.0329 0.0359 0.0359 0.0368
v 8.1694 -2.0979 0.0436 0.0300 0.0300 0.0300
v 8.8013 -2.1298 0.0308 0.0406 0.0406 0.0416
v 9.3267 -1.8682 0.1541 0.3764 0.3542 0.3210
v 9.5455 -1.9056 0.1320 0.4085 0.3845 0.3484
v 9.4826 -1.8466 0.1466 0.3305 0.3111 0.2819
v 9.3816 -1.8260 0.1345 0.3213 0.3024 0.2740
v 9.2508 -1.8135 0.1280 0.3785 0.3562 0.3228
v 9.1914 -1.8756 0.1484 0.2704 0.2545 0.2307
v 9.2513 -1.9281 0.1427 0.2094 0.1971 0.1786
v 9.3354 -1.9609 0.1637 0.2466 0.2321 0.2103
v 9.4711 -1.9679 0.1545 0.2776 0.2613 0.2368
v 9.7611 -1.9186 0.1321 0.3442 0.3240 0.2936
v 9.6277 -1.7902 0.1107 0.4459 0.4197 0.3803
v 9.3974 -1.7598 0.1218 0.4221 0.3972 0.3600
v 9.1138 -1.7266 0.1053 0.4068 0.3829 0.3470
v 9.0199 -1.8656 0.1267 0.2686 0.2528 0.2291
v 9.1415 -1.9710 0.1288 0.1403 0.1321 0.1197
v 9.3157 -2.0420 0.1563 0.2061 0.1940 0.1758
v 9.5733 -2.0317 0.1259 0.2814 0.2649 0.2400
v 9.9751 -1.8936 0.0625 0.3445 0.3242 0.2938
v 9.6785 -1.7353 0.0632 0.5079 0.4780 0.4332
v 9.3651 -1.6703 0.0592 0.4333 0.4078 0.3696
v 8.9731 -1.6930 0.0677 0.3967 0.3733 0.3383
v 8.8232 -1.8866 0.0779 0.2186 0.2058 0.1865
v 9.1058 -2.0130 0.1002 0.0617 0.0581 0.0526
v 9.3548 -2.0932 0.1102 0.0708 0.0666 0.0604
v 9.7708 -2.0992 0.0925 0.2399 0.2258 0.2046
v 10.1350 -1.9490 -0.0090 0.3589 0.3589 0.3675
v 9.9567 -1.6721 -0.0259 0.4661 0.4661 0.4772
v 9.4550 -1.5813 -0.0460 0.4712 0.4712 0.4824
v 8.8650 -1.5549 -0.0404 0.4005 0.4005 0.4100
v 8.6044 -1.8323 -0.0030 0.0601 0.0601 0.0615
v 8.8881 -2.0618 0.0210 0.0300 0.0300 0.0300
v 9.2708 -2.1779 0.0264 0.0300 0.0300 0.0300
v 9.8766 -2.2398 0.0138 0.0425 0.0425 0.0435
v 8.9682 -1.4290 0.0836 0.3663 0.3448 0.3125
v 9.0833 -1.4113 0.0876 0.3535 0.3327 0.3015
v 9.0102 -1.3637 0.0853 0.3954 0.3722 0.3373
v 8.9263 -1.3327 0.0644 0.3063 0.2882 0.2612
v 8.8252 -1.3530 0.0654 0.4030 0.3793 0.3438
v 8.7950 -1.4076 0.0848 0.2758 0.2596 0.2353
v 8.8113 -1.4675 0.0862 0.2533 0.2384 0.2160
v 8.9198 -1.4826 0.0946 0.2453 0.2309 0.2092
v 9.0383 -1.4755 0.0898 0.2574 0.2423 0.2195
v 9.2294 -1.3828 0.0505 0.3868 0.3640 0.3299
v 9.0746 -1.2952 0.0447 0.3943 0.3711 0.3363
v 8.8842 -1.2742 0.0428 0.3727 0.3508 0.3179
v 8.6784 -1.3117 0.0543 0.3464 0.3260 0.2955
v 8.6448 -1.4332 0.0590 0.2456 0.2311 0.2095
v 8.7422 -1.5452 0.0801 0.2323 0.2186 0.1981
v 8.9686 -1.5679 0.0704 0.1816 0.1710 0.1549
v 9.1616 -1.5044 0.0596 0.2217 0.2087 0.1891
v 9.3696 -1.4490 0.0200 0.3563 0.3353 0.3039
v 9.2283 -1.2888 0.0034 0.5430 0.5111 0.4631
v 8.9790 -1.2206 -0.0017 0.5254 0.4945 0.4481
v 8.6397 -1.1939 0.0001 0.2984 0.2809 0.2546
v 8.5756 -1.3783 0.0270 0.2277 0.2143 0.1942
v 8.5764 -1.5460 0.0441 0.1441 0.1356 0.1229
v 8.8519 -1.6487 0.0460 0.1115 0.1050 0.0951
v 9.1942 -1.6154 0.0320 0.2404 0.2262 0.2050
v 9.5901 -1.3963 -0.0602 0.3426 0.3426 0.3508
v 9.2858 -1.1959 -0.0789 0.4759 0.4759 0.4872
v 8.9012 -1.0725 -0.0857 0.4431 0.4431 0.4537
v 8.4561 -1.1711 -0.0681 0.3628 0.3628 0.3714
v 8.3655 -1.4201 -0.0409 0.0654 0.0654 0.0670
v 8.4665 -1.6776 -0.0170 0.0400 0.0400 0.0410
v 8.9439 -1.7329 -0.0207 0.0300 0.0300 0.0300
v 9.4100 -1.6577 -0.0372 0.1588 0.1588 0.1625
v 8.6172 -2.1946 0.1881 0.4092 0.3851 0.3490
v 8.7426 -2.1716 0.1925 0.3825 0.3600 0.3263
v 8.7087 -2.1101 0.1736 0.3212 0.3023 0.2740
v 8.5887 -2.1033 0.1608 0.4152 0.3907 0.3541
v 8.5047 -2.1359 0.1663 0.3077 0.2896 0.2625
v 8.4794 -2.1851 0.1723 0.2535 0.2386 0.2162
v 8.5268 -2.2276 0.2112 0.2377 0.2237 0.2027
v 8.6143 -2.2446 0.2020 0.2457 0.2312 0.2095
v 8.7209 -2.2308 0.2000 0.2695 0.2536 0.2299
v 8.8979 -2.1999 0.1497 0.3372 0.3174 0.2877
v 8.8997 -2.0580 0.1400 0.4343 0.4088 0.3705
v 8.6413 -2.0245 0.1310 0.3993 0.3758 0.3406
v 8.4564 -2.0769 0.1619 0.3871 0.3643 0.3302
v 8.3483 -2.1606 0.1599 0.2361 0.2222 0.2014
v 8.4140 -2.2553 0.1534 0.1916 0.1803 0.1634
v 8.5628 -2.3358 0.1543 0.0925 0.0871 0.0789
v 8.7939 -2.3124 0.1688 0.1919 0.1806 0.1636
v 9.0213 -2.1543 0.1037 0.3943 0.3711 0.3364
v 8.8959 -1.9840 0.0889 0.3768 0.3546 0.3213
v 8.5525 -1.9372 0.0858 0.4242 0.3993 0.3618
v 8.3098 -2.0539 0.1067 0.4077 0.3837 0.3477
v 8.2112 -2.2017 0.1175 0.2230 0.2098 0.1902
v 8.3416 -2.3519 0.1589 0.1972 0.1856 0.1682
v 8.6467 -2.3934 0.1360 0.1462 0.1376 0.1247
v 8.9623 -2.3325 0.1369 0.2538 0.2389 0.2165
v 9.2923 -2.1923 0.0274 0.3759 0.3759 0.3848
v 9.1287 -1.9185 -0.0013 0.4478 0.4478 0.4585
v 8.6272 -1.8201 -0.0051 0.4279 0.4279 0.4381
v 8.2808 -1.9945 0.0276 0.3546 0.3546 0.3631
v 7.9603 -2.1662 0.0400 0.0696 0.0696 0.0712
v 8.1974 -2.3791 0.0763 0.0300 0.0300 0.0300
v 8.5799 -2.5037 0.0777 0.0300 0.0300 0.0300
v 9.1033 -2.4659 0.0449 0.0501 0.0501 0.0513
v 10.6037 6.2218 0.3414 0.4127 0.3884 0.3520
v 10.6565 6.2155 0.3109 0.4436 0.4175 0.3784
v 10.6093 6.2874 0.3186 0.4457 0.4195 0.3801
v 10.4627 6.3184 0.3094 0.3892 0.3663 0.3320
v 10.2633 6.2928 0.3449 0.3620 0.3407 0.3087
v 10.3231 6.1825 0.3474 0.1906 0.1794 0.1626
v 10.3655 6.0924 0.3197 0.1793 0.1688 0.1529
v 10.5471 6.0504 0.3567 0.2700 0.2541 0.2303
v 10.6991 6.1220 0.3051 0.3487 0.3282 0.2975
v 10.8449 6.2298 0.2953 0.3865 0.3638 0.3297
v 10.7624 6.4006 0.2834 0.3760 0.3538 0.3207
v 10.4443 6.4022 0.2994 0.4053 0.3815 0.3457
v 10.0166 6.3984 0.2968 0.2806 0.2641 0.2393
v 10.1515 6.1699 0.2997 0.1708 0.1608 0.1457
v 10.2443 6.0046 0.2988 0.1790 0.1685 0.1527
v 10.5774 5.9191 0.2745 0.1286 0.1211 0.1097
v 10.8758 6.0458 0.3035 0.3415 0.3214 0.2913
v 11.0096 6.2170 0.2110 0.4707 0.4430 0.4015
v 10.8785 6.4389 0.1950 0.5561 0.5234 0.4743
v 10.4667 6.5128 0.2271 0.4679 0.4404 0.3991
v 9.8800 6.5082 0.2320 0.2422 0.2280 0.2066
v 10.0322 6.1844 0.2611 0.1200 0.1129 0.1023
v 10.0738 5.9311 0.2475 0.1268 0.1193 0.1082
v 10.5473 5.7554 0.2096 0.1224 0.1152 0.1044
v 11.0670 5.9181 0.2014 0.3256 0.3064 0.2777
v 11.3071 6.1952 0.0513 0.4124 0.4124 0.4223
v 11.1655 6.5650 0.0737 0.4373 0.4373 0.4477
v 10.5103 6.7511 0.0748 0.4493 0.4493 0.4600
v 9.5912 6.7198 0.1311 0.3337 0.3337 0.3417
v 9.6798 6.2048 0.1423 0.0461 0.0461 0.0472
v 9.7718 5.8006 0.1507 0.0389 0.0389 0.0399
v 10.4883 5.5774 0.0942 0.0300 0.0300 0.0300
v 11.2366 5.7787 0.0819 0.2068 0.2068 0.2117
v 9.8529 6.6102 0.3088 0.3794 0.3571 0.3236
v 10.0840 6.5739 0.2917 0.2989 0.2814 0.2550
v 10.0161 6.6248 0.3007 0.3566 0.3356 0.3042
v 9.9266 6.6465 0.2917 0.4185 0.3939 0.3570
v 9.7921 6.6531 0.3024 0.3708 0.3490 0.3163
v 9.7460 6.5803 0.3135 0.2655 0.2499 0.2265
v 9.8213 6.5255 0.3043 0.1927 0.1814 0.1644
v 9.9177 6.5051 0.3382 0.2558 0.2408 0.2182
v 10.0268 6.5158 0.2912 0.3985 0.3751 0.3399
v 10.2795 6.5954 0.2484 0.3809 0.3584 0.3248
v 10.0783 6.6800 0.2631 0.4352 0.4096 0.3712
v 9.8969 6.7234 0.2820 0.4078 0.3838 0.3478
v 9.6396 6.7047 0.3055 0.3037 0.2859 0.2591
v 9.6200 6.5614 0.2967 0.1633 0.1537 0.1393
v 9.7449 6.4599 0.3046 0.1507 0.1418 0.1285
v 9.9453 6.4439 0.2720 0.1192 0.1122 0.1017
v 10.1238 6.4859 0.2664 0.2623 0.2469 0.2237
v 10.3825 6.5842 0.1939 0.3408 0.3208 0.2907
v 10.2063 6.7413 0.2069 0.5475 0.5153 0.4670
v 9.9097 6.8144 0.2130 0.4860 0.4574 0.4146
v 9.4971 6.7962 0.2332 0.3178 0.2991 0.2711
v 9.4390 6.5694 0.2559 0.1236 0.1164 0.1055
v 9.6724 6.4324 0.2400 0.0578 0.0544 0.0493
v 9.9340 6.3536 0.2202 0.0686 0.0646 0.0585
v 10.2111 6.4280 0.2144 0.1800 0.1694 0.1536
v 10.6964 6.5924 0.0736 0.3189 0.3189 0.3265
v 10.3205 6.8110 0.0843 0.4988 0.4988 0.5107
v 9.9007 6.8993 0.1095 0.4887 0.4887 0.5004
v 9.2781 6.9040 0.1380 0.3864 0.3864 0.3956
v 9.1604 6.5618 0.1643 0.0511 0.0511 0.0523
v 9.5336 6.3486 0.1510 0.0300 0.0300 0.0300
v 9.9424 6.2749 0.1230 0.0300 0.0300 0.0300
v 10.3635 6.3529 0.0931 0.0999 0.0999 0.1023
v 10.9364 5.7838 0.2604 0.3395 0.3195 0.2895
v 11.1762 5.7894 0.2585 0.2547 0.2398 0.2173
v 11.2160 5.8680 0.2615 0.2855 0.2687 0.2435
v 11.0564 5.8978 0.2706 0.2885 0.2715 0.2461
v 10.9314 5.8625 0.2430 0.3236 0.3046 0.2760
v 10.8100 5.8169 0.2493 0.2566 0.2415 0.2189
v 10.8989 5.7565 0.2710 0.2214 0.2084 0.1889
v 10.9916 5.6980 0.2481 0.3137 0.2953 0.2676
v 11.1255 5.7345 0.2471 0.2662 0.2505 0.2270
v 11.3398 5.8120 0.2472 0.3027 0.2849 0.2581
v 11.3286 5.9704 0.2160 0.3434 0.3232 0.2929
v 10.9960 5.9891 0.2417 0.3831 0.3606 0.3268
v 10.7832 5.9011 0.2263 0.3023 0.2845 0.2578
v 10.5789 5.7849 0.2235 0.2094 0.1971 0.1786
v 10.8301 5.6920 0.2200 0.0966 0.0909 0.0824
v 11.0595 5.5760 0.2514 0.2159 0.2032 0.1842
v 11.2924 5.6898 0.2561 0.2650 0.2494 0.2260
v 11.4579 5.8094 0.2008 0.4476 0.4212 0.3817
v 11.4797 6.0385 0.1815 0.3863 0.3636 0.3295
v 11.0034 6.0526 0.1760 0.3803 0.3580 0.3244
v 10.6426 5.9703 0.1879 0.3531 0.3323 0.3011
v 10.4350 5.7891 0.1912 0.1919 0.1806 0.1637
v 10.6987 5.6302 0.1754 0.0843 0.0793 0.0719
v 11.0507 5.4993 0.1980 0.1381 0.1300 0.1178
v 11.4233 5.6242 0.2236 0.2304 0.2169 0.1965
v 11.6958 5.8474 0.1357 0.3850 0.3850 0.3942
v 11.6556 6.2068 0.0823 0.4064 0.4064 0.4161
v 10.9025 6.2093 0.0789 0.4066 0.4066 0.4163
v 10.4024 6.0249 0.0976 0.3583 0.3583 0.3668
v 10.1786 5.7420 0.1223 0.0616 0.0616 0.0631
v 10.5750 5.5111 0.0839 0.0300 0.0300 0.0300
v 11.1745 5.3018 0.1516 0.0364 0.0364 0.0372
v 11.6297 5.5830 0.1918 0.2584 0.2584 0.2645
v 10.7711 6.5183 0.2360 0.3474 0.3270 0.2964
v 11.0186 6.5065 0.2220 0.3116 0.2933 0.2658
v 10.9650 6.5700 0.2265 0.3643 0.3429 0.3108
v 10.8637 6.6168 0.2198 0.3410 0.3209 0.2909
v 10.7305 6.5940 0.2259 0.3125 0.2942 0.2666
v 10.7286 6.5264 0.2331 0.2258 0.2125 0.1926
v 10.7250 6.4717 0.2269 0.2388 0.2247 0.2037
v 10.8228 6.4485 0.2402 0.1772 0.1668 0.1511
v 10.9108 6.4700 0.2406 0.3558 0.3349 0.3035
v 11.2082 6.5330 0.1951 0.3431 0.3229 0.2926
v 11.0343 6.6381 0.2040 0.4251 0.4001 0.3626
v 10.8168 6.6873 0.1936 0.3659 0.3444 0.3121
v 10.5736 6.6409 0.2039 0.2807 0.2642 0.2394
v 10.6171 6.5102 0.2097 0.2379 0.2239 0.2029
v 10.6470 6.4003 0.2187 0.1551 0.1460 0.1323
v 10.8569 6.3952 0.2164 0.1141 0.1074 0.0973
v 11.0200 6.4362 0.2145 0.1987 0.1870 0.1695
v 11.3892 6.5434 0.1519 0.3972 0.3739 0.3388
v 11.1248 6.6979 0.1597 0.4794 0.4512 0.4089
v 10.7987 6.7777 0.1474 0.4269 0.4018 0.3641
v 10.4326 6.7012 0.1638 0.2444 0.2300 0.2085
v 10.4957 6.5033 0.1625 0.0982 0.0924 0.0837
v 10.5219 6.3189 0.1658 0.0856 0.0806 0.0730
v 10.8709 6.3240 0.1693 0.0859 0.0809 0.0733
v 11.1305 6.3886 0.1584 0.1134 0.1067 0.0967
v 11.7397 6.5725 0.0758 0.2574 0.2574 0.2635
v 11.2469 6.7894 0.0666 0.4636 0.4636 0.4746
v 10.7542 6.9231 0.0610 0.4451 0.4451 0.4557
v 10.1138 6.8262 0.0971 0.3049 0.3049 0.3122
v 10.3558 6.4899 0.0901 0.0300 0.0300 0.0300
v 10.4395 6.2525 0.0910 0.0300 0.0300 0.0300
v 10.9073 6.2008 0.0788 0.0300 0.0300 0.0300
v 11.2456 6.3470 0.0816 0.0983 0.0983 0.1006
v 10.0690 5.9449 0.2924 0.3472 0.3267 0.2961
v 10.2314 5.9470 0.2725 0.3454 0.3250 0.2946
v 10.1988 6.0138 0.2775 0.4117 0.3875 0.3512
v 10.0537 6.0440 0.2856 0.4150 0.3906 0.3540
v 9.9984 5.9679 0.3033 0.3527 0.3320 0.3008
v 9.9073 5.9183 0.2970 0.3009 0.2832 0.2567
v 9.9968 5.8664 0.2795 0.2500 0.2353 0.2132
v 10.1159 5.8569 0.2983 0.2213 0.2083 0.1888
v 10.2665 5.8701 0.2899 0.3472 0.3268 0.2961
v 10.3355 5.9166 0.2309 0.3618 0.3405 0.3086
v 10.3796 6.0469 0.2437 0.3459 0.3255 0.2950
v 10.1472 6.1438 0.2397 0.3430 0.3229 0.2926
v 9.9534 6.0281 0.2636 0.3616 0.3403 0.3084
v 9.7353 5.9602 0.2957 0.2514 0.2367 0.2145
v 9.7850 5.8159 0.3002 0.2030 0.1911 0.1732
v 10.0508 5.7903 0.2686 0.1375 0.1294 0.1172
v 10.3401 5.7632 0.2391 0.2761 0.2599 0.2355
v 10.4747 5.9561 0.1750 0.3751 0.3530 0.3199
v 10.4122 6.1414 0.1866 0.3657 0.3441 0.3119
v 10.0266 6.2343 0.2091 0.3877 0.3649 0.3307
v 9.8423 6.0371 0.2361 0.3462 0.3258 0.2953
v 9.5985 5.9068 0.2559 0.2071 0.1949 0.1766
v 9.7566 5.7202 0.2396 0.0981 0.0923 0.0837
v 10.1312 5.7405 0.2171 0.0851 0.0801 0.0726
v 10.5541 5.7422 0.1815 0.2275 0.2142 0.1941
v 10.6935 5.8852 0.0788 0.3827 0.3827 0.3918
v 10.7291 6.1740 0.0802 0.4035 0.4035 0.4131
v 10.2281 6.3843 0.1005 0.4114 0.4114 0.4212
v 9.7828 6.1526 0.1377 0.3312 0.3312 0.3391
v 9.3893 5.9917 0.1678 0.0812 0.0812 0.0831
v 9.4641 5.6998 0.1748 0.0300 0.0300 0.0300
v 9.9916 5.6134 0.1393 0.0300 0.0300 0.0300
v 10.5939 5.5768 0.0833 0.0491 0.0491 0.0502
v -7.4533 -5.2425 0.0676 0.2149 0.2022 0.1833
v -7.3140 -5.2035 -0.0017 0.1968 0.1852 0.1679
v -7.3367 -5.1104 0.0412 0.2238 0.2106 0.1909
v -7.4933 -5.0792 0.1464 0.2411 0.2269 0.2057
v -7.5977 -5.1390 0.1175 0.2240 0.2109 0.1911
v -7.6931 -5.1963 0.1501 0.2435 0.2292 0.2077
v -7.6287 -5.2706 0.0848 0.1110 0.1044 0.0947
v -7.5048 -5.2866 0.0220 0.0879 0.0827 0.0749
v -7.3711 -5.2805 -0.0137 0.1424 0.1341 0.1215
v -7.1442 -5.1849 -0.0777 0.2407 0.2265 0.2053
v -7.1862 -4.9876 0.0711 0.2185 0.2057 0.1864
v -7.5316 -4.9447 0.1994 0.3186 0.2999 0.2717
v -7.7253 -5.0859 0.1885 0.2868 0.2700 0.2447
v -7.8649 -5.2155 0.2127 0.2605 0.2452 0.2222
v -7.7124 -5.3437 0.0605 0.1224 0.1152 0.1044
v -7.4778 -5.3795 -0.0543 0.1161 0.1093 0.0991
v -7.2080 -5.3479 -0.1194 0.1735 0.1633 0.1480
v -7.0032 -5.2360 -0.1634 0.2438 0.2295 0.2080
v -6.9735 -4.9597 -0.0192 0.2643 0.2488 0.2255
v -7.4304 -4.8712 0.1551 0.4745 0.4466 0.4047
v -7.8033 -4.9722 0.1959 0.3640 0.3426 0.3105
v -8.0863 -5.1575 0.1911 0.2370 0.2230 0.2021
v -7.9204 -5.3919 0.1149 0.1191 0.1121 0.1015
v -7.5525 -5.4479 -0.1017 0.0868 0.0817 0.0740
v -7.1519 -5.4614 -0.2144 0.1206 0.1135 0.1028
v -6.6931 -5.1747 -0.2557 0.1891 0.1891 0.1936
v -6.8006 -4.7442 0.0338 0.1943 0.1943 0.1989
v -7.5483 -4.6718 0.1132 0.3255 0.3255 0.3332
v -7.9793 -4.9479 0.0875 0.3206 0.3206 0.3282
v -8.3857 -5.2278 0.0234 0.0574 0.0574 0.0588
v -8.0460 -5.5558 0.0635 0.0376 0.0376 0.0385
v -7.4631 -5.6036 -0.2712 0.0344 0.0344 0.0352
v -6.9522 -5.4881 -0.3468 0.0969 0.0969 0.0992
v -8.0342 -5.3145 0.2575 0.3327 0.3132 0.2838
v -7.8603 -5.3018 0.1767 0.2997 0.2820 0.2556
v -7.9767 -5.2633 0.2418 0.3825 0.3600 0.3263
v -8.0678 -5.2393 0.2404 0.3846 0.3619 0.3280
v -8.1516 -5.2737 0.2428 0.2604 0.2451 0.2221
v -8.1370 -5.3254 0.2506 0.2281 0.2147 0.1945
v -8.1330 -5.3839 0.2488 0.2129 0.2004 0.1816
v -8.0178 -5.4304 0.2119 0.2533 0.2384 0.2160
v -7.9549 -5.3568 0.1962 0.2210 0.2080 0.1885
v -7.7175 -5.3024 0.0662 0.3092 0.2910 0.2637
v -7.8946 -5.2151 0.1954 0.4481 0.4217 0.3822
v -8.0706 -5.1546 0.2296 0.4398 0.4139 0.3751
v -8.2483 -5.2203 0.1939 0.2170 0.2043 0.1851
v -8.2289 -5.3262 0.2024 0.1376 0.1295 0.1173
v -8.2150 -5.4306 0.2311 0.1101 0.1036 0.0939
v -8.0161 -5.5359 0.1908 0.2701 0.2542 0.2304
v -7.8681 -5.4046 0.1152 0.3186 0.2998 0.2717
v -7.4628 -5.2980 -0.1107 0.3409 0.3208 0.2907
v -7.7628 -5.1349 0.1117 0.4196 0.3949 0.3579
v -8.0708 -5.0909 0.1748 0.3807 0.3583 0.3247
v -8.3613 -5.1586 0.1097 0.2013 0.1895 0.1717
v -8.3435 -5.3278 0.1388 0.0853 0.0802 0.0727
v -8.3013 -5.4811 0.1470 0.0690 0.0649 0.0588
v -8.0160 -5.6188 0.1250 0.1358 0.1278 0.1158
v -7.7520 -5.4675 -0.0261 0.2426 0.2283 0.2069
v -7.1635 -5.2853 -0.2643 0.2232 0.2232 0.2285
v -7.6317 -5.0479 0.0131 0.4144 0.4144 0.4242
v -8.0918 -4.9226 0.0596 0.4271 0.4271 0.4373
v -8.5048 -5.0881 -0.0176 0.2373 0.2373 0.2429
v -8.4571 -5.3328 0.0103 0.0300 0.0300 0.0300
v -8.4141 -5.5560 0.0322 0.0300 0.0300 0.0300
v -7.9939 -5.7913 0.0300 0.0389 0.0389 0.0399
v -7.6468 -5.5187 -0.1826 0.1911 0.1911 0.1956
v -6.9155 -5.1627 -0.0736 0.2162 0.2035 0.1844
v -6.8354 -5.1156 -0.0841 0.2573 0.2422 0.2195
v -6.9009 -5.0789 -0.0740 0.2034 0.1915 0.1735
v -6.9992 -5.0351 -0.0292 0.2252 0.2119 0.1921
v -7.0838 -5.0854 -0.0271 0.1757 0.1654 0.1498
v -7.1305 -5.1402 -0.0472 0.0933 0.0878 0.0796
v -7.0420 -5.1781 -0.0892 0.0493 0.0464 0.0420
v -6.9394 -5.2166 -0.1160 0.0682 0.0641 0.0581
v -6.8093 -5.1843 -0.1094 0.1762 0.1659 0.1503
v -6.7243 -5.1121 -0.0951 0.2504 0.2356 0.2135
v -6.8308 -5.0383 -0.0580 0.2515 0.2367 0.2145
v -7.0090 -4.9580 0.0194 0.1776 0.1671 0.1515
v -7.1960 -5.0368 -0.0063 0.1843 0.1734 0.1572
v -7.3032 -5.1468 -0.0447 0.0945 0.0889 0.0806
v -7.1342 -5.2324 -0.1361 0.0800 0.0753 0.0683
v -6.9241 -5.3164 -0.1796 0.0827 0.0778 0.0705
v -6.6866 -5.2386 -0.1545 0.1713 0.1612 0.1461
v -6.6069 -5.1467 -0.1627 0.3498 0.3293 0.2984
v -6.7160 -5.0245 -0.1082 0.4516 0.4250 0.3852
v -6.9086 -4.8491 0.0369 0.2711 0.2551 0.2312
v -7.2099 -4.9757 0.0036 0.2645 0.2489 0.2256
v -7.4264 -5.1015 -0.0296 0.1031 0.0970 0.0879
v -7.3051 -5.2625 -0.1451 0.0643 0.0605 0.0549
v -7.0294 -5.4040 -0.2320 0.0711 0.0669 0.0606
v -6.6285 -5.3403 -0.2313 0.1717 0.1616 0.1465
v -6.4580 -5.1197 -0.2048 0.2665 0.2665 0.2728
v -6.6308 -4.9469 -0.1272 0.3179 0.3179 0.3255
v -6.9898 -4.7470 0.0592 0.3433 0.3433 0.3515
v -7.3738 -4.9339 -0.0043 0.2433 0.2433 0.2491
v -7.7050 -5.1369 -0.0019 0.0464 0.0464 0.0475
v -7.3585 -5.3339 -0.2402 0.0300 0.0300 0.0300
v -6.9435 -5.5925 -0.3660 0.0300 0.0300 0.0300
v -6.3860 -5.4044 -0.3026 0.1356 0.1356 0.1388
v -7.4646 -4.7953 0.2345 0.1656 0.1559 0.1413
v -7.4217 -4.8132 0.2193 0.1329 0.1251 0.1134
v -7.4159 -4.7705 0.2492 0.2516 0.2368 0.2146
v -7.4863 -4.7285 0.2490 0.2912 0.2741 0.2484
v -7.5619 -4.7676 0.2399 0.3040 0.2861 0.2593
v -7.6431 -4.8016 0.2304 0.2476 0.2330 0.2112
v -7.5789 -4.8453 0.2230 0.1539 0.1448 0.1312
v -7.5097 -4.8657 0.2025 0.0782 0.0736 0.0667
v -7.4359 -4.8521 0.1922 0.1315 0.1238 0.1122
v -7.3411 -4.8166 0.1703 0.1917 0.1804 0.1635
v -7.3177 -4.7239 0.2227 0.3393 0.3193 0.2894
v -7.4765 -4.6559 0.2327 0.3877 0.3649 0.3307
v -7.6102 -4.7366 0.2210 0.3300 0.3106 0.2815
v -7.7789 -4.7959 0.1934 0.1889 0.1778 0.1611
v -7.6771 -4.8918 0.2116 0.1171 0.1102 0.0999
v -7.5178 -4.9247 0.1519 0.0660 0.0621 0.0563
v -7.3647 -4.8982 0.1315 0.1321 0.1243 0.1127
v -7.2796 -4.8092 0.1317 0.1799 0.1693 0.1535
v -7.2652 -4.6790 0.2065 0.3254 0.3063 0.2776
v -7.4998 -4.5776 0.1742 0.3485 0.3280 0.2972
v -7.6790 -4.7097 0.1656 0.2977 0.2802 0.2540
v -7.9394 -4.8089 0.1445 0.1926 0.1813 0.1643
v -7.7139 -4.9276 0.1633 0.0659 0.0620 0.0562
v -7.5002 -4.9730 0.0778 0.0496 0.0466 0.0423
v -7.2672 -4.9384 0.0274 0.1502 0.1413 0.1281
v -7.1662 -4.8219 0.0328 0.2010 0.2010 0.2058
v -7.1310 -4.6309 0.1510 0.2898 0.2898 0.2967
v -7.4499 -4.4073 0.0688 0.4001 0.4001 0.4097
v -7.7610 -4.6428 0.0703 0.3074 0.3074 0.3147
v -8.1560 -4.7839 0.0173 0.0700 0.0700 0.0717
v -7.8674 -4.9865 0.0987 0.0300 0.0300 0.0300
v -7.5302 -5.0512 -0.0322 0.0300 0.0300 0.0300
v -7.1699 -5.0194 -0.1254 0.0300 0.0300 0.0300
v -7.5511 -5.5805 -0.0945 0.4483 0.4219 0.3823
v -7.4223 -5.6095 -0.1414 0.3987 0.3753 0.3401
v -7.5003 -5.5702 -0.1308 0.3552 0.3343 0.3030
v -7.5567 -5.5319 -0.1085 0.4569 0.4300 0.3897
v -7.6695 -5.5342 -0.0533 0.4357 0.4101 0.3716
v -7.6712 -5.5947 -0.0379 0.3480 0.3276 0.2969
v -7.6921 -5.6531 -0.0466 0.3059 0.2879 0.2609
v -7.5870 -5.6797 -0.0991 0.2842 0.2675 0.2424
v -7.4863 -5.6575 -0.1255 0.2794 0.2630 0.2383
v -7.2457 -5.6184 -0.2204 0.3272 0.3079 0.2791
v -7.4226 -5.5355 -0.1541 0.3951 0.3718 0.3370
v -7.5450 -5.4637 -0.1007 0.3614 0.3401 0.3082
v -7.7832 -5.4603 0.0114 0.3326 0.3130 0.2837
v -7.7593 -5.5904 -0.0084 0.3601 0.3389 0.3071
v -7.8358 -5.7173 0.0202 0.3103 0.2920 0.2646
v -7.5992 -5.7517 -0.1154 0.2534 0.2385 0.2161
v -7.4011 -5.7128 -0.1884 0.2448 0.2304 0.2088
v -7.0546 -5.6351 -0.2898 0.3513 0.3307 0.2997
v -7.3538 -5.5095 -0.2196 0.5874 0.5528 0.5010
v -7.5191 -5.3759 -0.1320 0.4213 0.3965 0.3593
v -7.8941 -5.3770 0.0756 0.3417 0.3216 0.2914
v -7.8685 -5.5808 0.0151 0.3211 0.3022 0.2738
v -7.9321 -5.7525 0.0523 0.2944 0.2771 0.2511
v -7.6268 -5.8448 -0.1302 0.2532 0.2383 0.2160
v -7.3484 -5.7545 -0.2452 0.1927 0.1813 0.1643
v -6.8078 -5.5864 -0.3705 0.2647 0.2647 0.2710
v -7.3015 -5.4451 -0.2871 0.4754 0.4754 0.4867
v -7.5912 -5.2827 -0.1345 0.4935 0.4935 0.5053
v -8.1215 -5.3236 0.0947 0.3888 0.3888 0.3981
v -7.9732 -5.6082 0.0161 0.0719 0.0719 0.0737
v -8.0884 -5.8998 0.0862 0.0931 0.0931 0.0953
v -7.5472 -5.9674 -0.2356 0.0634 0.0634 0.0649
v -7.1010 -5.8370 -0.3659 0.2625 0.2625 0.2687
v 24.0558 11.9166 0.6621 0.3071 0.2891 0.2620
v 24.3458 12.0148 0.6358 0.3067 0.2887 0.2616
v 24.2730 12.1684 0.6998 0.2512 0.2364 0.2142
v 23.9698 12.1944 0.6206 0.3052 0.2872 0.2603
v 23.6604 12.1511 0.6383 0.2719 0.2559 0.2319
v 23.5094 11.9791 0.6143 0.2417 0.2275 0.2062
v 23.6601 11.7904 0.5914 0.1816 0.1709 0.1549
v 24.0374 11.7597 0.6690 0.1960 0.1845 0.1672
v 24.2669 11.8813 0.6668 0.2940 0.2767 0.2507
v 24.6608 12.0224 0.6018 0.4000 0.3764 0.3411
v 24.6275 12.3742 0.6245 0.4096 0.3855 0.3494
v 23.9493 12.4102 0.5882 0.3963 0.3730 0.3380
v 23.2260 12.3561 0.5499 0.3210 0.3021 0.2738
v 22.9309 11.9637 0.5054 0.2008 0.1890 0.1713
v 23.3028 11.5842 0.5124 0.1436 0.1351 0.1225
v 24.0532 11.5694 0.6077 0.1191 0.1121 0.1016
v 24.5895 11.7288 0.6428 0.2091 0.1968 0.1784
v 25.0501 11.9654 0.4999 0.3520 0.3313 0.3003
v 25.0672 12.4928 0.5352 0.4534 0.4268 0.3867
v 24.0653 12.5439 0.4895 0.4931 0.4641 0.4206
v 22.9645 12.6152 0.4457 0.3214 0.3025 0.2741
v 22.3743 12.0536 0.3824 0.1771 0.1667 0.1510
v 22.8617 11.4743 0.4052 0.1373 0.1292 0.1171
v 23.9154 11.2951 0.4628 0.0962 0.0906 0.0821
v 24.6711 11.6013 0.5064 0.1457 0.1371 0.1242
v 25.4708 11.9833 0.3361 0.2926 0.2926 0.2996
v 25.5113 12.7580 0.3404 0.3891 0.3891 0.3984
v 24.0379 12.9134 0.2990 0.4136 0.4136 0.4235
v 22.3872 12.8823 0.2193 0.3681 0.3681 0.3769
v 21.6279 12.0270 0.1590 0.0617 0.0617 0.0632
v 22.2632 11.1289 0.1740 0.0344 0.0344 0.0352
v 23.9568 10.9569 0.2771 0.0300 0.0300 0.0300
v 25.0329 11.4349 0.3221 0.1792 0.1792 0.1835
v 22.9194 11.7851 0.5191 0.2781 0.2617 0.2372
v 23.1386 11.7439 0.5432 0.2212 0.2082 0.1887
v 23.0808 11.8867 0.5318 0.3675 0.3458 0.3134
v 22.8249 11.9442 0.5292 0.3100 0.2918 0.2644
v 22.5804 11.9027 0.4827 0.2873 0.2704 0.2450
v 22.3944 11.7969 0.5170 0.1983 0.1867 0.1692
v 22.5984 11.7007 0.4795 0.1311 0.1234 0.1118
v 22.7371 11.6230 0.5294 0.2386 0.2246 0.2035
v 22.9296 11.6665 0.4846 0.2022 0.1903 0.1725
v 23.4145 11.7634 0.4753 0.2613 0.2460 0.2229
v 23.3310 12.0419 0.4915 0.3839 0.3614 0.3275
v 22.7906 12.1257 0.4837 0.3474 0.3270 0.2963
v 22.3229 12.0108 0.4178 0.3214 0.3025 0.2742
v 21.9538 11.7777 0.3952 0.2292 0.2157 0.1955
v 22.4376 11.6027 0.4165 0.0751 0.0707 0.0641
v 22.7661 11.4738 0.4379 0.1052 0.0991 0.0898
v 23.1299 11.5824 0.4628 0.1916 0.1804 0.1635
v 23.6988 11.7943 0.4369 0.3234 0.3044 0.2758
v 23.5532 12.2098 0.4372 0.4437 0.4176 0.3784
v 22.7191 12.3368 0.3743 0.3701 0.3483 0.3157
v 22.1002 12.0811 0.3407 0.2676 0.2519 0.2283
v 21.6340 11.7391 0.3046 0.1511 0.1423 0.1289
v 22.2333 11.4611 0.3206 0.0708 0.0667 0.0604
v 22.8263 11.2897 0.3516 0.0865 0.0814 0.0738
v 23.3233 11.5184 0.4140 0.1926 0.1813 0.1643
v 24.2932 11.7562 0.3044 0.2624 0.2624 0.2686
v 23.8592 12.3036 0.2851 0.4367 0.4367 0.4471
v 22.8023 12.5105 0.2327 0.4408 0.4408 0.4513
v 21.7853 12.2941 0.1747 0.3411 0.3411 0.3492
v 21.0358 11.7850 0.1194 0.0595 0.0595 0.0609
v 21.9264 11.3498 0.1579 0.0300 0.0300 0.0300
v 22.7538 11.0782 0.2045 0.0300 0.0300 0.0300
v 23.5751 11.3477 0.2589 0.1148 0.1148 0.1176
v 25.2266 12.1823 0.6054 0.3302 0.3108 0.2816
v 25.4350 12.1510 0.5727 0.2940 0.2767 0.2508
v 25.3514 12.2342 0.5801 0.3716 0.3497 0.3169
v 25.1372 12.3356 0.5876 0.3086 0.2904 0.2632
v 24.9729 12.2165 0.5609 0.2959 0.2785 0.2524
v 24.7571 12.1220 0.5886 0.3095 0.2913 0.2640
v 25.0293 12.0587 0.5700 0.2024 0.1905 0.1727
v 25.2053 12.0133 0.5660 0.2375 0.2236 0.2026
v 25.4667 12.0327 0.5763 0.2885 0.2715 0.2460
v 25.6501 12.1686 0.5410 0.4174 0.3929 0.3561
v 25.5263 12.3453 0.5715 0.3266 0.3074 0.2786
v 25.0756 12.4841 0.5600 0.3591 0.3379 0.3063
v 24.7567 12.2848 0.5543 0.3301 0.3107 0.2816
v 24.2833 12.0857 0.5460 0.1965 0.1850 0.1676
v 24.8962 11.9732 0.5596 0.1334 0.1255 0.1137
v 25.2493 11.9034 0.5535 0.1740 0.1638 0.1485
v 25.7573 11.9413 0.5587 0.2778 0.2615 0.2369
v 25.9373 12.1016 0.4863 0.3525 0.3318 0.3007
v 25.8720 12.3891 0.4802 0.3731 0.3511 0.3182
v 25.3325 12.7563 0.4674 0.3734 0.3515 0.3185
v 24.6299 12.4496 0.4749 0.3351 0.3154 0.2858
v 23.7454 12.2126 0.4306 0.1904 0.1792 0.1624
v 24.5647 11.9195 0.4501 0.0531 0.0500 0.0453
v 25.0926 11.7960 0.4552 0.0615 0.0579 0.0525
v 25.8467 11.7628 0.4855 0.2530 0.2381 0.2158
v 26.3172 12.1212 0.3298 0.3746 0.3746 0.3835
v 26.1243 12.5358 0.3356 0.4358 0.4358 0.4462
v 25.2509 13.0296 0.3357 0.4290 0.4290 0.4392
v 24.2584 12.5858 0.3077 0.3470 0.3470 0.3552
v 23.1828 12.1729 0.2478 0.0735 0.0735 0.0752
v 24.3080 11.7757 0.3053 0.0300 0.0300 0.0300
v 25.1395 11.6598 0.3263 0.0300 0.0300 0.0300
v 26.2812 11.6057 0.3261 0.0436 0.0436 0.0446
v 24.1271 12.7576 0.5334 0.2756 0.2594 0.2351
v 24.3462 12.7789 0.5330 0.2590 0.2438 0.2209
v 24.2792 12.8740 0.5529 0.2864 0.2696 0.2443
v 24.1042 12.9045 0.5355 0.3749 0.3528 0.3197
v 23.9477 12.8790 0.5385 0.3000 0.2824 0.2559
v 23.7831 12.8153 0.4993 0.1992 0.1875 0.1699
v 23.8223 12.6996 0.5209 0.2276 0.2142 0.1941
v 24.0388 12.6555 0.5130 0.2086 0.1964 0.1780
v 24.2373 12.6923 0.5203 0.1938 0.1824 0.1653
v 24.6447 12.8100 0.5203 0.3357 0.3160 0.2864
v 24.4266 12.9881 0.4976 0.4401 0.4142 0.3754
v 24.0557 13.0036 0.5078 0.3278 0.3085 0.2796
v 23.7704 12.9341 0.4587 0.2935 0.2762 0.2503
v 23.5475 12.7838 0.4764 0.2090 0.1967 0.1783
v 23.6762 12.5780 0.4797 0.1596 0.1502 0.1361
v 24.1032 12.5146 0.5038 0.2117 0.1993 0.1806
v 24.4670 12.6202 0.4959 0.2436 0.2293 0.2078
v 24.8471 12.7637 0.4466 0.3272 0.3080 0.2791
v 24.6653 13.0429 0.4391 0.4967 0.4675 0.4237
v 24.1237 13.0744 0.4149 0.4524 0.4258 0.3859
v 23.6959 13.0201 0.3953 0.3243 0.3052 0.2766
v 23.1774 12.8345 0.3746 0.2340 0.2202 0.1996
v 23.4312 12.5268 0.3784 0.0841 0.0792 0.0718
v 23.9965 12.3351 0.4078 0.0856 0.0806 0.0730
v 24.5412 12.5224 0.4371 0.1931 0.1818 0.1647
v 25.2887 12.7107 0.3351 0.3075 0.3075 0.3148
v 24.8852 13.0979 0.3278 0.4587 0.4587 0.4696
v 24.2011 13.2328 0.3091 0.4376 0.4376 0.4480
v 23.5736 13.1285 0.2789 0.3953 0.3953 0.4047
v 22.7329 12.8913 0.2360 0.0833 0.0833 0.0853
v 22.9111 12.3625 0.2360 0.0392 0.0392 0.0402
v 23.8952 12.1672 0.2858 0.0300 0.0300 0.0300
v 24.8171 12.3064 0.3224 0.0441 0.0441 0.0451
v 23.6356 11.2319 0.5142 0.2710 0.2551 0.2312
v 24.0174 11.1848 0.5407 0.2497 0.2350 0.2130
v 23.9323 11.2645 0.4958 0.4192 0.3945 0.3576
v 23.7673 11.3313 0.5229 0.2649 0.2493 0.2259
v 23.6182 11.2569 0.4732 0.2683 0.2525 0.2288
v 23.4430 11.1851 0.4719 0.2220 0.2089 0.1894
v 23.6369 11.1223 0.4801 0.1613 0.1518 0.1376
v 23.7667 11.0228 0.5105 0.1801 0.1696 0.1537
v 23.9115 11.1151 0.5002 0.2193 0.2064 0.1870
v 24.2297 11.2144 0.4917 0.2862 0.2693 0.2441
v 24.0361 11.3543 0.4645 0.3995 0.3760 0.3407
v 23.6940 11.4515 0.4866 0.3399 0.3199 0.2899
v 23.4354 11.3076 0.4538 0.3093 0.2911 0.2638
v 23.1486 11.1455 0.4237 0.2191 0.2062 0.1868
v 23.5325 11.0373 0.4591 0.1334 0.1255 0.1137
v 23.8663 10.8222 0.4748 0.1866 0.1756 0.1592
v 24.0922 11.0647 0.4764 0.3138 0.2954 0.2677
v 24.4597 11.2317 0.4212 0.3952 0.3720 0.3371
v 24.2313 11.4818 0.4153 0.4767 0.4487 0.4066
v 23.6411 11.6192 0.3882 0.3549 0.3340 0.3027
v 23.2806 11.3620 0.3713 0.2718 0.2558 0.2319
v 22.7686 11.1175 0.3262 0.2110 0.1986 0.1800
v 23.4277 10.9680 0.3659 0.0601 0.0566 0.0513
v 23.9112 10.6876 0.4089 0.1209 0.1138 0.1031
v 24.2646 11.0038 0.4228 0.2406 0.2264 0.2052
v 24.9820 11.0811 0.3182 0.2911 0.2911 0.2980
v 24.5901 11.4625 0.3117 0.4489 0.4489 0.4596
v 24.0027 11.8270 0.2888 0.4021 0.4021 0.4117
v 23.2781 11.5224 0.2440 0.3311 0.3311 0.3390
v 22.4141 11.3005 0.1873 0.0694 0.0694 0.0710
v 23.0883 10.9560 0.2242 0.0300 0.0300 0.0300
v 23.4988 10.4542 0.2417 0.0300 0.0300 0.0300
v 24.3262 10.7990 0.2982 0.0394 0.0394 0.0403
v 43.8988 20.0458 1.0645 0.2699 0.2540 0.2302
v 44.3446 20.0018 1.0492 0.3215 0.3026 0.2742
v 44.2775 20.1456 1.0757 0.2703 0.2544 0.2305
v 43.9960 20.2001 1.0326 0.3041 0.2862 0.2594
v 43.5874 20.2078 0.9993 0.2944 0.2771 0.2511
v 43.5271 19.9975 0.9541 0.1638 0.1541 0.1397
v 43.7655 19.8770 1.0012 0.1623 0.1528 0.1385
v 44.0039 19.8057 1.0218 0.1132 0.1065 0.0965
v 44.3973 19.7999 1.0621 0.2277 0.2143 0.1942
v 44.6488 19.9808 1.0223 0.3327 0.3131 0.2838
v 44.5215 20.2389 1.0768 0.3547 0.3338 0.3025
v 44.0469 20.4184 1.0377 0.3399 0.3199 0.2899
v 43.2930 20.4079 0.9131 0.2328 0.2191 0.1985
v 43.0993 20.0267 0.8670 0.1405 0.1322 0.1198
v 43.4821 19.7628 0.9268 0.1084 0.1021 0.0925
v 43.9617 19.6583 0.9458 0.0812 0.0764 0.0692
v 44.7438 19.5709 0.9922 0.2141 0.2015 0.1826
v 45.0553 20.0707 0.9641 0.3713 0.3494 0.3167
v 44.7266 20.4854 0.9573 0.4684 0.4408 0.3995
v 43.8559 20.5688 0.9049 0.4451 0.4189 0.3797
v 42.6911 20.5178 0.7304 0.2802 0.2637 0.2390
v 42.7226 19.9145 0.6953 0.1004 0.0945 0.0856
v 43.3728 19.5810 0.7606 0.0605 0.0569 0.0516
v 44.1300 19.4870 0.8285 0.0544 0.0512 0.0464
v 45.3031 19.4845 0.9571 0.2157 0.2031 0.1840
v 45.4063 20.0336 0.7960 0.4312 0.4312 0.4414
v 45.1762 20.6635 0.8217 0.4193 0.4193 0.4293
v 43.9131 20.9623 0.7226 0.4002 0.4002 0.4097
v 42.1858 20.8499 0.4935 0.2821 0.2821 0.2888
v 42.1184 19.9551 0.4216 0.0300 0.0300 0.0300
v 42.9562 19.4112 0.4700 0.0300 0.0300 0.0300
v 44.0809 19.1036 0.5784 0.0300 0.0300 0.0300
v 45.9431 19.0897 0.7826 0.1788 0.1788 0.1831
v 42.6317 19.6601 0.7943 0.3051 0.2871 0.2602
v 43.0026 19.6536 0.8099 0.3326 0.3130 0.2837
v 42.9160 19.8090 0.8176 0.2596 0.2443 0.2214
v 42.6074 19.7999 0.7735 0.3514 0.3307 0.2997
v 42.2972 19.8166 0.7848 0.2795 0.2631 0.2384
v 42.1738 19.6620 0.7629 0.2089 0.1966 0.1782
v 42.3761 19.5491 0.7569 0.1661 0.1563 0.1417
v 42.5961 19.5206 0.7862 0.1382 0.1300 0.1179
v 42.8565 19.5247 0.8171 0.2395 0.2254 0.2043
v 43.4612 19.7324 0.7983 0.2820 0.2654 0.2405
v 43.1253 20.0303 0.8167 0.3822 0.3597 0.3260
v 42.5000 19.9517 0.7230 0.3112 0.2929 0.2654
v 41.8853 19.9107 0.6838 0.2903 0.2732 0.2476
v 41.8204 19.5898 0.6662 0.1354 0.1274 0.1155
v 42.2444 19.4035 0.6898 0.1030 0.0970 0.0879
v 42.6970 19.3820 0.7315 0.0835 0.0786 0.0712
v 43.1980 19.4471 0.7984 0.1553 0.1461 0.1324
v 43.7194 19.5581 0.7314 0.2593 0.2441 0.2212
v 43.7858 20.0721 0.7849 0.3926 0.3695 0.3349
v 42.7549 20.0897 0.6691 0.4618 0.4346 0.3939
v 41.7715 20.2539 0.5789 0.2741 0.2579 0.2338
v 41.4278 19.7623 0.5127 0.1221 0.1149 0.1041
v 41.7834 19.3713 0.5330 0.0502 0.0472 0.0428
v 42.4655 19.2737 0.5863 0.0573 0.0540 0.0489
v 43.1348 19.2749 0.6539 0.0812 0.0764 0.0692
v 44.2586 19.5491 0.6311 0.1718 0.1718 0.1759
v 44.4372 20.3651 0.7286 0.3140 0.3140 0.3214
v 42.7800 20.3415 0.5210 0.3922 0.3922 0.4016
v 41.4420 20.4140 0.3876 0.3774 0.3774 0.3863
v 40.8170 19.7747 0.3131 0.0504 0.0504 0.0516
v 41.4559 19.2162 0.3356 0.0300 0.0300 0.0300
v 42.4589 19.1104 0.4127 0.0300 0.0300 0.0300
v 43.4293 19.1179 0.5070 0.0300 0.0300 0.0300
v 45.4247 20.3041 1.1185 0.1716 0.1615 0.1464
v 45.6746 20.2568 1.1544 0.2126 0.2001 0.1813
v 45.5318 20.3425 1.1642 0.2605 0.2452 0.2222
v 45.2971 20.4057 1.1411 0.2725 0.2565 0.2324
v 44.9894 20.3566 1.0738 0.2156 0.2029 0.1839
v 45.0189 20.2155 1.0532 0.2120 0.1995 0.1808
v 45.0663 20.0684 1.0473 0.2285 0.2151 0.1949
v 45.4135 20.0450 1.0823 0.1939 0.1825 0.1654
v 45.5511 20.1704 1.1100 0.1795 0.1689 0.1531
v 46.0375 20.1913 1.0803 0.2669 0.2512 0.2276
v 45.8077 20.3857 1.0910 0.4293 0.4041 0.3662
v 45.4610 20.5603 1.0944 0.3565 0.3356 0.3041
v 44.8544 20.5333 1.0160 0.2343 0.2205 0.1998
v 44.6985 20.2796 0.9973 0.1992 0.1875 0.1699
v 44.6293 20.0002 0.9801 0.1309 0.1232 0.1116
v 45.2370 19.8969 1.0392 0.1341 0.1262 0.1144
v 45.7043 20.0260 1.0818 0.1970 0.1854 0.1680
v 46.4387 20.2472 1.0403 0.3238 0.3047 0.2762
v 45.9531 20.5144 1.0081 0.5084 0.4785 0.4337
v 45.3258 20.7481 0.9998 0.4685 0.4409 0.3996
v 44.3637 20.6540 0.9099 0.3005 0.2828 0.2563
v 44.3172 20.2262 0.8744 0.1966 0.1850 0.1677
v 44.3459 19.7716 0.8191 0.1109 0.1043 0.0945
v 45.3773 19.7307 0.9135 0.0783 0.0737 0.0668
v 45.9529 19.9824 0.9990 0.1101 0.1036 0.0939
v 46.8884 20.1899 0.8976 0.2543 0.2543 0.2604
v 46.2083 20.5664 0.8763 0.4991 0.4991 0.5109
v 45.4593 20.9295 0.8569 0.4623 0.4623 0.4733
v 44.0265 20.9083 0.7314 0.3083 0.3083 0.3156
v 43.8784 20.2811 0.6516 0.0378 0.0378 0.0387
v 43.6369 19.5759 0.5600 0.0325 0.0325 0.0333
v 45.2211 19.3949 0.7270 0.0300 0.0300 0.0300
v 46.1500 19.8318 0.8421 0.0300 0.0300 0.0300
v 43.9993 20.9184 0.9992 0.2762 0.2600 0.2356
v 44.4709 20.8989 1.0233 0.2882 0.2712 0.2458
v 44.3143 21.0261 1.0279 0.2860 0.2692 0.2440
v 44.0629 21.0262 1.0278 0.2289 0.2154 0.1952
v 43.8481 21.0222 0.9612 0.2093 0.1970 0.1785
v 43.7995 20.9193 0.9718 0.2387 0.2247 0.2036
v 43.8666 20.8337 0.9724 0.1616 0.1521 0.1378
v 44.0343 20.8029 1.0035 0.1288 0.1212 0.1098
v 44.2150 20.8197 1.0273 0.2364 0.2225 0.2017
v 44.8461 20.9188 1.0118 0.2978 0.2803 0.2540
v 44.5286 21.1544 1.0196 0.3480 0.3275 0.2968
v 44.0404 21.1212 0.9509 0.3353 0.3156 0.2860
v 43.6296 21.1083 0.9327 0.2302 0.2167 0.1964
v 43.5926 20.9077 0.8728 0.1171 0.1102 0.0999
v 43.6642 20.7178 0.8917 0.0967 0.0910 0.0825
v 44.0561 20.7023 0.9508 0.0719 0.0676 0.0613
v 44.3913 20.7507 0.9814 0.1067 0.1004 0.0910
v 45.2475 20.9827 0.9809 0.2582 0.2430 0.2202
v 44.6551 21.2891 0.9733 0.3688 0.3472 0.3146
v 43.9629 21.2536 0.8821 0.3647 0.3432 0.3111
v 43.4170 21.1525 0.8099 0.2931 0.2759 0.2500
v 43.2374 20.8638 0.7644 0.1390 0.1308 0.1186
v 43.5288 20.5888 0.7691 0.0667 0.0628 0.0569
v 44.1261 20.5995 0.8574 0.0496 0.0466 0.0423
v 44.6174 20.6946 0.9000 0.1025 0.0965 0.0874
v 45.8019 20.9469 0.8701 0.2343 0.2343 0.2398
v 45.0027 21.4165 0.8554 0.4403 0.4403 0.4508
v 44.0032 21.4449 0.7847 0.3901 0.3901 0.3994
v 43.2163 21.2849 0.6706 0.3040 0.3040 0.3112
v 42.8861 20.8884 0.5842 0.0405 0.0405 0.0415
v 43.2654 20.4978 0.5915 0.0300 0.0300 0.0300
v 44.0946 20.3636 0.6867 0.0300 0.0300 0.0300
v 44.8834 20.5372 0.7858 0.0896 0.0896 0.0917
v 43.7668 18.9973 0.8208 0.2837 0.2670 0.2420
v 44.0732 19.0658 0.8171 0.3189 0.3002 0.2720
v 43.9866 19.1723 0.8314 0.2919 0.2747 0.2489
v 43.7532 19.1941 0.8025 0.3047 0.2868 0.2599
v 43.5748 19.1388 0.8101 0.2961 0.2787 0.2526
v 43.3944 19.0454 0.7733 0.1795 0.1689 0.1531
v 43.5472 18.9362 0.7548 0.1517 0.1428 0.1294
v 43.7863 18.9462 0.8250 0.1549 0.1458 0.1322
v 44.0701 18.9322 0.8520 0.2450 0.2306 0.2090
v 44.4176 19.0986 0.8463 0.3330 0.3134 0.2840
v 44.1487 19.2920 0.8001 0.3157 0.2972 0.2693
v 43.7033 19.2928 0.7659 0.3019 0.2842 0.2575
v 43.3458 19.2097 0.7070 0.3501 0.3295 0.2986
v 42.9945 19.0063 0.6748 0.2170 0.2043 0.1851
v 43.3796 18.8122 0.7231 0.1230 0.1158 0.1049
v 43.8355 18.8355 0.7386 0.0920 0.0866 0.0784
v 44.4835 18.8008 0.8488 0.1979 0.1863 0.1688
v 44.7506 18.9768 0.7948 0.3414 0.3213 0.2912
v 44.4910 19.2971 0.7923 0.3805 0.3581 0.3245
v 43.9177 19.4579 0.7201 0.3397 0.3197 0.2897
v 43.3091 19.3670 0.6544 0.3067 0.2886 0.2616
v 42.7483 19.1403 0.5702 0.2406 0.2265 0.2052
v 43.0190 18.8053 0.6094 0.0759 0.0714 0.0647
v 43.6534 18.7323 0.6435 0.0551 0.0519 0.0470
v 44.4540 18.5989 0.7358 0.1582 0.1489 0.1349
v 45.0935 18.9472 0.6814 0.2873 0.2873 0.2941
v 44.9824 19.4593 0.7050 0.3837 0.3837 0.3928
v 43.9707 19.5955 0.6013 0.4329 0.4329 0.4432
v 43.0008 19.5765 0.4871 0.3586 0.3586 0.3671
v 42.2872 19.1797 0.3987 0.0690 0.0690 0.0707
v 42.4717 18.6246 0.4015 0.0305 0.0305 0.0312
v 43.5827 18.5458 0.4964 0.0300 0.0300 0.0300
v 44.7858 18.3728 0.6086 0.0344 0.0344 0.0353
v 76.1204 45.9135 3.4533 0.2735 0.2574 0.2333
v 76.6628 45.9562 3.5125 0.2257 0.2124 0.1925
v 76.5701 46.2222 3.5171 0.2746 0.2585 0.2342
v 76.0637 46.2475 3.4012 0.2847 0.2680 0.2428
v 75.7168 46.1865 3.4506 0.2953 0.2779 0.2519
v 75.3000 46.0462 3.3685 0.1631 0.1535 0.1391
v 75.6137 45.8494 3.3694 0.1416 0.1333 0.1208
v 75.9170 45.6773 3.3777 0.1370 0.1289 0.1168
v 76.2295 45.8488 3.4831 0.1470 0.1384 0.1254
v 77.3192 46.0881 3.4938 0.3120 0.2937 0.2661
v 76.7832 46.5174 3.4438 0.4407 0.4148 0.3759
v 75.8770 46.4725 3.3689 0.3282 0.3089 0.2799
v 75.2896 46.2761 3.3133 0.2975 0.2800 0.2538
v 74.6442 45.9094 3.2366 0.2071 0.1949 0.1766
v 75.4603 45.6435 3.3030 0.1058 0.0995 0.0902
v 76.1765 45.3220 3.2648 0.0886 0.0834 0.0756
v 76.7246 45.7184 3.4144 0.1585 0.1492 0.1352
v 77.9639 45.9233 3.3331 0.2700 0.2541 0.2303
v 77.5865 46.6888 3.2707 0.4043 0.3805 0.3448
v 76.1271 46.8353 3.2696 0.4376 0.4118 0.3732
v 75.0362 46.5699 3.2012 0.2897 0.2727 0.2471
v 73.8580 46.0837 3.0406 0.1863 0.1753 0.1589
v 74.9150 45.5290 3.0047 0.0605 0.0569 0.0516
v 75.8615 45.0896 3.0046 0.0736 0.0692 0.0627
v 76.7875 45.5344 3.2745 0.0736 0.0693 0.0628
v 78.9142 46.0285 3.0993 0.1890 0.1890 0.1935
v 78.1096 47.1110 2.9880 0.4243 0.4243 0.4344
v 75.9540 47.2064 2.9506 0.4237 0.4237 0.4338
v 74.5263 46.7184 2.9574 0.3538 0.3538 0.3622
v 72.9248 45.9699 2.7295 0.0640 0.0640 0.0655
v 74.5194 45.2203 2.6176 0.0300 0.0300 0.0300
v 76.0546 44.5690 2.6864 0.0300 0.0300 0.0300
v 77.2634 45.3842 3.0448 0.0887 0.0887 0.0908
v 74.2900 45.3842 3.0637 0.1755 0.1652 0.1497
v 74.9842 45.3591 3.1544 0.1843 0.1735 0.1572
v 74.7708 45.4969 3.0941 0.2039 0.1919 0.1739
v 74.5113 45.5495 3.0831 0.2339 0.2202 0.1995
v 74.1998 45.5357 3.0968 0.2059 0.1938 0.1756
v 74.1239 45.3849 3.0143 0.0601 0.0566 0.0513
v 74.1997 45.2470 2.9585 0.0577 0.0543 0.0492
v 74.4646 45.1693 3.0150 0.0952 0.0896 0.0812
v 74.8776 45.1575 3.0347 0.1001 0.0942 0.0854
v 75.4104 45.2925 3.1071 0.2635 0.2480 0.2247
v 75.1100 45.5873 3.1645 0.3456 0.3253 0.2948
v 74.6050 45.6922 3.1307 0.2371 0.2232 0.2023
v 73.8998 45.7924 3.0346 0.1791 0.1685 0.1527
v 73.7728 45.4373 2.9498 0.0846 0.0796 0.0721
v 73.8930 45.1685 2.8191 0.0514 0.0484 0.0438
v 74.3607 45.0176 2.8125 0.0509 0.0479 0.0434
v 75.1015 44.9399 2.9250 0.1004 0.0945 0.0856
v 75.8833 45.4663 3.0827 0.3362 0.3164 0.2867
v 75.1124 45.7769 3.0706 0.4393 0.4135 0.3747
v 74.3666 45.8274 2.9664 0.3803 0.3579 0.3244
v 73.2799 45.8302 2.8987 0.2209 0.2079 0.1884
v 73.4864 45.3073 2.7428 0.0706 0.0665 0.0602
v 73.8729 44.9746 2.6453 0.0501 0.0471 0.0427
v 74.6390 44.8243 2.6874 0.0622 0.0586 0.0531
v 75.7459 44.9001 2.8966 0.1179 0.1109 0.1005
v 76.4014 45.2555 2.9107 0.3121 0.3121 0.3196
v 75.6362 45.8141 2.9131 0.4978 0.4978 0.5097
v 74.6592 46.0416 2.8478 0.4383 0.4383 0.4487
v 73.1477 46.2271 2.8065 0.2876 0.2876 0.2944
v 72.7236 45.4833 2.5645 0.0300 0.0300 0.0300
v 73.1334 44.8530 2.3197 0.0300 0.0300 0.0300
v 74.2638 44.4836 2.3140 0.0300 0.0300 0.0300
v 76.0280 44.3959 2.6373 0.0300 0.0300 0.0300
v 77.6877 46.4728 3.4124 0.3012 0.2835 0.2569
v 77.9043 46.4996 3.4300 0.3296 0.3102 0.2811
v 77.8423 46.6589 3.4189 0.3524 0.3317 0.3006
v 77.4766 46.6511 3.3752 0.3448 0.3245 0.2941
v 77.0477 46.6880 3.4030 0.3567 0.3357 0.3042
v 77.1169 46.5010 3.4099 0.2421 0.2279 0.2065
v 77.2302 46.3945 3.3718 0.2283 0.2148 0.1947
v 77.4729 46.2613 3.3940 0.2824 0.2658 0.2409
v 77.7942 46.3602 3.3895 0.2052 0.1931 0.1750
v 78.4337 46.5547 3.3666 0.3307 0.3113 0.2821
v 78.0733 46.8389 3.3020 0.4654 0.4381 0.3970
v 77.3817 46.8129 3.3369 0.3760 0.3539 0.3207
v 76.4788 46.8343 3.2878 0.3048 0.2869 0.2600
v 76.8609 46.4655 3.3525 0.1405 0.1322 0.1198
v 77.0574 46.2639 3.3615 0.1677 0.1578 0.1430
v 77.6352 45.9648 3.4086 0.2454 0.2310 0.2093
v 78.1858 46.2621 3.3508 0.2971 0.2796 0.2534
v 78.7097 46.5539 3.2223 0.4456 0.4194 0.3801
v 78.4656 47.0273 3.1990 0.5032 0.4736 0.4292
v 77.3666 46.9745 3.1985 0.4796 0.4514 0.4091
v 76.0531 47.0074 3.1808 0.2343 0.2205 0.1999
v 76.5341 46.4595 3.1962 0.0544 0.0512 0.0464
v 76.8796 46.1835 3.2238 0.0477 0.0449 0.0407
v 77.6592 45.6962 3.3001 0.1089 0.1025 0.0929
v 78.4558 46.1506 3.2872 0.3187 0.2999 0.2718
v 79.4578 46.5627 3.0296 0.3631 0.3631 0.3717
v 78.8859 47.2105 2.9589 0.4466 0.4466 0.4573
v 77.3575 47.2093 2.9628 0.4503 0.4503 0.4610
v 75.5136 47.2396 2.9433 0.3196 0.3196 0.3273
v 76.0513 46.4555 2.9897 0.0300 0.0300 0.0300
v 76.5070 46.0129 3.0095 0.0300 0.0300 0.0300
v 77.6579 45.3988 3.0848 0.0300 0.0300 0.0300
v 78.8957 45.9650 3.1060 0.2123 0.2123 0.2173
v 76.0512 47.0524 3.2882 0.3966 0.3732 0.3382
v 76.2957 47.0194 3.3042 0.4089 0.3848 0.3487
v 76.0777 47.1018 3.2557 0.4093 0.3852 0.3491
v 75.9115 47.1979 3.2703 0.3739 0.3519 0.3189
v 75.7310 47.1084 3.2885 0.4268 0.4017 0.3640
v 75.4849 47.0245 3.3039 0.2781 0.2617 0.2372
v 75.7078 46.9288 3.2958 0.2794 0.2629 0.2383
v 75.9026 46.8697 3.3087 0.2391 0.2251 0.2040
v 76.1589 46.8976 3.2921 0.2552 0.2402 0.2177
v 76.7604 47.0400 3.2180 0.4278 0.4026 0.3649
v 76.2285 47.1906 3.2248 0.4787 0.4506 0.4083
v 75.8733 47.3839 3.1535 0.3929 0.3698 0.3351
v 75.5329 47.1861 3.1798 0.4048 0.3809 0.3452
v 75.1075 47.0048 3.2139 0.2472 0.2326 0.2108
v 75.4837 46.8000 3.2616 0.1344 0.1265 0.1146
v 75.9374 46.6895 3.2649 0.1576 0.1484 0.1345
v 76.4715 46.7738 3.2468 0.2852 0.2685 0.2433
v 77.1925 47.0572 3.1607 0.3491 0.3285 0.2977
v 76.3777 47.2754 3.1053 0.4136 0.3893 0.3528
v 75.8466 47.5258 3.0551 0.4277 0.4026 0.3648
v 75.4160 47.2319 3.0946 0.3714 0.3496 0.3168
v 74.8304 46.9922 3.1262 0.1882 0.1771 0.1605
v 75.3874 46.7422 3.1486 0.0530 0.0499 0.0452
v 75.9664 46.5217 3.1476 0.0662 0.0623 0.0565
v 76.7912 46.6433 3.1729 0.2309 0.2173 0.1970
v 77.5362 46.9665 3.0131 0.3533 0.3533 0.3617
v 76.6801 47.3440 2.9300 0.5027 0.5027 0.5147
v 76.0359 47.8989 2.8287 0.4372 0.4372 0.4477
v 75.1531 47.4386 2.9213 0.3662 0.3662 0.3749
v 74.0870 47.0836 2.9725 0.0761 0.0761 0.0779
v 74.9010 46.6028 2.9509 0.0300 0.0300 0.0300
v 75.8051 46.3318 2.9673 0.0300 0.0300 0.0300
v 77.0083 46.4126 3.0404 0.0419 0.0419 0.0429
v 75.9127 44.9409 3.0655 0.2051 0.1931 0.1750
v 76.3652 44.9139 3.1339 0.2332 0.2195 0.1989
v 76.1301 45.0229 3.1081 0.2088 0.1966 0.1781
v 75.8919 45.1037 3.1062 0.1775 0.1670 0.1514
v 75.5537 45.0679 3.0562 0.1190 0.1120 0.1015
v 75.5179 44.9095 2.9523 0.1312 0.1235 0.1119
v 75.5902 44.7653 2.9804 0.1192 0.1122 0.1016
v 75.9003 44.7543 3.0468 0.1119 0.1054 0.0955
v 76.2019 44.7721 3.0950 0.1630 0.1534 0.1390
v 76.8005 44.8572 3.1727 0.2751 0.2589 0.2347
v 76.4488 45.1104 3.1657 0.3326 0.3130 0.2836
v 75.9992 45.2840 3.1388 0.2685 0.2527 0.2290
v 75.3353 45.2507 3.0075 0.2127 0.2002 0.1814
v 75.0804 44.9605 2.8571 0.0777 0.0731 0.0663
v 75.1417 44.6395 2.7733 0.0670 0.0631 0.0572
v 75.8183 44.6276 2.9377 0.0537 0.0506 0.0458
v 76.4387 44.5838 3.0507 0.0856 0.0806 0.0730
v 77.1155 44.8352 3.1076 0.2732 0.2571 0.2330
v 76.7039 45.1991 3.1217 0.3622 0.3409 0.3090
v 76.0612 45.4843 3.0708 0.3619 0.3406 0.3087
v 75.0908 45.4040 2.9246 0.1990 0.1873 0.1697
v 74.7015 44.9863 2.7117 0.0794 0.0747 0.0677
v 74.8544 44.5401 2.6168 0.0614 0.0578 0.0524
v 75.7713 44.4757 2.7709 0.0471 0.0443 0.0402
v 76.5844 44.4910 2.9509 0.0948 0.0892 0.0809
v 77.9916 44.7445 3.0704 0.1963 0.1963 0.2010
v 77.2202 45.3490 3.0354 0.3633 0.3633 0.3720
v 76.2430 45.8581 2.9801 0.3626 0.3626 0.3713
v 74.6233 45.7504 2.7951 0.2566 0.2566 0.2627
v 74.0200 45.0610 2.5004 0.0300 0.0300 0.0305
v 74.2736 44.3750 2.2754 0.0300 0.0300 0.0300
v 75.6682 44.2875 2.5203 0.0300 0.0300 0.0300
v 76.9927 44.1892 2.7991 0.0300 0.0300 0.0300
v 30.1862 -11.0941 -1.0604 0.3414 0.3213 0.2912
v 30.4942 -10.9812 -1.1658 0.3169 0.2983 0.2703
v 30.3638 -10.7821 -1.1513 0.4397 0.4139 0.3751
v 29.9720 -10.8032 -1.0642 0.3146 0.2961 0.2683
v 29.7682 -10.8966 -1.0683 0.3579 0.3369 0.3053
v 29.5370 -11.0176 -0.9834 0.3343 0.3146 0.2851
v 29.7697 -11.1379 -1.0248 0.2262 0.2129 0.1929
v 30.0257 -11.1808 -1.0599 0.2505 0.2357 0.2136
v 30.3010 -11.1343 -1.1373 0.3097 0.2914 0.2641
v 31.0676 -10.9866 -1.3091 0.3321 0.3126 0.2833
v 30.8083 -10.5613 -1.3209 0.4328 0.4074 0.3692
v 29.9798 -10.5708 -1.1501 0.4574 0.4305 0.3902
v 29.5364 -10.7717 -1.0419 0.3747 0.3526 0.3196
v 29.1533 -11.0106 -0.9383 0.2772 0.2609 0.2364
v 29.5442 -11.2474 -1.0373 0.1884 0.1773 0.1607
v 30.0156 -11.3317 -1.1271 0.1740 0.1637 0.1484
v 30.6052 -11.2981 -1.2010 0.2459 0.2314 0.2097
v 31.6120 -10.9312 -1.4864 0.3693 0.3476 0.3150
v 31.2068 -10.2637 -1.4758 0.4127 0.3884 0.3520
v 29.9026 -10.3901 -1.2728 0.4550 0.4282 0.3881
v 29.3091 -10.6973 -1.1707 0.4057 0.3819 0.3461
v 28.7226 -11.0545 -0.9364 0.2705 0.2546 0.2307
v 29.3201 -11.4148 -1.0999 0.1179 0.1110 0.1006
v 30.0798 -11.4995 -1.2119 0.1073 0.1010 0.0915
v 31.0186 -11.4463 -1.3722 0.1925 0.1812 0.1642
v 32.3277 -10.8635 -1.7384 0.3243 0.3243 0.3321
v 31.5903 -9.9673 -1.7085 0.4377 0.4377 0.4482
v 29.7913 -10.0489 -1.4661 0.4332 0.4332 0.4436
v 28.8467 -10.5253 -1.2363 0.3991 0.3991 0.4086
v 28.0368 -11.1152 -0.9452 0.0880 0.0880 0.0901
v 29.1510 -11.5513 -1.2251 0.0300 0.0300 0.0300
v 30.1729 -11.7876 -1.4246 0.0300 0.0300 0.0300
v 31.4077 -11.5795 -1.6210 0.1420 0.1420 0.1454
v 28.9071 -10.2912 -0.9081 0.4428 0.4168 0.3777
v 29.2843 -10.2990 -1.0565 0.3968 0.3735 0.3385
v 29.1056 -10.1650 -0.9829 0.3934 0.3702 0.3355
v 28.8738 -10.1277 -0.9573 0.4720 0.4442 0.4026
v 28.5938 -10.1084 -0.8569 0.3583 0.3372 0.3056
v 28.5184 -10.2471 -0.8206 0.3485 0.3280 0.2973
v 28.5492 -10.3791 -0.8086 0.3025 0.2847 0.2581
v 28.7821 -10.4720 -0.8715 0.3189 0.3001 0.2720
v 28.9926 -10.3719 -0.9426 0.3580 0.3369 0.3053
v 29.8001 -10.1825 -1.2138 0.3851 0.3625 0.3285
v 29.1867 -10.0158 -1.0762 0.4582 0.4312 0.3908
v 28.7354 -9.9817 -0.9563 0.4653 0.4379 0.3968
v 28.2352 -10.0568 -0.8289 0.3814 0.3590 0.3253
v 28.1873 -10.3266 -0.7940 0.3614 0.3401 0.3083
v 28.3734 -10.6024 -0.8223 0.2142 0.2016 0.1827
v 28.9594 -10.6192 -0.9739 0.2309 0.2173 0.1969
v 29.2486 -10.4140 -1.0824 0.2258 0.2125 0.1926
v 30.1284 -10.2690 -1.3755 0.2879 0.2710 0.2456
v 29.4403 -9.9644 -1.2238 0.4444 0.4182 0.3790
v 28.8367 -9.8558 -1.0786 0.5420 0.5102 0.4623
v 27.9952 -9.8440 -0.8442 0.4700 0.4424 0.4009
v 27.8771 -10.2683 -0.7641 0.2538 0.2388 0.2165
v 27.9315 -10.7242 -0.7894 0.1740 0.1638 0.1484
v 28.8356 -10.8145 -1.0474 0.1839 0.1731 0.1569
v 29.3402 -10.5230 -1.1970 0.1518 0.1429 0.1295
v 30.7422 -10.1283 -1.6293 0.2012 0.2012 0.2060
v 29.6712 -9.7036 -1.4458 0.4682 0.4682 0.4794
v 28.6601 -9.6606 -1.1927 0.4926 0.4926 0.5044
v 27.2401 -9.6690 -0.7286 0.4280 0.4280 0.4382
v 27.4129 -10.3734 -0.7783 0.0826 0.0826 0.0846
v 27.8134 -10.9607 -0.8828 0.0456 0.0456 0.0467
v 29.0841 -11.1244 -1.2508 0.0644 0.0644 0.0660
v 29.6581 -10.5774 -1.4395 0.2144 0.2144 0.2195
v 31.0791 -11.6949 -1.2665 0.3935 0.3704 0.3356
v 31.3477 -11.7658 -1.2819 0.3994 0.3759 0.3406
v 31.2513 -11.6793 -1.3063 0.5078 0.4779 0.4331
v 31.0473 -11.6038 -1.2906 0.4283 0.4031 0.3653
v 30.8166 -11.6692 -1.2580 0.3646 0.3432 0.3110
v 30.7011 -11.7757 -1.2166 0.2742 0.2581 0.2339
v 30.8699 -11.8608 -1.2784 0.2242 0.2110 0.1912
v 31.0738 -11.9476 -1.2628 0.2238 0.2106 0.1909
v 31.2977 -11.8688 -1.2833 0.2893 0.2723 0.2468
v 31.6660 -11.7279 -1.4180 0.3789 0.3566 0.3231
v 31.3970 -11.5647 -1.3885 0.4904 0.4615 0.4183
v 30.9262 -11.3915 -1.3439 0.3841 0.3615 0.3276
v 30.4860 -11.5844 -1.2419 0.3479 0.3274 0.2967
v 30.3487 -11.8199 -1.2022 0.2820 0.2654 0.2405
v 30.7113 -11.9831 -1.2586 0.2641 0.2485 0.2252
v 31.1752 -12.0955 -1.3133 0.2040 0.1920 0.1740
v 31.5487 -11.9284 -1.3834 0.2686 0.2528 0.2291
v 31.9512 -11.8311 -1.5010 0.3684 0.3468 0.3142
v 31.8079 -11.5265 -1.5129 0.5421 0.5102 0.4624
v 31.2268 -11.2885 -1.4661 0.4354 0.4098 0.3714
v 30.4724 -11.4141 -1.3677 0.4217 0.3969 0.3597
v 29.9859 -11.6968 -1.2279 0.2946 0.2773 0.2513
v 30.2622 -12.0304 -1.2637 0.1405 0.1323 0.1199
v 30.9002 -12.2326 -1.3298 0.1256 0.1182 0.1071
v 31.6324 -12.1170 -1.4214 0.2153 0.2027 0.1837
v 32.3831 -11.8188 -1.6854 0.3485 0.3485 0.3568
v 31.9989 -11.4167 -1.6900 0.4860 0.4860 0.4976
v 31.2156 -10.9333 -1.6503 0.4624 0.4624 0.4734
v 30.1510 -11.2934 -1.4672 0.4154 0.4154 0.4253
v 29.4798 -11.7122 -1.2936 0.0914 0.0914 0.0936
v 30.0128 -12.1647 -1.3329 0.0427 0.0427 0.0437
v 30.9341 -12.4490 -1.4517 0.0334 0.0334 0.0342
v 31.9155 -12.2188 -1.6098 0.0464 0.0464 0.0475
v 30.6168 -10.4223 -1.3675 0.3536 0.3328 0.3016
v 30.9229 -10.4442 -1.3990 0.2893 0.2723 0.2468
v 30.9611 -10.3165 -1.4119 0.3274 0.3081 0.2792
v 30.6885 -10.3325 -1.3875 0.4724 0.4446 0.4030
v 30.5297 -10.3347 -1.3398 0.3698 0.3481 0.3154
v 30.3553 -10.3979 -1.3426 0.3198 0.3010 0.2728
v 30.4966 -10.4790 -1.3477 0.3008 0.2831 0.2566
v 30.5908 -10.6199 -1.3806 0.2648 0.2492 0.2259
v 30.7827 -10.5082 -1.4016 0.2195 0.2066 0.1872
v 31.1946 -10.4697 -1.4703 0.2781 0.2617 0.2372
v 31.2524 -10.2200 -1.4583 0.3989 0.3754 0.3402
v 30.7304 -10.2245 -1.4262 0.4164 0.3919 0.3551
v 30.4313 -10.2631 -1.3665 0.3638 0.3424 0.3103
v 30.0523 -10.3694 -1.3080 0.2476 0.2330 0.2111
v 30.3238 -10.5364 -1.3471 0.2127 0.2002 0.1815
v 30.5174 -10.8060 -1.3836 0.2164 0.2037 0.1846
v 30.9357 -10.6182 -1.4481 0.3073 0.2893 0.2621
v 31.5636 -10.3834 -1.5787 0.3513 0.3306 0.2996
v 31.3344 -10.0270 -1.5500 0.4799 0.4517 0.4093
v 30.5994 -10.0981 -1.4716 0.3768 0.3546 0.3214
v 30.1857 -10.2288 -1.4206 0.4871 0.4585 0.4155
v 29.7162 -10.4633 -1.3134 0.2750 0.2588 0.2345
v 30.2387 -10.6676 -1.4190 0.1095 0.1031 0.0934
v 30.7505 -10.9365 -1.4773 0.1735 0.1633 0.1480
v 31.2170 -10.6520 -1.5431 0.2783 0.2619 0.2374
v 31.8817 -10.4771 -1.7367 0.2982 0.2982 0.3053
v 31.8279 -9.9451 -1.7307 0.4194 0.4194 0.4294
v 30.7378 -9.9923 -1.6288 0.4517 0.4517 0.4624
v 30.0840 -10.0852 -1.5195 0.4308 0.4308 0.4411
v 29.1432 -10.3551 -1.3224 0.0830 0.0830 0.0850
v 29.9903 -10.6950 -1.4942 0.0300 0.0300 0.0300
v 30.4994 -11.2756 -1.5364 0.0520 0.0520 0.0533
v 31.3531 -10.8313 -1.6718 0.0658 0.0658 0.0673
v 29.1551 -11.5035 -0.9795 0.4466 0.4203 0.3809
v 29.4762 -11.4620 -1.0751 0.3472 0.3268 0.2962
v 29.3431 -11.3924 -1.0409 0.4763 0.4483 0.4063
v 29.1693 -11.3200 -1.0249 0.3841 0.3616 0.3277
v 28.9148 -11.3626 -0.9100 0.3817 0.3592 0.3256
v 28.9079 -11.4882 -0.8970 0.3832 0.3606 0.3268
v 29.0296 -11.5737 -0.9488 0.3249 0.3058 0.2771
v 29.2271 -11.6046 -0.9707 0.3184 0.2997 0.2716
v 29.3869 -11.5477 -1.0368 0.4348 0.4093 0.3709
v 29.6981 -11.4522 -1.1598 0.3550 0.3342 0.3028
v 29.4820 -11.3127 -1.1066 0.4400 0.4141 0.3753
v 29.1395 -11.1676 -1.0473 0.4894 0.4606 0.4174
v 28.6926 -11.2747 -0.8867 0.4264 0.4013 0.3637
v 28.6113 -11.5014 -0.8530 0.3576 0.3366 0.3050
v 28.8788 -11.6602 -0.9209 0.2515 0.2367 0.2145
v 29.2468 -11.7058 -1.0281 0.2305 0.2169 0.1966
v 29.5924 -11.6289 -1.1263 0.3636 0.3422 0.3102
v 29.9931 -11.5383 -1.2839 0.4093 0.3852 0.3491
v 29.7681 -11.2825 -1.2452 0.5683 0.5349 0.4848
v 29.3726 -10.9891 -1.2112 0.5526 0.5201 0.4714
v 28.5212 -11.0200 -0.9720 0.4558 0.4290 0.3888
v 28.2891 -11.4016 -0.8692 0.2746 0.2585 0.2342
v 28.5345 -11.7005 -0.8796 0.1517 0.1428 0.1294
v 29.0768 -11.8252 -1.0444 0.1533 0.1443 0.1308
v 29.6137 -11.7511 -1.1660 0.2468 0.2322 0.2105
v 30.3819 -11.4447 -1.4981 0.3398 0.3398 0.3478
v 29.9132 -11.0973 -1.4403 0.4913 0.4913 0.5030
v 29.1237 -10.7862 -1.2977 0.4918 0.4918 0.5035
v 28.1290 -11.0160 -0.9879 0.4239 0.4239 0.4339
v 27.7045 -11.5127 -0.7887 0.0963 0.0963 0.0986
v 28.5004 -11.8458 -1.0062 0.0343 0.0343 0.0351
v 29.2647 -12.0464 -1.1921 0.0428 0.0428 0.0439
v 30.0770 -11.8497 -1.3994 0.2326 0.2326 0.2382
v 53.8222 -19.9405 0.8029 0.3645 0.3430 0.3109
v 54.5254 -19.9785 0.7690 0.3209 0.3020 0.2737
v 54.3307 -19.8022 0.7881 0.3963 0.3729 0.3380
v 53.9629 -19.7655 0.7661 0.4234 0.3984 0.3611
v 53.6344 -19.8417 0.8117 0.3903 0.3673 0.3329
v 53.3939 -20.0249 0.8150 0.2768 0.2605 0.2361
v 53.7125 -20.1720 0.8145 0.2245 0.2113 0.1915
v 54.0466 -20.2940 0.8289 0.2333 0.2196 0.1990
v 54.3883 -20.1682 0.7813 0.2728 0.2568 0.2327
v 54.9870 -19.9781 0.6795 0.3323 0.3128 0.2835
v 54.6604 -19.6332 0.7301 0.3789 0.3566 0.3232
v 53.9613 -19.5487 0.6666 0.4585 0.4315 0.3911
v 53.1756 -19.6155 0.6922 0.4069 0.3829 0.3470
v 52.7205 -20.0284 0.7508 0.2492 0.2345 0.2125
v 53.4548 -20.3028 0.7609 0.1241 0.1168 0.1059
v 54.0529 -20.6174 0.6962 0.1594 0.1500 0.1359
v 54.6765 -20.3155 0.6856 0.2928 0.2756 0.2498
v 55.6658 -20.1097 0.5136 0.2986 0.2811 0.2547
v 55.2484 -19.5102 0.5455 0.4663 0.4389 0.3977
v 54.1882 -19.2601 0.5392 0.4429 0.4169 0.3778
v 53.1211 -19.4197 0.5752 0.4043 0.3805 0.3448
v 52.1792 -19.8801 0.5901 0.1938 0.1824 0.1653
v 52.9728 -20.4030 0.5944 0.0528 0.0497 0.0450
v 53.7686 -20.9098 0.5611 0.0945 0.0889 0.0806
v 54.9061 -20.5983 0.5349 0.1619 0.1524 0.1381
v 56.4666 -20.0682 0.2940 0.2836 0.2836 0.2903
v 55.7856 -19.1849 0.2941 0.4232 0.4232 0.4333
v 54.1054 -19.0126 0.3226 0.4532 0.4532 0.4640
v 52.5104 -19.1548 0.3473 0.3865 0.3865 0.3957
v 51.4966 -19.9308 0.3604 0.0672 0.0672 0.0688
v 52.5471 -20.6632 0.3573 0.0300 0.0300 0.0300
v 53.8666 -21.2503 0.3502 0.0300 0.0300 0.0300
v 55.4028 -20.7959 0.3155 0.0460 0.0460 0.0471
v 52.5612 -19.2346 0.7285 0.3920 0.3689 0.3343
v 53.1279 -19.2107 0.7084 0.3510 0.3303 0.2994
v 52.8820 -19.0813 0.6727 0.3983 0.3748 0.3397
v 52.5929 -19.0680 0.6813 0.3335 0.3139 0.2845
v 52.2903 -19.1005 0.7002 0.3772 0.3550 0.3217
v 52.1751 -19.2600 0.7356 0.2560 0.2410 0.2184
v 52.3662 -19.3970 0.7515 0.2129 0.2004 0.1816
v 52.6648 -19.4100 0.7390 0.3214 0.3025 0.2741
v 52.9471 -19.3649 0.6748 0.2741 0.2580 0.2338
v 53.5776 -19.1756 0.6153 0.3496 0.3290 0.2982
v 53.1587 -18.8951 0.6332 0.4054 0.3816 0.3458
v 52.5287 -18.8540 0.6671 0.4029 0.3792 0.3436
v 51.9920 -18.9930 0.6867 0.2814 0.2648 0.2400
v 51.6335 -19.3004 0.6398 0.2208 0.2078 0.1883
v 52.1182 -19.5650 0.6420 0.1168 0.1099 0.0996
v 52.7223 -19.5972 0.6485 0.1084 0.1020 0.0924
v 53.2893 -19.4895 0.6403 0.2678 0.2520 0.2284
v 54.0255 -19.1886 0.5227 0.3624 0.3410 0.3091
v 53.5296 -18.7228 0.5165 0.4904 0.4616 0.4183
v 52.5543 -18.7053 0.5470 0.3956 0.3724 0.3375
v 51.6136 -18.7981 0.5522 0.3989 0.3755 0.3403
v 51.1209 -19.2883 0.5542 0.1945 0.1830 0.1659
v 51.7837 -19.7181 0.5561 0.1114 0.1048 0.0950
v 52.7072 -19.8025 0.5242 0.0669 0.0630 0.0571
v 53.5322 -19.6271 0.5487 0.1654 0.1557 0.1411
v 54.8932 -19.3260 0.3070 0.2996 0.2996 0.3067
v 53.9865 -18.6619 0.3254 0.4690 0.4690 0.4801
v 52.7607 -18.4109 0.3422 0.4519 0.4519 0.4626
v 51.3980 -18.5203 0.3525 0.3835 0.3835 0.3927
v 50.5531 -19.1546 0.3596 0.0613 0.0613 0.0627
v 51.2797 -19.8072 0.3602 0.0300 0.0300 0.0300
v 52.4957 -20.0636 0.3534 0.0300 0.0300 0.0300
v 53.7452 -19.8867 0.3329 0.0300 0.0300 0.0300
v 55.2539 -20.7231 0.6681 0.3378 0.3179 0.2881
v 55.8398 -20.8334 0.6341 0.3105 0.2922 0.2648
v 55.6197 -20.6775 0.6274 0.3624 0.3411 0.3091
v 55.2969 -20.5946 0.6847 0.3535 0.3327 0.3015
v 55.0672 -20.7151 0.6371 0.3295 0.3101 0.2811
v 54.7714 -20.7950 0.6329 0.3027 0.2849 0.2582
v 54.8687 -20.9562 0.6640 0.2292 0.2157 0.1955
v 55.2317 -20.9420 0.6589 0.2400 0.2259 0.2047
v 55.5611 -20.9698 0.6350 0.2777 0.2614 0.2369
v 56.3819 -20.7733 0.5942 0.3663 0.3447 0.3124
v 55.9056 -20.4791 0.5798 0.3422 0.3221 0.2919
v 55.1855 -20.4252 0.5743 0.4106 0.3865 0.3502
v 54.7512 -20.6242 0.5978 0.3238 0.3047 0.2762
v 54.2854 -20.8463 0.6203 0.2562 0.2411 0.2185
v 54.5316 -21.1842 0.6385 0.1961 0.1845 0.1672
v 55.3016 -21.0632 0.6103 0.1438 0.1353 0.1227
v 55.9731 -21.0799 0.6194 0.2007 0.1889 0.1711
v 56.8534 -20.7192 0.4890 0.3217 0.3028 0.2744
v 56.2386 -20.2502 0.4557 0.3669 0.3453 0.3129
v 55.0470 -20.1273 0.4710 0.3904 0.3674 0.3330
v 54.5257 -20.5682 0.5029 0.3302 0.3107 0.2816
v 53.9319 -20.8898 0.5230 0.2485 0.2339 0.2120
v 54.3588 -21.3259 0.5250 0.0785 0.0739 0.0669
v 55.3772 -21.2100 0.5188 0.1105 0.1040 0.0942
v 56.2363 -21.1403 0.4821 0.1625 0.1529 0.1386
v 57.6455 -20.7591 0.3093 0.3097 0.3097 0.3171
v 56.7921 -20.0681 0.2917 0.4307 0.4307 0.4410
v 55.1393 -19.8118 0.3063 0.3996 0.3996 0.4091
v 54.1959 -20.3937 0.3285 0.3353 0.3353 0.3433
v 53.1583 -20.8593 0.3537 0.0817 0.0817 0.0836
v 53.7122 -21.5605 0.3588 0.0365 0.0365 0.0373
v 55.3280 -21.4301 0.3382 0.0300 0.0300 0.0300
v 56.7761 -21.4129 0.3339 0.1640 0.1640 0.1679
v 54.7820 -19.3439 0.6061 0.3415 0.3214 0.2913
v 54.9464 -19.3208 0.5596 0.3584 0.3373 0.3057
v 55.0083 -19.1852 0.5878 0.3865 0.3638 0.3297
v 54.7269 -19.1575 0.5966 0.3908 0.3678 0.3334
v 54.5282 -19.2196 0.6210 0.3304 0.3110 0.2818
v 54.3854 -19.3102 0.6310 0.2155 0.2029 0.1838
v 54.5370 -19.3953 0.5963 0.1877 0.1767 0.1601
v 54.6977 -19.5156 0.6094 0.2804 0.2639 0.2392
v 54.9515 -19.4404 0.5807 0.3400 0.3200 0.2900
v 55.2050 -19.3512 0.5315 0.3507 0.3301 0.2992
v 55.3016 -19.1056 0.5292 0.3337 0.3140 0.2846
v 54.7953 -19.0491 0.5385 0.4417 0.4157 0.3767
v 54.3890 -19.1059 0.5407 0.4069 0.3830 0.3471
v 54.0907 -19.2723 0.5593 0.2513 0.2365 0.2144
v 54.3129 -19.4603 0.5384 0.1096 0.1031 0.0935
v 54.5919 -19.7172 0.5548 0.1580 0.1487 0.1348
v 55.2067 -19.6358 0.5229 0.3211 0.3022 0.2739
v 55.4841 -19.3762 0.4406 0.3871 0.3643 0.3301
v 55.6259 -18.9986 0.4361 0.4118 0.3876 0.3513
v 54.8455 -18.9219 0.4714 0.4630 0.4358 0.3949
v 54.1773 -18.9585 0.4746 0.4012 0.3776 0.3422
v 53.6986 -19.2377 0.4954 0.2176 0.2048 0.1856
v 54.0653 -19.5425 0.4700 0.0870 0.0819 0.0742
v 54.5140 -19.9154 0.4648 0.0920 0.0866 0.0785
v 55.3135 -19.7164 0.4623 0.2674 0.2517 0.2281
v 55.9005 -19.2785 0.2922 0.3510 0.3510 0.3593
v 56.0025 -18.6070 0.3006 0.3562 0.3562 0.3646
v 54.6311 -18.7142 0.3150 0.4185 0.4185 0.4284
v 53.6830 -18.8812 0.3303 0.3795 0.3795 0.3885
v 53.2465 -19.3633 0.3386 0.0631 0.0631 0.0646
v 53.9505 -19.7367 0.3277 0.0300 0.0300 0.0300
v 54.8175 -20.0707 0.3145 0.0300 0.0300 0.0300
v 56.1024 -19.9027 0.2949 0.1980 0.1980 0.2027
v 53.1794 -20.6411 0.6621 0.3188 0.3000 0.2719
v 53.4010 -20.5519 0.6372 0.3151 0.2965 0.2687
v 53.2494 -20.4877 0.6418 0.4439 0.4178 0.3786
v 53.0562 -20.4092 0.6633 0.2898 0.2727 0.2471
v 52.8933 -20.5013 0.6374 0.2888 0.2718 0.2463
v 52.7538 -20.6054 0.6399 0.2431 0.2288 0.2073
v 52.9437 -20.6923 0.6409 0.1788 0.1683 0.1525
v 53.1648 -20.6982 0.6532 0.2059 0.1938 0.1756
v 53.4451 -20.6824 0.6175 0.3332 0.3136 0.2842
v 53.6054 -20.5640 0.5723 0.3878 0.3650 0.3307
v 53.4402 -20.4088 0.6041 0.4546 0.4279 0.3878
v 53.0879 -20.2839 0.5850 0.4834 0.4550 0.4123
v 52.7131 -20.4030 0.6286 0.3231 0.3041 0.2756
v 52.4373 -20.5910 0.6240 0.2429 0.2286 0.2072
v 52.7451 -20.7686 0.6103 0.1463 0.1377 0.1248
v 53.1453 -20.8279 0.5891 0.1301 0.1224 0.1109
v 53.6307 -20.7927 0.5790 0.2311 0.2175 0.1971
v 53.9779 -20.5795 0.4889 0.3723 0.3504 0.3175
v 53.6162 -20.3469 0.5045 0.4652 0.4379 0.3968
v 53.1284 -20.1407 0.5077 0.4193 0.3946 0.3576
v 52.5526 -20.3043 0.4991 0.4450 0.4188 0.3795
v 52.0678 -20.5701 0.5186 0.2267 0.2134 0.1934
v 52.4776 -20.8695 0.5143 0.0627 0.0591 0.0535
v 53.1086 -21.0239 0.5004 0.0913 0.0859 0.0778
v 53.8696 -20.9347 0.5033 0.2775 0.2612 0.2367
v 54.2487 -20.6058 0.3293 0.4126 0.4126 0.4224
v 53.9812 -20.2150 0.3310 0.4715 0.4715 0.4827
v 53.2073 -19.8551 0.3430 0.4289 0.4289 0.4392
v 52.4056 -20.2001 0.3554 0.3737 0.3737 0.3826
v 51.5539 -20.5329 0.3640 0.0725 0.0725 0.0742
v 52.1957 -20.9607 0.3647 0.0300 0.0300 0.0300
v 53.0490 -21.1412 0.3595 0.0300 0.0300 0.0300
v 54.2962 -21.1948 0.3427 0.0532 0.0532 0.0545
v -28.1353 24.0387 1.7368 0.3631 0.3417 0.3097
v -27.4676 24.0177 1.6734 0.3173 0.2987 0.2707
v -27.6674 24.1955 1.6528 0.3370 0.3172 0.2874
v -28.0238 24.1917 1.7583 0.3882 0.3653 0.3311
v -28.3472 24.1579 1.7537 0.3459 0.3256 0.2951
v -28.4515 23.9850 1.8058 0.2848 0.2681 0.2430
v -28.1949 23.8854 1.7595 0.2388 0.2248 0.2037
v -27.9645 23.7135 1.6984 0.3061 0.2881 0.2611
v -27.6621 23.8464 1.6575 0.2934 0.2761 0.2502
v -26.9243 24.0396 1.4862 0.3049 0.2869 0.2600
v -27.3327 24.3979 1.5240 0.4403 0.4144 0.3756
v -28.0531 24.3857 1.6663 0.4938 0.4647 0.4211
v -28.7102 24.3184 1.7140 0.3667 0.3451 0.3128
v -28.9751 23.9641 1.7766 0.2030 0.1911 0.1731
v -28.3899 23.7675 1.6933 0.1154 0.1086 0.0984
v -27.9274 23.4728 1.6399 0.2288 0.2153 0.1951
v -27.3666 23.7161 1.6055 0.3044 0.2865 0.2596
v -26.4338 24.0244 1.2992 0.3763 0.3542 0.3210
v -26.8532 24.6297 1.3603 0.5100 0.4800 0.4350
v -28.0299 24.5132 1.5386 0.5163 0.4859 0.4404
v -28.9698 24.4721 1.6543 0.3515 0.3308 0.2998
v -29.4865 23.9769 1.7118 0.1880 0.1769 0.1603
v -28.5967 23.6723 1.6048 0.0731 0.0688 0.0624
v -27.9474 23.0972 1.5787 0.1890 0.1779 0.1612
v -27.0981 23.5610 1.4558 0.2355 0.2217 0.2009
v -25.2855 24.0539 0.9411 0.3171 0.3171 0.3246
v -26.3941 24.8966 1.0630 0.4478 0.4478 0.4585
v -28.0635 24.8549 1.3114 0.4525 0.4525 0.4632
v -29.4968 24.7166 1.4819 0.4001 0.4001 0.4096
v -30.1251 23.9578 1.5311 0.0626 0.0626 0.0641
v -29.0026 23.4403 1.4530 0.0300 0.0300 0.0300
v -27.9122 22.8173 1.3524 0.0300 0.0300 0.0300
v -26.7305 23.3922 1.2012 0.1850 0.1850 0.1894
v -28.9800 25.1024 1.7047 0.3792 0.3569 0.3235
v -28.4811 25.0632 1.6751 0.3831 0.3605 0.3267
v -28.6116 25.1888 1.6654 0.4088 0.3848 0.3487
v -28.8500 25.3023 1.6626 0.3930 0.3699 0.3352
v -29.0382 25.1624 1.7044 0.4547 0.4279 0.3878
v -29.2768 25.0753 1.7716 0.3729 0.3509 0.3180
v -29.0947 24.9595 1.6963 0.3262 0.3070 0.2782
v -28.8759 24.8703 1.7133 0.2590 0.2438 0.2209
v -28.5614 24.9070 1.6924 0.2708 0.2549 0.2310
v -27.9974 25.1239 1.5205 0.4839 0.4554 0.4127
v -28.4622 25.3298 1.5776 0.4177 0.3931 0.3563
v -28.9716 25.5013 1.6457 0.4016 0.3780 0.3425
v -29.2910 25.2363 1.6658 0.3804 0.3581 0.3245
v -29.6922 25.0166 1.7239 0.3047 0.2868 0.2599
v -29.2473 24.8202 1.7302 0.2231 0.2100 0.1903
v -28.7503 24.6126 1.6798 0.2466 0.2321 0.2103
v -28.2362 24.8231 1.6120 0.3009 0.2832 0.2567
v -27.7069 24.9732 1.4117 0.4142 0.3898 0.3533
v -28.0413 25.3668 1.4275 0.5429 0.5109 0.4630
v -28.6714 25.6602 1.4887 0.3896 0.3667 0.3323
v -29.2713 25.3552 1.5908 0.3152 0.2967 0.2689
v -30.3030 25.1882 1.6824 0.2208 0.2078 0.1883
v -29.6581 24.7816 1.6574 0.0922 0.0868 0.0787
v -29.0876 24.3824 1.6220 0.1520 0.1431 0.1297
v -28.0620 24.5058 1.5083 0.2608 0.2454 0.2224
v -26.8216 25.1398 1.1122 0.3665 0.3665 0.3752
v -27.8080 25.6800 1.2169 0.4497 0.4497 0.4604
v -28.9887 25.9847 1.3377 0.4422 0.4422 0.4527
v -29.6644 25.4207 1.4501 0.3794 0.3794 0.3885
v -30.9237 24.9977 1.5672 0.0712 0.0712 0.0728
v -29.7620 24.5494 1.5120 0.0300 0.0300 0.0300
v -28.7351 24.1235 1.4254 0.0300 0.0300 0.0300
v -27.4810 24.4614 1.2537 0.1916 0.1916 0.1962
v -27.1527 22.8777 1.5704 0.3332 0.3136 0.2842
v -26.9704 22.9428 1.5528 0.2918 0.2746 0.2489
v -27.0018 23.0668 1.5619 0.4144 0.3900 0.3535
v -27.2900 23.0861 1.5436 0.4160 0.3915 0.3548
v -27.4838 23.0103 1.6035 0.3459 0.3256 0.2950
v -27.6584 22.9055 1.5999 0.2619 0.2465 0.2234
v -27.4691 22.8015 1.5899 0.2326 0.2189 0.1984
v -27.1875 22.7122 1.5339 0.2299 0.2164 0.1961
v -27.0110 22.8458 1.5398 0.3204 0.3016 0.2733
v -26.6783 22.8874 1.4656 0.3413 0.3212 0.2911
v -26.6405 23.1229 1.4395 0.4258 0.4008 0.3632
v -27.1381 23.2292 1.4936 0.4498 0.4233 0.3836
v -27.5907 23.1389 1.5776 0.3208 0.3020 0.2736
v -28.0923 22.9879 1.6383 0.2644 0.2489 0.2255
v -27.9302 22.7078 1.5834 0.1680 0.1581 0.1433
v -27.3875 22.5365 1.5448 0.1974 0.1858 0.1684
v -26.9132 22.7232 1.5048 0.2497 0.2350 0.2130
v -26.3453 22.9791 1.3062 0.3859 0.3632 0.3292
v -26.4567 23.3820 1.2921 0.4903 0.4614 0.4182
v -27.3818 23.3969 1.4288 0.4012 0.3776 0.3422
v -27.9194 23.1589 1.5005 0.4024 0.3787 0.3432
v -28.5005 22.8564 1.5316 0.2587 0.2435 0.2206
v -27.9317 22.5339 1.4904 0.1076 0.1012 0.0918
v -27.0802 22.3502 1.4045 0.1767 0.1663 0.1507
v -26.5556 22.6904 1.3477 0.2370 0.2231 0.2022
v -25.9696 22.9273 1.1056 0.3611 0.3611 0.3697
v -25.9841 23.4880 1.0797 0.4380 0.4380 0.4484
v -27.2453 23.6154 1.2604 0.4586 0.4586 0.4695
v -28.2448 23.3722 1.3931 0.3837 0.3837 0.3929
v -29.0246 22.9285 1.4330 0.0733 0.0733 0.0751
v -28.4843 22.3787 1.3605 0.0300 0.0300 0.0300
v -27.2485 21.9795 1.2781 0.0431 0.0431 0.0441
v -26.1808 22.4533 1.1533 0.2696 0.2696 0.2760
v -27.2100 24.3021 1.4626 0.3771 0.3549 0.3217
v -27.0078 24.3429 1.4306 0.3381 0.3182 0.2884
v -27.0145 24.4406 1.4198 0.3795 0.3572 0.3237
v -27.2284 24.5018 1.4237 0.3717 0.3498 0.3170
v -27.4607 24.4392 1.4661 0.3747 0.3527 0.3196
v -27.4737 24.3178 1.5168 0.3176 0.2989 0.2709
v -27.4132 24.1970 1.4820 0.2600 0.2447 0.2217
v -27.1626 24.2086 1.4334 0.2589 0.2437 0.2208
v -26.9207 24.2271 1.4113 0.2663 0.2506 0.2271
v -26.7793 24.3059 1.3501 0.3425 0.3224 0.2922
v -26.7733 24.4888 1.3637 0.3775 0.3553 0.3220
v -27.0918 24.6908 1.3669 0.4836 0.4551 0.4125
v -27.6359 24.6194 1.4840 0.3233 0.3043 0.2757
v -27.6980 24.3667 1.4779 0.3010 0.2833 0.2567
v -27.7377 24.1289 1.5132 0.2383 0.2242 0.2032
v -27.2693 24.0474 1.4462 0.2029 0.1910 0.1731
v -26.7824 24.0707 1.3510 0.3848 0.3621 0.3282
v -26.6248 24.3549 1.2672 0.4083 0.3843 0.3483
v -26.6573 24.6388 1.2583 0.5052 0.4755 0.4309
v -27.2716 24.8380 1.3209 0.4764 0.4484 0.4063
v -27.9317 24.6432 1.4287 0.2979 0.2804 0.2541
v -28.0297 24.3008 1.4658 0.3089 0.2907 0.2634
v -27.9952 23.8717 1.4685 0.1934 0.1820 0.1649
v -27.1281 23.9443 1.3532 0.1288 0.1213 0.1099
v -26.3888 23.9977 1.2475 0.2762 0.2599 0.2356
v -26.3241 24.3282 1.0863 0.4556 0.4556 0.4665
v -26.3090 24.7550 1.0585 0.4392 0.4392 0.4496
v -27.1742 25.0204 1.1713 0.4723 0.4723 0.4836
v -28.2129 24.8456 1.3311 0.3723 0.3723 0.3811
v -28.3143 24.3395 1.3765 0.0697 0.0697 0.0714
v -28.3832 23.7623 1.3960 0.0476 0.0476 0.0487
v -27.2046 23.7365 1.2493 0.0306 0.0306 0.0313
v -25.9889 23.7307 1.0669 0.2672 0.2672 0.2736
v -29.0390 23.8239 1.7015 0.3096 0.2914 0.2640
v -28.6564 23.8129 1.6631 0.3300 0.3106 0.2815
v -28.6604 23.9349 1.6738 0.3210 0.3021 0.2738
v -28.9177 23.9547 1.7186 0.3923 0.3693 0.3346
v -29.2076 23.9446 1.7367 0.2518 0.2370 0.2148
v -29.2584 23.8057 1.7261 0.2262 0.2129 0.1930
v -29.0713 23.7291 1.6850 0.2259 0.2126 0.1927
v -28.9020 23.6615 1.6921 0.2158 0.2031 0.1840
v -28.6135 23.6757 1.6918 0.3167 0.2981 0.2702
v -28.3978 23.8306 1.6188 0.3897 0.3668 0.3324
v -28.4237 24.0845 1.5998 0.4486 0.4222 0.3826
v -28.9593 24.0858 1.6766 0.4912 0.4623 0.4190
v -29.5381 24.0621 1.7235 0.3012 0.2835 0.2569
v -29.6448 23.7801 1.7298 0.2111 0.1986 0.1800
v -29.2030 23.6443 1.6714 0.1512 0.1423 0.1290
v -28.8605 23.5335 1.6701 0.2093 0.1970 0.1785
v -28.3345 23.5788 1.6089 0.2332 0.2195 0.1989
v -28.1261 23.8534 1.5144 0.3673 0.3457 0.3132
v -28.2476 24.2085 1.4981 0.4587 0.4317 0.3913
v -29.0138 24.2344 1.5774 0.3865 0.3637 0.3296
v -29.8024 24.1462 1.6423 0.4339 0.4083 0.3701
v -30.1605 23.7405 1.6610 0.1935 0.1821 0.1650
v -29.3087 23.5699 1.6008 0.0575 0.0541 0.0490
v -28.8016 23.3672 1.5748 0.1100 0.1036 0.0939
v -27.9378 23.4436 1.4762 0.2634 0.2479 0.2247
v -27.7438 23.7856 1.3200 0.4107 0.4107 0.4205
v -27.7663 24.3088 1.3039 0.4333 0.4333 0.4436
v -28.8439 24.5290 1.4250 0.4410 0.4410 0.4516
v -30.0116 24.3825 1.5401 0.3777 0.3777 0.3867
v -30.6447 23.8460 1.5522 0.0618 0.0618 0.0633
v -29.5728 23.5207 1.4919 0.0300 0.0300 0.0300
v -28.9701 23.1556 1.4506 0.0300 0.0300 0.0300
v -27.8278 23.2474 1.3503 0.0582 0.0582 0.0595
v 37.9931 -38.0663 0.8914 0.2906 0.2735 0.2479
v 38.5935 -38.0274 0.9333 0.3429 0.3227 0.2924
v 38.2683 -37.8855 0.8516 0.3925 0.3694 0.3348
v 38.0398 -37.7742 0.9012 0.4260 0.4009 0.3633
v 37.7209 -37.8290 0.8729 0.2820 0.2654 0.2406
v 37.4058 -37.9726 0.8042 0.2059 0.1938 0.1756
v 37.7160 -38.1212 0.8167 0.1938 0.1824 0.1653
v 37.9640 -38.2043 0.9088 0.2738 0.2577 0.2335
v 38.3884 -38.2380 0.8663 0.3119 0.2936 0.2661
v 39.3853 -37.9938 0.9428 0.2836 0.2669 0.2419
v 38.5967 -37.6895 0.8028 0.3889 0.3660 0.3317
v 37.9930 -37.5924 0.7890 0.3891 0.3662 0.3319
v 37.2837 -37.6401 0.7735 0.3783 0.3560 0.3227
v 36.7692 -38.0055 0.7408 0.1721 0.1619 0.1468
v 37.4660 -38.2779 0.7687 0.1730 0.1628 0.1476
v 38.0083 -38.4868 0.8789 0.1267 0.1193 0.1081
v 38.8841 -38.4443 0.8799 0.2949 0.2776 0.2515
v 39.9779 -38.0448 0.8035 0.3085 0.2903 0.2631
v 38.9302 -37.5647 0.7195 0.4370 0.4113 0.3727
v 38.0531 -37.3878 0.6536 0.4672 0.4397 0.3985
v 37.1138 -37.5048 0.5800 0.3485 0.3280 0.2973
v 36.3286 -37.9621 0.5444 0.2088 0.1965 0.1781
v 37.1233 -38.4103 0.6440 0.0653 0.0615 0.0557
v 37.9443 -38.6427 0.7140 0.0762 0.0717 0.0650
v 39.1248 -38.6286 0.8022 0.2214 0.2084 0.1888
v 40.5675 -38.1345 0.6518 0.3418 0.3418 0.3500
v 39.4428 -37.3993 0.5370 0.4682 0.4682 0.4793
v 38.2030 -36.9867 0.4203 0.4269 0.4269 0.4370
v 36.5718 -37.1029 0.2905 0.3622 0.3622 0.3708
v 35.4430 -37.8660 0.2774 0.0640 0.0640 0.0655
v 36.7901 -38.5037 0.4208 0.0300 0.0300 0.0300
v 37.8088 -38.9542 0.5138 0.0300 0.0300 0.0300
v 39.8229 -39.1450 0.6621 0.0459 0.0459 0.0470
v 37.1916 -36.7696 0.6729 0.3029 0.2850 0.2583
v 37.5854 -36.7672 0.7023 0.3451 0.3248 0.2943
v 37.5678 -36.5875 0.7025 0.3082 0.2901 0.2629
v 37.2254 -36.5207 0.6307 0.2996 0.2820 0.2555
v 36.9719 -36.6159 0.6369 0.2757 0.2595 0.2352
v 36.7190 -36.7163 0.5797 0.2046 0.1925 0.1745
v 36.8566 -36.8675 0.6056 0.2023 0.1904 0.1725
v 37.1262 -36.9409 0.6576 0.1864 0.1755 0.1590
v 37.3495 -36.8545 0.7048 0.1812 0.1705 0.1545
v 38.1062 -36.7654 0.7219 0.2635 0.2480 0.2247
v 37.8512 -36.4358 0.6599 0.4561 0.4293 0.3890
v 37.2161 -36.2960 0.5952 0.3553 0.3344 0.3030
v 36.7357 -36.5028 0.5569 0.3205 0.3017 0.2734
v 36.1850 -36.7192 0.5425 0.1818 0.1711 0.1550
v 36.5612 -37.0200 0.5689 0.1897 0.1785 0.1618
v 37.1357 -37.1289 0.6413 0.1927 0.1814 0.1644
v 37.5361 -36.9424 0.6140 0.1411 0.1328 0.1204
v 38.4967 -36.8033 0.6276 0.3013 0.2836 0.2570
v 38.2470 -36.2970 0.5919 0.3906 0.3676 0.3332
v 37.2766 -36.1774 0.4735 0.3756 0.3535 0.3204
v 36.4959 -36.3374 0.4263 0.3922 0.3691 0.3345
v 35.8925 -36.6846 0.3982 0.2185 0.2057 0.1864
v 36.2618 -37.1213 0.4350 0.0651 0.0612 0.0555
v 37.0584 -37.3680 0.5457 0.1238 0.1165 0.1056
v 37.7051 -37.0618 0.5614 0.1363 0.1283 0.1162
v 39.2129 -36.6392 0.4984 0.1872 0.1872 0.1917
v 38.4232 -35.9778 0.4108 0.4192 0.4192 0.4292
v 36.9983 -35.8889 0.2565 0.3912 0.3912 0.4005
v 35.9816 -36.2588 0.1772 0.3441 0.3441 0.3523
v 35.2473 -36.8409 0.1591 0.0676 0.0676 0.0692
v 36.0752 -37.4148 0.2788 0.0300 0.0300 0.0300
v 37.3636 -37.6751 0.3911 0.0349 0.0349 0.0357
v 38.1222 -37.1287 0.4199 0.1655 0.1655 0.1695
v 38.6884 -39.2618 0.9134 0.2946 0.2773 0.2513
v 39.1988 -39.2639 0.9495 0.3108 0.2925 0.2651
v 39.0056 -39.1347 0.9433 0.3229 0.3039 0.2754
v 38.7314 -39.1028 0.9073 0.3166 0.2979 0.2700
v 38.3973 -39.0898 0.8757 0.2607 0.2453 0.2223
v 38.3640 -39.2365 0.8737 0.2667 0.2510 0.2275
v 38.3331 -39.3892 0.8988 0.2636 0.2481 0.2249
v 38.6799 -39.4063 0.8888 0.2207 0.2078 0.1883
v 38.9582 -39.3761 0.9213 0.1969 0.1853 0.1679
v 39.7296 -39.2521 0.8993 0.3568 0.3358 0.3044
v 39.3489 -38.9709 0.8506 0.4686 0.4411 0.3997
v 38.7133 -38.9511 0.8301 0.3781 0.3558 0.3225
v 38.0148 -38.9376 0.7600 0.3747 0.3526 0.3196
v 37.8801 -39.2443 0.7767 0.2482 0.2336 0.2117
v 38.0025 -39.5514 0.8211 0.2294 0.2159 0.1956
v 38.7002 -39.5454 0.8864 0.1635 0.1539 0.1395
v 39.2371 -39.4855 0.9223 0.1921 0.1808 0.1639
v 40.1273 -39.3191 0.8627 0.3220 0.3031 0.2747
v 39.6896 -38.9043 0.8123 0.4764 0.4484 0.4063
v 38.8154 -38.8301 0.7404 0.5283 0.4972 0.4506
v 37.8275 -38.7615 0.6658 0.3916 0.3686 0.3340
v 37.5359 -39.1890 0.6896 0.2157 0.2030 0.1840
v 37.4699 -39.6800 0.7446 0.1672 0.1574 0.1426
v 38.5815 -39.7297 0.7830 0.0828 0.0780 0.0706
v 39.4335 -39.6497 0.8348 0.1447 0.1362 0.1235
v 41.0985 -39.0971 0.7776 0.2692 0.2692 0.2756
v 39.7236 -38.6512 0.6185 0.4376 0.4376 0.4480
v 38.5268 -38.6956 0.5358 0.4475 0.4475 0.4582
v 36.7843 -38.6145 0.4310 0.3808 0.3808 0.3899
v 37.1922 -39.3432 0.5185 0.0544 0.0544 0.0557
v 37.3095 -40.0676 0.6082 0.0342 0.0342 0.0351
v 38.9121 -39.8775 0.6708 0.0300 0.0300 0.0300
v 40.1782 -39.7325 0.7552 0.1210 0.1210 0.1239
v 38.8967 -37.6857 0.7813 0.3170 0.2983 0.2703
v 39.2450 -37.7084 0.8023 0.3236 0.3046 0.2760
v 39.0895 -37.6167 0.7805 0.4025 0.3788 0.3433
v 38.8561 -37.5466 0.7766 0.3067 0.2887 0.2616
v 38.6632 -37.6422 0.7703 0.2965 0.2790 0.2529
v 38.6541 -37.7503 0.7682 0.2751 0.2589 0.2346
v 38.6577 -37.8976 0.7731 0.2275 0.2141 0.1941
v 38.9614 -37.8950 0.7625 0.2032 0.1912 0.1733
v 39.2010 -37.8362 0.8061 0.2499 0.2352 0.2131
v 39.5771 -37.7136 0.7883 0.3958 0.3725 0.3376
v 39.2900 -37.5268 0.7541 0.3774 0.3552 0.3219
v 38.8681 -37.3583 0.7247 0.4142 0.3899 0.3533
v 38.4697 -37.5409 0.6856 0.3021 0.2844 0.2577
v 38.4080 -37.7460 0.7034 0.1994 0.1877 0.1701
v 38.3947 -38.0131 0.6884 0.1510 0.1422 0.1288
v 38.9474 -38.0312 0.7552 0.1422 0.1338 0.1213
v 39.4953 -37.9840 0.7619 0.2513 0.2365 0.2143
v 39.8643 -37.7814 0.7374 0.4009 0.3773 0.3419
v 39.6321 -37.4507 0.7004 0.4670 0.4396 0.3983
v 39.0481 -37.1170 0.6276 0.4602 0.4332 0.3926
v 38.3702 -37.4065 0.5810 0.2505 0.2358 0.2137
v 38.2077 -37.6955 0.5855 0.2136 0.2010 0.1822
v 37.9205 -38.1195 0.5943 0.1385 0.1304 0.1182
v 38.8163 -38.1657 0.6587 0.0737 0.0693 0.0628
v 39.6867 -38.1973 0.7101 0.1834 0.1726 0.1564
v 40.5806 -37.7543 0.6402 0.3186 0.3186 0.3262
v 39.9023 -37.2781 0.5704 0.4276 0.4276 0.4378
v 38.9582 -36.9225 0.4821 0.4319 0.4319 0.4422
v 38.0368 -37.2839 0.4201 0.3019 0.3019 0.3091
v 37.8413 -37.7177 0.4269 0.0627 0.0627 0.0642
v 37.6608 -38.3058 0.4521 0.0403 0.0403 0.0413
v 38.8739 -38.4044 0.5376 0.0300 0.0300 0.0300
v 40.0450 -38.3120 0.6213 0.1388 0.1388 0.1421
v 36.9842 -38.1435 0.6852 0.3543 0.3335 0.3022
v 37.4100 -38.1074 0.6899 0.3529 0.3321 0.3010
v 37.1953 -38.0121 0.6822 0.3717 0.3498 0.3170
v 37.0051 -37.9188 0.6930 0.3174 0.2987 0.2707
v 36.7247 -37.9673 0.6584 0.3347 0.3151 0.2855
v 36.7228 -38.0978 0.6757 0.2615 0.2461 0.2230
v 36.7884 -38.1927 0.6888 0.2145 0.2019 0.1829
v 36.9837 -38.2595 0.7061 0.2407 0.2266 0.2053
v 37.2511 -38.2302 0.6979 0.3560 0.3351 0.3037
v 37.7444 -38.0593 0.6716 0.3234 0.3043 0.2758
v 37.2896 -37.9244 0.6160 0.3912 0.3682 0.3337
v 36.8926 -37.7035 0.5830 0.3782 0.3559 0.3225
v 36.3895 -37.8778 0.5677 0.2256 0.2123 0.1924
v 36.5146 -38.1286 0.6234 0.1632 0.1536 0.1392
v 36.6997 -38.2776 0.6265 0.0663 0.0624 0.0566
v 37.0777 -38.4331 0.6836 0.1243 0.1169 0.1060
v 37.5474 -38.3068 0.6751 0.2344 0.2206 0.1999
v 38.3000 -38.1021 0.6171 0.4419 0.4159 0.3769
v 37.5580 -37.8362 0.5706 0.4817 0.4534 0.4109
v 36.9946 -37.5663 0.4926 0.4808 0.4525 0.4101
v 36.0852 -37.6730 0.4574 0.2771 0.2608 0.2364
v 36.3080 -38.1013 0.5105 0.1093 0.1028 0.0932
v 36.4821 -38.3421 0.5367 0.0763 0.0718 0.0651
v 36.9928 -38.5662 0.5903 0.0922 0.0868 0.0787
v 37.7167 -38.4428 0.6192 0.1922 0.1809 0.1640
v 38.6875 -38.2263 0.5118 0.3246 0.3246 0.3324
v 37.8867 -37.7947 0.4339 0.4986 0.4986 0.5105
v 37.2894 -37.2107 0.3562 0.4126 0.4126 0.4224
v 35.9288 -37.4142 0.2679 0.2927 0.2927 0.2997
v 35.8321 -38.0161 0.3177 0.0300 0.0300 0.0303
v 36.1396 -38.3951 0.3739 0.0300 0.0300 0.0300
v 36.7322 -38.8893 0.4546 0.0314 0.0314 0.0322
v 37.8975 -38.6851 0.4964 0.0458 0.0458 0.0469
vn 0.0639 -0.1963 0.9784
vn -0.2448 0.4224 0.8728
vn 0.1883 0.1830 0.9649
vn -0.1181 -0.1059 0.9873
vn -0.1273 -0.0085 0.9918
vn -0.1723 0.0177 0.9849
vn 0.1478 0.2283 0.9623
vn 0.0582 -0.0356 0.9977
vn 0.0377 0.0853 0.9956
vn 0.3185 -0.0647 0.9457
vn -0.0869 0.4665 0.8802
vn -0.2301 0.1445 0.9624
vn -0.0517 0.1727 0.9836
vn 0.0409 0.6737 0.7378
vn -0.2488 0.2711 0.9298
vn -0.1398 -0.0816 0.9868
vn -0.1301 -0.2163 0.9676
vn -0.2597 -0.1876 0.9473
vn -0.1487 -0.3312 0.9318
vn -0.2978 -0.4569 0.8382
vn 0.0869 -0.4337 0.8969
vn 0.1598 0.2033 0.9660
vn 0.0427 -0.0266 0.9987
vn 0.0437 -0.0289 0.9986
vn 0.2300 0.1071 0.9673
vn 0.1821 0.1308 0.9745
vn -0.1140 0.5972 0.7939
vn -0.1084 0.6177 0.7789
vn -0.1637 0.6180 0.7690
vn -0.1588 0.6350 0.7560
vn -0.3623 0.4327 0.8255
vn -0.3489 0.3793 0.8570
vn -0.3990 -0.2022 0.8944
vn -0.1411 -0.2255 0.9640
vn -0.1210 -0.2613 0.9576
vn -0.1388 -0.2836 0.9488
vn 0.0390 -0.3061 0.9512
vn 0.0392 -0.2889 0.9565
vn 0.2159 -0.0617 0.9745
vn 0.2224 -0.0713 0.9723
vn 0.2960 0.1363 0.9454
vn 0.3206 0.1199 0.9396
vn -0.0158 0.8516 0.5239
vn -0.1217 0.6601 0.7412
vn -0.1706 0.6691 0.7233
vn -0.1701 0.6703 0.7223
vn -0.3317 0.5812 0.7431
vn -0.3080 0.3724 0.8755
vn -0.4227 -0.1727 0.8897
vn -0.3824 -0.1893 0.9044
vn -0.2901 -0.4234 0.8583
vn -0.1403 -0.3255 0.9351
vn 0.0705 -0.4123 0.9083
vn 0.0723 -0.3979 0.9146
vn 0.3101 -0.2088 0.9275
vn 0.2553 -0.0813 0.9634
vn 0.0234 0.2357 0.9715
vn -0.0559 0.3944 0.9172
vn -0.2181 0.3077 0.9262
vn -0.1886 0.4830 0.8551
vn -0.0644 0.0591 0.9962
vn 0.0584 -0.0550 0.9968
vn -0.2192 -0.0892 0.9716
vn 0.0229 0.2312 0.9726
vn 0.1154 0.1642 0.9797
vn -0.0212 0.1589 0.9871
vn -0.0739 0.2323 0.9698
vn -0.1298 0.1883 0.9735
vn -0.0423 0.2021 0.9785
vn -0.0348 0.0951 0.9949
vn -0.0811 0.0049 0.9967
vn -0.2161 0.5044 0.8360
vn -0.2167 -0.1214 0.9687
vn -0.3020 -0.0828 0.9497
vn -0.1113 -0.3491 0.9305
vn 0.0553 -0.0160 0.9983
vn 0.0581 -0.0156 0.9982
vn -0.0166 -0.6154 0.7880
vn 0.2401 -0.2359 0.9417
vn 0.1147 0.1729 0.9782
vn 0.3346 0.5694 0.7509
vn 0.2877 0.5465 0.7865
vn 0.3254 0.4791 0.8152
vn -0.0503 0.2786 0.9591
vn -0.3838 0.3659 0.8478
vn -0.4669 0.5973 0.6521
vn -0.3325 0.6814 0.6520
vn -0.2532 0.2072 0.9449
vn -0.3083 -0.1616 0.9375
vn -0.2805 -0.1672 0.9452
vn -0.1601 -0.4864 0.8589
vn -0.1077 -0.4092 0.9060
vn 0.0809 -0.4553 0.8867
vn 0.1208 -0.2107 0.9700
vn 0.1817 -0.1447 0.9727
vn 0.1942 -0.1812 0.9641
vn 0.3491 0.4020 0.8465
vn 0.2129 0.4227 0.8809
vn 0.2390 0.3529 0.9046
vn 0.2145 0.3472 0.9129
vn -0.5402 0.7043 0.4605
vn -0.5104 0.4827 0.7116
vn -0.1908 0.6731 0.7145
vn -0.1866 0.3782 0.9067
vn -0.3173 -0.0706 0.9457
vn -0.2485 -0.1193 0.9613
vn -0.1261 -0.4713 0.8729
vn -0.1655 -0.5088 0.8448
vn 0.0339 -0.6388 0.7686
vn 0.0754 -0.4384 0.8956
vn 0.2606 -0.3291 0.9076
vn 0.2257 -0.1821 0.9570
vn -0.0799 0.0604 0.9950
vn -0.0790 0.0553 0.9953
vn -0.1257 0.1006 0.9870
vn -0.0665 0.1948 0.9786
vn 0.0217 -0.1248 0.9919
vn 0.0351 -0.1327 0.9905
vn -0.1922 -0.2360 0.9526
vn -0.0994 -0.0633 0.9930
vn 0.1106 0.2992 0.9478
vn 0.3050 0.1781 0.9356
vn 0.0799 0.5237 0.8482
vn 0.0409 0.4865 0.8727
vn -0.2556 0.4644 0.8479
vn -0.2678 0.3932 0.8796
vn -0.2898 0.3590 0.8872
vn -0.3035 0.5515 0.7770
vn -0.3542 -0.1880 0.9161
vn -0.1676 -0.2926 0.9414
vn -0.1383 -0.3402 0.9301
vn 0.0281 -0.1595 0.9868
vn -0.1252 -0.1615 0.9789
vn -0.1695 -0.3819 0.9085
vn 0.0506 0.0342 0.9981
vn 0.1159 -0.1578 0.9807
vn 0.1738 0.1867 0.9669
vn 0.0371 0.2447 0.9689
vn -0.0256 0.3852 0.9225
vn 0.0715 0.4913 0.8681
vn -0.2220 0.5431 0.8098
vn -0.2381 0.3966 0.8866
vn -0.3029 0.3189 0.8981
vn -0.3209 0.3966 0.8601
vn -0.3841 0.0065 0.9233
vn -0.2209 -0.0753 0.9724
vn -0.1246 -0.2980 0.9464
vn -0.1350 -0.3109 0.9408
vn -0.1046 -0.3188 0.9420
vn -0.1141 -0.3802 0.9179
vn 0.1726 -0.0313 0.9845
vn 0.1584 -0.0090 0.9873
vn -0.0368 0.3784 0.9249
vn 0.4034 0.2439 0.8819
vn 0.0163 0.6755 0.7372
vn 0.0761 0.7445 0.6632
vn -0.2395 0.6876 0.6855
vn -0.2488 0.6356 0.7308
vn -0.3993 0.4222 0.8138
vn -0.4066 0.4585 0.7902
vn -0.4263 -0.1050 0.8985
vn -0.5423 -0.0468 0.8389
vn -0.1569 -0.5874 0.7939
vn -0.1749 -0.6150 0.7688
vn -0.0363 -0.6055 0.7950
vn -0.0370 -0.6323 0.7738
vn 0.1502 -0.2917 0.9446
vn -0.0271 0.0850 0.9960
vn -0.0073 0.0966 0.9953
vn -0.0092 0.0984 0.9951
vn -0.0143 0.0965 0.9952
vn -0.1426 -0.1256 0.9818
vn -0.1101 0.1907 0.9755
vn -0.1247 0.2612 0.9572
vn 0.0497 0.1582 0.9862
vn -0.0071 0.0943 0.9955
vn 0.0211 0.1365 0.9904
vn 0.0231 0.1362 0.9904
vn -0.1094 0.2995 0.9478
vn 0.0487 0.4583 0.8874
vn -0.0123 0.4472 0.8944
vn -0.0105 0.4544 0.8908
vn -0.1501 0.1544 0.9765
vn -0.0299 -0.2062 0.9781
vn -0.0537 0.0801 0.9953
vn -0.1860 0.0593 0.9808
vn -0.0941 -0.0589 0.9938
vn -0.4792 -0.3341 0.8116
vn 0.1984 -0.1816 0.9631
vn 0.1985 -0.1987 0.9597
vn 0.1077 -0.3946 0.9125
vn 0.0330 -0.0008 0.9995
vn 0.1921 0.4193 0.8873
vn 0.2068 0.4248 0.8814
vn 0.0128 0.6308 0.7758
vn -0.0858 0.4408 0.8935
vn -0.0769 0.4420 0.8937
vn -0.0502 0.6035 0.7958
vn -0.2938 0.2436 0.9243
vn -0.3268 0.3374 0.8828
vn -0.2692 -0.5236 0.8083
vn -0.2703 -0.5245 0.8073
vn -0.3557 -0.4243 0.8328
vn -0.2164 -0.3131 0.9247
vn 0.2287 -0.2701 0.9353
vn 0.2179 -0.2122 0.9526
vn 0.1424 -0.3430 0.9285
vn 0.2002 -0.6209 0.7578
vn 0.3312 0.3371 0.8813
vn 0.1624 0.3818 0.9099
vn 0.0679 0.6835 0.7268
vn 0.0130 0.6335 0.7736
vn -0.0103 0.6474 0.7621
vn -0.0806 0.5202 0.8502
vn -0.3587 0.4006 0.8431
vn -0.3380 0.2799 0.8985
vn -0.5472 -0.6679 0.5045
vn -0.2925 -0.5969 0.7471
vn -0.3656 -0.4135 0.8339
vn -0.3474 -0.4087 0.8439
vn 0.2998 -0.8799 0.3687
vn 0.3633 -0.4383 0.8222
vn 0.1208 -0.5529 0.8244
vn 0.1159 -0.2818 0.9524
vn -0.0106 -0.1717 0.9851
vn -0.2279 0.5556 0.7996
vn -0.0028 0.4104 0.9119
vn -0.1527 0.1285 0.9799
vn -0.0250 -0.3022 0.9529
vn -0.1777 -0.2786 0.9438
vn -0.0036 -0.1268 0.9919
vn -0.0098 -0.1430 0.9897
vn 0.0663 0.1982 0.9779
vn 0.2090 0.0840 0.9743
vn 0.0729 0.5550 0.8286
vn -0.2747 0.2529 0.9277
vn -0.0612 0.0740 0.9954
vn 0.0239 0.2673 0.9633
vn -0.1532 0.1233 0.9805
vn -0.1538 0.1295 0.9796
vn -0.2660 -0.3908 0.8812
vn -0.0652 -0.4184 0.9059
vn -0.1805 -0.0238 0.9833
vn -0.1398 -0.0033 0.9902
vn -0.0244 -0.0853 0.9961
vn -0.0155 -0.0612 0.9980
vn -0.0300 -0.0715 0.9970
vn -0.0117 -0.1428 0.9897
vn 0.1399 0.3787 0.9149
vn 0.3682 0.3846 0.8465
vn -0.0077 0.5882 0.8087
vn 0.1134 0.7751 0.6216
vn -0.0170 0.7257 0.6878
vn 0.0818 0.9299 0.3587
vn -0.2895 0.1764 0.9408
vn -0.4055 0.4577 0.7912
vn -0.2165 -0.3460 0.9129
vn -0.2452 -0.3616 0.8995
vn -0.1833 -0.3963 0.8997
vn -0.3196 -0.5913 0.7405
vn 0.0499 -0.4186 0.9068
vn 0.0120 -0.7190 0.6949
vn 0.1996 -0.1261 0.9717
vn 0.2936 -0.2904 0.9108
vn 0.6063 0.1637 0.7782
vn 0.1705 0.4163 0.8931
vn 0.0675 0.7358 0.6738
vn -0.0030 0.6843 0.7292
vn 0.0146 0.6735 0.7390
vn -0.0282 0.6096 0.7922
vn -0.3681 0.5848 0.7229
vn -0.3083 0.1883 0.9325
vn -0.5181 -0.6307 0.5777
vn -0.3196 -0.5920 0.7399
vn -0.3193 -0.5928 0.7394
vn -0.2175 -0.5407 0.8126
vn 0.0064 -0.7464 0.6654
vn 0.0783 -0.5341 0.8418
vn 0.4990 -0.4484 0.7416
vn 0.4294 -0.2237 0.8750
vn 0.0561 -0.0714 0.9959
vn -0.0041 0.0376 0.9993
vn -0.1173 0.0152 0.9930
vn 0.0308 0.3440 0.9385
vn 0.0629 -0.3255 0.9435
vn -0.1116 -0.0027 0.9937
vn 0.0456 -0.0599 0.9972
vn 0.0615 -0.0458 0.9971
vn 0.2728 -0.0750 0.9591
vn 0.2646 -0.0665 0.9621
vn 0.1162 0.2227 0.9679
vn 0.0779 0.1996 0.9768
vn -0.0099 0.2102 0.9776
vn -0.0778 -0.1203 0.9897
vn -0.0273 -0.0460 0.9986
vn -0.1701 0.4455 0.8790
vn -0.2094 0.0001 0.9778
vn 0.1456 -0.2838 0.9478
vn 0.0428 -0.0859 0.9954
vn -0.1541 -0.2299 0.9609
vn 0.0932 -0.2581 0.9616
vn 0.0884 -0.2796 0.9560
vn 0.2537 -0.0421 0.9664
vn 0.2721 -0.0878 0.9583
vn 0.1767 0.1804 0.9676
vn 0.8478 -0.0519 0.5278
vn 0.1665 0.4548 0.8749
vn 0.2456 0.5761 0.7796
vn -0.0930 0.2979 0.9500
vn -0.0965 0.7340 0.6722
vn -0.2386 -0.0386 0.9703
vn -0.3967 0.1640 0.9032
vn -0.2617 -0.2408 0.9346
vn -0.8819 -0.2111 0.4214
vn -0.0619 -0.5821 0.8107
vn -0.0636 -0.5854 0.8082
vn 0.1936 -0.3644 0.9109
vn 0.2015 -0.5568 0.8059
vn 0.3163 -0.1544 0.9360
vn 0.2341 -0.0342 0.9716
vn 0.5074 0.2366 0.8286
vn 0.3408 0.2843 0.8961
vn 0.1981 0.5053 0.8399
vn 0.1689 0.4693 0.8667
vn -0.1401 0.4940 0.8581
vn -0.1444 0.4369 0.8878
vn -0.3854 0.0966 0.9177
vn -0.3227 -0.0088 0.9465
vn -0.3236 -0.1745 0.9300
vn -0.2266 -0.2068 0.9518
vn -0.0272 -0.4959 0.8680
vn -0.0551 -0.5321 0.8449
vn 0.2527 -0.5334 0.8072
vn 0.2531 -0.4920 0.8330
vn 0.4867 -0.1871 0.8533
vn 0.4932 -0.1980 0.8471
vn 0.0489 0.0813 0.9955
vn 0.0860 -0.1055 0.9907
vn -0.0759 0.0261 0.9968
vn -0.1027 -0.1990 0.9746
vn -0.0925 -0.2310 0.9685
vn -0.3117 -0.0930 0.9456
vn 0.1928 0.0670 0.9789
vn 0.0059 -0.1938 0.9810
vn 0.1825 0.2673 0.9462
vn 0.1924 0.2671 0.9443
vn 0.1531 0.3276 0.9323
vn 0.1218 0.2933 0.9482
vn -0.2513 0.2856 0.9248
vn -0.2408 0.3718 0.8965
vn -0.1933 0.4377 0.8781
vn -0.0910 -0.2226 0.9707
vn -0.0906 -0.2422 0.9660
vn -0.1003 -0.2427 0.9649
vn -0.0523 -0.3178 0.9467
vn -0.3764 -0.5469 0.7478
vn 0.0691 -0.5887 0.8054
vn 0.1926 0.0676 0.9790
vn 0.0967 -0.1013 0.9901
vn 0.1585 -0.5445 0.8236
vn 0.2162 0.2687 0.9387
vn 0.1703 0.2493 0.9533
vn 0.0691 0.3386 0.9384
vn 0.2078 0.5754 0.7910
vn -0.2413 0.3732 0.8958
vn -0.2224 0.2319 0.9470
vn -0.2172 0.2457 0.9447
vn -0.3526 0.7694 0.5326
vn -0.2233 -0.4087 0.8849
vn -0.1763 -0.3872 0.9050
vn -0.1406 -0.4175 0.8977
vn -0.0594 -0.3358 0.9401
vn 0.1208 -0.2689 0.9556
vn 0.1055 -0.6755 0.7298
vn 0.2784 -0.3671 0.8875
vn 0.3219 -0.5216 0.7901
vn 0.3234 0.3283 0.8875
vn 0.2586 0.3397 0.9043
vn 0.1093 0.6604 0.7429
vn 0.1100 0.6611 0.7422
vn -0.3099 0.8099 0.4980
vn -0.3699 0.5983 0.7108
vn -0.2603 0.6572 0.7073
vn -0.2492 0.2913 0.9236
vn -0.3677 -0.5175 0.7726
vn -0.2994 -0.5260 0.7960
vn -0.2312 -0.6508 0.7232
vn -0.2449 -0.6573 0.7127
vn 0.2894 -0.8853 0.3641
vn 0.3465 -0.7046 0.6193
vn 0.2382 -0.7416 0.6271
vn 0.2114 -0.2869 0.9344
vn 0.1229 -0.2840 0.9509
vn -0.0666 0.0471 0.9967
vn -0.0372 0.0478 0.9982
vn -0.0104 0.0816 0.9966
vn -0.0226 0.0218 0.9995
vn 0.0258 -0.2250 0.9740
vn 0.1531 -0.3219 0.9343
vn 0.1222 -0.3670 0.9222
vn 0.0917 0.0668 0.9935
vn 0.4490 -0.1451 0.8816
vn -0.0189 0.4805 0.8768
vn -0.0709 0.3064 0.9492
vn -0.0188 0.3291 0.9441
vn 0.1615 0.8228 0.5449
vn -0.1052 0.2167 0.9706
vn -0.0639 0.1214 0.9905
vn -0.0367 -0.1192 0.9922
vn -0.2780 0.0148 0.9605
vn -0.0912 -0.2057 0.9744
vn 0.0616 -0.0229 0.9978
vn 0.0875 -0.0158 0.9960
vn 0.0864 -0.0461 0.9952
vn 0.0763 -0.0761 0.9942
vn 0.1256 -0.3774 0.9175
vn 0.1738 0.2005 0.9642
vn 0.2773 0.2109 0.9373
vn -0.0708 0.4625 0.8838
vn -0.0522 0.6320 0.7732
vn 0.0678 0.6780 0.7319
vn -0.0257 0.2817 0.9592
vn -0.1212 -0.0773 0.9896
vn -0.3805 0.3176 0.8686
vn -0.2900 -0.2538 0.9227
vn -0.2926 -0.2534 0.9221
vn -0.0374 -0.4645 0.8848
vn -0.2643 -0.8531 0.4499
vn 0.3119 -0.5203 0.7950
vn 0.2801 -0.3361 0.8992
vn 0.2475 -0.4324 0.8670
vn 0.2766 -0.5703 0.7735
vn 0.4803 0.3515 0.8036
vn 0.2751 0.3384 0.8999
vn -0.1202 0.7577 0.6414
vn -0.1282 0.7158 0.6864
vn 0.0892 0.7367 0.6703
vn 0.0670 0.6588 0.7493
vn -0.3166 -0.1173 0.9413
vn -0.3589 -0.0797 0.9300
vn -0.3441 -0.2382 0.9082
vn -0.2829 -0.2483 0.9265
vn -0.0471 -0.5591 0.8278
vn -0.0418 -0.5483 0.8352
vn 0.3147 -0.4759 0.8212
vn 0.3190 -0.5321 0.7842
vn 0.3480 -0.4896 0.7995
vn 0.3766 -0.7201 0.5828
vn 0.0026 -0.1099 0.9939
vn 0.0145 -0.1326 0.9911
vn 0.0575 -0.1407 0.9884
vn 0.2143 0.0558 0.9752
vn 0.2174 -0.1280 0.9677
vn 0.2298 -0.1354 0.9638
vn 0.0779 -0.3027 0.9499
vn 0.0375 -0.4250 0.9044
vn 0.3194 0.1353 0.9379
vn 0.3002 0.1596 0.9404
vn 0.2899 0.1993 0.9361
vn 0.1819 0.1991 0.9630
vn -0.2139 0.4472 0.8685
vn -0.2309 0.3809 0.8953
vn -0.5016 0.2096 0.8393
vn -0.4413 -0.0265 0.8970
vn -0.4624 -0.1334 0.8766
vn -0.2422 -0.3936 0.8868
vn -0.1821 -0.5697 0.8014
vn 0.2005 -0.3968 0.8957
vn -0.0056 -0.2567 0.9665
vn 0.0692 -0.1132 0.9912
vn 0.0379 -0.1355 0.9901
vn 0.1799 -0.3607 0.9151
vn 0.4533 0.1917 0.8705
vn 0.5113 0.1566 0.8450
vn 0.4535 0.2733 0.8483
vn 0.3213 0.2290 0.9189
vn -0.1158 0.2938 0.9488
vn -0.1142 0.2468 0.9623
vn -0.2668 0.0162 0.9636
vn -0.3156 0.1115 0.9423
vn -0.3212 -0.2146 0.9224
vn -0.4592 -0.1332 0.8783
vn -0.2555 -0.4836 0.8372
vn -0.1140 -0.3792 0.9183
vn 0.0186 -0.3976 0.9174
vn -0.0473 -0.5740 0.8175
vn 0.3655 0.0047 0.9308
vn 0.4500 -0.0924 0.8882
vn 0.3473 0.3438 0.8725
vn 0.6368 0.3321 0.6958
vn 0.3735 0.5078 0.7763
vn 0.5949 0.4785 -0.6459
vn -0.2072 0.2539 0.9448
vn -0.2886 0.6639 0.6899
vn -0.3885 -0.1041 0.9155
vn -0.6045 0.0999 0.7903
vn -0.4236 -0.3553 0.8332
vn -0.6306 -0.3144 0.7096
vn -0.0828 -0.5881 0.8046
vn -0.4797 -0.8774 0.0019
vn 0.0517 -0.7785 0.6255
vn -0.0096 -0.9509 0.3092
vn 0.3099 0.1340 0.9413
vn 0.4804 -0.0015 0.8771
vn 0.2039 -0.1050 0.9733
vn 0.0209 0.0815 0.9965
vn -0.1457 -0.0140 0.9892
vn -0.0128 0.4145 0.9100
vn 0.0597 -0.2667 0.9619
vn -0.0910 -0.0348 0.9952
vn -0.0162 -0.0345 0.9993
vn 0.1764 0.2789 0.9440
vn 0.1288 0.0575 0.9900
vn 0.2704 -0.0614 0.9608
vn 0.1728 0.1494 0.9736
vn 0.0081 0.0433 0.9990
vn -0.0320 0.0483 0.9983
vn -0.0231 -0.1796 0.9835
vn -0.0385 -0.2023 0.9786
vn -0.2020 0.5229 0.8281
vn -0.2639 -0.1196 0.9571
vn 0.0269 -0.3023 0.9528
vn 0.0121 -0.2742 0.9616
vn -0.1506 -0.4115 0.8989
vn 0.1087 -0.4476 0.8876
vn 0.1345 -0.2349 0.9627
vn 0.2399 -0.0644 0.9687
vn 0.1325 0.3001 0.9447
vn 0.2511 0.1256 0.9598
vn 0.2950 0.1115 0.9490
vn 0.1762 0.3573 0.9172
vn 0.3007 0.4942 0.8157
vn -0.3003 0.5750 0.7610
vn -0.2799 0.4056 0.8701
vn -0.3267 0.3422 0.8810
vn -0.2435 0.0497 0.9686
vn -0.2492 -0.1775 0.9520
vn -0.3193 -0.1565 0.9346
vn -0.0918 -0.5476 0.8317
vn -0.0129 -0.4195 0.9077
vn 0.1700 -0.4365 0.8835
vn 0.1762 -0.5955 0.7838
vn 0.3635 -0.3849 0.8483
vn 0.2472 -0.0680 0.9666
vn 0.5133 0.1487 0.8452
vn 0.3324 0.1961 0.9225
vn 0.1890 0.3811 0.9050
vn 0.1862 0.3788 0.9065
vn -0.2289 0.2846 0.9309
vn -0.2453 0.4663 0.8500
vn -0.2940 0.3770 0.8783
vn -0.2658 0.2648 0.9270
vn -0.2232 -0.3046 0.9260
vn -0.4337 -0.2678 0.8604
vn -0.0814 -0.6238 0.7774
vn -0.1074 -0.6632 0.7407
vn 0.2780 -0.5674 0.7751
vn 0.2729 -0.6828 0.6778
vn 0.4595 -0.4057 0.7901
vn 0.4996 -0.5357 0.6808
vn 0.0595 0.3077 0.9496
vn 0.0755 0.2779 0.9576
vn 0.2303 0.2332 0.9448
vn -0.0946 -0.1597 0.9826
vn -0.0953 -0.1683 0.9811
vn -0.2303 0.1238 0.9652
vn -0.0391 0.1167 0.9924
vn 0.0594 0.2790 0.9585
vn 0.1755 0.1930 0.9654
vn 0.0360 0.2965 0.9544
vn 0.0984 0.1642 0.9815
vn 0.0252 0.1207 0.9924
vn 0.0153 0.1230 0.9923
vn 0.1506 0.5584 0.8158
vn -0.2253 0.1312 0.9654
vn -0.1585 -0.1281 0.9790
vn -0.1341 0.1753 0.9753
vn 0.1117 0.0348 0.9931
vn 0.0897 0.0847 0.9924
vn -0.3599 -0.0979 0.9278
vn 0.0347 -0.2042 0.9783
vn 0.0254 -0.2315 0.9725
vn 0.2151 0.0181 0.9764
vn 0.1745 0.1743 0.9691
vn 0.3436 0.2208 0.9128
vn 0.3069 0.2317 0.9231
vn 0.1034 0.4094 0.9065
vn 0.2345 0.5589 0.7954
vn -0.1022 0.4392 0.8926
vn -0.0760 0.8366 0.5426
vn -0.3160 0.2442 0.9168
vn -0.2393 0.1396 0.9609
vn -0.1812 -0.1211 0.9760
vn -0.4678 -0.2029 0.8602
vn -0.2290 -0.4123 0.8818
vn -0.1443 -0.3349 0.9312
vn 0.0992 -0.2303 0.9681
vn 0.0421 -0.6338 0.7724
vn 0.2767 0.0800 0.9576
vn 0.4237 -0.0839 0.9019
vn 0.3125 0.2494 0.9166
vn 0.3618 0.2249 0.9047
vn 0.1434 0.5913 0.7936
vn 0.1530 0.6021 0.7836
vn -0.1658 0.6502 0.7414
vn -0.1680 0.5817 0.7959
vn -0.3769 0.3623 0.8525
vn -0.3219 0.2471 0.9140
vn -0.3512 -0.2785 0.8939
vn -0.2941 -0.2743 0.9156
vn -0.2031 -0.4329 0.8782
vn -0.2614 -0.4769 0.8392
vn 0.1093 -0.5569 0.8234
vn 0.1328 -0.3893 0.9115
vn 0.3936 -0.0415 0.9183
vn 0.3136 0.0784 0.9463
vn 0.0138 0.2020 0.9793
vn -0.0579 0.2337 0.9706
vn 0.0760 0.3232 0.9433
vn 0.0175 0.1914 0.9814
vn 0.0086 0.0166 0.9998
vn 0.0233 -0.0207 0.9995
vn 0.0053 -0.0073 1.0000
vn 0.0447 0.0919 0.9948
vn 0.1399 0.3849 0.9123
vn 0.1242 0.3870 0.9137
vn 0.1317 0.3741 0.9180
vn -0.0610 0.1230 0.9905
vn -0.0941 0.1273 0.9874
vn -0.0299 0.5831 0.8119
vn -0.1814 0.4302 0.8843
vn -0.1332 0.2727 0.9528
vn -0.1487 0.0833 0.9854
vn -0.0445 -0.0046 0.9990
vn 0.0461 -0.1873 0.9812
vn 0.0489 -0.1815 0.9822
vn 0.0986 -0.1861 0.9776
vn 0.0297 -0.4013 0.9155
vn 0.1921 -0.1821 0.9643
vn 0.1281 0.0318 0.9913
vn 0.3531 0.3517 0.8670
vn 0.1608 0.4074 0.8990
vn 0.1017 0.5166 0.8501
vn 0.1425 0.5634 0.8138
vn -0.0819 0.6206 0.7798
vn -0.1513 0.2895 0.9451
vn -0.1744 0.2627 0.9490
vn -0.2164 0.4601 0.8611
vn -0.2852 0.0975 0.9535
vn -0.2680 0.0843 0.9597
vn -0.0115 -0.6198 0.7847
vn 0.0614 -0.4229 0.9041
vn 0.0034 -0.4049 0.9143
vn 0.0928 -0.0698 0.9932
vn 0.1729 0.0235 0.9847
vn 0.2819 -0.2469 0.9271
vn 0.3068 0.4146 0.8568
vn 0.4458 0.3912 0.8051
vn 0.1618 0.7407 0.6521
vn 0.1185 0.6791 0.7244
vn -0.1181 0.6972 0.7071
vn -0.1112 0.7318 0.6724
vn -0.3372 0.5321 0.7767
vn -0.2981 0.3862 0.8729
vn -0.3402 -0.0100 0.9403
vn -0.4575 0.0580 0.8873
vn -0.0384 -0.6693 0.7420
vn -0.0111 -0.6143 0.7890
vn -0.0151 -0.6139 0.7892
vn 0.0034 -0.5570 0.8305
vn 0.3343 -0.1257 0.9340
vn 0.3153 -0.0768 0.9459
vn 0.0704 -0.1682 0.9832
vn -0.0177 0.4393 0.8982
vn -0.0044 0.4251 0.9051
vn -0.0588 0.3617 0.9304
vn -0.0333 -0.1452 0.9888
vn -0.2108 0.0809 0.9742
vn 0.0724 0.1092 0.9914
vn 0.1313 0.1944 0.9721
vn 0.0101 0.1743 0.9846
vn 0.2359 0.0112 0.9717
vn 0.0917 0.3556 0.9301
vn -0.0747 0.2053 0.9759
vn -0.0342 0.1964 0.9799
vn -0.0285 0.2108 0.9771
vn -0.0470 0.1829 0.9820
vn -0.0933 0.3899 0.9161
vn -0.1323 -0.1330 0.9822
vn -0.0576 -0.1723 0.9834
vn -0.1408 0.0384 0.9893
vn -0.2510 -0.0265 0.9676
vn 0.1213 -0.1185 0.9855
vn 0.0448 -0.3491 0.9360
vn 0.1164 -0.2461 0.9622
vn 0.0188 0.3197 0.9473
vn 0.2327 0.4320 0.8713
vn 0.2991 0.4506 0.8412
vn 0.1118 0.5886 0.8006
vn 0.1171 0.5971 0.7936
vn -0.0152 0.5693 0.8220
vn 0.0716 0.8619 0.5020
vn -0.2053 0.2091 0.9561
vn -0.2601 0.3162 0.9124
vn -0.2017 -0.2855 0.9369
vn -0.3100 -0.3398 0.8879
vn -0.1785 -0.4447 0.8777
vn -0.3922 -0.7627 0.5143
vn 0.0226 -0.6594 0.7514
vn 0.1216 -0.1310 0.9839
vn 0.1612 -0.0166 0.9868
vn 0.3141 -0.5635 0.7641
vn 0.4818 0.3593 0.7992
vn 0.2038 0.3778 0.9032
vn 0.0896 0.6596 0.7463
vn 0.1354 0.6965 0.7046
vn 0.0397 0.7461 0.6647
vn -0.0181 0.6076 0.7941
vn -0.3204 0.4157 0.8512
vn -0.2766 0.2627 0.9244
vn -0.4045 -0.4146 0.8151
vn -0.2402 -0.3792 0.8936
vn -0.1766 -0.5439 0.8203
vn -0.2155 -0.5704 0.7926
vn -0.0536 -0.6748 0.7360
vn 0.0309 -0.4701 0.8821
vn 0.3515 -0.2416 0.9045
vn 0.3399 -0.2041 0.9181
vn -0.0346 -0.0030 0.9994
vn -0.2032 0.1062 0.9734
vn -0.0268 0.1848 0.9824
vn 0.0449 0.3118 0.9491
vn 0.0099 0.0263 0.9996
vn -0.0426 0.2379 0.9704
vn 0.0296 0.1756 0.9840
vn -0.0449 0.0649 0.9969
vn 0.1653 0.3533 0.9208
vn 0.2004 0.3534 0.9138
vn 0.0441 0.4785 0.8770
vn -0.1473 0.2474 0.9577
vn -0.0093 0.3402 0.9403
vn -0.0250 0.1761 0.9840
vn -0.0601 0.0551 0.9967
vn -0.2238 0.4334 0.8730
vn -0.1746 0.0335 0.9841
vn -0.0877 -0.0003 0.9962
vn 0.0317 -0.1063 0.9938
vn -0.1195 -0.3339 0.9350
vn 0.1221 -0.2059 0.9709
vn 0.0679 -0.5670 0.8209
vn 0.2256 -0.0529 0.9728
vn 0.2725 -0.1599 0.9488
vn 0.3768 0.4182 0.8265
vn 0.2157 0.4392 0.8721
vn 0.1671 0.6663 0.7267
vn 0.0557 0.5779 0.8142
vn 0.0506 0.5838 0.8103
vn -0.0238 0.4109 0.9113
vn -0.4063 0.2681 0.8735
vn -0.3315 0.1277 0.9348
vn -0.3562 0.0937 0.9297
vn -0.2118 -0.0002 0.9773
vn -0.1839 -0.4777 0.8590
vn 0.0102 -0.3031 0.9529
vn 0.0752 -0.3868 0.9191
vn 0.1221 -0.2059 0.9709
vn 0.2280 -0.1717 0.9584
vn 0.1959 -0.0358 0.9800
vn 0.2209 0.4177 0.8813
vn 0.4133 0.4470 0.7933
vn 0.1754 0.5898 0.7883
vn 0.1304 0.5397 0.8317
vn -0.0680 0.4646 0.8829
vn 0.0788 0.9898 0.1184
vn -0.3165 0.2159 0.9237
vn -0.3424 0.2505 0.9055
vn -0.3020 -0.0299 0.9529
vn -0.5580 0.0822 0.8258
vn -0.0385 -0.3943 0.9182
vn -0.2904 -0.7688 0.5698
vn 0.1160 -0.5358 0.8363
vn 0.0963 -0.6868 0.7204
vn 0.2834 -0.1114 0.9525
vn 0.3934 -0.3541 0.8484
vn -0.0806 0.2525 0.9642
vn -0.0880 0.2600 0.9616
vn -0.0429 0.2738 0.9608
vn -0.1002 0.1713 0.9801
vn -0.0419 0.6488 0.7598
vn 0.1511 0.2565 0.9547
vn -0.0177 0.2685 0.9631
vn -0.0623 0.1484 0.9870
vn 0.2756 0.0626 0.9592
vn 0.0753 0.3311 0.9406
vn 0.0294 0.4636 0.8856
vn -0.0754 0.3958 0.9152
vn 0.0700 0.3110 0.9478
vn 0.0277 0.0974 0.9949
vn -0.0466 0.0368 0.9982
vn -0.0645 0.1536 0.9860
vn -0.1210 -0.1513 0.9810
vn -0.4878 0.2278 0.8427
vn -0.2854 -0.5191 0.8057
vn 0.0033 -0.4650 0.8853
vn -0.0092 -0.4594 0.8882
vn 0.0575 -0.3122 0.9483
vn 0.2890 -0.1064 0.9514
vn 0.2695 0.0238 0.9627
vn 0.2495 0.2648 0.9315
vn 0.9944 -0.0198 -0.1039
vn 0.0701 0.5689 0.8194
vn 0.0327 0.4855 0.8737
vn -0.1006 0.3748 0.9216
vn -0.1140 0.7713 0.6261
vn -0.3019 0.2679 0.9149
vn -0.3875 0.4822 0.7857
vn -0.2971 0.0055 0.9548
vn 0.0870 -0.0082 0.9962
vn 0.0752 0.0007 0.9972
vn -0.4154 -0.7630 0.4953
vn 0.0441 -0.2440 0.9688
vn 0.0348 -0.7518 0.6584
vn 0.1978 0.1159 0.9734
vn 0.4149 -0.2352 0.8790
vn 0.2961 0.2728 0.9154
vn 0.2761 0.2833 0.9184
vn 0.1184 0.6329 0.7651
vn 0.0721 0.5825 0.8097
vn -0.2877 0.6950 0.6589
vn -0.2874 0.7127 0.6399
vn -0.3431 0.6868 0.6408
vn -0.2556 0.2386 0.9369
vn -0.3143 -0.1915 0.9298
vn -0.4668 -0.1655 0.8687
vn -0.2373 -0.7211 0.6509
vn 0.0029 -0.4684 0.8835
vn 0.0904 -0.5073 0.8570
vn 0.0932 -0.4969 0.8628
vn 0.3872 -0.2102 0.8977
vn 0.2811 0.0851 0.9559
vn 0.5072 0.2438 0.8266
vn 0.0099 0.3273 0.9449
vn 0.1017 0.4435 0.8905
vn 0.0169 0.0312 0.9994
vn 0.0580 -0.2679 0.9617
vn -0.1660 0.1419 0.9759
vn 0.3321 -0.0254 0.9429
vn 0.5085 0.1796 0.8422
vn 0.0738 0.1047 0.9918
vn 0.2037 0.0284 0.9786
vn 0.0498 0.2344 0.9709
vn -0.0388 0.1107 0.9931
vn -0.0069 0.1177 0.9930
vn 0.0763 0.5554 0.8281
vn -0.2438 -0.1321 0.9608
vn -0.2578 -0.1187 0.9589
vn -0.2547 -0.1482 0.9556
vn 0.0355 -0.2779 0.9599
vn 0.0083 -0.2427 0.9701
vn -0.2872 -0.5547 0.7809
vn 0.1311 -0.5040 0.8537
vn 0.1549 0.3398 0.9276
vn 0.0304 0.0495 0.9983
vn 0.0839 -0.0231 0.9962
vn 0.4509 0.3260 0.8309
vn 0.5121 0.3031 0.8037
vn 0.1872 0.7878 0.5868
vn 0.0448 0.5399 0.8405
vn 0.0027 0.5465 0.8375
vn -0.0096 0.4995 0.8663
vn -0.5346 -0.1770 0.8264
vn -0.3223 -0.1788 0.9296
vn -0.3174 -0.1028 0.9427
vn -0.2315 -0.1353 0.9634
vn -0.0866 -0.4272 0.9000
vn -0.0257 -0.3642 0.9310
vn 0.1356 -0.3865 0.9123
vn 0.1274 -0.4964 0.8587
vn 0.5058 0.0694 0.8599
vn 0.4599 0.1163 0.8803
vn 0.4763 0.1297 0.8697
vn 0.2882 0.2369 0.9278
vn 0.1429 0.4979 0.8554
vn 0.1576 0.5112 0.8449
vn 0.0336 0.5339 0.8449
vn 0.0041 0.4350 0.9004
vn -0.3562 -0.0410 0.9335
vn -0.3223 -0.0666 0.9443
vn -0.3218 -0.0535 0.9453
vn -0.2662 -0.0953 0.9592
vn -0.0777 -0.4717 0.8783
vn -0.1219 -0.5115 0.8506
vn 0.1678 -0.5751 0.8007
vn 0.1733 -0.5104 0.8423
vn 0.5569 -0.0332 0.8299
vn 0.4756 0.0631 0.8774
vn 0.0581 -0.0993 0.9934
vn 0.0080 0.4141 0.9102
vn 0.0895 0.2712 0.9583
vn 0.0013 0.1505 0.9886
vn 0.0652 -0.0767 0.9949
vn -0.3177 0.0688 0.9457
vn 0.3205 0.4332 0.8424
vn 0.0629 -0.0696 0.9956
vn 0.1804 0.2647 0.9473
vn 0.3181 0.2624 0.9110
vn 0.1886 0.3990 0.8974
vn -0.0775 0.0951 0.9924
vn 0.0789 0.1546 0.9848
vn 0.0874 0.1984 0.9762
vn -0.0001 -0.0614 0.9981
vn -0.1649 0.2503 0.9540
vn -0.1213 -0.0719 0.9900
vn 0.0673 -0.0740 0.9950
vn 0.1455 -0.1651 0.9755
vn -0.3535 -0.7554 0.5518
vn 0.1829 -0.6825 0.7077
vn 0.3360 0.3733 0.8647
vn 0.2064 -0.1341 0.9692
vn 0.2346 -0.2379 0.9425
vn 0.4559 0.4477 0.7692
vn 0.2205 0.3676 0.9035
vn 0.1395 0.4947 0.8578
vn 0.2184 0.5694 0.7925
vn 0.0125 0.6025 0.7980
vn 0.0235 0.6421 0.7663
vn -0.3498 0.1814 0.9191
vn -0.2210 -0.0299 0.9748
vn -0.2142 -0.4647 0.8592
vn -0.4582 -0.5070 0.7301
vn -0.1987 -0.8014 0.5641
vn 0.0991 -0.5047 0.8576
vn 0.1536 -0.5063 0.8486
vn 0.1500 -0.5258 0.8373
vn 0.3538 -0.2705 0.8954
vn 0.3890 -0.4180 0.8209
vn 0.3029 0.4807 0.8229
vn 0.4857 0.4845 0.7275
vn 0.1973 0.7621 0.6166
vn 0.2013 0.7660 0.6105
vn 0.0348 0.7743 0.6318
vn 0.0068 0.6697 0.7426
vn -0.3162 0.1804 0.9314
vn -0.3118 0.1732 0.9342
vn -0.2576 -0.5024 0.8254
vn -0.2350 -0.4974 0.8351
vn -0.0701 -0.6693 0.7397
vn -0.1863 -0.7713 0.6086
vn 0.1847 -0.7558 0.6282
vn 0.2020 -0.6989 0.6861
vn 0.3904 -0.4786 0.7865
vn 0.3510 -0.2672 0.8974
vn 0.0089 -0.0433 0.9990
vn 0.0332 -0.1237 0.9918
vn -0.2634 0.1923 0.9453
vn -0.0296 0.2140 0.9764
vn 0.0102 0.3519 0.9360
vn 0.2556 0.0265 0.9664
vn 0.0390 -0.1167 0.9924
vn 0.0128 -0.2133 0.9769
vn 0.0404 0.1958 0.9798
vn 0.5965 -0.3310 0.7312
vn 0.0909 0.3191 0.9434
vn 0.1217 0.3714 0.9205
vn -0.1544 0.2034 0.9668
vn -0.1594 -0.1928 0.9682
vn -0.0806 0.1180 0.9897
vn -0.1681 0.5605 0.8109
vn -0.0748 -0.2390 0.9681
vn -0.3981 -0.2694 0.8769
vn -0.3062 -0.3682 0.8779
vn 0.3669 0.2283 0.9018
vn -0.0262 0.0122 0.9996
vn -0.0233 0.1115 0.9935
vn -0.0308 0.0841 0.9960
vn 0.1059 -0.2937 0.9500
vn 0.3662 0.0436 0.9295
vn 0.1317 0.2004 0.9708
vn 0.0030 0.4471 0.8945
vn 0.0939 0.7108 0.6971
vn -0.1418 0.7200 0.6793
vn -0.1582 0.2132 0.9641
vn -0.1630 0.2041 0.9653
vn -0.1981 0.3259 0.9244
vn -0.2094 -0.4346 0.8759
vn -0.1294 -0.3844 0.9140
vn -0.1738 -0.3058 0.9361
vn -0.3619 -0.5039 0.7843
vn 0.1376 -0.5761 0.8057
vn 0.1075 -0.2600 0.9596
vn 0.2718 0.0675 0.9600
vn 0.3632 -0.0734 0.9288
vn 0.2352 0.1683 0.9573
vn 0.4690 0.0298 0.8827
vn -0.0023 0.5093 0.8606
vn 0.0059 0.5296 0.8482
vn -0.1358 0.4574 0.8788
vn -0.1268 0.6629 0.7379
vn -0.2760 0.2980 0.9138
vn -0.3036 0.3637 0.8806
vn -0.1613 -0.4250 0.8907
vn -0.2156 -0.4442 0.8696
vn -0.2448 -0.4180 0.8748
vn -0.1829 -0.3320 0.9254
vn 0.0400 -0.2047 0.9780
vn 0.0654 -0.3842 0.9209
vn 0.1815 0.1608 0.9702
vn 0.2528 0.0717 0.9649
vn 0.0549 -0.0243 0.9982
vn 0.0063 0.1560 0.9877
vn 0.0206 0.1429 0.9895
vn -0.0465 0.1074 0.9931
vn -0.0873 -0.1067 0.9905
vn -0.1461 -0.0479 0.9881
vn -0.0164 0.0488 0.9987
vn 0.0673 0.2870 0.9556
vn 0.1231 0.1206 0.9850
vn 0.2099 0.1084 0.9717
vn 0.0213 0.2948 0.9553
vn 0.1354 0.4225 0.8962
vn -0.0238 0.3336 0.9424
vn -0.0203 0.3669 0.9300
vn -0.1391 -0.0024 0.9903
vn -0.2191 0.1098 0.9695
vn -0.2082 0.0229 0.9778
vn -0.0014 -0.1128 0.9936
vn 0.0076 -0.1225 0.9924
vn -0.2347 -0.5171 0.8231
vn 0.0995 -0.3518 0.9308
vn 0.0938 -0.4019 0.9109
vn 0.1825 -0.1609 0.9699
vn 0.1187 0.1489 0.9817
vn 0.2046 0.3034 0.9306
vn 0.2389 0.3179 0.9175
vn 0.0902 0.5012 0.8606
vn 0.0631 0.4646 0.8832
vn -0.0531 0.4465 0.8932
vn -0.0516 0.4663 0.8831
vn -0.3138 -0.1067 0.9435
vn -0.3577 -0.0779 0.9306
vn -0.3607 -0.0343 0.9320
vn -0.3744 -0.0264 0.9269
vn -0.0002 -0.5440 0.8391
vn -0.0046 -0.5530 0.8332
vn 0.1651 -0.5219 0.8369
vn 0.1556 -0.5811 0.7988
vn 0.2668 -0.4096 0.8724
vn 0.2381 -0.2767 0.9310
vn 0.1618 0.4057 0.8996
vn 0.2937 0.4605 0.8377
vn 0.1530 0.5970 0.7875
vn 0.0980 0.5304 0.8421
vn -0.0277 0.5044 0.8630
vn -0.0400 0.3895 0.9202
vn -0.2827 -0.2230 0.9329
vn -0.4434 -0.1476 0.8841
vn -0.4426 -0.1527 0.8836
vn -0.6358 -0.0765 0.7680
vn -0.0605 -0.7127 0.6989
vn 0.0008 -0.5917 0.8061
vn 0.2235 -0.5332 0.8159
vn 0.2030 -0.7002 0.6845
vn 0.2824 -0.5994 0.7489
vn 0.2265 -0.3406 0.9125
vn 0.1218 -0.0146 0.9924
vn 0.0719 0.0798 0.9942
vn 0.1817 0.0958 0.9787
vn 0.0684 -0.2468 0.9667
vn 0.0639 -0.2183 0.9738
vn -0.1571 -0.0172 0.9874
vn 0.0476 0.0923 0.9946
vn 0.1138 0.2682 0.9566
vn 0.3136 -0.1969 0.9289
vn 0.1811 0.0151 0.9833
vn 0.1171 0.3199 0.9402
vn 0.1190 0.3206 0.9397
vn -0.2610 0.5944 0.7606
vn -0.2559 0.3918 0.8837
vn -0.0398 0.5295 0.8474
vn -0.0264 -0.0768 0.9967
vn -0.0002 0.0307 0.9995
vn 0.1241 -0.1182 0.9852
vn 0.1116 -0.0630 0.9918
vn -0.1705 -0.2571 0.9512
vn 0.0494 -0.4465 0.8934
vn 0.0849 -0.3792 0.9214
vn 0.6242 0.0600 0.7789
vn 0.4367 0.3831 0.8140
vn 0.3568 0.0622 0.9321
vn 0.9470 -0.3209 0.0107
vn 0.1636 0.4683 0.8683
vn 0.2208 0.5629 0.7965
vn -0.0862 0.2135 0.9731
vn -0.1754 0.4722 0.8639
vn -0.1772 0.4633 0.8683
vn -0.3156 0.9336 -0.1698
vn -0.1841 -0.2393 0.9533
vn -0.7012 -0.2209 0.6778
vn 0.0797 -0.5498 0.8315
vn 0.0157 -0.7069 0.7072
vn 0.0654 -0.6649 0.7441
vn -0.0903 -0.9955 0.0277
vn 0.2697 0.1289 0.9543
vn 0.3573 0.0603 0.9320
vn 0.3877 -0.0522 0.9203
vn 0.3136 0.0466 0.9484
vn 0.2350 0.4778 0.8464
vn 0.1562 0.4328 0.8879
vn -0.3950 0.8242 0.4057
vn -0.3899 0.4724 0.7904
vn -0.1779 0.5834 0.7925
vn -0.1773 0.4635 0.8682
vn -0.4155 -0.0846 0.9056
vn -0.1930 -0.2465 0.9497
vn -0.0845 -0.7746 0.6268
vn 0.0802 -0.5830 0.8085
vn 0.0433 -0.5558 0.8302
vn 0.0749 -0.4952 0.8655
vn 0.7153 -0.2211 0.6630
vn 0.4466 0.1921 0.8739
vn 0.4881 -0.2641 0.8319
vn 0.4978 -0.2746 0.8227
vn -0.0007 -0.4343 0.9008
vn 0.3249 -0.0021 0.9458
vn 0.1693 -0.5640 0.8083
vn 0.1839 -0.8022 0.5680
vn 0.1880 -0.8036 0.5647
vn 0.4950 -0.4804 0.7241
vn 0.3992 -0.4962 0.7710
vn 0.1348 -0.3872 0.9121
vn 0.2455 -0.5027 0.8289
vn 0.5236 -0.1793 0.8329
vn 0.1783 -0.3165 0.9317
vn 0.1556 -0.6367 0.7552
vn 0.3883 -0.2526 0.8863
vn 0.3463 -0.0426 0.9372
vn 0.3430 -0.5202 0.7822
vn 0.2232 -0.5274 0.8198
vn 0.2852 -0.5796 0.7633
vn 0.3224 -0.5433 0.7752
vn 0.2555 -0.5684 0.7821
vn 0.2289 -0.6215 0.7492
vn 0.3930 -0.3698 0.8419
vn 0.4076 -0.4283 0.8065
vn 0.3311 -0.4643 0.8215
vn 0.3931 -0.4986 0.7726
vn 0.3741 0.1213 0.9194
vn 0.3552 0.0725 0.9320
vn -0.0691 0.5826 0.8098
vn -0.0057 -0.0690 0.9976
vn 0.0176 -0.0531 0.9984
vn -0.0371 0.2220 0.9743
vn -0.1980 -0.4269 0.8823
vn 0.3272 -0.5350 0.7789
vn 0.3294 -0.6128 0.7183
vn 0.2211 -0.7068 0.6719
vn 0.1764 -0.6834 0.7085
vn 0.2568 -0.5423 0.8000
vn 0.4166 -0.4533 0.7880
vn 0.3824 -0.3672 0.8479
vn 0.3358 -0.4665 0.8183
vn 0.3268 -0.4646 0.8230
vn 0.0728 -0.2929 0.9534
vn 0.3932 0.4059 0.8250
vn -0.1384 0.1247 0.9825
vn -0.1792 0.8571 0.4829
vn -0.4268 0.4387 0.7909
vn -0.4671 0.6993 0.5411
vn -0.4061 -0.3157 0.8576
vn 0.0075 -0.3043 0.9525
vn 0.3880 -0.5330 0.7519
vn 0.3367 -0.5985 0.7270
vn 0.2523 -0.6429 0.7233
vn 0.0389 -0.9665 0.2538
vn 0.4091 -0.5499 0.7282
vn 0.3339 -0.4123 0.8477
vn 0.4245 -0.2073 0.8814
vn 0.0493 0.2413 0.9692
vn -0.0535 0.1976 0.9788
vn -0.0797 0.1261 0.9888
vn -0.0632 -0.0348 0.9974
vn 0.1587 -0.3418 0.9263
vn 0.5035 -0.2534 0.8260
vn 0.4081 -0.4143 0.8135
vn 0.6104 0.0711 0.7889
vn 0.4896 0.0055 0.8719
vn 0.2940 0.3539 0.8879
vn 0.0191 0.1280 0.9916
vn -0.2365 0.1160 0.9647
vn -0.1718 0.4778 0.8615
vn -0.4564 -0.0121 0.8897
vn -0.4641 0.0022 0.8858
vn -0.4579 0.1785 0.8709
vn -0.1871 -0.0428 0.9814
vn 0.0011 -0.3559 0.9345
vn 0.2302 -0.1874 0.9549
vn 0.5548 -0.1546 0.8175
vn 0.5533 -0.3068 0.7744
vn 0.5095 -0.3813 0.7714
vn 0.4834 -0.6098 0.6281
vn 0.5702 -0.0680 0.8187
vn 0.5649 -0.0704 0.8221
vn 0.2414 0.4821 0.8422
vn 0.3481 0.6117 0.7104
vn -0.3064 0.6198 0.7225
vn -0.3399 0.4807 0.8084
vn -0.5667 0.0816 0.8199
vn -0.4851 -0.0186 0.8743
vn -0.4827 -0.0864 0.8715
vn -0.7224 0.0924 0.6853
vn -0.2730 -0.6752 0.6852
vn -0.1678 -0.6129 0.7721
vn 0.6268 -0.4840 0.6106
vn 0.6481 -0.3372 0.6828
vn 0.5132 -0.5440 0.6639
vn 0.5238 -0.4159 0.7434
vn 0.4571 -0.1272 0.8803
vn 0.5981 0.0071 0.8014
vn 0.2320 0.5556 0.7984
vn 0.2423 0.5686 0.7861
vn -0.3484 0.4998 0.7930
vn -0.3071 0.6427 0.7019
vn -0.6758 -0.0477 0.7355
vn -0.7494 0.0352 0.6612
vn -0.7453 -0.0788 0.6620
vn -0.6582 -0.1419 0.7393
vn -0.3346 -0.6042 0.7231
vn -0.1715 -0.4918 0.8537
vn 0.6575 -0.2970 0.6925
vn 0.6284 -0.5084 0.5888
vn 0.4395 -0.7235 0.5323
vn 0.4411 -0.3371 0.8317
vn 0.1416 -0.0200 0.9897
vn 0.3909 -0.0635 0.9182
vn 0.1600 -0.2296 0.9600
vn 0.0708 -0.3968 0.9152
vn 0.0062 -0.7359 0.6771
vn -0.0230 -0.6111 0.7912
vn 0.1227 -0.6460 0.7534
vn 0.2652 -0.2428 0.9331
vn 0.1034 -0.3240 0.9404
vn -0.0320 -0.3183 0.9474
vn 0.1203 -0.5375 0.8347
vn 0.1577 -0.5117 0.8446
vn 0.1028 -0.5206 0.8476
vn 0.1151 -0.1532 0.9815
vn 0.0224 -0.3484 0.9371
vn 0.0278 -0.3657 0.9303
vn 0.0372 -0.6944 0.7186
vn 0.0435 -0.6944 0.7183
vn -0.0666 -0.5851 0.8082
vn 0.0192 -0.5355 0.8443
vn 0.0831 -0.5268 0.8459
vn 0.0851 -0.5150 0.8529
vn 0.1674 -0.3773 0.9108
vn 0.1035 -0.3089 0.9455
vn 0.5146 0.0785 0.8539
vn 0.3884 0.0998 0.9161
vn 0.4127 -0.2673 0.8708
vn 0.2310 -0.3589 0.9043
vn -0.0696 -0.0959 0.9930
vn -0.0620 -0.1734 0.9829
vn -0.0513 -0.1711 0.9839
vn -0.0040 -0.3256 0.9455
vn -0.1464 -0.6472 0.7481
vn 0.0757 -0.6544 0.7523
vn 0.0364 -0.4704 0.8817
vn -0.0188 -0.4965 0.8679
vn 0.0925 -0.5907 0.8015
vn 0.0980 -0.5638 0.8201
vn 0.4761 -0.3406 0.8108
vn 0.4145 -0.2823 0.8651
vn 0.2921 -0.1334 0.9471
vn 0.3251 -0.1276 0.9370
vn 0.3704 -0.1838 0.9105
vn 0.7628 0.5236 0.3795
vn -0.0414 -0.2442 0.9688
vn -0.0713 -0.0921 0.9932
vn -0.0318 0.0636 0.9975
vn 0.1470 -0.4806 0.8645
vn 0.1560 -0.6379 0.7542
vn -0.2743 -0.6885 0.6713
vn -0.2390 -0.7072 0.6654
vn -0.0519 -0.5940 0.8028
vn 0.0908 -0.5490 0.8309
vn 0.0893 -0.5703 0.8166
vn 0.2047 -0.2714 0.9405
vn 0.3131 -0.3483 0.8836
vn 0.0471 -0.5778 0.8148
vn -0.1573 -0.2588 0.9530
vn -0.0062 -0.2149 0.9766
vn -0.0135 -0.2394 0.9708
vn -0.0155 -0.1891 0.9818
vn 0.1195 -0.4729 0.8730
vn 0.2107 -0.5128 0.8323
vn 0.0445 -0.5818 0.8121
vn 0.4263 -0.5242 0.7372
vn 0.4517 -0.5523 0.7006
vn 0.1554 0.2214 0.9627
vn 0.1185 0.2032 0.9719
vn -0.2294 0.2437 0.9423
vn -0.2292 0.2222 0.9477
vn -0.2319 0.2182 0.9479
vn -0.2381 0.3122 0.9197
vn -0.2660 -0.0999 0.9588
vn -0.0208 -0.1966 0.9803
vn 0.1803 -0.5758 0.7975
vn 0.0319 -0.6532 0.7565
vn 0.2097 -0.6531 0.7277
vn 0.2203 -0.6346 0.7408
vn 0.3650 -0.4832 0.7958
vn 0.3894 -0.6179 0.6830
vn 0.5094 -0.4709 0.7203
vn 0.6144 -0.4999 0.6104
vn 0.0110 0.3270 0.9450
vn 0.3132 0.6263 0.7139
vn -0.3878 0.4747 0.7901
vn -0.3904 0.5391 0.7463
vn -0.3046 0.6519 0.6944
vn -0.2939 0.4410 0.8480
vn -0.2500 -0.3311 0.9099
vn -0.5357 -0.4301 0.7267
vn 0.0526 -0.8217 0.5675
vn 0.0349 -0.8336 0.5513
vn 0.2397 -0.7865 0.5692
vn 0.2121 -0.8285 0.5183
vn 0.5257 -0.5030 0.6861
vn 0.5065 -0.4847 0.7131
vn 0.5298 -0.5147 0.6741
vn 0.4768 -0.4775 0.7380
vn 0.1559 0.5289 0.8342
vn 0.0988 0.5026 0.8589
vn -0.4229 0.5632 0.7100
vn -0.4243 0.5277 0.7359
vn -0.3188 0.6245 0.7130
vn -0.3123 0.6783 0.6651
vn -0.4980 -0.4004 0.7692
vn -0.2526 -0.3365 0.9072
vn 0.0686 -0.8129 0.5783
vn 0.0533 -0.8208 0.5688
vn 0.2090 -0.8231 0.5280
vn 0.2398 -0.7861 0.5696
vn 0.5671 -0.5213 0.6377
vn 0.5375 -0.4976 0.6808
vn 0.3909 0.5840 0.7114
vn 0.5172 0.2910 0.8049
vn 0.4145 0.2952 0.8608
vn 0.3951 0.2173 0.8926
vn 0.4360 -0.2838 0.8540
vn 0.4006 -0.1866 0.8970
vn 0.2813 -0.1457 0.9485
vn 0.3181 -0.1120 0.9414
vn 0.4097 0.1550 0.8989
vn 0.2145 0.1652 0.9626
vn 0.3349 -0.1232 0.9342
vn 0.2711 -0.1544 0.9501
vn 0.4173 -0.1729 0.8922
vn 0.4384 -0.1066 0.8924
vn 0.4704 -0.0475 0.8812
vn 0.3188 0.2266 0.9203
vn 0.3180 0.0221 0.9478
vn 0.5097 -0.3029 0.8053
vn 0.4736 -0.1583 0.8664
vn 0.3761 -0.2651 0.8878
vn 0.3787 -0.2653 0.8867
vn 0.3187 -0.4543 0.8319
vn 0.3922 -0.3584 0.8472
vn 0.3886 -0.2217 0.8943
vn 0.3472 0.3377 0.8749
vn 0.4978 0.4883 0.7168
vn 0.6102 0.2657 0.7464
vn 0.4746 0.1674 0.8641
vn 0.4773 0.1662 0.8629
vn 0.4204 -0.1330 0.8975
vn 0.3570 -0.2247 0.9067
vn 0.1996 -0.1112 0.9736
vn 0.2192 0.1282 0.9672
vn 0.3055 0.0305 0.9517
vn 0.4061 -0.3366 0.8496
vn 0.4493 -0.2687 0.8520
vn 0.4406 -0.2669 0.8571
vn 0.3822 -0.5396 0.7501
vn 0.3459 -0.5744 0.7419
vn 0.3175 -0.2090 0.9249
vn 0.2422 0.3017 0.9221
vn 0.3904 0.4963 0.7754
vn 0.5760 0.3209 0.7518
vn 0.6919 0.5479 0.4702
vn 0.3586 0.3012 0.8836
vn 0.2403 0.8658 0.4389
vn 0.0207 -0.2561 0.9664
vn 0.0812 -0.2746 0.9581
vn -0.0573 0.2547 0.9653
vn 0.0199 0.2045 0.9787
vn 0.4607 -0.2961 0.8367
vn 0.3407 -0.4760 0.8107
vn 0.3696 -0.4562 0.8095
vn 0.4082 -0.1030 0.9071
vn 0.3136 -0.3505 0.8825
vn 0.3532 -0.6023 0.7158
vn 0.1866 -0.3011 0.9351
vn -0.2466 0.0679 0.9667
vn 0.0344 0.1579 0.9869
vn -0.0933 -0.0566 0.9940
vn -0.1084 -0.2049 0.9728
vn -0.1958 0.0659 0.9784
vn -0.0146 0.0456 0.9989
vn 0.0147 0.2176 0.9759
vn 0.1086 -0.0538 0.9926
vn 0.3269 -0.2272 0.9173
vn -0.0288 0.3870 0.9216
vn -0.2410 0.1220 0.9628
vn -0.0630 0.1426 0.9878
vn -0.0023 0.3922 0.9199
vn -0.1864 0.0289 0.9821
vn -0.1857 0.0261 0.9823
vn -0.1788 -0.1572 0.9713
vn -0.1007 -0.1990 0.9748
vn -0.1274 -0.1545 0.9797
vn -0.2157 -0.3156 0.9241
vn 0.0281 -0.3044 0.9521
vn 0.0437 -0.0643 0.9970
vn 0.1242 0.1077 0.9864
vn 0.1020 0.1671 0.9807
vn 0.2425 -0.0726 0.9674
vn 0.2100 -0.0432 0.9768
vn -0.0048 0.6127 0.7903
vn -0.0110 0.5998 0.8001
vn 0.0061 0.5902 0.8072
vn -0.0732 0.3074 0.9488
vn -0.2398 0.1438 0.9601
vn -0.2084 0.0460 0.9770
vn -0.2378 -0.1624 0.9577
vn -0.1923 -0.1706 0.9664
vn -0.1187 -0.4069 0.9057
vn -0.1227 -0.4146 0.9017
vn 0.1640 -0.5239 0.8358
vn 0.1531 -0.6745 0.7222
vn 0.4760 -0.4822 0.7355
vn 0.2622 0.0709 0.9624
vn 0.3635 -0.0242 0.9313
vn 0.4373 -0.0742 0.8963
vn 0.0349 0.5529 0.8325
vn -0.0173 0.4571 0.8892
vn -0.0515 0.4546 0.8892
vn 0.0132 0.6630 0.7485
vn -0.2834 0.1852 0.9410
vn -0.2876 0.1966 0.9374
vn -0.2762 -0.1796 0.9442
vn -0.2610 -0.1823 0.9480
vn -0.0983 -0.4303 0.8973
vn -0.1303 -0.4894 0.8623
vn 0.1673 -0.4587 0.8727
vn 0.1713 -0.5403 0.8239
vn 0.3279 -0.2849 0.9007
vn 0.3526 -0.3514 0.8673
vn -0.1022 0.0379 0.9940
vn -0.0281 -0.0801 0.9964
vn -0.1590 -0.1565 0.9748
vn 0.0031 0.3037 0.9528
vn -0.0123 -0.3860 0.9224
vn -0.1879 0.2713 0.9440
vn 0.2723 -0.2470 0.9300
vn -0.1581 -0.2884 0.9444
vn 0.2380 0.0147 0.9711
vn 0.0883 0.1146 0.9895
vn 0.0202 0.2207 0.9751
vn 0.0466 0.2511 0.9668
vn -0.1860 0.2056 0.9608
vn -0.2027 0.1021 0.9739
vn -0.1706 0.1760 0.9695
vn -0.2303 0.6421 0.7312
vn -0.2132 -0.4861 0.8475
vn -0.0592 -0.4692 0.8811
vn -0.1806 -0.3047 0.9352
vn -0.5308 -0.5153 0.6728
vn 0.0929 -0.5071 0.8568
vn 0.1830 0.1852 0.9655
vn 0.0476 -0.1432 0.9886
vn 0.1802 -0.8552 0.4861
vn 0.1290 0.0445 0.9906
vn 0.2290 0.0119 0.9733
vn -0.0205 0.3323 0.9430
vn 0.0611 0.4755 0.8776
vn -0.2108 0.3926 0.8952
vn -0.2118 0.3351 0.9181
vn -0.2488 0.2400 0.9383
vn -0.2942 0.3807 0.8766
vn -0.2063 -0.3930 0.8961
vn -0.1735 -0.3682 0.9134
vn -0.1590 -0.3859 0.9087
vn -0.2420 -0.4759 0.8455
vn 0.0715 -0.4044 0.9118
vn 0.0744 -0.4523 0.8887
vn 0.1470 -0.2787 0.9491
vn 0.1607 -0.3173 0.9346
vn 0.2255 0.2123 0.9508
vn 0.4055 0.1414 0.9031
vn 0.1100 0.7319 0.6725
vn 0.0356 0.6212 0.7828
vn -0.1840 0.6726 0.7168
vn -0.2095 0.3892 0.8970
vn -0.2745 0.3049 0.9120
vn -0.2665 0.2654 0.9266
vn -0.2888 -0.5199 0.8039
vn -0.2554 -0.5030 0.8257
vn -0.2261 -0.5510 0.8033
vn -0.1924 -0.5148 0.8354
vn 0.1439 -0.5977 0.7887
vn 0.1444 -0.5403 0.8290
vn 0.2117 -0.4676 0.8582
vn 0.1854 -0.3290 0.9260
vn 0.1664 0.0788 0.9829
vn 0.1212 0.1838 0.9755
vn -0.1709 0.0146 0.9852
vn -0.0914 0.4668 0.8796
vn 0.0014 -0.2777 0.9607
vn -0.0357 -0.2224 0.9743
vn -0.0217 -0.2242 0.9743
vn 0.1659 0.0751 0.9833
vn 0.1506 -0.0646 0.9865
vn 0.0650 -0.0243 0.9976
vn -0.0010 0.0794 0.9968
vn 0.1473 0.2400 0.9595
vn -0.1049 0.1399 0.9846
vn -0.0700 -0.1256 0.9896
vn -0.0250 0.0177 0.9995
vn -0.1159 0.5139 0.8500
vn -0.0676 -0.2518 0.9654
vn 0.0292 -0.1653 0.9858
vn -0.0051 -0.1128 0.9936
vn -0.0081 -0.1169 0.9931
vn -0.0018 -0.1145 0.9934
vn -0.0196 -0.2488 0.9684
vn 0.0988 0.1236 0.9874
vn 0.1399 0.0682 0.9878
vn 0.2014 0.0666 0.9772
vn 0.2538 0.0111 0.9672
vn 0.2019 0.3288 0.9226
vn 0.0590 0.2711 0.9607
vn -0.2002 0.4795 0.8544
vn -0.2011 0.2953 0.9340
vn -0.1381 0.3417 0.9296
vn -0.1363 0.2845 0.9489
vn -0.2998 -0.8039 0.5137
vn -0.1373 -0.6591 0.7394
vn -0.1529 -0.6216 0.7683
vn -0.1020 -0.5861 0.8038
vn -0.0587 -0.6257 0.7779
vn 0.0181 -0.3719 0.9281
vn 0.4650 -0.1266 0.8762
vn 0.2243 0.1805 0.9577
vn 0.3691 0.1589 0.9157
vn 0.4407 0.1191 0.8897
vn 0.2452 0.4333 0.8672
vn 0.3114 0.4862 0.8165
vn -0.1946 0.3779 0.9052
vn -0.2036 0.4872 0.8492
vn -0.2222 0.4535 0.8631
vn -0.2397 0.7886 0.5663
vn -0.2284 -0.5287 0.8175
vn -0.1979 -0.4972 0.8448
vn -0.1045 -0.6068 0.7880
vn -0.1723 -0.7078 0.6850
vn -0.0327 -0.6930 0.7202
vn -0.0592 -0.7869 0.6143
vn 0.3346 -0.0301 0.9419
vn 0.3836 -0.1049 0.9175
vn 0.0203 -0.1905 0.9815
vn -0.1039 -0.0305 0.9941
vn 0.0206 -0.0111 0.9997
vn -0.1355 -0.2400 0.9613
vn -0.0707 0.1596 0.9847
vn -0.0035 -0.1931 0.9812
vn 0.0001 -0.1961 0.9806
vn 0.0180 -0.1669 0.9858
vn 0.0257 0.1572 0.9872
vn 0.3277 0.0338 0.9442
vn 0.0415 0.3916 0.9192
vn -0.0533 0.2450 0.9681
vn -0.2067 0.1687 0.9638
vn -0.1007 0.6997 0.7073
vn -0.2418 0.4589 0.8549
vn -0.0204 -0.4844 0.8746
vn -0.0915 -0.0410 0.9950
vn -0.3220 0.0670 0.9444
vn -0.0878 -0.2233 0.9708
vn 0.0255 -0.0538 0.9982
vn 0.0358 -0.0491 0.9982
vn 0.0156 -0.2757 0.9611
vn 0.0502 -0.1733 0.9836
vn 0.0647 -0.2238 0.9725
vn 0.3836 0.2735 0.8820
vn 0.1578 0.3125 0.9367
vn 0.0098 0.7094 0.7047
vn 0.0496 0.7762 0.6286
vn -0.1304 0.8319 0.5394
vn -0.2526 0.4233 0.8700
vn -0.2003 0.4635 0.8632
vn -0.1935 0.3925 0.8992
vn -0.2869 -0.2253 0.9311
vn -0.3393 -0.1973 0.9197
vn -0.2243 -0.5368 0.8133
vn -0.1125 -0.4158 0.9025
vn 0.1367 -0.5292 0.8374
vn 0.1433 -0.4276 0.8925
vn 0.2500 -0.3523 0.9019
vn 0.2490 -0.3492 0.9034
vn 0.2671 0.2958 0.9172
vn 0.3800 0.2712 0.8843
vn 0.1325 0.7597 0.6367
vn -0.0047 0.5571 0.8304
vn -0.1371 0.5958 0.7914
vn -0.1181 0.6617 0.7404
vn -0.2080 0.5970 0.7748
vn -0.2052 0.4781 0.8540
vn -0.3082 -0.1038 0.9456
vn -0.2122 -0.1633 0.9635
vn -0.1244 -0.3949 0.9103
vn -0.2098 -0.4887 0.8468
vn 0.0608 -0.6104 0.7897
vn 0.0823 -0.3836 0.9198
vn 0.1937 -0.2558 0.9471
vn 0.2011 -0.2915 0.9352
vn 0.0002 0.4916 0.8708
vn 0.0821 -0.1939 0.9776
vn -0.5093 0.6231 0.5936
vn -0.3107 0.7485 0.5859
vn -0.1356 -0.2964 0.9454
vn -0.4147 -0.2754 0.8673
vn 0.0588 0.0190 0.9981
vn -0.1097 -0.3697 0.9226
vn 0.1551 0.3910 0.9072
vn -0.0879 0.4167 0.9048
vn 0.1197 0.2001 0.9724
vn 0.3185 0.4467 0.8361
vn -0.2121 0.1615 0.9638
vn -0.1767 -0.2767 0.9446
vn -0.1050 0.0009 0.9945
vn -0.2045 0.4844 0.8506
vn -0.1374 -0.1680 0.9762
vn -0.0860 -0.1378 0.9867
vn -0.1136 -0.1042 0.9881
vn -0.4761 -0.3780 0.7940
vn 0.1183 -0.1168 0.9861
vn 0.1124 -0.0658 0.9915
vn 0.0807 -0.1744 0.9814
vn 0.2477 -0.7398 0.6255
vn 0.2645 0.2636 0.9277
vn 0.0631 0.2739 0.9597
vn 0.0307 0.3188 0.9473
vn 0.2069 0.5430 0.8138
vn -0.3255 0.4001 0.8567
vn -0.3243 0.3859 0.8636
vn -0.2902 0.4522 0.8434
vn -0.2577 0.2844 0.9234
vn -0.1718 -0.5388 0.8248
vn -0.2446 -0.6259 0.7405
vn -0.3626 -0.5051 0.7832
vn -0.3619 -0.5045 0.7839
vn 0.2753 -0.3471 0.8965
vn 0.2211 -0.2122 0.9519
vn 0.2297 -0.1901 0.9545
vn 0.2978 -0.3638 0.8826
vn 0.2643 0.2873 0.9206
vn 0.2801 0.2776 0.9189
vn 0.2667 0.4824 0.8343
vn 0.0432 0.3689 0.9285
vn -0.3777 0.8419 0.3854
vn -0.4306 0.5570 0.7102
vn -0.2062 0.6064 0.7680
vn -0.2185 0.2854 0.9332
vn -0.4543 -0.8907 -0.0142
vn -0.2134 -0.7877 0.5779
vn -0.3633 -0.2660 0.8929
vn -0.2334 -0.2587 0.9373
vn 0.3331 -0.8621 0.3819
vn 0.3366 -0.4134 0.8461
vn 0.1767 -0.4721 0.8636
vn 0.1564 -0.1272 0.9795
vn 0.0166 -0.1737 0.9847
vn -0.0970 0.2601 0.9607
vn -0.0741 0.2469 0.9662
vn -0.2670 -0.1283 0.9551
vn -0.2636 -0.1494 0.9530
vn -0.1541 -0.2381 0.9589
vn -0.1025 -0.2176 0.9706
vn 0.0415 0.0741 0.9964
vn 0.0754 -0.1705 0.9825
vn 0.0553 -0.1559 0.9862
vn -0.0433 0.1019 0.9939
vn -0.1494 0.0115 0.9887
vn -0.1632 0.0147 0.9865
vn -0.0717 0.3034 0.9502
vn -0.2682 0.0198 0.9631
vn -0.2070 -0.1480 0.9671
vn -0.2039 -0.0746 0.9762
vn -0.2269 -0.0696 0.9714
vn -0.1102 -0.3357 0.9355
vn -0.1979 -0.4037 0.8932
vn -0.1015 -0.4326 0.8959
vn -0.0984 -0.4236 0.9005
vn 0.1778 -0.0309 0.9836
vn 0.0940 0.0875 0.9917
vn 0.1171 0.1090 0.9871
vn 0.4647 0.0422 0.8845
vn -0.0115 0.4438 0.8960
vn 0.2596 0.8032 0.5361
vn -0.1476 0.5428 0.8268
vn -0.1417 0.5702 0.8092
vn -0.3017 -0.0710 0.9508
vn -0.4403 0.1160 0.8903
vn -0.2854 -0.3848 0.8777
vn -0.4335 -0.4522 0.7795
vn -0.1460 -0.6184 0.7722
vn -0.1741 -0.6673 0.7242
vn -0.0868 -0.6198 0.7799
vn -0.1241 -0.9367 0.3275
vn 0.0651 0.0156 0.9978
vn 0.1497 -0.0377 0.9880
vn 0.4392 0.1241 0.8898
vn 0.2153 0.1863 0.9586
vn 0.0545 0.5141 0.8560
vn -0.0142 0.4219 0.9065
vn -0.1462 0.4331 0.8894
vn -0.1527 0.4093 0.8995
vn -0.4447 -0.0384 0.8948
vn -0.4157 -0.0744 0.9065
vn -0.3814 -0.5194 0.7647
vn -0.3415 -0.5115 0.7885
vn -0.2455 -0.6415 0.7268
vn -0.1406 -0.5282 0.8374
vn -0.0960 -0.5351 0.8393
vn -0.0938 -0.5258 0.8454
vn 0.3692 0.1971 0.9082
vn 0.4402 0.1756 0.8806
vn -0.0433 -0.0732 0.9964
vn -0.1439 0.1209 0.9822
vn 0.0444 0.1543 0.9870
vn -0.0683 -0.0860 0.9939
vn -0.0679 -0.1744 0.9823
vn -0.1350 -0.0227 0.9906
vn -0.1175 -0.0273 0.9927
vn -0.0402 0.1014 0.9940
vn 0.0300 -0.0278 0.9992
vn 0.0353 -0.0296 0.9989
vn -0.1661 0.1608 0.9729
vn -0.1443 0.2190 0.9650
vn -0.0788 0.2641 0.9613
vn 0.0649 0.8483 0.5255
vn -0.2392 -0.0049 0.9710
vn -0.2797 0.0881 0.9560
vn -0.1901 -0.3150 0.9298
vn -0.1422 -0.3053 0.9416
vn -0.1023 -0.3385 0.9354
vn -0.1761 -0.4695 0.8652
vn -0.0684 -0.4088 0.9100
vn -0.0873 -0.5797 0.8101
vn 0.0453 -0.0415 0.9981
vn 0.0193 0.0342 0.9992
vn 0.1700 -0.1236 0.9777
vn 0.0486 -0.0068 0.9988
vn -0.0350 0.8937 0.4473
vn -0.1920 0.6438 0.7407
vn -0.0186 0.3934 0.9192
vn -0.0790 0.2675 0.9603
vn -0.3884 0.1493 0.9093
vn -0.3560 0.0208 0.9342
vn -0.4799 -0.3958 0.7830
vn -0.2541 -0.4715 0.8444
vn -0.1583 -0.7660 0.6231
vn -0.0977 -0.7166 0.6906
vn -0.0654 -0.7469 0.6617
vn -0.0198 -0.6385 0.7694
vn 0.2336 -0.6740 0.7009
vn 0.1562 -0.1438 0.9772
vn 0.1782 -0.1552 0.9717
vn 0.1389 -0.1201 0.9830
vn -0.1181 0.4340 0.8931
vn -0.0873 0.5114 0.8549
vn -0.0579 0.5103 0.8581
vn 0.0893 0.8339 0.5446
vn -0.3818 0.2702 0.8839
vn -0.3079 0.0879 0.9473
vn -0.3012 -0.3082 0.9024
vn -0.3828 -0.3028 0.8728
vn -0.1268 -0.6668 0.7343
vn -0.1557 -0.7165 0.6800
vn -0.0609 -0.7259 0.6851
vn -0.0657 -0.7447 0.6642
vn 0.1437 -0.5188 0.8427
vn 0.1465 -0.5308 0.8347
vn -0.2096 -0.4485 0.8689
vn -0.2072 -0.4529 0.8671
vn -0.1397 -0.3788 0.9149
vn -0.1207 -0.1680 0.9784
vn -0.1402 -0.0849 0.9865
vn -0.1082 -0.1331 0.9852
vn -0.0764 -0.1348 0.9879
vn -0.1811 -0.2317 0.9558
vn 0.2336 0.2242 0.9461
vn 0.2125 0.2459 0.9457
vn 0.1876 0.3543 0.9161
vn -0.0126 0.3012 0.9535
vn -0.1348 0.4147 0.8999
vn -0.2326 0.1374 0.9628
vn -0.2776 0.1005 0.9554
vn -0.2042 -0.1829 0.9617
vn -0.1751 -0.0174 0.9844
vn -0.1385 -0.0844 0.9868
vn -0.1238 -0.1693 0.9777
vn -0.1094 -0.1551 0.9818
vn -0.0157 -0.2619 0.9650
vn -0.0118 -0.2036 0.9790
vn 0.0657 -0.1235 0.9902
vn 0.0743 -0.5374 0.8401
vn 0.0641 0.2336 0.9702
vn 0.2780 0.2781 0.9194
vn 0.1432 0.4164 0.8978
vn 0.3074 0.5955 0.7423
vn -0.1226 0.3748 0.9190
vn -0.1354 0.2840 0.9492
vn -0.2242 -0.0563 0.9729
vn -0.3205 0.1281 0.9385
vn -0.2872 -0.1334 0.9485
vn -0.5415 0.0823 0.8366
vn -0.0987 -0.4883 0.8671
vn -0.1851 -0.6874 0.7023
vn 0.1112 -0.5381 0.8355
vn 0.1218 -0.6798 0.7232
vn 0.1963 -0.4923 0.8480
vn 0.1312 -0.2557 0.9578
vn 0.3103 0.6020 0.7357
vn 0.2731 0.5882 0.7612
vn 0.2692 0.5958 0.7566
vn 0.1833 0.5215 0.8334
vn -0.0758 0.6508 0.7555
vn -0.1267 0.4516 0.8832
vn -0.4688 -0.0017 0.8833
vn -0.4550 -0.0244 0.8901
vn -0.4487 0.0377 0.8929
vn -0.3073 -0.1339 0.9421
vn -0.1494 -0.5483 0.8229
vn -0.0991 -0.4475 0.8888
vn 0.1466 -0.5315 0.8343
vn 0.1517 -0.6108 0.7771
vn 0.2109 -0.5590 0.8019
vn 0.2026 -0.5028 0.8403
vn -0.0552 -0.1038 0.9931
vn -0.0004 -0.2568 0.9665
vn -0.2942 -0.0797 0.9524
vn -0.1333 0.1638 0.9774
vn -0.1356 -0.0994 0.9858
vn -0.1861 -0.0194 0.9823
vn -0.1305 -0.0022 0.9914
vn -0.0426 0.1872 0.9814
vn 0.0303 0.0077 0.9995
vn 0.0348 0.0067 0.9994
vn -0.1532 0.3167 0.9361
vn -0.0000 0.6294 0.7771
vn -0.0541 0.6207 0.7822
vn -0.2670 -0.3857 0.8832
vn -0.2184 -0.2419 0.9454
vn -0.4260 0.2896 0.8571
vn -0.4269 -0.0714 0.9015
vn -0.2623 -0.1989 0.9443
vn -0.1528 -0.3706 0.9161
vn -0.2455 -0.4911 0.8358
vn -0.0133 -0.4663 0.8845
vn -0.0437 -0.6285 0.7766
vn 0.0844 -0.3938 0.9153
vn 0.0338 -0.0587 0.9977
vn 0.0551 0.1314 0.9898
vn 0.1600 0.1835 0.9699
vn -0.1394 0.4368 0.8887
vn -0.1542 0.3833 0.9107
vn -0.1880 0.3643 0.9121
vn -0.0467 0.9113 0.4090
vn -0.4697 0.1552 0.8691
vn -0.2576 -0.2324 0.9379
vn -0.2538 -0.2530 0.9336
vn -0.5867 -0.1420 0.7972
vn -0.1030 -0.6265 0.7726
vn -0.1319 -0.7146 0.6870
vn 0.0598 -0.6489 0.7585
vn 0.0490 -0.7535 0.6556
vn 0.1528 -0.5625 0.8126
vn 0.1514 -0.5572 0.8165
vn 0.2049 0.3771 0.9032
vn 0.1765 0.3644 0.9144
vn -0.0286 0.7197 0.6937
vn -0.1389 0.4722 0.8705
vn -0.2207 0.4789 0.8497
vn -0.2080 0.5420 0.8142
vn -0.4661 0.2005 0.8617
vn -0.4445 0.1370 0.8852
vn -0.4388 -0.4110 0.7991
vn -0.4053 -0.4156 0.8142
vn -0.1932 -0.7268 0.6592
vn -0.1098 -0.5731 0.8121
vn 0.0280 -0.5886 0.8080
vn 0.0338 -0.5491 0.8351
vn 0.1174 -0.4458 0.8874
vn 0.1336 -0.5278 0.8388
vn 0.0354 -0.1046 0.9939
vn -0.1147 0.0841 0.9898
vn 0.0135 0.0935 0.9955
vn -0.1404 -0.1162 0.9833
vn -0.1655 -0.3847 0.9081
vn -0.2806 -0.0268 0.9595
vn -0.0922 0.0481 0.9946
vn -0.0451 0.2539 0.9662
vn -0.0942 0.1055 0.9899
vn 0.1793 0.0139 0.9837
vn -0.0713 0.3412 0.9373
vn -0.0889 0.3058 0.9479
vn -0.2126 0.2428 0.9465
vn -0.1575 0.6150 0.7726
vn -0.2888 0.3586 0.8877
vn -0.2468 0.0969 0.9642
vn -0.2168 -0.1922 0.9571
vn -0.0310 -0.2084 0.9776
vn -0.0219 -0.2200 0.9752
vn -0.1875 -0.6551 0.7319
vn -0.1610 -0.6510 0.7418
vn -0.1058 -0.3555 0.9287
vn 0.0112 0.0108 0.9999
vn -0.1059 0.2541 0.9614
vn 0.2150 0.1817 0.9596
vn 0.0183 0.2563 0.9664
vn 0.0136 0.4500 0.8929
vn -0.0710 0.3516 0.9334
vn -0.1624 0.4543 0.8759
vn -0.2164 0.2637 0.9400
vn -0.2438 0.2558 0.9355
vn -0.2448 0.2760 0.9295
vn -0.5132 -0.3215 0.7958
vn -0.2783 -0.3276 0.9029
vn -0.1259 -0.8824 0.4533
vn 0.0104 -0.6874 0.7262
vn -0.1787 -0.4773 0.8604
vn -0.1727 -0.4616 0.8701
vn 0.4677 -0.4827 0.7404
vn 0.1690 0.0456 0.9846
vn 0.3159 0.0248 0.9485
vn 0.1359 0.1178 0.9837
vn -0.0182 0.5163 0.8562
vn 0.0805 0.6333 0.7697
vn -0.0996 0.6718 0.7340
vn -0.1627 0.4583 0.8738
vn -0.2836 0.3078 0.9082
vn -0.2904 0.3949 0.8716
vn -0.3549 -0.1134 0.9280
vn -0.3107 -0.1410 0.9400
vn -0.1102 -0.5883 0.8011
vn -0.1108 -0.5891 0.8004
vn -0.1575 -0.5739 0.8036
vn -0.1949 -0.6823 0.7047
vn 0.2068 -0.2312 0.9507
vn 0.2669 -0.3497 0.8980
vn -0.1041 -0.0535 0.9931
vn -0.2162 0.1146 0.9696
vn 0.1093 0.1714 0.9791
vn -0.1303 -0.1830 0.9744
vn -0.1340 -0.2094 0.9686
vn -0.1365 -0.1937 0.9715
vn -0.2924 -0.0541 0.9548
vn -0.1237 0.2350 0.9641
vn 0.0041 0.1207 0.9927
vn 0.2405 0.0670 0.9683
vn -0.0934 0.3031 0.9484
vn -0.2251 -0.0470 0.9732
vn -0.1108 0.0506 0.9925
vn -0.0442 0.7684 0.6384
vn -0.2500 0.2441 0.9370
vn -0.2035 0.0319 0.9786
vn -0.1489 -0.2164 0.9649
vn -0.1353 -0.2114 0.9680
vn -0.0660 -0.2615 0.9630
vn -0.2937 -0.4777 0.8280
vn -0.0267 -0.3204 0.9469
vn -0.0135 -0.5057 0.8626
vn 0.0551 -0.2936 0.9543
vn 0.1898 -0.8832 0.4289
vn 0.2882 0.2180 0.9324
vn 0.1425 0.2882 0.9469
vn 0.0563 0.5665 0.8222
vn -0.0938 0.3223 0.9420
vn -0.1436 0.3520 0.9249
vn -0.1656 0.2236 0.9605
vn -0.2080 0.1869 0.9601
vn -0.2054 0.1595 0.9656
vn -0.3164 -0.6477 0.6931
vn -0.2652 -0.6324 0.7278
vn -0.2806 -0.6048 0.7453
vn -0.2190 -0.5810 0.7839
vn 0.2928 -0.8615 0.4148
vn 0.1802 -0.5555 0.8118
vn 0.1468 -0.5663 0.8110
vn 0.1253 -0.3967 0.9094
vn 0.2051 0.2498 0.9463
vn 0.3130 0.2294 0.9216
vn 0.0098 0.5480 0.8364
vn 0.0665 0.6681 0.7411
vn -0.1962 0.5850 0.7870
vn -0.1950 0.6019 0.7744
vn -0.3042 0.3856 0.8711
vn -0.3256 0.5305 0.7826
vn -0.2025 -0.5516 0.8091
vn -0.2828 -0.5880 0.7578
vn -0.2833 -0.5876 0.7580
vn -0.2656 -0.5725 0.7757
vn 0.0799 -0.4981 0.8635
vn 0.1249 -0.6918 0.7112
vn 0.1995 -0.5780 0.7913
vn 0.2294 -0.7812 0.5806
vn -0.1171 0.2404 0.9636
vn -0.0517 -0.0479 0.9975
vn 0.0512 -0.1838 0.9816
vn -0.2682 -0.3551 0.8955
vn -0.2524 -0.4789 0.8408
vn -0.3095 -0.4421 0.8419
vn -0.0533 -0.2616 0.9637
vn -0.1315 -0.4539 0.8813
vn 0.0950 -0.0962 0.9908
vn -0.2231 0.0798 0.9715
vn -0.1224 -0.2823 0.9515
vn -0.0930 -0.2592 0.9613
vn -0.1617 -0.2148 0.9632
vn 0.0303 0.2685 0.9628
vn -0.2984 -0.1195 0.9469
vn -0.2216 -0.3799 0.8981
vn -0.2283 -0.5065 0.8315
vn -0.2578 -0.4808 0.8381
vn -0.1887 -0.6180 0.7632
vn -0.3371 -0.6623 0.6691
vn -0.1760 -0.7424 0.6464
vn -0.0553 -0.4942 0.8676
vn -0.0058 -0.4548 0.8906
vn 0.0144 -0.5162 0.8563
vn 0.0194 0.0870 0.9960
vn 0.5155 0.3752 0.7704
vn -0.0946 0.4430 0.8915
vn 0.1448 0.8569 0.4947
vn -0.0397 0.7427 0.6684
vn 0.1931 0.7022 -0.6853
vn -0.2208 -0.3577 0.9074
vn -0.5912 0.0189 0.8063
vn -0.2963 -0.5690 0.7671
vn -0.4990 -0.5492 0.6704
vn -0.1680 -0.6482 0.7427
vn -0.2300 -0.7401 0.6319
vn -0.1005 -0.6385 0.7630
vn -0.0696 -0.9743 -0.2143
vn 0.0222 -0.3170 0.9482
vn 0.2645 -0.6152 0.7427
vn 0.4634 0.6320 0.6212
vn 0.2061 0.5432 0.8140
vn 0.1356 0.7635 0.6314
vn -0.0772 0.5613 0.8240
vn 0.0310 0.4511 0.8919
vn -0.0602 0.2068 0.9765
vn -0.5253 0.0227 0.8506
vn -0.2925 -0.3775 0.8786
vn -0.3057 -0.5108 0.8035
vn -0.2632 -0.5400 0.7994
vn -0.2109 -0.6566 0.7242
vn -0.1667 -0.6393 0.7507
vn -0.1694 -0.6373 0.7517
vn -0.1261 -0.5086 0.8517
vn 0.1801 -0.3683 0.9121
vn 0.1667 -0.3441 0.9240
vn -0.0855 0.0362 0.9957
vn -0.1198 0.0649 0.9907
vn 0.0875 0.3017 0.9494
vn -0.0026 0.0361 0.9993
vn -0.0217 -0.3575 0.9337
vn -0.0891 0.0038 0.9960
vn 0.0586 -0.1454 0.9876
vn -0.0488 -0.2432 0.9688
vn 0.0803 0.3165 0.9452
vn 0.3215 0.1897 0.9277
vn 0.0233 0.5233 0.8518
vn -0.1205 0.1611 0.9795
vn -0.0484 0.2031 0.9780
vn 0.1068 0.8375 0.5360
vn -0.2095 -0.0458 0.9767
vn -0.2131 -0.0427 0.9761
vn -0.1968 -0.1485 0.9691
vn 0.1132 -0.2260 0.9675
vn -0.0724 0.0172 0.9972
vn -0.0918 -0.0013 0.9958
vn 0.0602 0.0819 0.9948
vn 0.0600 -0.1500 0.9869
vn 0.0697 -0.1126 0.9912
vn 0.1491 -0.3829 0.9117
vn 0.4463 0.2722 0.8525
vn 0.0898 0.3275 0.9406
vn -0.0253 0.5198 0.8539
vn 0.0138 0.6511 0.7589
vn 0.0060 0.6507 0.7593
vn -0.0375 0.4570 0.8887
vn -0.3365 -0.2701 0.9021
vn -0.4110 -0.2732 0.8698
vn -0.3887 -0.4037 0.8282
vn -0.4434 -0.3963 0.8039
vn -0.3836 -0.4912 0.7821
vn -0.2694 -0.3812 0.8844
vn 0.2141 -0.3492 0.9123
vn 0.1746 -0.1338 0.9755
vn 0.2331 0.0096 0.9724
vn 0.4232 -0.4023 0.8118
vn 0.2340 0.3073 0.9224
vn 0.3967 0.2482 0.8838
vn 0.0010 0.7942 0.6077
vn -0.0342 0.7074 0.7060
vn 0.0041 0.7086 0.7056
vn 0.0089 0.7251 0.6886
vn -0.4862 -0.2845 0.8262
vn -0.3727 -0.3025 0.8773
vn -0.3675 -0.3395 0.8658
vn -0.3446 -0.3441 0.8734
vn -0.2892 -0.4376 0.8514
vn -0.4067 -0.5346 0.7409
vn 0.2468 -0.5691 0.7843
vn 0.2207 -0.3610 0.9061
vn 0.3115 -0.1735 0.9343
vn 0.2495 -0.0013 0.9684
vn 0.0184 0.5423 0.8400
vn 0.3079 0.4016 0.8625
vn 0.0267 0.1471 0.9888
vn 0.0217 0.1186 0.9927
vn 0.0286 -0.0180 0.9994
vn -0.0254 0.1316 0.9910
vn 0.0573 0.0650 0.9962
vn -0.0682 -0.0223 0.9974
vn 0.1419 0.4618 0.8755
vn -0.0503 0.4039 0.9134
vn -0.0053 0.3373 0.9414
vn 0.3814 0.5465 0.7456
vn -0.2175 0.4867 0.8461
vn -0.2069 0.5776 0.7897
vn -0.1925 0.5980 0.7780
vn -0.1987 0.7070 0.6787
vn -0.2194 -0.1798 0.9589
vn -0.0437 -0.1850 0.9818
vn -0.0498 -0.1749 0.9833
vn -0.1416 -0.2593 0.9554
vn 0.0682 -0.2230 0.9724
vn 0.0806 -0.1568 0.9843
vn 0.1302 -0.0341 0.9909
vn 0.1867 -0.3023 0.9347
vn 0.0890 0.5441 0.8343
vn 0.1977 0.6658 0.7195
vn 0.2297 0.6350 0.7376
vn 0.1573 0.5827 0.7973
vn -0.2752 0.5125 0.8134
vn -0.2973 0.6092 0.7352
vn -0.2402 0.6785 0.6942
vn -0.2443 0.6997 0.6714
vn -0.2463 -0.4728 0.8461
vn -0.4186 -0.6127 0.6704
vn -0.2796 -0.7370 0.6153
vn -0.1480 -0.5837 0.7984
vn 0.0581 -0.5652 0.8229
vn 0.0837 -0.3280 0.9410
vn 0.1701 -0.1361 0.9760
vn 0.1329 -0.0370 0.9904
vn 0.3609 0.8839 0.2975
vn 0.1690 0.7831 0.5985
vn 0.3325 0.5287 0.7809
vn 0.1354 0.4629 0.8760
vn -0.2239 0.5861 0.7787
vn -0.2232 0.4437 0.8680
vn -0.1360 0.5291 0.8376
vn -0.1305 0.4361 0.8904
vn -0.2332 -0.4339 0.8703
vn -0.2298 -0.4337 0.8713
vn -0.1778 -0.5433 0.8205
vn -0.2155 -0.5696 0.7931
vn 0.0023 -0.6894 0.7244
vn 0.0418 -0.4676 0.8829
vn 0.3033 -0.2435 0.9213
vn 0.3158 -0.2794 0.9068
vn -0.1545 -0.1007 0.9828
vn -0.0932 -0.2529 0.9630
vn -0.1152 -0.2550 0.9601
vn -0.2005 -0.5052 0.8394
vn -0.2789 0.0473 0.9592
vn -0.2114 -0.0836 0.9738
vn -0.1522 -0.0886 0.9844
vn -0.1541 -0.0922 0.9837
vn -0.1032 -0.1159 0.9879
vn -0.1518 -0.0946 0.9839
vn -0.1273 -0.1786 0.9757
vn -0.0567 -0.1447 0.9879
vn -0.1906 -0.0635 0.9796
vn -0.1541 0.0782 0.9850
vn -0.3486 -0.1711 0.9215
vn -0.2393 -0.4941 0.8358
vn -0.2354 -0.2874 0.9284
vn -0.4123 -0.0291 0.9106
vn -0.2019 -0.5798 0.7893
vn -0.1915 -0.5664 0.8016
vn -0.1862 -0.5692 0.8008
vn -0.1249 -0.3733 0.9193
vn -0.0772 -0.3192 0.9445
vn -0.1068 -0.1465 0.9834
vn 0.2117 0.2025 0.9561
vn 0.1074 0.1763 0.9784
vn 0.0589 0.3025 0.9513
vn 0.0605 0.3040 0.9508
vn -0.1681 0.3630 0.9165
vn -0.1997 0.1999 0.9592
vn -0.3813 -0.1123 0.9176
vn -0.3632 -0.1568 0.9184
vn -0.3590 -0.3102 0.8803
vn -0.3738 -0.3006 0.8774
vn -0.1693 -0.6612 0.7308
vn -0.1799 -0.7014 0.6897
vn -0.1389 -0.7122 0.6881
vn -0.1568 -0.8272 0.5396
vn 0.1565 -0.5991 0.7852
vn 0.1329 -0.5452 0.8277
vn 0.0552 0.1278 0.9903
vn 0.1322 0.1114 0.9849
vn 0.0836 0.2649 0.9606
vn 0.0229 0.2254 0.9740
vn -0.1277 0.2922 0.9478
vn -0.1594 0.1498 0.9758
vn -0.3370 -0.1050 0.9356
vn -0.3095 -0.1867 0.9324
vn -0.3112 -0.3981 0.8629
vn -0.4101 -0.3220 0.8533
vn -0.1590 -0.7553 0.6358
vn -0.1597 -0.7567 0.6339
vn -0.1897 -0.7461 0.6383
vn -0.1606 -0.6083 0.7773
vn 0.0041 -0.4450 0.8955
vn -0.0037 -0.4096 0.9122
vn 0.2834 0.1160 0.9520
vn 0.2055 0.1641 0.9648
vn -0.0196 -0.0011 0.9998
vn 0.1514 0.3576 0.9215
vn 0.0995 -0.1462 0.9842
vn 0.1031 -0.1859 0.9771
vn 0.3099 -0.5699 0.7611
vn 0.4206 -0.3767 0.8253
vn 0.2403 0.1729 0.9552
vn 0.2983 0.1262 0.9461
vn 0.1866 0.3340 0.9239
vn 0.1871 0.3350 0.9234
vn 0.0728 0.3436 0.9363
vn 0.0411 -0.1332 0.9902
vn 0.1818 0.1313 0.9745
vn 0.1136 0.4163 0.9021
vn 0.1098 -0.2236 0.9685
vn 0.0560 -0.2262 0.9725
vn 0.1159 -0.3449 0.9315
vn 0.0566 -0.4092 0.9107
vn 0.1364 -0.4105 0.9016
vn 0.2539 0.0973 0.9623
vn 0.2151 0.0196 0.9764
vn 0.2395 -0.1227 0.9631
vn 0.2906 0.1615 0.9431
vn 0.2416 0.1736 0.9547
vn 0.1130 0.3356 0.9352
vn 0.1549 0.5994 0.7853
vn -0.1240 0.5206 0.8447
vn -0.1552 0.7116 0.6852
vn -0.1573 0.7090 0.6874
vn -0.0424 0.4540 0.8900
vn 0.0404 -0.3566 0.9334
vn 0.0137 -0.3664 0.9304
vn 0.0821 -0.4438 0.8923
vn 0.0971 -0.4192 0.9027
vn 0.1764 -0.3895 0.9040
vn 0.1342 -0.5654 0.8138
vn 0.3251 -0.1682 0.9306
vn 0.3199 -0.1501 0.9355
vn 0.3053 0.2203 0.9264
vn 0.3791 0.2159 0.8998
vn 0.0880 0.5422 0.8357
vn 0.0835 0.5116 0.8551
vn -0.0318 0.4848 0.8741
vn -0.0100 0.3330 0.9429
vn 0.0250 0.4146 0.9097
vn -0.0648 0.6194 0.7824
vn 0.0314 -0.4818 0.8757
vn -0.1287 -0.5789 0.8052
vn -0.0097 -0.6692 0.7430
vn 0.0550 -0.5813 0.8119
vn 0.2198 -0.5322 0.8176
vn 0.1520 -0.7527 0.6406
vn 0.4023 -0.3804 0.8327
vn 0.3420 -0.1900 0.9203
vn 0.3656 -0.0232 0.9305
vn 0.1540 0.3133 0.9371
vn 0.3386 0.3337 0.8798
vn 0.2315 0.1264 0.9646
vn 0.2327 0.1419 0.9621
vn 0.2652 0.0116 0.9641
vn 0.3378 -0.0435 0.9402
vn 0.3660 -0.0095 0.9306
vn 0.2560 0.1547 0.9542
vn 0.5154 0.2351 0.8241
vn 0.2634 0.4045 0.8758
vn 0.1272 0.1134 0.9854
vn 0.2142 0.1960 0.9569
vn 0.1574 0.9539 0.2557
vn 0.0931 0.1116 0.9894
vn 0.0195 0.2431 0.9698
vn 0.0899 -0.0415 0.9951
vn -0.1476 0.0554 0.9875
vn 0.2363 -0.2438 0.9406
vn -0.0113 -0.5800 0.8145
vn 0.4211 -0.1180 0.8993
vn 0.4240 -0.2813 0.8608
vn 0.3766 -0.4323 0.8193
vn -0.1322 0.9532 0.2720
vn 0.4407 0.7495 0.4940
vn 0.3242 0.5694 0.7555
vn 0.2867 0.6377 0.7150
vn 0.2519 0.5626 0.7874
vn 0.2262 0.5792 0.7832
vn 0.1954 0.2879 0.9375
vn 0.0818 0.1629 0.9832
vn 0.1153 0.1074 0.9875
vn 0.0875 -0.0449 0.9952
vn 0.0862 -0.0441 0.9953
vn 0.1960 -0.4804 0.8549
vn 0.2102 -0.4585 0.8635
vn 0.5180 -0.5689 0.6387
vn 0.5378 -0.3532 0.7655
vn 0.3456 -0.5266 0.7767
vn 0.3468 -0.3274 0.8789
vn 0.2899 0.3454 0.8926
vn 0.3618 0.3974 0.8433
vn 0.2297 0.5048 0.8321
vn 0.2857 0.6630 0.6919
vn 0.2352 0.6403 0.7312
vn 0.2410 0.4840 0.8412
vn 0.1434 -0.0346 0.9891
vn -0.0763 0.2055 0.9757
vn 0.0083 -0.1697 0.9855
vn -0.4778 -0.1055 0.8721
vn 0.1962 -0.4432 0.8747
vn 0.2118 -0.4117 0.8864
vn 0.4668 -0.1920 0.8633
vn 0.4866 -0.4617 0.7417
vn 0.3849 -0.6538 0.6514
vn 0.3628 -0.8345 0.4146
vn 0.1652 0.4329 0.8861
vn 0.1868 0.3111 0.9318
vn 0.0581 0.2736 0.9601
vn 0.0607 0.3037 0.9508
vn 0.1885 -0.3047 0.9336
vn -0.0696 0.0162 0.9974
vn 0.0867 0.0130 0.9962
vn 0.0477 -0.0362 0.9982
vn 0.3252 0.3793 0.8663
vn 0.1626 0.4305 0.8878
vn 0.2209 0.3676 0.9034
vn 0.1977 0.3434 0.9182
vn 0.0927 0.2919 0.9520
vn 0.0909 0.1683 0.9815
vn 0.0791 0.1204 0.9896
vn -0.0088 0.3705 0.9288
vn 0.0643 -0.1950 0.9787
vn 0.2575 -0.1796 0.9495
vn 0.1189 0.0071 0.9929
vn -0.2645 -0.4694 0.8424
vn 0.2491 -0.1561 0.9558
vn 0.2370 -0.4487 0.8617
vn 0.3598 -0.0493 0.9317
vn 0.4054 -0.2086 0.8900
vn 0.3384 0.1953 0.9205
vn 0.2581 0.2570 0.9313
vn 0.2328 0.3932 0.8895
vn 0.2284 0.3911 0.8916
vn -0.0700 0.8408 0.5369
vn -0.0716 0.5890 0.8050
vn -0.1090 0.5850 0.8036
vn -0.0111 0.1722 0.9850
vn -0.1437 -0.2227 0.9643
vn 0.0192 -0.2877 0.9575
vn 0.0165 -0.2629 0.9647
vn 0.0581 -0.2331 0.9707
vn 0.1822 -0.4692 0.8641
vn 0.2247 -0.0960 0.9697
vn 0.2938 -0.0621 0.9539
vn 0.2800 0.0023 0.9600
vn 0.3588 0.3529 0.8641
vn 0.5548 0.2916 0.7792
vn 0.3765 0.5488 0.7463
vn 0.2540 0.4517 0.8552
vn -0.0031 0.4604 0.8877
vn -0.0037 0.6303 0.7763
vn -0.0833 0.4925 0.8663
vn -0.1211 0.5996 0.7911
vn -0.1189 -0.2239 0.9673
vn -0.1461 -0.2246 0.9634
vn -0.0171 -0.4322 0.9016
vn -0.0683 -0.4979 0.8646
vn 0.2435 -0.4469 0.8608
vn 0.1967 -0.7080 0.6783
vn 0.4305 -0.3457 0.8338
vn 0.3904 -0.1843 0.9020
vn 0.1069 0.0685 0.9919
vn 0.0789 0.1566 0.9845
vn 0.2883 -0.0166 0.9574
vn 0.0699 -0.2373 0.9689
vn 0.1052 0.1224 0.9869
vn 0.2041 -0.0915 0.9747
vn 0.1579 -0.0860 0.9837
vn 0.0839 -0.2241 0.9709
vn 0.2435 -0.1029 0.9644
vn 0.1377 0.0590 0.9887
vn 0.0562 0.2891 0.9556
vn 0.0664 0.3134 0.9473
vn 0.1532 0.2798 0.9478
vn 0.2238 0.5950 0.7719
vn 0.0331 0.3886 0.9208
vn 0.0837 -0.2749 0.9578
vn 0.1083 -0.0562 0.9925
vn 0.0152 -0.0353 0.9993
vn 0.0388 -0.1066 0.9935
vn 0.2000 -0.0944 0.9752
vn 0.1917 -0.0911 0.9772
vn 0.1907 -0.1447 0.9709
vn 0.1771 -0.1635 0.9705
vn 0.1875 -0.4472 0.8746
vn 0.2611 0.0905 0.9611
vn 0.9133 -0.2277 0.3377
vn 0.0576 0.4085 0.9109
vn 0.0532 0.3859 0.9210
vn 0.0069 0.3443 0.9388
vn -0.0012 0.8428 0.5383
vn -0.0998 0.5720 0.8141
vn -0.2692 0.9631 0.0063
vn 0.0710 -0.3088 0.9485
vn -0.1248 -0.4138 0.9018
vn -0.1171 -0.4182 0.9008
vn -0.4674 -0.2197 -0.8563
vn 0.2612 -0.2105 0.9421
vn 0.2737 -0.2949 0.9155
vn 0.2839 -0.2434 0.9274
vn 0.3492 -0.4893 0.7991
vn 0.4529 0.0358 0.8908
vn 0.3215 0.1313 0.9378
vn -0.0011 0.9119 0.4105
vn -0.0231 0.8385 0.5444
vn -0.0291 0.8408 0.5406
vn -0.0649 0.5342 0.8429
vn 0.0082 0.5709 0.8210
vn 0.0483 0.3338 0.9414
vn -0.1448 -0.7095 0.6897
vn -0.1338 -0.7031 0.6984
vn -0.2485 -0.2853 0.9257
vn 0.0158 -0.1830 0.9830
vn 0.3441 -0.4027 0.8482
vn 0.3430 -0.3622 0.8667
vn 0.3468 -0.3591 0.8665
vn 0.3422 -0.3247 0.8817
vn 0.2777 0.0602 0.9588
vn 0.1810 0.2233 0.9578
vn 0.3763 0.1952 0.9057
vn 0.3198 0.0799 0.9441
vn 0.3059 -0.1354 0.9424
vn 0.1362 0.1818 0.9739
vn 0.2804 0.2797 0.9182
vn 0.2642 0.1504 0.9527
vn 0.3438 0.1815 0.9213
vn 0.3331 0.1827 0.9250
vn 0.2768 0.2768 0.9202
vn 0.1616 0.1739 0.9714
vn 0.2901 0.1940 0.9371
vn 0.2844 0.5030 0.8162
vn 0.1411 0.0958 0.9854
vn 0.1420 0.0939 0.9854
vn 0.1518 -0.1609 0.9752
vn 0.2769 -0.1778 0.9443
vn 0.2601 -0.1450 0.9546
vn 0.0198 -0.4903 0.8713
vn 0.3332 -0.4152 0.8465
vn 0.3904 -0.0270 0.9202
vn 0.3812 -0.0533 0.9229
vn 0.3545 0.0478 0.9338
vn 0.4369 0.2538 0.8630
vn 0.3947 0.2776 0.8759
vn 0.3659 0.3958 0.8423
vn 0.3141 0.3863 0.8672
vn 0.2195 0.4888 0.8443
vn 0.2104 0.4348 0.8756
vn -0.0488 0.2875 0.9565
vn -0.0036 0.1482 0.9890
vn -0.0810 -0.1011 0.9916
vn 0.1381 -0.1831 0.9733
vn 0.1587 -0.4628 0.8722
vn 0.2065 -0.4155 0.8858
vn 0.2561 -0.4798 0.8391
vn 0.3150 -0.2424 0.9176
vn 0.3994 -0.2188 0.8903
vn 0.3749 -0.0490 0.9257
vn 0.3786 0.3697 0.8486
vn 0.5460 0.3663 0.7535
vn 0.3499 0.5357 0.7685
vn 0.5977 0.7904 0.1347
vn 0.1390 0.5279 0.8378
vn 0.0042 0.9898 0.1427
vn -0.0331 0.3963 0.9175
vn 0.0953 0.2046 0.9742
vn 0.1731 -0.2143 0.9613
vn -0.5474 -0.4734 0.6902
vn 0.0102 -0.6584 0.7526
vn 0.1643 -0.4475 0.8791
vn 0.3081 -0.3333 0.8911
vn 0.2545 -0.6000 0.7584
vn 0.4296 -0.1051 0.8969
vn 0.5050 -0.5179 0.6905
vn 0.0449 -0.0583 0.9973
vn -0.0348 0.2324 0.9720
vn 0.1091 0.1197 0.9868
vn 0.0333 -0.0255 0.9991
vn 0.0203 0.0406 0.9990
vn -0.0211 0.0602 0.9980
vn 0.0900 0.1298 0.9874
vn 0.0497 0.0286 0.9984
vn 0.1902 0.0361 0.9811
vn 0.1458 0.0542 0.9878
vn -0.0368 0.3877 0.9210
vn -0.0127 0.4171 0.9088
vn -0.0059 0.4171 0.9088
vn 0.0096 0.4824 0.8759
vn -0.1181 0.2661 0.9567
vn -0.0947 0.1423 0.9853
vn -0.0917 -0.2098 0.9734
vn -0.0957 -0.2105 0.9729
vn -0.0505 -0.2923 0.9550
vn -0.1768 -0.3766 0.9093
vn 0.1942 -0.3691 0.9089
vn 0.2102 -0.2089 0.9551
vn 0.2220 -0.1870 0.9570
vn 0.1899 -0.0739 0.9790
vn 0.2590 0.1294 0.9572
vn 0.2745 0.1199 0.9541
vn 0.1317 0.5786 0.8049
vn -0.0310 0.4240 0.9051
vn -0.0331 0.4253 0.9044
vn -0.0154 0.5097 0.8602
vn -0.2100 0.4577 0.8639
vn -0.1833 0.3334 0.9248
vn -0.3732 -0.5602 0.7395
vn -0.1933 -0.4861 0.8522
vn -0.2217 -0.4063 0.8864
vn -0.0833 -0.3501 0.9330
vn 0.1678 -0.5432 0.8227
vn 0.1820 -0.3434 0.9214
vn 0.2250 -0.3097 0.9238
vn 0.2029 -0.1692 0.9645
vn 0.2502 0.1928 0.9488
vn 0.3266 0.1780 0.9282
vn 0.0692 0.5359 0.8414
vn 0.1561 0.6796 0.7168
vn -0.0461 0.6492 0.7592
vn -0.0578 0.5711 0.8189
vn -0.2169 0.2991 0.9292
vn -0.2913 0.6195 0.7289
vn -0.2679 -0.3879 0.8819
vn -0.2583 -0.3847 0.8862
vn -0.2001 -0.4604 0.8649
vn -0.3274 -0.5639 0.7582
vn 0.1629 -0.4853 0.8590
vn 0.1623 -0.5218 0.8375
vn 0.2581 -0.3507 0.9002
vn 0.2634 -0.3709 0.8905
vn 0.0212 0.3028 0.9528
vn 0.0409 0.2653 0.9633
vn 0.0315 0.2671 0.9632
vn 0.0038 0.2140 0.9768
vn 0.0097 0.1285 0.9917
vn 0.0453 0.0862 0.9952
vn 0.1924 0.1713 0.9662
vn 0.0454 -0.2631 0.9637
vn 0.1823 0.2109 0.9604
vn -0.0182 0.2333 0.9722
vn 0.0611 0.1195 0.9910
vn 0.0332 0.0763 0.9965
vn 0.0179 0.0718 0.9973
vn 0.0367 0.2244 0.9738
vn -0.0702 -0.0699 0.9951
vn -0.1883 0.3403 0.9213
vn -0.1487 -0.2647 0.9528
vn -0.2508 -0.2410 0.9376
vn -0.0364 -0.5076 0.8608
vn 0.0190 -0.4305 0.9024
vn 0.0911 -0.4107 0.9072
vn 0.1805 0.2313 0.9560
vn 0.0968 -0.0096 0.9953
vn 0.2147 -0.4414 0.8712
vn 0.2033 0.2292 0.9519
vn 0.1940 0.2287 0.9540
vn 0.0361 0.5060 0.8618
vn 0.0824 0.6174 0.7823
vn -0.0582 0.6332 0.7718
vn -0.0841 0.4500 0.8891
vn -0.2209 0.2257 0.9488
vn -0.1638 0.0407 0.9857
vn -0.1653 -0.2507 0.9538
vn -0.1361 -0.2416 0.9608
vn -0.0123 -0.4686 0.8833
vn -0.0367 -0.5156 0.8560
vn 0.0855 -0.5206 0.8495
vn 0.0947 -0.4305 0.8976
vn 0.2378 -0.2115 0.9480
vn 0.1983 -0.1045 0.9745
vn 0.2782 0.3550 0.8925
vn 0.3205 0.3531 0.8790
vn 0.1636 0.7570 0.6326
vn 0.0360 0.5537 0.8319
vn -0.0412 0.5901 0.8063
vn -0.0503 0.5570 0.8290
vn -0.2919 0.3986 0.8694
vn -0.2570 0.2620 0.9302
vn -0.3814 -0.4238 0.8215
vn -0.2672 -0.4081 0.8730
vn -0.1449 -0.7055 0.6937
vn -0.0198 -0.5360 0.8440
vn 0.0978 -0.5991 0.7947
vn 0.1007 -0.5858 0.8042
vn 0.2558 -0.4851 0.8362
vn 0.2104 -0.1799 0.9609
vn 0.0885 0.1673 0.9819
vn 0.1299 -0.1695 0.9769
vn -0.1665 -0.0710 0.9835
vn -0.1297 0.4326 0.8922
vn -0.0922 0.1349 0.9866
vn 0.0158 -0.0437 0.9989
vn 0.0681 -0.0489 0.9965
vn 0.0426 -0.0806 0.9958
vn 0.0571 0.1410 0.9884
vn 0.0681 0.1389 0.9880
vn 0.0091 0.2209 0.9753
vn 0.2915 0.6493 0.7024
vn -0.1639 0.4607 0.8723
vn -0.1511 -0.1003 0.9834
vn -0.0578 0.2200 0.9738
vn -0.0332 0.0704 0.9970
vn -0.0293 0.0326 0.9990
vn -0.1441 0.1031 0.9842
vn 0.0688 -0.2106 0.9751
vn 0.0271 -0.3582 0.9333
vn -0.0220 -0.3827 0.9236
vn 0.0867 0.1858 0.9788
vn 0.0440 0.0234 0.9988
vn 0.0923 -0.1824 0.9789
vn 0.1754 0.2966 0.9388
vn 0.1514 0.2915 0.9445
vn 0.0543 0.4135 0.9089
vn 0.0179 0.3350 0.9421
vn -0.1588 0.2567 0.9534
vn -0.2062 0.5458 0.8121
vn -0.2341 0.4849 0.8426
vn -0.2752 0.6490 0.7093
vn -0.2330 -0.2237 0.9464
vn -0.3905 -0.2365 0.8897
vn 0.0820 -0.6822 0.7266
vn 0.1080 -0.4852 0.8677
vn 0.0774 -0.4983 0.8635
vn -0.0281 -0.9337 0.3571
vn 0.3173 -0.4785 0.8187
vn 0.2374 -0.2390 0.9416
vn 0.2254 0.3020 0.9263
vn 0.1787 0.3008 0.9368
vn 0.0865 0.5089 0.8565
vn 0.0577 0.4488 0.8917
vn -0.2947 0.5087 0.8089
vn -0.2673 0.3801 0.8855
vn -0.1960 0.4829 0.8535
vn -0.1819 0.3922 0.9017
vn -0.2171 -0.1645 0.9622
vn -0.1847 -0.1762 0.9669
vn 0.0649 -0.6898 0.7211
vn 0.0778 -0.6430 0.7619
vn 0.0098 -0.6359 0.7717
vn 0.0694 -0.3669 0.9277
vn 0.1698 -0.1895 0.9671
vn 0.1963 -0.3031 0.9325
vn 0.2996 -0.3237 0.8975
vn 0.0371 0.0622 0.9974
vn 0.0971 0.0796 0.9921
vn 0.0636 0.0106 0.9979
vn 0.0313 -0.3297 0.9436
vn -0.0490 0.0431 0.9979
vn 0.1246 -0.0423 0.9913
vn 0.2447 0.1790 0.9529
vn 0.1042 -0.0316 0.9941
vn 0.2669 -0.3118 0.9119
vn 0.0643 0.4273 0.9018
vn 0.0709 0.4359 0.8972
vn -0.0656 0.5030 0.8618
vn -0.0599 0.5256 0.8486
vn -0.1759 0.4147 0.8928
vn -0.1737 0.3748 0.9107
vn -0.2653 -0.4102 0.8726
vn -0.0797 -0.4952 0.8651
vn -0.2032 -0.1591 0.9661
vn -0.1973 -0.1583 0.9675
vn 0.0894 -0.3036 0.9486
vn 0.1424 -0.1051 0.9842
vn 0.2001 -0.0283 0.9794
vn 0.1268 0.1780 0.9758
vn 0.2998 -0.1011 0.9486
vn 0.3083 -0.1124 0.9446
vn 0.0874 0.4899 0.8674
vn 0.0661 0.4453 0.8930
vn -0.0217 0.4734 0.8806
vn -0.0445 0.3551 0.9338
vn -0.1136 0.2663 0.9572
vn -0.1237 0.3261 0.9372
vn -0.1788 -0.2934 0.9391
vn -0.1620 -0.2958 0.9414
vn -0.1852 -0.2363 0.9539
vn -0.3168 -0.2864 0.9042
vn 0.1142 -0.4478 0.8868
vn 0.1107 -0.4996 0.8592
vn 0.4036 -0.1448 0.9034
vn 0.3073 -0.0268 0.9512
vn 0.3484 -0.0646 0.9351
vn 0.4875 -0.1727 0.8559
vn -0.0168 0.3412 0.9398
vn 0.0986 0.6613 0.7436
vn -0.0823 0.5436 0.8353
vn -0.0418 0.8140 0.5794
vn -0.2389 0.2326 0.9428
vn -0.3970 0.7231 0.5653
vn -0.1989 -0.4010 0.8942
vn -0.3058 -0.4385 0.8451
vn -0.1830 -0.5084 0.8414
vn -0.5734 -0.6835 -0.4517
vn 0.0901 -0.5963 0.7977
vn 0.1008 -0.3937 0.9137
vn 0.2242 0.0768 0.9715
vn 0.3583 -0.1206 0.9258
vn 0.0720 0.0984 0.9925
vn 0.1376 0.0679 0.9882
vn -0.1189 -0.0683 0.9905
vn -0.0449 0.0839 0.9955
vn -0.0621 -0.1244 0.9903
vn -0.0587 -0.1395 0.9885
vn 0.1345 -0.1863 0.9733
vn 0.1500 -0.0978 0.9838
vn 0.3073 0.1338 0.9422
vn 0.1122 0.1947 0.9744
vn 0.0589 0.3112 0.9485
vn 0.2799 0.4572 0.8442
vn -0.0751 0.5424 0.8368
vn -0.1020 -0.0981 0.9899
vn -0.0345 0.0266 0.9991
vn -0.0460 0.0854 0.9953
vn -0.0571 -0.1752 0.9829
vn -0.0846 -0.1734 0.9812
vn -0.0044 -0.3624 0.9320
vn -0.0615 -0.4346 0.8985
vn 0.0510 -0.4485 0.8923
vn 0.1321 -0.1205 0.9839
vn 0.2335 0.0547 0.9708
vn 0.3003 -0.0424 0.9529
vn 0.2207 0.2805 0.9341
vn 0.4073 0.2536 0.8774
vn 0.2451 0.5674 0.7861
vn 0.1105 0.4473 0.8875
vn -0.1555 0.5024 0.8505
vn -0.1394 0.6962 0.7042
vn -0.2786 0.5649 0.7767
vn -0.2414 0.3324 0.9117
vn -0.2734 -0.3866 0.8808
vn -0.1805 -0.3831 0.9059
vn -0.1084 -0.5190 0.8479
vn -0.0125 -0.4101 0.9120
vn 0.0457 -0.4187 0.9070
vn 0.0483 -0.4053 0.9129
vn 0.2772 -0.0454 0.9598
vn 0.2202 0.0533 0.9740
vn 0.5019 0.3399 0.7954
vn 0.2818 0.3791 0.8814
vn 0.2330 0.4728 0.8498
vn 0.1956 0.4489 0.8719
vn -0.2163 0.5320 0.8186
vn -0.2042 0.6816 0.7027
vn -0.2459 0.6480 0.7209
vn -0.2231 0.4693 0.8544
vn -0.2883 -0.4311 0.8550
vn -0.3085 -0.4343 0.8463
vn -0.1440 -0.7008 0.6987
vn -0.1624 -0.7236 0.6708
vn -0.0241 -0.7634 0.6454
vn 0.0509 -0.4629 0.8849
vn 0.3793 0.0517 0.9238
vn 0.4959 -0.1162 0.8606
vn 0.0992 0.2234 0.9697
vn 0.2715 -0.3250 0.9059
vn 0.0006 -0.1393 0.9903
vn 0.1798 0.1829 0.9666
vn 0.2020 0.0658 0.9772
vn 0.2792 0.0331 0.9597
vn 0.1502 -0.0380 0.9879
vn 0.0869 -0.1894 0.9780
vn 0.3062 0.2521 0.9180
vn 0.1757 0.3055 0.9359
vn 0.1802 0.2989 0.9371
vn 0.2496 0.4451 0.8600
vn 0.0213 0.4306 0.9023
vn -0.0318 0.1718 0.9846
vn -0.0231 0.1908 0.9814
vn -0.0655 0.3240 0.9438
vn -0.0306 -0.4660 0.8842
vn -0.0202 -0.4638 0.8857
vn -0.1101 -0.3418 0.9333
vn 0.0921 -0.2216 0.9708
vn 0.1509 -0.2113 0.9657
vn 0.1536 -0.0460 0.9871
vn 0.2061 0.0779 0.9754
vn 0.3096 -0.4302 0.8480
vn 0.3560 0.1537 0.9218
vn 0.2415 0.1745 0.9546
vn 0.0916 0.4409 0.8929
vn 0.1291 0.6901 0.7121
vn 0.0567 0.7015 0.7104
vn 0.0255 0.3990 0.9166
vn -0.0968 0.2139 0.9720
vn -0.1153 0.2560 0.9598
vn -0.1146 -0.6102 0.7839
vn -0.0796 -0.5805 0.8104
vn -0.2452 -0.3184 0.9157
vn 0.0111 -0.1613 0.9868
vn 0.2307 -0.1684 0.9583
vn 0.2390 -0.4276 0.8718
vn 0.3707 -0.2273 0.9005
vn 0.3491 -0.1353 0.9273
vn 0.2836 0.2387 0.9288
vn 0.4390 0.2162 0.8721
vn 0.0937 0.6646 0.7413
vn 0.0702 0.5570 0.8275
vn 0.0450 0.5561 0.8299
vn 0.0629 0.6621 0.7468
vn -0.2041 0.2308 0.9514
vn -0.2625 0.3771 0.8882
vn -0.2078 -0.5706 0.7945
vn -0.0569 -0.4749 0.8782
vn -0.1293 -0.3745 0.9182
vn -0.4914 -0.5841 0.6460
vn 0.3663 -0.5568 0.7456
vn 0.3621 -0.4461 0.8185
vn 0.3556 -0.4560 0.8158
vn 0.2985 -0.1076 0.9483
vn 0.0702 0.1493 0.9863
vn 0.0665 0.1641 0.9842
vn 0.1243 0.1265 0.9841
vn 0.1983 0.1982 0.9599
vn 0.2344 -0.2436 0.9411
vn -0.0764 0.0027 0.9971
vn 0.0588 0.0633 0.9963
vn 0.0650 0.0768 0.9949
vn 0.2525 0.3164 0.9144
vn 0.2382 0.3185 0.9175
vn 0.2318 0.3249 0.9169
vn 0.0401 0.1088 0.9933
vn -0.0049 0.0816 0.9967
vn -0.0439 0.3396 0.9396
vn -0.0461 0.3331 0.9417
vn -0.1767 0.8575 0.4831
vn -0.0887 -0.1697 0.9815
vn 0.3155 -0.1165 0.9418
vn 0.1374 0.0894 0.9865
vn -0.1577 -0.2027 0.9665
vn 0.1523 -0.0542 0.9869
vn 0.1098 -0.4326 0.8949
vn 0.2600 0.0861 0.9618
vn 0.3101 -0.0541 0.9492
vn 0.4929 0.3875 0.7790
vn 0.2794 0.3871 0.8787
vn 0.2747 0.4084 0.8705
vn 0.2515 0.3970 0.8827
vn -0.4455 0.8938 0.0525
vn -0.3978 0.5359 0.7447
vn -0.0117 0.5352 0.8447
vn 0.0040 0.2488 0.9686
vn -0.1455 -0.2888 0.9463
vn -0.1406 -0.2883 0.9472
vn -0.1410 -0.2856 0.9479
vn -0.0020 -0.2405 0.9706
vn 0.1513 -0.4433 0.8835
vn 0.2077 -0.1991 0.9577
vn 0.3758 -0.0951 0.9218
vn 0.3528 0.0044 0.9357
vn 0.2571 0.2908 0.9216
vn 0.3896 0.2961 0.8721
vn 0.2026 0.4379 0.8759
vn 0.3726 0.6653 0.6469
vn -0.1148 0.3247 0.9388
vn -0.1764 0.6065 0.7753
vn -0.1533 0.6599 0.7356
vn -0.1815 0.8693 -0.4598
vn -0.0777 -0.3178 0.9450
vn -0.2410 -0.4354 0.8674
vn -0.1280 -0.4846 0.8653
vn -0.5700 -0.8197 0.0576
vn 0.2246 -0.3769 0.8986
vn 0.1582 -0.8464 0.5086
vn 0.3828 -0.1832 0.9055
vn 0.3294 -0.0555 0.9426
vn 0.1121 -0.0452 0.9927
vn -0.0573 0.0901 0.9943
vn 0.1952 0.2506 0.9482
vn 0.0512 -0.1199 0.9915
vn 0.0588 0.0119 0.9982
vn 0.1168 -0.2373 0.9644
vn 0.1519 -0.2433 0.9580
vn 0.1640 -0.1976 0.9665
vn 0.2954 0.0584 0.9536
vn 0.3194 0.0105 0.9475
vn 0.2011 0.5186 0.8310
vn -0.0350 0.3624 0.9314
vn 0.1428 0.1876 0.9718
vn 0.1621 0.3228 0.9325
vn 0.0469 0.2348 0.9709
vn 0.0616 -0.1370 0.9887
vn 0.0569 -0.1600 0.9855
vn 0.0039 -0.0880 0.9961
vn 0.0191 -0.1623 0.9866
vn 0.1576 -0.1186 0.9804
vn 0.1076 -0.0610 0.9923
vn 0.1110 -0.1900 0.9755
vn 0.2279 -0.0950 0.9690
vn 0.2388 -0.2260 0.9444
vn 0.3957 0.1411 0.9075
vn 0.6403 -0.0174 0.7679
vn 0.1396 0.4130 0.9000
vn 0.2127 0.6054 0.7670
vn -0.0217 0.3329 0.9427
vn -0.0716 0.8479 0.5253
vn -0.1801 0.4368 0.8814
vn -0.2937 0.9545 -0.0525
vn -0.1303 -0.3484 0.9283
vn -0.4548 -0.4171 0.7869
vn -0.0127 -0.4715 0.8818
vn -0.2046 -0.7815 0.5894
vn 0.2676 -0.2577 0.9284
vn 0.2878 -0.5657 0.7728
vn 0.3861 -0.1505 0.9101
vn 0.4812 -0.5202 0.7056
vn 0.4760 0.0528 0.8779
vn 0.3803 0.1371 0.9147
vn 0.1710 0.6753 0.7174
vn 0.1305 0.5528 0.8230
vn -0.0501 0.6292 0.7756
vn -0.0492 0.3883 0.9202
vn -0.1194 0.2951 0.9480
vn -0.1281 0.3420 0.9309
vn -0.2185 -0.3355 0.9163
vn -0.1242 -0.3383 0.9328
vn -0.0844 -0.4454 0.8914
vn 0.0235 -0.3321 0.9430
vn 0.2884 -0.4236 0.8587
vn 0.2882 -0.2922 0.9119
vn 0.4118 -0.0924 0.9066
vn 0.4408 -0.1953 0.8761
vn 0.1322 0.1174 0.9843
vn 0.0740 0.1975 0.9775
vn 0.1233 0.2009 0.9718
vn 0.2085 0.3583 0.9100
vn 0.1873 -0.1843 0.9649
vn 0.1954 -0.2008 0.9600
vn 0.1069 -0.2467 0.9632
vn 0.1643 -0.0406 0.9856
vn 0.3194 -0.0805 0.9442
vn 0.2022 0.1208 0.9719
vn 0.1709 0.2543 0.9519
vn 0.0834 0.2309 0.9694
vn 0.1883 0.1553 0.9698
vn 0.1633 0.0610 0.9847
vn 0.0618 -0.0389 0.9973
vn -0.0738 0.3915 0.9172
vn -0.1330 0.1671 0.9769
vn 0.1373 -0.2103 0.9680
vn 0.1200 -0.1202 0.9855
vn 0.1923 -0.0494 0.9801
vn 0.1941 -0.0506 0.9797
vn 0.1083 -0.2729 0.9559
vn 0.3979 -0.0018 0.9174
vn 0.3453 0.1044 0.9327
vn 0.4516 0.0797 0.8887
vn 0.7218 -0.0746 0.6881
vn 0.2296 0.4343 0.8710
vn 0.4661 0.7268 0.5046
vn 0.0488 0.3517 0.9348
vn -0.0159 0.8846 0.4662
vn -0.1695 0.1539 0.9734
vn -0.0336 -0.0155 0.9993
vn -0.0373 0.0034 0.9993
vn -0.3533 0.1947 0.9150
vn 0.1510 -0.3141 0.9373
vn -0.0133 -0.6798 0.7333
vn 0.1574 -0.5340 0.8307
vn 0.1972 -0.2723 0.9418
vn 0.2746 0.1286 0.9529
vn 0.4735 -0.0030 0.8808
vn 0.5178 0.0371 0.8547
vn 0.4751 0.0820 0.8761
vn 0.2711 0.5479 0.7914
vn 0.2541 0.5289 0.8097
vn 0.0135 0.6301 0.7764
vn 0.0133 0.4492 0.8933
vn -0.2376 0.1339 0.9621
vn -0.2721 0.1802 0.9452
vn -0.2904 0.0670 0.9546
vn -0.1814 -0.0083 0.9834
vn 0.0711 -0.7140 0.6965
vn 0.1551 -0.4870 0.8595
vn 0.1278 -0.4809 0.8674
vn 0.1578 -0.3800 0.9114
vn 0.5438 0.2795 0.7913
vn 0.5120 0.2935 0.8073
vn 0.0971 -0.0844 0.9917
vn 0.1459 -0.2601 0.9545
vn 0.0679 -0.1910 0.9792
vn 0.1207 -0.1191 0.9855
vn 0.1265 -0.2107 0.9693
vn -0.0961 -0.1379 0.9858
vn 0.0037 -0.0544 0.9985
vn 0.1038 0.2348 0.9665
vn 0.1618 0.0903 0.9827
vn 0.3389 -0.0719 0.9381
vn 0.1378 0.2556 0.9569
vn 0.1866 0.3530 0.9169
vn 0.0634 0.3227 0.9444
vn 0.0516 0.2538 0.9659
vn -0.0282 0.0329 0.9991
vn 0.0148 -0.0813 0.9966
vn 0.0297 -0.3118 0.9497
vn 0.0894 -0.2921 0.9522
vn -0.0318 -0.1101 0.9934
vn -0.1228 -0.2065 0.9707
vn 0.1256 -0.1281 0.9838
vn 0.0302 -0.5984 0.8006
vn 0.2964 0.0368 0.9544
vn 0.1469 0.2465 0.9579
vn 0.3425 0.1597 0.9258
vn 0.4370 0.1115 0.8925
vn 0.1048 0.5376 0.8367
vn 0.1169 0.5805 0.8058
vn 0.0061 0.5566 0.8308
vn 0.0250 0.7341 0.6786
vn -0.2165 0.2350 0.9476
vn -0.1374 0.0740 0.9878
vn -0.0617 -0.5919 0.8036
vn -0.0868 -0.6183 0.7812
vn -0.1728 -0.5379 0.8251
vn -0.1698 -0.5346 0.8279
vn 0.1406 -0.4543 0.8797
vn 0.1414 -0.4502 0.8816
vn 0.3371 0.0673 0.9390
vn 0.3545 0.0523 0.9336
vn 0.4594 0.0468 0.8870
vn 0.3406 0.1591 0.9266
vn 0.2051 0.5640 0.7999
vn 0.1076 0.4072 0.9070
vn 0.0325 0.4445 0.8952
vn 0.0280 0.4175 0.9082
vn -0.1887 0.2442 0.9512
vn -0.1737 0.1979 0.9647
vn -0.2642 -0.9227 0.2809
vn -0.1115 -0.7760 0.6208
vn -0.2479 -0.5029 0.8281
vn -0.1247 -0.4268 0.8957
vn 0.1172 -0.5706 0.8128
vn 0.1412 -0.4774 0.8672
vn 0.6962 -0.0684 0.7146
vn 0.4680 0.1336 0.8736
vn -0.0873 0.3394 0.9366
vn 0.1829 -0.0621 0.9812
vn -0.0850 -0.0198 0.9962
vn -0.1632 -0.1108 0.9804
vn -0.1884 -0.3153 0.9301
vn -0.2892 0.1794 0.9403
vn 0.1071 0.1020 0.9890
vn -0.0506 -0.2576 0.9649
vn -0.0265 0.3604 0.9324
vn -0.0767 0.3599 0.9298
vn 0.0132 0.2206 0.9753
vn 0.4247 0.5521 0.7175
vn -0.0533 0.5145 0.8559
vn -0.1239 0.2222 0.9671
vn -0.1616 0.1402 0.9768
vn -0.0808 -0.2801 0.9566
vn -0.0915 -0.1328 0.9869
vn -0.1043 -0.1351 0.9853
vn -0.1950 0.0111 0.9807
vn -0.3898 -0.1571 0.9074
vn 0.0040 -0.1045 0.9945
vn 0.1208 0.3513 0.9284
vn -0.0582 -0.0743 0.9955
vn 0.0015 -0.3044 0.9526
vn 0.2288 0.6292 0.7428
vn 0.0343 0.4898 0.8712
vn 0.0336 0.4911 0.8704
vn 0.0671 0.5369 0.8410
vn -0.1347 0.5741 0.8076
vn -0.0664 0.7894 0.6103
vn -0.3693 0.5774 0.7281
vn -0.3395 0.4019 0.8504
vn -0.3896 -0.5222 0.7587
vn -0.1841 -0.3780 0.9073
vn -0.1843 -0.3776 0.9074
vn -0.3742 -0.5970 0.7096
vn -0.0433 -0.7176 0.6951
vn 0.0170 -0.3695 0.9291
vn 0.1463 -0.2159 0.9654
vn 0.1877 -0.3377 0.9224
vn 0.2854 0.5582 0.7791
vn 0.1517 0.4820 0.8629
vn 0.1102 0.5627 0.8193
vn 0.0340 0.4929 0.8694
vn -0.1047 0.5289 0.8422
vn -0.1263 0.4621 0.8778
vn -0.2377 0.3360 0.9114
vn -0.2380 0.3376 0.9107
vn -0.3022 -0.4494 0.8406
vn -0.3802 -0.5014 0.7772
vn -0.3284 -0.5905 0.7372
vn -0.2050 -0.4646 0.8615
vn -0.1108 -0.5028 0.8572
vn -0.0659 -0.3431 0.9370
vn 0.1330 -0.0879 0.9872
vn 0.1969 -0.2899 0.9366
vn -0.0744 -0.0084 0.9972
vn -0.1664 0.1863 0.9683
vn -0.0405 0.1720 0.9843
vn -0.1991 -0.0561 0.9784
vn -0.1943 -0.0088 0.9809
vn -0.1929 -0.0138 0.9811
vn -0.2031 -0.0097 0.9791
vn -0.0739 0.2274 0.9710
vn -0.0377 0.1563 0.9870
vn 0.1417 0.0127 0.9898
vn -0.0271 0.3163 0.9483
vn -0.1752 0.1468 0.9735
vn -0.1421 0.1490 0.9786
vn -0.1235 0.3882 0.9133
vn -0.1554 0.3335 0.9299
vn -0.0625 -0.3708 0.9266
vn -0.0695 0.0004 0.9976
vn -0.1432 0.0390 0.9889
vn -0.1247 0.0024 0.9922
vn -0.2133 -0.0951 0.9723
vn 0.1051 -0.0807 0.9912
vn 0.0800 -0.6289 0.7734
vn 0.0599 -0.6529 0.7551
vn -0.0377 0.1303 0.9908
vn 0.2478 0.1890 0.9502
vn 0.0805 0.2439 0.9665
vn -0.0387 0.5265 0.8493
vn 0.0797 0.6936 0.7159
vn -0.1919 0.7487 0.6346
vn -0.2322 0.3731 0.8983
vn -0.2463 0.3553 0.9017
vn -0.2735 0.6488 0.7101
vn -0.4499 -0.3099 0.8376
vn -0.3030 -0.2998 0.9046
vn -0.2503 -0.4158 0.8743
vn -0.1773 -0.3153 0.9323
vn 0.1741 -0.4135 0.8937
vn 0.1593 -0.2006 0.9666
vn 0.0385 -0.3569 0.9333
vn 0.0950 -0.7230 0.6843
vn 0.1130 0.2618 0.9585
vn 0.4142 0.2655 0.8706
vn -0.0601 0.5175 0.8536
vn -0.0270 0.5842 0.8112
vn -0.2267 0.4363 0.8708
vn -0.1920 0.7499 0.6331
vn -0.3460 0.4102 0.8438
vn -0.3986 0.6396 0.6573
vn -0.2903 -0.2248 0.9302
vn -0.3730 -0.2400 0.8962
vn -0.1570 -0.3844 0.9097
vn -0.2982 -0.6489 0.7000
vn 0.1776 -0.2960 0.9385
vn 0.2098 -0.4864 0.8482
vn 0.1881 -0.5495 0.8141
vn 0.2673 -0.9041 0.3335
vn -0.0707 -0.0575 0.9958
vn -0.1216 0.0708 0.9901
vn -0.0916 0.0629 0.9938
vn -0.1204 0.0140 0.9926
vn -0.1055 0.1817 0.9777
vn 0.0199 -0.1688 0.9854
vn -0.0971 -0.1613 0.9821
vn -0.0706 -0.0981 0.9927
vn 0.0843 0.2797 0.9564
vn 0.1380 0.2526 0.9577
vn -0.0118 0.5110 0.8595
vn -0.0651 0.4464 0.8925
vn -0.0810 0.4444 0.8922
vn -0.0623 0.5001 0.8637
vn -0.2297 0.1532 0.9611
vn -0.1970 0.0315 0.9799
vn -0.1972 0.0630 0.9783
vn -0.3226 0.2164 0.9215
vn -0.0869 -0.2802 0.9560
vn 0.0280 -0.0136 0.9995
vn -0.0638 -0.0270 0.9976
vn -0.0896 -0.2195 0.9715
vn 0.0192 0.0581 0.9981
vn 0.0946 -0.4288 0.8984
vn 0.1311 0.2547 0.9581
vn 0.0601 0.2487 0.9667
vn -0.0191 0.5703 0.8212
vn -0.0071 0.5993 0.8005
vn -0.0181 0.6052 0.7959
vn -0.0839 0.3992 0.9130
vn -0.2578 0.2281 0.9389
vn -0.2201 0.1491 0.9640
vn -0.2221 0.1381 0.9652
vn -0.1603 0.0785 0.9839
vn -0.0481 -0.3560 0.9332
vn -0.0793 -0.4484 0.8903
vn -0.0076 -0.4855 0.8742
vn -0.0058 -0.4758 0.8796
vn 0.1267 -0.3443 0.9303
vn 0.0797 -0.0700 0.9944
vn 0.0033 0.3451 0.9385
vn 0.4067 0.5204 0.7508
vn -0.0771 0.6126 0.7866
vn 0.0299 0.8541 0.5192
vn 0.0064 0.8398 0.5429
vn 0.0301 0.9018 0.4310
vn -0.2204 -0.0062 0.9754
vn -0.5476 0.4140 0.7271
vn -0.4580 0.0358 0.8882
vn -0.8443 0.1705 0.5080
vn 0.0026 -0.3330 0.9429
vn -0.0556 -0.6795 0.7316
vn 0.0131 -0.5857 0.8104
vn 0.0123 -0.6329 0.7742
vn 0.0871 -0.1608 0.9831
vn 0.1797 -0.4508 0.8744
vn -0.0496 0.1499 0.9875
vn -0.0072 0.0316 0.9995
vn -0.0435 0.0210 0.9988
vn -0.0501 -0.0146 0.9986
vn -0.0623 0.0314 0.9976
vn 0.0354 -0.0788 0.9963
vn -0.1457 -0.1333 0.9803
vn -0.0568 0.0491 0.9972
vn 0.0447 0.2458 0.9683
vn 0.0141 0.2531 0.9673
vn 0.0246 0.2312 0.9726
vn 0.0625 0.2617 0.9631
vn -0.2170 0.2723 0.9374
vn -0.2090 0.3606 0.9090
vn -0.3159 0.1760 0.9323
vn -0.2548 0.0032 0.9670
vn -0.2553 -0.0412 0.9660
vn -0.3157 0.0237 0.9486
vn -0.1230 -0.3890 0.9130
vn 0.0353 -0.0572 0.9977
vn -0.0077 -0.0528 0.9986
vn -0.0665 -0.4052 0.9118
vn 0.0868 -0.1228 0.9886
vn 0.0424 0.0150 0.9990
vn 0.2287 0.2652 0.9367
vn 0.0823 0.3003 0.9503
vn 0.0734 0.3334 0.9399
vn 0.0660 0.3297 0.9418
vn -0.2820 0.5316 0.7987
vn -0.2878 0.4462 0.8474
vn -0.4841 0.2851 0.8273
vn -0.4553 0.2120 0.8647
vn -0.4246 0.3053 0.8524
vn -0.1847 -0.0456 0.9817
vn -0.0865 -0.4155 0.9055
vn -0.1200 -0.4988 0.8584
vn -0.0691 -0.5361 0.8413
vn 0.0078 -0.2293 0.9733
vn 0.1317 -0.1207 0.9839
vn 0.1411 -0.1384 0.9803
vn 0.1167 0.3047 0.9453
vn 0.2609 0.2861 0.9220
vn 0.1036 0.4899 0.8656
vn 0.2874 0.6554 0.6985
vn -0.2526 0.5021 0.8271
vn -0.2500 0.4471 0.8588
vn -0.3723 0.1820 0.9101
vn -0.3979 0.2375 0.8861
vn -0.4002 0.1615 0.9021
vn -0.6563 0.4570 0.6003
vn -0.1016 -0.5102 0.8540
vn -0.0873 -0.4674 0.8797
vn -0.0274 -0.4576 0.8888
vn -0.0666 -0.7324 0.6776
vn 0.1747 -0.2004 0.9640
vn 0.1379 -0.1233 0.9827
vn -0.0150 0.0464 0.9988
vn 0.0376 -0.0381 0.9986
vn -0.1184 -0.0234 0.9927
vn -0.0128 0.1318 0.9912
vn -0.0136 0.1277 0.9917
vn -0.0263 0.1776 0.9837
vn 0.0106 0.1775 0.9841
vn -0.0186 0.0893 0.9958
vn -0.0028 0.3726 0.9280
vn 0.1759 0.4657 0.8673
vn 0.1832 0.4592 0.8692
vn 0.3166 0.5574 0.7675
vn -0.1599 0.3815 0.9104
vn -0.1694 0.3126 0.9347
vn -0.2356 0.0971 0.9670
vn -0.2599 0.1310 0.9567
vn -0.2045 -0.2340 0.9505
vn -0.4412 -0.1839 0.8784
vn -0.2820 -0.3587 0.8898
vn -0.1571 -0.2100 0.9650
vn 0.0459 -0.1038 0.9935
vn 0.0440 -0.1251 0.9912
vn 0.0667 -0.0389 0.9970
vn 0.0554 -0.0062 0.9984
vn 0.1225 0.4926 0.8616
vn 0.0147 0.4228 0.9061
vn 0.0414 0.3558 0.9337
vn 0.1758 0.4470 0.8771
vn -0.1011 0.5984 0.7948
vn -0.1350 0.3070 0.9421
vn -0.3931 -0.0911 0.9150
vn -0.4839 -0.0474 0.8738
vn -0.4892 -0.2632 0.8315
vn -0.2770 -0.3250 0.9042
vn -0.2574 -0.3733 0.8913
vn -0.2997 -0.4124 0.8603
vn 0.0711 -0.6030 0.7946
vn 0.0922 -0.2786 0.9560
vn 0.1362 -0.2273 0.9643
vn 0.0930 -0.0598 0.9939
vn 0.3827 0.7950 0.4706
vn 0.2028 0.6879 0.6969
vn 0.3019 0.4225 0.8546
vn 0.0308 0.3359 0.9414
vn -0.1239 0.4434 0.8877
vn -0.0967 0.5492 0.8301
vn -0.6382 0.1648 0.7520
vn -0.3874 -0.0877 0.9177
vn -0.3975 -0.1894 0.8978
vn -0.3973 -0.1895 0.8979
vn -0.3708 -0.3013 0.8785
vn -0.2030 -0.2354 0.9505
vn 0.0399 -0.4141 0.9094
vn 0.0372 -0.4294 0.9023
vn 0.1773 -0.3363 0.9249
vn 0.1671 -0.2803 0.9453
f 1//1 2//1 3//1
f 1//2 3//2 4//2
f 1//3 4//3 5//3
f 1//4 5//4 6//4
f 1//5 6//5 7//5
f 1//6 7//6 8//6
f 1//7 8//7 9//7
f 1//8 9//8 2//8
f 2//9 10//9 11//9
f 2//10 11//10 3//10
f 3//11 11//11 12//11
f 3//12 12//12 4//12
f 4//13 12//13 13//13
f 4//14 13//14 5//14
f 5//15 13//15 14//15
f 5//16 14//16 6//16
f 6//17 14//17 15//17
f 6//18 15//18 7//18
f 7//19 15//19 16//19
f 7//20 16//20 8//20
f 8//21 16//21 17//21
f 8//22 17//22 9//22
f 9//23 17//23 10//23
f 9//24 10//24 2//24
f 10//25 18//25 19//25
f 10//26 19//26 11//26
f 11//27 19//27 20//27
f 11//28 20//28 12//28
f 12//29 20//29 21//29
f 12//30 21//30 13//30
f 13//31 21//31 22//31
f 13//32 22//32 14//32
f 14//33 22//33 23//33
f 14//34 23//34 15//34
f 15//35 23//35 24//35
f 15//36 24//36 16//36
f 16//37 24//37 25//37
f 16//38 25//38 17//38
f 17//39 25//39 18//39
f 17//40 18//40 10//40
f 18//41 26//41 27//41
f 18//42 27//42 19//42
f 19//43 27//43 28//43
f 19//44 28//44 20//44
f 20//45 28//45 29//45
f 20//46 29//46 21//46
f 21//47 29//47 30//47
f 21//48 30//48 22//48
f 22//49 30//49 31//49
f 22//50 31//50 23//50
f 23//51 31//51 32//51
f 23//52 32//52 24//52
f 24//53 32//53 33//53
f 24//54 33//54 25//54
f 25//55 33//55 26//55
f 25//56 26//56 18//56
f 34//57 35//57 36//57
f 34//58 36//58 37//58
f 34//59 37//59 38//59
f 34//60 38//60 39//60
f 34//61 39//61 40//61
f 34//62 40//62 41//62
f 34//63 41//63 42//63
f 34//64 42//64 35//64
f 35//65 43//65 44//65
f 35//66 44//66 36//66
f 36//67 44//67 45//67
f 36//68 45//68 37//68
f 37//69 45//69 46//69
f 37//70 46//70 38//70
f 38//71 46//71 47//71
f 38//72 47//72 39//72
f 39//73 47//73 48//73
f 39//74 48//74 40//74
f 40//75 48//75 49//75
f 40//76 49//76 41//76
f 41//77 49//77 50//77
f 41//78 50//78 42//78
f 42//79 50//79 43//79
f 42//80 43//80 35//80
f 43//81 51//81 52//81
f 43//82 52//82 44//82
f 44//83 52//83 53//83
f 44//84 53//84 45//84
f 45//85 53//85 54//85
f 45//86 54//86 46//86
f 46//87 54//87 55//87
f 46//88 55//88 47//88
f 47//89 55//89 56//89
f 47//90 56//90 48//90
f 48//91 56//91 57//91
f 48//92 57//92 49//92
f 49//93 57//93 58//93
f 49//94 58//94 50//94
f 50//95 58//95 51//95
f 50//96 51//96 43//96
f 51//97 59//97 60//97
f 51//98 60//98 52//98
f 52//99 60//99 61//99
f 52//100 61//100 53//100
f 53//101 61//101 62//101
f 53//102 62//102 54//102
f 54//103 62//103 63//103
f 54//104 63//104 55//104
f 55//105 63//105 64//105
f 55//106 64//106 56//106
f 56//107 64//107 65//107
f 56//108 65//108 57//108
f 57//109 65//109 66//109
f 57//110 66//110 58//110
f 58//111 66//111 59//111
f 58//112 59//112 51//112
f 67//113 68//113 69//113
f 67//114 69//114 70//114
f 67//115 70//115 71//115
f 67//116 71//116 72//116
f 67//117 72//117 73//117
f 67//118 73//118 74//118
f 67//119 74//119 75//119
f 67//120 75//120 68//120
f 68//121 76//121 77//121
f 68//122 77//122 69//122
f 69//123 77//123 78//123
f 69//124 78//124 70//124
f 70//125 78//125 79//125
f 70//126 79//126 71//126
f 71//127 79//127 80//127
f 71//128 80//128 72//128
f 72//129 80//129 81//129
f 72//130 81//130 73//130
f 73//131 81//131 82//131
f 73//132 82//132 74//132
f 74//133 82//133 83//133
f 74//134 83//134 75//134
f 75//135 83//135 76//135
f 75//136 76//136 68//136
f 76//137 84//137 85//137
f 76//138 85//138 77//138
f 77//139 85//139 86//139
f 77//140 86//140 78//140
f 78//141 86//141 87//141
f 78//142 87//142 79//142
f 79//143 87//143 88//143
f 79//144 88//144 80//144
f 80//145 88//145 89//145
f 80//146 89//146 81//146
f 81//147 89//147 90//147
f 81//148 90//148 82//148
f 82//149 90//149 91//149
f 82//150 91//150 83//150
f 83//151 91//151 84//151
f 83//152 84//152 76//152
f 84//153 92//153 93//153
f 84//154 93//154 85//154
f 85//155 93//155 94//155
f 85//156 94//156 86//156
f 86//157 94//157 95//157
f 86//158 95//158 87//158
f 87//159 95//159 96//159
f 87//160 96//160 88//160
f 88//161 96//161 97//161
f 88//162 97//162 89//162
f 89//163 97//163 98//163
f 89//164 98//164 90//164
f 90//165 98//165 99//165
f 90//166 99//166 91//166
f 91//167 99//167 92//167
f 91//168 92//168 84//168
f 100//169 101//169 102//169
f 100//170 102//170 103//170
f 100//171 103//171 104//171
f 100//172 104//172 105//172
f 100//173 105//173 106//173
f 100//174 106//174 107//174
f 100//175 107//175 108//175
f 100//176 108//176 101//176
f 101//177 109//177 110//177
f 101//178 110//178 102//178
f 102//179 110//179 111//179
f 102//180 111//180 103//180
f 103//181 111//181 112//181
f 103//182 112//182 104//182
f 104//183 112//183 113//183
f 104//184 113//184 105//184
f 105//185 113//185 114//185
f 105//186 114//186 106//186
f 106//187 114//187 115//187
f 106//188 115//188 107//188
f 107//189 115//189 116//189
f 107//190 116//190 108//190
f 108//191 116//191 109//191
f 108//192 109//192 101//192
f 109//193 117//193 118//193
f 109//194 118//194 110//194
f 110//195 118//195 119//195
f 110//196 119//196 111//196
f 111//197 119//197 120//197
f 111//198 120//198 112//198
f 112//199 120//199 121//199
f 112//200 121//200 113//200
f 113//201 121//201 122//201
f 113//202 122//202 114//202
f 114//203 122//203 123//203
f 114//204 123//204 115//204
f 115//205 123//205 124//205
f 115//206 124//206 116//206
f 116//207 124//207 117//207
f 116//208 117//208 109//208
f 117//209 125//209 126//209
f 117//210 126//210 118//210
f 118//211 126//211 127//211
f 118//212 127//212 119//212
f 119//213 127//213 128//213
f 119//214 128//214 120//214
f 120//215 128//215 129//215
f 120//216 129//216 121//216
f 121//217 129//217 130//217
f 121//218 130//218 122//218
f 122//219 130//219 131//219
f 122//220 131//220 123//220
f 123//221 131//221 132//221
f 123//222 132//222 124//222
f 124//223 132//223 125//223
f 124//224 125//224 117//224
f 133//225 134//225 135//225
f 133//226 135//226 136//226
f 133//227 136//227 137//227
f 133//228 137//228 138//228
f 133//229 138//229 139//229
f 133//230 139//230 140//230
f 133//231 140//231 141//231
f 133//232 141//232 134//232
f 134//233 142//233 143//233
f 134//234 143//234 135//234
f 135//235 143//235 144//235
f 135//236 144//236 136//236
f 136//237 144//237 145//237
f 136//238 145//238 137//238
f 137//239 145//239 146//239
f 137//240 146//240 138//240
f 138//241 146//241 147//241
f 138//242 147//242 139//242
f 139//243 147//243 148//243
f 139//244 148//244 140//244
f 140//245 148//245 149//245
f 140//246 149//246 141//246
f 141//247 149//247 142//247
f 141//248 142//248 134//248
f 142//249 150//249 151//249
f 142//250 151//250 143//250
f 143//251 151//251 152//251
f 143//252 152//252 144//252
f 144//253 152//253 153//253
f 144//254 153//254 145//254
f 145//255 153//255 154//255
f 145//256 154//256 146//256
f 146//257 154//257 155//257
f 146//258 155//258 147//258
f 147//259 155//259 156//259
f 147//260 156//260 148//260
f 148//261 156//261 157//261
f 148//262 157//262 149//262
f 149//263 157//263 150//263
f 149//264 150//264 142//264
f 150//265 158//265 159//265
f 150//266 159//266 151//266
f 151//267 159//267 160//267
f 151//268 160//268 152//268
f 152//269 160//269 161//269
f 152//270 161//270 153//270
f 153//271 161//271 162//271
f 153//272 162//272 154//272
f 154//273 162//273 163//273
f 154//274 163//274 155//274
f 155//275 163//275 164//275
f 155//276 164//276 156//276
f 156//277 164//277 165//277
f 156//278 165//278 157//278
f 157//279 165//279 158//279
f 157//280 158//280 150//280
f 166//281 167//281 168//281
f 166//282 168//282 169//282
f 166//283 169//283 170//283
f 166//284 170//284 171//284
f 166//285 171//285 172//285
f 166//286 172//286 173//286
f 166//287 173//287 174//287
f 166//288 174//288 167//288
f 167//289 175//289 176//289
f 167//290 176//290 168//290
f 168//291 176//291 177//291
f 168//292 177//292 169//292
f 169//293 177//293 178//293
f 169//294 178//294 170//294
f 170//295 178//295 179//295
f 170//296 179//296 171//296
f 171//297 179//297 180//297
f 171//298 180//298 172//298
f 172//299 180//299 181//299
f 172//300 181//300 173//300
f 173//301 181//301 182//301
f 173//302 182//302 174//302
f 174//303 182//303 175//303
f 174//304 175//304 167//304
f 175//305 183//305 184//305
f 175//306 184//306 176//306
f 176//307 184//307 185//307
f 176//308 185//308 177//308
f 177//309 185//309 186//309
f 177//310 186//310 178//310
f 178//311 186//311 187//311
f 178//312 187//312 179//312
f 179//313 187//313 188//313
f 179//314 188//314 180//314
f 180//315 188//315 189//315
f 180//316 189//316 181//316
f 181//317 189//317 190//317
f 181//318 190//318 182//318
f 182//319 190//319 183//319
f 182//320 183//320 175//320
f 183//321 191//321 192//321
f 183//322 192//322 184//322
f 184//323 192//323 193//323
f 184//324 193//324 185//324
f 185//325 193//325 194//325
f 185//326 194//326 186//326
f 186//327 194//327 195//327
f 186//328 195//328 187//328
f 187//329 195//329 196//329
f 187//330 196//330 188//330
f 188//331 196//331 197//331
f 188//332 197//332 189//332
f 189//333 197//333 198//333
f 189//334 198//334 190//334
f 190//335 198//335 191//335
f 190//336 191//336 183//336
f 199//337 200//337 201//337
f 199//338 201//338 202//338
f 199//339 202//339 203//339
f 199//340 203//340 204//340
f 199//341 204//341 205//341
f 199//342 205//342 206//342
f 199//343 206//343 207//343
f 199//344 207//344 200//344
f 200//345 208//345 209//345
f 200//346 209//346 201//346
f 201//347 209//347 210//347
f 201//348 210//348 202//348
f 202//349 210//349 211//349
f 202//350 211//350 203//350
f 203//351 211//351 212//351
f 203//352 212//352 204//352
f 204//353 212//353 213//353
f 204//354 213//354 205//354
f 205//355 213//355 214//355
f 205//356 214//356 206//356
f 206//357 214//357 215//357
f 206//358 215//358 207//358
f 207//359 215//359 208//359
f 207//360 208//360 200//360
f 208//361 216//361 217//361
f 208//362 217//362 209//362
f 209//363 217//363 218//363
f 209//364 218//364 210//364
f 210//365 218//365 219//365
f 210//366 219//366 211//366
f 211//367 219//367 220//367
f 211//368 220//368 212//368
f 212//369 220//369 221//369
f 212//370 221//370 213//370
f 213//371 221//371 222//371
f 213//372 222//372 214//372
f 214//373 222//373 223//373
f 214//374 223//374 215//374
f 215//375 223//375 216//375
f 215//376 216//376 208//376
f 216//377 224//377 225//377
f 216//378 225//378 217//378
f 217//379 225//379 226//379
f 217//380 226//380 218//380
f 218//381 226//381 227//381
f 218//382 227//382 219//382
f 219//383 227//383 228//383
f 219//384 228//384 220//384
f 220//385 228//385 229//385
f 220//386 229//386 221//386
f 221//387 229//387 230//387
f 221//388 230//388 222//388
f 222//389 230//389 231//389
f 222//390 231//390 223//390
f 223//391 231//391 224//391
f 223//392 224//392 216//392
f 232//393 233//393 234//393
f 232//394 234//394 235//394
f 232//395 235//395 236//395
f 232//396 236//396 237//396
f 232//397 237//397 238//397
f 232//398 238//398 239//398
f 232//399 239//399 240//399
f 232//400 240//400 233//400
f 233//401 241//401 242//401
f 233//402 242//402 234//402
f 234//403 242//403 243//403
f 234//404 243//404 235//404
f 235//405 243//405 244//405
f 235//406 244//406 236//406
f 236//407 244//407 245//407
f 236//408 245//408 237//408
f 237//409 245//409 246//409
f 237//410 246//410 238//410
f 238//411 246//411 247//411
f 238//412 247//412 239//412
f 239//413 247//413 248//413
f 239//414 248//414 240//414
f 240//415 248//415 241//415
f 240//416 241//416 233//416
f 241//417 249//417 250//417
f 241//418 250//418 242//418
f 242//419 250//419 251//419
f 242//420 251//420 243//420
f 243//421 251//421 252//421
f 243//422 252//422 244//422
f 244//423 252//423 253//423
f 244//424 253//424 245//424
f 245//425 253//425 254//425
f 245//426 254//426 246//426
f 246//427 254//427 255//427
f 246//428 255//428 247//428
f 247//429 255//429 256//429
f 247//430 256//430 248//430
f 248//431 256//431 249//431
f 248//432 249//432 241//432
f 249//433 257//433 258//433
f 249//434 258//434 250//434
f 250//435 258//435 259//435
f 250//436 259//436 251//436
f 251//437 259//437 260//437
f 251//438 260//438 252//438
f 252//439 260//439 261//439
f 252//440 261//440 253//440
f 253//441 261//441 262//441
f 253//442 262//442 254//442
f 254//443 262//443 263//443
f 254//444 263//444 255//444
f 255//445 263//445 264//445
f 255//446 264//446 256//446
f 256//447 264//447 257//447
f 256//448 257//448 249//448
f 265//449 266//449 267//449
f 265//450 267//450 268//450
f 265//451 268//451 269//451
f 265//452 269//452 270//452
f 265//453 270//453 271//453
f 265//454 271//454 272//454
f 265//455 272//455 273//455
f 265//456 273//456 266//456
f 266//457 274//457 275//457
f 266//458 275//458 267//458
f 267//459 275//459 276//459
f 267//460 276//460 268//460
f 268//461 276//461 277//461
f 268//462 277//462 269//462
f 269//463 277//463 278//463
f 269//464 278//464 270//464
f 270//465 278//465 279//465
f 270//466 279//466 271//466
f 271//467 279//467 280//467
f 271//468 280//468 272//468
f 272//469 280//469 281//469
f 272//470 281//470 273//470
f 273//471 281//471 274//471
f 273//472 274//472 266//472
f 274//473 282//473 283//473
f 274//474 283//474 275//474
f 275//475 283//475 284//475
f 275//476 284//476 276//476
f 276//477 284//477 285//477
f 276//478 285//478 277//478
f 277//479 285//479 286//479
f 277//480 286//480 278//480
f 278//481 286//481 287//481
f 278//482 287//482 279//482
f 279//483 287//483 288//483
f 279//484 288//484 280//484
f 280//485 288//485 289//485
f 280//486 289//486 281//486
f 281//487 289//487 282//487
f 281//488 282//488 274//488
f 282//489 290//489 291//489
f 282//490 291//490 283//490
f 283//491 291//491 292//491
f 283//492 292//492 284//492
f 284//493 292//493 293//493
f 284//494 293//494 285//494
f 285//495 293//495 294//495
f 285//496 294//496 286//496
f 286//497 294//497 295//497
f 286//498 295//498 287//498
f 287//499 295//499 296//499
f 287//500 296//500 288//500
f 288//501 296//501 297//501
f 288//502 297//502 289//502
f 289//503 297//503 290//503
f 289//504 290//504 282//504
f 298//505 299//505 300//505
f 298//506 300//506 301//506
f 298//507 301//507 302//507
f 298//508 302//508 303//508
f 298//509 303//509 304//509
f 298//510 304//510 305//510
f 298//511 305//511 306//511
f 298//512 306//512 299//512
f 299//513 307//513 308//513
f 299//514 308//514 300//514
f 300//515 308//515 309//515
f 300//516 309//516 301//516
f 301//517 309//517 310//517
f 301//518 310//518 302//518
f 302//519 310//519 311//519
f 302//520 311//520 303//520
f 303//521 311//521 312//521
f 303//522 312//522 304//522
f 304//523 312//523 313//523
f 304//524 313//524 305//524
f 305//525 313//525 314//525
f 305//526 314//526 306//526
f 306//527 314//527 307//527
f 306//528 307//528 299//528
f 307//529 315//529 316//529
f 307//530 316//530 308//530
f 308//531 316//531 317//531
f 308//532 317//532 309//532
f 309//533 317//533 318//533
f 309//534 318//534 310//534
f 310//535 318//535 319//535
f 310//536 319//536 311//536
f 311//537 319//537 320//537
f 311//538 320//538 312//538
f 312//539 320//539 321//539
f 312//540 321//540 313//540
f 313//541 321//541 322//541
f 313//542 322//542 314//542
f 314//543 322//543 315//543
f 314//544 315//544 307//544
f 315//545 323//545 324//545
f 315//546 324//546 316//546
f 316//547 324//547 325//547
f 316//548 325//548 317//548
f 317//549 325//549 326//549
f 317//550 326//550 318//550
f 318//551 326//551 327//551
f 318//552 327//552 319//552
f 319//553 327//553 328//553
f 319//554 328//554 320//554
f 320//555 328//555 329//555
f 320//556 329//556 321//556
f 321//557 329//557 330//557
f 321//558 330//558 322//558
f 322//559 330//559 323//559
f 322//560 323//560 315//560
f 331//561 332//561 333//561
f 331//562 333//562 334//562
f 331//563 334//563 335//563
f 331//564 335//564 336//564
f 331//565 336//565 337//565
f 331//566 337//566 338//566
f 331//567 338//567 339//567
f 331//568 339//568 332//568
f 332//569 340//569 341//569
f 332//570 341//570 333//570
f 333//571 341//571 342//571
f 333//572 342//572 334//572
f 334//573 342//573 343//573
f 334//574 343//574 335//574
f 335//575 343//575 344//575
f 335//576 344//576 336//576
f 336//577 344//577 345//577
f 336//578 345//578 337//578
f 337//579 345//579 346//579
f 337//580 346//580 338//580
f 338//581 346//581 347//581
f 338//582 347//582 339//582
f 339//583 347//583 340//583
f 339//584 340//584 332//584
f 340//585 348//585 349//585
f 340//586 349//586 341//586
f 341//587 349//587 350//587
f 341//588 350//588 342//588
f 342//589 350//589 351//589
f 342//590 351//590 343//590
f 343//591 351//591 352//591
f 343//592 352//592 344//592
f 344//593 352//593 353//593
f 344//594 353//594 345//594
f 345//595 353//595 354//595
f 345//596 354//596 346//596
f 346//597 354//597 355//597
f 346//598 355//598 347//598
f 347//599 355//599 348//599
f 347//600 348//600 340//600
f 348//601 356//601 357//601
f 348//602 357//602 349//602
f 349//603 357//603 358//603
f 349//604 358//604 350//604
f 350//605 358//605 359//605
f 350//606 359//606 351//606
f 351//607 359//607 360//607
f 351//608 360//608 352//608
f 352//609 360//609 361//609
f 352//610 361//610 353//610
f 353//611 361//611 362//611
f 353//612 362//612 354//612
f 354//613 362//613 363//613
f 354//614 363//614 355//614
f 355//615 363//615 356//615
f 355//616 356//616 348//616
f 364//617 365//617 366//617
f 364//618 366//618 367//618
f 364//619 367//619 368//619
f 364//620 368//620 369//620
f 364//621 369//621 370//621
f 364//622 370//622 371//622
f 364//623 371//623 372//623
f 364//624 372//624 365//624
f 365//625 373//625 374//625
f 365//626 374//626 366//626
f 366//627 374//627 375//627
f 366//628 375//628 367//628
f 367//629 375//629 376//629
f 367//630 376//630 368//630
f 368//631 376//631 377//631
f 368//632 377//632 369//632
f 369//633 377//633 378//633
f 369//634 378//634 370//634
f 370//635 378//635 379//635
f 370//636 379//636 371//636
f 371//637 379//637 380//637
f 371//638 380//638 372//638
f 372//639 380//639 373//639
f 372//640 373//640 365//640
f 373//641 381//641 382//641
f 373//642 382//642 374//642
f 374//643 382//643 383//643
f 374//644 383//644 375//644
f 375//645 383//645 384//645
f 375//646 384//646 376//646
f 376//647 384//647 385//647
f 376//648 385//648 377//648
f 377//649 385//649 386//649
f 377//650 386//650 378//650
f 378//651 386//651 387//651
f 378//652 387//652 379//652
f 379//653 387//653 388//653
f 379//654 388//654 380//654
f 380//655 388//655 381//655
f 380//656 381//656 373//656
f 381//657 389//657 390//657
f 381//658 390//658 382//658
f 382//659 390//659 391//659
f 382//660 391//660 383//660
f 383//661 391//661 392//661
f 383//662 392//662 384//662
f 384//663 392//663 393//663
f 384//664 393//664 385//664
f 385//665 393//665 394//665
f 385//666 394//666 386//666
f 386//667 394//667 395//667
f 386//668 395//668 387//668
f 387//669 395//669 396//669
f 387//670 396//670 388//670
f 388//671 396//671 389//671
f 388//672 389//672 381//672
f 397//673 398//673 399//673
f 397//674 399//674 400//674
f 397//675 400//675 401//675
f 397//676 401//676 402//676
f 397//677 402//677 403//677
f 397//678 403//678 404//678
f 397//679 404//679 405//679
f 397//680 405//680 398//680
f 398//681 406//681 407//681
f 398//682 407//682 399//682
f 399//683 407//683 408//683
f 399//684 408//684 400//684
f 400//685 408//685 409//685
f 400//686 409//686 401//686
f 401//687 409//687 410//687
f 401//688 410//688 402//688
f 402//689 410//689 411//689
f 402//690 411//690 403//690
f 403//691 411//691 412//691
f 403//692 412//692 404//692
f 404//693 412//693 413//693
f 404//694 413//694 405//694
f 405//695 413//695 406//695
f 405//696 406//696 398//696
f 406//697 414//697 415//697
f 406//698 415//698 407//698
f 407//699 415//699 416//699
f 407//700 416//700 408//700
f 408//701 416//701 417//701
f 408//702 417//702 409//702
f 409//703 417//703 418//703
f 409//704 418//704 410//704
f 410//705 418//705 419//705
f 410//706 419//706 411//706
f 411//707 419//707 420//707
f 411//708 420//708 412//708
f 412//709 420//709 421//709
f 412//710 421//710 413//710
f 413//711 421//711 414//711
f 413//712 414//712 406//712
f 414//713 422//713 423//713
f 414//714 423//714 415//714
f 415//715 423//715 424//715
f 415//716 424//716 416//716
f 416//717 424//717 425//717
f 416//718 425//718 417//718
f 417//719 425//719 426//719
f 417//720 426//720 418//720
f 418//721 426//721 427//721
f 418//722 427//722 419//722
f 419//723 427//723 428//723
f 419//724 428//724 420//724
f 420//725 428//725 429//725
f 420//726 429//726 421//726
f 421//727 429//727 422//727
f 421//728 422//728 414//728
f 430//729 431//729 432//729
f 430//730 432//730 433//730
f 430//731 433//731 434//731
f 430//732 434//732 435//732
f 430//733 435//733 436//733
f 430//734 436//734 437//734
f 430//735 437//735 438//735
f 430//736 438//736 431//736
f 431//737 439//737 440//737
f 431//738 440//738 432//738
f 432//739 440//739 441//739
f 432//740 441//740 433//740
f 433//741 441//741 442//741
f 433//742 442//742 434//742
f 434//743 442//743 443//743
f 434//744 443//744 435//744
f 435//745 443//745 444//745
f 435//746 444//746 436//746
f 436//747 444//747 445//747
f 436//748 445//748 437//748
f 437//749 445//749 446//749
f 437//750 446//750 438//750
f 438//751 446//751 439//751
f 438//752 439//752 431//752
f 439//753 447//753 448//753
f 439//754 448//754 440//754
f 440//755 448//755 449//755
f 440//756 449//756 441//756
f 441//757 449//757 450//757
f 441//758 450//758 442//758
f 442//759 450//759 451//759
f 442//760 451//760 443//760
f 443//761 451//761 452//761
f 443//762 452//762 444//762
f 444//763 452//763 453//763
f 444//764 453//764 445//764
f 445//765 453//765 454//765
f 445//766 454//766 446//766
f 446//767 454//767 447//767
f 446//768 447//768 439//768
f 447//769 455//769 456//769
f 447//770 456//770 448//770
f 448//771 456//771 457//771
f 448//772 457//772 449//772
f 449//773 457//773 458//773
f 449//774 458//774 450//774
f 450//775 458//775 459//775
f 450//776 459//776 451//776
f 451//777 459//777 460//777
f 451//778 460//778 452//778
f 452//779 460//779 461//779
f 452//780 461//780 453//780
f 453//781 461//781 462//781
f 453//782 462//782 454//782
f 454//783 462//783 455//783
f 454//784 455//784 447//784
f 463//785 464//785 465//785
f 463//786 465//786 466//786
f 463//787 466//787 467//787
f 463//788 467//788 468//788
f 463//789 468//789 469//789
f 463//790 469//790 470//790
f 463//791 470//791 471//791
f 463//792 471//792 464//792
f 464//793 472//793 473//793
f 464//794 473//794 465//794
f 465//795 473//795 474//795
f 465//796 474//796 466//796
f 466//797 474//797 475//797
f 466//798 475//798 467//798
f 467//799 475//799 476//799
f 467//800 476//800 468//800
f 468//801 476//801 477//801
f 468//802 477//802 469//802
f 469//803 477//803 478//803
f 469//804 478//804 470//804
f 470//805 478//805 479//805
f 470//806 479//806 471//806
f 471//807 479//807 472//807
f 471//808 472//808 464//808
f 472//809 480//809 481//809
f 472//810 481//810 473//810
f 473//811 481//811 482//811
f 473//812 482//812 474//812
f 474//813 482//813 483//813
f 474//814 483//814 475//814
f 475//815 483//815 484//815
f 475//816 484//816 476//816
f 476//817 484//817 485//817
f 476//818 485//818 477//818
f 477//819 485//819 486//819
f 477//820 486//820 478//820
f 478//821 486//821 487//821
f 478//822 487//822 479//822
f 479//823 487//823 480//823
f 479//824 480//824 472//824
f 480//825 488//825 489//825
f 480//826 489//826 481//826
f 481//827 489//827 490//827
f 481//828 490//828 482//828
f 482//829 490//829 491//829
f 482//830 491//830 483//830
f 483//831 491//831 492//831
f 483//832 492//832 484//832
f 484//833 492//833 493//833
f 484//834 493//834 485//834
f 485//835 493//835 494//835
f 485//836 494//836 486//836
f 486//837 494//837 495//837
f 486//838 495//838 487//838
f 487//839 495//839 488//839
f 487//840 488//840 480//840
f 496//841 497//841 498//841
f 496//842 498//842 499//842
f 496//843 499//843 500//843
f 496//844 500//844 501//844
f 496//845 501//845 502//845
f 496//846 502//846 503//846
f 496//847 503//847 504//847
f 496//848 504//848 497//848
f 497//849 505//849 506//849
f 497//850 506//850 498//850
f 498//851 506//851 507//851
f 498//852 507//852 499//852
f 499//853 507//853 508//853
f 499//854 508//854 500//854
f 500//855 508//855 509//855
f 500//856 509//856 501//856
f 501//857 509//857 510//857
f 501//858 510//858 502//858
f 502//859 510//859 511//859
f 502//860 511//860 503//860
f 503//861 511//861 512//861
f 503//862 512//862 504//862
f 504//863 512//863 505//863
f 504//864 505//864 497//864
f 505//865 513//865 514//865
f 505//866 514//866 506//866
f 506//867 514//867 515//867
f 506//868 515//868 507//868
f 507//869 515//869 516//869
f 507//870 516//870 508//870
f 508//871 516//871 517//871
f 508//872 517//872 509//872
f 509//873 517//873 518//873
f 509//874 518//874 510//874
f 510//875 518//875 519//875
f 510//876 519//876 511//876
f 511//877 519//877 520//877
f 511//878 520//878 512//878
f 512//879 520//879 513//879
f 512//880 513//880 505//880
f 513//881 521//881 522//881
f 513//882 522//882 514//882
f 514//883 522//883 523//883
f 514//884 523//884 515//884
f 515//885 523//885 524//885
f 515//886 524//886 516//886
f 516//887 524//887 525//887
f 516//888 525//888 517//888
f 517//889 525//889 526//889
f 517//890 526//890 518//890
f 518//891 526//891 527//891
f 518//892 527//892 519//892
f 519//893 527//893 528//893
f 519//894 528//894 520//894
f 520//895 528//895 521//895
f 520//896 521//896 513//896
f 529//897 530//897 531//897
f 529//898 531//898 532//898
f 529//899 532//899 533//899
f 529//900 533//900 534//900
f 529//901 534//901 535//901
f 529//902 535//902 536//902
f 529//903 536//903 537//903
f 529//904 537//904 530//904
f 530//905 538//905 539//905
f 530//906 539//906 531//906
f 531//907 539//907 540//907
f 531//908 540//908 532//908
f 532//909 540//909 541//909
f 532//910 541//910 533//910
f 533//911 541//911 542//911
f 533//912 542//912 534//912
f 534//913 542//913 543//913
f 534//914 543//914 535//914
f 535//915 543//915 544//915
f 535//916 544//916 536//916
f 536//917 544//917 545//917
f 536//918 545//918 537//918
f 537//919 545//919 538//919
f 537//920 538//920 530//920
f 538//921 546//921 547//921
f 538//922 547//922 539//922
f 539//923 547//923 548//923
f 539//924 548//924 540//924
f 540//925 548//925 549//925
f 540//926 549//926 541//926
f 541//927 549//927 550//927
f 541//928 550//928 542//928
f 542//929 550//929 551//929
f 542//930 551//930 543//930
f 543//931 551//931 552//931
f 543//932 552//932 544//932
f 544//933 552//933 553//933
f 544//934 553//934 545//934
f 545//935 553//935 546//935
f 545//936 546//936 538//936
f 546//937 554//937 555//937
f 546//938 555//938 547//938
f 547//939 555//939 556//939
f 547//940 556//940 548//940
f 548//941 556//941 557//941
f 548//942 557//942 549//942
f 549//943 557//943 558//943
f 549//944 558//944 550//944
f 550//945 558//945 559//945
f 550//946 559//946 551//946
f 551//947 559//947 560//947
f 551//948 560//948 552//948
f 552//949 560//949 561//949
f 552//950 561//950 553//950
f 553//951 561//951 554//951
f 553//952 554//952 546//952
f 562//953 563//953 564//953
f 562//954 564//954 565//954
f 562//955 565//955 566//955
f 562//956 566//956 567//956
f 562//957 567//957 568//957
f 562//958 568//958 569//958
f 562//959 569//959 570//959
f 562//960 570//960 563//960
f 563//961 571//961 572//961
f 563//962 572//962 564//962
f 564//963 572//963 573//963
f 564//964 573//964 565//964
f 565//965 573//965 574//965
f 565//966 574//966 566//966
f 566//967 574//967 575//967
f 566//968 575//968 567//968
f 567//969 575//969 576//969
f 567//970 576//970 568//970
f 568//971 576//971 577//971
f 568//972 577//972 569//972
f 569//973 577//973 578//973
f 569//974 578//974 570//974
f 570//975 578//975 571//975
f 570//976 571//976 563//976
f 571//977 579//977 580//977
f 571//978 580//978 572//978
f 572//979 580//979 581//979
f 572//980 581//980 573//980
f 573//981 581//981 582//981
f 573//982 582//982 574//982
f 574//983 582//983 583//983
f 574//984 583//984 575//984
f 575//985 583//985 584//985
f 575//986 584//986 576//986
f 576//987 584//987 585//987
f 576//988 585//988 577//988
f 577//989 585//989 586//989
f 577//990 586//990 578//990
f 578//991 586//991 579//991
f 578//992 579//992 571//992
f 579//993 587//993 588//993
f 579//994 588//994 580//994
f 580//995 588//995 589//995
f 580//996 589//996 581//996
f 581//997 589//997 590//997
f 581//998 590//998 582//998
f 582//999 590//999 591//999
f 582//1000 591//1000 583//1000
f 583//1001 591//1001 592//1001
f 583//1002 592//1002 584//1002
f 584//1003 592//1003 593//1003
f 584//1004 593//1004 585//1004
f 585//1005 593//1005 594//1005
f 585//1006 594//1006 586//1006
f 586//1007 594//1007 587//1007
f 586//1008 587//1008 579//1008
f 595//1009 596//1009 597//1009
f 595//1010 597//1010 598//1010
f 595//1011 598//1011 599//1011
f 595//1012 599//1012 600//1012
f 595//1013 600//1013 601//1013
f 595//1014 601//1014 602//1014
f 595//1015 602//1015 603//1015
f 595//1016 603//1016 596//1016
f 596//1017 604//1017 605//1017
f 596//1018 605//1018 597//1018
f 597//1019 605//1019 606//1019
f 597//1020 606//1020 598//1020
f 598//1021 606//1021 607//1021
f 598//1022 607//1022 599//1022
f 599//1023 607//1023 608//1023
f 599//1024 608//1024 600//1024
f 600//1025 608//1025 609//1025
f 600//1026 609//1026 601//1026
f 601//1027 609//1027 610//1027
f 601//1028 610//1028 602//1028
f 602//1029 610//1029 611//1029
f 602//1030 611//1030 603//1030
f 603//1031 611//1031 604//1031
f 603//1032 604//1032 596//1032
f 604//1033 612//1033 613//1033
f 604//1034 613//1034 605//1034
f 605//1035 613//1035 614//1035
f 605//1036 614//1036 606//1036
f 606//1037 614//1037 615//1037
f 606//1038 615//1038 607//1038
f 607//1039 615//1039 616//1039
f 607//1040 616//1040 608//1040
f 608//1041 616//1041 617//1041
f 608//1042 617//1042 609//1042
f 609//1043 617//1043 618//1043
f 609//1044 618//1044 610//1044
f 610//1045 618//1045 619//1045
f 610//1046 619//1046 611//1046
f 611//1047 619//1047 612//1047
f 611//1048 612//1048 604//1048
f 612//1049 620//1049 621//1049
f 612//1050 621//1050 613//1050
f 613//1051 621//1051 622//1051
f 613//1052 622//1052 614//1052
f 614//1053 622//1053 623//1053
f 614//1054 623//1054 615//1054
f 615//1055 623//1055 624//1055
f 615//1056 624//1056 616//1056
f 616//1057 624//1057 625//1057
f 616//1058 625//1058 617//1058
f 617//1059 625//1059 626//1059
f 617//1060 626//1060 618//1060
f 618//1061 626//1061 627//1061
f 618//1062 627//1062 619//1062
f 619//1063 627//1063 620//1063
f 619//1064 620//1064 612//1064
f 628//1065 629//1065 630//1065
f 628//1066 630//1066 631//1066
f 628//1067 631//1067 632//1067
f 628//1068 632//1068 633//1068
f 628//1069 633//1069 634//1069
f 628//1070 634//1070 635//1070
f 628//1071 635//1071 636//1071
f 628//1072 636//1072 629//1072
f 629//1073 637//1073 638//1073
f 629//1074 638//1074 630//1074
f 630//1075 638//1075 639//1075
f 630//1076 639//1076 631//1076
f 631//1077 639//1077 640//1077
f 631//1078 640//1078 632//1078
f 632//1079 640//1079 641//1079
f 632//1080 641//1080 633//1080
f 633//1081 641//1081 642//1081
f 633//1082 642//1082 634//1082
f 634//1083 642//1083 643//1083
f 634//1084 643//1084 635//1084
f 635//1085 643//1085 644//1085
f 635//1086 644//1086 636//1086
f 636//1087 644//1087 637//1087
f 636//1088 637//1088 629//1088
f 637//1089 645//1089 646//1089
f 637//1090 646//1090 638//1090
f 638//1091 646//1091 647//1091
f 638//1092 647//1092 639//1092
f 639//1093 647//1093 648//1093
f 639//1094 648//1094 640//1094
f 640//1095 648//1095 649//1095
f 640//1096 649//1096 641//1096
f 641//1097 649//1097 650//1097
f 641//1098 650//1098 642//1098
f 642//1099 650//1099 651//1099
f 642//1100 651//1100 643//1100
f 643//1101 651//1101 652//1101
f 643//1102 652//1102 644//1102
f 644//1103 652//1103 645//1103
f 644//1104 645//1104 637//1104
f 645//1105 653//1105 654//1105
f 645//1106 654//1106 646//1106
f 646//1107 654//1107 655//1107
f 646//1108 655//1108 647//1108
f 647//1109 655//1109 656//1109
f 647//1110 656//1110 648//1110
f 648//1111 656//1111 657//1111
f 648//1112 657//1112 649//1112
f 649//1113 657//1113 658//1113
f 649//1114 658//1114 650//1114
f 650//1115 658//1115 659//1115
f 650//1116 659//1116 651//1116
f 651//1117 659//1117 660//1117
f 651//1118 660//1118 652//1118
f 652//1119 660//1119 653//1119
f 652//1120 653//1120 645//1120
f 661//1121 662//1121 663//1121
f 661//1122 663//1122 664//1122
f 661//1123 664//1123 665//1123
f 661//1124 665//1124 666//1124
f 661//1125 666//1125 667//1125
f 661//1126 667//1126 668//1126
f 661//1127 668//1127 669//1127
f 661//1128 669//1128 662//1128
f 662//1129 670//1129 671//1129
f 662//1130 671//1130 663//1130
f 663//1131 671//1131 672//1131
f 663//1132 672//1132 664//1132
f 664//1133 672//1133 673//1133
f 664//1134 673//1134 665//1134
f 665//1135 673//1135 674//1135
f 665//1136 674//1136 666//1136
f 666//1137 674//1137 675//1137
f 666//1138 675//1138 667//1138
f 667//1139 675//1139 676//1139
f 667//1140 676//1140 668//1140
f 668//1141 676//1141 677//1141
f 668//1142 677//1142 669//1142
f 669//1143 677//1143 670//1143
f 669//1144 670//1144 662//1144
f 670//1145 678//1145 679//1145
f 670//1146 679//1146 671//1146
f 671//1147 679//1147 680//1147
f 671//1148 680//1148 672//1148
f 672//1149 680//1149 681//1149
f 672//1150 681//1150 673//1150
f 673//1151 681//1151 682//1151
f 673//1152 682//1152 674//1152
f 674//1153 682//1153 683//1153
f 674//1154 683//1154 675//1154
f 675//1155 683//1155 684//1155
f 675//1156 684//1156 676//1156
f 676//1157 684//1157 685//1157
f 676//1158 685//1158 677//1158
f 677//1159 685//1159 678//1159
f 677//1160 678//1160 670//1160
f 678//1161 686//1161 687//1161
f 678//1162 687//1162 679//1162
f 679//1163 687//1163 688//1163
f 679//1164 688//1164 680//1164
f 680//1165 688//1165 689//1165
f 680//1166 689//1166 681//1166
f 681//1167 689//1167 690//1167
f 681//1168 690//1168 682//1168
f 682//1169 690//1169 691//1169
f 682//1170 691//1170 683//1170
f 683//1171 691//1171 692//1171
f 683//1172 692//1172 684//1172
f 684//1173 692//1173 693//1173
f 684//1174 693//1174 685//1174
f 685//1175 693//1175 686//1175
f 685//1176 686//1176 678//1176
f 694//1177 695//1177 696//1177
f 694//1178 696//1178 697//1178
f 694//1179 697//1179 698//1179
f 694//1180 698//1180 699//1180
f 694//1181 699//1181 700//1181
f 694//1182 700//1182 701//1182
f 694//1183 701//1183 702//1183
f 694//1184 702//1184 695//1184
f 695//1185 703//1185 704//1185
f 695//1186 704//1186 696//1186
f 696//1187 704//1187 705//1187
f 696//1188 705//1188 697//1188
f 697//1189 705//1189 706//1189
f 697//1190 706//1190 698//1190
f 698//1191 706//1191 707//1191
f 698//1192 707//1192 699//1192
f 699//1193 707//1193 708//1193
f 699//1194 708//1194 700//1194
f 700//1195 708//1195 709//1195
f 700//1196 709//1196 701//1196
f 701//1197 709//1197 710//1197
f 701//1198 710//1198 702//1198
f 702//1199 710//1199 703//1199
f 702//1200 703//1200 695//1200
f 703//1201 711//1201 712//1201
f 703//1202 712//1202 704//1202
f 704//1203 712//1203 713//1203
f 704//1204 713//1204 705//1204
f 705//1205 713//1205 714//1205
f 705//1206 714//1206 706//1206
f 706//1207 714//1207 715//1207
f 706//1208 715//1208 707//1208
f 707//1209 715//1209 716//1209
f 707//1210 716//1210 708//1210
f 708//1211 716//1211 717//1211
f 708//1212 717//1212 709//1212
f 709//1213 717//1213 718//1213
f 709//1214 718//1214 710//1214
f 710//1215 718//1215 711//1215
f 710//1216 711//1216 703//1216
f 711//1217 719//1217 720//1217
f 711//1218 720//1218 712//1218
f 712//1219 720//1219 721//1219
f 712//1220 721//1220 713//1220
f 713//1221 721//1221 722//1221
f 713//1222 722//1222 714//1222
f 714//1223 722//1223 723//1223
f 714//1224 723//1224 715//1224
f 715//1225 723//1225 724//1225
f 715//1226 724//1226 716//1226
f 716//1227 724//1227 725//1227
f 716//1228 725//1228 717//1228
f 717//1229 725//1229 726//1229
f 717//1230 726//1230 718//1230
f 718//1231 726//1231 719//1231
f 718//1232 719//1232 711//1232
f 727//1233 728//1233 729//1233
f 727//1234 729//1234 730//1234
f 727//1235 730//1235 731//1235
f 727//1236 731//1236 732//1236
f 727//1237 732//1237 733//1237
f 727//1238 733//1238 734//1238
f 727//1239 734//1239 735//1239
f 727//1240 735//1240 728//1240
f 728//1241 736//1241 737//1241
f 728//1242 737//1242 729//1242
f 729//1243 737//1243 738//1243
f 729//1244 738//1244 730//1244
f 730//1245 738//1245 739//1245
f 730//1246 739//1246 731//1246
f 731//1247 739//1247 740//1247
f 731//1248 740//1248 732//1248
f 732//1249 740//1249 741//1249
f 732//1250 741//1250 733//1250
f 733//1251 741//1251 742//1251
f 733//1252 742//1252 734//1252
f 734//1253 742//1253 743//1253
f 734//1254 743//1254 735//1254
f 735//1255 743//1255 736//1255
f 735//1256 736//1256 728//1256
f 736//1257 744//1257 745//1257
f 736//1258 745//1258 737//1258
f 737//1259 745//1259 746//1259
f 737//1260 746//1260 738//1260
f 738//1261 746//1261 747//1261
f 738//1262 747//1262 739//1262
f 739//1263 747//1263 748//1263
f 739//1264 748//1264 740//1264
f 740//1265 748//1265 749//1265
f 740//1266 749//1266 741//1266
f 741//1267 749//1267 750//1267
f 741//1268 750//1268 742//1268
f 742//1269 750//1269 751//1269
f 742//1270 751//1270 743//1270
f 743//1271 751//1271 744//1271
f 743//1272 744//1272 736//1272
f 744//1273 752//1273 753//1273
f 744//1274 753//1274 745//1274
f 745//1275 753//1275 754//1275
f 745//1276 754//1276 746//1276
f 746//1277 754//1277 755//1277
f 746//1278 755//1278 747//1278
f 747//1279 755//1279 756//1279
f 747//1280 756//1280 748//1280
f 748//1281 756//1281 757//1281
f 748//1282 757//1282 749//1282
f 749//1283 757//1283 758//1283
f 749//1284 758//1284 750//1284
f 750//1285 758//1285 759//1285
f 750//1286 759//1286 751//1286
f 751//1287 759//1287 752//1287
f 751//1288 752//1288 744//1288
f 760//1289 761//1289 762//1289
f 760//1290 762//1290 763//1290
f 760//1291 763//1291 764//1291
f 760//1292 764//1292 765//1292
f 760//1293 765//1293 766//1293
f 760//1294 766//1294 767//1294
f 760//1295 767//1295 768//1295
f 760//1296 768//1296 761//1296
f 761//1297 769//1297 770//1297
f 761//1298 770//1298 762//1298
f 762//1299 770//1299 771//1299
f 762//1300 771//1300 763//1300
f 763//1301 771//1301 772//1301
f 763//1302 772//1302 764//1302
f 764//1303 772//1303 773//1303
f 764//1304 773//1304 765//1304
f 765//1305 773//1305 774//1305
f 765//1306 774//1306 766//1306
f 766//1307 774//1307 775//1307
f 766//1308 775//1308 767//1308
f 767//1309 775//1309 776//1309
f 767//1310 776//1310 768//1310
f 768//1311 776//1311 769//1311
f 768//1312 769//1312 761//1312
f 769//1313 777//1313 778//1313
f 769//1314 778//1314 770//1314
f 770//1315 778//1315 779//1315
f 770//1316 779//1316 771//1316
f 771//1317 779//1317 780//1317
f 771//1318 780//1318 772//1318
f 772//1319 780//1319 781//1319
f 772//1320 781//1320 773//1320
f 773//1321 781//1321 782//1321
f 773//1322 782//1322 774//1322
f 774//1323 782//1323 783//1323
f 774//1324 783//1324 775//1324
f 775//1325 783//1325 784//1325
f 775//1326 784//1326 776//1326
f 776//1327 784//1327 777//1327
f 776//1328 777//1328 769//1328
f 777//1329 785//1329 786//1329
f 777//1330 786//1330 778//1330
f 778//1331 786//1331 787//1331
f 778//1332 787//1332 779//1332
f 779//1333 787//1333 788//1333
f 779//1334 788//1334 780//1334
f 780//1335 788//1335 789//1335
f 780//1336 789//1336 781//1336
f 781//1337 789//1337 790//1337
f 781//1338 790//1338 782//1338
f 782//1339 790//1339 791//1339
f 782//1340 791//1340 783//1340
f 783//1341 791//1341 792//1341
f 783//1342 792//1342 784//1342
f 784//1343 792//1343 785//1343
f 784//1344 785//1344 777//1344
f 793//1345 794//1345 795//1345
f 793//1346 795//1346 796//1346
f 793//1347 796//1347 797//1347
f 793//1348 797//1348 798//1348
f 793//1349 798//1349 799//1349
f 793//1350 799//1350 800//1350
f 793//1351 800//1351 801//1351
f 793//1352 801//1352 794//1352
f 794//1353 802//1353 803//1353
f 794//1354 803//1354 795//1354
f 795//1355 803//1355 804//1355
f 795//1356 804//1356 796//1356
f 796//1357 804//1357 805//1357
f 796//1358 805//1358 797//1358
f 797//1359 805//1359 806//1359
f 797//1360 806//1360 798//1360
f 798//1361 806//1361 807//1361
f 798//1362 807//1362 799//1362
f 799//1363 807//1363 808//1363
f 799//1364 808//1364 800//1364
f 800//1365 808//1365 809//1365
f 800//1366 809//1366 801//1366
f 801//1367 809//1367 802//1367
f 801//1368 802//1368 794//1368
f 802//1369 810//1369 811//1369
f 802//1370 811//1370 803//1370
f 803//1371 811//1371 812//1371
f 803//1372 812//1372 804//1372
f 804//1373 812//1373 813//1373
f 804//1374 813//1374 805//1374
f 805//1375 813//1375 814//1375
f 805//1376 814//1376 806//1376
f 806//1377 814//1377 815//1377
f 806//1378 815//1378 807//1378
f 807//1379 815//1379 816//1379
f 807//1380 816//1380 808//1380
f 808//1381 816//1381 817//1381
f 808//1382 817//1382 809//1382
f 809//1383 817//1383 810//1383
f 809//1384 810//1384 802//1384
f 810//1385 818//1385 819//1385
f 810//1386 819//1386 811//1386
f 811//1387 819//1387 820//1387
f 811//1388 820//1388 812//1388
f 812//1389 820//1389 821//1389
f 812//1390 821//1390 813//1390
f 813//1391 821//1391 822//1391
f 813//1392 822//1392 814//1392
f 814//1393 822//1393 823//1393
f 814//1394 823//1394 815//1394
f 815//1395 823//1395 824//1395
f 815//1396 824//1396 816//1396
f 816//1397 824//1397 825//1397
f 816//1398 825//1398 817//1398
f 817//1399 825//1399 818//1399
f 817//1400 818//1400 810//1400
f 826//1401 827//1401 828//1401
f 826//1402 828//1402 829//1402
f 826//1403 829//1403 830//1403
f 826//1404 830//1404 831//1404
f 826//1405 831//1405 832//1405
f 826//1406 832//1406 833//1406
f 826//1407 833//1407 834//1407
f 826//1408 834//1408 827//1408
f 827//1409 835//1409 836//1409
f 827//1410 836//1410 828//1410
f 828//1411 836//1411 837//1411
f 828//1412 837//1412 829//1412
f 829//1413 837//1413 838//1413
f 829//1414 838//1414 830//1414
f 830//1415 838//1415 839//1415
f 830//1416 839//1416 831//1416
f 831//1417 839//1417 840//1417
f 831//1418 840//1418 832//1418
f 832//1419 840//1419 841//1419
f 832//1420 841//1420 833//1420
f 833//1421 841//1421 842//1421
f 833//1422 842//1422 834//1422
f 834//1423 842//1423 835//1423
f 834//1424 835//1424 827//1424
f 835//1425 843//1425 844//1425
f 835//1426 844//1426 836//1426
f 836//1427 844//1427 845//1427
f 836//1428 845//1428 837//1428
f 837//1429 845//1429 846//1429
f 837//1430 846//1430 838//1430
f 838//1431 846//1431 847//1431
f 838//1432 847//1432 839//1432
f 839//1433 847//1433 848//1433
f 839//1434 848//1434 840//1434
f 840//1435 848//1435 849//1435
f 840//1436 849//1436 841//1436
f 841//1437 849//1437 850//1437
f 841//1438 850//1438 842//1438
f 842//1439 850//1439 843//1439
f 842//1440 843//1440 835//1440
f 843//1441 851//1441 852//1441
f 843//1442 852//1442 844//1442
f 844//1443 852//1443 853//1443
f 844//1444 853//1444 845//1444
f 845//1445 853//1445 854//1445
f 845//1446 854//1446 846//1446
f 846//1447 854//1447 855//1447
f 846//1448 855//1448 847//1448
f 847//1449 855//1449 856//1449
f 847//1450 856//1450 848//1450
f 848//1451 856//1451 857//1451
f 848//1452 857//1452 849//1452
f 849//1453 857//1453 858//1453
f 849//1454 858//1454 850//1454
f 850//1455 858//1455 851//1455
f 850//1456 851//1456 843//1456
f 859//1457 860//1457 861//1457
f 859//1458 861//1458 862//1458
f 859//1459 862//1459 863//1459
f 859//1460 863//1460 864//1460
f 859//1461 864//1461 865//1461
f 859//1462 865//1462 866//1462
f 859//1463 866//1463 867//1463
f 859//1464 867//1464 860//1464
f 860//1465 868//1465 869//1465
f 860//1466 869//1466 861//1466
f 861//1467 869//1467 870//1467
f 861//1468 870//1468 862//1468
f 862//1469 870//1469 871//1469
f 862//1470 871//1470 863//1470
f 863//1471 871//1471 872//1471
f 863//1472 872//1472 864//1472
f 864//1473 872//1473 873//1473
f 864//1474 873//1474 865//1474
f 865//1475 873//1475 874//1475
f 865//1476 874//1476 866//1476
f 866//1477 874//1477 875//1477
f 866//1478 875//1478 867//1478
f 867//1479 875//1479 868//1479
f 867//1480 868//1480 860//1480
f 868//1481 876//1481 877//1481
f 868//1482 877//1482 869//1482
f 869//1483 877//1483 878//1483
f 869//1484 878//1484 870//1484
f 870//1485 878//1485 879//1485
f 870//1486 879//1486 871//1486
f 871//1487 879//1487 880//1487
f 871//1488 880//1488 872//1488
f 872//1489 880//1489 881//1489
f 872//1490 881//1490 873//1490
f 873//1491 881//1491 882//1491
f 873//1492 882//1492 874//1492
f 874//1493 882//1493 883//1493
f 874//1494 883//1494 875//1494
f 875//1495 883//1495 876//1495
f 875//1496 876//1496 868//1496
f 876//1497 884//1497 885//1497
f 876//1498 885//1498 877//1498
f 877//1499 885//1499 886//1499
f 877//1500 886//1500 878//1500
f 878//1501 886//1501 887//1501
f 878//1502 887//1502 879//1502
f 879//1503 887//1503 888//1503
f 879//1504 888//1504 880//1504
f 880//1505 888//1505 889//1505
f 880//1506 889//1506 881//1506
f 881//1507 889//1507 890//1507
f 881//1508 890//1508 882//1508
f 882//1509 890//1509 891//1509
f 882//1510 891//1510 883//1510
f 883//1511 891//1511 884//1511
f 883//1512 884//1512 876//1512
f 892//1513 893//1513 894//1513
f 892//1514 894//1514 895//1514
f 892//1515 895//1515 896//1515
f 892//1516 896//1516 897//1516
f 892//1517 897//1517 898//1517
f 892//1518 898//1518 899//1518
f 892//1519 899//1519 900//1519
f 892//1520 900//1520 893//1520
f 893//1521 901//1521 902//1521
f 893//1522 902//1522 894//1522
f 894//1523 902//1523 903//1523
f 894//1524 903//1524 895//1524
f 895//1525 903//1525 904//1525
f 895//1526 904//1526 896//1526
f 896//1527 904//1527 905//1527
f 896//1528 905//1528 897//1528
f 897//1529 905//1529 906//1529
f 897//1530 906//1530 898//1530
f 898//1531 906//1531 907//1531
f 898//1532 907//1532 899//1532
f 899//1533 907//1533 908//1533
f 899//1534 908//1534 900//1534
f 900//1535 908//1535 901//1535
f 900//1536 901//1536 893//1536
f 901//1537 909//1537 910//1537
f 901//1538 910//1538 902//1538
f 902//1539 910//1539 911//1539
f 902//1540 911//1540 903//1540
f 903//1541 911//1541 912//1541
f 903//1542 912//1542 904//1542
f 904//1543 912//1543 913//1543
f 904//1544 913//1544 905//1544
f 905//1545 913//1545 914//1545
f 905//1546 914//1546 906//1546
f 906//1547 914//1547 915//1547
f 906//1548 915//1548 907//1548
f 907//1549 915//1549 916//1549
f 907//1550 916//1550 908//1550
f 908//1551 916//1551 909//1551
f 908//1552 909//1552 901//1552
f 909//1553 917//1553 918//1553
f 909//1554 918//1554 910//1554
f 910//1555 918//1555 919//1555
f 910//1556 919//1556 911//1556
f 911//1557 919//1557 920//1557
f 911//1558 920//1558 912//1558
f 912//1559 920//1559 921//1559
f 912//1560 921//1560 913//1560
f 913//1561 921//1561 922//1561
f 913//1562 922//1562 914//1562
f 914//1563 922//1563 923//1563
f 914//1564 923//1564 915//1564
f 915//1565 923//1565 924//1565
f 915//1566 924//1566 916//1566
f 916//1567 924//1567 917//1567
f 916//1568 917//1568 909//1568
f 925//1569 926//1569 927//1569
f 925//1570 927//1570 928//1570
f 925//1571 928//1571 929//1571
f 925//1572 929//1572 930//1572
f 925//1573 930//1573 931//1573
f 925//1574 931//1574 932//1574
f 925//1575 932//1575 933//1575
f 925//1576 933//1576 926//1576
f 926//1577 934//1577 935//1577
f 926//1578 935//1578 927//1578
f 927//1579 935//1579 936//1579
f 927//1580 936//1580 928//1580
f 928//1581 936//1581 937//1581
f 928//1582 937//1582 929//1582
f 929//1583 937//1583 938//1583
f 929//1584 938//1584 930//1584
f 930//1585 938//1585 939//1585
f 930//1586 939//1586 931//1586
f 931//1587 939//1587 940//1587
f 931//1588 940//1588 932//1588
f 932//1589 940//1589 941//1589
f 932//1590 941//1590 933//1590
f 933//1591 941//1591 934//1591
f 933//1592 934//1592 926//1592
f 934//1593 942//1593 943//1593
f 934//1594 943//1594 935//1594
f 935//1595 943//1595 944//1595
f 935//1596 944//1596 936//1596
f 936//1597 944//1597 945//1597
f 936//1598 945//1598 937//1598
f 937//1599 945//1599 946//1599
f 937//1600 946//1600 938//1600
f 938//1601 946//1601 947//1601
f 938//1602 947//1602 939//1602
f 939//1603 947//1603 948//1603
f 939//1604 948//1604 940//1604
f 940//1605 948//1605 949//1605
f 940//1606 949//1606 941//1606
f 941//1607 949//1607 942//1607
f 941//1608 942//1608 934//1608
f 942//1609 950//1609 951//1609
f 942//1610 951//1610 943//1610
f 943//1611 951//1611 952//1611
f 943//1612 952//1612 944//1612
f 944//1613 952//1613 953//1613
f 944//1614 953//1614 945//1614
f 945//1615 953//1615 954//1615
f 945//1616 954//1616 946//1616
f 946//1617 954//1617 955//1617
f 946//1618 955//1618 947//1618
f 947//1619 955//1619 956//1619
f 947//1620 956//1620 948//1620
f 948//1621 956//1621 957//1621
f 948//1622 957//1622 949//1622
f 949//1623 957//1623 950//1623
f 949//1624 950//1624 942//1624
f 958//1625 959//1625 960//1625
f 958//1626 960//1626 961//1626
f 958//1627 961//1627 962//1627
f 958//1628 962//1628 963//1628
f 958//1629 963//1629 964//1629
f 958//1630 964//1630 965//1630
f 958//1631 965//1631 966//1631
f 958//1632 966//1632 959//1632
f 959//1633 967//1633 968//1633
f 959//1634 968//1634 960//1634
f 960//1635 968//1635 969//1635
f 960//1636 969//1636 961//1636
f 961//1637 969//1637 970//1637
f 961//1638 970//1638 962//1638
f 962//1639 970//1639 971//1639
f 962//1640 971//1640 963//1640
f 963//1641 971//1641 972//1641
f 963//1642 972//1642 964//1642
f 964//1643 972//1643 973//1643
f 964//1644 973//1644 965//1644
f 965//1645 973//1645 974//1645
f 965//1646 974//1646 966//1646
f 966//1647 974//1647 967//1647
f 966//1648 967//1648 959//1648
f 967//1649 975//1649 976//1649
f 967//1650 976//1650 968//1650
f 968//1651 976//1651 977//1651
f 968//1652 977//1652 969//1652
f 969//1653 977//1653 978//1653
f 969//1654 978//1654 970//1654
f 970//1655 978//1655 979//1655
f 970//1656 979//1656 971//1656
f 971//1657 979//1657 980//1657
f 971//1658 980//1658 972//1658
f 972//1659 980//1659 981//1659
f 972//1660 981//1660 973//1660
f 973//1661 981//1661 982//1661
f 973//1662 982//1662 974//1662
f 974//1663 982//1663 975//1663
f 974//1664 975//1664 967//1664
f 975//1665 983//1665 984//1665
f 975//1666 984//1666 976//1666
f 976//1667 984//1667 985//1667
f 976//1668 985//1668 977//1668
f 977//1669 985//1669 986//1669
f 977//1670 986//1670 978//1670
f 978//1671 986//1671 987//1671
f 978//1672 987//1672 979//1672
f 979//1673 987//1673 988//1673
f 979//1674 988//1674 980//1674
f 980//1675 988//1675 989//1675
f 980//1676 989//1676 981//1676
f 981//1677 989//1677 990//1677
f 981//1678 990//1678 982//1678
f 982//1679 990//1679 983//1679
f 982//1680 983//1680 975//1680
f 991//1681 992//1681 993//1681
f 991//1682 993//1682 994//1682
f 991//1683 994//1683 995//1683
f 991//1684 995//1684 996//1684
f 991//1685 996//1685 997//1685
f 991//1686 997//1686 998//1686
f 991//1687 998//1687 999//1687
f 991//1688 999//1688 992//1688
f 992//1689 1000//1689 1001//1689
f 992//1690 1001//1690 993//1690
f 993//1691 1001//1691 1002//1691
f 993//1692 1002//1692 994//1692
f 994//1693 1002//1693 1003//1693
f 994//1694 1003//1694 995//1694
f 995//1695 1003//1695 1004//1695
f 995//1696 1004//1696 996//1696
f 996//1697 1004//1697 1005//1697
f 996//1698 1005//1698 997//1698
f 997//1699 1005//1699 1006//1699
f 997//1700 1006//1700 998//1700
f 998//1701 1006//1701 1007//1701
f 998//1702 1007//1702 999//1702
f 999//1703 1007//1703 1000//1703
f 999//1704 1000//1704 992//1704
f 1000//1705 1008//1705 1009//1705
f 1000//1706 1009//1706 1001//1706
f 1001//1707 1009//1707 1010//1707
f 1001//1708 1010//1708 1002//1708
f 1002//1709 1010//1709 1011//1709
f 1002//1710 1011//1710 1003//1710
f 1003//1711 1011//1711 1012//1711
f 1003//1712 1012//1712 1004//1712
f 1004//1713 1012//1713 1013//1713
f 1004//1714 1013//1714 1005//1714
f 1005//1715 1013//1715 1014//1715
f 1005//1716 1014//1716 1006//1716
f 1006//1717 1014//1717 1015//1717
f 1006//1718 1015//1718 1007//1718
f 1007//1719 1015//1719 1008//1719
f 1007//1720 1008//1720 1000//1720
f 1008//1721 1016//1721 1017//1721
f 1008//1722 1017//1722 1009//1722
f 1009//1723 1017//1723 1018//1723
f 1009//1724 1018//1724 1010//1724
f 1010//1725 1018//1725 1019//1725
f 1010//1726 1019//1726 1011//1726
f 1011//1727 1019//1727 1020//1727
f 1011//1728 1020//1728 1012//1728
f 1012//1729 1020//1729 1021//1729
f 1012//1730 1021//1730 1013//1730
f 1013//1731 1021//1731 1022//1731
f 1013//1732 1022//1732 1014//1732
f 1014//1733 1022//1733 1023//1733
f 1014//1734 1023//1734 1015//1734
f 1015//1735 1023//1735 1016//1735
f 1015//1736 1016//1736 1008//1736
f 1024//1737 1025//1737 1026//1737
f 1024//1738 1026//1738 1027//1738
f 1024//1739 1027//1739 1028//1739
f 1024//1740 1028//1740 1029//1740
f 1024//1741 1029//1741 1030//1741
f 1024//1742 1030//1742 1031//1742
f 1024//1743 1031//1743 1032//1743
f 1024//1744 1032//1744 1025//1744
f 1025//1745 1033//1745 1034//1745
f 1025//1746 1034//1746 1026//1746
f 1026//1747 1034//1747 1035//1747
f 1026//1748 1035//1748 1027//1748
f 1027//1749 1035//1749 1036//1749
f 1027//1750 1036//1750 1028//1750
f 1028//1751 1036//1751 1037//1751
f 1028//1752 1037//1752 1029//1752
f 1029//1753 1037//1753 1038//1753
f 1029//1754 1038//1754 1030//1754
f 1030//1755 1038//1755 1039//1755
f 1030//1756 1039//1756 1031//1756
f 1031//1757 1039//1757 1040//1757
f 1031//1758 1040//1758 1032//1758
f 1032//1759 1040//1759 1033//1759
f 1032//1760 1033//1760 1025//1760
f 1033//1761 1041//1761 1042//1761
f 1033//1762 1042//1762 1034//1762
f 1034//1763 1042//1763 1043//1763
f 1034//1764 1043//1764 1035//1764
f 1035//1765 1043//1765 1044//1765
f 1035//1766 1044//1766 1036//1766
f 1036//1767 1044//1767 1045//1767
f 1036//1768 1045//1768 1037//1768
f 1037//1769 1045//1769 1046//1769
f 1037//1770 1046//1770 1038//1770
f 1038//1771 1046//1771 1047//1771
f 1038//1772 1047//1772 1039//1772
f 1039//1773 1047//1773 1048//1773
f 1039//1774 1048//1774 1040//1774
f 1040//1775 1048//1775 1041//1775
f 1040//1776 1041//1776 1033//1776
f 1041//1777 1049//1777 1050//1777
f 1041//1778 1050//1778 1042//1778
f 1042//1779 1050//1779 1051//1779
f 1042//1780 1051//1780 1043//1780
f 1043//1781 1051//1781 1052//1781
f 1043//1782 1052//1782 1044//1782
f 1044//1783 1052//1783 1053//1783
f 1044//1784 1053//1784 1045//1784
f 1045//1785 1053//1785 1054//1785
f 1045//1786 1054//1786 1046//1786
f 1046//1787 1054//1787 1055//1787
f 1046//1788 1055//1788 1047//1788
f 1047//1789 1055//1789 1056//1789
f 1047//1790 1056//1790 1048//1790
f 1048//1791 1056//1791 1049//1791
f 1048//1792 1049//1792 1041//1792
f 1057//1793 1058//1793 1059//1793
f 1057//1794 1059//1794 1060//1794
f 1057//1795 1060//1795 1061//1795
f 1057//1796 1061//1796 1062//1796
f 1057//1797 1062//1797 1063//1797
f 1057//1798 1063//1798 1064//1798
f 1057//1799 1064//1799 1065//1799
f 1057//1800 1065//1800 1058//1800
f 1058//1801 1066//1801 1067//1801
f 1058//1802 1067//1802 1059//1802
f 1059//1803 1067//1803 1068//1803
f 1059//1804 1068//1804 1060//1804
f 1060//1805 1068//1805 1069//1805
f 1060//1806 1069//1806 1061//1806
f 1061//1807 1069//1807 1070//1807
f 1061//1808 1070//1808 1062//1808
f 1062//1809 1070//1809 1071//1809
f 1062//1810 1071//1810 1063//1810
f 1063//1811 1071//1811 1072//1811
f 1063//1812 1072//1812 1064//1812
f 1064//1813 1072//1813 1073//1813
f 1064//1814 1073//1814 1065//1814
f 1065//1815 1073//1815 1066//1815
f 1065//1816 1066//1816 1058//1816
f 1066//1817 1074//1817 1075//1817
f 1066//1818 1075//1818 1067//1818
f 1067//1819 1075//1819 1076//1819
f 1067//1820 1076//1820 1068//1820
f 1068//1821 1076//1821 1077//1821
f 1068//1822 1077//1822 1069//1822
f 1069//1823 1077//1823 1078//1823
f 1069//1824 1078//1824 1070//1824
f 1070//1825 1078//1825 1079//1825
f 1070//1826 1079//1826 1071//1826
f 1071//1827 1079//1827 1080//1827
f 1071//1828 1080//1828 1072//1828
f 1072//1829 1080//1829 1081//1829
f 1072//1830 1081//1830 1073//1830
f 1073//1831 1081//1831 1074//1831
f 1073//1832 1074//1832 1066//1832
f 1074//1833 1082//1833 1083//1833
f 1074//1834 1083//1834 1075//1834
f 1075//1835 1083//1835 1084//1835
f 1075//1836 1084//1836 1076//1836
f 1076//1837 1084//1837 1085//1837
f 1076//1838 1085//1838 1077//1838
f 1077//1839 1085//1839 1086//1839
f 1077//1840 1086//1840 1078//1840
f 1078//1841 1086//1841 1087//1841
f 1078//1842 1087//1842 1079//1842
f 1079//1843 1087//1843 1088//1843
f 1079//1844 1088//1844 1080//1844
f 1080//1845 1088//1845 1089//1845
f 1080//1846 1089//1846 1081//1846
f 1081//1847 1089//1847 1082//1847
f 1081//1848 1082//1848 1074//1848
f 1090//1849 1091//1849 1092//1849
f 1090//1850 1092//1850 1093//1850
f 1090//1851 1093//1851 1094//1851
f 1090//1852 1094//1852 1095//1852
f 1090//1853 1095//1853 1096//1853
f 1090//1854 1096//1854 1097//1854
f 1090//1855 1097//1855 1098//1855
f 1090//1856 1098//1856 1091//1856
f 1091//1857 1099//1857 1100//1857
f 1091//1858 1100//1858 1092//1858
f 1092//1859 1100//1859 1101//1859
f 1092//1860 1101//1860 1093//1860
f 1093//1861 1101//1861 1102//1861
f 1093//1862 1102//1862 1094//1862
f 1094//1863 1102//1863 1103//1863
f 1094//1864 1103//1864 1095//1864
f 1095//1865 1103//1865 1104//1865
f 1095//1866 1104//1866 1096//1866
f 1096//1867 1104//1867 1105//1867
f 1096//1868 1105//1868 1097//1868
f 1097//1869 1105//1869 1106//1869
f 1097//1870 1106//1870 1098//1870
f 1098//1871 1106//1871 1099//1871
f 1098//1872 1099//1872 1091//1872
f 1099//1873 1107//1873 1108//1873
f 1099//1874 1108//1874 1100//1874
f 1100//1875 1108//1875 1109//1875
f 1100//1876 1109//1876 1101//1876
f 1101//1877 1109//1877 1110//1877
f 1101//1878 1110//1878 1102//1878
f 1102//1879 1110//1879 1111//1879
f 1102//1880 1111//1880 1103//1880
f 1103//1881 1111//1881 1112//1881
f 1103//1882 1112//1882 1104//1882
f 1104//1883 1112//1883 1113//1883
f 1104//1884 1113//1884 1105//1884
f 1105//1885 1113//1885 1114//1885
f 1105//1886 1114//1886 1106//1886
f 1106//1887 1114//1887 1107//1887
f 1106//1888 1107//1888 1099//1888
f 1107//1889 1115//1889 1116//1889
f 1107//1890 1116//1890 1108//1890
f 1108//1891 1116//1891 1117//1891
f 1108//1892 1117//1892 1109//1892
f 1109//1893 1117//1893 1118//1893
f 1109//1894 1118//1894 1110//1894
f 1110//1895 1118//1895 1119//1895
f 1110//1896 1119//1896 1111//1896
f 1111//1897 1119//1897 1120//1897
f 1111//1898 1120//1898 1112//1898
f 1112//1899 1120//1899 1121//1899
f 1112//1900 1121//1900 1113//1900
f 1113//1901 1121//1901 1122//1901
f 1113//1902 1122//1902 1114//1902
f 1114//1903 1122//1903 1115//1903
f 1114//1904 1115//1904 1107//1904
f 1123//1905 1124//1905 1125//1905
f 1123//1906 1125//1906 1126//1906
f 1123//1907 1126//1907 1127//1907
f 1123//1908 1127//1908 1128//1908
f 1123//1909 1128//1909 1129//1909
f 1123//1910 1129//1910 1130//1910
f 1123//1911 1130//1911 1131//1911
f 1123//1912 1131//1912 1124//1912
f 1124//1913 1132//1913 1133//1913
f 1124//1914 1133//1914 1125//1914
f 1125//1915 1133//1915 1134//1915
f 1125//1916 1134//1916 1126//1916
f 1126//1917 1134//1917 1135//1917
f 1126//1918 1135//1918 1127//1918
f 1127//1919 1135//1919 1136//1919
f 1127//1920 1136//1920 1128//1920
f 1128//1921 1136//1921 1137//1921
f 1128//1922 1137//1922 1129//1922
f 1129//1923 1137//1923 1138//1923
f 1129//1924 1138//1924 1130//1924
f 1130//1925 1138//1925 1139//1925
f 1130//1926 1139//1926 1131//1926
f 1131//1927 1139//1927 1132//1927
f 1131//1928 1132//1928 1124//1928
f 1132//1929 1140//1929 1141//1929
f 1132//1930 1141//1930 1133//1930
f 1133//1931 1141//1931 1142//1931
f 1133//1932 1142//1932 1134//1932
f 1134//1933 1142//1933 1143//1933
f 1134//1934 1143//1934 1135//1934
f 1135//1935 1143//1935 1144//1935
f 1135//1936 1144//1936 1136//1936
f 1136//1937 1144//1937 1145//1937
f 1136//1938 1145//1938 1137//1938
f 1137//1939 1145//1939 1146//1939
f 1137//1940 1146//1940 1138//1940
f 1138//1941 1146//1941 1147//1941
f 1138//1942 1147//1942 1139//1942
f 1139//1943 1147//1943 1140//1943
f 1139//1944 1140//1944 1132//1944
f 1140//1945 1148//1945 1149//1945
f 1140//1946 1149//1946 1141//1946
f 1141//1947 1149//1947 1150//1947
f 1141//1948 1150//1948 1142//1948
f 1142//1949 1150//1949 1151//1949
f 1142//1950 1151//1950 1143//1950
f 1143//1951 1151//1951 1152//1951
f 1143//1952 1152//1952 1144//1952
f 1144//1953 1152//1953 1153//1953
f 1144//1954 1153//1954 1145//1954
f 1145//1955 1153//1955 1154//1955
f 1145//1956 1154//1956 1146//1956
f 1146//1957 1154//1957 1155//1957
f 1146//1958 1155//1958 1147//1958
f 1147//1959 1155//1959 1148//1959
f 1147//1960 1148//1960 1140//1960
f 1156//1961 1157//1961 1158//1961
f 1156//1962 1158//1962 1159//1962
f 1156//1963 1159//1963 1160//1963
f 1156//1964 1160//1964 1161//1964
f 1156//1965 1161//1965 1162//1965
f 1156//1966 1162//1966 1163//1966
f 1156//1967 1163//1967 1164//1967
f 1156//1968 1164//1968 1157//1968
f 1157//1969 1165//1969 1166//1969
f 1157//1970 1166//1970 1158//1970
f 1158//1971 1166//1971 1167//1971
f 1158//1972 1167//1972 1159//1972
f 1159//1973 1167//1973 1168//1973
f 1159//1974 1168//1974 1160//1974
f 1160//1975 1168//1975 1169//1975
f 1160//1976 1169//1976 1161//1976
f 1161//1977 1169//1977 1170//1977
f 1161//1978 1170//1978 1162//1978
f 1162//1979 1170//1979 1171//1979
f 1162//1980 1171//1980 1163//1980
f 1163//1981 1171//1981 1172//1981
f 1163//1982 1172//1982 1164//1982
f 1164//1983 1172//1983 1165//1983
f 1164//1984 1165//1984 1157//1984
f 1165//1985 1173//1985 1174//1985
f 1165//1986 1174//1986 1166//1986
f 1166//1987 1174//1987 1175//1987
f 1166//1988 1175//1988 1167//1988
f 1167//1989 1175//1989 1176//1989
f 1167//1990 1176//1990 1168//1990
f 1168//1991 1176//1991 1177//1991
f 1168//1992 1177//1992 1169//1992
f 1169//1993 1177//1993 1178//1993
f 1169//1994 1178//1994 1170//1994
f 1170//1995 1178//1995 1179//1995
f 1170//1996 1179//1996 1171//1996
f 1171//1997 1179//1997 1180//1997
f 1171//1998 1180//1998 1172//1998
f 1172//1999 1180//1999 1173//1999
f 1172//2000 1173//2000 1165//2000
f 1173//2001 1181//2001 1182//2001
f 1173//2002 1182//2002 1174//2002
f 1174//2003 1182//2003 1183//2003
f 1174//2004 1183//2004 1175//2004
f 1175//2005 1183//2005 1184//2005
f 1175//2006 1184//2006 1176//2006
f 1176//2007 1184//2007 1185//2007
f 1176//2008 1185//2008 1177//2008
f 1177//2009 1185//2009 1186//2009
f 1177//2010 1186//2010 1178//2010
f 1178//2011 1186//2011 1187//2011
f 1178//2012 1187//2012 1179//2012
f 1179//2013 1187//2013 1188//2013
f 1179//2014 1188//2014 1180//2014
f 1180//2015 1188//2015 1181//2015
f 1180//2016 1181//2016 1173//2016
f 1189//2017 1190//2017 1191//2017
f 1189//2018 1191//2018 1192//2018
f 1189//2019 1192//2019 1193//2019
f 1189//2020 1193//2020 1194//2020
f 1189//2021 1194//2021 1195//2021
f 1189//2022 1195//2022 1196//2022
f 1189//2023 1196//2023 1197//2023
f 1189//2024 1197//2024 1190//2024
f 1190//2025 1198//2025 1199//2025
f 1190//2026 1199//2026 1191//2026
f 1191//2027 1199//2027 1200//2027
f 1191//2028 1200//2028 1192//2028
f 1192//2029 1200//2029 1201//2029
f 1192//2030 1201//2030 1193//2030
f 1193//2031 1201//2031 1202//2031
f 1193//2032 1202//2032 1194//2032
f 1194//2033 1202//2033 1203//2033
f 1194//2034 1203//2034 1195//2034
f 1195//2035 1203//2035 1204//2035
f 1195//2036 1204//2036 1196//2036
f 1196//2037 1204//2037 1205//2037
f 1196//2038 1205//2038 1197//2038
f 1197//2039 1205//2039 1198//2039
f 1197//2040 1198//2040 1190//2040
f 1198//2041 1206//2041 1207//2041
f 1198//2042 1207//2042 1199//2042
f 1199//2043 1207//2043 1208//2043
f 1199//2044 1208//2044 1200//2044
f 1200//2045 1208//2045 1209//2045
f 1200//2046 1209//2046 1201//2046
f 1201//2047 1209//2047 1210//2047
f 1201//2048 1210//2048 1202//2048
f 1202//2049 1210//2049 1211//2049
f 1202//2050 1211//2050 1203//2050
f 1203//2051 1211//2051 1212//2051
f 1203//2052 1212//2052 1204//2052
f 1204//2053 1212//2053 1213//2053
f 1204//2054 1213//2054 1205//2054
f 1205//2055 1213//2055 1206//2055
f 1205//2056 1206//2056 1198//2056
f 1206//2057 1214//2057 1215//2057
f 1206//2058 1215//2058 1207//2058
f 1207//2059 1215//2059 1216//2059
f 1207//2060 1216//2060 1208//2060
f 1208//2061 1216//2061 1217//2061
f 1208//2062 1217//2062 1209//2062
f 1209//2063 1217//2063 1218//2063
f 1209//2064 1218//2064 1210//2064
f 1210//2065 1218//2065 1219//2065
f 1210//2066 1219//2066 1211//2066
f 1211//2067 1219//2067 1220//2067
f 1211//2068 1220//2068 1212//2068
f 1212//2069 1220//2069 1221//2069
f 1212//2070 1221//2070 1213//2070
f 1213//2071 1221//2071 1214//2071
f 1213//2072 1214//2072 1206//2072
f 1222//2073 1223//2073 1224//2073
f 1222//2074 1224//2074 1225//2074
f 1222//2075 1225//2075 1226//2075
f 1222//2076 1226//2076 1227//2076
f 1222//2077 1227//2077 1228//2077
f 1222//2078 1228//2078 1229//2078
f 1222//2079 1229//2079 1230//2079
f 1222//2080 1230//2080 1223//2080
f 1223//2081 1231//2081 1232//2081
f 1223//2082 1232//2082 1224//2082
f 1224//2083 1232//2083 1233//2083
f 1224//2084 1233//2084 1225//2084
f 1225//2085 1233//2085 1234//2085
f 1225//2086 1234//2086 1226//2086
f 1226//2087 1234//2087 1235//2087
f 1226//2088 1235//2088 1227//2088
f 1227//2089 1235//2089 1236//2089
f 1227//2090 1236//2090 1228//2090
f 1228//2091 1236//2091 1237//2091
f 1228//2092 1237//2092 1229//2092
f 1229//2093 1237//2093 1238//2093
f 1229//2094 1238//2094 1230//2094
f 1230//2095 1238//2095 1231//2095
f 1230//2096 1231//2096 1223//2096
f 1231//2097 1239//2097 1240//2097
f 1231//2098 1240//2098 1232//2098
f 1232//2099 1240//2099 1241//2099
f 1232//2100 1241//2100 1233//2100
f 1233//2101 1241//2101 1242//2101
f 1233//2102 1242//2102 1234//2102
f 1234//2103 1242//2103 1243//2103
f 1234//2104 1243//2104 1235//2104
f 1235//2105 1243//2105 1244//2105
f 1235//2106 1244//2106 1236//2106
f 1236//2107 1244//2107 1245//2107
f 1236//2108 1245//2108 1237//2108
f 1237//2109 1245//2109 1246//2109
f 1237//2110 1246//2110 1238//2110
f 1238//2111 1246//2111 1239//2111
f 1238//2112 1239//2112 1231//2112
f 1239//2113 1247//2113 1248//2113
f 1239//2114 1248//2114 1240//2114
f 1240//2115 1248//2115 1249//2115
f 1240//2116 1249//2116 1241//2116
f 1241//2117 1249//2117 1250//2117
f 1241//2118 1250//2118 1242//2118
f 1242//2119 1250//2119 1251//2119
f 1242//2120 1251//2120 1243//2120
f 1243//2121 1251//2121 1252//2121
f 1243//2122 1252//2122 1244//2122
f 1244//2123 1252//2123 1253//2123
f 1244//2124 1253//2124 1245//2124
f 1245//2125 1253//2125 1254//2125
f 1245//2126 1254//2126 1246//2126
f 1246//2127 1254//2127 1247//2127
f 1246//2128 1247//2128 1239//2128
f 1255//2129 1256//2129 1257//2129
f 1255//2130 1257//2130 1258//2130
f 1255//2131 1258//2131 1259//2131
f 1255//2132 1259//2132 1260//2132
f 1255//2133 1260//2133 1261//2133
f 1255//2134 1261//2134 1262//2134
f 1255//2135 1262//2135 1263//2135
f 1255//2136 1263//2136 1256//2136
f 1256//2137 1264//2137 1265//2137
f 1256//2138 1265//2138 1257//2138
f 1257//2139 1265//2139 1266//2139
f 1257//2140 1266//2140 1258//2140
f 1258//2141 1266//2141 1267//2141
f 1258//2142 1267//2142 1259//2142
f 1259//2143 1267//2143 1268//2143
f 1259//2144 1268//2144 1260//2144
f 1260//2145 1268//2145 1269//2145
f 1260//2146 1269//2146 1261//2146
f 1261//2147 1269//2147 1270//2147
f 1261//2148 1270//2148 1262//2148
f 1262//2149 1270//2149 1271//2149
f 1262//2150 1271//2150 1263//2150
f 1263//2151 1271//2151 1264//2151
f 1263//2152 1264//2152 1256//2152
f 1264//2153 1272//2153 1273//2153
f 1264//2154 1273//2154 1265//2154
f 1265//2155 1273//2155 1274//2155
f 1265//2156 1274//2156 1266//2156
f 1266//2157 1274//2157 1275//2157
f 1266//2158 1275//2158 1267//2158
f 1267//2159 1275//2159 1276//2159
f 1267//2160 1276//2160 1268//2160
f 1268//2161 1276//2161 1277//2161
f 1268//2162 1277//2162 1269//2162
f 1269//2163 1277//2163 1278//2163
f 1269//2164 1278//2164 1270//2164
f 1270//2165 1278//2165 1279//2165
f 1270//2166 1279//2166 1271//2166
f 1271//2167 1279//2167 1272//2167
f 1271//2168 1272//2168 1264//2168
f 1272//2169 1280//2169 1281//2169
f 1272//2170 1281//2170 1273//2170
f 1273//2171 1281//2171 1282//2171
f 1273//2172 1282//2172 1274//2172
f 1274//2173 1282//2173 1283//2173
f 1274//2174 1283//2174 1275//2174
f 1275//2175 1283//2175 1284//2175
f 1275//2176 1284//2176 1276//2176
f 1276//2177 1284//2177 1285//2177
f 1276//2178 1285//2178 1277//2178
f 1277//2179 1285//2179 1286//2179
f 1277//2180 1286//2180 1278//2180
f 1278//2181 1286//2181 1287//2181
f 1278//2182 1287//2182 1279//2182
f 1279//2183 1287//2183 1280//2183
f 1279//2184 1280//2184 1272//2184
f 1288//2185 1289//2185 1290//2185
f 1288//2186 1290//2186 1291//2186
f 1288//2187 1291//2187 1292//2187
f 1288//2188 1292//2188 1293//2188
f 1288//2189 1293//2189 1294//2189
f 1288//2190 1294//2190 1295//2190
f 1288//2191 1295//2191 1296//2191
f 1288//2192 1296//2192 1289//2192
f 1289//2193 1297//2193 1298//2193
f 1289//2194 1298//2194 1290//2194
f 1290//2195 1298//2195 1299//2195
f 1290//2196 1299//2196 1291//2196
f 1291//2197 1299//2197 1300//2197
f 1291//2198 1300//2198 1292//2198
f 1292//2199 1300//2199 1301//2199
f 1292//2200 1301//2200 1293//2200
f 1293//2201 1301//2201 1302//2201
f 1293//2202 1302//2202 1294//2202
f 1294//2203 1302//2203 1303//2203
f 1294//2204 1303//2204 1295//2204
f 1295//2205 1303//2205 1304//2205
f 1295//2206 1304//2206 1296//2206
f 1296//2207 1304//2207 1297//2207
f 1296//2208 1297//2208 1289//2208
f 1297//2209 1305//2209 1306//2209
f 1297//2210 1306//2210 1298//2210
f 1298//2211 1306//2211 1307//2211
f 1298//2212 1307//2212 1299//2212
f 1299//2213 1307//2213 1308//2213
f 1299//2214 1308//2214 1300//2214
f 1300//2215 1308//2215 1309//2215
f 1300//2216 1309//2216 1301//2216
f 1301//2217 1309//2217 1310//2217
f 1301//2218 1310//2218 1302//2218
f 1302//2219 1310//2219 1311//2219
f 1302//2220 1311//2220 1303//2220
f 1303//2221 1311//2221 1312//2221
f 1303//2222 1312//2222 1304//2222
f 1304//2223 1312//2223 1305//2223
f 1304//2224 1305//2224 1297//2224
f 1305//2225 1313//2225 1314//2225
f 1305//2226 1314//2226 1306//2226
f 1306//2227 1314//2227 1315//2227
f 1306//2228 1315//2228 1307//2228
f 1307//2229 1315//2229 1316//2229
f 1307//2230 1316//2230 1308//2230
f 1308//2231 1316//2231 1317//2231
f 1308//2232 1317//2232 1309//2232
f 1309//2233 1317//2233 1318//2233
f 1309//2234 1318//2234 1310//2234
f 1310//2235 1318//2235 1319//2235
f 1310//2236 1319//2236 1311//2236
f 1311//2237 1319//2237 1320//2237
f 1311//2238 1320//2238 1312//2238
f 1312//2239 1320//2239 1313//2239
f 1312//2240 1313//2240 1305//2240
f 1321//2241 1322//2241 1323//2241
f 1321//2242 1323//2242 1324//2242
f 1321//2243 1324//2243 1325//2243
f 1321//2244 1325//2244 1326//2244
f 1321//2245 1326//2245 1327//2245
f 1321//2246 1327//2246 1328//2246
f 1321//2247 1328//2247 1329//2247
f 1321//2248 1329//2248 1322//2248
f 1322//2249 1330//2249 1331//2249
f 1322//2250 1331//2250 1323//2250
f 1323//2251 1331//2251 1332//2251
f 1323//2252 1332//2252 1324//2252
f 1324//2253 1332//2253 1333//2253
f 1324//2254 1333//2254 1325//2254
f 1325//2255 1333//2255 1334//2255
f 1325//2256 1334//2256 1326//2256
f 1326//2257 1334//2257 1335//2257
f 1326//2258 1335//2258 1327//2258
f 1327//2259 1335//2259 1336//2259
f 1327//2260 1336//2260 1328//2260
f 1328//2261 1336//2261 1337//2261
f 1328//2262 1337//2262 1329//2262
f 1329//2263 1337//2263 1330//2263
f 1329//2264 1330//2264 1322//2264
f 1330//2265 1338//2265 1339//2265
f 1330//2266 1339//2266 1331//2266
f 1331//2267 1339//2267 1340//2267
f 1331//2268 1340//2268 1332//2268
f 1332//2269 1340//2269 1341//2269
f 1332//2270 1341//2270 1333//2270
f 1333//2271 1341//2271 1342//2271
f 1333//2272 1342//2272 1334//2272
f 1334//2273 1342//2273 1343//2273
f 1334//2274 1343//2274 1335//2274
f 1335//2275 1343//2275 1344//2275
f 1335//2276 1344//2276 1336//2276
f 1336//2277 1344//2277 1345//2277
f 1336//2278 1345//2278 1337//2278
f 1337//2279 1345//2279 1338//2279
f 1337//2280 1338//2280 1330//2280
f 1338//2281 1346//2281 1347//2281
f 1338//2282 1347//2282 1339//2282
f 1339//2283 1347//2283 1348//2283
f 1339//2284 1348//2284 1340//2284
f 1340//2285 1348//2285 1349//2285
f 1340//2286 1349//2286 1341//2286
f 1341//2287 1349//2287 1350//2287
f 1341//2288 1350//2288 1342//2288
f 1342//2289 1350//2289 1351//2289
f 1342//2290 1351//2290 1343//2290
f 1343//2291 1351//2291 1352//2291
f 1343//2292 1352//2292 1344//2292
f 1344//2293 1352//2293 1353//2293
f 1344//2294 1353//2294 1345//2294
f 1345//2295 1353//2295 1346//2295
f 1345//2296 1346//2296 1338//2296
f 1354//2297 1355//2297 1356//2297
f 1354//2298 1356//2298 1357//2298
f 1354//2299 1357//2299 1358//2299
f 1354//2300 1358//2300 1359//2300
f 1354//2301 1359//2301 1360//2301
f 1354//2302 1360//2302 1361//2302
f 1354//2303 1361//2303 1362//2303
f 1354//2304 1362//2304 1355//2304
f 1355//2305 1363//2305 1364//2305
f 1355//2306 1364//2306 1356//2306
f 1356//2307 1364//2307 1365//2307
f 1356//2308 1365//2308 1357//2308
f 1357//2309 1365//2309 1366//2309
f 1357//2310 1366//2310 1358//2310
f 1358//2311 1366//2311 1367//2311
f 1358//2312 1367//2312 1359//2312
f 1359//2313 1367//2313 1368//2313
f 1359//2314 1368//2314 1360//2314
f 1360//2315 1368//2315 1369//2315
f 1360//2316 1369//2316 1361//2316
f 1361//2317 1369//2317 1370//2317
f 1361//2318 1370//2318 1362//2318
f 1362//2319 1370//2319 1363//2319
f 1362//2320 1363//2320 1355//2320
f 1363//2321 1371//2321 1372//2321
f 1363//2322 1372//2322 1364//2322
f 1364//2323 1372//2323 1373//2323
f 1364//2324 1373//2324 1365//2324
f 1365//2325 1373//2325 1374//2325
f 1365//2326 1374//2326 1366//2326
f 1366//2327 1374//2327 1375//2327
f 1366//2328 1375//2328 1367//2328
f 1367//2329 1375//2329 1376//2329
f 1367//2330 1376//2330 1368//2330
f 1368//2331 1376//2331 1377//2331
f 1368//2332 1377//2332 1369//2332
f 1369//2333 1377//2333 1378//2333
f 1369//2334 1378//2334 1370//2334
f 1370//2335 1378//2335 1371//2335
f 1370//2336 1371//2336 1363//2336
f 1371//2337 1379//2337 1380//2337
f 1371//2338 1380//2338 1372//2338
f 1372//2339 1380//2339 1381//2339
f 1372//2340 1381//2340 1373//2340
f 1373//2341 1381//2341 1382//2341
f 1373//2342 1382//2342 1374//2342
f 1374//2343 1382//2343 1383//2343
f 1374//2344 1383//2344 1375//2344
f 1375//2345 1383//2345 1384//2345
f 1375//2346 1384//2346 1376//2346
f 1376//2347 1384//2347 1385//2347
f 1376//2348 1385//2348 1377//2348
f 1377//2349 1385//2349 1386//2349
f 1377//2350 1386//2350 1378//2350
f 1378//2351 1386//2351 1379//2351
f 1378//2352 1379//2352 1371//2352
f 1387//2353 1388//2353 1389//2353
f 1387//2354 1389//2354 1390//2354
f 1387//2355 1390//2355 1391//2355
f 1387//2356 1391//2356 1392//2356
f 1387//2357 1392//2357 1393//2357
f 1387//2358 1393//2358 1394//2358
f 1387//2359 1394//2359 1395//2359
f 1387//2360 1395//2360 1388//2360
f 1388//2361 1396//2361 1397//2361
f 1388//2362 1397//2362 1389//2362
f 1389//2363 1397//2363 1398//2363
f 1389//2364 1398//2364 1390//2364
f 1390//2365 1398//2365 1399//2365
f 1390//2366 1399//2366 1391//2366
f 1391//2367 1399//2367 1400//2367
f 1391//2368 1400//2368 1392//2368
f 1392//2369 1400//2369 1401//2369
f 1392//2370 1401//2370 1393//2370
f 1393//2371 1401//2371 1402//2371
f 1393//2372 1402//2372 1394//2372
f 1394//2373 1402//2373 1403//2373
f 1394//2374 1403//2374 1395//2374
f 1395//2375 1403//2375 1396//2375
f 1395//2376 1396//2376 1388//2376
f 1396//2377 1404//2377 1405//2377
f 1396//2378 1405//2378 1397//2378
f 1397//2379 1405//2379 1406//2379
f 1397//2380 1406//2380 1398//2380
f 1398//2381 1406//2381 1407//2381
f 1398//2382 1407//2382 1399//2382
f 1399//2383 1407//2383 1408//2383
f 1399//2384 1408//2384 1400//2384
f 1400//2385 1408//2385 1409//2385
f 1400//2386 1409//2386 1401//2386
f 1401//2387 1409//2387 1410//2387
f 1401//2388 1410//2388 1402//2388
f 1402//2389 1410//2389 1411//2389
f 1402//2390 1411//2390 1403//2390
f 1403//2391 1411//2391 1404//2391
f 1403//2392 1404//2392 1396//2392
f 1404//2393 1412//2393 1413//2393
f 1404//2394 1413//2394 1405//2394
f 1405//2395 1413//2395 1414//2395
f 1405//2396 1414//2396 1406//2396
f 1406//2397 1414//2397 1415//2397
f 1406//2398 1415//2398 1407//2398
f 1407//2399 1415//2399 1416//2399
f 1407//2400 1416//2400 1408//2400
f 1408//2401 1416//2401 1417//2401
f 1408//2402 1417//2402 1409//2402
f 1409//2403 1417//2403 1418//2403
f 1409//2404 1418//2404 1410//2404
f 1410//2405 1418//2405 1419//2405
f 1410//2406 1419//2406 1411//2406
f 1411//2407 1419//2407 1412//2407
f 1411//2408 1412//2408 1404//2408
f 1420//2409 1421//2409 1422//2409
f 1420//2410 1422//2410 1423//2410
f 1420//2411 1423//2411 1424//2411
f 1420//2412 1424//2412 1425//2412
f 1420//2413 1425//2413 1426//2413
f 1420//2414 1426//2414 1427//2414
f 1420//2415 1427//2415 1428//2415
f 1420//2416 1428//2416 1421//2416
f 1421//2417 1429//2417 1430//2417
f 1421//2418 1430//2418 1422//2418
f 1422//2419 1430//2419 1431//2419
f 1422//2420 1431//2420 1423//2420
f 1423//2421 1431//2421 1432//2421
f 1423//2422 1432//2422 1424//2422
f 1424//2423 1432//2423 1433//2423
f 1424//2424 1433//2424 1425//2424
f 1425//2425 1433//2425 1434//2425
f 1425//2426 1434//2426 1426//2426
f 1426//2427 1434//2427 1435//2427
f 1426//2428 1435//2428 1427//2428
f 1427//2429 1435//2429 1436//2429
f 1427//2430 1436//2430 1428//2430
f 1428//2431 1436//2431 1429//2431
f 1428//2432 1429//2432 1421//2432
f 1429//2433 1437//2433 1438//2433
f 1429//2434 1438//2434 1430//2434
f 1430//2435 1438//2435 1439//2435
f 1430//2436 1439//2436 1431//2436
f 1431//2437 1439//2437 1440//2437
f 1431//2438 1440//2438 1432//2438
f 1432//2439 1440//2439 1441//2439
f 1432//2440 1441//2440 1433//2440
f 1433//2441 1441//2441 1442//2441
f 1433//2442 1442//2442 1434//2442
f 1434//2443 1442//2443 1443//2443
f 1434//2444 1443//2444 1435//2444
f 1435//2445 1443//2445 1444//2445
f 1435//2446 1444//2446 1436//2446
f 1436//2447 1444//2447 1437//2447
f 1436//2448 1437//2448 1429//2448
f 1437//2449 1445//2449 1446//2449
f 1437//2450 1446//2450 1438//2450
f 1438//2451 1446//2451 1447//2451
f 1438//2452 1447//2452 1439//2452
f 1439//2453 1447//2453 1448//2453
f 1439//2454 1448//2454 1440//2454
f 1440//2455 1448//2455 1449//2455
f 1440//2456 1449//2456 1441//2456
f 1441//2457 1449//2457 1450//2457
f 1441//2458 1450//2458 1442//2458
f 1442//2459 1450//2459 1451//2459
f 1442//2460 1451//2460 1443//2460
f 1443//2461 1451//2461 1452//2461
f 1443//2462 1452//2462 1444//2462
f 1444//2463 1452//2463 1445//2463
f 1444//2464 1445//2464 1437//2464
f 1453//2465 1454//2465 1455//2465
f 1453//2466 1455//2466 1456//2466
f 1453//2467 1456//2467 1457//2467
f 1453//2468 1457//2468 1458//2468
f 1453//2469 1458//2469 1459//2469
f 1453//2470 1459//2470 1460//2470
f 1453//2471 1460//2471 1461//2471
f 1453//2472 1461//2472 1454//2472
f 1454//2473 1462//2473 1463//2473
f 1454//2474 1463//2474 1455//2474
f 1455//2475 1463//2475 1464//2475
f 1455//2476 1464//2476 1456//2476
f 1456//2477 1464//2477 1465//2477
f 1456//2478 1465//2478 1457//2478
f 1457//2479 1465//2479 1466//2479
f 1457//2480 1466//2480 1458//2480
f 1458//2481 1466//2481 1467//2481
f 1458//2482 1467//2482 1459//2482
f 1459//2483 1467//2483 1468//2483
f 1459//2484 1468//2484 1460//2484
f 1460//2485 1468//2485 1469//2485
f 1460//2486 1469//2486 1461//2486
f 1461//2487 1469//2487 1462//2487
f 1461//2488 1462//2488 1454//2488
f 1462//2489 1470//2489 1471//2489
f 1462//2490 1471//2490 1463//2490
f 1463//2491 1471//2491 1472//2491
f 1463//2492 1472//2492 1464//2492
f 1464//2493 1472//2493 1473//2493
f 1464//2494 1473//2494 1465//2494
f 1465//2495 1473//2495 1474//2495
f 1465//2496 1474//2496 1466//2496
f 1466//2497 1474//2497 1475//2497
f 1466//2498 1475//2498 1467//2498
f 1467//2499 1475//2499 1476//2499
f 1467//2500 1476//2500 1468//2500
f 1468//2501 1476//2501 1477//2501
f 1468//2502 1477//2502 1469//2502
f 1469//2503 1477//2503 1470//2503
f 1469//2504 1470//2504 1462//2504
f 1470//2505 1478//2505 1479//2505
f 1470//2506 1479//2506 1471//2506
f 1471//2507 1479//2507 1480//2507
f 1471//2508 1480//2508 1472//2508
f 1472//2509 1480//2509 1481//2509
f 1472//2510 1481//2510 1473//2510
f 1473//2511 1481//2511 1482//2511
f 1473//2512 1482//2512 1474//2512
f 1474//2513 1482//2513 1483//2513
f 1474//2514 1483//2514 1475//2514
f 1475//2515 1483//2515 1484//2515
f 1475//2516 1484//2516 1476//2516
f 1476//2517 1484//2517 1485//2517
f 1476//2518 1485//2518 1477//2518
f 1477//2519 1485//2519 1478//2519
f 1477//2520 1478//2520 1470//2520
f 1486//2521 1487//2521 1488//2521
f 1486//2522 1488//2522 1489//2522
f 1486//2523 1489//2523 1490//2523
f 1486//2524 1490//2524 1491//2524
f 1486//2525 1491//2525 1492//2525
f 1486//2526 1492//2526 1493//2526
f 1486//2527 1493//2527 1494//2527
f 1486//2528 1494//2528 1487//2528
f 1487//2529 1495//2529 1496//2529
f 1487//2530 1496//2530 1488//2530
f 1488//2531 1496//2531 1497//2531
f 1488//2532 1497//2532 1489//2532
f 1489//2533 1497//2533 1498//2533
f 1489//2534 1498//2534 1490//2534
f 1490//2535 1498//2535 1499//2535
f 1490//2536 1499//2536 1491//2536
f 1491//2537 1499//2537 1500//2537
f 1491//2538 1500//2538 1492//2538
f 1492//2539 1500//2539 1501//2539
f 1492//2540 1501//2540 1493//2540
f 1493//2541 1501//2541 1502//2541
f 1493//2542 1502//2542 1494//2542
f 1494//2543 1502//2543 1495//2543
f 1494//2544 1495//2544 1487//2544
f 1495//2545 1503//2545 1504//2545
f 1495//2546 1504//2546 1496//2546
f 1496//2547 1504//2547 1505//2547
f 1496//2548 1505//2548 1497//2548
f 1497//2549 1505//2549 1506//2549
f 1497//2550 1506//2550 1498//2550
f 1498//2551 1506//2551 1507//2551
f 1498//2552 1507//2552 1499//2552
f 1499//2553 1507//2553 1508//2553
f 1499//2554 1508//2554 1500//2554
f 1500//2555 1508//2555 1509//2555
f 1500//2556 1509//2556 1501//2556
f 1501//2557 1509//2557 1510//2557
f 1501//2558 1510//2558 1502//2558
f 1502//2559 1510//2559 1503//2559
f 1502//2560 1503//2560 1495//2560
f 1503//2561 1511//2561 1512//2561
f 1503//2562 1512//2562 1504//2562
f 1504//2563 1512//2563 1513//2563
f 1504//2564 1513//2564 1505//2564
f 1505//2565 1513//2565 1514//2565
f 1505//2566 1514//2566 1506//2566
f 1506//2567 1514//2567 1515//2567
f 1506//2568 1515//2568 1507//2568
f 1507//2569 1515//2569 1516//2569
f 1507//2570 1516//2570 1508//2570
f 1508//2571 1516//2571 1517//2571
f 1508//2572 1517//2572 1509//2572
f 1509//2573 1517//2573 1518//2573
f 1509//2574 1518//2574 1510//2574
f 1510//2575 1518//2575 1511//2575
f 1510//2576 1511//2576 1503//2576
f 1519//2577 1520//2577 1521//2577
f 1519//2578 1521//2578 1522//2578
f 1519//2579 1522//2579 1523//2579
f 1519//2580 1523//2580 1524//2580
f 1519//2581 1524//2581 1525//2581
f 1519//2582 1525//2582 1526//2582
f 1519//2583 1526//2583 1527//2583
f 1519//2584 1527//2584 1520//2584
f 1520//2585 1528//2585 1529//2585
f 1520//2586 1529//2586 1521//2586
f 1521//2587 1529//2587 1530//2587
f 1521//2588 1530//2588 1522//2588
f 1522//2589 1530//2589 1531//2589
f 1522//2590 1531//2590 1523//2590
f 1523//2591 1531//2591 1532//2591
f 1523//2592 1532//2592 1524//2592
f 1524//2593 1532//2593 1533//2593
f 1524//2594 1533//2594 1525//2594
f 1525//2595 1533//2595 1534//2595
f 1525//2596 1534//2596 1526//2596
f 1526//2597 1534//2597 1535//2597
f 1526//2598 1535//2598 1527//2598
f 1527//2599 1535//2599 1528//2599
f 1527//2600 1528//2600 1520//2600
f 1528//2601 1536//2601 1537//2601
f 1528//2602 1537//2602 1529//2602
f 1529//2603 1537//2603 1538//2603
f 1529//2604 1538//2604 1530//2604
f 1530//2605 1538//2605 1539//2605
f 1530//2606 1539//2606 1531//2606
f 1531//2607 1539//2607 1540//2607
f 1531//2608 1540//2608 1532//2608
f 1532//2609 1540//2609 1541//2609
f 1532//2610 1541//2610 1533//2610
f 1533//2611 1541//2611 1542//2611
f 1533//2612 1542//2612 1534//2612
f 1534//2613 1542//2613 1543//2613
f 1534//2614 1543//2614 1535//2614
f 1535//2615 1543//2615 1536//2615
f 1535//2616 1536//2616 1528//2616
f 1536//2617 1544//2617 1545//2617
f 1536//2618 1545//2618 1537//2618
f 1537//2619 1545//2619 1546//2619
f 1537//2620 1546//2620 1538//2620
f 1538//2621 1546//2621 1547//2621
f 1538//2622 1547//2622 1539//2622
f 1539//2623 1547//2623 1548//2623
f 1539//2624 1548//2624 1540//2624
f 1540//2625 1548//2625 1549//2625
f 1540//2626 1549//2626 1541//2626
f 1541//2627 1549//2627 1550//2627
f 1541//2628 1550//2628 1542//2628
f 1542//2629 1550//2629 1551//2629
f 1542//2630 1551//2630 1543//2630
f 1543//2631 1551//2631 1544//2631
f 1543//2632 1544//2632 1536//2632
f 1552//2633 1553//2633 1554//2633
f 1552//2634 1554//2634 1555//2634
f 1552//2635 1555//2635 1556//2635
f 1552//2636 1556//2636 1557//2636
f 1552//2637 1557//2637 1558//2637
f 1552//2638 1558//2638 1559//2638
f 1552//2639 1559//2639 1560//2639
f 1552//2640 1560//2640 1553//2640
f 1553//2641 1561//2641 1562//2641
f 1553//2642 1562//2642 1554//2642
f 1554//2643 1562//2643 1563//2643
f 1554//2644 1563//2644 1555//2644
f 1555//2645 1563//2645 1564//2645
f 1555//2646 1564//2646 1556//2646
f 1556//2647 1564//2647 1565//2647
f 1556//2648 1565//2648 1557//2648
f 1557//2649 1565//2649 1566//2649
f 1557//2650 1566//2650 1558//2650
f 1558//2651 1566//2651 1567//2651
f 1558//2652 1567//2652 1559//2652
f 1559//2653 1567//2653 1568//2653
f 1559//2654 1568//2654 1560//2654
f 1560//2655 1568//2655 1561//2655
f 1560//2656 1561//2656 1553//2656
f 1561//2657 1569//2657 1570//2657
f 1561//2658 1570//2658 1562//2658
f 1562//2659 1570//2659 1571//2659
f 1562//2660 1571//2660 1563//2660
f 1563//2661 1571//2661 1572//2661
f 1563//2662 1572//2662 1564//2662
f 1564//2663 1572//2663 1573//2663
f 1564//2664 1573//2664 1565//2664
f 1565//2665 1573//2665 1574//2665
f 1565//2666 1574//2666 1566//2666
f 1566//2667 1574//2667 1575//2667
f 1566//2668 1575//2668 1567//2668
f 1567//2669 1575//2669 1576//2669
f 1567//2670 1576//2670 1568//2670
f 1568//2671 1576//2671 1569//2671
f 1568//2672 1569//2672 1561//2672
f 1569//2673 1577//2673 1578//2673
f 1569//2674 1578//2674 1570//2674
f 1570//2675 1578//2675 1579//2675
f 1570//2676 1579//2676 1571//2676
f 1571//2677 1579//2677 1580//2677
f 1571//2678 1580//2678 1572//2678
f 1572//2679 1580//2679 1581//2679
f 1572//2680 1581//2680 1573//2680
f 1573//2681 1581//2681 1582//2681
f 1573//2682 1582//2682 1574//2682
f 1574//2683 1582//2683 1583//2683
f 1574//2684 1583//2684 1575//2684
f 1575//2685 1583//2685 1584//2685
f 1575//2686 1584//2686 1576//2686
f 1576//2687 1584//2687 1577//2687
f 1576//2688 1577//2688 1569//2688
f 1585//2689 1586//2689 1587//2689
f 1585//2690 1587//2690 1588//2690
f 1585//2691 1588//2691 1589//2691
f 1585//2692 1589//2692 1590//2692
f 1585//2693 1590//2693 1591//2693
f 1585//2694 1591//2694 1592//2694
f 1585//2695 1592//2695 1593//2695
f 1585//2696 1593//2696 1586//2696
f 1586//2697 1594//2697 1595//2697
f 1586//2698 1595//2698 1587//2698
f 1587//2699 1595//2699 1596//2699
f 1587//2700 1596//2700 1588//2700
f 1588//2701 1596//2701 1597//2701
f 1588//2702 1597//2702 1589//2702
f 1589//2703 1597//2703 1598//2703
f 1589//2704 1598//2704 1590//2704
f 1590//2705 1598//2705 1599//2705
f 1590//2706 1599//2706 1591//2706
f 1591//2707 1599//2707 1600//2707
f 1591//2708 1600//2708 1592//2708
f 1592//2709 1600//2709 1601//2709
f 1592//2710 1601//2710 1593//2710
f 1593//2711 1601//2711 1594//2711
f 1593//2712 1594//2712 1586//2712
f 1594//2713 1602//2713 1603//2713
f 1594//2714 1603//2714 1595//2714
f 1595//2715 1603//2715 1604//2715
f 1595//2716 1604//2716 1596//2716
f 1596//2717 1604//2717 1605//2717
f 1596//2718 1605//2718 1597//2718
f 1597//2719 1605//2719 1606//2719
f 1597//2720 1606//2720 1598//2720
f 1598//2721 1606//2721 1607//2721
f 1598//2722 1607//2722 1599//2722
f 1599//2723 1607//2723 1608//2723
f 1599//2724 1608//2724 1600//2724
f 1600//2725 1608//2725 1609//2725
f 1600//2726 1609//2726 1601//2726
f 1601//2727 1609//2727 1602//2727
f 1601//2728 1602//2728 1594//2728
f 1602//2729 1610//2729 1611//2729
f 1602//2730 1611//2730 1603//2730
f 1603//2731 1611//2731 1612//2731
f 1603//2732 1612//2732 1604//2732
f 1604//2733 1612//2733 1613//2733
f 1604//2734 1613//2734 1605//2734
f 1605//2735 1613//2735 1614//2735
f 1605//2736 1614//2736 1606//2736
f 1606//2737 1614//2737 1615//2737
f 1606//2738 1615//2738 1607//2738
f 1607//2739 1615//2739 1616//2739
f 1607//2740 1616//2740 1608//2740
f 1608//2741 1616//2741 1617//2741
f 1608//2742 1617//2742 1609//2742
f 1609//2743 1617//2743 1610//2743
f 1609//2744 1610//2744 1602//2744
f 1618//2745 1619//2745 1620//2745
f 1618//2746 1620//2746 1621//2746
f 1618//2747 1621//2747 1622//2747
f 1618//2748 1622//2748 1623//2748
f 1618//2749 1623//2749 1624//2749
f 1618//2750 1624//2750 1625//2750
f 1618//2751 1625//2751 1626//2751
f 1618//2752 1626//2752 1619//2752
f 1619//2753 1627//2753 1628//2753
f 1619//2754 1628//2754 1620//2754
f 1620//2755 1628//2755 1629//2755
f 1620//2756 1629//2756 1621//2756
f 1621//2757 1629//2757 1630//2757
f 1621//2758 1630//2758 1622//2758
f 1622//2759 1630//2759 1631//2759
f 1622//2760 1631//2760 1623//2760
f 1623//2761 1631//2761 1632//2761
f 1623//2762 1632//2762 1624//2762
f 1624//2763 1632//2763 1633//2763
f 1624//2764 1633//2764 1625//2764
f 1625//2765 1633//2765 1634//2765
f 1625//2766 1634//2766 1626//2766
f 1626//2767 1634//2767 1627//2767
f 1626//2768 1627//2768 1619//2768
f 1627//2769 1635//2769 1636//2769
f 1627//2770 1636//2770 1628//2770
f 1628//2771 1636//2771 1637//2771
f 1628//2772 1637//2772 1629//2772
f 1629//2773 1637//2773 1638//2773
f 1629//2774 1638//2774 1630//2774
f 1630//2775 1638//2775 1639//2775
f 1630//2776 1639//2776 1631//2776
f 1631//2777 1639//2777 1640//2777
f 1631//2778 1640//2778 1632//2778
f 1632//2779 1640//2779 1641//2779
f 1632//2780 1641//2780 1633//2780
f 1633//2781 1641//2781 1642//2781
f 1633//2782 1642//2782 1634//2782
f 1634//2783 1642//2783 1635//2783
f 1634//2784 1635//2784 1627//2784
f 1635//2785 1643//2785 1644//2785
f 1635//2786 1644//2786 1636//2786
f 1636//2787 1644//2787 1645//2787
f 1636//2788 1645//2788 1637//2788
f 1637//2789 1645//2789 1646//2789
f 1637//2790 1646//2790 1638//2790
f 1638//2791 1646//2791 1647//2791
f 1638//2792 1647//2792 1639//2792
f 1639//2793 1647//2793 1648//2793
f 1639//2794 1648//2794 1640//2794
f 1640//2795 1648//2795 1649//2795
f 1640//2796 1649//2796 1641//2796
f 1641//2797 1649//2797 1650//2797
f 1641//2798 1650//2798 1642//2798
f 1642//2799 1650//2799 1643//2799
f 1642//2800 1643//2800 1635//2800
f 1651//2801 1652//2801 1653//2801
f 1651//2802 1653//2802 1654//2802
f 1651//2803 1654//2803 1655//2803
f 1651//2804 1655//2804 1656//2804
f 1651//2805 1656//2805 1657//2805
f 1651//2806 1657//2806 1658//2806
f 1651//2807 1658//2807 1659//2807
f 1651//2808 1659//2808 1652//2808
f 1652//2809 1660//2809 1661//2809
f 1652//2810 1661//2810 1653//2810
f 1653//2811 1661//2811 1662//2811
f 1653//2812 1662//2812 1654//2812
f 1654//2813 1662//2813 1663//2813
f 1654//2814 1663//2814 1655//2814
f 1655//2815 1663//2815 1664//2815
f 1655//2816 1664//2816 1656//2816
f 1656//2817 1664//2817 1665//2817
f 1656//2818 1665//2818 1657//2818
f 1657//2819 1665//2819 1666//2819
f 1657//2820 1666//2820 1658//2820
f 1658//2821 1666//2821 1667//2821
f 1658//2822 1667//2822 1659//2822
f 1659//2823 1667//2823 1660//2823
f 1659//2824 1660//2824 1652//2824
f 1660//2825 1668//2825 1669//2825
f 1660//2826 1669//2826 1661//2826
f 1661//2827 1669//2827 1670//2827
f 1661//2828 1670//2828 1662//2828
f 1662//2829 1670//2829 1671//2829
f 1662//2830 1671//2830 1663//2830
f 1663//2831 1671//2831 1672//2831
f 1663//2832 1672//2832 1664//2832
f 1664//2833 1672//2833 1673//2833
f 1664//2834 1673//2834 1665//2834
f 1665//2835 1673//2835 1674//2835
f 1665//2836 1674//2836 1666//2836
f 1666//2837 1674//2837 1675//2837
f 1666//2838 1675//2838 1667//2838
f 1667//2839 1675//2839 1668//2839
f 1667//2840 1668//2840 1660//2840
f 1668//2841 1676//2841 1677//2841
f 1668//2842 1677//2842 1669//2842
f 1669//2843 1677//2843 1678//2843
f 1669//2844 1678//2844 1670//2844
f 1670//2845 1678//2845 1679//2845
f 1670//2846 1679//2846 1671//2846
f 1671//2847 1679//2847 1680//2847
f 1671//2848 1680//2848 1672//2848
f 1672//2849 1680//2849 1681//2849
f 1672//2850 1681//2850 1673//2850
f 1673//2851 1681//2851 1682//2851
f 1673//2852 1682//2852 1674//2852
f 1674//2853 1682//2853 1683//2853
f 1674//2854 1683//2854 1675//2854
f 1675//2855 1683//2855 1676//2855
f 1675//2856 1676//2856 1668//2856
f 1684//2857 1685//2857 1686//2857
f 1684//2858 1686//2858 1687//2858
f 1684//2859 1687//2859 1688//2859
f 1684//2860 1688//2860 1689//2860
f 1684//2861 1689//2861 1690//2861
f 1684//2862 1690//2862 1691//2862
f 1684//2863 1691//2863 1692//2863
f 1684//2864 1692//2864 1685//2864
f 1685//2865 1693//2865 1694//2865
f 1685//2866 1694//2866 1686//2866
f 1686//2867 1694//2867 1695//2867
f 1686//2868 1695//2868 1687//2868
f 1687//2869 1695//2869 1696//2869
f 1687//2870 1696//2870 1688//2870
f 1688//2871 1696//2871 1697//2871
f 1688//2872 1697//2872 1689//2872
f 1689//2873 1697//2873 1698//2873
f 1689//2874 1698//2874 1690//2874
f 1690//2875 1698//2875 1699//2875
f 1690//2876 1699//2876 1691//2876
f 1691//2877 1699//2877 1700//2877
f 1691//2878 1700//2878 1692//2878
f 1692//2879 1700//2879 1693//2879
f 1692//2880 1693//2880 1685//2880
f 1693//2881 1701//2881 1702//2881
f 1693//2882 1702//2882 1694//2882
f 1694//2883 1702//2883 1703//2883
f 1694//2884 1703//2884 1695//2884
f 1695//2885 1703//2885 1704//2885
f 1695//2886 1704//2886 1696//2886
f 1696//2887 1704//2887 1705//2887
f 1696//2888 1705//2888 1697//2888
f 1697//2889 1705//2889 1706//2889
f 1697//2890 1706//2890 1698//2890
f 1698//2891 1706//2891 1707//2891
f 1698//2892 1707//2892 1699//2892
f 1699//2893 1707//2893 1708//2893
f 1699//2894 1708//2894 1700//2894
f 1700//2895 1708//2895 1701//2895
f 1700//2896 1701//2896 1693//2896
f 1701//2897 1709//2897 1710//2897
f 1701//2898 1710//2898 1702//2898
f 1702//2899 1710//2899 1711//2899
f 1702//2900 1711//2900 1703//2900
f 1703//2901 1711//2901 1712//2901
f 1703//2902 1712//2902 1704//2902
f 1704//2903 1712//2903 1713//2903
f 1704//2904 1713//2904 1705//2904
f 1705//2905 1713//2905 1714//2905
f 1705//2906 1714//2906 1706//2906
f 1706//2907 1714//2907 1715//2907
f 1706//2908 1715//2908 1707//2908
f 1707//2909 1715//2909 1716//2909
f 1707//2910 1716//2910 1708//2910
f 1708//2911 1716//2911 1709//2911
f 1708//2912 1709//2912 1701//2912
f 1717//2913 1718//2913 1719//2913
f 1717//2914 1719//2914 1720//2914
f 1717//2915 1720//2915 1721//2915
f 1717//2916 1721//2916 1722//2916
f 1717//2917 1722//2917 1723//2917
f 1717//2918 1723//2918 1724//2918
f 1717//2919 1724//2919 1725//2919
f 1717//2920 1725//2920 1718//2920
f 1718//2921 1726//2921 1727//2921
f 1718//2922 1727//2922 1719//2922
f 1719//2923 1727//2923 1728//2923
f 1719//2924 1728//2924 1720//2924
f 1720//2925 1728//2925 1729//2925
f 1720//2926 1729//2926 1721//2926
f 1721//2927 1729//2927 1730//2927
f 1721//2928 1730//2928 1722//2928
f 1722//2929 1730//2929 1731//2929
f 1722//2930 1731//2930 1723//2930
f 1723//2931 1731//2931 1732//2931
f 1723//2932 1732//2932 1724//2932
f 1724//2933 1732//2933 1733//2933
f 1724//2934 1733//2934 1725//2934
f 1725//2935 1733//2935 1726//2935
f 1725//2936 1726//2936 1718//2936
f 1726//2937 1734//2937 1735//2937
f 1726//2938 1735//2938 1727//2938
f 1727//2939 1735//2939 1736//2939
f 1727//2940 1736//2940 1728//2940
f 1728//2941 1736//2941 1737//2941
f 1728//2942 1737//2942 1729//2942
f 1729//2943 1737//2943 1738//2943
f 1729//2944 1738//2944 1730//2944
f 1730//2945 1738//2945 1739//2945
f 1730//2946 1739//2946 1731//2946
f 1731//2947 1739//2947 1740//2947
f 1731//2948 1740//2948 1732//2948
f 1732//2949 1740//2949 1741//2949
f 1732//2950 1741//2950 1733//2950
f 1733//2951 1741//2951 1734//2951
f 1733//2952 1734//2952 1726//2952
f 1734//2953 1742//2953 1743//2953
f 1734//2954 1743//2954 1735//2954
f 1735//2955 1743//2955 1744//2955
f 1735//2956 1744//2956 1736//2956
f 1736//2957 1744//2957 1745//2957
f 1736//2958 1745//2958 1737//2958
f 1737//2959 1745//2959 1746//2959
f 1737//2960 1746//2960 1738//2960
f 1738//2961 1746//2961 1747//2961
f 1738//2962 1747//2962 1739//2962
f 1739//2963 1747//2963 1748//2963
f 1739//2964 1748//2964 1740//2964
f 1740//2965 1748//2965 1749//2965
f 1740//2966 1749//2966 1741//2966
f 1741//2967 1749//2967 1742//2967
f 1741//2968 1742//2968 1734//2968
f 1750//2969 1751//2969 1752//2969
f 1750//2970 1752//2970 1753//2970
f 1750//2971 1753//2971 1754//2971
f 1750//2972 1754//2972 1755//2972
f 1750//2973 1755//2973 1756//2973
f 1750//2974 1756//2974 1757//2974
f 1750//2975 1757//2975 1758//2975
f 1750//2976 1758//2976 1751//2976
f 1751//2977 1759//2977 1760//2977
f 1751//2978 1760//2978 1752//2978
f 1752//2979 1760//2979 1761//2979
f 1752//2980 1761//2980 1753//2980
f 1753//2981 1761//2981 1762//2981
f 1753//2982 1762//2982 1754//2982
f 1754//2983 1762//2983 1763//2983
f 1754//2984 1763//2984 1755//2984
f 1755//2985 1763//2985 1764//2985
f 1755//2986 1764//2986 1756//2986
f 1756//2987 1764//2987 1765//2987
f 1756//2988 1765//2988 1757//2988
f 1757//2989 1765//2989 1766//2989
f 1757//2990 1766//2990 1758//2990
f 1758//2991 1766//2991 1759//2991
f 1758//2992 1759//2992 1751//2992
f 1759//2993 1767//2993 1768//2993
f 1759//2994 1768//2994 1760//2994
f 1760//2995 1768//2995 1769//2995
f 1760//2996 1769//2996 1761//2996
f 1761//2997 1769//2997 1770//2997
f 1761//2998 1770//2998 1762//2998
f 1762//2999 1770//2999 1771//2999
f 1762//3000 1771//3000 1763//3000
f 1763//3001 1771//3001 1772//3001
f 1763//3002 1772//3002 1764//3002
f 1764//3003 1772//3003 1773//3003
f 1764//3004 1773//3004 1765//3004
f 1765//3005 1773//3005 1774//3005
f 1765//3006 1774//3006 1766//3006
f 1766//3007 1774//3007 1767//3007
f 1766//3008 1767//3008 1759//3008
f 1767//3009 1775//3009 1776//3009
f 1767//3010 1776//3010 1768//3010
f 1768//3011 1776//3011 1777//3011
f 1768//3012 1777//3012 1769//3012
f 1769//3013 1777//3013 1778//3013
f 1769//3014 1778//3014 1770//3014
f 1770//3015 1778//3015 1779//3015
f 1770//3016 1779//3016 1771//3016
f 1771//3017 1779//3017 1780//3017
f 1771//3018 1780//3018 1772//3018
f 1772//3019 1780//3019 1781//3019
f 1772//3020 1781//3020 1773//3020
f 1773//3021 1781//3021 1782//3021
f 1773//3022 1782//3022 1774//3022
f 1774//3023 1782//3023 1775//3023
f 1774//3024 1775//3024 1767//3024
f 1783//3025 1784//3025 1785//3025
f 1783//3026 1785//3026 1786//3026
f 1783//3027 1786//3027 1787//3027
f 1783//3028 1787//3028 1788//3028
f 1783//3029 1788//3029 1789//3029
f 1783//3030 1789//3030 1790//3030
f 1783//3031 1790//3031 1791//3031
f 1783//3032 1791//3032 1784//3032
f 1784//3033 1792//3033 1793//3033
f 1784//3034 1793//3034 1785//3034
f 1785//3035 1793//3035 1794//3035
f 1785//3036 1794//3036 1786//3036
f 1786//3037 1794//3037 1795//3037
f 1786//3038 1795//3038 1787//3038
f 1787//3039 1795//3039 1796//3039
f 1787//3040 1796//3040 1788//3040
f 1788//3041 1796//3041 1797//3041
f 1788//3042 1797//3042 1789//3042
f 1789//3043 1797//3043 1798//3043
f 1789//3044 1798//3044 1790//3044
f 1790//3045 1798//3045 1799//3045
f 1790//3046 1799//3046 1791//3046
f 1791//3047 1799//3047 1792//3047
f 1791//3048 1792//3048 1784//3048
f 1792//3049 1800//3049 1801//3049
f 1792//3050 1801//3050 1793//3050
f 1793//3051 1801//3051 1802//3051
f 1793//3052 1802//3052 1794//3052
f 1794//3053 1802//3053 1803//3053
f 1794//3054 1803//3054 1795//3054
f 1795//3055 1803//3055 1804//3055
f 1795//3056 1804//3056 1796//3056
f 1796//3057 1804//3057 1805//3057
f 1796//3058 1805//3058 1797//3058
f 1797//3059 1805//3059 1806//3059
f 1797//3060 1806//3060 1798//3060
f 1798//3061 1806//3061 1807//3061
f 1798//3062 1807//3062 1799//3062
f 1799//3063 1807//3063 1800//3063
f 1799//3064 1800//3064 1792//3064
f 1800//3065 1808//3065 1809//3065
f 1800//3066 1809//3066 1801//3066
f 1801//3067 1809//3067 1810//3067
f 1801//3068 1810//3068 1802//3068
f 1802//3069 1810//3069 1811//3069
f 1802//3070 1811//3070 1803//3070
f 1803//3071 1811//3071 1812//3071
f 1803//3072 1812//3072 1804//3072
f 1804//3073 1812//3073 1813//3073
f 1804//3074 1813//3074 1805//3074
f 1805//3075 1813//3075 1814//3075
f 1805//3076 1814//3076 1806//3076
f 1806//3077 1814//3077 1815//3077
f 1806//3078 1815//3078 1807//3078
f 1807//3079 1815//3079 1808//3079
f 1807//3080 1808//3080 1800//3080
f 1816//3081 1817//3081 1818//3081
f 1816//3082 1818//3082 1819//3082
f 1816//3083 1819//3083 1820//3083
f 1816//3084 1820//3084 1821//3084
f 1816//3085 1821//3085 1822//3085
f 1816//3086 1822//3086 1823//3086
f 1816//3087 1823//3087 1824//3087
f 1816//3088 1824//3088 1817//3088
f 1817//3089 1825//3089 1826//3089
f 1817//3090 1826//3090 1818//3090
f 1818//3091 1826//3091 1827//3091
f 1818//3092 1827//3092 1819//3092
f 1819//3093 1827//3093 1828//3093
f 1819//3094 1828//3094 1820//3094
f 1820//3095 1828//3095 1829//3095
f 1820//3096 1829//3096 1821//3096
f 1821//3097 1829//3097 1830//3097
f 1821//3098 1830//3098 1822//3098
f 1822//3099 1830//3099 1831//3099
f 1822//3100 1831//3100 1823//3100
f 1823//3101 1831//3101 1832//3101
f 1823//3102 1832//3102 1824//3102
f 1824//3103 1832//3103 1825//3103
f 1824//3104 1825//3104 1817//3104
f 1825//3105 1833//3105 1834//3105
f 1825//3106 1834//3106 1826//3106
f 1826//3107 1834//3107 1835//3107
f 1826//3108 1835//3108 1827//3108
f 1827//3109 1835//3109 1836//3109
f 1827//3110 1836//3110 1828//3110
f 1828//3111 1836//3111 1837//3111
f 1828//3112 1837//3112 1829//3112
f 1829//3113 1837//3113 1838//3113
f 1829//3114 1838//3114 1830//3114
f 1830//3115 1838//3115 1839//3115
f 1830//3116 1839//3116 1831//3116
f 1831//3117 1839//3117 1840//3117
f 1831//3118 1840//3118 1832//3118
f 1832//3119 1840//3119 1833//3119
f 1832//3120 1833//3120 1825//3120
f 1833//3121 1841//3121 1842//3121
f 1833//3122 1842//3122 1834//3122
f 1834//3123 1842//3123 1843//3123
f 1834//3124 1843//3124 1835//3124
f 1835//3125 1843//3125 1844//3125
f 1835//3126 1844//3126 1836//3126
f 1836//3127 1844//3127 1845//3127
f 1836//3128 1845//3128 1837//3128
f 1837//3129 1845//3129 1846//3129
f 1837//3130 1846//3130 1838//3130
f 1838//3131 1846//3131 1847//3131
f 1838//3132 1847//3132 1839//3132
f 1839//3133 1847//3133 1848//3133
f 1839//3134 1848//3134 1840//3134
f 1840//3135 1848//3135 1841//3135
f 1840//3136 1841//3136 1833//3136
f 1849//3137 1850//3137 1851//3137
f 1849//3138 1851//3138 1852//3138
f 1849//3139 1852//3139 1853//3139
f 1849//3140 1853//3140 1854//3140
f 1849//3141 1854//3141 1855//3141
f 1849//3142 1855//3142 1856//3142
f 1849//3143 1856//3143 1857//3143
f 1849//3144 1857//3144 1850//3144
f 1850//3145 1858//3145 1859//3145
f 1850//3146 1859//3146 1851//3146
f 1851//3147 1859//3147 1860//3147
f 1851//3148 1860//3148 1852//3148
f 1852//3149 1860//3149 1861//3149
f 1852//3150 1861//3150 1853//3150
f 1853//3151 1861//3151 1862//3151
f 1853//3152 1862//3152 1854//3152
f 1854//3153 1862//3153 1863//3153
f 1854//3154 1863//3154 1855//3154
f 1855//3155 1863//3155 1864//3155
f 1855//3156 1864//3156 1856//3156
f 1856//3157 1864//3157 1865//3157
f 1856//3158 1865//3158 1857//3158
f 1857//3159 1865//3159 1858//3159
f 1857//3160 1858//3160 1850//3160
f 1858//3161 1866//3161 1867//3161
f 1858//3162 1867//3162 1859//3162
f 1859//3163 1867//3163 1868//3163
f 1859//3164 1868//3164 1860//3164
f 1860//3165 1868//3165 1869//3165
f 1860//3166 1869//3166 1861//3166
f 1861//3167 1869//3167 1870//3167
f 1861//3168 1870//3168 1862//3168
f 1862//3169 1870//3169 1871//3169
f 1862//3170 1871//3170 1863//3170
f 1863//3171 1871//3171 1872//3171
f 1863//3172 1872//3172 1864//3172
f 1864//3173 1872//3173 1873//3173
f 1864//3174 1873//3174 1865//3174
f 1865//3175 1873//3175 1866//3175
f 1865//3176 1866//3176 1858//3176
f 1866//3177 1874//3177 1875//3177
f 1866//3178 1875//3178 1867//3178
f 1867//3179 1875//3179 1876//3179
f 1867//3180 1876//3180 1868//3180
f 1868//3181 1876//3181 1877//3181
f 1868//3182 1877//3182 1869//3182
f 1869//3183 1877//3183 1878//3183
f 1869//3184 1878//3184 1870//3184
f 1870//3185 1878//3185 1879//3185
f 1870//3186 1879//3186 1871//3186
f 1871//3187 1879//3187 1880//3187
f 1871//3188 1880//3188 1872//3188
f 1872//3189 1880//3189 1881//3189
f 1872//3190 1881//3190 1873//3190
f 1873//3191 1881//3191 1874//3191
f 1873//3192 1874//3192 1866//3192
f 1882//3193 1883//3193 1884//3193
f 1882//3194 1884//3194 1885//3194
f 1882//3195 1885//3195 1886//3195
f 1882//3196 1886//3196 1887//3196
f 1882//3197 1887//3197 1888//3197
f 1882//3198 1888//3198 1889//3198
f 1882//3199 1889//3199 1890//3199
f 1882//3200 1890//3200 1883//3200
f 1883//3201 1891//3201 1892//3201
f 1883//3202 1892//3202 1884//3202
f 1884//3203 1892//3203 1893//3203
f 1884//3204 1893//3204 1885//3204
f 1885//3205 1893//3205 1894//3205
f 1885//3206 1894//3206 1886//3206
f 1886//3207 1894//3207 1895//3207
f 1886//3208 1895//3208 1887//3208
f 1887//3209 1895//3209 1896//3209
f 1887//3210 1896//3210 1888//3210
f 1888//3211 1896//3211 1897//3211
f 1888//3212 1897//3212 1889//3212
f 1889//3213 1897//3213 1898//3213
f 1889//3214 1898//3214 1890//3214
f 1890//3215 1898//3215 1891//3215
f 1890//3216 1891//3216 1883//3216
f 1891//3217 1899//3217 1900//3217
f 1891//3218 1900//3218 1892//3218
f 1892//3219 1900//3219 1901//3219
f 1892//3220 1901//3220 1893//3220
f 1893//3221 1901//3221 1902//3221
f 1893//3222 1902//3222 1894//3222
f 1894//3223 1902//3223 1903//3223
f 1894//3224 1903//3224 1895//3224
f 1895//3225 1903//3225 1904//3225
f 1895//3226 1904//3226 1896//3226
f 1896//3227 1904//3227 1905//3227
f 1896//3228 1905//3228 1897//3228
f 1897//3229 1905//3229 1906//3229
f 1897//3230 1906//3230 1898//3230
f 1898//3231 1906//3231 1899//3231
f 1898//3232 1899//3232 1891//3232
f 1899//3233 1907//3233 1908//3233
f 1899//3234 1908//3234 1900//3234
f 1900//3235 1908//3235 1909//3235
f 1900//3236 1909//3236 1901//3236
f 1901//3237 1909//3237 1910//3237
f 1901//3238 1910//3238 1902//3238
f 1902//3239 1910//3239 1911//3239
f 1902//3240 1911//3240 1903//3240
f 1903//3241 1911//3241 1912//3241
f 1903//3242 1912//3242 1904//3242
f 1904//3243 1912//3243 1913//3243
f 1904//3244 1913//3244 1905//3244
f 1905//3245 1913//3245 1914//3245
f 1905//3246 1914//3246 1906//3246
f 1906//3247 1914//3247 1907//3247
f 1906//3248 1907//3248 1899//3248
f 1915//3249 1916//3249 1917//3249
f 1915//3250 1917//3250 1918//3250
f 1915//3251 1918//3251 1919//3251
f 1915//3252 1919//3252 1920//3252
f 1915//3253 1920//3253 1921//3253
f 1915//3254 1921//3254 1922//3254
f 1915//3255 1922//3255 1923//3255
f 1915//3256 1923//3256 1916//3256
f 1916//3257 1924//3257 1925//3257
f 1916//3258 1925//3258 1917//3258
f 1917//3259 1925//3259 1926//3259
f 1917//3260 1926//3260 1918//3260
f 1918//3261 1926//3261 1927//3261
f 1918//3262 1927//3262 1919//3262
f 1919//3263 1927//3263 1928//3263
f 1919//3264 1928//3264 1920//3264
f 1920//3265 1928//3265 1929//3265
f 1920//3266 1929//3266 1921//3266
f 1921//3267 1929//3267 1930//3267
f 1921//3268 1930//3268 1922//3268
f 1922//3269 1930//3269 1931//3269
f 1922//3270 1931//3270 1923//3270
f 1923//3271 1931//3271 1924//3271
f 1923//3272 1924//3272 1916//3272
f 1924//3273 1932//3273 1933//3273
f 1924//3274 1933//3274 1925//3274
f 1925//3275 1933//3275 1934//3275
f 1925//3276 1934//3276 1926//3276
f 1926//3277 1934//3277 1935//3277
f 1926//3278 1935//3278 1927//3278
f 1927//3279 1935//3279 1936//3279
f 1927//3280 1936//3280 1928//3280
f 1928//3281 1936//3281 1937//3281
f 1928//3282 1937//3282 1929//3282
f 1929//3283 1937//3283 1938//3283
f 1929//3284 1938//3284 1930//3284
f 1930//3285 1938//3285 1939//3285
f 1930//3286 1939//3286 1931//3286
f 1931//3287 1939//3287 1932//3287
f 1931//3288 1932//3288 1924//3288
f 1932//3289 1940//3289 1941//3289
f 1932//3290 1941//3290 1933//3290
f 1933//3291 1941//3291 1942//3291
f 1933//3292 1942//3292 1934//3292
f 1934//3293 1942//3293 1943//3293
f 1934//3294 1943//3294 1935//3294
f 1935//3295 1943//3295 1944//3295
f 1935//3296 1944//3296 1936//3296
f 1936//3297 1944//3297 1945//3297
f 1936//3298 1945//3298 1937//3298
f 1937//3299 1945//3299 1946//3299
f 1937//3300 1946//3300 1938//3300
f 1938//3301 1946//3301 1947//3301
f 1938//3302 1947//3302 1939//3302
f 1939//3303 1947//3303 1940//3303
f 1939//3304 1940//3304 1932//3304
f 1948//3305 1949//3305 1950//3305
f 1948//3306 1950//3306 1951//3306
f 1948//3307 1951//3307 1952//3307
f 1948//3308 1952//3308 1953//3308
f 1948//3309 1953//3309 1954//3309
f 1948//3310 1954//3310 1955//3310
f 1948//3311 1955//3311 1956//3311
f 1948//3312 1956//3312 1949//3312
f 1949//3313 1957//3313 1958//3313
f 1949//3314 1958//3314 1950//3314
f 1950//3315 1958//3315 1959//3315
f 1950//3316 1959//3316 1951//3316
f 1951//3317 1959//3317 1960//3317
f 1951//3318 1960//3318 1952//3318
f 1952//3319 1960//3319 1961//3319
f 1952//3320 1961//3320 1953//3320
f 1953//3321 1961//3321 1962//3321
f 1953//3322 1962//3322 1954//3322
f 1954//3323 1962//3323 1963//3323
f 1954//3324 1963//3324 1955//3324
f 1955//3325 1963//3325 1964//3325
f 1955//3326 1964//3326 1956//3326
f 1956//3327 1964//3327 1957//3327
f 1956//3328 1957//3328 1949//3328
f 1957//3329 1965//3329 1966//3329
f 1957//3330 1966//3330 1958//3330
f 1958//3331 1966//3331 1967//3331
f 1958//3332 1967//3332 1959//3332
f 1959//3333 1967//3333 1968//3333
f 1959//3334 1968//3334 1960//3334
f 1960//3335 1968//3335 1969//3335
f 1960//3336 1969//3336 1961//3336
f 1961//3337 1969//3337 1970//3337
f 1961//3338 1970//3338 1962//3338
f 1962//3339 1970//3339 1971//3339
f 1962//3340 1971//3340 1963//3340
f 1963//3341 1971//3341 1972//3341
f 1963//3342 1972//3342 1964//3342
f 1964//3343 1972//3343 1965//3343
f 1964//3344 1965//3344 1957//3344
f 1965//3345 1973//3345 1974//3345
f 1965//3346 1974//3346 1966//3346
f 1966//3347 1974//3347 1975//3347
f 1966//3348 1975//3348 1967//3348
f 1967//3349 1975//3349 1976//3349
f 1967//3350 1976//3350 1968//3350
f 1968//3351 1976//3351 1977//3351
f 1968//3352 1977//3352 1969//3352
f 1969//3353 1977//3353 1978//3353
f 1969//3354 1978//3354 1970//3354
f 1970//3355 1978//3355 1979//3355
f 1970//3356 1979//3356 1971//3356
f 1971//3357 1979//3357 1980//3357
f 1971//3358 1980//3358 1972//3358
f 1972//3359 1980//3359 1973//3359
f 1972//3360 1973//3360 1965//3360
