# Multi-Corridor Lunar Basalt Rock Fields & Ejecta
o lunar_small_rocks
v 1.1766 0.5883 0.1017 0.1729 0.1729 0.1781
v 1.2194 0.5834 0.0724 0.2114 0.2114 0.2178
v 1.2108 0.6182 0.0744 0.2188 0.2188 0.2253
v 1.1656 0.6126 0.0745 0.1959 0.1959 0.2018
v 1.1425 0.5904 0.0790 0.1014 0.1014 0.1044
v 1.1311 0.5561 0.0755 0.0406 0.0406 0.0418
v 1.1748 0.5448 0.0780 0.0559 0.0559 0.0576
v 1.2047 0.5604 0.0741 0.1567 0.1567 0.1614
v 1.2512 0.5890 0.0459 0.1933 0.1933 0.1991
v 1.2284 0.6473 0.0442 0.2381 0.2381 0.2453
v 1.1513 0.6359 0.0461 0.1835 0.1835 0.1890
v 1.0965 0.5995 0.0420 0.1294 0.1294 0.1333
v 1.0839 0.5274 0.0441 0.0560 0.0560 0.0577
v 1.1745 0.5132 0.0444 0.0398 0.0398 0.0410
v 1.2354 0.5404 0.0423 0.0973 0.0973 0.1002
v 1.3175 0.5629 -0.0029 0.2988 0.2988 0.3059
v 1.3166 0.6782 -0.0008 0.4308 0.4308 0.4411
v 1.1716 0.6777 -0.0029 0.4130 0.4130 0.4228
v 1.0718 0.6389 -0.0054 0.2961 0.2961 0.3032
v 0.9634 0.5289 -0.0066 0.0460 0.0460 0.0471
v 1.1222 0.4668 -0.0039 0.0300 0.0300 0.0300
v 1.2422 0.4940 -0.0032 0.0300 0.0300 0.0301
v 1.8731 0.6941 0.2134 0.1558 0.1558 0.1604
v 1.9293 0.6866 0.2131 0.2429 0.2429 0.2502
v 1.9010 0.7105 0.1998 0.2407 0.2407 0.2479
v 1.8672 0.7054 0.1852 0.2505 0.2505 0.2580
v 1.8231 0.6936 0.1638 0.0995 0.0995 0.1025
v 1.8473 0.6613 0.1682 0.0394 0.0394 0.0406
v 1.8771 0.6413 0.1751 0.0405 0.0405 0.0417
v 1.9158 0.6537 0.1932 0.0592 0.0592 0.0609
v 1.9807 0.6827 0.1960 0.2050 0.2050 0.2112
v 1.9313 0.7360 0.1837 0.2716 0.2716 0.2797
v 1.8613 0.7378 0.1513 0.2235 0.2235 0.2302
v 1.7712 0.7191 0.1091 0.1267 0.1267 0.1305
v 1.8137 0.6518 0.1184 0.0338 0.0338 0.0348
v 1.8624 0.6064 0.1241 0.0403 0.0403 0.0416
v 1.9497 0.6135 0.1667 0.0832 0.0832 0.0857
v 2.0480 0.6954 0.1783 0.2699 0.2699 0.2763
v 1.9594 0.7827 0.1574 0.4003 0.4003 0.4098
v 1.8380 0.7773 0.0978 0.3307 0.3307 0.3386
v 1.6792 0.7370 0.0351 0.0606 0.0606 0.0621
v 1.7621 0.6198 0.0423 0.0300 0.0300 0.0300
v 1.8645 0.5678 0.0695 0.0300 0.0300 0.0300
v 2.0102 0.5743 0.1336 0.1009 0.1009 0.1033
v 2.1366 0.4328 0.2462 0.1323 0.1323 0.1362
v 2.2006 0.4221 0.2346 0.1895 0.1895 0.1952
v 2.1730 0.4457 0.2280 0.2472 0.2472 0.2546
v 2.1359 0.4600 0.2227 0.1490 0.1490 0.1534
v 2.0986 0.4373 0.2080 0.0691 0.0691 0.0712
v 2.1080 0.4016 0.2023 0.0300 0.0300 0.0300
v 2.1426 0.3862 0.2055 0.0316 0.0316 0.0325
v 2.1902 0.3837 0.2202 0.0666 0.0666 0.0686
v 2.2524 0.4127 0.2124 0.1914 0.1914 0.1972
v 2.2094 0.4699 0.2134 0.2225 0.2225 0.2292
v 2.1378 0.4915 0.2040 0.1729 0.1729 0.1781
v 2.0544 0.4655 0.1672 0.0738 0.0738 0.0760
v 2.0523 0.3905 0.1483 0.0300 0.0300 0.0306
v 2.1258 0.3602 0.1610 0.0300 0.0300 0.0308
v 2.2147 0.3418 0.1847 0.0698 0.0698 0.0718
v 2.3166 0.4337 0.1751 0.3159 0.3159 0.3235
v 2.2218 0.5095 0.1812 0.4812 0.4812 0.4926
v 2.0931 0.5543 0.1600 0.3527 0.3527 0.3611
v 1.9723 0.4713 0.0926 0.0454 0.0454 0.0465
v 2.0016 0.3470 0.0751 0.0300 0.0300 0.0300
v 2.1330 0.3089 0.1047 0.0300 0.0300 0.0300
v 2.3155 0.2851 0.1421 0.1300 0.1300 0.1331
v 1.4104 1.0589 0.1293 0.2131 0.2131 0.2195
v 1.4601 1.0487 0.1088 0.2708 0.2708 0.2789
v 1.4469 1.0753 0.1042 0.3442 0.3442 0.3546
v 1.4127 1.0815 0.0981 0.3123 0.3123 0.3217
v 1.3716 1.0709 0.0913 0.1287 0.1287 0.1326
v 1.3783 1.0353 0.0960 0.0421 0.0421 0.0434
v 1.4010 0.9928 0.1031 0.0763 0.0763 0.0786
v 1.4616 1.0041 0.0924 0.1815 0.1815 0.1869
v 1.4928 1.0595 0.0715 0.3474 0.3474 0.3578
v 1.4664 1.1168 0.0687 0.2894 0.2894 0.2981
v 1.3903 1.1097 0.0657 0.2259 0.2259 0.2327
v 1.3307 1.0716 0.0582 0.1209 0.1209 0.1246
v 1.3440 1.0070 0.0564 0.0389 0.0389 0.0401
v 1.4107 0.9337 0.0585 0.0532 0.0532 0.0548
v 1.5086 0.9845 0.0715 0.2098 0.2098 0.2161
v 1.5624 1.0495 0.0336 0.4270 0.4270 0.4372
v 1.5178 1.1488 0.0299 0.4584 0.4584 0.4694
v 1.3916 1.1532 0.0151 0.4080 0.4080 0.4177
v 1.2761 1.1069 0.0085 0.0648 0.0648 0.0663
v 1.2736 0.9934 0.0057 0.0300 0.0300 0.0300
v 1.3689 0.8716 0.0060 0.0300 0.0300 0.0300
v 1.5575 0.9086 0.0255 0.0552 0.0552 0.0566
v 4.5346 2.1421 0.3465 0.0710 0.0710 0.0731
v 4.6400 2.1426 0.3472 0.1284 0.1284 0.1323
v 4.6128 2.2002 0.3531 0.2223 0.2223 0.2290
v 4.5402 2.2138 0.3319 0.0853 0.0853 0.0879
v 4.4774 2.1852 0.2762 0.0300 0.0300 0.0300
v 4.4403 2.1190 0.2168 0.0316 0.0316 0.0326
v 4.5134 2.0655 0.2255 0.0300 0.0300 0.0300
v 4.5985 2.0905 0.2960 0.0324 0.0324 0.0334
v 4.7273 2.1619 0.3217 0.1665 0.1665 0.1715
v 4.6359 2.2512 0.3266 0.2245 0.2245 0.2312
v 4.5004 2.2721 0.2789 0.1014 0.1014 0.1044
v 4.3870 2.1988 0.1810 0.0350 0.0350 0.0360
v 4.3769 2.0696 0.0967 0.0300 0.0300 0.0300
v 4.5168 1.9642 0.1299 0.0302 0.0302 0.0311
v 4.6686 2.0516 0.2600 0.0599 0.0599 0.0617
v 4.8506 2.1640 0.2583 0.2843 0.2843 0.2910
v 4.7070 2.3250 0.2648 0.4635 0.4635 0.4745
v 4.4726 2.3588 0.2375 0.2702 0.2702 0.2766
v 4.2778 2.2378 0.0723 0.0300 0.0300 0.0300
v 4.2078 2.0003 -0.0913 0.0300 0.0300 0.0300
v 4.4851 1.8439 -0.0048 0.0300 0.0300 0.0300
v 4.7712 1.9568 0.2187 0.0329 0.0329 0.0337
v 3.8774 2.9675 0.4392 0.2698 0.2698 0.2779
v 3.9458 2.9419 0.3796 0.2759 0.2759 0.2842
v 3.9143 3.0022 0.3480 0.3734 0.3734 0.3846
v 3.8354 3.0475 0.3450 0.3667 0.3667 0.3777
v 3.7384 3.0053 0.3973 0.2180 0.2180 0.2245
v 3.7623 2.9249 0.4129 0.0874 0.0874 0.0901
v 3.8158 2.8700 0.3887 0.0829 0.0829 0.0854
v 3.8893 2.9007 0.3997 0.1470 0.1470 0.1514
v 4.0288 2.9577 0.2974 0.2932 0.2932 0.3020
v 3.9643 3.0781 0.2659 0.4077 0.4077 0.4200
v 3.7845 3.1336 0.2748 0.3732 0.3732 0.3844
v 3.6136 3.0289 0.3298 0.1841 0.1841 0.1896
v 3.6863 2.8781 0.3576 0.0479 0.0479 0.0493
v 3.8185 2.8042 0.3444 0.0711 0.0711 0.0733
v 3.9421 2.8671 0.3310 0.1431 0.1431 0.1474
v 4.1696 2.9371 0.2043 0.3763 0.3763 0.3853
v 4.0603 3.1405 0.1598 0.5123 0.5123 0.5245
v 3.7784 3.2758 0.1615 0.4657 0.4657 0.4767
v 3.4967 3.1041 0.2383 0.0793 0.0793 0.0812
v 3.5740 2.8570 0.2835 0.0300 0.0300 0.0300
v 3.7593 2.6926 0.2169 0.0300 0.0300 0.0300
v 3.9971 2.7862 0.2583 0.0482 0.0482 0.0493
v 2.2413 2.7590 0.2922 0.2019 0.2019 0.2079
v 2.3326 2.7426 0.2694 0.3157 0.3157 0.3251
v 2.2955 2.7874 0.2580 0.3178 0.3178 0.3273
v 2.2382 2.8335 0.2395 0.2408 0.2408 0.2480
v 2.1984 2.7764 0.2264 0.1105 0.1105 0.1138
v 2.1678 2.7263 0.2425 0.0847 0.0847 0.0872
v 2.2299 2.7027 0.2581 0.0357 0.0357 0.0367
v 2.3006 2.6845 0.2744 0.1500 0.1500 0.1545
v 2.4358 2.7400 0.2533 0.3109 0.3109 0.3202
v 2.3338 2.8253 0.2088 0.3338 0.3338 0.3438
v 2.2205 2.9004 0.1868 0.2613 0.2613 0.2692
v 2.1372 2.8022 0.1731 0.1077 0.1077 0.1109
v 2.0804 2.6940 0.1778 0.0846 0.0846 0.0871
v 2.2151 2.6544 0.2063 0.0441 0.0441 0.0455
v 2.3467 2.6363 0.2531 0.1072 0.1072 0.1104
v 2.5265 2.7833 0.1974 0.3444 0.3444 0.3526
v 2.3497 2.8902 0.1340 0.5007 0.5007 0.5126
v 2.1302 3.0022 0.1145 0.4002 0.4002 0.4097
v 2.0512 2.8008 0.1028 0.0425 0.0425 0.0435
v 2.0166 2.6207 0.1073 0.0300 0.0300 0.0300
v 2.2338 2.5810 0.1660 0.0300 0.0300 0.0300
v 2.4504 2.5969 0.2179 0.1539 0.1539 0.1576
v 5.0080 1.6317 0.3150 0.1840 0.1840 0.1876
v 5.0279 1.6380 0.2932 0.2721 0.2721 0.2775
v 5.0173 1.6508 0.2936 0.3506 0.3506 0.3576
v 4.9971 1.6654 0.3041 0.1722 0.1722 0.1756
v 4.9912 1.6405 0.3058 0.0668 0.0668 0.0681
v 4.9884 1.6205 0.3000 0.0406 0.0406 0.0414
v 5.0065 1.6058 0.2938 0.0812 0.0812 0.0828
v 5.0245 1.6196 0.2926 0.1874 0.1874 0.1911
v 5.0557 1.6315 0.2708 0.2795 0.2795 0.2850
v 5.0308 1.6602 0.2771 0.3688 0.3688 0.3762
v 4.9997 1.6943 0.2842 0.1970 0.1970 0.2009
v 4.9749 1.6550 0.2876 0.0763 0.0763 0.0778
v 4.9610 1.6152 0.2852 0.0377 0.0377 0.0384
v 4.9925 1.5796 0.2785 0.0421 0.0421 0.0430
v 5.0335 1.5972 0.2727 0.1136 0.1136 0.1159
v 5.0845 1.6268 0.2244 0.3510 0.3510 0.3594
v 5.0512 1.6803 0.2384 0.5205 0.5205 0.5329
v 4.9978 1.7267 0.2515 0.4166 0.4166 0.4265
v 4.9540 1.6700 0.2549 0.0408 0.0408 0.0418
v 4.9286 1.6048 0.2530 0.0300 0.0300 0.0300
v 4.9792 1.5444 0.2451 0.0300 0.0300 0.0300
v 5.0529 1.5629 0.2292 0.0429 0.0429 0.0439
v 2.0121 0.5518 0.2547 0.1359 0.1359 0.1387
v 2.0610 0.5634 0.2390 0.2838 0.2838 0.2894
v 2.0315 0.6100 0.2513 0.2294 0.2294 0.2340
v 1.9741 0.6084 0.2291 0.1055 0.1055 0.1076
v 1.9494 0.5673 0.2047 0.0461 0.0461 0.0470
v 1.9490 0.5222 0.1989 0.0383 0.0383 0.0391
v 1.9937 0.4982 0.2107 0.0380 0.0380 0.0388
v 2.0441 0.5143 0.2351 0.1625 0.1625 0.1658
v 2.1092 0.5504 0.2212 0.1759 0.1759 0.1794
v 2.0978 0.6637 0.2431 0.2562 0.2562 0.2613
v 1.9711 0.6819 0.1968 0.1208 0.1208 0.1232
v 1.9071 0.5981 0.1512 0.0370 0.0370 0.0378
v 1.8858 0.5077 0.1244 0.0465 0.0465 0.0475
v 1.9663 0.4427 0.1447 0.0428 0.0428 0.0436
v 2.0761 0.4553 0.1805 0.0951 0.0951 0.0970
v 2.2093 0.5227 0.1822 0.2099 0.2099 0.2149
v 2.2016 0.7286 0.2206 0.3357 0.3357 0.3437
v 1.9806 0.7863 0.1682 0.2460 0.2460 0.2518
v 1.8573 0.6446 0.0810 0.0612 0.0612 0.0626
v 1.8085 0.5005 0.0399 0.0300 0.0300 0.0300
v 1.9194 0.3709 0.0532 0.0300 0.0300 0.0300
v 2.1099 0.3692 0.1147 0.0300 0.0300 0.0300
v 3.6144 0.0802 0.2795 0.2041 0.2041 0.2082
v 3.6498 0.0832 0.2465 0.2969 0.2969 0.3028
v 3.6373 0.1299 0.2615 0.3032 0.3032 0.3093
v 3.5941 0.1065 0.2573 0.3073 0.3073 0.3134
v 3.5526 0.0991 0.2612 0.1403 0.1403 0.1431
v 3.5595 0.0557 0.2570 0.0491 0.0491 0.0501
v 3.5954 0.0351 0.2401 0.0509 0.0509 0.0519
v 3.6292 0.0514 0.2492 0.1541 0.1541 0.1572
v 3.6889 0.0945 0.2289 0.2208 0.2208 0.2252
v 3.6533 0.1707 0.2404 0.2643 0.2643 0.2696
v 3.5810 0.1301 0.2401 0.2296 0.2296 0.2342
v 3.5105 0.1055 0.2367 0.1543 0.1543 0.1574
v 3.5236 0.0247 0.2182 0.0346 0.0346 0.0353
v 3.5976 -0.0078 0.1994 0.0499 0.0499 0.0509
v 3.6574 0.0319 0.2077 0.1189 0.1189 0.1213
v 3.7669 0.0962 0.1750 0.2745 0.2745 0.2810
v 3.7117 0.2464 0.1964 0.4010 0.4010 0.4105
v 3.5704 0.1728 0.1986 0.3552 0.3552 0.3637
v 3.4443 0.1360 0.2010 0.0756 0.0756 0.0774
v 3.4665 -0.0019 0.1692 0.0300 0.0300 0.0300
v 3.5811 -0.0891 0.1191 0.0300 0.0300 0.0300
v 3.6987 -0.0167 0.1374 0.1092 0.1092 0.1118
v 7.8414 -3.3912 0.3137 0.2339 0.2339 0.2386
v 7.8872 -3.4007 0.2804 0.3602 0.3602 0.3674
v 7.8784 -3.3594 0.2744 0.2775 0.2775 0.2830
v 7.8336 -3.3612 0.2721 0.3153 0.3153 0.3216
v 7.7813 -3.3839 0.2708 0.1354 0.1354 0.1381
v 7.8099 -3.4330 0.2763 0.0435 0.0435 0.0444
v 7.8463 -3.4591 0.2922 0.1044 0.1044 0.1065
v 7.8991 -3.4511 0.2770 0.2360 0.2360 0.2407
v 7.9151 -3.4075 0.2380 0.3590 0.3590 0.3661
v 7.9185 -3.3259 0.2227 0.3725 0.3725 0.3799
v 7.8314 -3.3105 0.2226 0.2816 0.2816 0.2872
v 7.7405 -3.3497 0.2309 0.1388 0.1388 0.1415
v 7.7542 -3.4490 0.2506 0.0693 0.0693 0.0707
v 7.8246 -3.5073 0.2610 0.0940 0.0940 0.0958
v 7.9233 -3.5009 0.2533 0.2100 0.2100 0.2142
v 7.9570 -3.4181 0.1831 0.4422 0.4422 0.4528
v 7.9946 -3.2643 0.1628 0.4312 0.4312 0.4415
v 7.8319 -3.2339 0.1611 0.4426 0.4426 0.4531
v 7.6632 -3.2878 0.1697 0.0805 0.0805 0.0825
v 7.6958 -3.4589 0.2029 0.0300 0.0300 0.0300
v 7.7814 -3.6002 0.2396 0.0423 0.0423 0.0433
v 7.9723 -3.5995 0.2216 0.0860 0.0860 0.0881
v 5.2119 -4.1873 0.3358 0.2495 0.2495 0.2545
v 5.2424 -4.1732 0.3274 0.2995 0.2995 0.3055
v 5.2260 -4.1525 0.3155 0.3841 0.3841 0.3918
v 5.2043 -4.1468 0.3050 0.2274 0.2274 0.2320
v 5.1967 -4.1708 0.3106 0.1472 0.1472 0.1501
v 5.1887 -4.1974 0.3159 0.0770 0.0770 0.0785
v 5.2103 -4.2177 0.3348 0.1799 0.1799 0.1835
v 5.2292 -4.1964 0.3272 0.2729 0.2729 0.2783
v 5.2761 -4.1882 0.3265 0.3193 0.3193 0.3257
v 5.2468 -4.1387 0.3004 0.3838 0.3838 0.3915
v 5.2085 -4.1093 0.2775 0.2230 0.2230 0.2275
v 5.1858 -4.1552 0.2871 0.0850 0.0850 0.0867
v 5.1548 -4.2011 0.2932 0.0961 0.0961 0.0980
v 5.1913 -4.2502 0.3186 0.0833 0.0833 0.0850
v 5.2375 -4.2272 0.3264 0.1965 0.1965 0.2004
v 5.3194 -4.1599 0.2945 0.3092 0.3092 0.3166
v 5.2539 -4.0944 0.2517 0.4791 0.4791 0.4905
v 5.1840 -4.0817 0.2288 0.3517 0.3517 0.3600
v 5.1605 -4.1567 0.2459 0.0300 0.0300 0.0300
v 5.1356 -4.2411 0.2649 0.0300 0.0300 0.0300
v 5.2046 -4.3019 0.3083 0.0355 0.0355 0.0363
v 5.2682 -4.2417 0.3089 0.2336 0.2336 0.2392
v 6.2360 -6.6830 0.5983 0.1497 0.1497 0.1527
v 6.2883 -6.6935 0.5723 0.2427 0.2427 0.2476
v 6.2606 -6.6455 0.5773 0.2691 0.2691 0.2745
v 6.2224 -6.6412 0.5662 0.2547 0.2547 0.2598
v 6.1795 -6.6510 0.5522 0.1168 0.1168 0.1192
v 6.1962 -6.6985 0.5561 0.0320 0.0320 0.0326
v 6.2145 -6.7277 0.5534 0.0349 0.0349 0.0356
v 6.2570 -6.7418 0.5559 0.0994 0.0994 0.1014
v 6.3415 -6.6642 0.5496 0.2295 0.2295 0.2341
v 6.2725 -6.5907 0.5373 0.2598 0.2598 0.2650
v 6.1992 -6.6047 0.5295 0.2596 0.2596 0.2648
v 6.1165 -6.6467 0.5139 0.0984 0.0984 0.1004
v 6.1627 -6.7381 0.5056 0.0300 0.0300 0.0300
v 6.2222 -6.7660 0.5101 0.0301 0.0301 0.0307
v 6.3100 -6.7753 0.5272 0.0906 0.0906 0.0924
v 6.4485 -6.6974 0.5078 0.3111 0.3111 0.3185
v 6.3330 -6.5423 0.4775 0.4880 0.4880 0.4996
v 6.2028 -6.5302 0.4652 0.3966 0.3966 0.4061
v 6.0660 -6.5837 0.4531 0.0647 0.0647 0.0663
v 6.1165 -6.7413 0.4412 0.0300 0.0300 0.0300
v 6.1926 -6.8322 0.4303 0.0300 0.0300 0.0300
v 6.3371 -6.8646 0.4443 0.0300 0.0300 0.0300
v 8.6716 -6.1372 0.4288 0.1980 0.1980 0.2020
v 8.7547 -6.1666 0.3776 0.3088 0.3088 0.3150
v 8.7381 -6.1026 0.3792 0.3000 0.3000 0.3060
v 8.6863 -6.0759 0.3961 0.2651 0.2651 0.2704
v 8.6507 -6.1218 0.3914 0.0799 0.0799 0.0815
v 8.6476 -6.1716 0.3910 0.0352 0.0352 0.0359
v 8.6681 -6.2272 0.3895 0.0880 0.0880 0.0898
v 8.7240 -6.2232 0.3785 0.1882 0.1882 0.1919
v 8.8375 -6.1396 0.3256 0.3197 0.3197 0.3261
v 8.7622 -6.0259 0.3487 0.3109 0.3109 0.3171
v 8.6514 -6.0056 0.3728 0.2804 0.2804 0.2860
v 8.5902 -6.1090 0.3644 0.1031 0.1031 0.1052
v 8.6155 -6.2098 0.3538 0.0388 0.0388 0.0395
v 8.6740 -6.3081 0.3321 0.0465 0.0465 0.0474
v 8.7954 -6.2871 0.3238 0.1903 0.1903 0.1941
v 8.9136 -6.1801 0.2573 0.3832 0.3832 0.3923
v 8.8333 -5.9767 0.2809 0.4824 0.4824 0.4939
v 8.6623 -5.8900 0.3192 0.3995 0.3995 0.4090
v 8.5381 -6.0438 0.3228 0.0463 0.0463 0.0474
v 8.5544 -6.2168 0.2950 0.0300 0.0300 0.0300
v 8.6269 -6.3928 0.2681 0.0300 0.0300 0.0300
v 8.8317 -6.4137 0.2481 0.0487 0.0487 0.0498
v 7.1089 3.9377 0.3184 0.2811 0.2811 0.2867
v 7.1501 3.9249 0.2900 0.4037 0.4037 0.4118
v 7.1308 3.9487 0.2963 0.4045 0.4045 0.4126
v 7.1072 3.9551 0.2865 0.2989 0.2989 0.3049
v 7.0771 3.9467 0.2854 0.1812 0.1812 0.1848
v 7.0730 3.9107 0.2990 0.0693 0.0693 0.0707
v 7.0995 3.8835 0.3060 0.1331 0.1331 0.1358
v 7.1373 3.8904 0.2960 0.3257 0.3257 0.3322
v 7.1891 3.9397 0.2684 0.4152 0.4152 0.4235
v 7.1384 3.9751 0.2622 0.4275 0.4275 0.4361
v 7.0899 3.9826 0.2620 0.3051 0.3051 0.3112
v 7.0336 3.9509 0.2601 0.1390 0.1390 0.1417
v 7.0456 3.8801 0.2694 0.0552 0.0552 0.0563
v 7.1061 3.8379 0.2859 0.0954 0.0954 0.0973
v 7.1746 3.8688 0.2874 0.2537 0.2537 0.2588
v 7.2301 3.9321 0.2304 0.4694 0.4694 0.4806
v 7.1686 4.0062 0.2150 0.5136 0.5136 0.5258
v 7.0871 4.0201 0.2112 0.4431 0.4431 0.4537
v 6.9888 3.9813 0.2104 0.0690 0.0690 0.0706
v 7.0074 3.8703 0.2237 0.0300 0.0300 0.0300
v 7.0848 3.7784 0.2504 0.0300 0.0300 0.0300
v 7.2117 3.8097 0.2588 0.0681 0.0681 0.0697
v 6.2295 1.6375 0.2194 0.1635 0.1635 0.1668
v 6.2770 1.6341 0.2041 0.2624 0.2624 0.2676
v 6.2589 1.6687 0.2093 0.3093 0.3093 0.3155
v 6.2264 1.6750 0.2098 0.2245 0.2245 0.2290
v 6.2061 1.6556 0.2005 0.0821 0.0821 0.0837
v 6.2063 1.6322 0.1900 0.0346 0.0346 0.0353
v 6.2195 1.6117 0.1945 0.0469 0.0469 0.0479
v 6.2531 1.6016 0.1993 0.1219 0.1219 0.1243
v 6.3190 1.6383 0.1949 0.2499 0.2499 0.2549
v 6.2760 1.6962 0.1975 0.3310 0.3310 0.3376
v 6.2157 1.7086 0.1891 0.2061 0.2061 0.2102
v 6.1773 1.6669 0.1757 0.0728 0.0728 0.0743
v 6.1850 1.6195 0.1649 0.0396 0.0396 0.0404
v 6.2135 1.5741 0.1614 0.0443 0.0443 0.0451
v 6.2890 1.5619 0.1735 0.1050 0.1050 0.1071
v 6.3870 1.6224 0.1578 0.2997 0.2997 0.3068
v 6.3180 1.7293 0.1676 0.4641 0.4641 0.4752
v 6.2143 1.7774 0.1649 0.3154 0.3154 0.3229
v 6.1517 1.6895 0.1361 0.0303 0.0303 0.0310
v 6.1433 1.6094 0.1156 0.0300 0.0300 0.0300
v 6.1909 1.5273 0.1080 0.0300 0.0300 0.0300
v 6.3088 1.5137 0.1318 0.0300 0.0300 0.0300
v 8.0271 0.4098 0.0244 0.1758 0.1758 0.1793
v 8.0533 0.4174 0.0112 0.2675 0.2675 0.2729
v 8.0458 0.4380 0.0155 0.3570 0.3570 0.3641
v 8.0157 0.4419 0.0169 0.1976 0.1976 0.2015
v 8.0050 0.4203 0.0115 0.0849 0.0849 0.0866
v 7.9993 0.3977 0.0045 0.0495 0.0495 0.0505
v 8.0268 0.3873 -0.0037 0.0492 0.0492 0.0502
v 8.0471 0.4009 0.0053 0.1375 0.1375 0.1403
v 8.0778 0.4214 -0.0086 0.2814 0.2814 0.2870
v 8.0636 0.4659 0.0111 0.3658 0.3658 0.3731
v 8.0013 0.4680 0.0147 0.1897 0.1897 0.1935
v 7.9800 0.4256 0.0006 0.1024 0.1024 0.1045
v 7.9588 0.3731 -0.0126 0.0725 0.0725 0.0739
v 8.0259 0.3609 -0.0230 0.0569 0.0569 0.0581
v 8.0702 0.3850 -0.0174 0.1322 0.1322 0.1348
v 8.1081 0.4057 -0.0467 0.2601 0.2601 0.2663
v 8.1107 0.4777 -0.0225 0.3986 0.3986 0.4081
v 8.0173 0.5216 -0.0005 0.3474 0.3474 0.3557
v 7.9570 0.4531 -0.0205 0.0357 0.0357 0.0366
v 7.9079 0.3824 -0.0370 0.0312 0.0312 0.0320
v 7.9925 0.3351 -0.0586 0.0300 0.0300 0.0300
v 8.0712 0.3572 -0.0602 0.0300 0.0300 0.0300
v 9.2770 2.9655 0.2567 0.1730 0.1730 0.1765
v 9.3412 2.9643 0.2226 0.2258 0.2258 0.2303
v 9.3260 3.0161 0.2253 0.2567 0.2567 0.2618
v 9.2809 3.0081 0.2325 0.2361 0.2361 0.2408
v 9.2387 3.0031 0.2304 0.1118 0.1118 0.1140
v 9.2379 2.9540 0.2224 0.0358 0.0358 0.0365
v 9.2719 2.9329 0.2221 0.0300 0.0300 0.0300
v 9.3180 2.9130 0.2235 0.1363 0.1363 0.1391
v 9.3988 2.9549 0.1717 0.2448 0.2448 0.2497
v 9.3679 3.0583 0.1708 0.2966 0.2966 0.3025
v 9.2779 3.0505 0.1954 0.2798 0.2798 0.2854
v 9.1988 3.0327 0.2037 0.1290 0.1290 0.1316
v 9.1959 2.9400 0.1927 0.0327 0.0327 0.0333
v 9.2606 2.9016 0.1950 0.0345 0.0345 0.0352
v 9.3494 2.8542 0.1833 0.1108 0.1108 0.1130
v 9.4825 2.9888 0.1001 0.3919 0.3919 0.4013
v 9.3778 3.1218 0.1136 0.4732 0.4732 0.4845
v 9.2512 3.0866 0.1452 0.4290 0.4290 0.4392
v 9.1388 3.0326 0.1545 0.0748 0.0748 0.0766
v 9.1270 2.8714 0.1141 0.0300 0.0300 0.0300
v 9.2673 2.8422 0.1378 0.0300 0.0300 0.0300
v 9.4086 2.8280 0.1278 0.1547 0.1547 0.1584
v -2.3103 -2.6945 0.1943 0.2552 0.2552 0.2603
v -2.2634 -2.7116 0.1623 0.3568 0.3568 0.3639
v -2.2635 -2.6664 0.1525 0.3537 0.3537 0.3607
v -2.3032 -2.6459 0.1584 0.3057 0.3057 0.3118
v -2.3259 -2.6842 0.1716 0.1465 0.1465 0.1495
v -2.3383 -2.7190 0.1798 0.0837 0.0837 0.0853
v -2.3205 -2.7674 0.1770 0.0973 0.0973 0.0993
v -2.2651 -2.7745 0.1674 0.2921 0.2921 0.2980
v -2.2160 -2.7108 0.1306 0.3124 0.3124 0.3187
v -2.2230 -2.6059 0.1049 0.4136 0.4136 0.4219
v -2.3170 -2.5843 0.1210 0.3283 0.3283 0.3349
v -2.3639 -2.6637 0.1479 0.1378 0.1378 0.1406
v -2.3901 -2.7487 0.1475 0.0604 0.0604 0.0616
v -2.3315 -2.8340 0.1359 0.0377 0.0377 0.0385
v -2.2292 -2.8207 0.1459 0.1989 0.1989 0.2029
v -2.1776 -2.6974 0.0796 0.4548 0.4548 0.4656
v -2.2053 -2.5511 0.0417 0.4839 0.4839 0.4954
v -2.3436 -2.5264 0.0611 0.4256 0.4256 0.4357
v -2.4142 -2.6498 0.1031 0.0544 0.0544 0.0557
v -2.4260 -2.7863 0.0904 0.0300 0.0300 0.0300
v -2.3342 -2.9412 0.0448 0.0300 0.0300 0.0300
v -2.1702 -2.8738 0.1014 0.0522 0.0522 0.0534
v -4.2189 -2.8939 0.1850 0.1966 0.1966 0.2005
v -4.1912 -2.9012 0.1701 0.2546 0.2546 0.2597
v -4.2060 -2.8850 0.1711 0.3329 0.3329 0.3395
v -4.2242 -2.8789 0.1691 0.1956 0.1956 0.1995
v -4.2381 -2.8932 0.1654 0.0895 0.0895 0.0913
v -4.2451 -2.9173 0.1692 0.0619 0.0619 0.0632
v -4.2234 -2.9316 0.1707 0.0898 0.0898 0.0916
v -4.2061 -2.9170 0.1681 0.1566 0.1566 0.1598
v -4.1663 -2.8974 0.1533 0.2379 0.2379 0.2426
v -4.1994 -2.8724 0.1500 0.3864 0.3864 0.3941
v -4.2336 -2.8524 0.1470 0.2339 0.2339 0.2386
v -4.2585 -2.8864 0.1471 0.0911 0.0911 0.0929
v -4.2654 -2.9319 0.1552 0.0582 0.0582 0.0594
v -4.2250 -2.9550 0.1540 0.0526 0.0526 0.0537
v -4.1884 -2.9350 0.1559 0.1337 0.1337 0.1364
v -4.1280 -2.8965 0.1190 0.3484 0.3484 0.3567
v -4.1839 -2.8511 0.1180 0.5273 0.5273 0.5399
v -4.2441 -2.8095 0.1048 0.4222 0.4222 0.4323
v -4.2952 -2.8692 0.1072 0.0502 0.0502 0.0514
v -4.3146 -2.9590 0.1176 0.0300 0.0300 0.0300
v -4.2328 -2.9959 0.1233 0.0300 0.0300 0.0300
v -4.1732 -2.9547 0.1202 0.0387 0.0387 0.0397
v -3.8178 -4.8290 0.1901 0.1829 0.1829 0.1866
v -3.7820 -4.8364 0.1799 0.2969 0.2969 0.3028
v -3.8003 -4.8207 0.1782 0.3908 0.3908 0.3986
v -3.8198 -4.8024 0.1802 0.1776 0.1776 0.1812
v -3.8325 -4.8269 0.1748 0.0600 0.0600 0.0612
v -3.8386 -4.8522 0.1630 0.0478 0.0478 0.0487
v -3.8170 -4.8653 0.1618 0.0390 0.0390 0.0398
v -3.7966 -4.8571 0.1719 0.1169 0.1169 0.1192
v -3.7583 -4.8341 0.1628 0.3136 0.3136 0.3199
v -3.7885 -4.8015 0.1654 0.4386 0.4386 0.4474
v -3.8296 -4.7685 0.1671 0.2694 0.2694 0.2748
v -3.8476 -4.8208 0.1567 0.0426 0.0426 0.0434
v -3.8572 -4.8644 0.1446 0.0448 0.0448 0.0457
v -3.8199 -4.8881 0.1394 0.0466 0.0466 0.0475
v -3.7814 -4.8747 0.1494 0.1240 0.1240 0.1265
v -3.7246 -4.8298 0.1324 0.3138 0.3138 0.3213
v -3.7756 -4.7788 0.1364 0.5227 0.5227 0.5351
v -3.8414 -4.7333 0.1364 0.3712 0.3712 0.3800
v -3.8772 -4.8093 0.1211 0.0300 0.0300 0.0300
v -3.8878 -4.8856 0.0993 0.0300 0.0300 0.0300
v -3.8244 -4.9308 0.0933 0.0300 0.0300 0.0300
v -3.7565 -4.9021 0.1102 0.0314 0.0314 0.0321
v -1.9983 -4.2180 0.0923 0.1715 0.1715 0.1750
v -1.9477 -4.2248 0.0640 0.1820 0.1820 0.1857
v -1.9612 -4.1903 0.0697 0.2568 0.2568 0.2619
v -1.9937 -4.1863 0.0753 0.2217 0.2217 0.2261
v -2.0143 -4.2046 0.0867 0.1421 0.1421 0.1450
v -2.0255 -4.2336 0.0835 0.0713 0.0713 0.0728
v -1.9994 -4.2498 0.0665 0.0667 0.0667 0.0680
v -1.9753 -4.2434 0.0574 0.0627 0.0627 0.0640
v -1.9068 -4.2332 0.0234 0.1341 0.1341 0.1367
v -1.9293 -4.1623 0.0455 0.2880 0.2880 0.2937
v -1.9939 -4.1617 0.0655 0.2367 0.2367 0.2414
v -2.0349 -4.1884 0.0692 0.1577 0.1577 0.1609
v -2.0667 -4.2449 0.0658 0.0580 0.0580 0.0592
v -2.0114 -4.2776 0.0449 0.0332 0.0332 0.0338
v -1.9658 -4.2630 0.0346 0.0611 0.0611 0.0623
v -1.8666 -4.2077 -0.0190 0.2364 0.2364 0.2420
v -1.9190 -4.1073 0.0171 0.4520 0.4520 0.4628
v -2.0255 -4.1096 0.0475 0.3993 0.3993 0.4088
v -2.0832 -4.1849 0.0465 0.0653 0.0653 0.0669
v -2.0880 -4.2823 0.0287 0.0300 0.0300 0.0300
v -2.0012 -4.3140 -0.0041 0.0300 0.0300 0.0300
v -1.9309 -4.2828 -0.0170 0.1141 0.1141 0.1168
v -9.2941 2.0524 0.2180 0.2662 0.2662 0.2715
v -9.2747 2.0519 0.2062 0.3752 0.3752 0.3827
v -9.2837 2.0700 0.2020 0.3761 0.3761 0.3836
v -9.3073 2.0759 0.1959 0.2420 0.2420 0.2468
v -9.3210 2.0600 0.1958 0.2297 0.2297 0.2343
v -9.3260 2.0412 0.2033 0.1174 0.1174 0.1198
v -9.3066 2.0287 0.2080 0.1103 0.1103 0.1125
v -9.2851 2.0356 0.2015 0.2016 0.2016 0.2056
v -9.2481 2.0469 0.1852 0.3420 0.3420 0.3488
v -9.2578 2.0883 0.1802 0.4943 0.4943 0.5042
v -9.3076 2.1023 0.1792 0.3051 0.3051 0.3112
v -9.3376 2.0713 0.1790 0.1543 0.1543 0.1574
v -9.3573 2.0348 0.1830 0.1188 0.1188 0.1212
v -9.3181 2.0089 0.1880 0.0510 0.0510 0.0520
v -9.2777 2.0213 0.1899 0.1738 0.1738 0.1772
v -9.2041 2.0473 0.1540 0.3137 0.3137 0.3212
v -9.2352 2.1139 0.1465 0.4892 0.4892 0.5008
v -9.3176 2.1356 0.1425 0.3977 0.3977 0.4072
v -9.3612 2.0800 0.1450 0.0534 0.0534 0.0547
v -9.3960 2.0182 0.1508 0.0331 0.0331 0.0339
v -9.3220 1.9886 0.1597 0.0300 0.0300 0.0300
v -9.2556 1.9983 0.1601 0.0313 0.0313 0.0321
v -10.7184 0.6050 0.2500 0.1449 0.1449 0.1478
v -10.6951 0.6086 0.2392 0.2465 0.2465 0.2514
v -10.7125 0.6335 0.2358 0.1860 0.1860 0.1897
v -10.7439 0.6364 0.2142 0.1315 0.1315 0.1341
v -10.7649 0.6130 0.2138 0.0620 0.0620 0.0633
v -10.7541 0.5866 0.2214 0.0300 0.0300 0.0300
v -10.7324 0.5656 0.2191 0.0315 0.0315 0.0321
v -10.7009 0.5774 0.2408 0.1681 0.1681 0.1714
v -10.6699 0.6124 0.2213 0.2515 0.2515 0.2565
v -10.6937 0.6657 0.2134 0.2418 0.2418 0.2467
v -10.7559 0.6655 0.1843 0.1633 0.1633 0.1666
v -10.8073 0.6255 0.1635 0.0821 0.0821 0.0837
v -10.7829 0.5672 0.1738 0.0357 0.0357 0.0364
v -10.7345 0.5356 0.1984 0.0335 0.0335 0.0342
v -10.6686 0.5485 0.2152 0.1228 0.1228 0.1252
v -10.6207 0.6109 0.1858 0.4193 0.4193 0.4293
v -10.6657 0.6948 0.1733 0.4851 0.4851 0.4966
v -10.7650 0.7140 0.1363 0.3215 0.3215 0.3292
v -10.8441 0.6468 0.1063 0.0397 0.0397 0.0407
v -10.8086 0.5589 0.1217 0.0300 0.0300 0.0300
v -10.7479 0.4880 0.1466 0.0300 0.0300 0.0300
v -10.6392 0.5074 0.1816 0.0443 0.0443 0.0454
v -9.4924 -1.2431 0.1129 0.1784 0.1784 0.1820
v -9.4642 -1.2431 0.0976 0.2832 0.2832 0.2888
v -9.4679 -1.2089 0.1013 0.3286 0.3286 0.3352
v -9.5049 -1.2118 0.1021 0.2002 0.2002 0.2042
v -9.5388 -1.2252 0.0923 0.0884 0.0884 0.0902
v -9.5251 -1.2567 0.0882 0.0429 0.0429 0.0438
v -9.5075 -1.2905 0.0836 0.0732 0.0732 0.0747
v -9.4743 -1.2690 0.0904 0.1289 0.1289 0.1315
v -9.4402 -1.2419 0.0712 0.2107 0.2107 0.2149
v -9.4454 -1.1795 0.0908 0.2936 0.2936 0.2994
v -9.5135 -1.1829 0.0890 0.3273 0.3273 0.3338
v -9.5848 -1.2068 0.0817 0.1385 0.1385 0.1413
v -9.5480 -1.2684 0.0695 0.0391 0.0391 0.0398
v -9.5186 -1.3477 0.0535 0.0629 0.0629 0.0642
v -9.4555 -1.2889 0.0660 0.1854 0.1854 0.1891
v -9.3896 -1.2586 0.0316 0.2786 0.2786 0.2853
v -9.3763 -1.1391 0.0673 0.3387 0.3387 0.3468
v -9.5043 -1.1485 0.0616 0.4186 0.4186 0.4286
v -9.6286 -1.1594 0.0536 0.2636 0.2636 0.2699
v -9.5952 -1.2719 0.0292 0.0300 0.0300 0.0300
v -9.5579 -1.3891 0.0141 0.0300 0.0300 0.0300
v -9.4380 -1.3386 0.0182 0.0406 0.0406 0.0415
v -7.8060 0.3182 0.3158 0.2460 0.2460 0.2509
v -7.7887 0.3157 0.2931 0.3231 0.3231 0.3296
v -7.7969 0.3390 0.2970 0.4311 0.4311 0.4397
v -7.8212 0.3441 0.3088 0.2868 0.2868 0.2926
v -7.8394 0.3254 0.3041 0.1128 0.1128 0.1150
v -7.8329 0.3014 0.3046 0.0631 0.0631 0.0644
v -7.8163 0.2895 0.2992 0.1103 0.1103 0.1125
v -7.8008 0.2995 0.2970 0.2105 0.2105 0.2147
v -7.7686 0.3210 0.2724 0.2828 0.2828 0.2884
v -7.7875 0.3615 0.2856 0.3771 0.3771 0.3847
v -7.8342 0.3735 0.2966 0.2825 0.2825 0.2882
v -7.8685 0.3327 0.2957 0.1101 0.1101 0.1124
v -7.8519 0.2849 0.2846 0.0489 0.0489 0.0499
v -7.8167 0.2595 0.2747 0.0809 0.0809 0.0825
v -7.7849 0.2854 0.2711 0.1570 0.1570 0.1601
v -7.7385 0.3015 0.2243 0.3005 0.3005 0.3077
v -7.7498 0.3775 0.2417 0.4664 0.4664 0.4776
v -7.8204 0.4263 0.2651 0.4419 0.4419 0.4524
v -7.9003 0.3791 0.2652 0.2119 0.2119 0.2170
v -7.8983 0.2852 0.2556 0.0300 0.0300 0.0300
v -7.8402 0.2379 0.2413 0.0300 0.0300 0.0300
v -7.7804 0.2524 0.2285 0.0363 0.0363 0.0372
v 10.3179 0.6295 0.2057 0.2404 0.2404 0.2452
v 10.3447 0.6441 0.1817 0.3235 0.3235 0.3300
v 10.3484 0.6956 0.1723 0.3324 0.3324 0.3391
v 10.3033 0.7235 0.1716 0.2553 0.2553 0.2604
v 10.2696 0.6822 0.1728 0.1866 0.1866 0.1903
v 10.2597 0.6341 0.1800 0.0963 0.0963 0.0982
v 10.2856 0.5866 0.1826 0.0961 0.0961 0.0981
v 10.3295 0.6048 0.1803 0.1626 0.1626 0.1658
v 10.3857 0.6416 0.1516 0.2904 0.2904 0.2962
v 10.3885 0.7496 0.1465 0.3896 0.3896 0.3974
v 10.2926 0.7939 0.1350 0.2792 0.2792 0.2847
v 10.2242 0.7118 0.1352 0.1477 0.1477 0.1507
v 10.1982 0.6042 0.1519 0.0883 0.0883 0.0900
v 10.2705 0.5218 0.1587 0.0949 0.0949 0.0968
v 10.3568 0.5595 0.1452 0.1666 0.1666 0.1700
v 10.4422 0.6697 0.1003 0.3660 0.3660 0.3747
v 10.4023 0.8320 0.0901 0.4308 0.4308 0.4410
v 10.2264 0.9234 0.0390 0.3847 0.3847 0.3939
v 10.1500 0.7159 0.0796 0.0517 0.0517 0.0529
v 10.1663 0.5450 0.1120 0.0300 0.0300 0.0300
v 10.2890 0.4520 0.0996 0.0300 0.0300 0.0300
v 10.4104 0.5295 0.0764 0.1983 0.1983 0.2030
v 10.7217 -2.0122 0.1368 0.1422 0.1422 0.1451
v 10.7419 -2.0034 0.1234 0.2296 0.2296 0.2342
v 10.7343 -1.9843 0.1333 0.3147 0.3147 0.3210
v 10.7111 -1.9755 0.1297 0.1609 0.1609 0.1641
v 10.6900 -1.9922 0.1204 0.0727 0.0727 0.0742
v 10.6982 -2.0154 0.1155 0.0410 0.0410 0.0418
v 10.7148 -2.0282 0.1104 0.0352 0.0352 0.0359
v 10.7354 -2.0224 0.1187 0.1400 0.1400 0.1428
v 10.7648 -1.9999 0.1122 0.2566 0.2566 0.2618
v 10.7468 -1.9627 0.1201 0.2979 0.2979 0.3039
v 10.6988 -1.9452 0.1153 0.1808 0.1808 0.1844
v 10.6594 -1.9832 0.0947 0.0658 0.0658 0.0671
v 10.6763 -2.0301 0.0866 0.0409 0.0409 0.0417
v 10.7134 -2.0510 0.0890 0.0399 0.0399 0.0407
v 10.7555 -2.0405 0.1023 0.1104 0.1104 0.1126
v 10.8023 -2.0087 0.0864 0.3046 0.3046 0.3118
v 10.7819 -1.9357 0.1020 0.4102 0.4102 0.4200
v 10.7011 -1.9017 0.0904 0.3472 0.3472 0.3554
v 10.6340 -1.9588 0.0597 0.0331 0.0331 0.0338
v 10.6517 -2.0319 0.0469 0.0300 0.0300 0.0300
v 10.6985 -2.0754 0.0461 0.0300 0.0300 0.0300
v 10.7760 -2.0818 0.0597 0.0315 0.0315 0.0322
v 13.8768 -1.1009 0.0766 0.1988 0.1988 0.2028
v 13.8985 -1.0924 0.0629 0.2074 0.2074 0.2115
v 13.8936 -1.0754 0.0631 0.2933 0.2933 0.2991
v 13.8733 -1.0700 0.0676 0.3081 0.3081 0.3142
v 13.8486 -1.0811 0.0768 0.1403 0.1403 0.1431
v 13.8560 -1.1071 0.0705 0.0705 0.0705 0.0719
v 13.8761 -1.1210 0.0648 0.1172 0.1172 0.1196
v 13.8949 -1.1089 0.0579 0.1846 0.1846 0.1883
v 13.9164 -1.0876 0.0434 0.2171 0.2171 0.2215
v 13.9038 -1.0524 0.0509 0.2820 0.2820 0.2877
v 13.8627 -1.0517 0.0651 0.3030 0.3030 0.3091
v 13.8176 -1.0760 0.0749 0.1429 0.1429 0.1458
v 13.8378 -1.1232 0.0637 0.0700 0.0700 0.0714
v 13.8772 -1.1536 0.0453 0.0795 0.0795 0.0811
v 13.9111 -1.1201 0.0398 0.1742 0.1742 0.1777
v 13.9398 -1.0925 0.0088 0.3868 0.3868 0.3960
v 13.9268 -1.0348 0.0191 0.4773 0.4773 0.4886
v 13.8608 -1.0160 0.0419 0.4855 0.4855 0.4971
v 13.7751 -1.0466 0.0681 0.0830 0.0830 0.0849
v 13.8046 -1.1311 0.0436 0.0300 0.0300 0.0300
v 13.8611 -1.1848 0.0180 0.0300 0.0300 0.0300
v 13.9296 -1.1512 0.0044 0.0621 0.0621 0.0636
v 12.9964 1.0676 0.2194 0.2962 0.2962 0.3021
v 13.0271 1.0620 0.1866 0.3706 0.3706 0.3780
v 13.0102 1.0906 0.1857 0.3103 0.3103 0.3165
v 12.9802 1.0837 0.1958 0.3035 0.3035 0.3096
v 12.9653 1.0653 0.2039 0.1841 0.1841 0.1878
v 12.9604 1.0376 0.2148 0.1358 0.1358 0.1385
v 12.9856 1.0095 0.2132 0.2546 0.2546 0.2597
v 13.0075 1.0404 0.2052 0.2739 0.2739 0.2794
v 13.0704 1.0676 0.1594 0.3192 0.3192 0.3256
v 13.0359 1.1330 0.1461 0.3655 0.3655 0.3728
v 12.9691 1.1140 0.1697 0.3375 0.3375 0.3443
v 12.9337 1.0758 0.1879 0.2107 0.2107 0.2149
v 12.9378 1.0229 0.2049 0.1216 0.1216 0.1241
v 12.9814 0.9660 0.2098 0.1469 0.1469 0.1498
v 13.0272 1.0212 0.1863 0.2134 0.2134 0.2176
v 13.1094 1.0591 0.1180 0.3846 0.3846 0.3938
v 13.0735 1.1655 0.0920 0.4960 0.4960 0.5078
v 12.9674 1.1494 0.1192 0.4210 0.4210 0.4310
v 12.8994 1.0990 0.1505 0.0827 0.0827 0.0847
v 12.8800 1.0018 0.1809 0.0480 0.0480 0.0491
v 12.9593 0.9110 0.1860 0.0365 0.0365 0.0374
v 13.0450 0.9904 0.1529 0.0778 0.0778 0.0796
v 14.2831 4.7597 0.2754 0.3206 0.3206 0.3270
v 14.3109 4.7685 0.2554 0.3382 0.3382 0.3450
v 14.2962 4.7958 0.2488 0.4590 0.4590 0.4682
v 14.2686 4.7888 0.2594 0.2999 0.2999 0.3059
v 14.2493 4.7713 0.2641 0.1861 0.1861 0.1898
v 14.2529 4.7425 0.2682 0.1147 0.1147 0.1170
v 14.2778 4.7324 0.2651 0.1473 0.1473 0.1502
v 14.3025 4.7408 0.2606 0.3037 0.3037 0.3098
v 14.3454 4.7629 0.2261 0.3849 0.3849 0.3925
v 14.3239 4.8225 0.2247 0.3657 0.3657 0.3730
v 14.2677 4.8146 0.2394 0.3346 0.3346 0.3413
v 14.2315 4.7865 0.2420 0.2095 0.2095 0.2137
v 14.2187 4.7314 0.2509 0.0708 0.0708 0.0722
v 14.2654 4.6975 0.2512 0.0987 0.0987 0.1007
v 14.3167 4.7132 0.2424 0.2093 0.2093 0.2135
v 14.3919 4.7452 0.1837 0.3784 0.3784 0.3874
v 14.3717 4.8543 0.1729 0.4805 0.4805 0.4919
v 14.2723 4.8528 0.1971 0.4444 0.4444 0.4550
v 14.2024 4.8172 0.2093 0.0787 0.0787 0.0805
v 14.1721 4.7269 0.2146 0.0326 0.0326 0.0334
v 14.2404 4.6563 0.2193 0.0300 0.0300 0.0300
v 14.3295 4.6715 0.2077 0.0452 0.0452 0.0463
v 12.4731 5.8376 0.3130 0.2875 0.2875 0.2932
v 12.4846 5.8334 0.2958 0.3766 0.3766 0.3841
v 12.4895 5.8628 0.2866 0.3448 0.3448 0.3516
v 12.4640 5.8540 0.2924 0.2947 0.2947 0.3006
v 12.4510 5.8425 0.2975 0.2188 0.2188 0.2232
v 12.4425 5.8195 0.2999 0.1207 0.1207 0.1232
v 12.4626 5.8054 0.3074 0.1742 0.1742 0.1777
v 12.4815 5.8151 0.3012 0.3252 0.3252 0.3317
v 12.5041 5.8392 0.2790 0.3689 0.3689 0.3763
v 12.5014 5.8963 0.2656 0.3528 0.3528 0.3598
v 12.4535 5.8754 0.2727 0.2423 0.2423 0.2472
v 12.4308 5.8462 0.2810 0.1990 0.1990 0.2030
v 12.4177 5.7954 0.2912 0.1279 0.1279 0.1305
v 12.4644 5.7783 0.2901 0.1066 0.1066 0.1088
v 12.5008 5.7998 0.2844 0.2395 0.2395 0.2443
v 12.5341 5.8295 0.2464 0.4190 0.4190 0.4290
v 12.5446 5.9284 0.2197 0.4348 0.4348 0.4451
v 12.4578 5.9002 0.2327 0.3355 0.3355 0.3435
v 12.4167 5.8646 0.2443 0.0618 0.0618 0.0633
v 12.3670 5.7864 0.2624 0.0406 0.0406 0.0415
v 12.4439 5.7384 0.2625 0.0300 0.0300 0.0300
v 12.5157 5.7601 0.2558 0.0634 0.0634 0.0649
v 11.2423 3.3733 0.2886 0.2377 0.2377 0.2425
v 11.2767 3.3600 0.2726 0.3584 0.3584 0.3656
v 11.2646 3.3815 0.2679 0.4530 0.4530 0.4620
v 11.2445 3.3977 0.2784 0.2731 0.2731 0.2785
v 11.2227 3.3802 0.2735 0.1074 0.1074 0.1095
v 11.2267 3.3532 0.2677 0.0555 0.0555 0.0566
v 11.2398 3.3309 0.2737 0.1017 0.1017 0.1037
v 11.2632 3.3381 0.2672 0.2261 0.2261 0.2306
v 11.3039 3.3616 0.2437 0.3677 0.3677 0.3750
v 11.2777 3.4024 0.2530 0.3483 0.3483 0.3552
v 11.2368 3.4270 0.2578 0.3411 0.3411 0.3479
v 11.1971 3.3921 0.2582 0.1288 0.1288 0.1314
v 11.2012 3.3379 0.2542 0.0420 0.0420 0.0428
v 11.2353 3.3008 0.2500 0.0692 0.0692 0.0706
v 11.2806 3.3158 0.2492 0.1727 0.1727 0.1762
v 11.3412 3.3766 0.1919 0.3731 0.3731 0.3820
v 11.2910 3.4423 0.2106 0.5119 0.5119 0.5241
v 11.2113 3.4767 0.2289 0.4102 0.4102 0.4200
v 11.1619 3.3950 0.2212 0.0457 0.0457 0.0468
v 11.1803 3.3118 0.2126 0.0300 0.0300 0.0300
v 11.2396 3.2515 0.2083 0.0300 0.0300 0.0300
v 11.3038 3.3027 0.2095 0.1794 0.1794 0.1837
v 12.9926 2.3168 0.1415 0.1503 0.1503 0.1533
v 13.0240 2.3138 0.1106 0.2727 0.2727 0.2782
v 12.9980 2.3303 0.1221 0.3402 0.3402 0.3470
v 12.9731 2.3505 0.1338 0.1762 0.1762 0.1797
v 12.9605 2.3216 0.1226 0.0613 0.0613 0.0625
v 12.9460 2.2916 0.1103 0.0372 0.0372 0.0380
v 12.9785 2.2801 0.1117 0.0300 0.0300 0.0305
v 13.0070 2.2870 0.1105 0.1051 0.1051 0.1072
v 13.0556 2.3047 0.0860 0.2382 0.2382 0.2429
v 13.0190 2.3460 0.1009 0.3128 0.3128 0.3191
v 12.9754 2.3828 0.1163 0.1637 0.1637 0.1670
v 12.9398 2.3385 0.1000 0.0661 0.0661 0.0675
v 12.8997 2.2825 0.0908 0.0518 0.0518 0.0528
v 12.9615 2.2470 0.0774 0.0300 0.0300 0.0300
v 13.0192 2.2590 0.0811 0.0630 0.0630 0.0643
v 13.1237 2.2928 0.0383 0.2788 0.2788 0.2854
v 13.0385 2.3615 0.0590 0.5221 0.5221 0.5345
v 12.9736 2.4351 0.0890 0.3918 0.3918 0.4012
v 12.9112 2.3592 0.0674 0.0401 0.0401 0.0411
v 12.8403 2.2675 0.0448 0.0339 0.0339 0.0347
v 12.9386 2.1960 0.0263 0.0300 0.0300 0.0300
v 13.0366 2.2260 0.0291 0.0300 0.0300 0.0300
v 2.0747 -2.3901 0.1604 0.2486 0.2486 0.2536
v 2.1103 -2.3761 0.1235 0.3329 0.3329 0.3395
v 2.0924 -2.3380 0.1145 0.3228 0.3228 0.3292
v 2.0438 -2.3128 0.1065 0.2467 0.2467 0.2516
v 1.9991 -2.3546 0.1165 0.1686 0.1686 0.1719
v 2.0215 -2.4064 0.1292 0.1260 0.1260 0.1285
v 2.0555 -2.4490 0.1471 0.2110 0.2110 0.2152
v 2.0907 -2.4079 0.1224 0.2622 0.2622 0.2674
v 2.1608 -2.3725 0.0807 0.3510 0.3510 0.3580
v 2.1157 -2.3037 0.0723 0.4136 0.4136 0.4219
v 2.0240 -2.2460 0.0702 0.2651 0.2651 0.2704
v 1.9498 -2.3344 0.0862 0.1496 0.1496 0.1526
v 1.9717 -2.4355 0.1128 0.1155 0.1155 0.1178
v 2.0417 -2.5405 0.1484 0.2159 0.2159 0.2202
v 2.1172 -2.4373 0.1004 0.2964 0.2964 0.3023
v 2.2286 -2.3827 0.0228 0.4086 0.4086 0.4183
v 2.1556 -2.2676 0.0110 0.5223 0.5223 0.5347
v 2.0130 -2.1306 0.0073 0.4351 0.4351 0.4455
v 1.8630 -2.2770 0.0210 0.0680 0.0680 0.0696
v 1.9036 -2.4564 0.0694 0.0309 0.0309 0.0316
v 2.0064 -2.6246 0.1263 0.0416 0.0416 0.0426
v 2.1516 -2.4946 0.0605 0.0917 0.0917 0.0939
v 1.3736 -4.5875 0.2098 0.1731 0.1731 0.1766
v 1.4409 -4.6201 0.1902 0.2282 0.2282 0.2327
v 1.4173 -4.5623 0.1917 0.3142 0.3142 0.3204
v 1.3686 -4.5326 0.1931 0.2144 0.2144 0.2187
v 1.3347 -4.5767 0.1759 0.0693 0.0693 0.0707
v 1.2941 -4.6298 0.1555 0.0500 0.0500 0.0510
v 1.3423 -4.6820 0.1475 0.0930 0.0930 0.0948
v 1.3949 -4.6539 0.1527 0.0618 0.0618 0.0630
v 1.5319 -4.6095 0.1575 0.2023 0.2023 0.2064
v 1.4440 -4.5099 0.1849 0.3788 0.3788 0.3864
v 1.3445 -4.4636 0.1755 0.1736 0.1736 0.1771
v 1.2906 -4.5612 0.1307 0.0587 0.0587 0.0598
v 1.2463 -4.6697 0.0953 0.0455 0.0455 0.0464
v 1.3331 -4.7776 0.0917 0.0780 0.0780 0.0796
v 1.4270 -4.6857 0.1195 0.0760 0.0760 0.0775
v 1.6395 -4.6072 0.1204 0.1845 0.1845 0.1889
v 1.4869 -4.4481 0.1444 0.4416 0.4416 0.4521
v 1.3125 -4.3166 0.1244 0.3039 0.3039 0.3112
v 1.2262 -4.5284 0.0711 0.0300 0.0300 0.0300
v 1.1283 -4.7343 0.0198 0.0300 0.0300 0.0300
v 1.3092 -4.9032 0.0204 0.0300 0.0300 0.0300
v 1.4797 -4.7565 0.0466 0.0369 0.0369 0.0378
v -2.7570 6.3296 0.3410 0.2070 0.2070 0.2111
v -2.7001 6.3361 0.3168 0.2589 0.2589 0.2641
v -2.7296 6.3503 0.3099 0.3723 0.3723 0.3797
v -2.7631 6.3661 0.3050 0.2023 0.2023 0.2064
v -2.7800 6.3384 0.3106 0.1086 0.1086 0.1108
v -2.7921 6.3040 0.3134 0.0610 0.0610 0.0622
v -2.7468 6.2889 0.3312 0.0712 0.0712 0.0726
v -2.7083 6.3060 0.3231 0.2076 0.2076 0.2117
v -2.6666 6.3284 0.2860 0.2367 0.2367 0.2414
v -2.7076 6.3631 0.2777 0.3462 0.3462 0.3531
v -2.7620 6.4026 0.2571 0.2674 0.2674 0.2727
v -2.8010 6.3534 0.2660 0.1368 0.1368 0.1396
v -2.8528 6.2934 0.2841 0.0706 0.0706 0.0720
v -2.7715 6.2495 0.3006 0.0647 0.0647 0.0660
v -2.6958 6.2807 0.2952 0.1316 0.1316 0.1342
v -2.6059 6.3353 0.2380 0.4144 0.4144 0.4242
v -2.6830 6.3950 0.2182 0.5274 0.5274 0.5400
v -2.7902 6.4591 0.1886 0.4231 0.4231 0.4331
v -2.8468 6.3642 0.2127 0.0615 0.0615 0.0629
v -2.9032 6.2641 0.2407 0.0407 0.0407 0.0417
v -2.7760 6.1929 0.2691 0.0300 0.0300 0.0300
v -2.6389 6.2381 0.2530 0.0673 0.0673 0.0689
v -2.7776 4.2586 0.3155 0.2083 0.2083 0.2124
v -2.7215 4.2493 0.2869 0.3026 0.3026 0.3087
v -2.7349 4.2864 0.2945 0.3156 0.3156 0.3220
v -2.7781 4.2915 0.2820 0.3849 0.3849 0.3926
v -2.8123 4.2778 0.2869 0.1756 0.1756 0.1791
v -2.8157 4.2475 0.2840 0.0461 0.0461 0.0470
v -2.7951 4.2188 0.2828 0.0483 0.0483 0.0493
v -2.7526 4.2229 0.2845 0.0853 0.0853 0.0870
v -2.6679 4.2421 0.2564 0.2016 0.2016 0.2056
v -2.7005 4.3115 0.2702 0.3210 0.3210 0.3274
v -2.7802 4.3196 0.2576 0.3794 0.3794 0.3870
v -2.8539 4.3016 0.2544 0.1857 0.1857 0.1894
v -2.8557 4.2380 0.2463 0.0469 0.0469 0.0478
v -2.8145 4.1805 0.2350 0.0515 0.0515 0.0525
v -2.7290 4.1886 0.2404 0.0625 0.0625 0.0637
v -2.5989 4.2341 0.2100 0.2076 0.2076 0.2125
v -2.6351 4.3609 0.2381 0.3997 0.3997 0.4092
v -2.7845 4.3633 0.2128 0.4105 0.4105 0.4203
v -2.9147 4.3349 0.1975 0.2748 0.2748 0.2814
v -2.9023 4.2260 0.1880 0.0300 0.0300 0.0300
v -2.8380 4.1311 0.1812 0.0300 0.0300 0.0300
v -2.6983 4.1461 0.1851 0.0300 0.0300 0.0300
v -0.9684 4.1616 0.2356 0.1561 0.1561 0.1592
v -0.9249 4.1565 0.2085 0.1717 0.1717 0.1751
v -0.9377 4.1866 0.2233 0.2136 0.2136 0.2179
v -0.9639 4.1813 0.2222 0.2868 0.2868 0.2925
v -0.9844 4.1731 0.2256 0.1409 0.1409 0.1437
v -0.9783 4.1501 0.2158 0.0332 0.0332 0.0339
v -0.9659 4.1364 0.2138 0.0307 0.0307 0.0313
v -0.9446 4.1344 0.2070 0.1067 0.1067 0.1088
v -0.8907 4.1513 0.1763 0.1714 0.1714 0.1748
v -0.9151 4.2102 0.2023 0.2848 0.2848 0.2905
v -0.9657 4.2045 0.2111 0.2441 0.2441 0.2490
v -1.0063 4.1891 0.2122 0.1158 0.1158 0.1181
v -0.9932 4.1450 0.1970 0.0354 0.0354 0.0361
v -0.9736 4.1138 0.1858 0.0351 0.0351 0.0358
v -0.9294 4.1064 0.1742 0.0783 0.0783 0.0799
v -0.8427 4.1778 0.1376 0.2856 0.2856 0.2924
v -0.9049 4.2638 0.1765 0.4187 0.4187 0.4286
v -0.9843 4.2267 0.1840 0.3892 0.3892 0.3985
v -1.0494 4.1891 0.1849 0.0701 0.0701 0.0718
v -1.0169 4.1160 0.1543 0.0300 0.0300 0.0300
v -0.9659 4.0775 0.1346 0.0300 0.0300 0.0300
v -0.8857 4.0817 0.1232 0.1254 0.1254 0.1284
v -0.8219 6.6490 0.1887 0.2301 0.2301 0.2347
v -0.7974 6.6384 0.1680 0.3620 0.3620 0.3693
v -0.8038 6.6592 0.1584 0.3688 0.3688 0.3761
v -0.8309 6.6689 0.1577 0.3631 0.3631 0.3704
v -0.8625 6.6587 0.1697 0.1580 0.1580 0.1612
v -0.8541 6.6339 0.1685 0.0397 0.0397 0.0405
v -0.8358 6.6218 0.1649 0.0326 0.0326 0.0332
v -0.8041 6.6123 0.1700 0.1845 0.1845 0.1882
v -0.7747 6.6337 0.1378 0.3163 0.3163 0.3226
v -0.7738 6.6775 0.1359 0.3739 0.3739 0.3814
v -0.8309 6.7081 0.1356 0.3316 0.3316 0.3383
v -0.8926 6.6783 0.1386 0.1569 0.1569 0.1601
v -0.8820 6.6293 0.1457 0.0418 0.0418 0.0426
v -0.8481 6.6026 0.1459 0.0394 0.0394 0.0402
v -0.7853 6.5806 0.1464 0.1585 0.1585 0.1616
v -0.7357 6.6378 0.0927 0.4281 0.4281 0.4383
v -0.7478 6.7117 0.0890 0.4598 0.4598 0.4708
v -0.8488 6.7358 0.0906 0.4707 0.4707 0.4819
v -0.9578 6.6964 0.1007 0.0774 0.0774 0.0793
v -0.9266 6.6081 0.1120 0.0300 0.0300 0.0300
v -0.8484 6.5814 0.1077 0.0300 0.0300 0.0300
v -0.7464 6.5540 0.1019 0.0487 0.0487 0.0499
v -6.2134 -4.3568 0.1113 0.2552 0.2552 0.2603
v -6.1739 -4.3438 0.0901 0.2747 0.2747 0.2802
v -6.1937 -4.3211 0.0836 0.3231 0.3231 0.3296
v -6.2254 -4.3189 0.0859 0.2963 0.2963 0.3022
v -6.2495 -4.3366 0.0960 0.2787 0.2787 0.2843
v -6.2542 -4.3681 0.1029 0.1374 0.1374 0.1401
v -6.2176 -4.3737 0.1011 0.1360 0.1360 0.1387
v -6.1867 -4.3703 0.0905 0.2590 0.2590 0.2642
v -6.1267 -4.3557 0.0631 0.2642 0.2642 0.2695
v -6.1557 -4.2992 0.0530 0.3700 0.3700 0.3774
v -6.2219 -4.2852 0.0589 0.2842 0.2842 0.2899
v -6.2867 -4.3088 0.0683 0.2333 0.2333 0.2380
v -6.3044 -4.3735 0.0914 0.1137 0.1137 0.1160
v -6.2349 -4.3972 0.0901 0.0489 0.0489 0.0498
v -6.1694 -4.4067 0.0838 0.2052 0.2052 0.2093
v -6.0832 -4.3450 0.0173 0.3899 0.3899 0.3992
v -6.1312 -4.2571 0.0049 0.5032 0.5032 0.5152
v -6.2444 -4.2455 0.0128 0.4583 0.4583 0.4692
v -6.3459 -4.2971 0.0343 0.0956 0.0956 0.0979
v -6.3520 -4.4059 0.0669 0.0430 0.0430 0.0440
v -6.2344 -4.4307 0.0605 0.0300 0.0300 0.0300
v -6.1329 -4.4283 0.0466 0.0446 0.0446 0.0457
v -7.8647 -4.7951 0.1876 0.2167 0.2167 0.2210
v -7.8081 -4.7852 0.1755 0.3305 0.3305 0.3371
v -7.8362 -4.7454 0.1497 0.3687 0.3687 0.3761
v -7.8704 -4.7355 0.1507 0.3425 0.3425 0.3493
v -7.9056 -4.7514 0.1402 0.1245 0.1245 0.1270
v -7.9065 -4.7949 0.1476 0.0531 0.0531 0.0542
v -7.8761 -4.8127 0.1575 0.0649 0.0649 0.0662
v -7.8362 -4.8294 0.1662 0.1705 0.1705 0.1740
v -7.7498 -4.7625 0.1457 0.3156 0.3156 0.3219
v -7.8225 -4.7005 0.1168 0.3385 0.3385 0.3453
v -7.8915 -4.7000 0.1098 0.3211 0.3211 0.3275
v -7.9437 -4.7496 0.1092 0.1212 0.1212 0.1236
v -7.9437 -4.8344 0.1215 0.0616 0.0616 0.0629
v -7.8721 -4.8498 0.1420 0.0578 0.0578 0.0590
v -7.7988 -4.8506 0.1470 0.1549 0.1549 0.1580
v -7.6949 -4.7684 0.1021 0.3866 0.3866 0.3959
v -7.7738 -4.6362 0.0663 0.4590 0.4590 0.4699
v -7.8985 -4.6512 0.0450 0.3602 0.3602 0.3688
v -7.9857 -4.7232 0.0423 0.0502 0.0502 0.0514
v -8.0069 -4.8645 0.0676 0.0300 0.0300 0.0300
v -7.8824 -4.8859 0.0928 0.0300 0.0300 0.0300
v -7.7450 -4.9286 0.0979 0.0416 0.0416 0.0425
v -7.7312 -7.2562 0.1010 0.1689 0.1689 0.1723
v -7.7078 -7.2354 0.0715 0.2949 0.2949 0.3008
v -7.7222 -7.1984 0.0843 0.2029 0.2029 0.2069
v -7.7614 -7.2058 0.0665 0.2380 0.2380 0.2427
v -7.8033 -7.2253 0.0687 0.1368 0.1368 0.1395
v -7.7780 -7.2638 0.0632 0.0360 0.0360 0.0367
v -7.7488 -7.2795 0.0573 0.0431 0.0431 0.0439
v -7.7207 -7.2650 0.0742 0.1213 0.1213 0.1237
v -7.6539 -7.2321 0.0447 0.2092 0.2092 0.2133
v -7.6880 -7.1505 0.0642 0.2560 0.2560 0.2612
v -7.7686 -7.1778 0.0464 0.2575 0.2575 0.2627
v -7.8625 -7.2006 0.0208 0.1376 0.1376 0.1404
v -7.8136 -7.2831 0.0183 0.0400 0.0400 0.0408
v -7.7555 -7.3159 0.0172 0.0403 0.0403 0.0411
v -7.6963 -7.2925 0.0299 0.0674 0.0674 0.0688
v -7.6015 -7.2561 -0.0061 0.2378 0.2378 0.2434
v -7.6270 -7.1196 0.0204 0.4155 0.4155 0.4254
v -7.7607 -7.1307 -0.0015 0.3820 0.3820 0.3911
v -7.9108 -7.1422 -0.0267 0.0711 0.0711 0.0727
v -7.8658 -7.2851 -0.0426 0.0300 0.0300 0.0300
v -7.7853 -7.3570 -0.0444 0.0300 0.0300 0.0300
v -7.6838 -7.3382 -0.0328 0.0300 0.0300 0.0300
v -5.8058 -6.7815 0.1212 0.2246 0.2246 0.2291
v -5.7768 -6.7977 0.0822 0.2907 0.2907 0.2965
v -5.7660 -6.7243 0.0953 0.3127 0.3127 0.3190
v -5.8270 -6.7170 0.1064 0.2427 0.2427 0.2475
v -5.8656 -6.7584 0.1082 0.1431 0.1431 0.1460
v -5.8673 -6.8162 0.1015 0.0764 0.0764 0.0779
v -5.8315 -6.8437 0.0890 0.0791 0.0791 0.0806
v -5.7789 -6.8675 0.0612 0.2160 0.2160 0.2203
v -5.7338 -6.8054 0.0336 0.2879 0.2879 0.2937
v -5.7056 -6.6533 0.0584 0.3254 0.3254 0.3319
v -5.8315 -6.6464 0.0855 0.2755 0.2755 0.2810
v -5.9144 -6.7177 0.0979 0.1465 0.1465 0.1495
v -5.9162 -6.8354 0.0819 0.0671 0.0671 0.0685
v -5.8441 -6.8836 0.0482 0.0387 0.0387 0.0394
v -5.7404 -6.9491 0.0040 0.2035 0.2035 0.2076
v -5.6739 -6.7653 -0.0232 0.3809 0.3809 0.3900
v -5.7048 -6.5455 0.0221 0.3365 0.3365 0.3445
v -5.9025 -6.5298 0.0192 0.3827 0.3827 0.3919
v -5.9970 -6.7256 0.0563 0.0619 0.0619 0.0634
v -5.9704 -6.9233 0.0278 0.0300 0.0300 0.0300
v -5.8283 -6.9650 -0.0266 0.0300 0.0300 0.0300
v -5.6499 -6.9866 -0.0755 0.1602 0.1602 0.1640
v 14.0461 14.4722 0.1055 0.2136 0.2136 0.2178
v 14.0826 14.4672 0.0795 0.3241 0.3241 0.3306
v 14.0693 14.5021 0.0858 0.3406 0.3406 0.3474
v 14.0400 14.4996 0.0860 0.2980 0.2980 0.3040
v 14.0115 14.4906 0.0851 0.1591 0.1591 0.1623
v 14.0112 14.4533 0.0826 0.0542 0.0542 0.0553
v 14.0378 14.4422 0.0772 0.0598 0.0598 0.0610
v 14.0647 14.4366 0.0774 0.1464 0.1464 0.1493
v 14.1149 14.4794 0.0571 0.3008 0.3008 0.3068
v 14.0833 14.5427 0.0665 0.3208 0.3208 0.3273
v 14.0234 14.5380 0.0640 0.2562 0.2562 0.2613
v 13.9813 14.4947 0.0640 0.1636 0.1636 0.1669
v 13.9853 14.4255 0.0624 0.0363 0.0363 0.0370
v 14.0388 14.4067 0.0583 0.0587 0.0587 0.0599
v 14.0919 14.4152 0.0532 0.1412 0.1412 0.1441
v 14.1645 14.4646 0.0142 0.3350 0.3350 0.3429
v 14.1341 14.5912 0.0247 0.4407 0.4407 0.4512
v 14.0267 14.5781 0.0280 0.3917 0.3917 0.4010
v 13.9465 14.5296 0.0282 0.0599 0.0599 0.0613
v 13.9452 14.4189 0.0213 0.0300 0.0300 0.0300
v 14.0237 14.3785 0.0149 0.0300 0.0300 0.0300
v 14.1050 14.3746 0.0107 0.0325 0.0325 0.0333
v 10.3968 9.8819 0.2376 0.1852 0.1852 0.1889
v 10.4427 9.8923 0.2098 0.2688 0.2688 0.2741
v 10.4372 9.9459 0.2123 0.3039 0.3039 0.3100
v 10.3877 9.9312 0.1958 0.1731 0.1731 0.1766
v 10.3713 9.8974 0.2024 0.0782 0.0782 0.0798
v 10.3584 9.8541 0.1889 0.0423 0.0423 0.0432
v 10.3990 9.8214 0.1903 0.0839 0.0839 0.0856
v 10.4352 9.8556 0.1995 0.1975 0.1975 0.2014
v 10.4693 9.8857 0.1779 0.3175 0.3175 0.3239
v 10.4793 9.9835 0.1865 0.2812 0.2812 0.2868
v 10.3850 9.9794 0.1721 0.2007 0.2007 0.2047
v 10.3397 9.9201 0.1546 0.1008 0.1008 0.1028
v 10.2910 9.8308 0.1422 0.0489 0.0489 0.0499
v 10.3766 9.7664 0.1489 0.0517 0.0517 0.0528
v 10.4564 9.8157 0.1704 0.1858 0.1858 0.1895
v 10.5353 9.8959 0.1383 0.3505 0.3505 0.3588
v 10.5280 10.0750 0.1572 0.3541 0.3541 0.3625
v 10.3618 10.0345 0.1163 0.2959 0.2959 0.3030
v 10.2800 9.9388 0.0963 0.0338 0.0338 0.0346
v 10.2418 9.7894 0.0810 0.0300 0.0300 0.0300
v 10.3740 9.6859 0.0878 0.0300 0.0300 0.0300
v 10.5163 9.7574 0.1179 0.0461 0.0461 0.0472
v 13.7975 7.9661 0.2991 0.1596 0.1596 0.1628
v 13.8156 7.9682 0.2848 0.2600 0.2600 0.2652
v 13.8111 7.9842 0.2931 0.3544 0.3544 0.3615
v 13.7901 7.9874 0.2933 0.2518 0.2518 0.2568
v 13.7753 7.9753 0.2879 0.1019 0.1019 0.1040
v 13.7746 7.9579 0.2790 0.0507 0.0507 0.0517
v 13.7927 7.9511 0.2773 0.0438 0.0438 0.0446
v 13.8089 7.9554 0.2760 0.0881 0.0881 0.0899
v 13.8364 7.9691 0.2703 0.2134 0.2134 0.2176
v 13.8260 8.0018 0.2781 0.3672 0.3672 0.3745
v 13.7851 8.0018 0.2817 0.2639 0.2639 0.2692
v 13.7512 7.9837 0.2758 0.1503 0.1503 0.1533
v 13.7505 7.9469 0.2631 0.0508 0.0508 0.0519
v 13.7885 7.9311 0.2551 0.0480 0.0480 0.0489
v 13.8242 7.9410 0.2591 0.1256 0.1256 0.1281
v 13.8641 7.9631 0.2335 0.2707 0.2707 0.2771
v 13.8520 8.0174 0.2511 0.4520 0.4520 0.4627
v 13.7848 8.0334 0.2572 0.4110 0.4110 0.4208
v 13.7302 7.9998 0.2468 0.0581 0.0581 0.0595
v 13.7061 7.9382 0.2254 0.0300 0.0300 0.0300
v 13.7747 7.9094 0.2153 0.0300 0.0300 0.0300
v 13.8373 7.9169 0.2180 0.0300 0.0300 0.0300
v 16.8571 10.8701 -0.1202 0.2198 0.2198 0.2242
v 16.8827 10.8736 -0.1296 0.3327 0.3327 0.3394
v 16.8744 10.8957 -0.1329 0.3882 0.3882 0.3960
v 16.8558 10.8941 -0.1310 0.2936 0.2936 0.2995
v 16.8384 10.8889 -0.1309 0.1642 0.1642 0.1674
v 16.8438 10.8693 -0.1302 0.0417 0.0417 0.0426
v 16.8543 10.8614 -0.1296 0.0477 0.0477 0.0487
v 16.8734 10.8500 -0.1328 0.1768 0.1768 0.1804
v 16.9084 10.8673 -0.1436 0.2586 0.2586 0.2638
v 16.8904 10.9103 -0.1458 0.3699 0.3699 0.3773
v 16.8557 10.9116 -0.1447 0.3600 0.3600 0.3672
v 16.8172 10.9075 -0.1392 0.1797 0.1797 0.1833
v 16.8313 10.8661 -0.1396 0.0446 0.0446 0.0454
v 16.8484 10.8469 -0.1416 0.0418 0.0418 0.0427
v 16.8809 10.8310 -0.1422 0.1205 0.1205 0.1229
v 16.9340 10.8861 -0.1725 0.3495 0.3495 0.3578
v 16.8961 10.9461 -0.1741 0.4794 0.4794 0.4908
v 16.8384 10.9391 -0.1707 0.4134 0.4134 0.4232
v 16.7856 10.9043 -0.1647 0.0720 0.0720 0.0737
v 16.8184 10.8467 -0.1652 0.0300 0.0300 0.0300
v 16.8526 10.8162 -0.1671 0.0300 0.0300 0.0300
v 16.9208 10.8049 -0.1697 0.1628 0.1628 0.1667
v 11.6761 -9.1577 0.3172 0.2152 0.2152 0.2195
v 11.7243 -9.1634 0.2880 0.2321 0.2321 0.2368
v 11.7136 -9.1334 0.2886 0.2629 0.2629 0.2681
v 11.6802 -9.1371 0.2889 0.2992 0.2992 0.3052
v 11.6339 -9.1458 0.2862 0.1533 0.1533 0.1564
v 11.6538 -9.1855 0.2797 0.0414 0.0414 0.0423
v 11.6829 -9.2106 0.2911 0.0912 0.0912 0.0930
v 11.7206 -9.1963 0.2784 0.2156 0.2156 0.2199
v 11.7547 -9.1610 0.2492 0.3147 0.3147 0.3210
v 11.7392 -9.0978 0.2567 0.3668 0.3668 0.3742
v 11.6703 -9.1080 0.2639 0.3201 0.3201 0.3265
v 11.5749 -9.1248 0.2581 0.1608 0.1608 0.1641
v 11.6258 -9.2009 0.2532 0.0322 0.0322 0.0328
v 11.6755 -9.2589 0.2490 0.0567 0.0567 0.0578
v 11.7480 -9.2233 0.2446 0.1829 0.1829 0.1866
v 11.7982 -9.1814 0.1875 0.3806 0.3806 0.3896
v 11.7862 -9.0835 0.1996 0.4600 0.4600 0.4710
v 11.6824 -9.0676 0.2173 0.4697 0.4697 0.4809
v 11.5104 -9.0514 0.2135 0.2964 0.2964 0.3035
v 11.5726 -9.1991 0.2043 0.0300 0.0300 0.0300
v 11.6272 -9.3129 0.1947 0.0300 0.0300 0.0300
v 11.7647 -9.2872 0.1893 0.0490 0.0490 0.0502
v 13.3759 -12.4263 -0.0966 0.1711 0.1711 0.1745
v 13.4557 -12.4196 -0.1237 0.2167 0.2167 0.2211
v 13.4195 -12.3864 -0.1258 0.3124 0.3124 0.3187
v 13.3779 -12.3864 -0.1182 0.2958 0.2958 0.3017
v 13.3396 -12.3976 -0.1202 0.1100 0.1100 0.1122
v 13.3379 -12.4319 -0.1289 0.0442 0.0442 0.0451
v 13.3711 -12.4536 -0.1307 0.0349 0.0349 0.0356
v 13.4061 -12.4399 -0.1324 0.0325 0.0325 0.0332
v 13.5272 -12.4183 -0.1625 0.1856 0.1856 0.1893
v 13.4567 -12.3490 -0.1519 0.2816 0.2816 0.2872
v 13.3699 -12.3630 -0.1515 0.3027 0.3027 0.3088
v 13.2874 -12.3792 -0.1569 0.1576 0.1576 0.1608
v 13.3067 -12.4447 -0.1647 0.0384 0.0384 0.0392
v 13.3627 -12.4866 -0.1722 0.0368 0.0368 0.0376
v 13.4229 -12.4548 -0.1715 0.0439 0.0439 0.0448
v 13.6141 -12.4333 -0.2254 0.2013 0.2013 0.2061
v 13.5114 -12.3151 -0.1994 0.4824 0.4824 0.4939
v 13.3670 -12.3132 -0.1991 0.4156 0.4156 0.4254
v 13.2460 -12.3522 -0.2071 0.0771 0.0771 0.0789
v 13.2231 -12.4631 -0.2241 0.0300 0.0300 0.0300
v 13.3314 -12.5419 -0.2357 0.0300 0.0300 0.0300
v 13.4440 -12.4866 -0.2301 0.0300 0.0300 0.0300
v 17.4067 -10.5251 -0.2725 0.2063 0.2063 0.2104
v 17.4526 -10.5069 -0.2917 0.2708 0.2708 0.2762
v 17.4288 -10.4881 -0.2937 0.3580 0.3580 0.3651
v 17.4025 -10.4773 -0.2880 0.2671 0.2671 0.2724
v 17.3854 -10.5009 -0.2866 0.1638 0.1638 0.1671
v 17.3767 -10.5342 -0.2872 0.0826 0.0826 0.0843
v 17.4079 -10.5646 -0.2977 0.1300 0.1300 0.1326
v 17.4472 -10.5441 -0.3005 0.1582 0.1582 0.1613
v 17.4888 -10.5102 -0.3219 0.3334 0.3334 0.3400
v 17.4522 -10.4626 -0.3131 0.3771 0.3771 0.3847
v 17.3994 -10.4498 -0.3062 0.2751 0.2751 0.2806
v 17.3611 -10.4864 -0.3082 0.1060 0.1060 0.1082
v 17.3290 -10.5530 -0.3069 0.0772 0.0772 0.0788
v 17.3910 -10.6174 -0.3145 0.0972 0.0972 0.0991
v 17.4682 -10.5768 -0.3226 0.1901 0.1901 0.1939
v 17.5434 -10.4921 -0.3624 0.4011 0.4011 0.4107
v 17.4646 -10.4248 -0.3517 0.5035 0.5035 0.5155
v 17.3700 -10.3982 -0.3417 0.3889 0.3889 0.3981
v 17.3312 -10.4853 -0.3429 0.0421 0.0421 0.0431
v 17.2965 -10.5902 -0.3454 0.0300 0.0300 0.0300
v 17.4016 -10.6712 -0.3600 0.0300 0.0300 0.0300
v 17.5240 -10.6128 -0.3672 0.2271 0.2271 0.2325
v 15.8226 -6.8248 0.0095 0.2176 0.2176 0.2219
v 15.8599 -6.8081 -0.0311 0.3399 0.3399 0.3467
v 15.8308 -6.7763 -0.0242 0.3430 0.3430 0.3498
v 15.7935 -6.7781 -0.0129 0.2852 0.2852 0.2909
v 15.7776 -6.8029 -0.0076 0.2137 0.2137 0.2180
v 15.7603 -6.8386 -0.0081 0.1208 0.1208 0.1232
v 15.7997 -6.8543 -0.0134 0.1053 0.1053 0.1074
v 15.8463 -6.8531 -0.0211 0.1787 0.1787 0.1823
v 15.9248 -6.8298 -0.0645 0.2749 0.2749 0.2804
v 15.8681 -6.7577 -0.0609 0.3810 0.3810 0.3886
v 15.7998 -6.7413 -0.0539 0.3141 0.3141 0.3204
v 15.7487 -6.7761 -0.0372 0.1495 0.1495 0.1525
v 15.7074 -6.8416 -0.0178 0.1099 0.1099 0.1121
v 15.7728 -6.8919 -0.0232 0.1034 0.1034 0.1055
v 15.8572 -6.8975 -0.0388 0.1429 0.1429 0.1458
v 15.9801 -6.7919 -0.1221 0.3472 0.3472 0.3555
v 15.8790 -6.6985 -0.1145 0.4984 0.4984 0.5103
v 15.7631 -6.7026 -0.0964 0.4355 0.4355 0.4459
v 15.6924 -6.7769 -0.0738 0.0801 0.0801 0.0821
v 15.6749 -6.8930 -0.0478 0.0300 0.0300 0.0300
v 15.7892 -6.9697 -0.0578 0.0339 0.0339 0.0347
v 15.9421 -6.9389 -0.0977 0.2320 0.2320 0.2376
v -8.3586 -13.4397 0.0874 0.2452 0.2452 0.2501
v -8.3202 -13.4281 0.0646 0.4320 0.4320 0.4407
v -8.3415 -13.3992 0.0615 0.3595 0.3595 0.3667
v -8.3742 -13.3883 0.0556 0.2902 0.2902 0.2960
v -8.3945 -13.4193 0.0628 0.1024 0.1024 0.1045
v -8.3814 -13.4472 0.0693 0.0399 0.0399 0.0407
v -8.3638 -13.4618 0.0781 0.0462 0.0462 0.0471
v -8.3291 -13.4689 0.0813 0.2250 0.2250 0.2295
v -8.2862 -13.4334 0.0527 0.3658 0.3658 0.3731
v -8.3144 -13.3686 0.0359 0.4139 0.4139 0.4222
v -8.3789 -13.3407 0.0345 0.2978 0.2978 0.3038
v -8.4184 -13.4013 0.0368 0.1243 0.1243 0.1268
v -8.4036 -13.4558 0.0521 0.0402 0.0402 0.0410
v -8.3748 -13.5006 0.0553 0.0503 0.0503 0.0513
v -8.3136 -13.4999 0.0604 0.1759 0.1759 0.1794
v -8.2425 -13.4399 0.0145 0.3806 0.3806 0.3897
v -8.2813 -13.3325 0.0012 0.4911 0.4911 0.5028
v -8.3898 -13.2445 0.0028 0.3654 0.3654 0.3741
v -8.4661 -13.3680 -0.0073 0.0444 0.0444 0.0454
v -8.4460 -13.4729 0.0149 0.0300 0.0300 0.0300
v -8.3886 -13.5430 -0.0059 0.0300 0.0300 0.0300
v -8.2745 -13.5681 -0.0214 0.0371 0.0371 0.0379
v -8.1287 -14.1832 0.0518 0.2055 0.2055 0.2096
v -8.0905 -14.1742 0.0261 0.2780 0.2780 0.2835
v -8.0967 -14.1340 0.0317 0.3457 0.3457 0.3527
v -8.1328 -14.1349 0.0453 0.2028 0.2028 0.2069
v -8.1447 -14.1692 0.0294 0.0608 0.0608 0.0621
v -8.1573 -14.2104 0.0156 0.0438 0.0438 0.0446
v -8.1225 -14.2366 0.0184 0.0793 0.0793 0.0809
v -8.0895 -14.2119 0.0193 0.3109 0.3109 0.3171
v -8.0713 -14.1827 -0.0040 0.2923 0.2923 0.2981
v -8.0618 -14.1037 0.0139 0.3990 0.3990 0.4070
v -8.1328 -14.0742 0.0293 0.2697 0.2697 0.2751
v -8.1657 -14.1472 0.0167 0.0580 0.0580 0.0592
v -8.2059 -14.2216 -0.0100 0.0454 0.0454 0.0463
v -8.1455 -14.2880 -0.0198 0.0597 0.0597 0.0608
v -8.0649 -14.2716 -0.0136 0.2069 0.2069 0.2111
v -8.0235 -14.1733 -0.0531 0.4053 0.4053 0.4150
v -8.0352 -14.0393 -0.0231 0.3846 0.3846 0.3938
v -8.1578 -14.0124 -0.0359 0.3500 0.3500 0.3583
v -8.2050 -14.1354 -0.0257 0.0300 0.0300 0.0300
v -8.2587 -14.2710 -0.0623 0.0300 0.0300 0.0300
v -8.1462 -14.3683 -0.0685 0.0300 0.0300 0.0300
v -8.0158 -14.3189 -0.0645 0.0559 0.0559 0.0573
v 12.0375 -6.7197 0.0916 0.2814 0.2814 0.2870
v 12.0653 -6.7225 0.0728 0.3081 0.3081 0.3142
v 12.0488 -6.7142 0.0751 0.3911 0.3911 0.3989
v 12.0334 -6.7114 0.0801 0.3265 0.3265 0.3331
v 12.0160 -6.7204 0.0863 0.1939 0.1939 0.1978
v 12.0265 -6.7348 0.0853 0.1147 0.1147 0.1170
v 12.0397 -6.7502 0.0796 0.1423 0.1423 0.1452
v 12.0603 -6.7401 0.0747 0.2128 0.2128 0.2170
v 12.0906 -6.7331 0.0549 0.3111 0.3111 0.3173
v 12.0675 -6.7066 0.0601 0.3940 0.3940 0.4019
v 12.0387 -6.6927 0.0669 0.3841 0.3841 0.3918
v 12.0011 -6.7027 0.0783 0.2133 0.2133 0.2175
v 12.0021 -6.7354 0.0796 0.0705 0.0705 0.0719
v 12.0216 -6.7651 0.0767 0.1032 0.1032 0.1053
v 12.0652 -6.7623 0.0612 0.1473 0.1473 0.1502
v 12.1314 -6.7165 0.0200 0.3731 0.3731 0.3819
v 12.0672 -6.6904 0.0294 0.5189 0.5189 0.5312
v 12.0212 -6.6816 0.0430 0.4680 0.4680 0.4791
v 11.9650 -6.7053 0.0556 0.0769 0.0769 0.0787
v 11.9926 -6.7522 0.0549 0.0300 0.0300 0.0300
v 12.0316 -6.8071 0.0440 0.0300 0.0300 0.0300
v 12.1090 -6.7806 0.0275 0.2122 0.2122 0.2173
v 11.0370 -6.7492 0.1758 0.2877 0.2877 0.2935
v 11.0807 -6.7638 0.1517 0.3503 0.3503 0.3573
v 11.0602 -6.7251 0.1440 0.3543 0.3543 0.3613
v 11.0106 -6.7022 0.1378 0.2971 0.2971 0.3031
v 10.9691 -6.7434 0.1401 0.1896 0.1896 0.1934
v 10.9672 -6.8037 0.1436 0.0887 0.0887 0.0905
v 11.0238 -6.8138 0.1368 0.0559 0.0559 0.0570
v 11.0811 -6.8210 0.1571 0.2100 0.2100 0.2142
v 11.1323 -6.7702 0.1353 0.4106 0.4106 0.4188
v 11.0974 -6.6896 0.1224 0.4476 0.4476 0.4565
v 11.0047 -6.6376 0.1059 0.3888 0.3888 0.3966
v 10.9125 -6.7072 0.1125 0.1823 0.1823 0.1859
v 10.9022 -6.8244 0.1092 0.0712 0.0712 0.0726
v 11.0070 -6.8592 0.1047 0.0545 0.0545 0.0555
v 11.1185 -6.8823 0.1310 0.2243 0.2243 0.2287
v 11.1978 -6.7476 0.0697 0.4356 0.4356 0.4460
v 11.1199 -6.6253 0.0752 0.4874 0.4874 0.4990
v 10.9538 -6.5552 0.0593 0.4140 0.4140 0.4239
v 10.8016 -6.6902 0.0649 0.0696 0.0696 0.0713
v 10.8419 -6.8867 0.0584 0.0300 0.0300 0.0300
v 11.0160 -6.9078 0.0561 0.0300 0.0300 0.0300
v 11.2305 -6.9614 0.0722 0.1765 0.1765 0.1807
v -3.9061 15.8699 0.1778 0.1976 0.1976 0.2016
v -3.8268 15.8831 0.1306 0.2925 0.2925 0.2983
v -3.8605 15.9475 0.1564 0.2685 0.2685 0.2739
v -3.9282 15.9531 0.1748 0.3003 0.3003 0.3063
v -3.9640 15.8929 0.1811 0.1409 0.1409 0.1438
v -3.9423 15.8372 0.1501 0.0376 0.0376 0.0383
v -3.9040 15.7991 0.1238 0.0609 0.0609 0.0621
v -3.8513 15.8200 0.1262 0.1727 0.1727 0.1762
v -3.7544 15.8719 0.0854 0.2861 0.2861 0.2918
v -3.7995 16.0152 0.1163 0.2761 0.2761 0.2816
v -3.9337 16.0343 0.1667 0.2412 0.2412 0.2460
v -4.0414 15.9464 0.1755 0.1388 0.1388 0.1415
v -3.9939 15.8178 0.1192 0.0369 0.0369 0.0376
v -3.9225 15.7515 0.0863 0.0500 0.0500 0.0510
v -3.8194 15.7585 0.0782 0.1394 0.1394 0.1421
v -3.6649 15.8376 0.0338 0.3211 0.3211 0.3288
v -3.7002 16.0920 0.0580 0.4086 0.4086 0.4184
v -3.9258 16.1637 0.1177 0.3822 0.3822 0.3913
v -4.1247 16.0351 0.0671 0.0567 0.0567 0.0580
v -4.0656 15.8068 0.0849 0.0300 0.0300 0.0300
v -3.9682 15.6551 0.0225 0.0300 0.0300 0.0300
v -3.7699 15.6307 0.0208 0.0487 0.0487 0.0499
v -5.0134 17.0391 0.1442 0.2754 0.2754 0.2809
v -4.9974 17.0337 0.1315 0.3380 0.3380 0.3448
v -4.9992 17.0648 0.1249 0.4117 0.4117 0.4199
v -5.0297 17.0755 0.1276 0.2909 0.2909 0.2967
v -5.0547 17.0539 0.1257 0.1213 0.1213 0.1237
v -5.0614 17.0176 0.1209 0.0602 0.0602 0.0614
v -5.0326 16.9987 0.1299 0.1017 0.1017 0.1037
v -5.0053 17.0080 0.1346 0.2065 0.2065 0.2107
v -4.9706 17.0421 0.1126 0.3157 0.3157 0.3220
v -4.9802 17.1114 0.1080 0.3138 0.3138 0.3200
v -5.0487 17.1125 0.1022 0.2735 0.2735 0.2790
v -5.0928 17.0610 0.0965 0.1267 0.1267 0.1292
v -5.0894 16.9889 0.0989 0.0455 0.0455 0.0464
v -5.0295 16.9686 0.1137 0.0630 0.0630 0.0643
v -4.9778 16.9865 0.1214 0.2462 0.2462 0.2511
v -4.9302 17.0469 0.0863 0.4233 0.4233 0.4334
v -4.9550 17.1545 0.0727 0.4544 0.4544 0.4652
v -5.0657 17.1665 0.0630 0.3628 0.3628 0.3714
v -5.1408 17.0796 0.0590 0.0470 0.0470 0.0482
v -5.1262 16.9640 0.0626 0.0300 0.0300 0.0300
v -5.0349 16.9183 0.0804 0.0300 0.0300 0.0300
v -4.9528 16.9587 0.0960 0.1769 0.1769 0.1811
v -2.4731 10.3226 0.1585 0.2187 0.2187 0.2231
v -2.4252 10.3367 0.1314 0.3150 0.3150 0.3213
v -2.4527 10.3611 0.1312 0.3473 0.3473 0.3543
v -2.4805 10.3695 0.1352 0.3236 0.3236 0.3300
v -2.5138 10.3538 0.1362 0.1886 0.1886 0.1924
v -2.5110 10.3130 0.1334 0.0612 0.0612 0.0624
v -2.4778 10.2989 0.1258 0.0431 0.0431 0.0440
v -2.4441 10.3021 0.1319 0.1369 0.1369 0.1396
v -2.3813 10.3198 0.1025 0.2524 0.2524 0.2575
v -2.4244 10.3791 0.1015 0.4061 0.4061 0.4142
v -2.4760 10.4073 0.1009 0.3013 0.3013 0.3073
v -2.5433 10.3866 0.1073 0.1552 0.1552 0.1583
v -2.5632 10.3065 0.1120 0.0616 0.0616 0.0629
v -2.4957 10.2724 0.1012 0.0375 0.0375 0.0383
v -2.4345 10.2672 0.1025 0.1148 0.1148 0.1171
v -2.3205 10.3574 0.0584 0.3080 0.3080 0.3153
v -2.4171 10.4308 0.0553 0.4948 0.4948 0.5065
v -2.5130 10.4467 0.0604 0.4436 0.4436 0.4542
v -2.5976 10.3760 0.0710 0.0668 0.0668 0.0684
v -2.5894 10.2526 0.0631 0.0300 0.0300 0.0300
v -2.4807 10.2158 0.0596 0.0300 0.0300 0.0300
v -2.3759 10.2419 0.0663 0.1537 0.1537 0.1574
v -3.9302 11.1524 0.1911 0.2020 0.2020 0.2060
v -3.8859 11.1651 0.1677 0.3800 0.3800 0.3876
v -3.8935 11.2104 0.1673 0.3033 0.3033 0.3093
v -3.9416 11.2042 0.1571 0.2040 0.2040 0.2081
v -3.9787 11.1834 0.1468 0.0867 0.0867 0.0884
v -3.9697 11.1434 0.1571 0.0338 0.0338 0.0345
v -3.9392 11.1168 0.1738 0.0555 0.0555 0.0566
v -3.9024 11.1332 0.1831 0.1645 0.1645 0.1678
v -3.8276 11.1635 0.1544 0.2708 0.2708 0.2763
v -3.8597 11.2470 0.1311 0.3561 0.3561 0.3632
v -3.9503 11.2476 0.1106 0.2885 0.2885 0.2943
v -4.0383 11.2128 0.1029 0.1313 0.1313 0.1339
v -4.0113 11.1262 0.1203 0.0405 0.0405 0.0413
v -3.9509 11.0763 0.1490 0.0397 0.0397 0.0405
v -3.8757 11.0990 0.1527 0.1152 0.1152 0.1176
v -3.7712 11.1369 0.0984 0.2827 0.2827 0.2895
v -3.7653 11.3012 0.0966 0.4121 0.4121 0.4219
v -3.9372 11.2995 0.0557 0.4105 0.4105 0.4202
v -4.1058 11.2832 0.0394 0.2686 0.2686 0.2750
v -4.0746 11.1248 0.0614 0.0300 0.0300 0.0300
v -3.9953 11.0164 0.1067 0.0300 0.0300 0.0300
v -3.8657 11.0517 0.1065 0.0300 0.0300 0.0300
v 3.5425 7.4522 0.2826 0.1548 0.1548 0.1579
v 3.5710 7.4688 0.2570 0.2191 0.2191 0.2235
v 3.5754 7.5347 0.2682 0.2311 0.2311 0.2358
v 3.5119 7.5375 0.2760 0.1574 0.1574 0.1606
v 3.4771 7.4981 0.2595 0.0699 0.0699 0.0713
v 3.4784 7.4519 0.2565 0.0412 0.0412 0.0420
v 3.5041 7.4020 0.2528 0.0672 0.0672 0.0686
v 3.5502 7.4305 0.2587 0.1624 0.1624 0.1657
v 3.6275 7.4737 0.2351 0.2243 0.2243 0.2288
v 3.6061 7.5873 0.2607 0.2183 0.2183 0.2226
v 3.4935 7.5958 0.2599 0.1572 0.1572 0.1603
v 3.4287 7.5172 0.2237 0.0504 0.0504 0.0514
v 3.4299 7.4216 0.2202 0.0394 0.0394 0.0402
v 3.4953 7.3314 0.2268 0.0736 0.0736 0.0750
v 3.5762 7.4030 0.2316 0.1435 0.1435 0.1464
v 3.6924 7.4531 0.1918 0.3109 0.3109 0.3183
v 3.6977 7.6614 0.1877 0.4209 0.4209 0.4310
v 3.4973 7.6902 0.1756 0.3825 0.3825 0.3916
v 3.3779 7.5659 0.1800 0.0373 0.0373 0.0382
v 3.3769 7.4155 0.1722 0.0300 0.0300 0.0300
v 3.4497 7.2423 0.1847 0.0300 0.0300 0.0300
v 3.6071 7.3320 0.1889 0.0598 0.0598 0.0612
v 3.7301 8.3223 0.3036 0.2841 0.2841 0.2898
v 3.7827 8.3261 0.2737 0.3572 0.3572 0.3644
v 3.7654 8.3518 0.2635 0.3778 0.3778 0.3854
v 3.7304 8.3815 0.2593 0.2871 0.2871 0.2928
v 3.7061 8.3457 0.2677 0.1666 0.1666 0.1699
v 3.6896 8.3167 0.2755 0.0656 0.0656 0.0669
v 3.7244 8.2996 0.2853 0.0453 0.0453 0.0462
v 3.7675 8.2930 0.2880 0.2246 0.2246 0.2291
v 3.8265 8.3420 0.2343 0.3914 0.3914 0.3992
v 3.7742 8.3820 0.2283 0.4862 0.4862 0.4959
v 3.6856 8.4291 0.2204 0.3409 0.3409 0.3477
v 3.6671 8.3461 0.2419 0.1201 0.1201 0.1225
v 3.6574 8.2850 0.2297 0.0458 0.0458 0.0467
v 3.7334 8.2665 0.2460 0.0527 0.0527 0.0537
v 3.8200 8.2724 0.2585 0.2257 0.2257 0.2302
v 3.9004 8.3436 0.1763 0.4803 0.4803 0.4918
v 3.8030 8.4105 0.1720 0.5303 0.5303 0.5429
v 3.6724 8.4808 0.1626 0.4018 0.4018 0.4114
v 3.6196 8.3634 0.1957 0.0356 0.0356 0.0364
v 3.5812 8.2537 0.1691 0.0300 0.0300 0.0300
v 3.7229 8.2319 0.1763 0.0300 0.0300 0.0300
v 3.8691 8.2252 0.2182 0.1817 0.1817 0.1861
v -5.3448 -14.0103 0.1770 0.2104 0.2104 0.2146
v -5.3010 -14.0121 0.1287 0.3065 0.3065 0.3126
v -5.3260 -13.9747 0.1445 0.3344 0.3344 0.3410
v -5.3593 -13.9366 0.1539 0.1893 0.1893 0.1931
v -5.3868 -13.9804 0.1481 0.0905 0.0905 0.0924
v -5.3963 -14.0212 0.1531 0.0652 0.0652 0.0665
v -5.3673 -14.0487 0.1414 0.0370 0.0370 0.0378
v -5.3175 -14.0704 0.1316 0.1450 0.1450 0.1479
v -5.2655 -14.0196 0.0663 0.2850 0.2850 0.2907
v -5.2945 -13.9433 0.0871 0.3120 0.3120 0.3182
v -5.3623 -13.8680 0.1218 0.2228 0.2228 0.2273
v -5.4142 -13.9579 0.1220 0.0864 0.0864 0.0881
v -5.4355 -14.0334 0.1128 0.0361 0.0361 0.0368
v -5.3818 -14.0871 0.0924 0.0347 0.0347 0.0354
v -5.2925 -14.1234 0.0868 0.1551 0.1551 0.1582
v -5.1904 -14.0160 -0.0190 0.4362 0.4362 0.4466
v -5.2672 -13.8972 0.0193 0.4921 0.4921 0.5038
v -5.3874 -13.7709 0.0782 0.4243 0.4243 0.4344
v -5.4801 -13.9247 0.0835 0.0492 0.0492 0.0503
v -5.4789 -14.0627 0.0694 0.0300 0.0300 0.0300
v -5.3893 -14.1436 0.0308 0.0300 0.0300 0.0300
v -5.2114 -14.2326 0.0041 0.0494 0.0494 0.0506
v -6.7977 -12.8300 0.1568 0.2158 0.2158 0.2202
v -6.7572 -12.8277 0.1308 0.3811 0.3811 0.3888
v -6.7634 -12.7886 0.1300 0.2952 0.2952 0.3011
v -6.7972 -12.7850 0.1161 0.2331 0.2331 0.2378
v -6.8196 -12.8096 0.1172 0.1105 0.1105 0.1128
v -6.8185 -12.8441 0.1268 0.0431 0.0431 0.0440
v -6.7981 -12.8718 0.1353 0.0564 0.0564 0.0575
v -6.7669 -12.8619 0.1475 0.2219 0.2219 0.2263
v -6.7194 -12.8353 0.1150 0.3242 0.3242 0.3306
v -6.7362 -12.7606 0.1010 0.3555 0.3555 0.3626
v -6.7978 -12.7518 0.0938 0.2760 0.2760 0.2815
v -6.8423 -12.7891 0.0931 0.1542 0.1542 0.1573
v -6.8553 -12.8571 0.0927 0.0483 0.0483 0.0493
v -6.8132 -12.9150 0.1143 0.0781 0.0781 0.0797
v -6.7525 -12.8954 0.1225 0.1964 0.1964 0.2004
v -6.6842 -12.8472 0.0825 0.3912 0.3912 0.4005
v -6.6867 -12.7136 0.0497 0.4728 0.4728 0.4841
v -6.7976 -12.6866 0.0379 0.3918 0.3918 0.4012
v -6.8749 -12.7564 0.0387 0.1923 0.1923 0.1969
v -6.8953 -12.8662 0.0455 0.0300 0.0300 0.0300
v -6.8402 -12.9814 0.0746 0.0300 0.0300 0.0300
v -6.7281 -12.9571 0.1007 0.0558 0.0558 0.0571
v 17.9595 -3.7000 0.1259 0.2810 0.2810 0.2894
v 17.9908 -3.7164 0.0712 0.4215 0.4215 0.4342
v 17.9716 -3.6597 0.0889 0.3611 0.3611 0.3719
v 17.9106 -3.6389 0.0925 0.3135 0.3135 0.3229
v 17.8466 -3.6930 0.0875 0.1210 0.1210 0.1246
v 17.8732 -3.7819 0.0839 0.0660 0.0660 0.0680
v 17.9355 -3.8138 0.0864 0.1119 0.1119 0.1153
v 18.0144 -3.8064 0.0706 0.2458 0.2458 0.2532
v 18.0518 -3.7404 0.0342 0.3431 0.3431 0.3534
v 18.0288 -3.6194 0.0303 0.4106 0.4106 0.4229
v 17.9187 -3.5075 0.0345 0.3539 0.3539 0.3645
v 17.7937 -3.6175 0.0377 0.1454 0.1454 0.1498
v 17.7746 -3.7963 0.0254 0.0510 0.0510 0.0526
v 17.8901 -3.8999 0.0218 0.0417 0.0417 0.0430
v 18.0503 -3.9328 0.0129 0.2281 0.2281 0.2349
v 18.1229 -3.7591 -0.0439 0.4088 0.4088 0.4185
v 18.0914 -3.5591 -0.0343 0.4642 0.4642 0.4753
v 17.9195 -3.3928 -0.0250 0.4398 0.4398 0.4503
v 17.6874 -3.5202 -0.0268 0.2451 0.2451 0.2509
v 17.6696 -3.8254 -0.0412 0.0300 0.0300 0.0300
v 17.8450 -4.0148 -0.0552 0.0300 0.0300 0.0300
v 18.0953 -4.0471 -0.0584 0.0462 0.0462 0.0473
v 8.8746 2.2946 -0.0009 0.1186 0.1186 0.1221
v 8.9427 2.2798 -0.0179 0.1907 0.1907 0.1965
v 8.9326 2.3247 -0.0215 0.2074 0.2074 0.2136
v 8.8786 2.3571 -0.0470 0.1493 0.1493 0.1538
v 8.8274 2.3196 -0.0781 0.0460 0.0460 0.0474
v 8.8151 2.2666 -0.0917 0.0308 0.0308 0.0318
v 8.8604 2.2279 -0.0647 0.0300 0.0300 0.0300
v 8.9270 2.2274 -0.0313 0.0890 0.0890 0.0916
v 8.9943 2.2798 -0.0213 0.1496 0.1496 0.1541
v 8.9615 2.3569 -0.0402 0.2123 0.2123 0.2187
v 8.8614 2.4230 -0.0980 0.1596 0.1596 0.1644
v 8.7585 2.3491 -0.1515 0.0488 0.0488 0.0503
v 8.7609 2.2438 -0.1665 0.0300 0.0300 0.0300
v 8.8498 2.1844 -0.1127 0.0300 0.0300 0.0300
v 8.9893 2.1572 -0.0252 0.0881 0.0881 0.0907
v 9.0928 2.2982 -0.0122 0.2882 0.2882 0.2951
v 8.9929 2.4187 -0.0799 0.4085 0.4085 0.4182
v 8.8056 2.5173 -0.1747 0.2978 0.2978 0.3049
v 8.6871 2.3552 -0.2563 0.0300 0.0300 0.0300
v 8.6620 2.1776 -0.2801 0.0300 0.0300 0.0300
v 8.8503 2.0945 -0.1822 0.0300 0.0300 0.0300
v 9.0688 2.1141 -0.0245 0.0341 0.0341 0.0349
v 11.1495 3.4915 0.4878 0.1435 0.1435 0.1478
v 11.2659 3.4952 0.3950 0.2060 0.2060 0.2121
v 11.2102 3.5917 0.4308 0.2806 0.2806 0.2890
v 11.0993 3.6046 0.3926 0.1515 0.1515 0.1561
v 11.0323 3.5156 0.4014 0.0727 0.0727 0.0749
v 11.0333 3.4000 0.3814 0.0352 0.0352 0.0362
v 11.1357 3.3598 0.3853 0.0478 0.0478 0.0492
v 11.1984 3.4253 0.4105 0.1164 0.1164 0.1199
v 11.3706 3.4926 0.2637 0.2273 0.2273 0.2341
v 11.2848 3.6857 0.2934 0.2819 0.2819 0.2904
v 11.0724 3.7353 0.3259 0.1565 0.1565 0.1612
v 10.9263 3.5705 0.2777 0.0586 0.0586 0.0603
v 10.9202 3.3458 0.2399 0.0357 0.0357 0.0368
v 11.1114 3.2593 0.2939 0.0426 0.0426 0.0439
v 11.2506 3.3568 0.3177 0.1165 0.1165 0.1200
v 11.5748 3.4394 0.0199 0.3558 0.3558 0.3643
v 11.4338 3.7950 0.0576 0.5014 0.5014 0.5134
v 11.0836 3.9384 0.2204 0.3879 0.3879 0.3971
v 10.8277 3.6737 0.1349 0.0360 0.0360 0.0368
v 10.7167 3.3078 0.0566 0.0300 0.0300 0.0300
v 11.0194 3.0674 0.1175 0.0300 0.0300 0.0300
v 11.2981 3.2389 0.2052 0.0429 0.0429 0.0440
v 10.8071 -1.2615 0.1999 0.3358 0.3358 0.3459
v 10.8942 -1.2160 0.0795 0.4137 0.4137 0.4261
v 10.8310 -1.1491 0.0704 0.3609 0.3609 0.3717
v 10.7350 -1.1294 0.1173 0.3159 0.3159 0.3253
v 10.6534 -1.1974 0.2016 0.1638 0.1638 0.1687
v 10.7154 -1.2737 0.1865 0.1246 0.1246 0.1283
v 10.7727 -1.3255 0.2023 0.2256 0.2256 0.2324
v 10.8815 -1.3191 0.1447 0.3518 0.3518 0.3624
v 11.0179 -1.2202 -0.0375 0.4353 0.4353 0.4484
v 10.8843 -1.0961 -0.0451 0.4385 0.4385 0.4516
v 10.7130 -1.0193 0.0214 0.3754 0.3754 0.3866
v 10.5351 -1.1392 0.1557 0.2343 0.2343 0.2413
v 10.6632 -1.2922 0.1706 0.0917 0.0917 0.0945
v 10.7450 -1.4219 0.1863 0.1487 0.1487 0.1532
v 10.9464 -1.4050 0.0898 0.2844 0.2844 0.2930
v 11.1649 -1.1716 -0.2041 0.5031 0.5031 0.5151
v 10.9266 -0.9860 -0.1900 0.5312 0.5312 0.5438
v 10.6172 -0.8716 -0.0800 0.5056 0.5056 0.5177
v 10.3266 -1.1126 0.1161 0.1006 0.1006 0.1030
v 10.5731 -1.3685 0.1265 0.0397 0.0397 0.0406
v 10.7599 -1.5661 0.1399 0.0430 0.0430 0.0440
v 11.1192 -1.5125 0.0182 0.3989 0.3989 0.4084
v 7.8203 1.7559 -0.2819 0.1898 0.1898 0.1955
v 7.8892 1.7533 -0.3283 0.3282 0.3282 0.3381
v 7.8696 1.8164 -0.3292 0.3249 0.3249 0.3347
v 7.8058 1.8052 -0.3245 0.2235 0.2235 0.2302
v 7.7787 1.7669 -0.3363 0.1362 0.1362 0.1402
v 7.7650 1.7172 -0.3137 0.0742 0.0742 0.0764
v 7.8150 1.7044 -0.3149 0.0562 0.0562 0.0579
v 7.8701 1.6966 -0.3235 0.1830 0.1830 0.1885
v 7.9558 1.7398 -0.3724 0.2936 0.2936 0.3025
v 7.9311 1.8671 -0.3876 0.3742 0.3742 0.3855
v 7.8038 1.8681 -0.3905 0.2646 0.2646 0.2725
v 7.7392 1.7965 -0.3771 0.1340 0.1340 0.1380
v 7.6775 1.6918 -0.3405 0.0998 0.0998 0.1027
v 7.7956 1.6614 -0.3497 0.0316 0.0316 0.0325
v 7.9018 1.6342 -0.3487 0.1887 0.1887 0.1944
v 8.0451 1.7696 -0.4358 0.4170 0.4170 0.4270
v 7.9643 1.9644 -0.4574 0.4647 0.4647 0.4758
v 7.7497 1.9705 -0.4536 0.3629 0.3629 0.3715
v 7.6782 1.8028 -0.4333 0.0647 0.0647 0.0662
v 7.5962 1.6140 -0.3806 0.0415 0.0415 0.0425
v 7.8013 1.5923 -0.3939 0.0300 0.0300 0.0300
v 7.9907 1.5744 -0.3937 0.1717 0.1717 0.1758
v 19.1181 -2.6392 0.2117 0.1680 0.1680 0.1730
v 19.2336 -2.6691 0.1429 0.2505 0.2505 0.2580
v 19.2281 -2.5635 0.1560 0.2480 0.2480 0.2554
v 19.1386 -2.5700 0.1550 0.1711 0.1711 0.1762
v 19.0810 -2.6086 0.1363 0.0895 0.0895 0.0922
v 19.0476 -2.6967 0.1598 0.0523 0.0523 0.0539
v 19.1054 -2.7916 0.1306 0.0653 0.0653 0.0673
v 19.1917 -2.7415 0.1561 0.1601 0.1601 0.1649
v 19.3307 -2.6676 0.0714 0.2333 0.2333 0.2403
v 19.2983 -2.4570 0.0641 0.2998 0.2998 0.3088
v 19.1202 -2.4834 0.0815 0.2305 0.2305 0.2374
v 19.0142 -2.5735 0.0684 0.1147 0.1147 0.1182
v 18.9531 -2.7522 0.0769 0.0434 0.0434 0.0447
v 19.0776 -2.9432 0.0592 0.0906 0.0906 0.0933
v 19.2573 -2.8357 0.0538 0.1268 0.1268 0.1306
v 19.4559 -2.6151 -0.0335 0.3505 0.3505 0.3589
v 19.3789 -2.2232 -0.0244 0.4157 0.4157 0.4256
v 19.0479 -2.3335 -0.0150 0.3429 0.3429 0.3510
v 18.8906 -2.5544 -0.0143 0.0565 0.0565 0.0578
v 18.8423 -2.8816 -0.0222 0.0300 0.0300 0.0300
v 19.1025 -3.1314 -0.0404 0.0314 0.0314 0.0321
v 19.3560 -2.8984 -0.0424 0.2342 0.2342 0.2397
v 11.3084 -1.0817 -0.0830 0.2790 0.2790 0.2874
v 11.4229 -1.0651 -0.1688 0.2838 0.2838 0.2923
v 11.3674 -0.9933 -0.1639 0.3970 0.3970 0.4089
v 11.2926 -0.9414 -0.1831 0.2892 0.2892 0.2979
v 11.2330 -1.0104 -0.1231 0.2231 0.2231 0.2298
v 11.1930 -1.0982 -0.1012 0.1781 0.1781 0.1834
v 11.2793 -1.1439 -0.1094 0.1321 0.1321 0.1360
v 11.3790 -1.1613 -0.1275 0.2259 0.2259 0.2327
v 11.5246 -1.0377 -0.2429 0.3874 0.3874 0.3990
v 11.3910 -0.9329 -0.2431 0.3186 0.3186 0.3282
v 11.2339 -0.8200 -0.2438 0.3276 0.3276 0.3374
v 11.1389 -0.9900 -0.1864 0.2239 0.2239 0.2306
v 11.1174 -1.1659 -0.1127 0.2295 0.2295 0.2364
v 11.2825 -1.2309 -0.1258 0.2042 0.2042 0.2103
v 11.4843 -1.2415 -0.1715 0.2476 0.2476 0.2550
v 11.7334 -1.0506 -0.3414 0.4648 0.4648 0.4759
v 11.4622 -0.8588 -0.3607 0.5220 0.5220 0.5344
v 11.2207 -0.6914 -0.3525 0.4509 0.4509 0.4616
v 11.0515 -0.9353 -0.2543 0.0912 0.0912 0.0934
v 10.9191 -1.2462 -0.0662 0.1071 0.1071 0.1097
v 11.2370 -1.3805 -0.1130 0.0992 0.0992 0.1016
v 11.5640 -1.3671 -0.1986 0.1040 0.1040 0.1065
v 6.0957 7.7458 0.4443 0.1747 0.1747 0.1799
v 6.1528 7.7409 0.4078 0.2535 0.2535 0.2612
v 6.1353 7.7810 0.3878 0.2656 0.2656 0.2735
v 6.0877 7.7935 0.4024 0.1997 0.1997 0.2057
v 6.0557 7.7691 0.4005 0.1225 0.1225 0.1262
v 6.0396 7.7374 0.4076 0.0619 0.0619 0.0638
v 6.0604 7.6904 0.3982 0.0448 0.0448 0.0461
v 6.1219 7.7046 0.4000 0.0991 0.0991 0.1020
v 6.2134 7.7574 0.3458 0.2241 0.2241 0.2308
v 6.1597 7.8313 0.3427 0.2601 0.2601 0.2679
v 6.0578 7.8320 0.3440 0.2206 0.2206 0.2272
v 6.0092 7.7742 0.3480 0.0967 0.0967 0.0996
v 5.9856 7.6998 0.3511 0.0385 0.0385 0.0397
v 6.0696 7.6293 0.3570 0.0705 0.0705 0.0726
v 6.1742 7.6789 0.3470 0.1491 0.1491 0.1536
v 6.3260 7.7804 0.2767 0.3711 0.3711 0.3799
v 6.1949 7.8980 0.2695 0.4806 0.4806 0.4920
v 6.0259 7.8756 0.2703 0.3786 0.3786 0.3876
v 5.9301 7.7867 0.2732 0.0498 0.0498 0.0510
v 5.9406 7.6650 0.2778 0.0300 0.0300 0.0300
v 6.0735 7.5186 0.2853 0.0300 0.0300 0.0300
v 6.2439 7.6393 0.2830 0.2058 0.2058 0.2107
v 15.0866 1.5242 0.2867 0.2007 0.2007 0.2067
v 15.1897 1.5601 0.2294 0.3562 0.3562 0.3669
v 15.1528 1.6112 0.2239 0.4279 0.4279 0.4407
v 15.0742 1.6303 0.2107 0.2255 0.2255 0.2323
v 15.0395 1.5691 0.2080 0.1229 0.1229 0.1265
v 15.0188 1.4974 0.2257 0.0576 0.0576 0.0593
v 15.1059 1.4957 0.2077 0.0437 0.0437 0.0450
v 15.1765 1.4985 0.2123 0.1636 0.1636 0.1685
v 15.2946 1.5728 0.1368 0.3385 0.3385 0.3487
v 15.2051 1.6865 0.1399 0.3497 0.3497 0.3601
v 15.0338 1.7193 0.1440 0.2693 0.2693 0.2774
v 14.9593 1.5906 0.1362 0.1319 0.1319 0.1359
v 14.9248 1.4441 0.1557 0.0871 0.0871 0.0898
v 15.1003 1.4383 0.1482 0.0368 0.0368 0.0379
v 15.2582 1.4334 0.1413 0.1508 0.1508 0.1553
v 15.3988 1.5652 0.0455 0.4115 0.4115 0.4213
v 15.2925 1.7691 0.0402 0.4945 0.4945 0.5063
v 15.0145 1.8280 0.0388 0.3811 0.3811 0.3902
v 14.8779 1.6307 0.0452 0.0458 0.0458 0.0468
v 14.7523 1.3805 0.0552 0.0357 0.0357 0.0366
v 15.0722 1.3509 0.0565 0.0300 0.0300 0.0300
v 15.3374 1.3382 0.0541 0.0442 0.0442 0.0453
v 17.5801 -1.9305 0.2218 0.1315 0.1315 0.1354
v 17.6498 -1.8993 0.1709 0.2108 0.2108 0.2172
v 17.5924 -1.8607 0.1793 0.3296 0.3296 0.3394
v 17.5297 -1.8347 0.1742 0.1493 0.1493 0.1538
v 17.4936 -1.8873 0.1679 0.0783 0.0783 0.0807
v 17.4862 -1.9462 0.1672 0.0395 0.0395 0.0407
v 17.5516 -1.9532 0.1558 0.0330 0.0330 0.0340
v 17.5967 -1.9421 0.1660 0.0563 0.0563 0.0580
v 17.7390 -1.9077 0.1041 0.1973 0.1973 0.2032
v 17.6391 -1.8189 0.1120 0.2934 0.2934 0.3022
v 17.5204 -1.7630 0.1128 0.1920 0.1920 0.1977
v 17.4459 -1.8603 0.1170 0.0778 0.0778 0.0801
v 17.4093 -1.9701 0.1050 0.0370 0.0370 0.0382
v 17.5350 -1.9955 0.1073 0.0300 0.0300 0.0303
v 17.6264 -1.9828 0.1129 0.0474 0.0474 0.0488
v 17.8298 -1.9356 0.0302 0.2596 0.2596 0.2658
v 17.7173 -1.7697 0.0384 0.5068 0.5068 0.5188
v 17.5292 -1.6738 0.0442 0.4206 0.4206 0.4306
v 17.3740 -1.8054 0.0397 0.0576 0.0576 0.0590
v 17.3075 -1.9831 0.0317 0.0300 0.0300 0.0300
v 17.5027 -2.0437 0.0291 0.0300 0.0300 0.0300
v 17.6562 -2.0457 0.0278 0.0300 0.0300 0.0300
v 15.5566 7.9801 0.3006 0.2510 0.2510 0.2586
v 15.6565 7.9942 0.2075 0.3695 0.3695 0.3805
v 15.5998 8.0507 0.2246 0.3409 0.3409 0.3511
v 15.5299 8.0671 0.2567 0.3190 0.3190 0.3286
v 15.4777 8.0167 0.2645 0.1051 0.1051 0.1082
v 15.4813 7.9456 0.2413 0.0365 0.0365 0.0376
v 15.5384 7.8800 0.2275 0.0555 0.0555 0.0572
v 15.6433 7.8940 0.2282 0.1976 0.1976 0.2035
v 15.7687 8.0241 0.1408 0.3978 0.3978 0.4098
v 15.6426 8.1444 0.1757 0.3392 0.3392 0.3494
v 15.4873 8.1429 0.2113 0.2524 0.2524 0.2599
v 15.4016 8.0288 0.2016 0.1323 0.1323 0.1362
v 15.4292 7.8983 0.1687 0.0365 0.0365 0.0376
v 15.5451 7.7843 0.1491 0.0644 0.0644 0.0663
v 15.7369 7.8312 0.1352 0.1577 0.1577 0.1624
v 15.9143 8.0367 0.0351 0.4073 0.4073 0.4170
v 15.6898 8.2100 0.0828 0.5136 0.5136 0.5258
v 15.4501 8.2544 0.1383 0.4081 0.4081 0.4178
v 15.2891 8.0694 0.1293 0.0478 0.0478 0.0489
v 15.3347 7.8432 0.0786 0.0300 0.0300 0.0300
v 15.5246 7.6319 0.0395 0.0300 0.0300 0.0300
v 15.8259 7.7377 0.0302 0.1727 0.1727 0.1768
v 19.9100 -2.4561 0.1674 0.1857 0.1857 0.1913
v 20.0342 -2.4803 0.1144 0.3061 0.3061 0.3153
v 19.9925 -2.3957 0.1132 0.3211 0.3211 0.3307
v 19.9117 -2.3601 0.1249 0.1966 0.1966 0.2025
v 19.8583 -2.4225 0.1113 0.1101 0.1101 0.1134
v 19.8342 -2.4919 0.1188 0.0453 0.0453 0.0466
v 19.8877 -2.5504 0.1062 0.0424 0.0424 0.0437
v 19.9791 -2.5642 0.1126 0.1433 0.1433 0.1476
v 20.1521 -2.4446 0.0670 0.2961 0.2961 0.3050
v 20.0324 -2.2959 0.0663 0.3523 0.3523 0.3629
v 19.8505 -2.2435 0.0657 0.1950 0.1950 0.2008
v 19.7764 -2.4090 0.0603 0.0797 0.0797 0.0821
v 19.7667 -2.5553 0.0566 0.0427 0.0427 0.0440
v 19.8944 -2.6494 0.0500 0.0553 0.0553 0.0569
v 20.0826 -2.6367 0.0675 0.1416 0.1416 0.1458
v 20.2782 -2.4292 -0.0064 0.3787 0.3787 0.3878
v 20.0948 -2.1944 -0.0093 0.4717 0.4717 0.4830
v 19.8094 -2.1294 -0.0157 0.3607 0.3607 0.3693
v 19.6844 -2.3772 -0.0236 0.0324 0.0324 0.0332
v 19.6589 -2.6240 -0.0299 0.0300 0.0300 0.0300
v 19.8783 -2.7955 -0.0281 0.0300 0.0300 0.0300
v 20.1638 -2.7164 -0.0158 0.1659 0.1659 0.1699
v 7.9376 7.9866 0.4096 0.1874 0.1874 0.1930
v 8.0526 7.9683 0.3585 0.2505 0.2505 0.2580
v 8.0002 8.0130 0.3377 0.3132 0.3132 0.3226
v 7.9483 8.0208 0.3342 0.2393 0.2393 0.2465
v 7.8993 7.9967 0.3638 0.1131 0.1131 0.1165
v 7.8964 7.9420 0.3583 0.0317 0.0317 0.0327
v 7.9467 7.9167 0.3696 0.0388 0.0388 0.0400
v 8.0164 7.9047 0.3480 0.1370 0.1370 0.1411
v 8.1160 7.9941 0.2655 0.3206 0.3206 0.3302
v 8.0223 8.0717 0.2712 0.3342 0.3342 0.3442
v 7.9164 8.0639 0.2777 0.2489 0.2489 0.2564
v 7.8148 8.0062 0.2916 0.1463 0.1463 0.1507
v 7.8617 7.9048 0.2940 0.0347 0.0347 0.0357
v 7.9554 7.8715 0.2931 0.0315 0.0315 0.0324
v 8.1013 7.8572 0.2912 0.1185 0.1185 0.1221
v 8.2488 7.9795 0.1782 0.4258 0.4258 0.4359
v 8.0713 8.1053 0.1826 0.5272 0.5272 0.5397
v 7.9056 8.1536 0.1900 0.4374 0.4374 0.4478
v 7.7373 8.0569 0.2076 0.0717 0.0717 0.0734
v 7.7535 7.8698 0.2211 0.0300 0.0300 0.0300
v 7.9237 7.7908 0.2168 0.0300 0.0300 0.0300
v 8.1447 7.7767 0.2028 0.0393 0.0393 0.0402
v 19.6008 6.7876 0.2685 0.1687 0.1687 0.1737
v 19.6956 6.8093 0.2132 0.2538 0.2538 0.2614
v 19.6717 6.8973 0.1919 0.2665 0.2665 0.2745
v 19.5964 6.9757 0.1868 0.2059 0.2059 0.2121
v 19.5298 6.8879 0.1893 0.0856 0.0856 0.0881
v 19.5193 6.8018 0.2087 0.0509 0.0509 0.0524
v 19.5444 6.6722 0.2140 0.0513 0.0513 0.0528
v 19.6586 6.7105 0.2218 0.1257 0.1257 0.1295
v 19.7851 6.7994 0.1441 0.2112 0.2112 0.2176
v 19.7409 6.9776 0.1463 0.2497 0.2497 0.2572
v 19.5795 7.1309 0.1406 0.2058 0.2058 0.2120
v 19.4666 6.9309 0.1385 0.0815 0.0815 0.0839
v 19.4339 6.7666 0.1429 0.0396 0.0396 0.0408
v 19.5070 6.5415 0.1464 0.0673 0.0673 0.0693
v 19.7121 6.6182 0.1447 0.1206 0.1206 0.1242
v 19.9111 6.8569 0.0548 0.3924 0.3924 0.4018
v 19.7563 7.0884 0.0485 0.4889 0.4889 0.5005
v 19.4435 7.4008 0.0368 0.4086 0.4086 0.4183
v 19.3191 6.9521 0.0430 0.0435 0.0435 0.0446
v 19.3502 6.6599 0.0472 0.0300 0.0300 0.0300
v 19.5351 6.2947 0.0535 0.0302 0.0302 0.0309
v 19.8784 6.4947 0.0576 0.2564 0.2564 0.2625
v 16.3908 0.5644 0.2114 0.2551 0.2551 0.2628
v 16.4949 0.5300 0.1464 0.3682 0.3682 0.3793
v 16.4641 0.5924 0.1445 0.3333 0.3333 0.3433
v 16.3996 0.6065 0.1619 0.3018 0.3018 0.3108
v 16.3195 0.5860 0.1629 0.1715 0.1715 0.1766
v 16.3307 0.5030 0.1581 0.0520 0.0520 0.0536
v 16.3921 0.4709 0.1632 0.0567 0.0567 0.0584
v 16.4618 0.4642 0.1526 0.2052 0.2052 0.2114
v 16.5968 0.5042 0.0645 0.2989 0.2989 0.3078
v 16.5218 0.6323 0.0994 0.3610 0.3610 0.3719
v 16.4037 0.6705 0.0979 0.3302 0.3302 0.3401
v 16.2637 0.6383 0.0947 0.2091 0.2091 0.2153
v 16.2258 0.4826 0.0988 0.0572 0.0572 0.0590
v 16.3587 0.4099 0.1081 0.0552 0.0552 0.0569
v 16.5109 0.3581 0.0750 0.1687 0.1687 0.1737
v 16.7221 0.4808 -0.0074 0.3628 0.3628 0.3714
v 16.6059 0.7035 0.0162 0.4660 0.4660 0.4771
v 16.3996 0.7769 0.0179 0.4651 0.4651 0.4762
v 16.1173 0.7440 0.0278 0.3174 0.3174 0.3249
v 16.0992 0.4493 0.0234 0.0338 0.0338 0.0346
v 16.3186 0.3197 0.0202 0.0300 0.0300 0.0300
v 16.5779 0.2332 0.0084 0.0463 0.0463 0.0474
v 10.6698 4.9522 0.3296 0.1731 0.1731 0.1783
v 10.7721 4.9478 0.2876 0.2639 0.2639 0.2719
v 10.7851 5.0332 0.2546 0.2365 0.2365 0.2436
v 10.6878 5.0625 0.2578 0.2156 0.2156 0.2221
v 10.6093 5.0142 0.2554 0.0881 0.0881 0.0908
v 10.5989 4.9351 0.2362 0.0512 0.0512 0.0528
v 10.6502 4.8643 0.2475 0.0413 0.0413 0.0425
v 10.7620 4.8486 0.2883 0.1812 0.1812 0.1866
v 10.8666 4.9787 0.2242 0.2304 0.2304 0.2373
v 10.8149 5.1369 0.1868 0.2894 0.2894 0.2980
v 10.6199 5.1464 0.1836 0.2060 0.2060 0.2122
v 10.5119 5.0159 0.1748 0.1005 0.1005 0.1035
v 10.5319 4.8660 0.1978 0.0408 0.0408 0.0420
v 10.6704 4.7548 0.2052 0.0386 0.0386 0.0398
v 10.8919 4.7839 0.2597 0.1277 0.1277 0.1315
v 11.0068 4.9566 0.1775 0.4333 0.4333 0.4436
v 10.9354 5.2270 0.1096 0.4523 0.4523 0.4630
v 10.6196 5.2712 0.0789 0.3912 0.3912 0.4005
v 10.4074 5.0883 0.0891 0.0529 0.0529 0.0542
v 10.3767 4.8257 0.0494 0.0300 0.0300 0.0300
v 10.6063 4.6297 0.0927 0.0300 0.0300 0.0300
v 10.9867 4.6202 0.2058 0.0512 0.0512 0.0525
v 6.5515 1.4092 0.2776 0.1942 0.1942 0.2000
v 6.6276 1.4178 0.2291 0.3368 0.3368 0.3469
v 6.6104 1.4586 0.2261 0.3568 0.3568 0.3675
v 6.5462 1.4725 0.2376 0.2691 0.2691 0.2772
v 6.4801 1.4403 0.2517 0.1304 0.1304 0.1343
v 6.4761 1.3724 0.2231 0.0358 0.0358 0.0368
v 6.5590 1.3517 0.2279 0.0409 0.0409 0.0422
v 6.6405 1.3589 0.2163 0.2067 0.2067 0.2129
v 6.6999 1.4125 0.1428 0.2961 0.2961 0.3050
v 6.6573 1.4927 0.1470 0.3227 0.3227 0.3324
v 6.5326 1.5518 0.2034 0.2510 0.2510 0.2586
v 6.3965 1.4803 0.1993 0.1458 0.1458 0.1502
v 6.3797 1.3483 0.1651 0.0312 0.0312 0.0322
v 6.5357 1.3076 0.1822 0.0338 0.0338 0.0348
v 6.6915 1.2963 0.1691 0.1613 0.1613 0.1662
v 6.7893 1.4329 0.0229 0.4758 0.4758 0.4872
v 6.6955 1.5635 0.0434 0.5199 0.5199 0.5323
v 6.4633 1.6446 0.1517 0.4436 0.4436 0.4542
v 6.2569 1.4966 0.1166 0.0604 0.0604 0.0618
v 6.3094 1.2907 0.0720 0.0300 0.0300 0.0300
v 6.5391 1.2011 0.0872 0.0300 0.0300 0.0300
v 6.7802 1.2573 0.0775 0.1904 0.1904 0.1950
v 9.7373 4.4868 0.2077 0.2221 0.2221 0.2287
v 9.7979 4.4816 0.1723 0.2899 0.2899 0.2986
v 9.7601 4.5396 0.1792 0.2992 0.2992 0.3082
v 9.7119 4.5823 0.1887 0.2358 0.2358 0.2429
v 9.6596 4.5370 0.1887 0.1309 0.1309 0.1348
v 9.6525 4.4601 0.1691 0.0784 0.0784 0.0808
v 9.6982 4.4061 0.1797 0.1342 0.1342 0.1382
v 9.7436 4.4488 0.1795 0.1511 0.1511 0.1557
v 9.8776 4.5072 0.1343 0.2772 0.2772 0.2855
v 9.7864 4.6102 0.1464 0.3852 0.3852 0.3967
v 9.6758 4.6653 0.1573 0.3343 0.3343 0.3444
v 9.5870 4.5535 0.1555 0.1304 0.1304 0.1343
v 9.5873 4.3940 0.1411 0.0748 0.0748 0.0770
v 9.6984 4.2908 0.1331 0.1140 0.1140 0.1174
v 9.7848 4.4089 0.1317 0.1485 0.1485 0.1530
v 9.9718 4.4413 0.0737 0.3024 0.3024 0.3096
v 9.8436 4.6266 0.0918 0.5121 0.5121 0.5243
v 9.7066 4.7731 0.1111 0.4331 0.4331 0.4435
v 9.5066 4.6743 0.1152 0.2462 0.2462 0.2520
v 9.4871 4.4060 0.0981 0.0300 0.0300 0.0300
v 9.6222 4.1915 0.0811 0.0300 0.0300 0.0300
v 9.7923 4.3367 0.0756 0.0456 0.0456 0.0467
v 54.9693 -10.4578 0.6897 0.1623 0.1623 0.1672
v 55.1355 -10.4099 0.5989 0.2439 0.2439 0.2512
v 55.1035 -10.2805 0.6222 0.2311 0.2311 0.2381
v 54.9846 -10.2468 0.5925 0.1787 0.1787 0.1841
v 54.8998 -10.3426 0.6127 0.1287 0.1287 0.1326
v 54.8632 -10.4935 0.6085 0.0484 0.0484 0.0498
v 54.9829 -10.5704 0.6183 0.0440 0.0440 0.0454
v 55.1287 -10.5786 0.6170 0.1554 0.1554 0.1601
v 55.2910 -10.4518 0.5272 0.2415 0.2415 0.2488
v 55.2388 -10.1560 0.5433 0.2784 0.2784 0.2867
v 54.9914 -10.1104 0.5248 0.2030 0.2030 0.2091
v 54.8109 -10.2517 0.5250 0.1173 0.1173 0.1208
v 54.6756 -10.5401 0.5201 0.0583 0.0583 0.0601
v 54.9298 -10.6789 0.5251 0.0310 0.0310 0.0320
v 55.1983 -10.7665 0.5252 0.1319 0.1319 0.1358
v 55.4190 -10.4065 0.4309 0.3883 0.3883 0.3975
v 55.3260 -9.9459 0.4337 0.4339 0.4339 0.4443
v 54.9099 -9.8798 0.4206 0.3644 0.3644 0.3730
v 54.6103 -10.1829 0.4060 0.0659 0.0659 0.0675
v 54.5498 -10.6759 0.3972 0.0300 0.0300 0.0300
v 54.9231 -10.8947 0.4091 0.0300 0.0300 0.0300
v 55.4009 -10.9715 0.4254 0.0464 0.0464 0.0475
v 22.4462 -22.6993 -0.0650 0.2469 0.2469 0.2543
v 22.6876 -22.7506 -0.1964 0.2817 0.2817 0.2901
v 22.5835 -22.6532 -0.1968 0.4620 0.4620 0.4759
v 22.4766 -22.6198 -0.1884 0.3846 0.3846 0.3961
v 22.3176 -22.6430 -0.2097 0.1640 0.1640 0.1689
v 22.3208 -22.7946 -0.2223 0.0465 0.0465 0.0479
v 22.4533 -22.8510 -0.1728 0.0605 0.0605 0.0623
v 22.5880 -22.8597 -0.2030 0.1334 0.1334 0.1374
v 22.8605 -22.7806 -0.2983 0.3382 0.3382 0.3484
v 22.6909 -22.5707 -0.2721 0.4267 0.4267 0.4395
v 22.4732 -22.5161 -0.2905 0.4062 0.4062 0.4183
v 22.1684 -22.5440 -0.3236 0.1866 0.1866 0.1922
v 22.1174 -22.8438 -0.3298 0.0549 0.0549 0.0566
v 22.3889 -22.9846 -0.3349 0.0379 0.0379 0.0390
v 22.6571 -22.9778 -0.3000 0.1005 0.1005 0.1035
v 23.1339 -22.7687 -0.4210 0.3045 0.3045 0.3118
v 22.7671 -22.4670 -0.4313 0.4976 0.4976 0.5094
v 22.4327 -22.4082 -0.4490 0.4634 0.4634 0.4745
v 21.9736 -22.4796 -0.4787 0.0842 0.0842 0.0862
v 21.9251 -22.9441 -0.4980 0.0300 0.0300 0.0300
v 22.3514 -23.1747 -0.4813 0.0300 0.0300 0.0300
v 22.7957 -23.1129 -0.4536 0.0300 0.0300 0.0300
v 39.9989 -14.2209 -0.6430 0.1893 0.1893 0.1949
v 40.1030 -14.2530 -0.6769 0.2951 0.2951 0.3039
v 40.0565 -14.1787 -0.7050 0.3119 0.3119 0.3212
v 39.9992 -14.1403 -0.7197 0.2865 0.2865 0.2950
v 39.9043 -14.1563 -0.7642 0.0954 0.0954 0.0983
v 39.9188 -14.2749 -0.7317 0.0317 0.0317 0.0327
v 39.9777 -14.3381 -0.6990 0.0407 0.0407 0.0419
v 40.0679 -14.3609 -0.6666 0.1365 0.1365 0.1406
v 40.1867 -14.2350 -0.7298 0.3356 0.3356 0.3457
v 40.1001 -14.0899 -0.7874 0.3099 0.3099 0.3192
v 39.9714 -14.0572 -0.8288 0.2227 0.2227 0.2294
v 39.7903 -14.1140 -0.8656 0.1332 0.1332 0.1372
v 39.8466 -14.3372 -0.7935 0.0414 0.0414 0.0427
v 39.9725 -14.4391 -0.7342 0.0411 0.0411 0.0424
v 40.1531 -14.4577 -0.6788 0.1637 0.1637 0.1686
v 40.3346 -14.2382 -0.7738 0.4328 0.4328 0.4431
v 40.1530 -14.0124 -0.8772 0.4934 0.4934 0.5052
v 39.9448 -13.9012 -0.9603 0.4050 0.4050 0.4147
v 39.6361 -14.0176 -1.0212 0.0662 0.0662 0.0678
v 39.7331 -14.4011 -0.9084 0.0300 0.0300 0.0300
v 39.9416 -14.5925 -0.7902 0.0300 0.0300 0.0300
v 40.2402 -14.5990 -0.7021 0.0515 0.0515 0.0527
v 43.5819 -10.5290 0.1863 0.1558 0.1558 0.1604
v 43.7973 -10.4535 0.1302 0.2561 0.2561 0.2638
v 43.7144 -10.3194 0.1041 0.3143 0.3143 0.3237
v 43.5427 -10.3216 0.0523 0.2316 0.2316 0.2386
v 43.3475 -10.3940 -0.0552 0.0883 0.0883 0.0910
v 43.4179 -10.5720 0.0022 0.0419 0.0419 0.0432
v 43.5809 -10.6379 0.0815 0.0417 0.0417 0.0429
v 43.7296 -10.5821 0.1213 0.1246 0.1246 0.1284
v 44.0374 -10.5178 0.0933 0.2101 0.2101 0.2164
v 43.9054 -10.2151 0.0237 0.3102 0.3102 0.3195
v 43.5648 -10.1520 -0.1299 0.2879 0.2879 0.2965
v 43.1011 -10.1934 -0.3294 0.1250 0.1250 0.1288
v 43.1981 -10.5909 -0.2560 0.0338 0.0338 0.0348
v 43.4572 -10.8219 -0.1018 0.0382 0.0382 0.0394
v 43.7940 -10.7405 0.0106 0.0673 0.0673 0.0693
v 44.3455 -10.4528 0.0671 0.2469 0.2469 0.2528
v 44.0647 -9.9392 -0.0842 0.3650 0.3650 0.3737
v 43.4520 -9.9692 -0.3524 0.3402 0.3402 0.3483
v 42.6702 -10.1126 -0.6708 0.0675 0.0675 0.0691
v 42.9598 -10.7607 -0.5050 0.0300 0.0300 0.0300
v 43.4695 -11.0582 -0.2522 0.0300 0.0300 0.0300
v 44.0521 -10.9303 -0.0179 0.0320 0.0320 0.0328
v 55.3939 -10.6307 0.7277 0.2456 0.2456 0.2530
v 55.5172 -10.5753 0.6237 0.3239 0.3239 0.3336
v 55.4135 -10.4816 0.6360 0.3534 0.3534 0.3640
v 55.2934 -10.4806 0.6304 0.3250 0.3250 0.3347
v 55.1603 -10.5472 0.6312 0.1547 0.1547 0.1593
v 55.1808 -10.7087 0.6496 0.0873 0.0873 0.0899
v 55.3306 -10.7625 0.6161 0.0837 0.0837 0.0863
v 55.4870 -10.7304 0.6436 0.1691 0.1691 0.1742
v 55.7089 -10.5452 0.5496 0.3303 0.3303 0.3402
v 55.4832 -10.3614 0.5409 0.3192 0.3192 0.3288
v 55.2381 -10.3483 0.5364 0.3316 0.3316 0.3415
v 54.9638 -10.4909 0.5377 0.1532 0.1532 0.1578
v 54.9798 -10.8446 0.5279 0.0516 0.0516 0.0532
v 55.3209 -10.9113 0.5537 0.0814 0.0814 0.0839
v 55.6623 -10.8847 0.5498 0.1800 0.1800 0.1854
v 55.9370 -10.5490 0.4565 0.4036 0.4036 0.4132
v 55.5680 -10.2699 0.4378 0.4926 0.4926 0.5043
v 55.1999 -10.1765 0.4263 0.4164 0.4164 0.4263
v 54.7590 -10.3894 0.4082 0.0709 0.0709 0.0726
v 54.7902 -10.9217 0.4043 0.0300 0.0300 0.0300
v 55.2724 -11.1066 0.4202 0.0300 0.0300 0.0300
v 55.8626 -11.1275 0.4477 0.1920 0.1920 0.1966
v 50.9041 -15.3647 0.8215 0.1955 0.1955 0.2014
v 51.1423 -15.3718 0.6987 0.3186 0.3186 0.3282
v 50.9684 -15.2408 0.6717 0.3955 0.3955 0.4073
v 50.7929 -15.1135 0.6975 0.2337 0.2337 0.2407
v 50.6593 -15.2962 0.7095 0.1152 0.1152 0.1186
v 50.6550 -15.5075 0.6663 0.0488 0.0488 0.0502
v 50.8212 -15.6642 0.6471 0.0823 0.0823 0.0848
v 51.0482 -15.5976 0.6465 0.1819 0.1819 0.1873
v 51.3398 -15.4567 0.5124 0.2582 0.2582 0.2660
v 51.1141 -15.1461 0.5426 0.3693 0.3693 0.3804
v 50.8213 -14.8032 0.5608 0.2910 0.2910 0.2997
v 50.4573 -15.1012 0.5673 0.1114 0.1114 0.1147
v 50.4132 -15.5359 0.5322 0.0334 0.0334 0.0345
v 50.6799 -15.8940 0.5410 0.0673 0.0673 0.0694
v 51.1833 -15.9435 0.5094 0.1894 0.1894 0.1951
v 51.6822 -15.4339 0.3438 0.3854 0.3854 0.3946
v 51.2462 -14.9474 0.3548 0.4880 0.4880 0.4996
v 50.7189 -14.4800 0.3700 0.4419 0.4419 0.4524
v 50.1616 -14.9824 0.3841 0.0613 0.0613 0.0627
v 50.2297 -15.6609 0.3662 0.0300 0.0300 0.0300
v 50.5929 -16.3768 0.3502 0.0300 0.0300 0.0300
v 51.4613 -16.2533 0.3437 0.0581 0.0581 0.0595
v 41.5440 -15.2168 0.1829 0.1872 0.1872 0.1928
v 41.6741 -15.2224 0.1211 0.3211 0.3211 0.3308
v 41.6665 -15.0502 0.0719 0.2443 0.2443 0.2516
v 41.5075 -15.0656 0.0425 0.1844 0.1844 0.1900
v 41.4271 -15.1839 0.0245 0.0679 0.0679 0.0699
v 41.4390 -15.3212 0.1025 0.0527 0.0527 0.0542
v 41.5421 -15.4191 0.1362 0.1180 0.1180 0.1215
v 41.6522 -15.3382 0.1384 0.2405 0.2405 0.2477
v 41.8059 -15.2275 0.0842 0.2842 0.2842 0.2928
v 41.7833 -14.9047 -0.0128 0.3037 0.3037 0.3128
v 41.4867 -14.9220 -0.1047 0.1877 0.1877 0.1934
v 41.3149 -15.1153 -0.0960 0.1039 0.1039 0.1071
v 41.2681 -15.4063 -0.0398 0.0516 0.0516 0.0531
v 41.5031 -15.5675 0.0785 0.0706 0.0706 0.0727
v 41.7395 -15.4694 0.1251 0.1985 0.1985 0.2044
v 41.9515 -15.2533 0.0289 0.4072 0.4072 0.4169
v 41.9501 -14.7351 -0.1044 0.4135 0.4135 0.4234
v 41.4732 -14.7161 -0.2694 0.3318 0.3318 0.3397
v 41.1102 -14.9704 -0.3200 0.0608 0.0608 0.0622
v 41.0732 -15.4719 -0.1893 0.0300 0.0300 0.0300
v 41.4388 -15.7400 -0.0035 0.0300 0.0300 0.0300
v 41.8288 -15.6413 0.0931 0.0626 0.0626 0.0641
v 52.0487 -17.0922 0.5352 0.1714 0.1714 0.1765
v 52.1844 -17.1020 0.4941 0.2521 0.2521 0.2596
v 52.1160 -17.0176 0.4690 0.2522 0.2522 0.2598
v 52.0178 -17.0202 0.4697 0.2084 0.2084 0.2146
v 51.9335 -17.0836 0.4802 0.1150 0.1150 0.1185
v 51.9807 -17.1760 0.4706 0.0362 0.0362 0.0372
v 52.0516 -17.2062 0.4890 0.0943 0.0943 0.0971
v 52.1342 -17.1941 0.4660 0.1522 0.1522 0.1567
v 52.3024 -17.1380 0.4233 0.1956 0.1956 0.2015
v 52.2190 -16.9404 0.4144 0.2459 0.2459 0.2533
v 52.0238 -16.9105 0.4219 0.2746 0.2746 0.2829
v 51.8336 -16.9936 0.4233 0.1044 0.1044 0.1076
v 51.8944 -17.1895 0.4289 0.0304 0.0304 0.0314
v 52.0155 -17.2666 0.4264 0.0300 0.0300 0.0300
v 52.1960 -17.3245 0.4181 0.1159 0.1159 0.1194
v 52.4764 -17.1791 0.3413 0.3260 0.3260 0.3338
v 52.3540 -16.8315 0.3408 0.4321 0.4321 0.4424
v 52.0287 -16.8035 0.3411 0.4290 0.4290 0.4392
v 51.7196 -16.8956 0.3422 0.0747 0.0747 0.0765
v 51.7862 -17.2127 0.3436 0.0300 0.0300 0.0300
v 51.9617 -17.3841 0.3437 0.0300 0.0300 0.0300
v 52.2436 -17.4384 0.3428 0.0332 0.0332 0.0340
v 38.2592 -14.6358 -0.7697 0.1947 0.1947 0.2006
v 38.5530 -14.5776 -0.8239 0.2328 0.2328 0.2397
v 38.3744 -14.4254 -0.9354 0.3217 0.3217 0.3313
v 38.2211 -14.4552 -0.9335 0.2347 0.2347 0.2417
v 38.1234 -14.5616 -0.9344 0.0892 0.0892 0.0918
v 38.1526 -14.7105 -0.8900 0.0465 0.0465 0.0479
v 38.2543 -14.8456 -0.7963 0.1120 0.1120 0.1153
v 38.3626 -14.7202 -0.8069 0.1942 0.1942 0.2001
v 38.7729 -14.5692 -0.9137 0.2417 0.2417 0.2490
v 38.4778 -14.2619 -1.0659 0.3189 0.3189 0.3285
v 38.1877 -14.3106 -1.0958 0.2612 0.2612 0.2690
v 38.0031 -14.5005 -1.0903 0.1212 0.1212 0.1248
v 38.0195 -14.7941 -0.9821 0.0436 0.0436 0.0449
v 38.2208 -15.0565 -0.8889 0.0846 0.0846 0.0872
v 38.4524 -14.8388 -0.8951 0.1987 0.1987 0.2047
v 39.1918 -14.5821 -0.9905 0.3316 0.3316 0.3394
v 38.6285 -14.0629 -1.2179 0.4449 0.4449 0.4555
v 38.1459 -14.0623 -1.3038 0.3681 0.3681 0.3768
v 37.7503 -14.3527 -1.2891 0.0661 0.0661 0.0676
v 37.8770 -14.8613 -1.1285 0.0300 0.0300 0.0300
v 38.1602 -15.3039 -0.9649 0.0317 0.0317 0.0324
v 38.5628 -15.0124 -0.9769 0.0692 0.0692 0.0708
v 54.3177 -11.4808 0.8099 0.1787 0.1787 0.1840
v 54.4953 -11.5038 0.6747 0.2246 0.2246 0.2314
v 54.4370 -11.3534 0.6611 0.3367 0.3367 0.3468
v 54.2919 -11.3532 0.7057 0.2022 0.2022 0.2083
v 54.1867 -11.4226 0.6901 0.0771 0.0771 0.0795
v 54.1950 -11.5483 0.6702 0.0302 0.0302 0.0311
v 54.2690 -11.6709 0.6973 0.0362 0.0362 0.0373
v 54.4150 -11.6356 0.7045 0.1445 0.1445 0.1489
v 54.6555 -11.5229 0.5771 0.2025 0.2025 0.2085
v 54.5669 -11.2192 0.5629 0.2842 0.2842 0.2927
v 54.2742 -11.1958 0.5605 0.2210 0.2210 0.2276
v 54.0250 -11.3195 0.5511 0.1222 0.1222 0.1259
v 54.0999 -11.5816 0.5400 0.0318 0.0318 0.0328
v 54.2142 -11.8317 0.5309 0.0484 0.0484 0.0499
v 54.4945 -11.7671 0.5524 0.0817 0.0817 0.0842
v 54.9189 -11.5752 0.4051 0.3133 0.3133 0.3208
v 54.7574 -11.0545 0.4024 0.4541 0.4541 0.4649
v 54.2737 -11.0369 0.3890 0.4143 0.4143 0.4242
v 53.9226 -11.2305 0.3873 0.0666 0.0666 0.0682
v 53.9246 -11.6293 0.3843 0.0300 0.0300 0.0300
v 54.0831 -12.1494 0.3816 0.0300 0.0300 0.0300
v 54.5901 -11.9608 0.3916 0.0406 0.0406 0.0416
v 22.8726 -21.6408 0.0298 0.2329 0.2329 0.2399
v 23.1241 -21.6266 -0.1135 0.3150 0.3150 0.3244
v 23.0354 -21.5294 -0.1105 0.4272 0.4272 0.4400
v 22.9194 -21.5140 -0.0942 0.2895 0.2895 0.2982
v 22.7986 -21.5482 -0.1175 0.1314 0.1314 0.1354
v 22.8036 -21.6557 -0.0877 0.0454 0.0454 0.0468
v 22.8794 -21.7618 -0.1286 0.0385 0.0385 0.0397
v 23.0350 -21.7324 -0.0652 0.1491 0.1491 0.1536
v 23.3299 -21.6654 -0.2177 0.2363 0.2363 0.2434
v 23.1626 -21.4478 -0.2100 0.4026 0.4026 0.4147
v 22.9200 -21.4008 -0.2289 0.3298 0.3298 0.3397
v 22.6831 -21.4706 -0.2369 0.1507 0.1507 0.1552
v 22.6690 -21.6788 -0.2594 0.0345 0.0345 0.0356
v 22.7923 -21.9046 -0.2391 0.0426 0.0426 0.0439
v 23.0996 -21.8478 -0.2168 0.0958 0.0958 0.0987
v 23.5583 -21.6328 -0.3463 0.2861 0.2861 0.2929
v 23.2621 -21.3077 -0.3550 0.4804 0.4804 0.4918
v 22.8574 -21.2731 -0.3815 0.4268 0.4268 0.4369
v 22.4933 -21.4240 -0.4102 0.0727 0.0727 0.0744
v 22.4439 -21.7887 -0.4260 0.0300 0.0300 0.0300
v 22.7649 -22.1358 -0.4192 0.0300 0.0300 0.0300
v 23.2683 -21.9779 -0.3816 0.0309 0.0309 0.0317
v 47.0997 -19.5838 0.9428 0.2197 0.2197 0.2262
v 47.2224 -19.5905 0.7692 0.3348 0.3348 0.3449
v 47.1464 -19.3686 0.8044 0.2924 0.2924 0.3012
v 46.9360 -19.3594 0.8070 0.2664 0.2664 0.2744
v 46.8313 -19.5579 0.7834 0.0812 0.0812 0.0836
v 46.8526 -19.7733 0.7993 0.0459 0.0459 0.0473
v 47.0147 -19.8114 0.8147 0.1024 0.1024 0.1055
v 47.1738 -19.7937 0.7416 0.2313 0.2313 0.2383
v 47.4824 -19.7195 0.6032 0.2335 0.2335 0.2406
v 47.4438 -19.1689 0.6117 0.3432 0.3432 0.3535
v 46.9921 -18.9858 0.6722 0.2594 0.2594 0.2672
v 46.6632 -19.3207 0.6622 0.1219 0.1219 0.1255
v 46.6860 -19.7495 0.6488 0.0420 0.0420 0.0432
v 46.9128 -19.9622 0.6356 0.0444 0.0444 0.0457
v 47.2164 -20.0434 0.6019 0.1451 0.1451 0.1495
v 47.7778 -19.7462 0.4057 0.2966 0.2966 0.3037
v 47.6952 -18.8406 0.4347 0.4195 0.4195 0.4294
v 46.9340 -18.4860 0.4892 0.3816 0.3816 0.3907
v 46.4071 -19.1404 0.4857 0.0563 0.0563 0.0576
v 46.3672 -19.8935 0.4456 0.0300 0.0300 0.0300
v 46.8613 -20.1680 0.4185 0.0300 0.0300 0.0300
v 47.3368 -20.2528 0.4024 0.0317 0.0317 0.0324
v 44.6400 -9.7082 0.5120 0.1776 0.1776 0.1829
v 44.8345 -9.6812 0.4620 0.2548 0.2548 0.2625
v 44.7086 -9.5262 0.4031 0.2649 0.2649 0.2728
v 44.5702 -9.3983 0.3515 0.1700 0.1700 0.1751
v 44.4341 -9.5368 0.3178 0.0883 0.0883 0.0910
v 44.3894 -9.7233 0.3409 0.0589 0.0589 0.0607
v 44.5095 -9.9000 0.3570 0.0388 0.0388 0.0399
v 44.6809 -9.8037 0.4552 0.1000 0.1000 0.1030
v 45.0865 -9.6931 0.4652 0.1979 0.1979 0.2039
v 44.8034 -9.4064 0.3234 0.3372 0.3372 0.3473
v 44.5272 -9.1432 0.2205 0.1829 0.1829 0.1883
v 44.3173 -9.4719 0.1405 0.0644 0.0644 0.0664
v 44.2140 -9.8066 0.1415 0.0333 0.0333 0.0344
v 44.4634 -10.0940 0.2515 0.0465 0.0465 0.0479
v 44.7985 -9.9812 0.3699 0.0743 0.0743 0.0765
v 45.3119 -9.7254 0.3874 0.2827 0.2827 0.2894
v 44.9330 -9.2687 0.2322 0.4624 0.4624 0.4735
v 44.4818 -8.6925 0.0634 0.3053 0.3053 0.3126
v 44.1320 -9.3430 -0.0855 0.0300 0.0300 0.0300
v 43.9455 -9.9062 -0.1386 0.0300 0.0300 0.0300
v 44.3480 -10.4473 0.0679 0.0300 0.0300 0.0300
v 44.9240 -10.2031 0.2648 0.0310 0.0310 0.0317
v 25.7534 -14.3237 0.5048 0.2009 0.2009 0.2069
v 25.8701 -14.2392 0.3718 0.2907 0.2907 0.2994
v 25.8502 -14.0086 0.2945 0.2609 0.2609 0.2688
v 25.6072 -13.9930 0.3211 0.1733 0.1733 0.1785
v 25.5289 -14.1867 0.3775 0.1340 0.1340 0.1380
v 25.4449 -14.3821 0.3837 0.0722 0.0722 0.0743
v 25.6466 -14.4550 0.3543 0.0595 0.0595 0.0613
v 25.8629 -14.4556 0.3770 0.1643 0.1643 0.1693
v 26.0322 -14.2387 0.1697 0.2678 0.2678 0.2758
v 25.9963 -13.8231 0.1200 0.3373 0.3373 0.3474
v 25.5662 -13.8087 0.2059 0.2260 0.2260 0.2328
v 25.4030 -14.1259 0.2178 0.0969 0.0969 0.0998
v 25.2348 -14.4852 0.2285 0.0715 0.0715 0.0736
v 25.6004 -14.6675 0.2608 0.0572 0.0572 0.0589
v 26.0648 -14.7056 0.2263 0.1513 0.1513 0.1558
v 26.2795 -14.2860 -0.0323 0.4363 0.4363 0.4467
v 26.3157 -13.5371 -0.1259 0.4465 0.4465 0.4571
v 25.5572 -13.5011 0.0038 0.3715 0.3715 0.3803
v 25.2466 -14.0060 0.0315 0.0502 0.0502 0.0514
v 24.8911 -14.5776 0.0339 0.0400 0.0400 0.0409
v 25.4694 -14.9827 0.0732 0.0300 0.0300 0.0300
v 26.2206 -15.0235 0.0446 0.0567 0.0567 0.0580
v 45.9942 -17.6981 1.0986 0.1587 0.1587 0.1635
v 46.1308 -17.6582 0.9078 0.2297 0.2297 0.2366
v 46.0880 -17.4986 0.9291 0.2377 0.2377 0.2448
v 45.9182 -17.4705 0.9927 0.1859 0.1859 0.1915
v 45.7938 -17.5883 0.9267 0.0722 0.0722 0.0743
v 45.7465 -17.7914 0.9424 0.0456 0.0456 0.0470
v 45.9266 -17.9209 0.8996 0.0395 0.0395 0.0407
v 46.1548 -17.8825 0.9572 0.1472 0.1472 0.1517
v 46.3159 -17.6467 0.7716 0.2143 0.2143 0.2207
v 46.2082 -17.3218 0.7909 0.2824 0.2824 0.2908
v 45.8530 -17.2404 0.8185 0.2030 0.2030 0.2091
v 45.6081 -17.5099 0.8209 0.0777 0.0777 0.0801
v 45.5696 -17.8940 0.7940 0.0330 0.0330 0.0340
v 45.8871 -18.1695 0.7587 0.0422 0.0422 0.0434
v 46.3743 -18.1343 0.7309 0.1445 0.1445 0.1489
v 46.6062 -17.6634 0.5450 0.4232 0.4232 0.4332
v 46.4106 -17.0917 0.5841 0.4626 0.4626 0.4736
v 45.8084 -16.9437 0.6343 0.4001 0.4001 0.4096
v 45.3967 -17.3833 0.6295 0.0527 0.0527 0.0539
v 45.3114 -17.9974 0.6018 0.0300 0.0300 0.0300
v 45.7882 -18.5080 0.5524 0.0300 0.0300 0.0300
v 46.5776 -18.4458 0.5113 0.0551 0.0551 0.0564
v 44.2134 -22.4378 0.7448 0.1661 0.1661 0.1711
v 44.3508 -22.5052 0.5963 0.2587 0.2587 0.2665
v 44.2460 -22.3549 0.6144 0.3127 0.3127 0.3221
v 44.0731 -22.2453 0.5970 0.1841 0.1841 0.1897
v 43.9421 -22.4299 0.5734 0.0596 0.0596 0.0614
v 43.9671 -22.6436 0.6049 0.0411 0.0411 0.0424
v 44.1117 -22.7964 0.5413 0.0576 0.0576 0.0593
v 44.2658 -22.6708 0.5613 0.1038 0.1038 0.1069
v 44.6053 -22.5277 0.4574 0.2057 0.2057 0.2119
v 44.3685 -22.2075 0.4729 0.2388 0.2388 0.2459
v 44.0419 -21.9657 0.4698 0.1945 0.1945 0.2003
v 43.8058 -22.3281 0.4496 0.0662 0.0662 0.0681
v 43.7796 -22.7233 0.3984 0.0336 0.0336 0.0346
v 44.0381 -23.0546 0.3849 0.0563 0.0563 0.0580
v 44.3506 -22.8238 0.4271 0.1067 0.1067 0.1099
v 44.8275 -22.5556 0.2528 0.3048 0.3048 0.3121
v 44.5243 -22.0196 0.2819 0.4974 0.4974 0.5092
v 43.9951 -21.5707 0.3049 0.3974 0.3974 0.4069
v 43.5008 -22.1234 0.2415 0.0469 0.0469 0.0481
v 43.6072 -22.7928 0.1975 0.0300 0.0300 0.0300
v 43.9568 -23.3329 0.1778 0.0300 0.0300 0.0300
v 44.4672 -23.0294 0.2083 0.0427 0.0427 0.0437
v 36.5628 -16.3740 -0.4695 0.2059 0.2059 0.2121
v 36.6034 -16.3942 -0.5348 0.2498 0.2498 0.2573
v 36.5908 -16.3350 -0.5596 0.3057 0.3057 0.3149
v 36.5260 -16.2495 -0.6083 0.2228 0.2228 0.2294
v 36.4641 -16.3362 -0.5663 0.1361 0.1361 0.1402
v 36.4167 -16.4217 -0.5596 0.0945 0.0945 0.0974
v 36.4928 -16.4965 -0.5173 0.0961 0.0961 0.0990
v 36.5919 -16.4775 -0.5272 0.1808 0.1808 0.1862
v 36.6941 -16.4076 -0.6025 0.2920 0.2920 0.3008
v 36.6339 -16.2957 -0.6667 0.2680 0.2680 0.2760
v 36.5153 -16.1092 -0.7445 0.2623 0.2623 0.2702
v 36.3801 -16.2799 -0.6754 0.1530 0.1530 0.1576
v 36.3216 -16.4504 -0.6040 0.1110 0.1110 0.1143
v 36.4430 -16.6212 -0.5500 0.0971 0.0971 0.1000
v 36.6339 -16.5492 -0.5530 0.2025 0.2025 0.2086
v 36.8041 -16.4305 -0.7006 0.4499 0.4499 0.4606
v 36.7338 -16.2130 -0.7886 0.5166 0.5166 0.5289
v 36.5137 -15.9436 -0.9052 0.4404 0.4404 0.4509
v 36.2933 -16.2130 -0.8138 0.2430 0.2430 0.2488
v 36.1964 -16.4795 -0.7163 0.0381 0.0381 0.0390
v 36.3619 -16.7950 -0.5850 0.0419 0.0419 0.0429
v 36.7020 -16.6818 -0.6094 0.0809 0.0809 0.0829
v 28.3394 -7.2039 -0.5076 0.1463 0.1463 0.1507
v 28.5371 -7.1307 -0.6912 0.1992 0.1992 0.2052
v 28.4259 -7.0169 -0.6311 0.2964 0.2964 0.3053
v 28.2884 -7.0065 -0.5586 0.1681 0.1681 0.1732
v 28.2114 -7.1146 -0.5811 0.0529 0.0529 0.0545
v 28.2195 -7.2443 -0.5870 0.0351 0.0351 0.0361
v 28.3308 -7.3242 -0.6430 0.0349 0.0349 0.0360
v 28.4957 -7.3060 -0.6800 0.1114 0.1114 0.1147
v 28.7665 -7.1887 -0.8661 0.2208 0.2208 0.2275
v 28.5583 -6.9188 -0.7669 0.2902 0.2902 0.2989
v 28.2969 -6.8446 -0.6824 0.2572 0.2572 0.2649
v 28.1043 -7.0174 -0.6391 0.1074 0.1074 0.1107
v 28.0823 -7.2661 -0.6764 0.0300 0.0300 0.0300
v 28.2573 -7.4554 -0.7626 0.0355 0.0355 0.0366
v 28.5704 -7.4957 -0.8360 0.1029 0.1029 0.1060
v 29.1061 -7.1308 -1.0976 0.3564 0.3564 0.3649
v 28.7028 -6.6609 -0.9193 0.4511 0.4511 0.4619
v 28.2052 -6.6183 -0.7601 0.4225 0.4225 0.4326
v 27.9154 -6.9646 -0.7134 0.0712 0.0712 0.0729
v 27.9422 -7.3763 -0.7796 0.0300 0.0300 0.0300
v 28.2511 -7.6611 -0.9176 0.0300 0.0300 0.0300
v 28.8296 -7.7414 -1.0919 0.0423 0.0423 0.0433
v 49.7135 -10.5152 0.9444 0.1797 0.1797 0.1851
v 49.8532 -10.4644 0.8177 0.2393 0.2393 0.2465
v 49.7939 -10.3532 0.8383 0.2889 0.2889 0.2976
v 49.6274 -10.2975 0.8758 0.2211 0.2211 0.2277
v 49.5429 -10.4215 0.8670 0.1119 0.1119 0.1153
v 49.5303 -10.5388 0.8602 0.0510 0.0510 0.0526
v 49.6459 -10.6578 0.8641 0.0912 0.0912 0.0939
v 49.7688 -10.5445 0.8521 0.1593 0.1593 0.1641
v 50.0835 -10.4181 0.7100 0.2513 0.2513 0.2588
v 49.8329 -10.2625 0.7266 0.3253 0.3253 0.3350
v 49.5082 -10.1202 0.7522 0.2037 0.2037 0.2099
v 49.4176 -10.4075 0.7648 0.0877 0.0877 0.0903
v 49.3625 -10.6537 0.7704 0.0580 0.0580 0.0598
v 49.6626 -10.8061 0.7446 0.0736 0.0736 0.0758
v 49.8561 -10.5919 0.7300 0.1351 0.1351 0.1391
v 50.2504 -10.4274 0.5588 0.3036 0.3036 0.3108
v 49.9787 -10.1135 0.5907 0.4940 0.4940 0.5058
v 49.4342 -9.8589 0.6470 0.3717 0.3717 0.3806
v 49.2584 -10.3441 0.6508 0.0478 0.0478 0.0489
v 49.1201 -10.7456 0.6506 0.0360 0.0360 0.0368
v 49.5962 -11.0367 0.5955 0.0300 0.0300 0.0300
v 49.9876 -10.7185 0.5745 0.2186 0.2186 0.2238
v 20.4504 -12.2341 -0.0295 0.1510 0.1510 0.1555
v 20.6013 -12.2533 -0.1730 0.2324 0.2324 0.2394
v 20.5302 -12.1137 -0.1413 0.2758 0.2758 0.2841
v 20.3693 -11.9395 -0.1810 0.1745 0.1745 0.1798
v 20.2383 -12.1544 -0.1994 0.0608 0.0608 0.0626
v 20.3071 -12.3473 -0.1542 0.0300 0.0300 0.0300
v 20.4086 -12.4716 -0.1654 0.0613 0.0613 0.0631
v 20.5596 -12.4273 -0.1797 0.1574 0.1574 0.1621
v 20.7838 -12.1973 -0.2814 0.2598 0.2598 0.2676
v 20.5814 -11.9645 -0.2643 0.2912 0.2912 0.3000
v 20.2660 -11.7242 -0.2871 0.1623 0.1623 0.1672
v 19.9846 -12.0918 -0.3196 0.0621 0.0621 0.0639
v 20.1928 -12.4673 -0.3270 0.0300 0.0300 0.0300
v 20.4113 -12.7593 -0.3528 0.0427 0.0427 0.0440
v 20.7000 -12.5509 -0.2997 0.1289 0.1289 0.1328
v 20.9768 -12.3503 -0.4219 0.3736 0.3736 0.3825
v 20.7792 -11.8704 -0.4250 0.4879 0.4879 0.4995
v 20.3622 -11.1747 -0.4284 0.3564 0.3564 0.3649
v 19.8756 -11.8065 -0.5003 0.0438 0.0438 0.0448
v 20.0051 -12.4316 -0.5279 0.0300 0.0300 0.0300
v 20.2353 -12.9218 -0.5402 0.0300 0.0300 0.0300
v 20.7477 -12.8864 -0.4908 0.0460 0.0460 0.0471
v 35.8295 -10.2043 -1.4841 0.1650 0.1650 0.1699
v 36.0205 -10.2029 -1.5580 0.2308 0.2308 0.2378
v 35.8852 -10.0999 -1.5646 0.3122 0.3122 0.3216
v 35.7893 -10.0294 -1.5743 0.2734 0.2734 0.2816
v 35.6419 -10.0728 -1.5982 0.1109 0.1109 0.1142
v 35.6797 -10.2106 -1.5708 0.0483 0.0483 0.0497
v 35.7540 -10.2929 -1.5524 0.0367 0.0367 0.0378
v 35.9084 -10.3435 -1.5756 0.1153 0.1153 0.1187
v 36.2018 -10.2145 -1.6600 0.2343 0.2343 0.2413
v 35.9785 -10.0062 -1.6772 0.2532 0.2532 0.2608
v 35.7638 -9.8646 -1.6923 0.2992 0.2992 0.3082
v 35.4736 -9.9812 -1.6646 0.1098 0.1098 0.1131
v 35.5164 -10.2695 -1.6854 0.0436 0.0436 0.0449
v 35.7145 -10.4138 -1.6828 0.0332 0.0332 0.0342
v 36.0418 -10.5294 -1.6702 0.0960 0.0960 0.0989
v 36.4939 -10.2727 -1.7938 0.3675 0.3675 0.3762
v 36.0990 -9.9148 -1.8020 0.5069 0.5069 0.5190
v 35.7628 -9.6719 -1.8065 0.4524 0.4524 0.4632
v 35.2813 -9.8384 -1.8020 0.2714 0.2714 0.2779
v 35.3618 -10.3015 -1.7966 0.0300 0.0300 0.0300
v 35.6241 -10.6004 -1.7934 0.0300 0.0300 0.0300
v 36.1571 -10.7544 -1.7833 0.0376 0.0376 0.0385
v 42.8835 -7.2838 -0.2813 0.1442 0.1442 0.1486
v 42.9927 -7.2637 -0.3210 0.2381 0.2381 0.2452
v 42.9253 -7.1679 -0.3102 0.2791 0.2791 0.2875
v 42.8266 -7.1666 -0.3715 0.1527 0.1527 0.1573
v 42.7455 -7.2168 -0.4061 0.0873 0.0873 0.0899
v 42.7775 -7.3033 -0.3875 0.0436 0.0436 0.0449
v 42.8204 -7.4118 -0.3782 0.0648 0.0648 0.0667
v 42.9214 -7.3530 -0.3564 0.0999 0.0999 0.1029
v 43.1619 -7.2629 -0.3374 0.2325 0.2325 0.2395
v 43.0002 -7.0719 -0.3805 0.3105 0.3105 0.3198
v 42.8048 -7.0710 -0.4425 0.2014 0.2014 0.2075
v 42.6632 -7.1768 -0.5250 0.0783 0.0783 0.0806
v 42.7000 -7.3416 -0.5073 0.0421 0.0421 0.0434
v 42.7950 -7.5255 -0.5012 0.0466 0.0466 0.0480
v 43.0185 -7.4752 -0.4082 0.0991 0.0991 0.1021
v 43.3748 -7.1942 -0.3441 0.2273 0.2273 0.2327
v 43.0563 -6.9171 -0.4542 0.3777 0.3777 0.3867
v 42.7098 -6.8846 -0.5839 0.2607 0.2607 0.2669
v 42.5226 -7.1577 -0.6779 0.0300 0.0300 0.0300
v 42.6367 -7.4092 -0.6546 0.0300 0.0300 0.0300
v 42.8074 -7.7517 -0.6161 0.0300 0.0300 0.0300
v 43.1210 -7.5285 -0.4768 0.0949 0.0949 0.0972
v 43.1316 -19.7027 0.7838 0.1614 0.1614 0.1663
v 43.3014 -19.6688 0.6910 0.2772 0.2772 0.2855
v 43.2127 -19.5489 0.6946 0.2825 0.2825 0.2910
v 43.0929 -19.5576 0.7278 0.1901 0.1901 0.1958
v 42.9913 -19.6410 0.6873 0.0671 0.0671 0.0692
v 43.0101 -19.7947 0.6955 0.0402 0.0402 0.0414
v 43.1238 -19.8920 0.6739 0.0764 0.0764 0.0787
v 43.2221 -19.7878 0.7035 0.1096 0.1096 0.1129
v 43.4783 -19.7112 0.6006 0.1874 0.1874 0.1930
v 43.3252 -19.4442 0.6133 0.2269 0.2269 0.2337
v 43.0896 -19.3931 0.6229 0.2602 0.2602 0.2680
v 42.8499 -19.5174 0.6132 0.1006 0.1006 0.1037
v 42.8413 -19.8450 0.5795 0.0301 0.0301 0.0310
v 43.0422 -20.1076 0.5449 0.0707 0.0707 0.0728
v 43.2609 -19.8896 0.5853 0.1091 0.1091 0.1124
v 43.7309 -19.6693 0.4866 0.2654 0.2654 0.2718
v 43.4438 -19.2137 0.5240 0.4128 0.4128 0.4226
v 43.0229 -19.1970 0.5157 0.3821 0.3821 0.3911
v 42.6329 -19.4398 0.4826 0.0642 0.0642 0.0658
v 42.6791 -19.9777 0.4282 0.0300 0.0300 0.0300
v 43.0370 -20.3190 0.4038 0.0300 0.0300 0.0300
v 43.3992 -20.0474 0.4413 0.0522 0.0522 0.0534
v 45.8722 -20.6083 0.8778 0.1919 0.1919 0.1977
v 46.0131 -20.6150 0.7714 0.2201 0.2201 0.2267
v 45.9407 -20.4725 0.7393 0.3345 0.3345 0.3446
v 45.7886 -20.4444 0.7425 0.2803 0.2803 0.2887
v 45.6037 -20.4948 0.7728 0.1568 0.1568 0.1615
v 45.6780 -20.6647 0.7243 0.0384 0.0384 0.0396
v 45.7637 -20.8001 0.6896 0.0375 0.0375 0.0386
v 45.9424 -20.7701 0.7273 0.0938 0.0938 0.0966
v 46.2140 -20.6370 0.6007 0.2073 0.2073 0.2135
v 46.0751 -20.3434 0.5947 0.3432 0.3432 0.3535
v 45.7661 -20.2558 0.6188 0.2615 0.2615 0.2693
v 45.3824 -20.3608 0.6207 0.1305 0.1305 0.1344
v 45.5265 -20.7157 0.6023 0.0300 0.0300 0.0302
v 45.6848 -21.0192 0.5461 0.0490 0.0490 0.0505
v 46.0582 -20.9481 0.5626 0.1211 0.1211 0.1247
v 46.4018 -20.7007 0.3986 0.3439 0.3439 0.3521
v 46.2719 -20.2149 0.4292 0.4763 0.4763 0.4876
v 45.7851 -20.0462 0.4517 0.4661 0.4661 0.4772
v 45.1262 -20.1351 0.4506 0.2838 0.2838 0.2906
v 45.3747 -20.7310 0.4033 0.0300 0.0300 0.0300
v 45.5134 -21.3226 0.3590 0.0300 0.0300 0.0300
v 46.1725 -21.2194 0.3682 0.0426 0.0426 0.0436
v 46.2864 -20.5315 0.8086 0.1585 0.1585 0.1632
v 46.4240 -20.4625 0.6799 0.2612 0.2612 0.2691
v 46.3413 -20.3393 0.6934 0.2611 0.2611 0.2689
v 46.1793 -20.3228 0.7024 0.2269 0.2269 0.2337
v 46.0440 -20.4201 0.7256 0.0925 0.0925 0.0952
v 46.0876 -20.5686 0.6813 0.0300 0.0300 0.0300
v 46.2209 -20.6538 0.6783 0.0314 0.0314 0.0323
v 46.3848 -20.6079 0.6866 0.1118 0.1118 0.1152
v 46.5996 -20.4758 0.5698 0.2017 0.2017 0.2078
v 46.5058 -20.1753 0.5860 0.2064 0.2064 0.2126
v 46.1540 -20.1622 0.5848 0.2525 0.2525 0.2600
v 45.8565 -20.3228 0.5853 0.0936 0.0936 0.0964
v 45.9217 -20.6252 0.5583 0.0300 0.0300 0.0300
v 46.1655 -20.8063 0.5560 0.0300 0.0300 0.0300
v 46.4924 -20.7518 0.5587 0.0928 0.0928 0.0956
v 46.8088 -20.5428 0.4017 0.3431 0.3431 0.3513
v 46.7519 -20.0341 0.4276 0.4391 0.4391 0.4495
v 46.1846 -19.9874 0.4451 0.4404 0.4404 0.4508
v 45.5876 -20.1070 0.4515 0.0746 0.0746 0.0764
v 45.6488 -20.6614 0.4102 0.0300 0.0300 0.0300
v 46.0300 -21.0074 0.3824 0.0300 0.0300 0.0300
v 46.5866 -20.9805 0.3810 0.0380 0.0380 0.0389
v 27.2418 -22.1751 0.1074 0.1915 0.1915 0.1972
v 27.3845 -22.1403 0.0489 0.2647 0.2647 0.2726
v 27.3278 -22.0492 0.0477 0.3271 0.3271 0.3369
v 27.2294 -22.0628 0.0481 0.2463 0.2463 0.2537
v 27.1641 -22.1233 0.0469 0.1129 0.1129 0.1163
v 27.1407 -22.2378 0.0082 0.0467 0.0467 0.0481
v 27.2559 -22.2431 0.0216 0.0443 0.0443 0.0456
v 27.3469 -22.2368 0.0254 0.1491 0.1491 0.1535
v 27.5602 -22.1537 -0.0307 0.2935 0.2935 0.3023
v 27.4039 -21.9761 -0.0181 0.4024 0.4024 0.4145
v 27.2164 -21.9547 -0.0273 0.2628 0.2628 0.2707
v 27.0413 -22.0507 -0.0521 0.1437 0.1437 0.1480
v 27.0271 -22.2740 -0.0548 0.0420 0.0420 0.0432
v 27.2275 -22.3240 -0.0464 0.0420 0.0420 0.0432
v 27.4157 -22.3449 -0.0504 0.1138 0.1138 0.1173
v 27.7546 -22.1123 -0.1159 0.3024 0.3024 0.3096
v 27.4733 -21.8372 -0.1073 0.4531 0.4531 0.4639
v 27.1467 -21.7913 -0.1193 0.3732 0.3732 0.3821
v 26.8846 -22.0124 -0.1502 0.0619 0.0619 0.0633
v 26.8360 -22.4137 -0.1817 0.0300 0.0300 0.0300
v 27.2269 -22.4300 -0.1650 0.0300 0.0300 0.0300
v 27.5144 -22.4210 -0.1514 0.1092 0.1092 0.1118
v 44.2015 -14.2210 0.9916 0.1903 0.1903 0.1960
v 44.3977 -14.1513 0.8819 0.2721 0.2721 0.2802
v 44.3310 -14.0101 0.8360 0.3309 0.3309 0.3409
v 44.1737 -14.0301 0.8093 0.2418 0.2418 0.2491
v 43.9769 -14.0917 0.7595 0.1285 0.1285 0.1324
v 44.0792 -14.2641 0.8010 0.0392 0.0392 0.0404
v 44.2081 -14.3644 0.8792 0.0430 0.0430 0.0443
v 44.4164 -14.3473 0.8684 0.1923 0.1923 0.1981
v 44.5445 -14.2079 0.7204 0.2908 0.2908 0.2995
v 44.5038 -13.9111 0.6810 0.3032 0.3032 0.3123
v 44.1936 -13.8643 0.6267 0.2487 0.2487 0.2562
v 43.8121 -13.9187 0.4951 0.1283 0.1283 0.1322
v 43.9034 -14.2785 0.6075 0.0397 0.0397 0.0409
v 44.0723 -14.5894 0.6784 0.0358 0.0358 0.0369
v 44.4719 -14.5483 0.7586 0.1458 0.1458 0.1502
v 44.8287 -14.1194 0.5723 0.4182 0.4182 0.4282
v 44.5788 -13.6620 0.4863 0.4380 0.4380 0.4485
v 44.0633 -13.6895 0.3559 0.3948 0.3948 0.4042
v 43.3796 -13.8687 0.1764 0.0711 0.0711 0.0728
v 43.7865 -14.4250 0.3888 0.0300 0.0300 0.0300
v 44.1411 -14.7912 0.5192 0.0300 0.0300 0.0300
v 44.8182 -14.7609 0.6145 0.1678 0.1678 0.1718
v 23.9179 -8.4933 0.3441 0.1548 0.1548 0.1595
v 24.0410 -8.5135 0.2789 0.2173 0.2173 0.2239
v 24.0170 -8.4389 0.2910 0.2315 0.2315 0.2384
v 23.9321 -8.4469 0.2975 0.2371 0.2371 0.2442
v 23.8714 -8.4750 0.2964 0.1147 0.1147 0.1182
v 23.8602 -8.5405 0.2986 0.0368 0.0368 0.0379
v 23.9219 -8.5809 0.2797 0.0372 0.0372 0.0383
v 24.0010 -8.5764 0.2711 0.0847 0.0847 0.0873
v 24.1211 -8.5311 0.2192 0.2123 0.2123 0.2186
v 24.1230 -8.3647 0.2309 0.2097 0.2097 0.2160
v 23.9336 -8.3909 0.2332 0.1982 0.1982 0.2041
v 23.8231 -8.4391 0.2249 0.1094 0.1094 0.1127
v 23.7689 -8.5578 0.2185 0.0405 0.0405 0.0417
v 23.8828 -8.6498 0.2124 0.0395 0.0395 0.0407
v 24.0281 -8.6312 0.2160 0.0855 0.0855 0.0881
v 24.2792 -8.4779 0.1484 0.3047 0.3047 0.3120
v 24.1440 -8.2382 0.1597 0.3957 0.3957 0.4051
v 23.8617 -8.3021 0.1546 0.3554 0.3554 0.3639
v 23.7167 -8.4399 0.1466 0.0668 0.0668 0.0684
v 23.6497 -8.6685 0.1344 0.0300 0.0300 0.0300
v 23.9086 -8.7810 0.1304 0.0300 0.0300 0.0300
v 24.1557 -8.6923 0.1367 0.1559 0.1559 0.1596
v 71.9453 -26.8029 1.4392 0.1785 0.1785 0.1839
v 72.1062 -26.8651 1.3447 0.2194 0.2194 0.2260
v 72.0965 -26.7589 1.3021 0.2935 0.2935 0.3023
v 71.9587 -26.6780 1.3169 0.2110 0.2110 0.2174
v 71.8283 -26.7688 1.3224 0.1107 0.1107 0.1140
v 71.7741 -26.8959 1.3384 0.0407 0.0407 0.0419
v 71.9019 -26.9896 1.3172 0.0435 0.0435 0.0448
v 72.0747 -26.9903 1.3546 0.1432 0.1432 0.1475
v 72.2481 -26.8395 1.2128 0.2488 0.2488 0.2562
v 72.1606 -26.6455 1.2146 0.3155 0.3155 0.3250
v 71.8683 -26.5417 1.2181 0.1964 0.1964 0.2023
v 71.7021 -26.7554 1.2181 0.1226 0.1226 0.1263
v 71.6380 -26.9901 1.2144 0.0439 0.0439 0.0452
v 71.8930 -27.1909 1.2172 0.0534 0.0534 0.0550
v 72.2502 -27.1023 1.2181 0.1497 0.1497 0.1542
v 72.4423 -26.8387 1.0735 0.4401 0.4401 0.4506
v 72.2743 -26.5321 1.0729 0.4921 0.4921 0.5038
v 71.7952 -26.2964 1.0672 0.4017 0.4017 0.4113
v 71.5069 -26.6820 1.0576 0.0558 0.0558 0.0571
v 71.3676 -27.0956 1.0554 0.0315 0.0315 0.0322
v 71.8468 -27.3476 1.0650 0.0300 0.0300 0.0300
v 72.4820 -27.3286 1.0801 0.0585 0.0585 0.0599
v 56.4161 -28.3001 1.4758 0.1868 0.1868 0.1924
v 56.6875 -28.3428 1.2876 0.2470 0.2470 0.2544
v 56.5957 -28.1840 1.3066 0.3063 0.3063 0.3155
v 56.3622 -28.1552 1.2627 0.2746 0.2746 0.2828
v 56.1421 -28.2581 1.2402 0.0953 0.0953 0.0981
v 56.2874 -28.4120 1.2550 0.0375 0.0375 0.0386
v 56.3887 -28.5460 1.2956 0.0424 0.0424 0.0437
v 56.5991 -28.4930 1.3142 0.1597 0.1597 0.1645
v 56.9702 -28.3285 1.1595 0.3014 0.3014 0.3105
v 56.7556 -28.0098 1.0891 0.2820 0.2820 0.2904
v 56.2797 -27.9481 1.0440 0.2250 0.2250 0.2317
v 55.9036 -28.1866 1.0220 0.1183 0.1183 0.1219
v 56.1353 -28.4771 1.1112 0.0379 0.0379 0.0390
v 56.3583 -28.6944 1.1772 0.0474 0.0474 0.0488
v 56.7780 -28.6406 1.1930 0.1344 0.1344 0.1384
v 57.2722 -28.4312 1.0136 0.3621 0.3621 0.3707
v 57.1116 -27.8543 0.9140 0.4648 0.4648 0.4758
v 56.3387 -27.6252 0.8108 0.4137 0.4137 0.4235
v 55.6143 -27.9519 0.7706 0.0658 0.0658 0.0674
v 55.8762 -28.4932 0.8629 0.0300 0.0300 0.0300
v 56.1562 -28.9286 0.9555 0.0300 0.0300 0.0300
v 56.8862 -28.9094 1.0450 0.0417 0.0417 0.0427
v 50.0814 -15.0384 0.8102 0.2164 0.2164 0.2229
v 50.2806 -15.1024 0.6713 0.2643 0.2643 0.2722
v 50.1416 -14.9100 0.6542 0.3444 0.3444 0.3547
v 49.9255 -14.8589 0.6887 0.2405 0.2405 0.2477
v 49.8194 -15.0568 0.7146 0.1028 0.1028 0.1059
v 49.8384 -15.2467 0.6654 0.0570 0.0570 0.0587
v 49.9725 -15.4624 0.6835 0.0955 0.0955 0.0983
v 50.1618 -15.3011 0.6494 0.2160 0.2160 0.2225
v 50.5463 -15.1757 0.5312 0.2766 0.2766 0.2849
v 50.3918 -14.6841 0.5268 0.3037 0.3037 0.3128
v 49.9219 -14.4954 0.5726 0.2115 0.2115 0.2179
v 49.6090 -14.8801 0.5663 0.1064 0.1064 0.1096
v 49.6244 -15.2971 0.5797 0.0596 0.0596 0.0614
v 49.8425 -15.7245 0.5524 0.0936 0.0936 0.0964
v 50.2952 -15.5871 0.5381 0.1642 0.1642 0.1691
v 51.0537 -15.1635 0.3542 0.3226 0.3226 0.3303
v 50.5641 -14.4172 0.3760 0.4343 0.4343 0.4447
v 49.8365 -14.1837 0.4244 0.4008 0.4008 0.4104
v 49.2978 -14.7319 0.4355 0.0637 0.0637 0.0652
v 49.3545 -15.4520 0.4068 0.0300 0.0300 0.0300
v 49.7285 -16.3231 0.3778 0.0379 0.0379 0.0388
v 50.4692 -15.7956 0.3564 0.0563 0.0563 0.0577
v 59.0136 -28.4455 1.4569 0.2350 0.2350 0.2421
v 59.2028 -28.4438 1.4085 0.3692 0.3692 0.3802
v 59.1370 -28.3468 1.3527 0.3827 0.3827 0.3942
v 59.0238 -28.3697 1.3565 0.3569 0.3569 0.3676
v 58.8835 -28.3850 1.3534 0.1898 0.1898 0.1955
v 58.8990 -28.5119 1.3608 0.0765 0.0765 0.0788
v 59.0256 -28.5390 1.3832 0.0534 0.0534 0.0550
v 59.1586 -28.5592 1.4130 0.1839 0.1839 0.1894
v 59.3406 -28.4290 1.3152 0.3783 0.3783 0.3896
v 59.2004 -28.2577 1.2732 0.3599 0.3599 0.3707
v 58.9872 -28.2816 1.2622 0.2834 0.2834 0.2919
v 58.7349 -28.3432 1.2491 0.2370 0.2370 0.2441
v 58.7578 -28.5884 1.3021 0.0726 0.0726 0.0748
v 59.0129 -28.6390 1.3325 0.0612 0.0612 0.0630
v 59.2603 -28.6420 1.3442 0.1795 0.1795 0.1849
v 59.5347 -28.3971 1.2279 0.4139 0.4139 0.4238
v 59.2686 -28.1432 1.1650 0.4625 0.4625 0.4735
v 58.9436 -28.2035 1.1448 0.4093 0.4093 0.4190
v 58.4962 -28.2888 1.1176 0.0867 0.0867 0.0888
v 58.6203 -28.6789 1.1942 0.0300 0.0300 0.0300
v 59.0091 -28.7594 1.2430 0.0300 0.0300 0.0300
v 59.4341 -28.7688 1.2818 0.1702 0.1702 0.1742
v 61.2292 -20.1490 0.9876 0.1582 0.1582 0.1630
v 61.4332 -20.2432 0.7755 0.2356 0.2356 0.2427
v 61.4616 -20.0568 0.7753 0.2014 0.2014 0.2074
v 61.2132 -20.0627 0.7783 0.2325 0.2325 0.2394
v 60.9549 -20.0679 0.7458 0.1029 0.1029 0.1060
v 61.0285 -20.2545 0.7895 0.0344 0.0344 0.0354
v 61.0957 -20.4370 0.7574 0.0325 0.0325 0.0334
v 61.3661 -20.4160 0.7800 0.1088 0.1088 0.1121
v 61.7048 -20.2296 0.6235 0.2183 0.2183 0.2248
v 61.6300 -19.8606 0.6437 0.2557 0.2557 0.2634
v 61.1576 -19.9506 0.5867 0.2691 0.2691 0.2772
v 60.6484 -19.9832 0.5985 0.1587 0.1587 0.1635
v 60.8195 -20.3450 0.6209 0.0332 0.0332 0.0342
v 61.0587 -20.6655 0.6134 0.0342 0.0342 0.0352
v 61.5419 -20.5440 0.6532 0.1039 0.1039 0.1071
v 61.9687 -20.2581 0.4167 0.3696 0.3696 0.3784
v 61.9455 -19.6304 0.4087 0.4241 0.4241 0.4342
v 61.1262 -19.7249 0.3785 0.4091 0.4091 0.4189
v 60.2973 -19.8093 0.3509 0.0865 0.0865 0.0886
v 60.5592 -20.4086 0.3647 0.0300 0.0300 0.0300
v 60.8945 -21.0064 0.4010 0.0300 0.0300 0.0300
v 61.8028 -20.8600 0.4266 0.0488 0.0488 0.0500
v 59.7305 -20.6674 0.5739 0.1722 0.1722 0.1774
v 59.8559 -20.6399 0.5179 0.2445 0.2445 0.2518
v 59.8229 -20.5565 0.4970 0.2668 0.2668 0.2748
v 59.7456 -20.5326 0.4942 0.2370 0.2370 0.2441
v 59.6818 -20.5905 0.5085 0.0977 0.0977 0.1007
v 59.6939 -20.6777 0.5057 0.0383 0.0383 0.0394
v 59.7466 -20.7295 0.5099 0.0382 0.0382 0.0393
v 59.8384 -20.7480 0.4993 0.1331 0.1331 0.1371
v 59.9337 -20.6148 0.4398 0.2475 0.2475 0.2550
v 59.8584 -20.4627 0.4358 0.3426 0.3426 0.3529
v 59.6948 -20.4107 0.4388 0.2404 0.2404 0.2476
v 59.6017 -20.5740 0.4221 0.0755 0.0755 0.0778
v 59.6270 -20.7420 0.4385 0.0300 0.0300 0.0304
v 59.7479 -20.8344 0.4498 0.0450 0.0450 0.0464
v 59.9270 -20.8237 0.4476 0.1617 0.1617 0.1665
v 60.0689 -20.6985 0.3563 0.4116 0.4116 0.4214
v 59.9760 -20.4191 0.3472 0.4844 0.4844 0.4960
v 59.7473 -20.2698 0.3389 0.4233 0.4233 0.4334
v 59.5113 -20.4291 0.3333 0.1757 0.1757 0.1799
v 59.5009 -20.7278 0.3408 0.0300 0.0300 0.0300
v 59.6511 -20.9607 0.3588 0.0300 0.0300 0.0300
v 59.9568 -21.0416 0.3728 0.0553 0.0553 0.0566
v 70.8855 -16.8612 1.1740 0.1772 0.1772 0.1825
v 71.0154 -16.8376 1.1124 0.2505 0.2505 0.2580
v 70.9933 -16.7512 1.0802 0.3229 0.3229 0.3326
v 70.9004 -16.6874 1.1042 0.2043 0.2043 0.2105
v 70.8451 -16.7810 1.1098 0.0807 0.0807 0.0831
v 70.8227 -16.8505 1.0812 0.0316 0.0316 0.0325
v 70.8719 -16.9234 1.0883 0.0421 0.0421 0.0434
v 70.9782 -16.9301 1.0847 0.1519 0.1519 0.1565
v 71.0987 -16.7927 1.0184 0.3380 0.3380 0.3481
v 71.0123 -16.6499 0.9975 0.3252 0.3252 0.3350
v 70.7949 -16.5587 0.9934 0.2156 0.2156 0.2220
v 70.7458 -16.7790 1.0133 0.0793 0.0793 0.0817
v 70.7485 -16.9350 1.0156 0.0401 0.0401 0.0413
v 70.9010 -17.0323 1.0150 0.0545 0.0545 0.0561
v 71.1099 -16.9895 1.0267 0.1642 0.1642 0.1691
v 71.2825 -16.7988 0.9214 0.4330 0.4330 0.4433
v 71.1120 -16.5483 0.9001 0.4819 0.4819 0.4933
v 70.7801 -16.4112 0.8777 0.3670 0.3670 0.3758
v 70.6192 -16.7132 0.8889 0.0300 0.0300 0.0300
v 70.6241 -16.9798 0.9049 0.0300 0.0300 0.0300
v 70.8573 -17.1600 0.9242 0.0300 0.0300 0.0300
v 71.2611 -17.1832 0.9411 0.0569 0.0569 0.0583
v 56.7931 -27.7744 1.4221 0.2142 0.2142 0.2206
v 57.0530 -27.7117 1.2871 0.3915 0.3915 0.4032
v 57.0214 -27.3899 1.2523 0.2662 0.2662 0.2741
v 56.7561 -27.4522 1.1981 0.2301 0.2301 0.2370
v 56.5224 -27.6138 1.2326 0.1239 0.1239 0.1277
v 56.5624 -27.9663 1.2395 0.0525 0.0525 0.0541
v 56.8212 -28.0292 1.2960 0.0518 0.0518 0.0533
v 57.0519 -27.9891 1.3343 0.1977 0.1977 0.2036
v 57.2817 -27.6619 1.1201 0.2981 0.2981 0.3070
v 57.1607 -27.0720 1.0391 0.3529 0.3529 0.3635
v 56.6462 -27.1381 1.0130 0.2201 0.2201 0.2268
v 56.2881 -27.5386 0.9865 0.1614 0.1614 0.1662
v 56.2562 -28.2352 1.0862 0.0708 0.0708 0.0729
v 56.8127 -28.2820 1.1702 0.0730 0.0730 0.0752
v 57.2409 -28.1879 1.2017 0.1776 0.1776 0.1830
v 57.6095 -27.6336 0.9344 0.4298 0.4298 0.4401
v 57.4689 -26.5195 0.7838 0.4211 0.4211 0.4312
v 56.5105 -26.6080 0.7207 0.3437 0.3437 0.3518
v 55.8790 -27.3419 0.7389 0.0616 0.0616 0.0631
v 55.9435 -28.4411 0.8638 0.0300 0.0300 0.0300
v 56.7731 -28.5553 0.9770 0.0300 0.0300 0.0300
v 57.5509 -28.5922 1.0703 0.2167 0.2167 0.2219
v 72.7911 -24.0685 1.4578 0.1748 0.1748 0.1800
v 72.9298 -24.0452 1.3283 0.2872 0.2872 0.2958
v 72.8753 -23.9051 1.3594 0.2891 0.2891 0.2978
v 72.7142 -23.9064 1.3273 0.1969 0.1969 0.2028
v 72.6501 -24.0241 1.3358 0.0697 0.0697 0.0717
v 72.6603 -24.1346 1.3461 0.0376 0.0376 0.0387
v 72.7598 -24.2026 1.3247 0.0394 0.0394 0.0406
v 72.9266 -24.2064 1.3397 0.1877 0.1877 0.1934
v 73.0579 -24.1011 1.2391 0.2559 0.2559 0.2636
v 73.0863 -23.7785 1.2388 0.2846 0.2846 0.2931
v 72.7458 -23.7578 1.2459 0.1906 0.1906 0.1963
v 72.5667 -23.9324 1.2346 0.1112 0.1112 0.1145
v 72.5339 -24.1385 1.2400 0.0413 0.0413 0.0426
v 72.6653 -24.3410 1.2431 0.0359 0.0359 0.0369
v 72.9748 -24.3867 1.2345 0.1495 0.1495 0.1540
v 73.2727 -24.0470 1.1002 0.3780 0.3780 0.3870
v 73.1896 -23.5264 1.0992 0.4089 0.4089 0.4186
v 72.6383 -23.5743 1.0974 0.3616 0.3616 0.3702
v 72.4021 -23.9076 1.0965 0.0490 0.0490 0.0502
v 72.3729 -24.2664 1.0961 0.0300 0.0300 0.0300
v 72.6796 -24.5382 1.0959 0.0300 0.0300 0.0300
v 73.1740 -24.5111 1.0989 0.0439 0.0439 0.0449
v 53.3105 -19.7970 0.7103 0.1859 0.1859 0.1914
v 53.4739 -19.8140 0.6077 0.1995 0.1995 0.2055
v 53.3887 -19.7219 0.6010 0.3444 0.3444 0.3547
v 53.2881 -19.6621 0.6050 0.3083 0.3083 0.3176
v 53.1441 -19.7011 0.6238 0.1452 0.1452 0.1496
v 53.1481 -19.8268 0.5945 0.0362 0.0362 0.0373
v 53.2303 -19.9278 0.6210 0.0548 0.0548 0.0564
v 53.3755 -19.9050 0.5780 0.0814 0.0814 0.0839
v 53.6835 -19.7603 0.4706 0.2476 0.2476 0.2551
v 53.4455 -19.6033 0.4736 0.3334 0.3334 0.3434
v 53.1865 -19.5096 0.4792 0.2472 0.2472 0.2546
v 52.9756 -19.6910 0.4784 0.1292 0.1292 0.1330
v 53.0427 -19.9175 0.4885 0.0313 0.0313 0.0322
v 53.2497 -20.0923 0.4787 0.0559 0.0559 0.0576
v 53.4882 -19.9542 0.4763 0.1241 0.1241 0.1278
v 53.8860 -19.8305 0.3297 0.3373 0.3373 0.3453
v 53.5672 -19.5532 0.3337 0.5327 0.5327 0.5454
v 53.2121 -19.2933 0.3391 0.4467 0.4467 0.4573
v 52.7751 -19.5356 0.3463 0.0646 0.0646 0.0661
v 52.8282 -19.9395 0.3486 0.0300 0.0300 0.0300
v 53.1040 -20.2970 0.3482 0.0300 0.0300 0.0300
v 53.5798 -20.1388 0.3381 0.0457 0.0457 0.0468
v 73.1989 -28.3497 1.4507 0.2165 0.2165 0.2230
v 73.4396 -28.3503 1.3639 0.3523 0.3523 0.3628
v 73.3443 -28.1793 1.3306 0.3351 0.3351 0.3451
v 73.1917 -28.1830 1.3500 0.3308 0.3308 0.3407
v 73.0736 -28.2814 1.3496 0.1045 0.1045 0.1076
v 73.1021 -28.4474 1.3317 0.0500 0.0500 0.0515
v 73.2150 -28.4883 1.3437 0.0368 0.0368 0.0379
v 73.3247 -28.4855 1.3671 0.1622 0.1622 0.1670
v 73.6507 -28.2855 1.2781 0.2959 0.2959 0.3048
v 73.4119 -27.9912 1.2465 0.3518 0.3518 0.3623
v 73.1164 -28.0091 1.2242 0.3342 0.3342 0.3442
v 72.8833 -28.2348 1.2268 0.1593 0.1593 0.1641
v 73.0075 -28.5475 1.2571 0.0430 0.0430 0.0443
v 73.2192 -28.6046 1.2651 0.0453 0.0453 0.0466
v 73.4556 -28.6061 1.2733 0.1569 0.1569 0.1617
v 74.0176 -28.3594 1.1653 0.3404 0.3404 0.3485
v 73.5652 -27.8634 1.1248 0.4683 0.4683 0.4794
v 73.1228 -27.7902 1.1035 0.3860 0.3860 0.3952
v 72.7227 -28.0709 1.0969 0.0606 0.0606 0.0621
v 72.8281 -28.5970 1.1283 0.0300 0.0300 0.0300
v 73.1497 -28.8075 1.1491 0.0300 0.0300 0.0300
v 73.5452 -28.8253 1.1692 0.0408 0.0408 0.0418
v 51.5961 -17.0820 0.6236 0.2343 0.2343 0.2413
v 51.8124 -17.1050 0.5386 0.2937 0.2937 0.3025
v 51.7075 -16.9706 0.5201 0.3266 0.3266 0.3364
v 51.5614 -16.9270 0.5336 0.2823 0.2823 0.2908
v 51.4797 -17.0423 0.5220 0.1468 0.1468 0.1512
v 51.4192 -17.1832 0.5591 0.1371 0.1371 0.1412
v 51.5550 -17.2763 0.5258 0.0835 0.0835 0.0860
v 51.6834 -17.2107 0.5489 0.1312 0.1312 0.1352
v 52.0077 -17.1719 0.4601 0.2692 0.2692 0.2773
v 51.8358 -16.8930 0.4423 0.3639 0.3639 0.3748
v 51.5790 -16.7309 0.4483 0.2578 0.2578 0.2656
v 51.3837 -16.9492 0.4533 0.1502 0.1502 0.1547
v 51.2322 -17.2043 0.4551 0.0931 0.0931 0.0959
v 51.4500 -17.4523 0.4475 0.0902 0.0902 0.0929
v 51.7455 -17.3674 0.4577 0.1312 0.1312 0.1352
v 52.2243 -17.0147 0.3414 0.2630 0.2630 0.2693
v 51.8767 -16.6356 0.3411 0.4329 0.4329 0.4432
v 51.3903 -16.5593 0.3440 0.3872 0.3872 0.3964
v 51.2132 -16.9792 0.3454 0.0574 0.0574 0.0587
v 51.0609 -17.4561 0.3485 0.0317 0.0317 0.0324
v 51.5445 -17.7252 0.3475 0.0401 0.0401 0.0410
v 51.9608 -17.4415 0.3440 0.1973 0.1973 0.2019
v 73.8640 -24.0113 1.3397 0.1873 0.1873 0.1930
v 73.9698 -24.0259 1.2590 0.2059 0.2059 0.2120
v 73.9158 -23.9704 1.2558 0.2872 0.2872 0.2958
v 73.8386 -23.9606 1.2579 0.1930 0.1930 0.1988
v 73.7471 -24.0066 1.2806 0.1077 0.1077 0.1109
v 73.7735 -24.1077 1.2744 0.0322 0.0322 0.0331
v 73.8678 -24.1430 1.2811 0.0780 0.0780 0.0804
v 73.9454 -24.1008 1.2599 0.2062 0.2062 0.2124
v 74.0353 -24.0137 1.1978 0.2043 0.2043 0.2104
v 73.9649 -23.8832 1.2025 0.2761 0.2761 0.2844
v 73.7977 -23.8732 1.2051 0.2264 0.2264 0.2332
v 73.6396 -23.9802 1.2050 0.1081 0.1081 0.1114
v 73.7002 -24.1591 1.2047 0.0300 0.0300 0.0300
v 73.8629 -24.2692 1.2102 0.0663 0.0663 0.0683
v 74.0202 -24.1607 1.2045 0.1894 0.1894 0.1951
v 74.2062 -24.0207 1.1078 0.3941 0.3941 0.4035
v 74.0619 -23.7883 1.1056 0.4669 0.4669 0.4781
v 73.7893 -23.7745 1.1036 0.4354 0.4354 0.4457
v 73.4508 -23.8810 1.1014 0.0709 0.0709 0.0725
v 73.5342 -24.2207 1.1028 0.0300 0.0300 0.0300
v 73.8119 -24.4037 1.1058 0.0300 0.0300 0.0300
v 74.1007 -24.2742 1.1082 0.0564 0.0564 0.0577
v 73.5257 -23.8275 1.4170 0.2281 0.2281 0.2350
v 73.6173 -23.7702 1.3380 0.3374 0.3374 0.3475
v 73.5611 -23.7005 1.3427 0.3408 0.3408 0.3510
v 73.4643 -23.6492 1.3115 0.2723 0.2723 0.2804
v 73.3743 -23.7263 1.3306 0.1400 0.1400 0.1442
v 73.3916 -23.8337 1.3399 0.0429 0.0429 0.0442
v 73.4691 -23.9644 1.3303 0.0491 0.0491 0.0506
v 73.6255 -23.9034 1.3371 0.2288 0.2288 0.2357
v 73.7049 -23.7770 1.2154 0.3439 0.3439 0.3542
v 73.6390 -23.6194 1.2365 0.4157 0.4157 0.4282
v 73.4340 -23.4862 1.2370 0.2892 0.2892 0.2979
v 73.2629 -23.6670 1.2221 0.1078 0.1078 0.1110
v 73.2933 -23.8693 1.2179 0.0449 0.0449 0.0463
v 73.4197 -24.1110 1.2153 0.0506 0.0506 0.0521
v 73.7243 -24.0366 1.2161 0.1637 0.1637 0.1686
v 73.8353 -23.7437 1.1038 0.4514 0.4514 0.4622
v 73.6948 -23.4972 1.1022 0.4941 0.4941 0.5059
v 73.3506 -23.3592 1.1000 0.4334 0.4334 0.4437
v 73.0679 -23.6307 1.0987 0.0522 0.0522 0.0535
v 73.1574 -23.9753 1.0992 0.0300 0.0300 0.0300
v 73.4297 -24.3471 1.1020 0.0300 0.0300 0.0300
v 73.8915 -24.1430 1.1057 0.2286 0.2286 0.2341
v 62.9620 -21.1312 0.7328 0.2634 0.2634 0.2714
v 63.0106 -21.1755 0.6723 0.2860 0.2860 0.2945
v 62.9835 -21.1124 0.6472 0.3650 0.3650 0.3760
v 62.9223 -21.0574 0.6410 0.3285 0.3285 0.3384
v 62.8304 -21.0948 0.6423 0.1755 0.1755 0.1807
v 62.8295 -21.1992 0.6683 0.0744 0.0744 0.0766
v 62.8990 -21.2555 0.6797 0.1124 0.1124 0.1158
v 62.9803 -21.2493 0.6556 0.1943 0.1943 0.2001
v 63.0911 -21.1489 0.5915 0.2994 0.2994 0.3084
v 63.0113 -21.0373 0.5796 0.3411 0.3411 0.3514
v 62.8634 -20.9474 0.5850 0.3440 0.3440 0.3543
v 62.7056 -21.0767 0.5736 0.1395 0.1395 0.1437
v 62.7545 -21.2758 0.5861 0.0503 0.0503 0.0518
v 62.9079 -21.3524 0.6000 0.0504 0.0504 0.0519
v 63.0814 -21.3270 0.6045 0.1759 0.1759 0.1812
v 63.2259 -21.1776 0.5094 0.4252 0.4252 0.4353
v 63.0958 -20.9673 0.4917 0.5008 0.5008 0.5128
v 62.8675 -20.7993 0.4726 0.4427 0.4427 0.4532
v 62.5863 -20.9712 0.4683 0.0628 0.0628 0.0643
v 62.5720 -21.3259 0.4862 0.0300 0.0300 0.0300
v 62.8506 -21.4735 0.5061 0.0300 0.0300 0.0300
v 63.1446 -21.4694 0.5190 0.0487 0.0487 0.0498
v 66.9037 -24.3724 1.2571 0.1752 0.1752 0.1805
v 67.0967 -24.3525 1.1785 0.2418 0.2418 0.2491
v 67.0097 -24.2427 1.1369 0.2403 0.2403 0.2475
v 66.8725 -24.1573 1.1270 0.2011 0.2011 0.2071
v 66.7848 -24.3124 1.1657 0.0927 0.0927 0.0955
v 66.7975 -24.4773 1.1247 0.0420 0.0420 0.0432
v 66.9135 -24.6440 1.1559 0.0946 0.0946 0.0975
v 67.0951 -24.5527 1.1401 0.1565 0.1565 0.1612
v 67.2491 -24.4215 1.0509 0.2435 0.2435 0.2508
v 67.1132 -24.1806 1.0497 0.2650 0.2650 0.2729
v 66.9065 -23.9683 1.0194 0.2021 0.2021 0.2081
v 66.6683 -24.1686 1.0194 0.1050 0.1050 0.1081
v 66.6498 -24.4831 1.0424 0.0320 0.0320 0.0330
v 66.7841 -24.8533 1.0596 0.0596 0.0596 0.0614
v 67.1414 -24.7630 1.0695 0.1471 0.1471 0.1515
v 67.5130 -24.2866 0.9347 0.3866 0.3866 0.3958
v 67.1789 -23.9142 0.9026 0.4512 0.4512 0.4619
v 66.7430 -23.7641 0.8682 0.4095 0.4095 0.4192
v 66.3620 -24.1546 0.8606 0.0612 0.0612 0.0626
v 66.5386 -24.6764 0.8945 0.0300 0.0300 0.0300
v 66.8641 -25.2947 0.9350 0.0325 0.0325 0.0332
v 67.4297 -24.9196 0.9470 0.2426 0.2426 0.2484
v 62.2557 -18.4660 0.7500 0.2132 0.2132 0.2196
v 62.3918 -18.4932 0.6828 0.3513 0.3513 0.3619
v 62.3218 -18.3844 0.6637 0.3266 0.3266 0.3364
v 62.2112 -18.3696 0.6445 0.2905 0.2905 0.2992
v 62.1318 -18.4336 0.6439 0.1790 0.1790 0.1844
v 62.0697 -18.5593 0.6578 0.0790 0.0790 0.0813
v 62.2010 -18.6099 0.6481 0.0337 0.0337 0.0347
v 62.3390 -18.6304 0.6645 0.1552 0.1552 0.1599
v 62.5697 -18.5486 0.5699 0.2251 0.2251 0.2319
v 62.4297 -18.3156 0.5632 0.2836 0.2836 0.2921
v 62.2245 -18.2862 0.5619 0.3328 0.3328 0.3428
v 62.0466 -18.3512 0.5708 0.1760 0.1760 0.1813
v 61.8794 -18.5854 0.5430 0.0656 0.0656 0.0675
v 62.1298 -18.7308 0.5414 0.0423 0.0423 0.0435
v 62.3967 -18.7914 0.5533 0.1257 0.1257 0.1295
v 62.7700 -18.4604 0.4645 0.3280 0.3280 0.3358
v 62.5235 -18.0828 0.4641 0.4168 0.4168 0.4267
v 62.1436 -18.1673 0.4464 0.3801 0.3801 0.3891
v 61.8903 -18.3424 0.4317 0.0727 0.0727 0.0744
v 61.7219 -18.7670 0.4141 0.0300 0.0300 0.0300
v 62.1636 -18.8861 0.4287 0.0300 0.0300 0.0300
v 62.5825 -18.8837 0.4471 0.0388 0.0388 0.0397
v 70.6183 -20.9211 1.2810 0.2375 0.2375 0.2446
v 70.7224 -20.8985 1.2154 0.3475 0.3475 0.3579
v 70.7102 -20.8052 1.2113 0.2724 0.2724 0.2806
v 70.6119 -20.8125 1.2164 0.3603 0.3603 0.3711
v 70.5110 -20.8512 1.2263 0.1295 0.1295 0.1334
v 70.5600 -20.9446 1.2280 0.0344 0.0344 0.0354
v 70.6172 -21.0214 1.2303 0.0907 0.0907 0.0934
v 70.7195 -20.9916 1.2040 0.2217 0.2217 0.2283
v 70.7999 -20.9148 1.1417 0.3179 0.3179 0.3275
v 70.8363 -20.6963 1.1458 0.3528 0.3528 0.3633
v 70.6129 -20.7372 1.1442 0.3103 0.3103 0.3196
v 70.3703 -20.7521 1.1330 0.2115 0.2115 0.2178
v 70.4614 -20.9700 1.1451 0.0342 0.0342 0.0352
v 70.5607 -21.1458 1.1444 0.0467 0.0467 0.0481
v 70.7876 -21.1160 1.1566 0.2189 0.2189 0.2255
v 70.9076 -20.9232 1.0595 0.4009 0.4009 0.4105
v 70.9522 -20.5765 1.0555 0.3954 0.3954 0.4048
v 70.5938 -20.6098 1.0481 0.4029 0.4029 0.4125
v 70.2638 -20.6915 1.0345 0.0820 0.0820 0.0839
v 70.3805 -21.0002 1.0443 0.0300 0.0300 0.0300
v 70.4916 -21.3597 1.0544 0.0300 0.0300 0.0300
v 70.8751 -21.2420 1.0631 0.0574 0.0574 0.0587
v -33.2278 26.1322 2.0063 0.2372 0.2372 0.2443
v -33.0194 26.0662 1.8611 0.2871 0.2871 0.2957
v -33.0579 26.1867 1.8671 0.2715 0.2715 0.2796
v -33.1752 26.3514 1.8436 0.2843 0.2843 0.2928
v -33.3519 26.2305 1.8653 0.1534 0.1534 0.1580
v -33.4215 25.9945 1.9236 0.0564 0.0564 0.0581
v -33.2302 25.8718 1.9330 0.1335 0.1335 0.1375
v -33.0602 25.9125 1.8822 0.2335 0.2335 0.2405
v -32.8775 26.1373 1.7681 0.2652 0.2652 0.2732
v -33.0066 26.3767 1.7298 0.3150 0.3150 0.3245
v -33.3496 26.6037 1.7444 0.2364 0.2364 0.2435
v -33.5662 26.2175 1.7802 0.1368 0.1368 0.1409
v -33.5549 25.7799 1.8001 0.0735 0.0735 0.0757
v -33.1766 25.6855 1.7984 0.0799 0.0799 0.0823
v -32.8590 25.7976 1.7919 0.2037 0.2037 0.2098
v -32.6395 26.0924 1.5993 0.4374 0.4374 0.4479
v -32.8392 26.5263 1.5741 0.4875 0.4875 0.4991
v -33.3321 26.8968 1.5651 0.4335 0.4335 0.4438
v -33.8876 26.4618 1.6178 0.0724 0.0724 0.0741
v -33.8558 25.7104 1.6829 0.0381 0.0381 0.0390
v -33.3106 25.3093 1.6740 0.0395 0.0395 0.0404
v -32.7577 25.5556 1.6460 0.0708 0.0708 0.0724
v -36.5343 36.9644 1.9846 0.2115 0.2115 0.2178
v -36.2228 36.9977 1.8217 0.2889 0.2889 0.2976
v -36.3305 37.1885 1.8360 0.3321 0.3321 0.3421
v -36.5348 37.1781 1.8192 0.3026 0.3026 0.3117
v -36.6582 37.0873 1.8502 0.1425 0.1425 0.1468
v -36.6770 36.9420 1.8667 0.0564 0.0564 0.0581
v -36.5631 36.8097 1.8476 0.0486 0.0486 0.0500
v -36.3734 36.8468 1.8291 0.1492 0.1492 0.1537
v -35.9429 37.0444 1.6733 0.2377 0.2377 0.2448
v -36.1720 37.4459 1.6768 0.3744 0.3744 0.3856
v -36.6053 37.3246 1.6862 0.2697 0.2697 0.2778
v -36.8845 37.1503 1.6948 0.1607 0.1607 0.1656
v -36.8025 36.8539 1.6886 0.0405 0.0405 0.0417
v -36.5718 36.6068 1.7114 0.0751 0.0751 0.0774
v -36.2061 36.7136 1.6803 0.1552 0.1552 0.1599
v -35.6619 36.9813 1.4853 0.3397 0.3397 0.3478
v -35.8898 37.6612 1.5007 0.4385 0.4385 0.4489
v -36.6091 37.5274 1.5154 0.3917 0.3917 0.4010
v -37.1020 37.2999 1.5306 0.0702 0.0702 0.0718
v -37.0833 36.7777 1.5362 0.0300 0.0300 0.0300
v -36.7021 36.3259 1.5282 0.0300 0.0300 0.0300
v -36.0197 36.4121 1.4987 0.0525 0.0525 0.0537
v -28.4524 32.7791 1.4369 0.1921 0.1921 0.1979
v -28.2272 32.8563 1.3564 0.2802 0.2802 0.2886
v -28.3391 33.0385 1.3573 0.3504 0.3504 0.3609
v -28.4969 32.9721 1.3406 0.2152 0.2152 0.2217
v -28.5402 32.8476 1.3465 0.1617 0.1617 0.1665
v -28.5723 32.7037 1.3435 0.0969 0.0969 0.0998
v -28.4528 32.6259 1.3696 0.1240 0.1240 0.1278
v -28.3672 32.7301 1.3666 0.1983 0.1983 0.2042
v -28.0060 32.7552 1.2285 0.1989 0.1989 0.2049
v -28.1779 33.1362 1.2585 0.3641 0.3641 0.3750
v -28.4817 33.2139 1.2838 0.2790 0.2790 0.2873
v -28.6336 32.9569 1.2873 0.1211 0.1211 0.1248
v -28.7884 32.6657 1.2805 0.1236 0.1236 0.1274
v -28.5535 32.4285 1.2765 0.1202 0.1202 0.1238
v -28.3179 32.5733 1.2479 0.1152 0.1152 0.1186
v -27.7593 32.9498 1.1113 0.2179 0.2179 0.2231
v -28.1028 33.5504 1.1523 0.3973 0.3973 0.4068
v -28.6234 33.3462 1.1817 0.3531 0.3531 0.3615
v -28.7934 32.9374 1.1858 0.0497 0.0497 0.0509
v -28.8896 32.4340 1.1838 0.0300 0.0300 0.0300
v -28.4748 32.1866 1.1495 0.0429 0.0429 0.0439
v -28.1994 32.5470 1.1375 0.2011 0.2011 0.2059
v -25.6588 25.1193 1.1634 0.1863 0.1863 0.1919
v -25.5434 25.1142 1.0701 0.2265 0.2265 0.2333
v -25.5149 25.2107 1.0677 0.2102 0.2102 0.2165
v -25.6320 25.1876 1.1021 0.2398 0.2398 0.2470
v -25.6972 25.1560 1.1038 0.1640 0.1640 0.1689
v -25.7766 25.0691 1.1126 0.0977 0.0977 0.1006
v -25.6551 25.0261 1.1177 0.0624 0.0624 0.0643
v -25.5599 25.0470 1.1011 0.1886 0.1886 0.1943
v -25.4650 25.1212 1.0121 0.2079 0.2079 0.2142
v -25.4181 25.3332 0.9903 0.1828 0.1828 0.1883
v -25.6628 25.2624 1.0323 0.2251 0.2251 0.2318
v -25.8059 25.1892 1.0495 0.1207 0.1207 0.1243
v -25.9176 24.9964 1.0823 0.0842 0.0842 0.0867
v -25.6758 24.9002 1.0506 0.0691 0.0691 0.0712
v -25.4756 24.9765 1.0132 0.1300 0.1300 0.1339
v -25.3514 25.1585 0.8953 0.4228 0.4228 0.4329
v -25.3675 25.5005 0.8806 0.3818 0.3818 0.3908
v -25.7349 25.3407 0.9388 0.3812 0.3812 0.3903
v -25.9079 25.1845 0.9730 0.0774 0.0774 0.0792
v -26.0216 24.8810 1.0073 0.0300 0.0300 0.0300
v -25.6404 24.7541 0.9560 0.0310 0.0310 0.0318
v -25.3517 24.9270 0.9068 0.2556 0.2556 0.2617
v -48.8262 30.4671 2.4291 0.2011 0.2011 0.2071
v -48.6949 30.4382 2.3512 0.2636 0.2636 0.2715
v -48.7193 30.5303 2.3785 0.3888 0.3888 0.4005
v -48.8273 30.5893 2.3662 0.2180 0.2180 0.2246
v -48.8751 30.4794 2.3679 0.0798 0.0798 0.0822
v -48.8731 30.4052 2.3606 0.0520 0.0520 0.0536
v -48.8323 30.2950 2.3709 0.1023 0.1023 0.1054
v -48.7304 30.3569 2.3485 0.2121 0.2121 0.2185
v -48.5668 30.4257 2.2766 0.3041 0.3041 0.3133
v -48.6627 30.5835 2.3033 0.3323 0.3323 0.3422
v -48.8453 30.7413 2.3220 0.2964 0.2964 0.3053
v -48.9503 30.5254 2.3094 0.0973 0.0973 0.1002
v -48.9524 30.3778 2.3140 0.0539 0.0539 0.0556
v -48.8816 30.1558 2.2866 0.1093 0.1093 0.1126
v -48.6835 30.2827 2.2831 0.1591 0.1591 0.1638
v -48.4457 30.4489 2.1852 0.3460 0.3460 0.3542
v -48.5948 30.7002 2.2065 0.4819 0.4819 0.4934
v -48.9178 30.9091 2.2363 0.4084 0.4084 0.4182
v -49.0891 30.5696 2.2371 0.0463 0.0463 0.0474
v -49.0672 30.3034 2.2229 0.0300 0.0300 0.0300
v -48.9082 29.8921 2.1922 0.0319 0.0319 0.0326
v -48.5536 30.1579 2.1794 0.0717 0.0717 0.0734
v -41.1521 21.9470 2.0642 0.1746 0.1746 0.1798
v -41.0448 21.9392 1.9390 0.2491 0.2491 0.2566
v -41.0887 22.0565 1.9835 0.3259 0.3259 0.3357
v -41.1888 22.2108 1.9861 0.1545 0.1545 0.1592
v -41.2929 22.0606 1.9450 0.1029 0.1029 0.1060
v -41.3483 21.9112 1.9502 0.0714 0.0714 0.0735
v -41.2250 21.8386 1.9773 0.0375 0.0375 0.0386
v -41.0820 21.7640 1.9771 0.1615 0.1615 0.1664
v -40.9025 21.9173 1.8574 0.2765 0.2765 0.2848
v -40.9996 22.1542 1.8697 0.3479 0.3479 0.3584
v -41.2086 22.4579 1.8495 0.1946 0.1946 0.2004
v -41.4099 22.1486 1.8535 0.1253 0.1253 0.1291
v -41.5329 21.8425 1.8849 0.0864 0.0864 0.0890
v -41.2654 21.7141 1.8490 0.0387 0.0387 0.0398
v -40.9883 21.5862 1.8356 0.1359 0.1359 0.1400
v -40.7228 21.9861 1.7198 0.3950 0.3950 0.4044
v -40.9246 22.3604 1.7221 0.4818 0.4818 0.4933
v -41.3500 22.6976 1.7239 0.4159 0.4159 0.4258
v -41.6563 22.2044 1.7405 0.0645 0.0645 0.0661
v -41.7720 21.6058 1.7490 0.0376 0.0376 0.0385
v -41.2618 21.4567 1.7199 0.0300 0.0300 0.0300
v -40.7634 21.4154 1.6908 0.0508 0.0508 0.0520
v -27.7913 36.9564 1.4539 0.2506 0.2506 0.2581
v -27.6034 36.9257 1.3733 0.3192 0.3192 0.3288
v -27.6975 36.9941 1.3866 0.3762 0.3762 0.3875
v -27.7738 37.0237 1.3774 0.3477 0.3477 0.3581
v -27.8723 36.9748 1.3991 0.1343 0.1343 0.1383
v -27.8340 36.8607 1.3849 0.0357 0.0357 0.0368
v -27.7705 36.7501 1.3974 0.1287 0.1287 0.1325
v -27.6493 36.7944 1.3695 0.2430 0.2430 0.2503
v -27.4799 36.8640 1.2831 0.2518 0.2518 0.2594
v -27.6120 37.0509 1.3171 0.3906 0.3906 0.4023
v -27.7554 37.1153 1.3178 0.3910 0.3910 0.4027
v -27.9856 37.1097 1.3454 0.1961 0.1961 0.2020
v -27.9568 36.8482 1.3187 0.0448 0.0448 0.0461
v -27.8710 36.5777 1.3014 0.0565 0.0565 0.0582
v -27.6113 36.6381 1.2947 0.1805 0.1805 0.1859
v -27.3135 36.9710 1.1868 0.3623 0.3623 0.3709
v -27.5634 37.2448 1.2149 0.4482 0.4482 0.4589
v -27.8453 37.2380 1.2350 0.4445 0.4445 0.4551
v -28.2667 37.1228 1.2587 0.0895 0.0895 0.0916
v -28.0900 36.6719 1.2306 0.0316 0.0316 0.0323
v -27.7987 36.3907 1.2017 0.0333 0.0333 0.0341
v -27.4172 36.5433 1.1804 0.2058 0.2058 0.2107
v -41.8134 31.9005 2.2803 0.1993 0.1993 0.2052
v -41.5960 31.9138 2.1632 0.3094 0.3094 0.3187
v -41.7276 32.0286 2.1543 0.2927 0.2927 0.3015
v -41.8717 32.0095 2.1833 0.2313 0.2313 0.2382
v -41.9912 31.9403 2.1408 0.1108 0.1108 0.1141
v -42.0167 31.7780 2.1793 0.0706 0.0706 0.0727
v -41.8472 31.6841 2.1266 0.0325 0.0325 0.0334
v -41.6777 31.7605 2.1708 0.1274 0.1274 0.1313
v -41.3519 31.8357 1.9838 0.2367 0.2367 0.2438
v -41.5753 32.1060 1.9876 0.3239 0.3239 0.3337
v -41.8532 32.1579 2.0296 0.3467 0.3467 0.3571
v -42.1105 32.0558 2.0289 0.1472 0.1472 0.1516
v -42.2021 31.7752 2.0121 0.0658 0.0658 0.0678
v -41.9750 31.5164 1.9858 0.0403 0.0403 0.0415
v -41.5975 31.5566 1.9919 0.1121 0.1121 0.1155
v -41.0762 31.8089 1.8035 0.3086 0.3086 0.3159
v -41.3596 32.2997 1.8309 0.4630 0.4630 0.4740
v -41.8793 32.3631 1.8567 0.4440 0.4440 0.4545
v -42.3487 32.1898 1.8735 0.0835 0.0835 0.0855
v -42.4554 31.6950 1.8634 0.0317 0.0317 0.0325
v -42.0751 31.2576 1.8293 0.0300 0.0300 0.0300
v -41.4881 31.4027 1.8073 0.0338 0.0338 0.0347
v -26.8470 25.3704 1.4725 0.2141 0.2141 0.2206
v -26.6697 25.3963 1.3197 0.2475 0.2475 0.2549
v -26.6630 25.6501 1.2890 0.2380 0.2380 0.2452
v -26.8693 25.5954 1.3242 0.2438 0.2438 0.2512
v -27.0026 25.5235 1.3717 0.2222 0.2222 0.2288
v -27.0886 25.3027 1.3930 0.1191 0.1191 0.1227
v -26.9150 25.1584 1.3720 0.0701 0.0701 0.0722
v -26.7025 25.1533 1.3809 0.1504 0.1504 0.1549
v -26.5040 25.3808 1.1882 0.2928 0.2928 0.3016
v -26.5242 25.8294 1.1853 0.2386 0.2386 0.2458
v -26.8872 25.7409 1.2225 0.2606 0.2606 0.2684
v -27.1472 25.6246 1.2789 0.1670 0.1670 0.1720
v -27.3491 25.1808 1.3319 0.1020 0.1020 0.1051
v -26.9635 24.9707 1.2973 0.0997 0.0997 0.1027
v -26.5843 24.9434 1.2287 0.1547 0.1547 0.1593
v -26.3106 25.4630 1.0164 0.4216 0.4216 0.4317
v -26.4041 26.1989 0.9879 0.4271 0.4271 0.4373
v -26.9900 25.9675 1.0832 0.3876 0.3876 0.3969
v -27.3582 25.6545 1.1550 0.0870 0.0870 0.0891
v -27.5210 24.9451 1.2265 0.0347 0.0347 0.0355
v -26.9541 24.5597 1.1698 0.0494 0.0494 0.0506
v -26.2821 24.6814 1.0588 0.0772 0.0772 0.0790
v -29.3578 36.0634 1.5676 0.1546 0.1546 0.1592
v -29.1822 36.0763 1.4585 0.2285 0.2285 0.2354
v -29.2009 36.2396 1.4800 0.2439 0.2439 0.2512
v -29.3560 36.2941 1.4915 0.1945 0.1945 0.2003
v -29.4678 36.1710 1.5056 0.0985 0.0985 0.1014
v -29.4812 36.0050 1.5035 0.0416 0.0416 0.0429
v -29.3713 35.8760 1.4569 0.0488 0.0488 0.0502
v -29.2010 35.8970 1.4631 0.1438 0.1438 0.1481
v -29.0436 36.0494 1.3866 0.2133 0.2133 0.2197
v -29.0446 36.3992 1.3983 0.2453 0.2453 0.2527
v -29.3609 36.4576 1.4101 0.2064 0.2064 0.2126
v -29.5571 36.2478 1.4164 0.1230 0.1230 0.1267
v -29.6366 35.9559 1.3976 0.0378 0.0378 0.0389
v -29.4324 35.7176 1.3767 0.0503 0.0503 0.0518
v -29.1193 35.7245 1.3788 0.1149 0.1149 0.1184
v -28.8054 36.0673 1.2509 0.3719 0.3719 0.3807
v -28.9045 36.6418 1.2767 0.4154 0.4154 0.4253
v -29.4379 36.7389 1.3098 0.3735 0.3735 0.3824
v -29.7862 36.3530 1.3098 0.0667 0.0667 0.0683
v -29.8152 35.8324 1.2918 0.0300 0.0300 0.0307
v -29.4615 35.4661 1.2667 0.0300 0.0300 0.0300
v -28.9288 35.4956 1.2395 0.0551 0.0551 0.0564
v -47.5962 38.7245 2.5853 0.2207 0.2207 0.2273
v -47.3884 38.6871 2.4451 0.3244 0.3244 0.3341
v -47.5189 38.8508 2.4524 0.3990 0.3990 0.4109
v -47.7015 38.8109 2.4406 0.2529 0.2529 0.2605
v -47.8203 38.7349 2.4944 0.1301 0.1301 0.1340
v -47.8412 38.5825 2.4396 0.0597 0.0597 0.0615
v -47.6988 38.4592 2.4238 0.0723 0.0723 0.0745
v -47.5088 38.5220 2.4749 0.1472 0.1472 0.1517
v -47.0984 38.6318 2.2887 0.3139 0.3139 0.3233
v -47.3171 39.0012 2.3004 0.2985 0.2985 0.3075
v -47.7099 39.0027 2.3033 0.3284 0.3284 0.3382
v -47.9397 38.8237 2.3442 0.1712 0.1712 0.1763
v -48.0242 38.5467 2.3368 0.0436 0.0436 0.0449
v -47.8267 38.1926 2.3193 0.0915 0.0915 0.0942
v -47.3913 38.3134 2.3094 0.1197 0.1197 0.1233
v -46.7463 38.7595 2.0914 0.3276 0.3276 0.3354
v -47.2465 39.2556 2.1202 0.4639 0.4639 0.4750
v -47.8528 39.1919 2.1566 0.3884 0.3884 0.3977
v -48.1972 38.8493 2.1803 0.0666 0.0666 0.0682
v -48.1829 38.3810 2.1842 0.0300 0.0300 0.0300
v -47.7536 37.9622 2.1638 0.0300 0.0300 0.0300
v -47.1309 38.1882 2.1191 0.1684 0.1684 0.1724
v -33.7053 32.6310 1.7576 0.1851 0.1851 0.1907
v -33.5494 32.6733 1.6640 0.2366 0.2366 0.2437
v -33.6246 32.8146 1.6758 0.3250 0.3250 0.3348
v -33.7783 32.8404 1.6606 0.2472 0.2472 0.2546
v -33.8464 32.7178 1.6588 0.1466 0.1466 0.1510
v -33.8965 32.5810 1.6491 0.0601 0.0601 0.0619
v -33.7708 32.4719 1.6722 0.0828 0.0828 0.0853
v -33.6596 32.5798 1.6642 0.1430 0.1430 0.1473
v -33.3383 32.6435 1.5437 0.2637 0.2637 0.2716
v -33.4821 32.9495 1.5542 0.3515 0.3515 0.3621
v -33.7910 33.0179 1.5631 0.2697 0.2697 0.2778
v -33.9835 32.8081 1.5887 0.1787 0.1787 0.1841
v -34.0461 32.5375 1.5764 0.0938 0.0938 0.0967
v -33.8336 32.3197 1.5701 0.0802 0.0802 0.0826
v -33.6072 32.4862 1.5699 0.1210 0.1210 0.1246
v -33.1258 32.6505 1.4084 0.2281 0.2281 0.2335
v -33.3306 33.1501 1.4131 0.4554 0.4554 0.4663
v -33.8480 33.2478 1.4374 0.3868 0.3868 0.3961
v -34.1289 32.8735 1.4569 0.0654 0.0654 0.0669
v -34.3349 32.3945 1.4741 0.0450 0.0450 0.0461
v -33.8914 32.0456 1.4556 0.0399 0.0399 0.0408
v -33.5358 32.4024 1.4325 0.0439 0.0439 0.0449
v -22.6044 21.2315 0.8412 0.2586 0.2586 0.2664
v -22.5233 21.2264 0.7759 0.3900 0.3900 0.4017
v -22.5534 21.2904 0.7641 0.3768 0.3768 0.3881
v -22.6168 21.2948 0.7724 0.3310 0.3310 0.3410
v -22.6792 21.2507 0.7815 0.1761 0.1761 0.1814
v -22.6796 21.1515 0.7893 0.0645 0.0645 0.0665
v -22.5997 21.1354 0.7927 0.1014 0.1014 0.1045
v -22.5165 21.1299 0.7660 0.2418 0.2418 0.2491
v -22.4592 21.2166 0.6914 0.3248 0.3248 0.3346
v -22.5109 21.3357 0.6981 0.3795 0.3795 0.3909
v -22.6249 21.3812 0.7103 0.3847 0.3847 0.3962
v -22.7588 21.3095 0.7340 0.2514 0.2514 0.2590
v -22.7759 21.1136 0.7452 0.0797 0.0797 0.0821
v -22.6226 21.0627 0.7194 0.0445 0.0445 0.0458
v -22.4463 21.0037 0.7020 0.2458 0.2458 0.2532
v -22.3523 21.1716 0.5953 0.4280 0.4280 0.4382
v -22.4053 21.4145 0.5991 0.4736 0.4736 0.4849
v -22.6101 21.5322 0.6273 0.4597 0.4597 0.4707
v -22.8783 21.4480 0.6694 0.3283 0.3283 0.3361
v -22.9183 21.1038 0.6848 0.0404 0.0404 0.0413
v -22.6781 20.9700 0.6504 0.0300 0.0300 0.0300
v -22.4061 20.8324 0.6097 0.0472 0.0472 0.0483
v -46.5427 40.2757 2.3050 0.1525 0.1525 0.1570
v -46.4103 40.3064 2.2484 0.2697 0.2697 0.2778
v -46.4935 40.3382 2.2406 0.3135 0.3135 0.3229
v -46.5615 40.3672 2.2621 0.2158 0.2158 0.2223
v -46.6027 40.3156 2.2513 0.0894 0.0894 0.0921
v -46.6137 40.2554 2.2453 0.0458 0.0458 0.0472
v -46.5356 40.2461 2.2344 0.0378 0.0378 0.0389
v -46.4716 40.2537 2.2500 0.0854 0.0854 0.0879
v -46.3221 40.2731 2.1688 0.2402 0.2402 0.2474
v -46.4256 40.3683 2.1839 0.3110 0.3110 0.3203
v -46.5441 40.4507 2.1806 0.2731 0.2731 0.2812
v -46.6609 40.3640 2.1844 0.0999 0.0999 0.1029
v -46.7086 40.2539 2.1942 0.0599 0.0599 0.0617
v -46.5777 40.2005 2.1827 0.0300 0.0300 0.0308
v -46.4385 40.1794 2.1647 0.0665 0.0665 0.0685
v -46.1176 40.3041 2.0688 0.2620 0.2620 0.2682
v -46.3747 40.4493 2.0889 0.5041 0.5041 0.5161
v -46.6120 40.5435 2.1063 0.4343 0.4343 0.4446
v -46.7512 40.3719 2.1115 0.0612 0.0612 0.0626
v -46.7904 40.1946 2.1101 0.0300 0.0300 0.0300
v -46.5696 40.1416 2.0945 0.0300 0.0300 0.0300
v -46.3572 40.1427 2.0806 0.0300 0.0300 0.0300
v -50.3889 22.9509 2.0291 0.1512 0.1512 0.1558
v -50.1366 22.9626 1.9289 0.2142 0.2142 0.2206
v -50.2084 23.1567 1.9352 0.3083 0.3083 0.3176
v -50.3700 23.2128 1.9631 0.2577 0.2577 0.2654
v -50.4985 23.1019 1.9292 0.1228 0.1228 0.1264
v -50.5649 22.9014 1.9098 0.0453 0.0453 0.0466
v -50.3971 22.8273 1.8996 0.0508 0.0508 0.0523
v -50.2734 22.8492 1.8948 0.0862 0.0862 0.0888
v -49.9414 22.9480 1.7918 0.2263 0.2263 0.2331
v -50.0495 23.3614 1.8171 0.2717 0.2717 0.2799
v -50.3911 23.3573 1.8344 0.2836 0.2836 0.2921
v -50.6246 23.1851 1.8315 0.1278 0.1278 0.1317
v -50.7216 22.8250 1.8027 0.0730 0.0730 0.0752
v -50.4268 22.7059 1.7855 0.0406 0.0406 0.0418
v -50.1787 22.6871 1.7768 0.1133 0.1133 0.1167
v -49.6334 22.8412 1.6089 0.2812 0.2812 0.2879
v -49.7974 23.5649 1.6882 0.4134 0.4134 0.4232
v -50.3782 23.6969 1.7341 0.3778 0.3778 0.3868
v -50.8289 23.3993 1.7344 0.2642 0.2642 0.2705
v -50.9941 22.7768 1.6869 0.0369 0.0369 0.0378
v -50.5211 22.5086 1.6250 0.0300 0.0300 0.0300
v -50.0936 22.4364 1.5957 0.0300 0.0300 0.0300
v -29.7448 37.2219 1.5637 0.2168 0.2168 0.2233
v -29.6110 37.2123 1.4812 0.2371 0.2371 0.2442
v -29.6935 37.2884 1.4987 0.3452 0.3452 0.3556
v -29.7883 37.3159 1.5091 0.2645 0.2645 0.2724
v -29.8682 37.2371 1.4996 0.1351 0.1351 0.1391
v -29.8599 37.1137 1.5124 0.0818 0.0818 0.0843
v -29.7588 37.0592 1.5041 0.1365 0.1365 0.1406
v -29.6819 37.1253 1.4934 0.1950 0.1950 0.2009
v -29.4397 37.1878 1.4183 0.2606 0.2606 0.2684
v -29.5990 37.3874 1.4357 0.2936 0.2936 0.3024
v -29.7965 37.4489 1.4449 0.2309 0.2309 0.2378
v -30.0080 37.3355 1.4517 0.1361 0.1361 0.1402
v -29.9996 37.0670 1.4377 0.0708 0.0708 0.0730
v -29.8145 36.8950 1.4241 0.0798 0.0798 0.0822
v -29.6320 37.0320 1.4146 0.1477 0.1477 0.1522
v -29.2812 37.1196 1.3189 0.2964 0.2964 0.3034
v -29.4734 37.4706 1.3461 0.4732 0.4732 0.4845
v -29.7784 37.6254 1.3665 0.4186 0.4186 0.4286
v -30.1031 37.4541 1.3713 0.2607 0.2607 0.2669
v -30.1737 37.0485 1.3535 0.0300 0.0300 0.0300
v -29.9169 36.7179 1.3285 0.0300 0.0300 0.0300
v -29.5844 36.8917 1.3215 0.0511 0.0511 0.0523
v -46.6601 29.3092 2.3517 0.1694 0.1694 0.1745
v -46.4740 29.2988 2.2559 0.2174 0.2174 0.2239
v -46.5188 29.4531 2.2386 0.2989 0.2989 0.3079
v -46.7192 29.4402 2.2706 0.2323 0.2323 0.2392
v -46.8769 29.3529 2.2374 0.0802 0.0802 0.0826
v -46.7946 29.2210 2.2408 0.0420 0.0420 0.0432
v -46.6885 29.1082 2.2494 0.0396 0.0396 0.0408
v -46.5281 29.1768 2.2527 0.1076 0.1076 0.1108
v -46.3093 29.2675 2.1277 0.2002 0.2002 0.2062
v -46.3355 29.5688 2.1355 0.2168 0.2168 0.2233
v -46.7137 29.5691 2.1404 0.2624 0.2624 0.2702
v -47.0212 29.4512 2.1813 0.1213 0.1213 0.1249
v -47.0002 29.1757 2.1565 0.0493 0.0493 0.0508
v -46.7866 28.9408 2.1264 0.0579 0.0579 0.0596
v -46.4714 29.0711 2.1081 0.0852 0.0852 0.0878
v -45.9882 29.3784 1.9628 0.3127 0.3127 0.3202
v -46.2557 29.8715 1.9998 0.4179 0.4179 0.4279
v -46.8821 29.7181 2.0349 0.3934 0.3934 0.4028
v -47.3866 29.4532 2.0613 0.0783 0.0783 0.0802
v -47.1221 29.0208 2.0184 0.0300 0.0300 0.0300
v -46.7013 28.6383 1.9701 0.0300 0.0300 0.0307
v -46.1982 28.9585 1.9562 0.2262 0.2262 0.2316
v -24.0744 33.6620 1.2266 0.2190 0.2190 0.2255
v -23.9164 33.6344 1.0734 0.2896 0.2896 0.2983
v -23.9789 33.7797 1.1000 0.2909 0.2909 0.2996
v -24.1344 33.7652 1.1179 0.3036 0.3036 0.3127
v -24.2189 33.6985 1.1287 0.1585 0.1585 0.1632
v -24.2764 33.5829 1.1077 0.0727 0.0727 0.0749
v -24.1602 33.4930 1.0953 0.0430 0.0430 0.0442
v -23.9908 33.4888 1.0795 0.1504 0.1504 0.1549
v -23.7598 33.6111 0.9681 0.2454 0.2454 0.2528
v -23.8372 33.8986 0.9910 0.3874 0.3874 0.3991
v -24.1437 33.8833 1.0142 0.3127 0.3127 0.3221
v -24.3126 33.7573 1.0171 0.1593 0.1593 0.1641
v -24.4258 33.5422 1.0173 0.0860 0.0860 0.0886
v -24.2161 33.3669 0.9864 0.0402 0.0402 0.0414
v -23.8953 33.3363 0.9578 0.1492 0.1492 0.1537
v -23.5151 33.6130 0.8156 0.3451 0.3451 0.3533
v -23.6764 34.0861 0.8552 0.4345 0.4345 0.4448
v -24.1889 34.0617 0.8818 0.3748 0.3748 0.3837
v -24.4222 33.8014 0.8806 0.0636 0.0636 0.0651
v -24.6300 33.4506 0.8764 0.0337 0.0337 0.0345
v -24.2664 33.1610 0.8338 0.0300 0.0300 0.0300
v -23.7328 33.1563 0.7996 0.0384 0.0384 0.0393
v -32.1516 24.4825 2.0590 0.2032 0.2032 0.2093
v -31.8688 24.4268 1.9154 0.3291 0.3291 0.3389
v -31.9360 24.6006 1.9184 0.3410 0.3410 0.3512
v -32.1144 24.5529 1.9226 0.2961 0.2961 0.3050
v -32.2731 24.5224 1.9156 0.2025 0.2025 0.2085
v -32.2928 24.3500 1.9633 0.0627 0.0627 0.0646
v -32.1495 24.2212 1.8892 0.0400 0.0400 0.0412
v -32.0009 24.3233 1.9598 0.1101 0.1101 0.1135
v -31.7050 24.3987 1.7951 0.2175 0.2175 0.2240
v -31.7488 24.7592 1.7677 0.2778 0.2778 0.2861
v -32.1224 24.6724 1.7810 0.2744 0.2744 0.2826
v -32.4175 24.6183 1.8179 0.1943 0.1943 0.2001
v -32.5608 24.2729 1.8155 0.0810 0.0810 0.0834
v -32.2324 24.0350 1.7566 0.0493 0.0493 0.0508
v -31.9225 24.1950 1.7705 0.0817 0.0817 0.0842
v -31.3747 24.3407 1.6124 0.2354 0.2354 0.2410
v -31.5523 24.9058 1.6036 0.4477 0.4477 0.4584
v -32.1302 24.8756 1.6314 0.4259 0.4259 0.4360
v -32.6701 24.7925 1.6550 0.0964 0.0964 0.0987
v -32.8379 24.2111 1.6468 0.0363 0.0363 0.0372
v -32.3887 23.7032 1.5740 0.0300 0.0300 0.0300
v -31.8610 24.0752 1.6045 0.0300 0.0300 0.0300
v -46.0814 27.8560 2.3927 0.2340 0.2340 0.2410
v -45.8631 27.8620 2.2181 0.3387 0.3387 0.3488
v -45.9907 28.0219 2.2231 0.4086 0.4086 0.4209
v -46.1613 28.0128 2.2310 0.2599 0.2599 0.2676
v -46.3016 27.8996 2.2214 0.1350 0.1350 0.1391
v -46.2668 27.7054 2.2037 0.0564 0.0564 0.0581
v -46.1135 27.6313 2.2373 0.0908 0.0908 0.0935
v -45.9290 27.6521 2.1881 0.1803 0.1803 0.1857
v -45.6115 27.8465 2.0536 0.2777 0.2777 0.2861
v -45.8685 28.1642 2.0828 0.3414 0.3414 0.3516
v -46.1972 28.2353 2.1088 0.2967 0.2967 0.3056
v -46.5086 28.0234 2.1244 0.1793 0.1793 0.1846
v -46.4485 27.6257 2.1067 0.0487 0.0487 0.0501
v -46.1733 27.3929 2.0778 0.0588 0.0588 0.0606
v -45.7994 27.4493 2.0365 0.2070 0.2070 0.2132
v -45.2949 27.7155 1.8501 0.3461 0.3461 0.3544
v -45.5821 28.3718 1.8936 0.4594 0.4594 0.4703
v -46.1528 28.4476 1.9290 0.4435 0.4435 0.4540
v -46.6986 28.2529 1.9498 0.0722 0.0722 0.0739
v -46.7476 27.5915 1.9113 0.0300 0.0300 0.0300
v -46.3205 27.1649 1.8658 0.0300 0.0300 0.0300
v -45.7015 27.1175 1.8372 0.0443 0.0443 0.0454
v -37.4450 28.9466 1.6498 0.1874 0.1874 0.1930
v -37.3631 28.9533 1.6032 0.2406 0.2406 0.2478
v -37.3589 29.0485 1.5948 0.2566 0.2566 0.2643
v -37.4610 29.0621 1.5904 0.2543 0.2543 0.2619
v -37.5143 29.0074 1.5928 0.1317 0.1317 0.1356
v -37.5543 28.9423 1.6084 0.0578 0.0578 0.0596
v -37.4953 28.8804 1.6065 0.0623 0.0623 0.0641
v -37.4057 28.8828 1.5886 0.1534 0.1534 0.1580
v -37.2878 28.9813 1.5447 0.2808 0.2808 0.2892
v -37.3175 29.1608 1.5417 0.3101 0.3101 0.3194
v -37.5202 29.1580 1.5486 0.1966 0.1966 0.2025
v -37.5908 29.0167 1.5582 0.1513 0.1513 0.1558
v -37.6087 28.8845 1.5573 0.0547 0.0547 0.0563
v -37.4832 28.7896 1.5461 0.0505 0.0505 0.0520
v -37.3162 28.8300 1.5455 0.1484 0.1484 0.1529
v -37.1564 29.0083 1.4639 0.4007 0.4007 0.4103
v -37.2702 29.2633 1.4708 0.4497 0.4497 0.4604
v -37.5788 29.2674 1.4874 0.3577 0.3577 0.3662
v -37.6886 29.0372 1.4912 0.0505 0.0505 0.0517
v -37.7267 28.7987 1.4908 0.0300 0.0300 0.0300
v -37.4831 28.6592 1.4782 0.0300 0.0300 0.0300
v -37.1813 28.7270 1.4643 0.2173 0.2173 0.2225
v -50.9143 26.8055 2.4570 0.2165 0.2165 0.2230
v -50.6913 26.7737 2.3302 0.2940 0.2940 0.3028
v -50.8157 26.8376 2.3350 0.3957 0.3957 0.4076
v -50.9243 26.8629 2.3828 0.2565 0.2565 0.2642
v -51.0376 26.8079 2.3743 0.1453 0.1453 0.1496
v -51.0622 26.6832 2.3594 0.0559 0.0559 0.0575
v -50.9143 26.6012 2.3432 0.0809 0.0809 0.0833
v -50.7542 26.6577 2.3097 0.1752 0.1752 0.1804
v -50.5078 26.7581 2.2067 0.2859 0.2859 0.2945
v -50.7317 26.9019 2.2088 0.3075 0.3075 0.3167
v -50.9401 26.9658 2.2575 0.3027 0.3027 0.3117
v -51.2107 26.8865 2.2410 0.1694 0.1694 0.1744
v -51.2723 26.6254 2.2296 0.0559 0.0559 0.0576
v -50.9704 26.4900 2.1942 0.0331 0.0331 0.0341
v -50.6346 26.5190 2.1916 0.1186 0.1186 0.1221
v -50.2139 26.6776 2.0230 0.3405 0.3405 0.3486
v -50.5726 26.9738 2.0719 0.5168 0.5168 0.5291
v -50.9123 27.1391 2.1058 0.4760 0.4760 0.4874
v -51.3786 27.0274 2.1224 0.3198 0.3198 0.3274
v -51.5889 26.6064 2.0982 0.0397 0.0397 0.0407
v -51.1232 26.3190 2.0429 0.0300 0.0300 0.0300
v -50.5562 26.3169 2.0069 0.0300 0.0300 0.0300
v -28.7918 27.6769 1.6157 0.2269 0.2269 0.2337
v -28.4828 27.7043 1.4413 0.3074 0.3074 0.3167
v -28.6027 27.8811 1.4441 0.3185 0.3185 0.3280
v -28.7777 27.8814 1.4476 0.3684 0.3684 0.3794
v -28.9880 27.8592 1.4711 0.2231 0.2231 0.2298
v -28.9637 27.6512 1.4936 0.0694 0.0694 0.0715
v -28.8277 27.5107 1.4801 0.0720 0.0720 0.0742
v -28.6775 27.6147 1.5116 0.1272 0.1272 0.1310
v -28.1885 27.7848 1.3100 0.2923 0.2923 0.3011
v -28.5027 28.1073 1.2907 0.3314 0.3314 0.3413
v -28.8759 28.0640 1.3512 0.3745 0.3745 0.3857
v -29.2275 27.8885 1.3742 0.1930 0.1930 0.1988
v -29.1135 27.5141 1.4190 0.0763 0.0763 0.0786
v -28.8116 27.2725 1.3689 0.1008 0.1008 0.1038
v -28.5374 27.5154 1.3518 0.1360 0.1360 0.1401
v -27.8790 27.6449 1.1001 0.3129 0.3129 0.3203
v -28.1768 28.2984 1.1052 0.4644 0.4644 0.4754
v -28.8237 28.2407 1.1683 0.4563 0.4563 0.4671
v -29.5727 28.2034 1.2365 0.0888 0.0888 0.0909
v -29.4141 27.4954 1.2681 0.0300 0.0300 0.0301
v -28.9898 27.0524 1.2534 0.0300 0.0300 0.0300
v -28.4551 27.2836 1.1840 0.0505 0.0505 0.0517
v -20.7669 21.7912 0.7641 0.1608 0.1608 0.1657
v -20.5453 21.8492 0.6384 0.2177 0.2177 0.2242
v -20.5108 22.1222 0.6519 0.2242 0.2242 0.2309
v -20.7420 22.1425 0.6506 0.2376 0.2376 0.2447
v -20.9355 22.0385 0.6655 0.1133 0.1133 0.1167
v -20.8965 21.7959 0.6732 0.0600 0.0600 0.0618
v -20.8024 21.5747 0.6360 0.0981 0.0981 0.1011
v -20.6005 21.6489 0.6252 0.1814 0.1814 0.1868
v -20.3472 21.8397 0.5134 0.1972 0.1972 0.2032
v -20.3494 22.3537 0.5372 0.2346 0.2346 0.2416
v -20.7823 22.3923 0.5677 0.2517 0.2517 0.2593
v -21.1910 22.2024 0.6054 0.1766 0.1766 0.1819
v -21.0646 21.7059 0.5852 0.0624 0.0624 0.0643
v -20.8602 21.3048 0.5556 0.1038 0.1038 0.1069
v -20.4805 21.4547 0.5091 0.1460 0.1460 0.1503
v -20.0686 21.8371 0.3644 0.3605 0.3605 0.3691
v -20.1830 22.6120 0.3847 0.4170 0.4170 0.4270
v -20.8361 22.6692 0.4266 0.4182 0.4182 0.4282
v -21.5237 22.3983 0.4845 0.0830 0.0830 0.0849
v -21.3743 21.5319 0.4671 0.0387 0.0387 0.0396
v -20.9164 20.9959 0.4172 0.0331 0.0331 0.0339
v -20.2945 21.1686 0.3689 0.0709 0.0709 0.0726
v 38.5683 -36.5933 0.8994 0.1699 0.1699 0.1750
v 38.7380 -36.6387 0.8075 0.2228 0.2228 0.2295
v 38.7151 -36.4575 0.7541 0.2813 0.2813 0.2897
v 38.5372 -36.3983 0.7383 0.1653 0.1653 0.1702
v 38.4464 -36.5546 0.7202 0.0571 0.0571 0.0588
v 38.4277 -36.6989 0.7743 0.0349 0.0349 0.0359
v 38.5095 -36.8892 0.7666 0.0849 0.0849 0.0875
v 38.6718 -36.7749 0.7587 0.1372 0.1372 0.1413
v 38.8920 -36.6686 0.6548 0.2268 0.2268 0.2336
v 38.8685 -36.3109 0.6305 0.2775 0.2775 0.2858
v 38.5290 -36.1886 0.6165 0.2111 0.2111 0.2174
v 38.3182 -36.4554 0.5728 0.0973 0.0973 0.1003
v 38.2694 -36.7477 0.5901 0.0394 0.0394 0.0406
v 38.4347 -37.0711 0.6051 0.0472 0.0472 0.0487
v 38.7560 -36.9413 0.6419 0.1413 0.1413 0.1456
v 39.1458 -36.6823 0.4932 0.3404 0.3404 0.3485
v 39.0765 -36.0537 0.4752 0.4303 0.4303 0.4405
v 38.4614 -35.7556 0.4088 0.3476 0.3476 0.3559
v 38.1536 -36.3603 0.3961 0.0421 0.0421 0.0431
v 37.9987 -36.8704 0.3974 0.0300 0.0300 0.0300
v 38.3561 -37.3810 0.4498 0.0300 0.0300 0.0300
v 38.8967 -37.1521 0.4849 0.0511 0.0511 0.0523
v 31.9273 -48.7232 1.6315 0.1706 0.1706 0.1757
v 32.1192 -48.7304 1.5823 0.1737 0.1737 0.1789
v 32.1032 -48.5993 1.5464 0.2522 0.2522 0.2597
v 31.9480 -48.6281 1.5169 0.2883 0.2883 0.2969
v 31.8628 -48.6620 1.5326 0.1588 0.1588 0.1635
v 31.7627 -48.7641 1.5161 0.0787 0.0787 0.0811
v 31.9190 -48.7958 1.5509 0.0363 0.0363 0.0374
v 32.0055 -48.7781 1.5402 0.0427 0.0427 0.0440
v 32.3262 -48.7367 1.4802 0.2056 0.2056 0.2117
v 32.2230 -48.4824 1.4173 0.2728 0.2728 0.2810
v 31.9219 -48.5145 1.3893 0.2096 0.2096 0.2159
v 31.7661 -48.6219 1.3930 0.1979 0.1979 0.2038
v 31.6373 -48.8132 1.4007 0.0712 0.0712 0.0733
v 31.8976 -48.8673 1.4169 0.0395 0.0395 0.0407
v 32.0710 -48.8495 1.4593 0.0353 0.0353 0.0364
v 32.5272 -48.7069 1.3699 0.1955 0.1955 0.2002
v 32.3291 -48.3241 1.2869 0.4536 0.4536 0.4644
v 31.8626 -48.3936 1.2257 0.3642 0.3642 0.3729
v 31.6010 -48.5777 1.2139 0.0713 0.0713 0.0730
v 31.3668 -48.9512 1.2302 0.0388 0.0388 0.0398
v 31.8815 -48.9991 1.3100 0.0300 0.0300 0.0300
v 32.1522 -48.9062 1.3394 0.0300 0.0300 0.0300
v 47.2969 -51.4742 1.8030 0.1306 0.1306 0.1345
v 47.4146 -51.4674 1.7099 0.1799 0.1799 0.1853
v 47.3807 -51.3420 1.7567 0.2536 0.2536 0.2612
v 47.2579 -51.2804 1.7978 0.2006 0.2006 0.2066
v 47.1789 -51.3973 1.7684 0.0688 0.0688 0.0708
v 47.1825 -51.5145 1.7297 0.0301 0.0301 0.0310
v 47.2668 -51.5546 1.7123 0.0300 0.0300 0.0305
v 47.3417 -51.5427 1.7018 0.0825 0.0825 0.0850
v 47.5190 -51.5075 1.5751 0.1392 0.1392 0.1434
v 47.5338 -51.2186 1.6712 0.2258 0.2258 0.2325
v 47.2726 -51.1105 1.7603 0.1903 0.1903 0.1960
v 47.0668 -51.2836 1.7455 0.0835 0.0835 0.0860
v 47.0840 -51.5274 1.6726 0.0309 0.0309 0.0318
v 47.2224 -51.6399 1.6007 0.0382 0.0382 0.0393
v 47.3782 -51.6462 1.5698 0.0637 0.0637 0.0656
v 47.6561 -51.4292 1.4698 0.2185 0.2185 0.2238
v 47.5721 -50.9901 1.6380 0.3676 0.3676 0.3764
v 47.1217 -50.8651 1.7761 0.3422 0.3422 0.3504
v 46.8896 -51.2890 1.6894 0.0507 0.0507 0.0519
v 46.9685 -51.6725 1.5478 0.0300 0.0300 0.0300
v 47.2410 -51.8313 1.4314 0.0300 0.0300 0.0300
v 47.4758 -51.6863 1.4243 0.1273 0.1273 0.1304
v 48.5234 -42.4287 2.3719 0.2210 0.2210 0.2276
v 48.6463 -42.4014 2.2396 0.3549 0.3549 0.3655
v 48.5819 -42.2545 2.2540 0.3768 0.3768 0.3881
v 48.4256 -42.2411 2.2065 0.1651 0.1651 0.1701
v 48.3727 -42.3927 2.2369 0.0807 0.0807 0.0831
v 48.3964 -42.5148 2.2250 0.0414 0.0414 0.0426
v 48.4876 -42.6725 2.2691 0.1329 0.1329 0.1369
v 48.6593 -42.5924 2.2448 0.2950 0.2950 0.3038
v 48.7707 -42.3941 2.1204 0.3795 0.3795 0.3909
v 48.6961 -42.0661 2.0506 0.3904 0.3904 0.4021
v 48.3600 -42.0000 2.0191 0.2242 0.2242 0.2309
v 48.2583 -42.3399 2.0883 0.0706 0.0706 0.0727
v 48.2691 -42.5978 2.1241 0.0377 0.0377 0.0388
v 48.4551 -42.8961 2.1619 0.0900 0.0900 0.0927
v 48.8208 -42.7914 2.1692 0.2437 0.2437 0.2510
v 49.0392 -42.3229 1.9601 0.4521 0.4521 0.4629
v 48.7884 -41.8247 1.8718 0.4710 0.4710 0.4823
v 48.2203 -41.6899 1.8083 0.3359 0.3359 0.3439
v 48.1133 -42.3100 1.8979 0.0300 0.0300 0.0300
v 48.1466 -42.7183 1.9624 0.0300 0.0300 0.0300
v 48.4658 -43.1673 2.0472 0.0300 0.0300 0.0300
v 49.0731 -43.0059 2.0569 0.2599 0.2599 0.2661
v 47.1458 -34.5464 1.1475 0.2422 0.2422 0.2494
v 47.4514 -34.4854 1.0079 0.3284 0.3284 0.3382
v 47.3311 -34.2811 0.9502 0.3502 0.3502 0.3607
v 47.1181 -34.2814 0.9461 0.2664 0.2664 0.2744
v 47.0221 -34.4503 0.9678 0.1752 0.1752 0.1804
v 47.0010 -34.6447 0.9945 0.0680 0.0680 0.0700
v 47.1647 -34.7787 1.0686 0.1209 0.1209 0.1245
v 47.3120 -34.6448 1.0422 0.2469 0.2469 0.2543
v 47.7856 -34.6176 0.8824 0.3088 0.3088 0.3180
v 47.6076 -34.1083 0.8100 0.4116 0.4116 0.4240
v 47.1632 -34.0282 0.7927 0.3305 0.3305 0.3404
v 46.8489 -34.2579 0.8280 0.1811 0.1811 0.1866
v 46.7064 -34.6725 0.8705 0.1054 0.1054 0.1086
v 47.0037 -35.0230 0.9147 0.1021 0.1021 0.1052
v 47.3713 -34.8551 0.8909 0.1490 0.1490 0.1535
v 48.2295 -34.6392 0.6968 0.2717 0.2717 0.2782
v 47.8744 -33.7783 0.6090 0.4423 0.4423 0.4528
v 47.0952 -33.5956 0.5872 0.3802 0.3802 0.3893
v 46.6322 -34.1374 0.6375 0.0744 0.0744 0.0762
v 46.4081 -34.8137 0.7050 0.0387 0.0387 0.0397
v 46.9121 -35.3871 0.7659 0.0300 0.0300 0.0302
v 47.5161 -35.0672 0.7369 0.0550 0.0550 0.0563
v 53.9251 -36.6933 1.9610 0.2130 0.2130 0.2194
v 54.0044 -36.7268 1.8904 0.2892 0.2892 0.2979
v 54.0106 -36.6044 1.8725 0.3339 0.3339 0.3439
v 53.8419 -36.5483 1.8547 0.2187 0.2187 0.2252
v 53.7321 -36.6540 1.8337 0.1177 0.1177 0.1212
v 53.7410 -36.7584 1.8731 0.0691 0.0691 0.0712
v 53.7998 -36.9009 1.8730 0.0835 0.0835 0.0860
v 53.9762 -36.8379 1.8879 0.2108 0.2108 0.2171
v 54.1499 -36.6908 1.7959 0.2641 0.2641 0.2720
v 54.0861 -36.4449 1.7598 0.2675 0.2675 0.2756
v 53.7121 -36.3757 1.6894 0.2240 0.2240 0.2307
v 53.5734 -36.6406 1.7341 0.1009 0.1009 0.1039
v 53.6275 -36.8433 1.7546 0.0505 0.0505 0.0520
v 53.8269 -37.0924 1.8206 0.0793 0.0793 0.0816
v 54.1542 -36.9312 1.7987 0.1817 0.1817 0.1872
v 54.3109 -36.7522 1.6751 0.3909 0.3909 0.4002
v 54.3559 -36.3310 1.6337 0.4371 0.4371 0.4475
v 53.7701 -36.0836 1.5419 0.3694 0.3694 0.3782
v 53.3972 -36.4922 1.5583 0.0511 0.0511 0.0524
v 53.4775 -36.8316 1.6132 0.0300 0.0300 0.0300
v 53.5937 -37.3720 1.7007 0.0300 0.0300 0.0306
v 54.1830 -37.0915 1.7059 0.0620 0.0620 0.0635
v 36.9772 -47.2712 2.1365 0.1878 0.1878 0.1934
v 37.1675 -47.2826 2.0244 0.2102 0.2102 0.2165
v 37.1376 -47.0686 1.9825 0.2432 0.2432 0.2505
v 36.9359 -47.0428 1.9728 0.2753 0.2753 0.2836
v 36.7816 -47.1255 2.0140 0.1470 0.1470 0.1514
v 36.7583 -47.3037 2.0371 0.0587 0.0587 0.0604
v 36.8914 -47.3905 2.0534 0.0309 0.0309 0.0318
v 37.0445 -47.4224 2.0505 0.1168 0.1168 0.1203
v 37.3927 -47.2024 1.9433 0.2370 0.2370 0.2441
v 37.1845 -46.8729 1.8730 0.2395 0.2395 0.2466
v 36.8258 -46.8623 1.8209 0.2425 0.2425 0.2497
v 36.5405 -47.0899 1.8465 0.1228 0.1228 0.1265
v 36.6098 -47.4566 1.9069 0.0445 0.0445 0.0458
v 36.9065 -47.5751 1.9577 0.0479 0.0479 0.0494
v 37.2346 -47.5521 1.9847 0.1270 0.1270 0.1308
v 37.7943 -47.2351 1.8305 0.3794 0.3794 0.3885
v 37.4569 -46.5708 1.6889 0.4308 0.4308 0.4411
v 36.8050 -46.6320 1.6367 0.3758 0.3758 0.3847
v 36.3326 -46.9492 1.6377 0.0662 0.0662 0.0678
v 36.3181 -47.5688 1.7350 0.0300 0.0300 0.0300
v 36.8489 -47.7218 1.8190 0.0300 0.0300 0.0300
v 37.4313 -47.8556 1.8950 0.0513 0.0513 0.0525
v 46.2886 -34.9616 0.9395 0.1514 0.1514 0.1559
v 46.3815 -34.9675 0.8732 0.2613 0.2613 0.2691
v 46.3148 -34.8996 0.8564 0.2404 0.2404 0.2476
v 46.2117 -34.8951 0.8806 0.1535 0.1535 0.1581
v 46.1876 -34.9670 0.8654 0.0546 0.0546 0.0562
v 46.1938 -35.0179 0.8808 0.0494 0.0494 0.0509
v 46.2481 -35.0713 0.8784 0.0495 0.0495 0.0510
v 46.3315 -35.0394 0.8879 0.1196 0.1196 0.1232
v 46.5000 -34.9976 0.8166 0.2208 0.2208 0.2274
v 46.4302 -34.8310 0.8008 0.2816 0.2816 0.2901
v 46.2200 -34.7971 0.7971 0.1933 0.1933 0.1991
v 46.1325 -34.9266 0.8060 0.0599 0.0599 0.0617
v 46.1246 -35.0252 0.8220 0.0474 0.0474 0.0488
v 46.1867 -35.1651 0.8290 0.0487 0.0487 0.0502
v 46.3644 -35.1112 0.8212 0.0687 0.0687 0.0707
v 46.6659 -35.0403 0.7287 0.2934 0.2934 0.3004
v 46.5785 -34.7521 0.6989 0.4655 0.4655 0.4766
v 46.2375 -34.7146 0.6949 0.4079 0.4079 0.4176
v 46.0445 -34.8623 0.7094 0.2018 0.2018 0.2066
v 46.0048 -35.0412 0.7268 0.0300 0.0300 0.0300
v 46.1032 -35.2779 0.7505 0.0300 0.0300 0.0300
v 46.4075 -35.2059 0.7446 0.0333 0.0333 0.0341
v 53.0838 -43.1030 2.9236 0.1409 0.1409 0.1451
v 53.3467 -43.1311 2.8585 0.2027 0.2027 0.2088
v 53.2140 -43.0102 2.8291 0.3067 0.3067 0.3159
v 53.0785 -42.9708 2.7929 0.1800 0.1800 0.1854
v 52.8867 -43.0196 2.7396 0.1041 0.1041 0.1072
v 52.9126 -43.2185 2.7803 0.0356 0.0356 0.0367
v 53.0667 -43.3153 2.7777 0.0370 0.0370 0.0382
v 53.2526 -43.3004 2.8098 0.0979 0.0979 0.1009
v 53.6332 -43.1957 2.7376 0.2274 0.2274 0.2342
v 53.3269 -42.9318 2.6719 0.2746 0.2746 0.2828
v 53.0847 -42.8204 2.6554 0.2107 0.2107 0.2170
v 52.7212 -42.8792 2.6066 0.1135 0.1135 0.1169
v 52.7234 -43.2506 2.6298 0.0391 0.0391 0.0403
v 52.9639 -43.5130 2.6786 0.0357 0.0357 0.0368
v 53.3690 -43.5392 2.7286 0.1025 0.1025 0.1056
v 53.9069 -43.2242 2.6312 0.3498 0.3498 0.3581
v 53.4817 -42.7828 2.5316 0.4796 0.4796 0.4910
v 53.0662 -42.6702 2.4684 0.4634 0.4634 0.4745
v 52.4620 -42.7229 2.3867 0.0846 0.0846 0.0866
v 52.4242 -43.3511 2.4426 0.0300 0.0300 0.0300
v 52.8928 -43.7120 2.5283 0.0300 0.0300 0.0300
v 53.5298 -43.7842 2.6093 0.0361 0.0361 0.0369
v 33.2791 -40.8658 0.8775 0.1849 0.1849 0.1904
v 33.5948 -40.9120 0.7576 0.2662 0.2662 0.2742
v 33.4965 -40.7635 0.7285 0.3275 0.3275 0.3373
v 33.3405 -40.6607 0.7221 0.2828 0.2828 0.2913
v 33.1666 -40.7577 0.7258 0.1091 0.1091 0.1124
v 33.1770 -40.9191 0.7052 0.0359 0.0359 0.0369
v 33.2769 -41.0356 0.7337 0.0328 0.0328 0.0337
v 33.4580 -41.0432 0.8050 0.1325 0.1325 0.1365
v 33.8781 -40.8973 0.6499 0.2751 0.2751 0.2834
v 33.6367 -40.5917 0.6230 0.2626 0.2626 0.2705
v 33.2737 -40.4826 0.5751 0.2552 0.2552 0.2629
v 32.9850 -40.6996 0.5486 0.1128 0.1128 0.1162
v 32.9776 -41.0151 0.5832 0.0341 0.0341 0.0351
v 33.2531 -41.1906 0.6323 0.0387 0.0387 0.0398
v 33.6170 -41.1963 0.6902 0.1257 0.1257 0.1294
v 34.2127 -40.8572 0.5222 0.3579 0.3579 0.3664
v 33.7751 -40.3868 0.4300 0.4813 0.4813 0.4928
v 33.1354 -40.1187 0.3451 0.4040 0.4040 0.4136
v 32.5951 -40.5733 0.3420 0.0622 0.0622 0.0636
v 32.8247 -41.1126 0.4201 0.0300 0.0300 0.0300
v 33.2197 -41.4524 0.4950 0.0300 0.0300 0.0300
v 33.8376 -41.3838 0.5471 0.0422 0.0422 0.0432
v 33.0038 -46.0729 1.3490 0.1733 0.1733 0.1785
v 33.1412 -46.0830 1.2637 0.3158 0.3158 0.3252
v 33.0897 -46.0005 1.2728 0.3203 0.3203 0.3299
v 32.9842 -45.8940 1.2505 0.1864 0.1864 0.1920
v 32.9291 -46.0342 1.2639 0.0462 0.0462 0.0476
v 32.9138 -46.1357 1.2381 0.0356 0.0356 0.0366
v 32.9869 -46.2462 1.2798 0.0577 0.0577 0.0595
v 33.1204 -46.2063 1.3058 0.1921 0.1921 0.1979
v 33.2620 -46.1180 1.2150 0.3156 0.3156 0.3251
v 33.1667 -45.9472 1.1726 0.3451 0.3451 0.3555
v 32.9953 -45.6925 1.1239 0.2334 0.2334 0.2404
v 32.8343 -45.9504 1.1391 0.0687 0.0687 0.0708
v 32.8091 -46.1507 1.1639 0.0338 0.0338 0.0348
v 32.9068 -46.3915 1.2141 0.0565 0.0565 0.0582
v 33.1795 -46.3538 1.2494 0.1285 0.1285 0.1324
v 33.4568 -46.0510 1.1253 0.4135 0.4135 0.4233
v 33.2085 -45.8099 1.0560 0.4939 0.4939 0.5057
v 32.8284 -45.4222 0.9515 0.4004 0.4004 0.4100
v 32.6528 -45.9313 0.9984 0.0448 0.0448 0.0459
v 32.7089 -46.2664 1.0528 0.0300 0.0300 0.0300
v 32.9434 -46.6178 1.1348 0.0300 0.0300 0.0300
v 33.4035 -46.5020 1.1836 0.0601 0.0601 0.0615
v 42.8847 -47.0349 2.5969 0.2028 0.2028 0.2088
v 43.0261 -47.0116 2.5529 0.3147 0.3147 0.3242
v 42.9624 -46.8680 2.5113 0.3969 0.3969 0.4088
v 42.8323 -46.7997 2.4906 0.2308 0.2308 0.2377
v 42.7027 -46.8978 2.4800 0.1315 0.1315 0.1355
v 42.7495 -47.0555 2.5131 0.0513 0.0513 0.0528
v 42.8308 -47.1265 2.5184 0.0532 0.0532 0.0548
v 42.9767 -47.1915 2.5220 0.1542 0.1542 0.1588
v 43.1346 -46.9896 2.4456 0.3140 0.3140 0.3234
v 43.0396 -46.7186 2.4238 0.3615 0.3615 0.3724
v 42.7774 -46.6285 2.3744 0.3056 0.3056 0.3147
v 42.5650 -46.8478 2.3882 0.1275 0.1275 0.1313
v 42.6419 -47.1365 2.4170 0.0432 0.0432 0.0445
v 42.8203 -47.2530 2.4595 0.0475 0.0475 0.0489
v 43.1375 -47.3797 2.4780 0.1763 0.1763 0.1815
v 43.3836 -46.9354 2.3532 0.4097 0.4097 0.4194
v 43.1049 -46.5515 2.2865 0.4700 0.4700 0.4812
v 42.6731 -46.3556 2.2146 0.3858 0.3858 0.3950
v 42.3445 -46.7841 2.2399 0.0558 0.0558 0.0572
v 42.5516 -47.2267 2.3091 0.0300 0.0300 0.0300
v 42.8120 -47.4904 2.3585 0.0300 0.0300 0.0300
v 43.2997 -47.5222 2.3977 0.1839 0.1839 0.1882
v 39.0660 -42.0792 1.4616 0.2148 0.2148 0.2213
v 39.2039 -42.1313 1.3379 0.2615 0.2615 0.2693
v 39.1873 -42.0039 1.3318 0.3310 0.3310 0.3410
v 39.0298 -42.0042 1.3129 0.2594 0.2594 0.2672
v 38.9239 -42.0608 1.3034 0.1574 0.1574 0.1621
v 38.9149 -42.1626 1.3591 0.0620 0.0620 0.0639
v 38.9873 -42.2806 1.3381 0.0587 0.0587 0.0605
v 39.1349 -42.2229 1.3398 0.1782 0.1782 0.1836
v 39.3651 -42.1506 1.2260 0.2408 0.2408 0.2480
v 39.3332 -41.8948 1.1749 0.3635 0.3635 0.3745
v 39.0184 -41.8826 1.1555 0.3454 0.3454 0.3558
v 38.7961 -41.9907 1.1496 0.1648 0.1648 0.1697
v 38.7834 -42.1952 1.1906 0.0572 0.0572 0.0590
v 38.9160 -42.4260 1.2391 0.0516 0.0516 0.0532
v 39.2167 -42.3366 1.2532 0.1540 0.1540 0.1586
v 39.6015 -42.1808 1.0778 0.3436 0.3436 0.3518
v 39.5709 -41.7189 0.9906 0.4495 0.4495 0.4602
v 39.0078 -41.7424 0.9466 0.4137 0.4137 0.4236
v 38.6339 -41.8995 0.9443 0.0747 0.0747 0.0765
v 38.5446 -42.2537 1.0014 0.0300 0.0300 0.0300
v 38.7948 -42.6711 1.0974 0.0300 0.0300 0.0300
v 39.3317 -42.5002 1.1098 0.0426 0.0426 0.0436
v 29.5104 -50.5660 1.5620 0.2176 0.2176 0.2242
v 29.6601 -50.5008 1.4847 0.3184 0.3184 0.3279
v 29.5872 -50.3375 1.4094 0.3481 0.3481 0.3585
v 29.3466 -50.3158 1.4227 0.2832 0.2832 0.2917
v 29.1905 -50.4699 1.3959 0.0869 0.0869 0.0895
v 29.2798 -50.6360 1.3985 0.0464 0.0464 0.0478
v 29.4498 -50.6979 1.4626 0.0359 0.0359 0.0370
v 29.6639 -50.6758 1.4764 0.2160 0.2160 0.2225
v 29.9207 -50.4641 1.3703 0.3544 0.3544 0.3650
v 29.7587 -50.0833 1.3075 0.3378 0.3378 0.3480
v 29.2380 -50.1044 1.2218 0.2606 0.2606 0.2684
v 28.9106 -50.4051 1.2259 0.1296 0.1296 0.1335
v 29.0942 -50.7435 1.2704 0.0467 0.0467 0.0481
v 29.4379 -50.8794 1.3328 0.0403 0.0403 0.0415
v 29.8162 -50.7860 1.3815 0.1805 0.1805 0.1859
v 30.2330 -50.4563 1.2437 0.3764 0.3764 0.3853
v 30.0087 -49.8121 1.1455 0.4325 0.4325 0.4428
v 29.0983 -49.7056 1.0214 0.3505 0.3505 0.3588
v 28.4843 -50.2576 1.0089 0.0592 0.0592 0.0606
v 28.8389 -50.8503 1.1025 0.0300 0.0300 0.0300
v 29.3838 -51.0990 1.1829 0.0300 0.0300 0.0300
v 30.0177 -50.9794 1.2606 0.1567 0.1567 0.1605
v 54.6835 -34.0621 1.8887 0.2197 0.2197 0.2263
v 54.9673 -34.0427 1.7474 0.3661 0.3661 0.3771
v 54.8696 -33.8461 1.7480 0.3347 0.3347 0.3447
v 54.6901 -33.8453 1.7335 0.2433 0.2433 0.2506
v 54.5791 -33.9673 1.6885 0.0840 0.0840 0.0866
v 54.5627 -34.1481 1.7091 0.0556 0.0556 0.0573
v 54.6880 -34.3065 1.7989 0.1439 0.1439 0.1482
v 54.8499 -34.2067 1.7365 0.1907 0.1907 0.1965
v 55.2190 -34.0602 1.6510 0.2775 0.2775 0.2858
v 55.0121 -33.6674 1.6012 0.3348 0.3348 0.3448
v 54.6591 -33.6289 1.5453 0.2675 0.2675 0.2756
v 54.4476 -33.8815 1.5504 0.1235 0.1235 0.1272
v 54.3901 -34.2276 1.5709 0.0502 0.0502 0.0517
v 54.6124 -34.6051 1.6249 0.1250 0.1250 0.1287
v 54.9229 -34.3305 1.6245 0.1551 0.1551 0.1597
v 55.5174 -34.0471 1.4820 0.2989 0.2989 0.3060
v 55.1932 -33.3890 1.4033 0.4577 0.4577 0.4686
v 54.5909 -33.3331 1.3260 0.3477 0.3477 0.3560
v 54.2770 -33.7972 1.3393 0.0461 0.0461 0.0472
v 54.1531 -34.3696 1.3888 0.0300 0.0300 0.0300
v 54.5457 -35.0002 1.4981 0.0330 0.0330 0.0338
v 55.0695 -34.5272 1.4823 0.0684 0.0684 0.0700
v 46.6108 -36.7745 1.1561 0.2495 0.2495 0.2570
v 46.6601 -36.7916 1.1002 0.3508 0.3508 0.3613
v 46.6423 -36.7284 1.0809 0.3423 0.3423 0.3525
v 46.5462 -36.7051 1.0843 0.2283 0.2283 0.2352
v 46.5108 -36.7765 1.0971 0.1583 0.1583 0.1630
v 46.4571 -36.8616 1.1078 0.1028 0.1028 0.1059
v 46.5749 -36.8762 1.1048 0.0472 0.0472 0.0486
v 46.6824 -36.8747 1.1073 0.1942 0.1942 0.2000
v 46.7325 -36.8114 1.0183 0.3606 0.3606 0.3714
v 46.7304 -36.6848 1.0148 0.2894 0.2894 0.2981
v 46.5594 -36.6004 0.9924 0.2787 0.2787 0.2871
v 46.4307 -36.7196 1.0078 0.1604 0.1604 0.1652
v 46.3460 -36.8637 1.0165 0.1036 0.1036 0.1067
v 46.5201 -36.9464 1.0317 0.0378 0.0378 0.0389
v 46.7140 -36.9601 1.0478 0.1736 0.1736 0.1788
v 46.8591 -36.8219 0.9348 0.4212 0.4212 0.4312
v 46.8589 -36.5813 0.9058 0.4437 0.4437 0.4543
v 46.5418 -36.4880 0.8875 0.4199 0.4199 0.4299
v 46.3343 -36.6728 0.9036 0.0756 0.0756 0.0774
v 46.1275 -36.9258 0.9267 0.0496 0.0496 0.0508
v 46.4648 -37.0750 0.9566 0.0300 0.0300 0.0300
v 46.8016 -37.0682 0.9666 0.0499 0.0499 0.0511
v 55.8540 -53.4085 -0.0653 0.1496 0.1496 0.1541
v 55.9905 -53.4684 -0.1968 0.1878 0.1878 0.1935
v 55.9344 -53.3577 -0.1632 0.2248 0.2248 0.2315
v 55.8249 -53.3355 -0.1458 0.1899 0.1899 0.1956
v 55.6994 -53.3668 -0.1337 0.0993 0.0993 0.1023
v 55.6760 -53.5081 -0.1828 0.0310 0.0310 0.0319
v 55.8025 -53.5539 -0.2079 0.0301 0.0301 0.0310
v 55.8964 -53.5416 -0.2019 0.0422 0.0422 0.0435
v 56.1609 -53.4851 -0.3237 0.1398 0.1398 0.1440
v 56.0352 -53.2565 -0.2153 0.2780 0.2780 0.2864
v 55.8044 -53.1734 -0.1612 0.1882 0.1882 0.1939
v 55.5700 -53.2894 -0.1750 0.0918 0.0918 0.0946
v 55.4940 -53.5729 -0.3093 0.0300 0.0300 0.0300
v 55.7622 -53.6710 -0.3571 0.0300 0.0300 0.0303
v 55.9488 -53.6209 -0.3846 0.0391 0.0391 0.0403
v 56.3785 -53.3973 -0.4567 0.2015 0.2015 0.2063
v 56.0775 -53.0870 -0.2880 0.4258 0.4258 0.4359
v 55.7065 -53.0710 -0.2478 0.4157 0.4157 0.4256
v 55.3426 -53.2770 -0.2926 0.0639 0.0639 0.0655
v 55.3254 -53.7615 -0.4919 0.0300 0.0300 0.0300
v 55.7896 -53.8455 -0.5896 0.0300 0.0300 0.0300
v 56.1168 -53.7295 -0.5791 0.0830 0.0830 0.0850
v 42.0904 -31.6578 0.9134 0.2006 0.2006 0.2066
v 42.3518 -31.7050 0.7325 0.2535 0.2535 0.2611
v 42.2398 -31.6096 0.7262 0.2994 0.2994 0.3084
v 42.0917 -31.5261 0.7990 0.2064 0.2064 0.2126
v 41.9288 -31.6224 0.7409 0.0735 0.0735 0.0757
v 42.0248 -31.7471 0.7811 0.0321 0.0321 0.0330
v 42.0769 -31.9197 0.7622 0.0616 0.0616 0.0635
v 42.2873 -31.8480 0.7623 0.1636 0.1636 0.1685
v 42.5379 -31.7183 0.6057 0.3122 0.3122 0.3216
v 42.3586 -31.5113 0.5996 0.3246 0.3246 0.3343
v 42.0607 -31.3507 0.5865 0.2659 0.2659 0.2739
v 41.6920 -31.5141 0.6322 0.1136 0.1136 0.1170
v 41.8917 -31.7869 0.6182 0.0367 0.0367 0.0378
v 42.0119 -32.0692 0.6342 0.0396 0.0396 0.0408
v 42.4681 -32.0552 0.6436 0.1551 0.1551 0.1598
v 42.7801 -31.7338 0.4324 0.4175 0.4175 0.4274
v 42.5327 -31.3656 0.4131 0.5034 0.5034 0.5154
v 42.0002 -31.0367 0.4045 0.4409 0.4409 0.4514
v 41.4150 -31.3875 0.4262 0.0730 0.0730 0.0748
v 41.7410 -31.8320 0.4508 0.0300 0.0300 0.0300
v 41.9172 -32.3037 0.4802 0.0300 0.0300 0.0300
v 42.6007 -32.2123 0.4686 0.0446 0.0446 0.0456
v 46.2570 -43.2111 2.3489 0.2065 0.2065 0.2127
v 46.4534 -43.2448 2.2596 0.2734 0.2734 0.2816
v 46.2995 -43.1122 2.2420 0.2839 0.2839 0.2924
v 46.1416 -43.1224 2.2250 0.2224 0.2224 0.2291
v 45.9973 -43.2151 2.2425 0.1369 0.1369 0.1410
v 46.0932 -43.3542 2.2559 0.0620 0.0620 0.0638
v 46.1838 -43.4921 2.2579 0.0930 0.0930 0.0957
v 46.3262 -43.4006 2.2851 0.1524 0.1524 0.1570
v 46.6501 -43.3106 2.1308 0.2587 0.2587 0.2665
v 46.4305 -43.0256 2.0960 0.3385 0.3385 0.3487
v 46.1530 -42.9761 2.0751 0.2930 0.2930 0.3018
v 45.8101 -43.0571 2.0719 0.1237 0.1237 0.1274
v 45.9585 -43.3804 2.1414 0.0323 0.0323 0.0333
v 46.0606 -43.7599 2.1947 0.1031 0.1031 0.1062
v 46.4123 -43.5883 2.1789 0.1309 0.1309 0.1348
v 46.9780 -43.1942 1.9932 0.3546 0.3546 0.3631
v 46.5135 -42.7799 1.9005 0.4594 0.4594 0.4703
v 46.0473 -42.8312 1.8881 0.4267 0.4267 0.4369
v 45.4890 -43.0262 1.8967 0.0781 0.0781 0.0799
v 45.8616 -43.4962 2.0010 0.0300 0.0300 0.0300
v 46.1134 -44.0546 2.1067 0.0361 0.0361 0.0370
v 46.5858 -43.6727 2.0570 0.2421 0.2421 0.2479
v 35.2808 -49.5062 2.2752 0.2410 0.2410 0.2482
v 35.4122 -49.5197 2.1667 0.3992 0.3992 0.4112
v 35.3491 -49.4347 2.1721 0.3864 0.3864 0.3980
v 35.2423 -49.3830 2.1584 0.2241 0.2241 0.2309
v 35.1457 -49.4467 2.1139 0.1939 0.1939 0.1998
v 35.0361 -49.5578 2.1257 0.0998 0.0998 0.1028
v 35.1995 -49.6185 2.1860 0.0476 0.0476 0.0490
v 35.3614 -49.6399 2.1784 0.1703 0.1703 0.1755
v 35.5454 -49.5188 2.0865 0.2988 0.2988 0.3077
v 35.4365 -49.3517 2.0582 0.3610 0.3610 0.3718
v 35.2108 -49.2787 2.0088 0.3085 0.3085 0.3177
v 35.0386 -49.4073 1.9848 0.1673 0.1673 0.1724
v 34.8441 -49.6295 2.0067 0.0989 0.0989 0.1019
v 35.1727 -49.7150 2.0541 0.0352 0.0352 0.0362
v 35.4895 -49.7647 2.1228 0.1785 0.1785 0.1839
v 35.7541 -49.4770 1.9607 0.4423 0.4423 0.4528
v 35.4944 -49.2373 1.8934 0.5073 0.5073 0.5194
v 35.1068 -49.1206 1.8212 0.4086 0.4086 0.4183
v 34.8492 -49.3775 1.8227 0.0669 0.0669 0.0684
v 34.5809 -49.7990 1.8414 0.0408 0.0408 0.0418
v 35.1708 -49.9192 1.9418 0.0300 0.0300 0.0300
v 35.7553 -49.9241 2.0217 0.0494 0.0494 0.0505
v 44.0683 17.1380 0.8077 0.1642 0.1642 0.1692
v 44.2071 17.1702 0.7053 0.2338 0.2338 0.2408
v 44.1477 17.2906 0.7126 0.2685 0.2685 0.2766
v 44.0425 17.2822 0.7214 0.2034 0.2034 0.2095
v 43.9348 17.2189 0.6855 0.0968 0.0968 0.0997
v 43.9486 17.0567 0.7174 0.0357 0.0357 0.0368
v 44.0610 16.9975 0.7045 0.0615 0.0615 0.0634
v 44.1491 17.0616 0.7064 0.1512 0.1512 0.1557
v 44.3428 17.1110 0.6396 0.2245 0.2245 0.2313
v 44.2671 17.3834 0.6556 0.2205 0.2205 0.2271
v 44.0564 17.4219 0.6366 0.2405 0.2405 0.2477
v 43.7764 17.3987 0.5996 0.1332 0.1332 0.1372
v 43.8010 17.0404 0.6123 0.0481 0.0481 0.0495
v 43.9891 16.8580 0.6063 0.0528 0.0528 0.0544
v 44.1698 16.9625 0.6282 0.0765 0.0765 0.0788
v 44.5341 17.1525 0.5436 0.2667 0.2667 0.2731
v 44.3664 17.6042 0.5372 0.4257 0.4257 0.4358
v 43.9973 17.5949 0.5061 0.3968 0.3968 0.4063
v 43.5924 17.4474 0.4709 0.0770 0.0770 0.0788
v 43.6270 16.8861 0.4683 0.0300 0.0300 0.0300
v 43.9898 16.6850 0.4985 0.0300 0.0300 0.0300
v 44.2698 16.8506 0.5161 0.0455 0.0455 0.0466
v 43.4431 13.4813 0.7849 0.1703 0.1703 0.1754
v 43.5517 13.4897 0.7387 0.2342 0.2342 0.2412
v 43.5370 13.5669 0.7144 0.2692 0.2692 0.2773
v 43.4597 13.5648 0.7364 0.2466 0.2466 0.2540
v 43.3941 13.5466 0.7269 0.1259 0.1259 0.1297
v 43.3543 13.4659 0.7199 0.0530 0.0530 0.0546
v 43.4269 13.4007 0.7297 0.0451 0.0451 0.0465
v 43.5011 13.4438 0.7464 0.0994 0.0994 0.1024
v 43.6586 13.5125 0.6838 0.1655 0.1655 0.1705
v 43.5958 13.6803 0.6686 0.2259 0.2259 0.2326
v 43.4331 13.6081 0.6680 0.2581 0.2581 0.2658
v 43.2838 13.5726 0.6593 0.1417 0.1417 0.1459
v 43.2546 13.3866 0.6676 0.0644 0.0644 0.0663
v 43.4321 13.3028 0.6750 0.0752 0.0752 0.0775
v 43.5537 13.4069 0.6713 0.0880 0.0880 0.0907
v 43.7863 13.5056 0.6010 0.2836 0.2836 0.2903
v 43.6811 13.7701 0.5827 0.4464 0.4464 0.4570
v 43.4156 13.6998 0.5756 0.3801 0.3801 0.3891
v 43.1592 13.6383 0.5687 0.0853 0.0853 0.0873
v 43.1290 13.3382 0.5850 0.0300 0.0300 0.0300
v 43.3925 13.1680 0.6045 0.0300 0.0300 0.0300
v 43.6000 13.3430 0.6025 0.0545 0.0545 0.0558
v 34.2426 8.9299 0.7950 0.1414 0.1414 0.1456
v 34.4455 8.9471 0.7001 0.2347 0.2347 0.2417
v 34.3592 9.0401 0.7231 0.2421 0.2421 0.2493
v 34.2035 9.1023 0.6767 0.1507 0.1507 0.1552
v 34.1777 8.9551 0.6759 0.0704 0.0704 0.0725
v 34.1546 8.8529 0.6724 0.0458 0.0458 0.0472
v 34.2696 8.7946 0.7004 0.0300 0.0300 0.0300
v 34.4000 8.8313 0.7195 0.1573 0.1573 0.1620
v 34.6078 8.8789 0.6043 0.2115 0.2115 0.2179
v 34.4786 9.0777 0.6079 0.2761 0.2761 0.2844
v 34.2600 9.2698 0.5944 0.2064 0.2064 0.2126
v 34.0973 9.0398 0.5932 0.0891 0.0891 0.0917
v 34.0024 8.8576 0.5908 0.0586 0.0586 0.0603
v 34.1811 8.7174 0.6099 0.0300 0.0300 0.0300
v 34.4322 8.6924 0.6152 0.0865 0.0865 0.0891
v 34.7688 8.9748 0.4881 0.3231 0.3231 0.3308
v 34.5291 9.2667 0.4685 0.4862 0.4862 0.4978
v 34.0445 9.5077 0.4413 0.4019 0.4019 0.4115
v 33.8766 9.0482 0.4467 0.0503 0.0503 0.0515
v 33.8414 8.6874 0.4599 0.0300 0.0300 0.0300
v 34.2346 8.5582 0.4858 0.0300 0.0300 0.0300
v 34.6361 8.6231 0.4985 0.1488 0.1488 0.1524
v 25.1167 19.2752 0.5734 0.1674 0.1674 0.1724
v 25.2383 19.2898 0.5185 0.2744 0.2744 0.2827
v 25.1920 19.3653 0.5188 0.2874 0.2874 0.2961
v 25.0836 19.3631 0.5188 0.1508 0.1508 0.1553
v 25.0562 19.2945 0.5010 0.0403 0.0403 0.0415
v 25.0628 19.2443 0.4999 0.0415 0.0415 0.0427
v 25.1156 19.1821 0.4987 0.0572 0.0572 0.0589
v 25.2001 19.2224 0.5152 0.1387 0.1387 0.1429
v 25.3415 19.2907 0.4469 0.2878 0.2878 0.2964
v 25.2745 19.4496 0.4453 0.3496 0.3496 0.3600
v 25.0596 19.4417 0.4520 0.1999 0.1999 0.2059
v 24.9837 19.3202 0.4349 0.0559 0.0559 0.0576
v 24.9937 19.2170 0.4320 0.0393 0.0393 0.0405
v 25.0901 19.0862 0.4483 0.0635 0.0635 0.0654
v 25.2670 19.1594 0.4502 0.1484 0.1484 0.1529
v 25.5497 19.3021 0.3767 0.3249 0.3249 0.3326
v 25.3784 19.5670 0.3711 0.4264 0.4264 0.4365
v 25.0147 19.5582 0.3546 0.3569 0.3569 0.3654
v 24.8569 19.3597 0.3457 0.0410 0.0410 0.0420
v 24.8976 19.1743 0.3472 0.0300 0.0300 0.0300
v 25.0649 18.9619 0.3541 0.0300 0.0300 0.0300
v 25.3584 19.0813 0.3673 0.0409 0.0409 0.0418
v 37.7234 13.4239 0.7820 0.1974 0.1974 0.2033
v 37.9601 13.4377 0.6830 0.2767 0.2767 0.2850
v 37.9014 13.6216 0.7060 0.2682 0.2682 0.2763
v 37.7595 13.7075 0.6912 0.2458 0.2458 0.2531
v 37.5997 13.6226 0.6906 0.1385 0.1385 0.1427
v 37.5956 13.4075 0.6893 0.0772 0.0772 0.0795
v 37.7066 13.2682 0.6977 0.0868 0.0868 0.0894
v 37.8641 13.2742 0.6942 0.1606 0.1606 0.1654
v 38.1342 13.4873 0.5969 0.2583 0.2583 0.2661
v 38.0102 13.8685 0.5968 0.3207 0.3207 0.3303
v 37.6807 13.9153 0.5846 0.2732 0.2732 0.2814
v 37.4195 13.6703 0.6071 0.1684 0.1684 0.1735
v 37.4405 13.2599 0.6172 0.0860 0.0860 0.0885
v 37.7007 13.0219 0.6018 0.1083 0.1083 0.1116
v 38.0228 13.1059 0.5957 0.1809 0.1809 0.1863
v 38.3666 13.4943 0.4746 0.3765 0.3765 0.3855
v 38.1456 14.0905 0.4570 0.4463 0.4463 0.4569
v 37.6303 14.1635 0.4676 0.3853 0.3853 0.3945
v 37.2132 13.7866 0.4860 0.0704 0.0704 0.0721
v 37.1719 13.0886 0.5005 0.0376 0.0376 0.0385
v 37.6607 12.7774 0.4990 0.0330 0.0330 0.0338
v 38.1424 12.9275 0.4918 0.0631 0.0631 0.0646
v 22.7454 11.0983 0.4625 0.1969 0.1969 0.2028
v 22.8750 11.0829 0.3943 0.2296 0.2296 0.2365
v 22.8594 11.1804 0.3967 0.2795 0.2795 0.2879
v 22.7650 11.2231 0.3816 0.3069 0.3069 0.3161
v 22.6522 11.1885 0.3836 0.1415 0.1415 0.1458
v 22.6342 11.0640 0.3631 0.0464 0.0464 0.0478
v 22.7289 11.0039 0.3782 0.0387 0.0387 0.0399
v 22.8151 11.0185 0.3973 0.1128 0.1128 0.1161
v 22.9664 11.0808 0.3190 0.2212 0.2212 0.2278
v 22.9281 11.2626 0.3287 0.3010 0.3010 0.3100
v 22.7393 11.3684 0.3165 0.3030 0.3030 0.3121
v 22.5075 11.2666 0.3030 0.1381 0.1381 0.1423
v 22.5302 11.0158 0.2895 0.0514 0.0514 0.0530
v 22.6958 10.8832 0.3060 0.0486 0.0486 0.0500
v 22.8900 10.9124 0.3090 0.1536 0.1536 0.1582
v 23.1459 11.0902 0.2299 0.3335 0.3335 0.3415
v 23.0376 11.4189 0.2283 0.4334 0.4334 0.4437
v 22.6955 11.4876 0.2084 0.4269 0.4269 0.4371
v 22.3619 11.3164 0.1843 0.0676 0.0676 0.0692
v 22.3425 10.9105 0.1744 0.0300 0.0300 0.0300
v 22.6839 10.7680 0.1942 0.0300 0.0300 0.0300
v 22.9796 10.8200 0.2149 0.0353 0.0353 0.0361
v 48.7471 14.8548 0.8089 0.1665 0.1665 0.1714
v 48.8078 14.8637 0.7568 0.2331 0.2331 0.2401
v 48.7952 14.9216 0.7605 0.2333 0.2333 0.2403
v 48.7389 14.9569 0.7696 0.1748 0.1748 0.1800
v 48.6976 14.9026 0.7605 0.0985 0.0985 0.1014
v 48.6649 14.8306 0.7608 0.0493 0.0493 0.0508
v 48.7236 14.7689 0.7373 0.0300 0.0300 0.0300
v 48.8077 14.7760 0.7597 0.1723 0.1723 0.1774
v 48.8510 14.8761 0.7206 0.2334 0.2334 0.2404
v 48.8177 14.9759 0.7300 0.2405 0.2405 0.2477
v 48.7039 15.0417 0.7328 0.1818 0.1818 0.1873
v 48.6408 14.9173 0.7031 0.0704 0.0704 0.0725
v 48.5610 14.7478 0.6811 0.0519 0.0519 0.0535
v 48.7267 14.6954 0.6837 0.0308 0.0308 0.0318
v 48.9057 14.6807 0.6962 0.1343 0.1343 0.1383
v 48.9394 14.8710 0.6475 0.4403 0.4403 0.4508
v 48.8765 15.0480 0.6661 0.4633 0.4633 0.4744
v 48.6942 15.1302 0.6658 0.3835 0.3835 0.3926
v 48.5634 14.9657 0.6378 0.0371 0.0371 0.0379
v 48.4387 14.6955 0.5976 0.0300 0.0300 0.0300
v 48.6852 14.5274 0.5904 0.0300 0.0300 0.0300
v 48.9772 14.5607 0.6105 0.0538 0.0538 0.0551
v 39.4464 7.9848 0.8604 0.1611 0.1611 0.1659
v 39.6426 8.0310 0.7830 0.2098 0.2098 0.2160
v 39.6001 8.1512 0.7782 0.2219 0.2219 0.2285
v 39.4632 8.1786 0.7788 0.1433 0.1433 0.1475
v 39.4033 8.0762 0.7599 0.1247 0.1247 0.1285
v 39.3173 7.9542 0.7904 0.0691 0.0691 0.0712
v 39.4608 7.8930 0.7913 0.0623 0.0623 0.0641
v 39.5640 7.9516 0.7980 0.1359 0.1359 0.1400
v 39.7676 8.0393 0.7089 0.2437 0.2437 0.2510
v 39.7059 8.2921 0.6878 0.2814 0.2814 0.2898
v 39.4105 8.3486 0.6889 0.1696 0.1696 0.1747
v 39.2876 8.1209 0.6796 0.1060 0.1060 0.1092
v 39.1436 7.8624 0.6960 0.0854 0.0854 0.0879
v 39.4377 7.7573 0.7084 0.0570 0.0570 0.0588
v 39.6538 7.8576 0.7100 0.1012 0.1012 0.1042
v 40.0115 7.9947 0.5942 0.3148 0.3148 0.3223
v 39.8538 8.3908 0.5829 0.4566 0.4566 0.4675
v 39.4162 8.5458 0.5741 0.3619 0.3619 0.3705
v 39.2005 8.1943 0.5789 0.0513 0.0513 0.0525
v 38.9404 7.8301 0.5942 0.0469 0.0469 0.0480
v 39.3562 7.6110 0.6059 0.0300 0.0300 0.0300
v 39.7101 7.7370 0.6024 0.0370 0.0370 0.0379
v 28.2327 13.3242 0.5819 0.2654 0.2654 0.2734
v 28.3489 13.2743 0.4935 0.3820 0.3820 0.3935
v 28.3009 13.3955 0.4862 0.3824 0.3824 0.3939
v 28.1819 13.4002 0.4944 0.3105 0.3105 0.3198
v 28.0943 13.3309 0.5135 0.2072 0.2072 0.2134
v 28.0564 13.1926 0.4976 0.0757 0.0757 0.0779
v 28.1800 13.1258 0.4807 0.0696 0.0696 0.0717
v 28.3065 13.1476 0.5103 0.1577 0.1577 0.1624
v 28.5031 13.2295 0.4066 0.2888 0.2888 0.2975
v 28.4424 13.5060 0.4187 0.3431 0.3431 0.3534
v 28.1907 13.5178 0.4300 0.3314 0.3314 0.3413
v 28.0003 13.4215 0.4200 0.1840 0.1840 0.1895
v 27.8870 13.1633 0.4159 0.0731 0.0731 0.0753
v 28.1119 12.9986 0.4139 0.0655 0.0655 0.0675
v 28.3473 13.0276 0.4012 0.1181 0.1181 0.1217
v 28.6854 13.3351 0.2994 0.3227 0.3227 0.3304
v 28.4813 13.7408 0.3127 0.4271 0.4271 0.4373
v 28.0764 13.6655 0.3150 0.3615 0.3615 0.3701
v 27.8690 13.3953 0.3132 0.0609 0.0609 0.0624
v 27.7260 12.9427 0.3074 0.0300 0.0300 0.0300
v 28.1672 12.8234 0.2937 0.0300 0.0300 0.0300
v 28.5272 12.9442 0.2913 0.1676 0.1676 0.1716
v 43.8723 17.7588 0.6645 0.1735 0.1735 0.1787
v 43.9434 17.7998 0.6216 0.2796 0.2796 0.2880
v 43.9367 17.8829 0.6152 0.2413 0.2413 0.2485
v 43.8687 17.8764 0.6198 0.1821 0.1821 0.1876
v 43.8130 17.8345 0.6023 0.0957 0.0957 0.0986
v 43.7906 17.7297 0.6160 0.0635 0.0635 0.0654
v 43.8715 17.6825 0.6045 0.0791 0.0791 0.0815
v 43.9396 17.7224 0.6265 0.1930 0.1930 0.1988
v 44.0048 17.8003 0.5826 0.2813 0.2813 0.2897
v 43.9752 17.9425 0.5796 0.2330 0.2330 0.2400
v 43.8561 17.9456 0.5645 0.2107 0.2107 0.2170
v 43.7599 17.8669 0.5621 0.1069 0.1069 0.1101
v 43.7087 17.6807 0.5485 0.0564 0.0564 0.0580
v 43.8492 17.5571 0.5608 0.0857 0.0857 0.0883
v 43.9938 17.6386 0.5799 0.1555 0.1555 0.1602
v 44.0725 17.8203 0.5160 0.4205 0.4205 0.4305
v 44.0294 18.0741 0.5161 0.4229 0.4229 0.4329
v 43.8211 18.0372 0.4968 0.3410 0.3410 0.3491
v 43.6708 17.8928 0.4818 0.0577 0.0577 0.0591
v 43.5841 17.5622 0.4712 0.0300 0.0300 0.0300
v 43.8425 17.3335 0.4899 0.0368 0.0368 0.0377
v 44.0740 17.5592 0.5120 0.2575 0.2575 0.2636
v 48.9996 8.1168 1.0488 0.2073 0.2073 0.2136
v 49.0830 8.1240 0.9644 0.2273 0.2273 0.2341
v 49.0487 8.1946 0.9820 0.3680 0.3680 0.3791
v 48.9696 8.1982 0.9882 0.3232 0.3232 0.3329
v 48.8981 8.1656 0.9920 0.1370 0.1370 0.1411
v 48.8723 8.0764 0.9618 0.0333 0.0333 0.0343
v 48.9548 8.0049 0.9875 0.0949 0.0949 0.0978
v 49.0362 8.0665 0.9710 0.1707 0.1707 0.1758
v 49.1574 8.1522 0.8989 0.2865 0.2865 0.2951
v 49.0842 8.2881 0.9065 0.3253 0.3253 0.3350
v 48.9304 8.2489 0.8896 0.2672 0.2672 0.2752
v 48.7875 8.1773 0.8947 0.1830 0.1830 0.1885
v 48.7877 7.9951 0.9027 0.0459 0.0459 0.0473
v 48.9738 7.9071 0.8964 0.0724 0.0724 0.0746
v 49.1169 8.0188 0.8928 0.1665 0.1665 0.1715
v 49.3065 8.0747 0.8050 0.3381 0.3381 0.3462
v 49.2418 8.3335 0.7977 0.4650 0.4650 0.4761
v 48.9727 8.3613 0.7944 0.4144 0.4144 0.4243
v 48.7302 8.2928 0.7955 0.2980 0.2980 0.3051
v 48.6056 8.0252 0.7978 0.0309 0.0309 0.0316
v 48.8240 7.7672 0.7893 0.0300 0.0300 0.0300
v 49.1373 7.8737 0.7957 0.0449 0.0449 0.0459
v 43.1060 19.8729 0.8029 0.1813 0.1813 0.1867
v 43.2451 19.9195 0.7435 0.2140 0.2140 0.2204
v 43.1308 19.9996 0.7495 0.2964 0.2964 0.3053
v 43.0196 19.9943 0.7376 0.2338 0.2338 0.2408
v 42.9294 19.9473 0.7093 0.1675 0.1675 0.1725
v 42.8797 19.8294 0.7158 0.0846 0.0846 0.0872
v 43.0255 19.7683 0.6903 0.0634 0.0634 0.0653
v 43.1278 19.8433 0.7087 0.0668 0.0668 0.0688
v 43.4496 19.8774 0.6742 0.2205 0.2205 0.2272
v 43.2182 20.0446 0.6655 0.4162 0.4162 0.4287
v 43.0228 20.0944 0.6496 0.3074 0.3074 0.3167
v 42.7870 20.0373 0.6208 0.1732 0.1732 0.1784
v 42.7184 19.8108 0.5877 0.0790 0.0790 0.0813
v 42.9419 19.6441 0.5923 0.0446 0.0446 0.0460
v 43.1699 19.7640 0.6437 0.0550 0.0550 0.0567
v 43.7213 19.9100 0.5992 0.1821 0.1821 0.1864
v 43.3302 20.1881 0.5743 0.4366 0.4366 0.4470
v 42.9628 20.2175 0.5326 0.4018 0.4018 0.4114
v 42.6503 20.0619 0.4863 0.0753 0.0753 0.0770
v 42.4482 19.6745 0.4384 0.0300 0.0300 0.0300
v 42.9226 19.4482 0.4695 0.0300 0.0300 0.0300
v 43.2705 19.6916 0.5262 0.0300 0.0300 0.0300
v 34.8160 17.3847 0.7750 0.1539 0.1539 0.1585
v 34.9093 17.4458 0.6734 0.1953 0.1953 0.2011
v 34.8324 17.5311 0.6855 0.2559 0.2559 0.2636
v 34.7479 17.5329 0.6775 0.1985 0.1985 0.2044
v 34.6728 17.4776 0.6846 0.1291 0.1291 0.1329
v 34.6648 17.3561 0.6966 0.0565 0.0565 0.0582
v 34.7567 17.2738 0.6790 0.0533 0.0533 0.0549
v 34.8412 17.3525 0.6849 0.1138 0.1138 0.1173
v 35.0179 17.3850 0.5991 0.1811 0.1811 0.1865
v 34.9451 17.6081 0.5917 0.3097 0.3097 0.3189
v 34.7654 17.6434 0.6043 0.2101 0.2101 0.2164
v 34.5929 17.5824 0.6223 0.1514 0.1514 0.1560
v 34.5165 17.3455 0.6074 0.0560 0.0560 0.0577
v 34.6763 17.1532 0.6110 0.0461 0.0461 0.0475
v 34.8729 17.2291 0.5973 0.1106 0.1106 0.1139
v 35.2480 17.3643 0.4739 0.3170 0.3170 0.3246
v 35.0113 17.6991 0.4790 0.4877 0.4877 0.4993
v 34.7471 17.7616 0.4899 0.4686 0.4686 0.4797
v 34.4248 17.6945 0.5046 0.0883 0.0883 0.0904
v 34.3762 17.2763 0.5089 0.0300 0.0300 0.0300
v 34.6297 16.9659 0.5018 0.0300 0.0300 0.0300
v 34.9548 17.0935 0.4889 0.0492 0.0492 0.0504
v 27.9611 16.2335 0.6079 0.1487 0.1487 0.1532
v 28.0971 16.2728 0.5623 0.1804 0.1804 0.1858
v 28.0652 16.3769 0.5639 0.2468 0.2468 0.2542
v 27.9515 16.3802 0.5371 0.1746 0.1746 0.1798
v 27.8552 16.3123 0.5414 0.0939 0.0939 0.0967
v 27.9218 16.2208 0.5599 0.0300 0.0300 0.0300
v 27.9742 16.1349 0.5480 0.0698 0.0698 0.0719
v 28.0643 16.1866 0.5411 0.1559 0.1559 0.1605
v 28.2139 16.2421 0.4924 0.2172 0.2172 0.2237
v 28.1900 16.4699 0.4972 0.2414 0.2414 0.2486
v 27.9594 16.4958 0.5003 0.1719 0.1719 0.1771
v 27.7641 16.3981 0.4865 0.1097 0.1097 0.1130
v 27.8287 16.2021 0.4872 0.0300 0.0300 0.0300
v 27.8995 15.9841 0.4720 0.0563 0.0563 0.0580
v 28.1258 16.0573 0.4846 0.1393 0.1393 0.1435
v 28.3381 16.2539 0.4029 0.3291 0.3291 0.3370
v 28.3137 16.6468 0.4203 0.4056 0.4056 0.4153
v 27.9029 16.6957 0.4161 0.3790 0.3790 0.3880
v 27.5380 16.4941 0.4036 0.0643 0.0643 0.0659
v 27.7170 16.1392 0.3930 0.0300 0.0300 0.0300
v 27.8792 15.8257 0.3819 0.0300 0.0300 0.0300
v 28.1986 15.9885 0.3898 0.0456 0.0456 0.0467
v -47.9199 -24.6395 1.4471 0.2652 0.2652 0.2731
v -47.8439 -24.6241 1.3901 0.3270 0.3270 0.3368
v -47.8702 -24.5827 1.3964 0.3402 0.3402 0.3504
v -47.9290 -24.5669 1.4088 0.3729 0.3729 0.3841
v -47.9818 -24.6022 1.4218 0.1479 0.1479 0.1524
v -47.9651 -24.6543 1.4219 0.0495 0.0495 0.0510
v -47.9194 -24.6872 1.4166 0.0606 0.0606 0.0624
v -47.8644 -24.6673 1.4118 0.2078 0.2078 0.2140
v -47.7791 -24.6439 1.3484 0.3589 0.3589 0.3697
v -47.8185 -24.5587 1.3592 0.3410 0.3410 0.3512
v -47.9182 -24.5067 1.3619 0.3821 0.3821 0.3935
v -48.0598 -24.5403 1.3682 0.1765 0.1765 0.1818
v -48.0301 -24.6586 1.3723 0.0441 0.0441 0.0455
v -47.9563 -24.7300 1.3661 0.0453 0.0453 0.0466
v -47.8393 -24.7269 1.3583 0.1635 0.1635 0.1684
v -47.7270 -24.6442 1.2866 0.3433 0.3433 0.3515
v -47.7533 -24.4982 1.2841 0.4791 0.4791 0.4905
v -47.9357 -24.4219 1.2963 0.4749 0.4749 0.4862
v -48.1761 -24.4868 1.3162 0.0822 0.0822 0.0841
v -48.1036 -24.6848 1.3171 0.0300 0.0300 0.0300
v -47.9882 -24.8202 1.3122 0.0300 0.0300 0.0300
v -47.7943 -24.7778 1.2960 0.0453 0.0453 0.0464
v -45.3121 -30.2113 1.5040 0.1461 0.1461 0.1505
v -45.1290 -30.2280 1.4205 0.2189 0.2189 0.2255
v -45.1942 -30.0972 1.4167 0.2227 0.2227 0.2293
v -45.3142 -29.9967 1.4231 0.2224 0.2224 0.2291
v -45.4327 -30.1047 1.4144 0.0810 0.0810 0.0834
v -45.4016 -30.2333 1.4469 0.0413 0.0413 0.0426
v -45.3481 -30.3290 1.4272 0.0458 0.0458 0.0471
v -45.2277 -30.3334 1.4161 0.0941 0.0941 0.0969
v -44.9861 -30.2576 1.3299 0.2190 0.2190 0.2256
v -45.0654 -29.9803 1.3303 0.2207 0.2207 0.2273
v -45.3188 -29.8327 1.3531 0.2465 0.2465 0.2539
v -45.5519 -30.0110 1.3480 0.1033 0.1033 0.1064
v -45.4986 -30.2603 1.3465 0.0304 0.0304 0.0314
v -45.3952 -30.4410 1.3597 0.0325 0.0325 0.0335
v -45.1573 -30.4746 1.3358 0.1176 0.1176 0.1211
v -44.7505 -30.2721 1.2241 0.3266 0.3266 0.3344
v -44.9076 -29.7952 1.2250 0.4278 0.4278 0.4380
v -45.3626 -29.5524 1.2398 0.4041 0.4041 0.4137
v -45.7491 -29.8957 1.2573 0.0673 0.0673 0.0689
v -45.6759 -30.3345 1.2579 0.0300 0.0300 0.0300
v -45.4397 -30.6076 1.2517 0.0300 0.0300 0.0300
v -45.0501 -30.6303 1.2382 0.0385 0.0385 0.0394
v -40.9841 -30.2986 1.3973 0.2096 0.2096 0.2159
v -40.8642 -30.2642 1.3041 0.2904 0.2904 0.2992
v -40.9648 -30.2252 1.3145 0.3088 0.3088 0.3181
v -41.0349 -30.2268 1.3180 0.2632 0.2632 0.2711
v -41.0767 -30.2650 1.3314 0.1022 0.1022 0.1052
v -41.0965 -30.3288 1.3092 0.0411 0.0411 0.0424
v -41.0126 -30.3490 1.3107 0.0419 0.0419 0.0432
v -40.9282 -30.3362 1.3307 0.1517 0.1517 0.1562
v -40.7184 -30.2584 1.2356 0.3076 0.3076 0.3169
v -40.9196 -30.1775 1.2298 0.3942 0.3942 0.4060
v -41.0596 -30.1616 1.2396 0.3122 0.3122 0.3216
v -41.1494 -30.2419 1.2342 0.1295 0.1295 0.1334
v -41.1717 -30.3591 1.2412 0.0410 0.0410 0.0422
v -41.0275 -30.4130 1.2341 0.0347 0.0347 0.0357
v -40.8694 -30.3881 1.2434 0.0852 0.0852 0.0878
v -40.5403 -30.2796 1.1198 0.3183 0.3183 0.3258
v -40.8253 -30.1057 1.1241 0.5045 0.5045 0.5165
v -41.0659 -30.0862 1.1296 0.4099 0.4099 0.4197
v -41.2176 -30.2044 1.1361 0.0592 0.0592 0.0606
v -41.3108 -30.3947 1.1428 0.0300 0.0300 0.0300
v -41.0752 -30.5167 1.1402 0.0300 0.0300 0.0300
v -40.7844 -30.4924 1.1328 0.0300 0.0300 0.0306
v -45.1098 -22.8634 1.1542 0.2053 0.2053 0.2115
v -45.0420 -22.8475 1.0801 0.2742 0.2742 0.2824
v -45.0555 -22.7908 1.0807 0.2536 0.2536 0.2612
v -45.1170 -22.7683 1.0918 0.2503 0.2503 0.2578
v -45.1678 -22.8087 1.1066 0.1365 0.1365 0.1406
v -45.1822 -22.8741 1.1085 0.0580 0.0580 0.0597
v -45.1351 -22.9433 1.1040 0.0561 0.0561 0.0577
v -45.0424 -22.9309 1.0990 0.2193 0.2193 0.2259
v -44.9779 -22.8553 1.0294 0.3130 0.3130 0.3224
v -45.0067 -22.7445 1.0207 0.3162 0.3162 0.3257
v -45.1238 -22.6995 1.0409 0.2764 0.2764 0.2847
v -45.2201 -22.7753 1.0419 0.1484 0.1484 0.1529
v -45.2576 -22.8987 1.0547 0.0590 0.0590 0.0608
v -45.1702 -23.0370 1.0540 0.0435 0.0435 0.0448
v -44.9944 -23.0086 1.0470 0.1545 0.1545 0.1591
v -44.9039 -22.8639 0.9434 0.4304 0.4304 0.4406
v -44.9147 -22.6548 0.9334 0.4607 0.4607 0.4716
v -45.1334 -22.6126 0.9524 0.4513 0.4513 0.4621
v -45.3135 -22.7178 0.9755 0.0808 0.0808 0.0827
v -45.3883 -22.9431 0.9947 0.0440 0.0440 0.0450
v -45.2091 -23.1432 0.9879 0.0300 0.0300 0.0300
v -44.9043 -23.1491 0.9586 0.0606 0.0606 0.0621
v -28.3220 -12.1013 0.7661 0.2339 0.2339 0.2409
v -28.1871 -12.1341 0.6742 0.3684 0.3684 0.3795
v -28.2553 -12.0558 0.6879 0.2982 0.2982 0.3071
v -28.3407 -12.0502 0.6803 0.2430 0.2430 0.2503
v -28.4035 -12.1045 0.6869 0.1271 0.1271 0.1309
v -28.4295 -12.2072 0.6975 0.0634 0.0634 0.0654
v -28.3420 -12.3093 0.6989 0.0789 0.0789 0.0813
v -28.2040 -12.2675 0.6793 0.2367 0.2367 0.2438
v -28.0272 -12.1937 0.6005 0.2448 0.2448 0.2521
v -28.1470 -11.9908 0.5926 0.3794 0.3794 0.3907
v -28.3240 -11.9489 0.5984 0.2640 0.2640 0.2719
v -28.4869 -12.0151 0.6146 0.1613 0.1613 0.1662
v -28.5740 -12.2162 0.5982 0.0629 0.0629 0.0647
v -28.4307 -12.4227 0.5956 0.0534 0.0534 0.0550
v -28.1716 -12.4104 0.5931 0.1653 0.1653 0.1702
v -27.8602 -12.1646 0.4725 0.3646 0.3646 0.3733
v -28.0869 -11.8777 0.4893 0.4903 0.4903 0.5020
v -28.3696 -11.8248 0.4981 0.4291 0.4291 0.4393
v -28.6037 -11.9813 0.5071 0.0778 0.0778 0.0797
v -28.7313 -12.3217 0.5025 0.0300 0.0300 0.0305
v -28.4650 -12.6897 0.4923 0.0300 0.0300 0.0300
v -28.0009 -12.5870 0.4852 0.0585 0.0585 0.0599
v -35.7867 -20.8863 0.8822 0.1963 0.1963 0.2022
v -35.6498 -20.9207 0.8035 0.2328 0.2328 0.2397
v -35.6991 -20.8447 0.8234 0.2937 0.2937 0.3025
v -35.7663 -20.8067 0.7854 0.2596 0.2596 0.2674
v -35.8420 -20.8443 0.8040 0.1746 0.1746 0.1799
v -35.8705 -20.9393 0.8159 0.0496 0.0496 0.0510
v -35.8076 -21.0320 0.8066 0.0762 0.0762 0.0785
v -35.7147 -20.9845 0.7942 0.1478 0.1478 0.1522
v -35.5066 -20.9515 0.7274 0.2026 0.2026 0.2086
v -35.6272 -20.7822 0.7203 0.2850 0.2850 0.2936
v -35.7669 -20.7283 0.7242 0.2405 0.2405 0.2477
v -35.9321 -20.7718 0.7164 0.1577 0.1577 0.1624
v -36.0166 -20.9778 0.6977 0.0494 0.0494 0.0509
v -35.8664 -21.1657 0.7114 0.0572 0.0572 0.0589
v -35.6745 -21.0688 0.7276 0.1064 0.1064 0.1096
v -35.3654 -20.8823 0.6294 0.2751 0.2751 0.2816
v -35.5840 -20.6468 0.6204 0.4714 0.4714 0.4826
v -35.8311 -20.6373 0.6100 0.4360 0.4360 0.4463
v -36.1066 -20.7503 0.5979 0.0780 0.0780 0.0798
v -36.1271 -21.1139 0.5939 0.0300 0.0300 0.0300
v -35.8394 -21.3821 0.6032 0.0300 0.0300 0.0300
v -35.5278 -21.1780 0.6185 0.0571 0.0571 0.0584
v -30.4008 -18.0054 1.0162 0.1898 0.1898 0.1955
v -30.3408 -18.0457 0.9245 0.3050 0.3050 0.3142
v -30.3277 -17.9003 0.8832 0.3087 0.3087 0.3180
v -30.4641 -17.8877 0.9040 0.1679 0.1679 0.1730
v -30.5366 -17.9822 0.8953 0.1143 0.1143 0.1177
v -30.6156 -18.1223 0.9111 0.0561 0.0561 0.0577
v -30.4666 -18.1467 0.9464 0.0444 0.0444 0.0457
v -30.3319 -18.2052 0.9399 0.1846 0.1846 0.1902
v -30.2475 -18.0324 0.8209 0.2667 0.2667 0.2747
v -30.2177 -17.7087 0.7910 0.2434 0.2434 0.2507
v -30.5162 -17.7251 0.7902 0.1811 0.1811 0.1865
v -30.6475 -17.9403 0.8200 0.1137 0.1137 0.1171
v -30.7546 -18.2240 0.8329 0.0655 0.0655 0.0674
v -30.4773 -18.2603 0.8306 0.0454 0.0454 0.0467
v -30.2294 -18.3097 0.8179 0.1591 0.1591 0.1639
v -30.1376 -18.1008 0.6839 0.4073 0.4073 0.4170
v -29.9912 -17.6084 0.6443 0.4217 0.4217 0.4318
v -30.4645 -17.4279 0.6429 0.3752 0.3752 0.3841
v -30.7418 -17.7981 0.6752 0.2233 0.2233 0.2286
v -30.9955 -18.2095 0.7046 0.0436 0.0436 0.0446
v -30.5617 -18.3553 0.7089 0.0300 0.0300 0.0300
v -30.1544 -18.6251 0.7108 0.0600 0.0600 0.0615
v -27.8142 -19.5895 0.8624 0.1691 0.1691 0.1741
v -27.7246 -19.5852 0.7825 0.2264 0.2264 0.2332
v -27.7459 -19.4705 0.7980 0.2172 0.2172 0.2237
v -27.8667 -19.4730 0.8040 0.1939 0.1939 0.1998
v -27.9626 -19.5215 0.7932 0.1127 0.1127 0.1161
v -27.9885 -19.6402 0.8055 0.0787 0.0787 0.0810
v -27.8824 -19.7118 0.8084 0.0940 0.0940 0.0969
v -27.7627 -19.6882 0.7737 0.1654 0.1654 0.1704
v -27.5857 -19.6031 0.7030 0.2161 0.2161 0.2226
v -27.6339 -19.3693 0.7032 0.2010 0.2010 0.2070
v -27.8744 -19.3769 0.7299 0.2393 0.2393 0.2465
v -28.0538 -19.4619 0.7395 0.1587 0.1587 0.1634
v -28.1144 -19.6772 0.7486 0.0664 0.0664 0.0684
v -27.9377 -19.8518 0.7428 0.0695 0.0695 0.0716
v -27.7039 -19.7855 0.7135 0.1212 0.1212 0.1249
v -27.3950 -19.5771 0.5947 0.3547 0.3547 0.3631
v -27.5412 -19.2099 0.5999 0.4417 0.4417 0.4522
v -27.9307 -19.2377 0.6311 0.4203 0.4203 0.4303
v -28.2630 -19.3929 0.6595 0.0885 0.0885 0.0907
v -28.3198 -19.8036 0.6692 0.0482 0.0482 0.0493
v -27.9508 -20.0393 0.6459 0.0320 0.0320 0.0327
v -27.5703 -19.9047 0.6121 0.0627 0.0627 0.0642
v -36.1931 -28.4132 1.0588 0.1751 0.1751 0.1803
v -36.0834 -28.3964 0.9418 0.2805 0.2805 0.2889
v -36.1398 -28.3219 0.9519 0.3309 0.3309 0.3408
v -36.2495 -28.2923 0.9909 0.2394 0.2394 0.2466
v -36.3736 -28.3476 0.9666 0.0811 0.0811 0.0835
v -36.3253 -28.4536 0.9678 0.0329 0.0329 0.0339
v -36.2357 -28.5231 0.9739 0.0486 0.0486 0.0501
v -36.1111 -28.4918 0.9631 0.1675 0.1675 0.1725
v -35.9472 -28.4186 0.8530 0.2165 0.2165 0.2230
v -36.0555 -28.2680 0.8685 0.3344 0.3344 0.3444
v -36.2514 -28.1782 0.8714 0.2964 0.2964 0.3053
v -36.4779 -28.2767 0.8896 0.1163 0.1163 0.1198
v -36.4548 -28.4792 0.8933 0.0475 0.0475 0.0489
v -36.3162 -28.6775 0.8964 0.0474 0.0474 0.0488
v -36.0624 -28.5783 0.8839 0.1422 0.1422 0.1465
v -35.8010 -28.4090 0.7334 0.3859 0.3859 0.3951
v -35.9650 -28.1639 0.7374 0.5038 0.5038 0.5158
v -36.3067 -28.0248 0.7530 0.4606 0.4606 0.4716
v -36.6696 -28.2139 0.7840 0.0833 0.0833 0.0853
v -36.6751 -28.5735 0.7986 0.0344 0.0344 0.0352
v -36.3412 -28.8250 0.7840 0.0300 0.0300 0.0300
v -35.9107 -28.7190 0.7493 0.0546 0.0546 0.0559
v -45.3180 -16.4988 1.0306 0.1610 0.1610 0.1658
v -45.2373 -16.4865 0.9872 0.2747 0.2747 0.2829
v -45.2705 -16.4449 0.9944 0.3073 0.3073 0.3165
v -45.3335 -16.4463 1.0014 0.1860 0.1860 0.1916
v -45.3593 -16.4828 0.9951 0.0872 0.0872 0.0898
v -45.3678 -16.5254 0.9979 0.0436 0.0436 0.0449
v -45.3123 -16.5352 0.9821 0.0488 0.0488 0.0502
v -45.2648 -16.5252 0.9776 0.1092 0.1092 0.1125
v -45.1519 -16.4795 0.9432 0.2515 0.2515 0.2591
v -45.2337 -16.4016 0.9505 0.3127 0.3127 0.3221
v -45.3506 -16.4075 0.9530 0.2394 0.2394 0.2466
v -45.4164 -16.4675 0.9622 0.1111 0.1111 0.1144
v -45.4092 -16.5443 0.9583 0.0373 0.0373 0.0384
v -45.3193 -16.5793 0.9491 0.0371 0.0371 0.0382
v -45.2208 -16.5590 0.9399 0.1038 0.1038 0.1069
v -45.0359 -16.4810 0.8687 0.3231 0.3231 0.3308
v -45.1602 -16.3333 0.8798 0.4818 0.4818 0.4933
v -45.3757 -16.3241 0.8955 0.3863 0.3863 0.3955
v -45.4796 -16.4425 0.9017 0.0572 0.0572 0.0586
v -45.4915 -16.5731 0.9012 0.0300 0.0300 0.0300
v -45.3355 -16.6233 0.8890 0.0300 0.0300 0.0300
v -45.1600 -16.6179 0.8760 0.0358 0.0358 0.0367
vn 0.5695 0.0922 0.8168
vn -0.0884 0.7245 0.6836
vn -0.4254 0.5830 0.6922
vn -0.5480 0.0978 0.8308
vn -0.1692 -0.4664 0.8683
vn 0.3458 -0.4599 0.8179
vn 0.5216 -0.2730 0.8083
vn 0.5919 0.2548 0.7647
vn 0.7819 0.1570 0.6033
vn -0.0931 0.7446 0.6610
vn -0.0913 0.7469 0.6586
vn -0.4349 0.5759 0.6923
vn -0.4328 0.5887 0.6827
vn -0.6060 0.1296 0.7848
vn -0.5984 0.1184 0.7924
vn -0.1046 -0.6514 0.7515
vn -0.2209 -0.7093 0.6694
vn 0.3291 -0.6894 0.6453
vn 0.3882 -0.5624 0.7300
vn 0.6108 -0.2535 0.7501
vn 0.6345 -0.3549 0.6866
vn 0.5905 -0.0106 0.8070
vn 0.3950 0.1818 0.9005
vn -0.0106 0.8339 0.5518
vn -0.0989 0.7771 0.6215
vn -0.3182 0.7824 0.5353
vn -0.4319 0.5707 0.6984
vn -0.5196 0.5047 0.6894
vn -0.3853 0.0950 0.9179
vn -0.2846 -0.6990 0.6561
vn -0.1054 -0.6571 0.7464
vn 0.1780 -0.7983 0.5754
vn 0.3102 -0.6427 0.7005
vn 0.5125 -0.5626 0.6488
vn 0.5175 -0.2288 0.8245
vn 0.0782 0.5530 0.8295
vn -0.3062 0.8596 0.4090
vn -0.4176 0.8097 0.4123
vn -0.6445 -0.3939 0.6553
vn -0.5115 -0.5288 0.6773
vn -0.1806 -0.5856 0.7902
vn -0.0628 -0.4984 0.8647
vn 0.3103 0.4773 0.8221
vn 0.0286 0.5109 0.8592
vn -0.2725 0.7258 0.6316
vn -0.3854 0.6327 0.6717
vn -0.4362 0.6114 0.6602
vn -0.4814 0.5252 0.7018
vn -0.7504 -0.4022 0.5244
vn -0.6992 -0.4487 0.5566
vn -0.6126 -0.5907 0.5252
vn -0.5434 -0.6117 0.5750
vn -0.2267 -0.7721 0.5937
vn -0.1529 -0.6301 0.7613
vn 0.1602 -0.4448 0.8812
vn 0.2200 -0.5702 0.7915
vn 0.1654 0.3855 0.9078
vn 0.1957 0.3890 0.9002
vn -0.3700 0.6139 0.6972
vn -0.2793 0.7109 0.6454
vn -0.4175 0.6353 0.6497
vn -0.4419 0.5753 0.6883
vn -0.6211 -0.3977 0.6753
vn -0.6973 -0.3552 0.6225
vn -0.4837 -0.6394 0.5976
vn -0.6433 -0.6362 0.4260
vn -0.2104 -0.8016 0.5596
vn -0.2101 -0.7986 0.5640
vn 0.2271 -0.3982 0.8887
vn 0.3072 -0.4845 0.8191
vn 0.2357 0.5080 0.8285
vn 0.1431 0.6517 0.7448
vn -0.5692 0.5307 0.6280
vn -0.6952 -0.2887 0.6583
vn -0.3497 -0.6411 0.6832
vn -0.2546 -0.6542 0.7122
vn 0.1040 -0.3743 0.9215
vn 0.4219 0.3022 0.8548
vn 0.1110 0.3866 0.9155
vn 0.0313 0.4823 0.8754
vn 0.0696 0.5041 0.8608
vn -0.4753 0.4683 0.7448
vn -0.5143 0.3365 0.7888
vn -0.7213 -0.1496 0.6762
vn -0.6381 -0.2829 0.7161
vn -0.3968 -0.7283 0.5587
vn -0.3789 -0.7303 0.5684
vn -0.3092 -0.7663 0.5632
vn -0.2428 -0.7060 0.6653
vn 0.3304 -0.4898 0.8068
vn 0.2983 -0.4056 0.8640
vn 0.3644 0.3882 0.8465
vn 0.5611 0.4093 0.7195
vn 0.0838 0.6125 0.7860
vn 0.0815 0.6105 0.7878
vn -0.5646 0.1649 0.8087
vn -0.4623 0.6858 0.5621
vn -0.6595 -0.2551 0.7071
vn -0.7758 -0.1331 0.6167
vn -0.3428 -0.6835 0.6445
vn -0.3925 -0.7043 0.5915
vn -0.2272 -0.7342 0.6398
vn -0.2931 -0.8498 0.4381
vn 0.2783 -0.2102 0.9372
vn 0.5476 -0.5399 0.6392
vn 0.4171 0.3506 0.8386
vn 0.0397 0.8076 0.5884
vn -0.2923 0.7844 0.5471
vn -0.7041 -0.0396 0.7090
vn -0.6245 -0.2090 0.7525
vn 0.2295 -0.3862 0.8934
vn 0.3041 -0.3193 0.8975
vn 0.6574 0.3362 0.6744
vn 0.5326 0.3923 0.7500
vn -0.0924 0.6726 0.7342
vn 0.0209 0.7618 0.6475
vn -0.4239 0.5184 0.7427
vn -0.2888 0.8806 0.3757
vn -0.6245 -0.1495 0.7666
vn -0.7369 -0.0503 0.6741
vn -0.5027 -0.4359 0.7465
vn -0.8502 -0.3983 0.3442
vn 0.1906 -0.5712 0.7984
vn 0.2306 -0.3967 0.8885
vn 0.4369 0.0914 0.8948
vn 0.7641 -0.1993 0.6136
vn 0.4904 0.2516 0.8344
vn 0.4740 0.2595 0.8414
vn -0.0425 0.7980 0.6012
vn -0.0967 0.7556 0.6478
vn -0.3241 0.7210 0.6124
vn -0.4026 0.4777 0.7808
vn -0.6747 -0.0029 0.7381
vn -0.5613 -0.1379 0.8160
vn -0.4904 -0.3820 0.7833
vn -0.4469 -0.3833 0.8083
vn 0.0535 -0.6658 0.7442
vn 0.1202 -0.4564 0.8816
vn 0.6265 -0.0665 0.7766
vn 0.4869 0.1020 0.8675
vn -0.0061 -0.1062 0.9943
vn -0.2381 0.2118 0.9479
vn -0.6990 0.1947 0.6881
vn -0.7982 -0.0874 0.5960
vn -0.5461 -0.6608 0.5149
vn -0.2183 -0.8064 0.5496
vn -0.0015 -0.6994 0.7147
vn 0.2358 0.1896 0.9531
vn 0.5514 0.1755 0.8156
vn -0.2094 0.5247 0.8251
vn -0.1089 0.6267 0.7716
vn -0.7010 0.1540 0.6964
vn -0.6984 0.1890 0.6903
vn -0.7039 -0.3491 0.6186
vn -0.8978 0.1242 0.4226
vn -0.5815 -0.5973 0.5523
vn -0.5126 -0.5987 0.6154
vn -0.2171 -0.6742 0.7059
vn -0.1908 -0.8296 0.5247
vn 0.1308 -0.5363 0.8339
vn 0.3269 -0.7814 0.5316
vn 0.4246 0.3449 0.8371
vn 0.3839 0.3464 0.8559
vn 0.0027 0.6402 0.7682
vn -0.2636 0.3456 0.9006
vn -0.6853 0.1230 0.7178
vn -0.6851 0.0948 0.7223
vn -0.7266 -0.2316 0.6468
vn -0.6013 -0.4035 0.6896
vn -0.5140 -0.5442 0.6630
vn -0.5604 -0.5477 0.6213
vn -0.2566 -0.6900 0.6768
vn -0.2752 -0.6183 0.7362
vn 0.1597 -0.2439 0.9566
vn 0.3753 -0.5967 0.7093
vn 0.6444 0.5907 0.4856
vn 0.4266 0.7744 0.4672
vn 0.0137 0.7652 0.6436
vn -0.2596 0.1090 0.9595
vn -0.0432 -0.4377 0.8981
vn 0.0774 -0.4965 0.8646
vn 0.5334 -0.3578 0.7665
vn 0.5697 0.4798 0.6673
vn 0.3503 0.5718 0.7419
vn 0.2332 0.6391 0.7329
vn 0.3845 0.7093 0.5908
vn -0.1042 0.5911 0.7999
vn -0.1061 0.8605 0.4982
vn -0.4849 -0.0733 0.8715
vn -0.5818 -0.0154 0.8132
vn -0.2332 -0.5598 0.7951
vn -0.2022 -0.5529 0.8083
vn 0.3467 -0.5139 0.7847
vn 0.2425 -0.7851 0.5699
vn 0.6428 -0.3665 0.6727
vn 0.6178 -0.5993 0.5091
vn 0.5382 0.4458 0.7153
vn 0.5057 0.4616 0.7289
vn 0.3210 0.6606 0.6787
vn 0.2263 0.6130 0.7570
vn -0.1610 0.6108 0.7753
vn -0.1608 0.6524 0.7406
vn -0.6392 -0.0595 0.7668
vn -0.5343 -0.1031 0.8390
vn -0.3303 -0.6494 0.6850
vn -0.2917 -0.6482 0.7034
vn 0.2052 -0.7815 0.5892
vn 0.3374 -0.4916 0.8028
vn 0.5349 -0.3336 0.7763
vn 0.5219 -0.1919 0.8312
vn 0.2921 0.4547 0.8414
vn 0.2020 0.5713 0.7955
vn -0.7272 0.3758 0.5745
vn -0.6214 0.5554 0.5527
vn -0.3697 -0.4241 0.8267
vn -0.3082 -0.4451 0.8408
vn 0.2344 -0.0445 0.9711
vn 0.1391 0.5838 0.7999
vn 0.4185 0.5327 0.7356
vn 0.2855 0.6392 0.7140
vn 0.2813 0.6381 0.7167
vn -0.5866 0.3993 0.7046
vn -0.5829 0.2282 0.7798
vn -0.5426 0.3186 0.7772
vn -0.6172 0.5546 0.5581
vn -0.3292 -0.5886 0.7384
vn -0.4037 -0.6094 0.6824
vn -0.3345 -0.6403 0.6915
vn -0.3241 -0.6236 0.7114
vn 0.2310 -0.1997 0.9522
vn 0.1541 0.0013 0.9881
vn 0.1367 0.6631 0.7359
vn 0.2894 0.6917 0.6617
vn 0.2936 0.6902 0.6613
vn 0.3788 0.7353 0.5620
vn -0.5092 0.1501 0.8475
vn -0.5851 0.3977 0.7068
vn -0.6286 0.1401 0.7650
vn -0.8422 0.4546 0.2897
vn -0.3100 -0.5050 0.8055
vn -0.3198 -0.5171 0.7939
vn -0.1657 -0.5065 0.8462
vn -0.2398 -0.9167 0.3196
vn 0.3136 -0.0238 0.9493
vn 0.6137 -0.5282 0.5868
vn 0.5842 0.4642 0.6658
vn 0.6369 0.4182 0.6477
vn -0.4114 0.1588 0.8975
vn -0.5398 -0.1616 0.8261
vn -0.2349 -0.6073 0.7590
vn 0.4840 -0.5708 0.6633
vn 0.7527 -0.1598 0.6386
vn 0.6311 0.4017 0.6636
vn 0.5573 0.4407 0.7037
vn 0.5918 0.3922 0.7042
vn 0.6319 0.3997 0.6641
vn -0.6568 0.4671 0.5920
vn -0.6424 0.2025 0.7391
vn -0.6538 0.1833 0.7341
vn -0.4384 -0.1912 0.8782
vn -0.3508 -0.4627 0.8142
vn -0.0828 -0.4696 0.8790
vn 0.3604 -0.6071 0.7082
vn 0.4318 -0.4953 0.7538
vn 0.6241 -0.3628 0.6920
vn 0.6036 -0.1370 0.7854
vn 0.8024 0.3782 0.4617
vn 0.6694 0.4512 0.5901
vn 0.6045 0.5284 0.5961
vn 0.6943 0.5306 0.4862
vn -0.6384 0.5273 0.5607
vn -0.6385 0.4580 0.6185
vn -0.7479 0.2744 0.6044
vn -0.7211 0.2114 0.6598
vn -0.5124 -0.5186 0.6845
vn -0.4391 -0.5250 0.7291
vn 0.3145 -0.7133 0.6263
vn 0.3703 -0.6426 0.6707
vn 0.7428 -0.3242 0.5858
vn 0.7381 -0.4467 0.5056
vn 0.3168 -0.0499 0.9472
vn -0.3585 0.1737 0.9172
vn -0.6338 -0.0779 0.7696
vn -0.6351 -0.0913 0.7671
vn -0.4512 -0.4687 0.7595
vn -0.1965 -0.5809 0.7899
vn 0.3414 -0.1907 0.9204
vn 0.3068 -0.1509 0.9397
vn 0.2167 -0.1190 0.9690
vn -0.2509 0.4418 0.8613
vn -0.3437 0.3664 0.8646
vn -0.7518 0.2396 0.6143
vn -0.7613 0.0734 0.6443
vn -0.7842 0.0008 0.6206
vn -0.7535 -0.0757 0.6531
vn -0.5880 -0.5392 0.6030
vn -0.4791 -0.5632 0.6732
vn -0.1342 -0.7300 0.6702
vn -0.1118 -0.7069 0.6984
vn 0.4285 -0.4771 0.7673
vn 0.2989 -0.1774 0.9376
vn 0.3189 -0.1622 0.9338
vn 0.2993 -0.1521 0.9420
vn -0.0916 0.4538 0.8864
vn -0.2941 0.2775 0.9146
vn -0.7298 0.2418 0.6395
vn -0.7301 0.2022 0.6527
vn -0.7831 0.0893 0.6155
vn -0.7364 -0.0269 0.6760
vn -0.6291 -0.4745 0.6157
vn -0.5618 -0.4860 0.6695
vn -0.2223 -0.7084 0.6699
vn -0.1704 -0.6396 0.7496
vn 0.2540 -0.5222 0.8141
vn 0.2149 -0.4463 0.8687
vn 0.6823 -0.0516 0.7292
vn -0.3246 0.4499 0.8320
vn -0.0381 0.6263 0.7786
vn -0.3200 -0.1403 0.9370
vn -0.0169 -0.6539 0.7564
vn 0.1363 -0.6838 0.7168
vn 0.6505 -0.3656 0.6658
vn 0.4000 0.0486 0.9152
vn 0.7868 0.0124 0.6171
vn -0.3005 0.5287 0.7939
vn -0.3187 0.4373 0.8410
vn -0.2134 0.4960 0.8417
vn -0.1175 0.8928 0.4350
vn -0.5154 -0.2700 0.8133
vn -0.6507 -0.1744 0.7390
vn -0.1370 -0.7097 0.6910
vn -0.0522 -0.6883 0.7235
vn 0.3295 -0.6406 0.6936
vn 0.2418 -0.8048 0.5421
vn 0.5828 -0.5080 0.6343
vn 0.4542 -0.2221 0.8627
vn 0.5645 0.0902 0.8205
vn 0.5054 0.1068 0.8563
vn -0.3284 0.6506 0.6848
vn -0.3448 0.6080 0.7151
vn -0.1792 0.6617 0.7280
vn -0.2165 0.5058 0.8350
vn -0.5496 -0.2708 0.7903
vn -0.5504 -0.2703 0.7899
vn -0.2438 -0.7035 0.6676
vn -0.1192 -0.6851 0.7186
vn 0.3297 -0.6963 0.6375
vn 0.3483 -0.6625 0.6631
vn 0.5141 -0.5337 0.6715
vn 0.5019 -0.4930 0.7107
vn 0.6033 0.2388 0.7609
vn -0.0624 0.8037 0.5917
vn -0.3335 0.7336 0.5922
vn -0.5819 -0.2528 0.7730
vn -0.5497 -0.2873 0.7844
vn 0.3040 -0.2672 0.9144
vn 0.5978 0.0874 0.7969
vn 0.8382 0.0670 0.5412
vn 0.6828 0.2453 0.6882
vn 0.1372 0.7796 0.6110
vn -0.0644 0.6962 0.7149
vn -0.2271 0.6759 0.7011
vn -0.2701 0.5772 0.7706
vn -0.6758 0.0532 0.7352
vn -0.3858 -0.1228 0.9144
vn -0.3436 -0.2533 0.9043
vn -0.5425 -0.2706 0.7953
vn 0.1015 -0.5714 0.8144
vn 0.3050 -0.2850 0.9087
vn 0.8385 0.1584 0.5214
vn 0.8359 0.1620 0.5245
vn 0.7795 -0.1088 0.6169
vn 0.5438 0.1333 0.8286
vn 0.1076 0.6211 0.7763
vn 0.1090 0.6219 0.7755
vn -0.1583 0.6189 0.7694
vn -0.1741 0.5738 0.8003
vn -0.5994 0.0407 0.7994
vn -0.6381 0.0647 0.7673
vn -0.6070 -0.1655 0.7773
vn -0.2360 -0.1125 0.9652
vn 0.0919 -0.2642 0.9601
vn 0.0930 -0.2626 0.9604
vn 0.7755 0.1927 0.6011
vn 0.7988 0.1642 0.5787
vn 0.0065 0.5025 0.8646
vn -0.2357 0.5598 0.7944
vn -0.6698 0.3661 0.6460
vn -0.6941 0.3324 0.6385
vn -0.6553 0.0110 0.7553
vn 0.4246 -0.0519 0.9039
vn 0.3480 -0.2070 0.9144
vn 0.2734 0.5711 0.7740
vn 0.1780 0.5924 0.7857
vn 0.0822 0.6769 0.7315
vn -0.2173 0.5937 0.7748
vn -0.7159 0.4639 0.5218
vn -0.7274 0.3686 0.5788
vn -0.6153 0.4970 0.6119
vn -0.5511 0.3159 0.7723
vn -0.5572 0.0156 0.8303
vn -0.6576 0.0067 0.7533
vn 0.0972 -0.4903 0.8661
vn 0.3141 0.0618 0.9474
vn 0.0183 -0.0202 0.9996
vn 0.0182 -0.0197 0.9996
vn 0.1428 0.6374 0.7572
vn 0.4753 0.6145 0.6296
vn -0.0828 0.7425 0.6647
vn 0.5101 0.8325 0.2161
vn -0.7339 0.3610 0.5754
vn -0.7592 0.4702 0.4500
vn -0.8049 0.3456 0.4824
vn -0.8244 0.5320 -0.1932
vn -0.6462 -0.2091 0.7340
vn -0.7869 -0.3083 0.5345
vn 0.1409 -0.1591 0.9772
vn 0.1646 -0.5980 0.7844
vn 0.4474 -0.1239 0.8857
vn 0.6733 -0.6667 0.3196
vn 0.4680 0.1786 0.8655
vn -0.1724 0.5650 0.8069
vn -0.3689 0.4883 0.7908
vn -0.6812 -0.1827 0.7089
vn -0.5755 -0.4253 0.6985
vn -0.2514 -0.6232 0.7406
vn 0.3128 -0.4791 0.8202
vn 0.2019 0.3434 0.9172
vn 0.6857 0.3269 0.6503
vn -0.1972 0.6066 0.7702
vn -0.1437 0.6545 0.7423
vn -0.4025 0.5091 0.7608
vn -0.3658 0.6433 0.6726
vn -0.5080 -0.3283 0.7963
vn -0.7329 -0.2059 0.6484
vn -0.3419 -0.6156 0.7100
vn -0.7879 -0.5241 0.3234
vn -0.2025 -0.7512 0.6282
vn -0.3085 -0.8514 0.4241
vn 0.3193 -0.2732 0.9074
vn 0.5668 -0.5679 0.5969
vn 0.4440 0.4787 0.7574
vn 0.3819 0.4899 0.7837
vn 0.0112 0.7714 0.6362
vn -0.2012 0.6461 0.7362
vn -0.3094 0.6304 0.7120
vn -0.3857 0.4619 0.7987
vn -0.8637 -0.3069 0.3998
vn -0.7288 -0.4170 0.5432
vn -0.6396 -0.5939 0.4881
vn -0.3553 -0.6505 0.6713
vn -0.2241 -0.7077 0.6700
vn -0.2079 -0.6986 0.6846
vn 0.4115 -0.5500 0.7268
vn 0.2786 -0.2649 0.9232
vn 0.5515 0.1228 0.8251
vn 0.4448 0.3352 0.8305
vn -0.6761 0.4662 0.5706
vn -0.8627 0.0508 0.5032
vn -0.6810 -0.2706 0.6805
vn 0.2043 -0.3982 0.8943
vn 0.4501 -0.2301 0.8628
vn 0.4900 0.1498 0.8588
vn 0.5863 0.1325 0.7991
vn 0.2532 0.2868 0.9239
vn 0.4875 0.4832 0.7272
vn -0.3509 0.1325 0.9270
vn -0.3656 0.1905 0.9111
vn -0.4336 -0.2013 0.8783
vn -0.7786 0.0446 0.6259
vn -0.4196 -0.4273 0.8008
vn -0.8655 -0.3305 0.3764
vn 0.1529 -0.5646 0.8111
vn 0.2015 -0.4973 0.8438
vn 0.5091 -0.1558 0.8465
vn 0.5754 -0.2996 0.7610
vn 0.7119 0.2033 0.6722
vn 0.5848 0.2291 0.7781
vn 0.4144 0.4738 0.7770
vn 0.2628 0.3855 0.8845
vn -0.4801 0.4059 0.7777
vn -0.4506 0.1961 0.8709
vn -0.7389 -0.1743 0.6509
vn -0.6591 -0.2405 0.7126
vn -0.6246 -0.3631 0.6914
vn -0.3834 -0.4115 0.8268
vn 0.0154 -0.6082 0.7936
vn 0.1417 -0.4778 0.8669
vn 0.6377 -0.2523 0.7278
vn 0.6017 -0.1814 0.7778
vn 0.6020 0.2903 0.7438
vn 0.0376 0.8779 0.4774
vn -0.2512 0.8439 0.4741
vn -0.6305 0.3359 0.6998
vn -0.3867 -0.1413 0.9113
vn 0.2914 -0.2612 0.9203
vn 0.5528 -0.0616 0.8310
vn 0.2579 0.5140 0.8181
vn 0.7290 0.4541 0.5122
vn 0.1182 0.7734 0.6229
vn -0.1663 0.5951 0.7863
vn -0.3164 0.5117 0.7988
vn -0.2423 0.8011 0.5473
vn -0.5009 0.0296 0.8650
vn -0.8307 0.2765 0.4833
vn -0.4700 -0.3583 0.8067
vn -0.5926 -0.3952 0.7019
vn 0.1520 -0.3797 0.9125
vn 0.2485 0.0435 0.9677
vn 0.3206 0.1831 0.9294
vn 0.4947 -0.0336 0.8684
vn 0.5985 0.6058 0.5242
vn 0.3705 0.6485 0.6649
vn 0.1084 0.7966 0.5946
vn 0.1227 0.8018 0.5849
vn -0.3042 0.7583 0.5766
vn -0.3673 0.6081 0.7038
vn -0.7562 -0.0485 0.6525
vn -0.7620 -0.0437 0.6461
vn -0.6691 -0.3778 0.6400
vn -0.4560 -0.3306 0.8263
vn 0.0749 -0.5313 0.8439
vn 0.1418 -0.3575 0.9231
vn 0.6756 0.0681 0.7341
vn 0.6837 0.0552 0.7277
vn 0.3069 0.0184 0.9516
vn 0.0642 0.2511 0.9658
vn -0.5393 0.1644 0.8259
vn -0.7260 -0.2872 0.6249
vn -0.7140 -0.3222 0.6217
vn -0.2878 -0.6049 0.7425
vn 0.2669 -0.3321 0.9047
vn 0.2037 0.1069 0.9732
vn 0.4480 0.1020 0.8882
vn -0.0418 0.4156 0.9086
vn 0.1201 0.5490 0.8271
vn -0.5789 0.2884 0.7627
vn -0.5815 0.2306 0.7802
vn -0.6874 -0.2637 0.6767
vn -0.6340 -0.3213 0.7035
vn -0.5764 -0.4169 0.7029
vn -0.7526 -0.3629 0.5495
vn -0.2205 -0.6247 0.7491
vn -0.3025 -0.6972 0.6500
vn 0.2563 -0.3531 0.8998
vn 0.2339 -0.3102 0.9214
vn 0.5079 0.2529 0.8235
vn 0.4121 0.2662 0.8714
vn 0.2090 0.4970 0.8422
vn -0.0643 0.3295 0.9420
vn -0.6602 0.2363 0.7130
vn -0.6528 0.3936 0.6473
vn -0.8498 -0.0452 0.5251
vn -0.7100 -0.2621 0.6536
vn -0.6435 -0.4319 0.6320
vn -0.6208 -0.4406 0.6484
vn -0.2198 -0.6859 0.6937
vn -0.2215 -0.6876 0.6915
vn 0.4230 -0.4869 0.7642
vn 0.3719 -0.3832 0.8455
vn 0.4560 -0.0218 0.8897
vn 0.0766 0.2533 0.9644
vn -0.4947 0.0290 0.8686
vn -0.5446 -0.1225 0.8297
vn -0.1096 -0.7765 0.6205
vn 0.2410 -0.7599 0.6037
vn 0.5036 -0.4517 0.7365
vn 0.6346 -0.1338 0.7611
vn 0.3455 -0.0721 0.9356
vn 0.0616 0.1181 0.9911
vn 0.0596 0.1151 0.9916
vn -0.3636 -0.1246 0.9232
vn -0.4042 -0.0272 0.9143
vn -0.4099 -0.0638 0.9099
vn -0.2566 -0.2290 0.9390
vn 0.0170 -0.5896 0.8075
vn 0.0168 -0.5897 0.8074
vn 0.2173 -0.5800 0.7851
vn 0.1764 -0.7131 0.6785
vn 0.5534 -0.3053 0.7749
vn 0.6011 -0.4592 0.6540
vn 0.7067 -0.2488 0.6623
vn 0.5993 -0.1557 0.7852
vn 0.4149 0.5032 0.7581
vn 0.0646 0.2549 0.9648
vn -0.6509 0.3814 0.6564
vn -0.6344 0.0620 0.7705
vn -0.5385 0.1821 0.8227
vn -0.4390 -0.0488 0.8972
vn -0.3554 -0.8315 0.4270
vn -0.0485 -0.7867 0.6154
vn 0.2552 -0.8808 0.3989
vn 0.3590 -0.7784 0.5149
vn 0.6627 -0.6206 0.4192
vn 0.6811 -0.3055 0.6654
vn 0.4684 0.0914 0.8788
vn 0.0531 0.4887 0.8708
vn -0.1014 0.4976 0.8614
vn -0.6355 -0.1139 0.7637
vn -0.3909 -0.6410 0.6606
vn -0.3098 -0.6693 0.6753
vn 0.4575 -0.1913 0.8684
vn 0.6664 0.2052 0.7168
vn 0.7115 0.1727 0.6811
vn 0.1167 0.7392 0.6634
vn 0.0040 0.6589 0.7522
vn -0.0680 0.6544 0.7531
vn -0.1085 0.5814 0.8063
vn -0.5932 -0.0769 0.8014
vn -0.5449 -0.1262 0.8290
vn -0.3532 -0.5488 0.7577
vn -0.3308 -0.5456 0.7700
vn -0.2141 -0.5932 0.7761
vn -0.2990 -0.6421 0.7059
vn 0.6021 -0.2065 0.7713
vn 0.6142 -0.2640 0.7437
vn 0.5292 0.3374 0.7785
vn 0.8599 0.2607 0.4389
vn -0.0012 0.6695 0.7428
vn 0.0790 0.8288 0.5539
vn -0.2826 0.7014 0.6543
vn -0.1908 0.9540 0.2312
vn -0.6272 -0.1461 0.7650
vn -0.7246 -0.0591 0.6867
vn -0.2537 -0.6079 0.7524
vn -0.4125 -0.6561 0.6320
vn -0.0195 -0.6950 0.7187
vn -0.4785 -0.8726 -0.0980
vn 0.6356 -0.1622 0.7548
vn 0.6861 -0.2582 0.6801
vn 0.5970 0.1723 0.7836
vn 0.3807 0.5124 0.7698
vn -0.5529 0.5450 0.6303
vn -0.6676 0.3860 0.6367
vn -0.3275 -0.1749 0.9285
vn 0.1346 -0.2473 0.9596
vn 0.5749 0.0493 0.8167
vn 0.5373 0.2343 0.8102
vn 0.6360 0.1658 0.7537
vn 0.2539 0.4861 0.8362
vn 0.3915 0.5406 0.7446
vn -0.2806 0.4524 0.8465
vn -0.2816 0.4578 0.8433
vn -0.4700 0.1413 0.8713
vn -0.6366 0.3827 0.6696
vn -0.3417 -0.3527 0.8711
vn -0.6913 -0.2928 0.6606
vn -0.0152 -0.5226 0.8524
vn 0.1176 -0.3417 0.9324
vn 0.5567 0.0482 0.8293
vn 0.5542 0.0510 0.8308
vn 0.7236 0.2983 0.6225
vn 0.9082 0.1556 0.3886
vn 0.2205 0.7060 0.6730
vn 0.2745 0.7493 0.6027
vn -0.4777 0.5158 0.7112
vn -0.4808 0.5224 0.7042
vn -0.6657 -0.0123 0.7461
vn -0.8853 0.2719 0.3772
vn -0.5321 -0.5137 0.6730
vn -0.6125 -0.5032 0.6096
vn 0.0036 -0.6477 0.7619
vn 0.0078 -0.6379 0.7701
vn 0.6641 0.1190 0.7381
vn 0.8008 -0.0130 0.5989
vn 0.5146 0.4243 0.7451
vn 0.1801 0.7462 0.6409
vn -0.6297 0.4519 0.6318
vn -0.6763 0.3008 0.6724
vn -0.2678 -0.3155 0.9104
vn 0.4321 -0.3658 0.8243
vn 0.3382 -0.4279 0.8382
vn 0.3838 0.5990 0.7028
vn 0.6411 0.5527 0.5324
vn 0.3811 0.7359 0.5596
vn 0.1416 0.6631 0.7350
vn -0.5531 0.4086 0.7260
vn -0.5574 0.3505 0.7526
vn -0.6075 0.2252 0.7617
vn -0.6805 0.3013 0.6679
vn -0.2465 -0.4721 0.8464
vn -0.3892 -0.5151 0.7636
vn 0.2708 -0.5687 0.7767
vn 0.3530 -0.2588 0.8991
vn 0.4209 -0.1848 0.8881
vn 0.5177 -0.5712 0.6370
vn 0.5067 0.6356 0.5825
vn 0.4252 0.6447 0.6352
vn 0.3431 0.6966 0.6301
vn 0.3537 0.6984 0.6222
vn -0.5611 0.5064 0.6547
vn -0.5704 0.4212 0.7052
vn -0.6669 0.2259 0.7101
vn -0.6662 0.2250 0.7110
vn -0.3003 -0.5427 0.7844
vn -0.2864 -0.5393 0.7919
vn 0.4436 -0.5910 0.6737
vn 0.3732 -0.7362 0.5645
vn 0.6613 -0.5013 0.5580
vn 0.6355 -0.3237 0.7010
vn 0.3307 0.4756 0.8151
vn 0.4118 0.3456 0.8432
vn -0.6931 0.2046 0.6912
vn -0.7247 -0.1377 0.6752
vn -0.3157 -0.5872 0.7453
vn -0.1373 -0.6105 0.7800
vn 0.1560 -0.4527 0.8779
vn 0.5065 0.4087 0.7592
vn 0.2698 0.4108 0.8709
vn 0.3323 0.3700 0.8676
vn 0.4852 0.4331 0.7596
vn -0.6767 0.0856 0.7313
vn -0.7116 0.2193 0.6675
vn -0.7692 -0.0075 0.6390
vn -0.6202 -0.2017 0.7581
vn -0.2984 -0.6290 0.7179
vn -0.3487 -0.6359 0.6885
vn 0.0613 -0.7047 0.7068
vn 0.0110 -0.7835 0.6213
vn 0.4738 -0.5083 0.7191
vn 0.5055 -0.6002 0.6198
vn 0.5471 0.4938 0.6758
vn 0.5856 0.4911 0.6449
vn 0.4231 0.6123 0.6679
vn 0.5416 0.6480 0.5355
vn -0.7751 0.2483 0.5810
vn -0.7423 0.1226 0.6588
vn -0.7771 -0.0712 0.6253
vn -0.8348 0.0317 0.5497
vn -0.4253 -0.6754 0.6025
vn -0.3353 -0.6740 0.6583
vn 0.1442 -0.7326 0.6651
vn 0.1112 -0.7798 0.6160
vn 0.5678 -0.4597 0.6828
vn 0.6022 -0.5387 0.5892
vn 0.4914 0.0492 0.8695
vn 0.2034 0.4392 0.8750
vn 0.0820 0.4615 0.8833
vn -0.3141 0.0167 0.9492
vn 0.1140 -0.6276 0.7702
vn 0.4172 -0.5800 0.6996
vn 0.2913 -0.6705 0.6824
vn 0.7050 0.0017 0.7093
vn 0.5548 0.0810 0.8280
vn 0.2694 0.4339 0.8598
vn 0.2000 0.3621 0.9104
vn -0.1529 0.3621 0.9195
vn -0.1431 0.6367 0.7578
vn -0.5132 0.2383 0.8245
vn -0.4086 0.0573 0.9109
vn -0.1280 -0.6771 0.7247
vn 0.1041 -0.6370 0.7638
vn 0.3621 -0.6639 0.6543
vn 0.4163 -0.5989 0.6842
vn 0.4280 -0.5918 0.6830
vn 0.3804 -0.7517 0.5387
vn 0.6904 0.1028 0.7161
vn 0.8501 0.1080 0.5154
vn 0.2427 0.4104 0.8790
vn 0.2665 0.4549 0.8497
vn -0.2496 0.1775 0.9519
vn -0.3122 0.5828 0.7502
vn -0.4306 -0.1413 0.8914
vn -0.8716 0.4901 0.0066
vn 0.0088 -0.7066 0.7076
vn -0.2710 -0.7991 0.5367
vn 0.4154 -0.6866 0.5967
vn 0.3663 -0.7585 0.5390
vn 0.6109 -0.5070 0.6081
vn 0.4266 -0.8947 -0.1323
vn 0.4786 0.4193 0.7715
vn -0.0179 0.6795 0.7334
vn -0.5026 0.4264 0.7520
vn -0.4984 0.4350 0.7499
vn -0.3513 -0.2031 0.9139
vn 0.3967 -0.5286 0.7505
vn 0.4417 -0.4993 0.7454
vn 0.6290 0.2371 0.7404
vn 0.4100 0.3970 0.8212
vn 0.1669 0.6478 0.7433
vn -0.0830 0.5331 0.8420
vn -0.4852 0.4649 0.7405
vn -0.4913 0.4167 0.7648
vn -0.5266 0.3677 0.7665
vn -0.5531 0.4340 0.7112
vn -0.4105 -0.4722 0.7801
vn -0.4815 -0.4704 0.7396
vn 0.1996 -0.7519 0.6284
vn 0.3881 -0.4509 0.8038
vn 0.4684 -0.3975 0.7891
vn 0.4721 -0.5108 0.7185
vn 0.5427 0.3400 0.7680
vn 0.7087 0.2462 0.6611
vn 0.1608 0.7315 0.6626
vn 0.1986 0.7521 0.6284
vn -0.6032 0.5016 0.6201
vn -0.5961 0.5732 0.5623
vn -0.6812 0.4381 0.5866
vn -0.6786 0.4308 0.5949
vn -0.3315 -0.6143 0.7160
vn -0.5077 -0.6644 0.5485
vn 0.1147 -0.8136 0.5699
vn 0.1833 -0.7069 0.6832
vn 0.5149 -0.4487 0.7304
vn 0.5155 -0.4643 0.7202
vn 0.3453 0.3608 0.8664
vn -0.4691 0.4701 0.7476
vn -0.5035 0.4385 0.7445
vn -0.6167 -0.0252 0.7868
vn -0.3828 -0.4813 0.7886
vn -0.3606 -0.4921 0.7923
vn 0.4241 -0.0333 0.9050
vn 0.5077 0.3444 0.7897
vn 0.3693 0.3753 0.8502
vn -0.3206 0.6594 0.6800
vn -0.4362 0.5521 0.7106
vn -0.6074 0.4348 0.6648
vn -0.5878 0.5162 0.6230
vn -0.7722 -0.2168 0.5973
vn -0.8112 -0.1689 0.5599
vn -0.6292 -0.5081 0.5882
vn -0.4050 -0.5016 0.7644
vn -0.1002 -0.5623 0.8208
vn -0.1609 -0.7493 0.6423
vn 0.5822 -0.0653 0.8104
vn 0.5840 -0.0676 0.8089
vn 0.5448 0.4019 0.7360
vn 0.6096 0.3762 0.6977
vn -0.0496 0.8251 0.5628
vn -0.3305 0.6316 0.7014
vn -0.6364 0.4786 0.6049
vn -0.6303 0.5019 0.5924
vn -0.8529 -0.2651 0.4497
vn -0.8453 -0.2718 0.4601
vn -0.7510 -0.4856 0.4474
vn -0.6259 -0.4863 0.6097
vn -0.0927 -0.7204 0.6873
vn -0.0633 -0.6584 0.7500
vn 0.6494 -0.1456 0.7464
vn 0.5834 -0.0652 0.8095
vn 0.4741 -0.0419 0.8794
vn -0.0049 0.3226 0.9465
vn -0.3382 0.1817 0.9234
vn -0.4833 -0.3154 0.8167
vn -0.4637 -0.3541 0.8121
vn 0.1966 -0.5599 0.8049
vn 0.4361 -0.3957 0.8082
vn 0.7353 -0.1462 0.6618
vn 0.4673 -0.0431 0.8831
vn -0.0421 0.3654 0.9299
vn -0.0124 0.4092 0.9124
vn -0.2114 0.3498 0.9126
vn -0.2511 -0.0692 0.9655
vn -0.3492 -0.3775 0.8576
vn -0.4959 -0.3196 0.8074
vn -0.4831 -0.3423 0.8059
vn -0.4467 -0.3470 0.8247
vn 0.2933 -0.4898 0.8210
vn 0.2643 -0.6384 0.7229
vn 0.6322 -0.2870 0.7197
vn 0.6771 -0.4311 0.5963
vn 0.5273 -0.2967 0.7962
vn 0.4344 -0.2363 0.8692
vn -0.0792 0.5992 0.7967
vn -0.0511 0.6312 0.7739
vn -0.1050 0.6373 0.7634
vn -0.2106 0.3472 0.9138
vn -0.7422 -0.3449 0.5747
vn -0.5545 -0.4669 0.6889
vn -0.6096 -0.2893 0.7380
vn -0.4647 -0.3381 0.8184
vn 0.3164 -0.7932 0.5203
vn 0.3825 -0.5664 0.7300
vn 0.5680 -0.4571 0.6844
vn 0.5396 -0.2657 0.7989
vn 0.7918 0.1834 0.5825
vn 0.4638 0.4749 0.7479
vn -0.3162 0.0687 0.9462
vn -0.3433 -0.0726 0.9364
vn -0.0589 -0.4850 0.8725
vn 0.4569 -0.5640 0.6878
vn 0.7118 -0.3893 0.5846
vn 0.6997 0.0984 0.7076
vn 0.6537 0.1064 0.7493
vn 0.2972 0.3302 0.8959
vn 0.4610 0.5054 0.7294
vn -0.3124 0.2438 0.9181
vn -0.2711 0.0204 0.9623
vn -0.3351 -0.3215 0.8857
vn -0.6452 -0.1595 0.7472
vn -0.2397 -0.6240 0.7437
vn -0.1904 -0.6184 0.7625
vn 0.5190 -0.5433 0.6599
vn 0.4802 -0.6137 0.6268
vn 0.7045 -0.3468 0.6193
vn 0.7087 -0.3853 0.5910
vn 0.8495 0.0056 0.5275
vn 0.7299 0.1240 0.6722
vn 0.5618 0.4946 0.6631
vn 0.3108 0.4259 0.8497
vn -0.3214 0.5452 0.7742
vn -0.3867 0.3075 0.8694
vn -0.7508 -0.0827 0.6553
vn -0.4976 -0.3558 0.7910
vn -0.3954 -0.6739 0.6241
vn -0.3070 -0.6853 0.6604
vn 0.2923 -0.8836 0.3659
vn 0.5678 -0.6200 0.5414
vn 0.6834 -0.5400 0.4913
vn 0.7223 -0.3540 0.5940
vn 0.6364 0.0933 0.7657
vn 0.2096 0.3620 0.9083
vn -0.3123 0.2805 0.9076
vn -0.3811 0.2124 0.8998
vn -0.4095 -0.1741 0.8955
vn 0.2927 -0.6150 0.7322
vn 0.7219 -0.3023 0.6224
vn 0.5919 0.0223 0.8057
vn 0.4002 0.1355 0.9064
vn 0.0689 0.3883 0.9190
vn 0.2814 0.4762 0.8331
vn -0.4337 0.3634 0.8245
vn -0.4331 0.3766 0.8189
vn -0.5149 0.2518 0.8194
vn -0.4933 0.2265 0.8398
vn -0.3214 -0.2065 0.9242
vn -0.4684 -0.2083 0.8586
vn 0.3065 -0.3916 0.8676
vn 0.2484 -0.4955 0.8323
vn 0.5685 -0.2613 0.7801
vn 0.5631 -0.2463 0.7888
vn 0.6036 0.1972 0.7725
vn 0.9766 -0.0158 0.2145
vn 0.0505 0.5589 0.8277
vn 0.2125 0.6496 0.7300
vn -0.4959 0.3387 0.7996
vn -0.5235 0.4379 0.7309
vn -0.5936 0.0946 0.7992
vn -0.9069 0.2698 0.3236
vn -0.2508 -0.4451 0.8597
vn -0.6875 -0.5664 0.4544
vn 0.4592 -0.4995 0.7346
vn 0.3955 -0.6878 0.6087
vn 0.6984 -0.2714 0.6623
vn 0.7189 -0.3021 0.6261
vn 0.5970 -0.1705 0.7839
vn -0.0884 0.1641 0.9825
vn -0.4350 0.0483 0.8991
vn -0.5985 -0.3608 0.7152
vn -0.3975 -0.7345 0.5500
vn 0.0371 -0.8582 0.5119
vn 0.6220 -0.3788 0.6852
vn 0.4351 0.0185 0.9002
vn 0.7559 -0.0403 0.6534
vn 0.0872 0.4807 0.8725
vn 0.0299 0.4401 0.8975
vn -0.5698 0.1525 0.8075
vn -0.5665 0.2853 0.7731
vn -0.6600 -0.3521 0.6637
vn -0.6417 -0.3673 0.6733
vn -0.4087 -0.6503 0.6404
vn -0.2818 -0.6469 0.7086
vn -0.0588 -0.6811 0.7298
vn -0.0765 -0.7160 0.6939
vn 0.4231 -0.3050 0.8532
vn 0.4528 -0.3539 0.8184
vn 0.5634 -0.0191 0.8259
vn 0.4440 0.0238 0.8957
vn 0.0780 0.4835 0.8719
vn 0.0916 0.4909 0.8664
vn -0.6422 0.4059 0.6503
vn -0.6558 0.3050 0.6906
vn -0.8593 -0.2828 0.4262
vn -0.7827 -0.3687 0.5014
vn -0.6163 -0.6710 0.4122
vn -0.4365 -0.7093 0.5536
vn -0.1618 -0.8331 0.5289
vn -0.0344 -0.7253 0.6876
vn 0.5469 -0.4538 0.7036
vn 0.4879 -0.3107 0.8157
vn 0.4920 0.1315 0.8606
vn 0.2823 0.2962 0.9124
vn 0.2122 0.2940 0.9320
vn -0.1926 -0.2801 0.9405
vn -0.1030 -0.5010 0.8593
vn 0.5460 -0.4387 0.7137
vn 0.5945 -0.3511 0.7234
vn 0.7174 0.1101 0.6879
vn 0.5859 0.1595 0.7945
vn 0.3111 0.3332 0.8900
vn 0.2818 0.2930 0.9137
vn 0.1051 0.1988 0.9744
vn 0.0442 0.5744 0.8174
vn -0.1019 -0.2700 0.9575
vn -0.1232 -0.2642 0.9566
vn 0.0683 -0.4522 0.8893
vn -0.1150 -0.5144 0.8498
vn 0.5331 -0.4220 0.7333
vn 0.5362 -0.4096 0.7380
vn 0.6686 -0.1883 0.7194
vn 0.7322 -0.3406 0.5898
vn 0.8311 0.0899 0.5488
vn 0.7650 0.1398 0.6287
vn 0.4073 0.6425 0.6491
vn 0.2830 0.5323 0.7979
vn 0.0611 0.5451 0.8361
vn 0.0504 0.2926 0.9549
vn -0.3977 -0.3802 0.8350
vn -0.4138 -0.3736 0.8302
vn -0.2827 -0.6384 0.7159
vn -0.1131 -0.6195 0.7768
vn 0.4549 -0.7069 0.5416
vn 0.5602 -0.4563 0.6914
vn 0.7977 -0.1821 0.5749
vn 0.8003 -0.1928 0.5677
vn 0.6959 0.4284 0.5763
vn -0.0018 0.8266 0.5627
vn -0.3895 0.6153 0.6854
vn -0.4343 0.3971 0.8085
vn -0.0464 -0.0975 0.9941
vn 0.5665 -0.1908 0.8017
vn 0.7236 -0.0674 0.6869
vn 0.4499 0.4003 0.7983
vn 0.5643 0.3558 0.7450
vn 0.0801 0.6552 0.7512
vn 0.0932 0.6689 0.7375
vn -0.2325 0.5841 0.7777
vn -0.2304 0.5408 0.8090
vn -0.3665 0.2603 0.8933
vn -0.5692 0.3878 0.7250
vn -0.3089 -0.1568 0.9381
vn -0.0236 -0.0771 0.9967
vn 0.5631 -0.1201 0.8176
vn 0.5710 -0.1951 0.7974
vn 0.6184 -0.1252 0.7758
vn 0.4865 0.2717 0.8303
vn 0.7093 0.3841 0.5911
vn 0.5852 0.4469 0.6766
vn 0.0028 0.8558 0.5173
vn -0.0288 0.8179 0.5746
vn -0.3185 0.7710 0.5514
vn -0.3298 0.6361 0.6976
vn -0.5735 0.3470 0.7421
vn -0.4467 0.2438 0.8608
vn -0.3059 -0.2156 0.9273
vn -0.3946 -0.2265 0.8905
vn 0.6749 -0.5040 0.5390
vn 0.6968 -0.3021 0.6505
vn 0.6880 -0.3122 0.6551
vn 0.6827 -0.2335 0.6924
vn 0.4341 0.4263 0.7936
vn 0.1776 0.5404 0.8225
vn -0.1545 0.4155 0.8964
vn -0.2821 0.1005 0.9541
vn -0.0224 -0.3483 0.9371
vn 0.2903 -0.3862 0.8755
vn 0.5885 -0.0269 0.8081
vn 0.6508 0.2513 0.7164
vn 0.3553 0.3965 0.8465
vn 0.1256 0.5906 0.7971
vn 0.1438 0.6094 0.7797
vn -0.3786 0.5581 0.7384
vn -0.3680 0.6002 0.7101
vn -0.6528 0.2647 0.7098
vn -0.4687 0.0670 0.8808
vn -0.3032 -0.4101 0.8601
vn -0.0281 -0.3609 0.9322
vn 0.2812 -0.4391 0.8533
vn 0.2972 -0.4147 0.8600
vn 0.6643 -0.1427 0.7337
vn 0.6422 -0.0512 0.7648
vn 0.7005 0.1973 0.6858
vn 0.6326 0.2452 0.7346
vn 0.1358 0.7829 0.6071
vn 0.0729 0.7359 0.6732
vn -0.2626 0.7299 0.6311
vn -0.3422 0.5157 0.7854
vn -0.5994 0.2467 0.7615
vn -0.6081 0.2608 0.7498
vn -0.5194 -0.4542 0.7239
vn -0.3284 -0.4451 0.8331
vn 0.2078 -0.6746 0.7083
vn 0.3028 -0.5533 0.7760
vn 0.6648 -0.3472 0.6614
vn 0.6430 -0.1231 0.7559
vn 0.8343 0.0345 0.5503
vn -0.1116 0.7515 0.6502
vn -0.3244 0.6634 0.6743
vn -0.5094 0.2763 0.8150
vn -0.3721 -0.0386 0.9274
vn 0.4290 -0.2893 0.8557
vn 0.8330 0.0199 0.5529
vn 0.6022 0.2096 0.7704
vn 0.8550 0.0210 0.5183
vn -0.1226 0.5582 0.8206
vn -0.0584 0.6615 0.7476
vn -0.3848 0.5168 0.7648
vn -0.3746 0.6939 0.6150
vn -0.5696 0.3016 0.7646
vn -0.5553 0.2895 0.7796
vn -0.0761 -0.2688 0.9602
vn -0.5769 -0.4665 0.6705
vn 0.4032 -0.4721 0.7839
vn 0.4471 -0.3440 0.8257
vn 0.6756 0.0431 0.7360
vn 0.6282 0.1182 0.7690
vn 0.7470 0.0984 0.6575
vn 0.6374 0.2049 0.7428
vn -0.2267 0.8850 0.4066
vn -0.2896 0.8264 0.4829
vn -0.5314 0.7437 0.4056
vn -0.5887 0.6094 0.5311
vn -0.6584 0.5407 0.5236
vn -0.5108 0.2950 0.8075
vn -0.3396 -0.5433 0.7677
vn -0.1645 -0.5033 0.8483
vn 0.2588 -0.6365 0.7266
vn 0.3869 -0.4370 0.8120
vn 0.7932 -0.1287 0.5952
vn 0.7402 0.0288 0.6718
vn 0.5134 0.4468 0.7327
vn 0.6028 0.2600 0.7543
vn -0.4803 0.3726 0.7940
vn -0.6447 -0.2499 0.7224
vn -0.6770 -0.2078 0.7061
vn 0.3459 -0.3297 0.8784
vn 0.2635 -0.3829 0.8854
vn 0.6881 0.2914 0.6646
vn 0.3586 0.3849 0.8504
vn 0.3394 0.3983 0.8522
vn 0.6863 0.5304 0.4976
vn -0.3938 0.4601 0.7958
vn -0.4048 0.2554 0.8780
vn -0.5450 -0.1034 0.8321
vn -0.3362 -0.2450 0.9094
vn -0.2688 -0.3475 0.8984
vn -0.7795 -0.3117 0.5434
vn 0.2197 -0.6230 0.7507
vn 0.3578 -0.3999 0.8438
vn 0.5717 -0.1952 0.7969
vn 0.6319 -0.5307 0.5648
vn 0.7039 0.3628 0.6107
vn 0.7461 0.3511 0.5658
vn 0.4141 0.5937 0.6900
vn 0.4438 0.6095 0.6570
vn -0.5038 0.2258 0.8338
vn -0.5416 0.6254 0.5617
vn -0.7152 -0.2261 0.6613
vn -0.8617 -0.1022 0.4971
vn -0.5338 -0.5693 0.6253
vn -0.5444 -0.5692 0.6161
vn 0.4337 -0.5593 0.7065
vn 0.2884 -0.8467 0.4470
vn 0.7906 -0.2690 0.5501
vn 0.8051 -0.3524 0.4771
vn 0.6066 0.5628 0.5616
vn 0.6671 0.5111 0.5420
vn -0.5157 -0.1065 0.8501
vn -0.5153 -0.0986 0.8513
vn -0.2315 -0.5578 0.7971
vn 0.1915 -0.6617 0.7248
vn 0.6247 -0.3977 0.6720
vn 0.6382 0.3104 0.7045
vn 0.5457 0.3175 0.7755
vn 0.5440 0.3200 0.7757
vn 0.6111 0.3419 0.7139
vn -0.7243 0.3694 0.5822
vn -0.7196 0.0425 0.6931
vn -0.5839 0.2939 0.7568
vn -0.3444 -0.2081 0.9154
vn -0.1945 -0.6255 0.7556
vn -0.2544 -0.6301 0.7337
vn 0.1109 -0.7426 0.6605
vn 0.1929 -0.6685 0.7183
vn 0.5279 -0.4938 0.6910
vn 0.5180 -0.3309 0.7888
vn 0.5559 0.4872 0.6735
vn 0.7278 0.4606 0.5081
vn 0.7385 0.4443 0.5071
vn 0.5826 0.3923 0.7118
vn -0.6457 0.3355 0.6859
vn -0.6433 0.2525 0.7228
vn -0.6172 0.2975 0.7284
vn -0.6291 0.3353 0.7013
vn -0.3523 -0.6563 0.6672
vn -0.2090 -0.6435 0.7364
vn 0.2075 -0.7370 0.6432
vn 0.1326 -0.8168 0.5615
vn 0.4558 -0.6755 0.5796
vn 0.4589 -0.4470 0.7678
vn 0.5628 0.4304 0.7057
vn 0.1901 0.6116 0.7680
vn -0.2615 0.4793 0.8378
vn -0.5040 -0.0061 0.8637
vn -0.4977 -0.0325 0.8668
vn 0.7827 -0.3679 0.5021
vn 0.7193 -0.4614 0.5193
vn 0.5583 0.4507 0.6965
vn 0.5891 0.4367 0.6799
vn 0.3690 0.6112 0.7002
vn 0.1178 0.5003 0.8578
vn -0.2793 0.3928 0.8762
vn -0.2913 0.5051 0.8124
vn -0.4817 0.1242 0.8675
vn -0.3513 0.0770 0.9331
vn -0.3530 0.0804 0.9322
vn -0.3932 0.0721 0.9166
vn 0.6118 -0.0818 0.7868
vn 0.6088 -0.0447 0.7921
vn 0.5521 -0.1203 0.8251
vn 0.6094 -0.3990 0.6852
vn 0.6164 0.4563 0.6417
vn 0.5896 0.4667 0.6592
vn 0.5123 0.5512 0.6586
vn 0.2836 0.4800 0.8302
vn -0.3388 0.4257 0.8391
vn -0.3391 0.4353 0.8340
vn -0.5563 0.0969 0.8253
vn -0.5564 0.0969 0.8253
vn -0.5294 -0.0369 0.8475
vn -0.4842 -0.0266 0.8745
vn 0.6661 -0.4380 0.6037
vn 0.6519 -0.1296 0.7472
vn 0.6173 -0.1656 0.7691
vn 0.6218 -0.1868 0.7606
vn 0.3260 0.1081 0.9392
vn 0.2100 0.3026 0.9297
vn -0.6172 0.1770 0.7666
vn -0.6171 0.1773 0.7666
vn -0.3353 -0.4381 0.8341
vn 0.2379 -0.5882 0.7730
vn -0.1095 -0.6678 0.7363
vn 0.3338 0.0357 0.9420
vn 0.1684 0.0423 0.9848
vn -0.0271 0.1427 0.9894
vn 0.2145 0.3101 0.9262
vn -0.6204 -0.0170 0.7841
vn -0.6574 0.2266 0.7187
vn -0.7050 0.0568 0.7070
vn -0.8088 0.4987 0.3116
vn -0.5306 -0.4502 0.7181
vn -0.3470 -0.4475 0.8242
vn 0.2502 -0.5054 0.8258
vn 0.2323 -0.5793 0.7813
vn 0.1741 -0.6206 0.7645
vn 0.2610 -0.8543 0.4494
vn 0.3191 0.1652 0.9332
vn 0.4974 0.2076 0.8423
vn 0.2195 0.4241 0.8786
vn 0.0702 0.3410 0.9374
vn -0.6884 0.0997 0.7184
vn -0.6705 0.0303 0.7412
vn -0.6420 0.1163 0.7578
vn -0.5089 -0.0726 0.8577
vn -0.3485 -0.3698 0.8613
vn -0.4384 -0.3791 0.8149
vn 0.3193 -0.5133 0.7966
vn 0.3167 -0.5560 0.7685
vn 0.2237 -0.6136 0.7573
vn 0.2506 -0.6855 0.6836
vn 0.1956 0.7273 0.6578
vn 0.2333 0.7013 0.6736
vn -0.6133 0.4996 0.6117
vn -0.7148 0.3014 0.6311
vn -0.4355 -0.3116 0.8445
vn 0.2702 -0.1604 0.9494
vn 0.3807 0.0894 0.9204
vn 0.5421 0.7370 0.4037
vn 0.2728 0.8158 0.5100
vn 0.3504 0.7636 0.5423
vn 0.2741 0.7616 0.5873
vn -0.6606 0.6041 0.4457
vn -0.6897 0.5237 0.5001
vn -0.5810 0.6489 0.4912
vn -0.4559 0.2289 0.8601
vn -0.3606 -0.3397 0.8686
vn -0.4424 -0.3596 0.8216
vn 0.3340 -0.6992 0.6322
vn 0.4051 -0.5810 0.7059
vn 0.7206 -0.3229 0.6135
vn 0.6735 -0.0286 0.7386
vn 0.3907 0.7020 0.5954
vn 0.4664 0.6847 0.5601
vn 0.3135 0.7767 0.5463
vn 0.3861 0.7837 0.4866
vn -0.5692 0.5042 0.6495
vn -0.5695 0.5599 0.6018
vn -0.5987 0.5107 0.6170
vn -0.6667 0.6721 0.3221
vn -0.4239 -0.4415 0.7908
vn -0.3948 -0.4229 0.8157
vn 0.2586 -0.4854 0.8352
vn 0.2593 -0.4825 0.8366
vn 0.5629 -0.0642 0.8240
vn 0.6189 -0.2342 0.7498
vn 0.4522 -0.0187 0.8917
vn -0.1170 0.7086 0.6959
vn -0.1806 0.7012 0.6897
vn -0.6368 -0.0029 0.7710
vn -0.5121 -0.3990 0.7606
vn 0.0308 -0.6427 0.7655
vn 0.3381 -0.4708 0.8149
vn 0.5001 0.0623 0.8637
vn 0.5591 0.0330 0.8285
vn -0.0371 0.7195 0.6935
vn -0.1411 0.6432 0.7526
vn -0.1874 0.6361 0.7485
vn -0.1688 0.6801 0.7134
vn -0.6412 -0.0796 0.7633
vn -0.6866 0.0068 0.7270
vn -0.5236 -0.5086 0.6835
vn -0.6190 -0.4704 0.6289
vn 0.0358 -0.7864 0.6167
vn 0.0487 -0.7757 0.6292
vn 0.3703 -0.6269 0.6855
vn 0.3733 -0.5086 0.7759
vn 0.5555 -0.0255 0.8311
vn 0.4285 0.0208 0.9033
vn -0.1171 0.6460 0.7543
vn -0.0388 0.7130 0.7001
vn -0.2310 0.6848 0.6911
vn -0.2066 0.7324 0.6488
vn -0.7169 -0.1411 0.6827
vn -0.7738 -0.0588 0.6307
vn -0.6372 -0.4751 0.6068
vn -0.5180 -0.5059 0.6898
vn 0.0619 -0.7489 0.6597
vn 0.0352 -0.7830 0.6210
vn 0.3776 -0.6211 0.6868
vn 0.3791 -0.6336 0.6744
vn 0.5002 -0.1993 0.8426
vn -0.1500 0.5778 0.8023
vn -0.0962 0.5732 0.8137
vn -0.6814 -0.4313 0.5914
vn -0.5427 -0.5798 0.6077
vn 0.1807 -0.6333 0.7525
vn 0.4350 -0.4435 0.7836
vn 0.6829 -0.0392 0.7295
vn 0.7049 -0.0457 0.7078
vn 0.0631 0.6277 0.7759
vn -0.1222 0.4215 0.8986
vn -0.1348 0.4199 0.8975
vn -0.0906 0.5624 0.8219
vn -0.6760 -0.4115 0.6113
vn -0.6454 -0.4368 0.6267
vn -0.5647 -0.5679 0.5988
vn -0.5386 -0.5770 0.6139
vn 0.0330 -0.7815 0.6230
vn 0.1497 -0.7165 0.6813
vn 0.5419 -0.4979 0.6771
vn 0.5394 -0.5279 0.6560
vn 0.6006 0.0739 0.7961
vn 0.8317 0.1038 0.5454
vn -0.1267 0.4496 0.8842
vn 0.0198 0.7794 0.6262
vn -0.3366 0.6012 0.7247
vn -0.3001 0.8269 0.4755
vn -0.4596 -0.5089 0.7279
vn -0.6466 -0.4131 0.6413
vn -0.2875 -0.7099 0.6429
vn -0.7567 -0.5815 0.2988
vn 0.1249 -0.8008 0.5858
vn -0.0470 -0.9141 0.4028
vn 0.6059 -0.3762 0.7010
vn 0.6754 -0.6017 0.4265
vn 0.6805 0.4685 0.5634
vn 0.2908 0.8416 0.4551
vn -0.0607 0.8323 0.5510
vn -0.4544 -0.1921 0.8698
vn -0.2228 -0.5743 0.7877
vn -0.2884 -0.5421 0.7893
vn 0.6195 -0.0955 0.7792
vn 0.7993 0.0100 0.6008
vn 0.3223 0.4767 0.8178
vn 0.2792 0.5278 0.8021
vn 0.1517 0.4846 0.8615
vn -0.1912 0.4811 0.8556
vn -0.0507 0.8214 0.5681
vn -0.7352 -0.0607 0.6751
vn -0.5921 -0.2340 0.7711
vn -0.4586 -0.5764 0.6764
vn -0.2433 -0.5983 0.7634
vn -0.2196 -0.6108 0.7607
vn -0.3100 -0.6788 0.6656
vn 0.7528 -0.0432 0.6569
vn 0.7784 -0.1488 0.6098
vn 0.7404 0.1539 0.6543
vn 0.8731 0.0037 0.4875
vn 0.1877 0.7411 0.6447
vn 0.4435 0.8307 0.3365
vn -0.2307 0.7846 0.5754
vn -0.2614 0.6153 0.7437
vn -0.5161 -0.0741 0.8533
vn -0.5999 -0.0132 0.8000
vn -0.1986 -0.6911 0.6949
vn -0.5686 -0.7179 0.4016
vn -0.2023 -0.8559 0.4760
vn -0.3209 -0.9102 0.2620
vn 0.7464 -0.0224 0.6652
vn 0.7575 -0.0450 0.6513
vn 0.2845 0.4852 0.8268
vn 0.0995 0.5757 0.8116
vn -0.0500 0.5454 0.8367
vn -0.2613 0.2423 0.9343
vn -0.0368 -0.5112 0.8587
vn 0.3260 -0.5474 0.7708
vn 0.5194 -0.2391 0.8204
vn 0.5286 0.4040 0.7466
vn 0.3345 0.5175 0.7876
vn 0.2033 0.6579 0.7252
vn 0.1001 0.6156 0.7817
vn -0.1185 0.6281 0.7690
vn -0.1240 0.6135 0.7799
vn -0.3391 0.3982 0.8523
vn -0.2408 0.2405 0.9403
vn -0.1475 -0.4771 0.8664
vn -0.0192 -0.4117 0.9111
vn 0.0238 -0.4377 0.8988
vn 0.3278 -0.0178 0.9446
vn 0.4095 0.0270 0.9119
vn 0.4467 -0.2033 0.8713
vn 0.6050 0.4244 0.6737
vn 0.5973 0.4271 0.6788
vn 0.1211 0.7152 0.6883
vn 0.2174 0.7891 0.5745
vn -0.2042 0.6900 0.6944
vn -0.1944 0.7716 0.6057
vn -0.4351 0.2810 0.8554
vn -0.6221 0.4097 0.6671
vn -0.0675 -0.5372 0.8408
vn -0.2092 -0.6507 0.7299
vn 0.1170 -0.6579 0.7440
vn -0.0870 -0.8957 0.4360
vn 0.6654 -0.1392 0.7334
vn 0.7174 -0.3593 0.5968
vn 0.0722 0.5788 0.8122
vn 0.1791 0.5302 0.8288
vn -0.4338 0.4437 0.7842
vn -0.6847 0.1352 0.7162
vn -0.5468 -0.6154 0.5677
vn -0.4192 -0.7053 0.5717
vn 0.2548 -0.3504 0.9013
vn 0.1800 0.5808 0.7939
vn 0.0657 0.5759 0.8149
vn -0.0754 0.6035 0.7938
vn 0.2473 0.7910 0.5596
vn -0.4960 0.5117 0.7015
vn -0.4696 0.6360 0.6123
vn -0.6245 0.1124 0.7729
vn -0.6626 0.1381 0.7362
vn -0.3213 -0.2919 0.9009
vn -0.4823 -0.3815 0.7886
vn -0.0663 -0.3904 0.9182
vn -0.4129 -0.8922 0.1830
vn 0.3628 -0.1884 0.9126
vn 0.5400 -0.4865 0.6868
vn 0.5674 0.5125 0.6445
vn 0.1367 0.5455 0.8269
vn -0.2017 0.6947 0.6905
vn -0.0546 0.7953 0.6038
vn -0.5457 0.6405 0.5403
vn -0.5634 0.5839 0.5845
vn -0.7839 0.2215 0.5800
vn -0.6742 0.1063 0.7309
vn -0.2559 -0.6851 0.6820
vn -0.3296 -0.7278 0.6014
vn -0.2569 -0.7536 0.6050
vn -0.0619 -0.5621 0.8247
vn 0.5071 -0.1806 0.8427
vn 0.5716 -0.3068 0.7610
vn 0.7568 0.0706 0.6498
vn -0.4403 0.3115 0.8421
vn -0.1789 0.4798 0.8589
vn -0.5173 -0.4446 0.7313
vn -0.3096 -0.7812 0.5422
vn 0.2296 -0.8942 0.3844
vn 0.8388 -0.3260 0.4360
vn 0.4452 -0.0266 0.8950
vn 0.5693 -0.0620 0.8198
vn -0.3555 0.5664 0.7435
vn -0.4375 0.4482 0.7795
vn -0.3379 0.4907 0.8031
vn -0.2768 0.6705 0.6883
vn -0.6707 -0.4160 0.6141
vn -0.5786 -0.4750 0.6630
vn -0.3828 -0.6991 0.6039
vn -0.2392 -0.6989 0.6740
vn 0.1552 -0.7441 0.6498
vn 0.0884 -0.8239 0.5598
vn 0.5479 -0.5416 0.6375
vn 0.4469 -0.1129 0.8875
vn 0.6938 -0.0099 0.7201
vn 0.5679 0.0422 0.8220
vn -0.1441 0.8920 0.4285
vn -0.3708 0.6924 0.6189
vn -0.1684 0.7170 0.6765
vn -0.3317 0.4153 0.8471
vn -0.8309 -0.3126 0.4602
vn -0.6814 -0.4218 0.5981
vn -0.5673 -0.6482 0.5080
vn -0.3710 -0.6793 0.6331
vn 0.0979 -0.8492 0.5189
vn 0.1787 -0.7776 0.6028
vn 0.4739 -0.6638 0.5786
vn 0.4687 -0.5070 0.7234
vn 0.7359 -0.2218 0.6397
vn 0.2040 0.2825 0.9373
vn -0.1434 0.1763 0.9738
vn -0.2490 -0.1037 0.9629
vn -0.0316 -0.4491 0.8929
vn 0.2061 -0.5158 0.8316
vn 0.7387 -0.2148 0.6389
vn 0.7083 -0.2398 0.6639
vn 0.6858 -0.2239 0.6925
vn 0.2163 0.2985 0.9296
vn 0.2044 0.2892 0.9352
vn -0.0945 0.2766 0.9563
vn -0.0964 0.1329 0.9864
vn -0.3024 -0.1241 0.9451
vn -0.3374 -0.0981 0.9362
vn -0.0623 -0.6323 0.7722
vn -0.2491 -0.6521 0.7161
vn -0.1294 -0.6879 0.7142
vn 0.2269 -0.4850 0.8445
vn 0.6802 -0.1777 0.7112
vn 0.7129 -0.2219 0.6652
vn 0.7040 -0.0473 0.7086
vn 0.9350 -0.1193 -0.3338
vn 0.0113 0.3193 0.9476
vn 0.2021 0.5745 0.7932
vn -0.3111 0.3198 0.8949
vn -0.4069 0.5941 0.6939
vn -0.4284 -0.1852 0.8844
vn -0.6208 -0.0965 0.7780
vn 0.1376 -0.5794 0.8033
vn -0.1225 -0.6848 0.7184
vn 0.1235 -0.6588 0.7421
vn -0.6020 -0.7195 -0.3463
vn 0.6285 -0.1134 0.7695
vn 0.7355 -0.1689 0.6561
vn 0.5863 0.0788 0.8063
vn -0.0412 0.5743 0.8176
vn -0.1968 0.5402 0.8182
vn -0.5281 -0.0507 0.8477
vn -0.1259 -0.6623 0.7385
vn -0.1433 -0.6581 0.7392
vn 0.5108 -0.3525 0.7841
vn 0.5284 0.1394 0.8375
vn 0.6644 0.1210 0.7375
vn -0.0715 0.4476 0.8914
vn -0.0334 0.4856 0.8735
vn -0.3541 0.3445 0.8695
vn -0.2692 0.7970 0.5406
vn -0.5753 -0.0524 0.8163
vn -0.5827 -0.0477 0.8113
vn -0.1137 -0.5126 0.8511
vn -0.0164 -0.4710 0.8820
vn 0.1565 -0.4613 0.8733
vn -0.1762 -0.8269 0.5339
vn 0.5331 -0.2398 0.8114
vn 0.6199 -0.4088 0.6698
vn 0.6675 0.0994 0.7380
vn 0.5412 0.1472 0.8279
vn -0.0611 0.6874 0.7237
vn -0.0826 0.6692 0.7385
vn -0.3820 0.6340 0.6724
vn -0.4211 0.4097 0.8092
vn -0.7328 -0.0342 0.6796
vn -0.7100 -0.0576 0.7018
vn -0.3676 -0.7923 0.4870
vn -0.2271 -0.7777 0.5861
vn -0.0119 -0.8358 0.5489
vn 0.1762 -0.6842 0.7077
vn 0.6401 -0.4478 0.6243
vn 0.5871 -0.2565 0.7678
vn 0.5165 0.0125 0.8562
vn -0.4064 0.5460 0.7326
vn -0.6302 0.4313 0.6457
vn -0.7983 0.0509 0.6001
vn -0.4711 -0.5538 0.6865
vn 0.3501 -0.5686 0.7444
vn 0.5434 -0.3272 0.7731
vn 0.7462 -0.1340 0.6521
vn 0.5135 0.0121 0.8580
vn -0.1409 0.6625 0.7357
vn -0.3932 0.3874 0.8339
vn -0.6603 0.3008 0.6881
vn -0.6425 0.4344 0.6312
vn -0.7202 0.3071 0.6220
vn -0.5430 -0.0984 0.8340
vn -0.3989 -0.4477 0.8003
vn -0.3898 -0.4478 0.8047
vn 0.1950 -0.6398 0.7434
vn 0.2446 -0.4827 0.8409
vn 0.6426 -0.1981 0.7402
vn 0.6922 -0.3217 0.6461
vn 0.5215 -0.0684 0.8505
vn 0.6839 -0.1333 0.7173
vn -0.3139 0.4373 0.8427
vn -0.1397 0.6756 0.7239
vn -0.6333 0.4031 0.6607
vn -0.6299 0.2652 0.7300
vn -0.6792 0.0990 0.7272
vn -0.8281 0.3974 0.3955
vn -0.4511 -0.5287 0.7190
vn -0.4539 -0.5294 0.7167
vn 0.1360 -0.6020 0.7869
vn 0.1412 -0.5786 0.8033
vn 0.5329 -0.1946 0.8235
vn 0.5270 -0.1865 0.8292
vn 0.6209 -0.2135 0.7543
vn 0.0511 0.2786 0.9590
vn -0.4143 0.1005 0.9046
vn -0.5357 -0.3679 0.7601
vn -0.2375 -0.7757 0.5847
vn 0.2547 -0.8234 0.5071
vn 0.5152 -0.6522 0.5561
vn 0.5725 -0.0141 0.8198
vn 0.7649 -0.1103 0.6346
vn 0.0687 0.6129 0.7872
vn 0.1050 0.6460 0.7561
vn -0.3958 0.4899 0.7767
vn -0.4164 0.1037 0.9033
vn -0.5057 -0.2730 0.8184
vn -0.3609 -0.4144 0.8355
vn -0.1420 -0.6983 0.7016
vn -0.2040 -0.7080 0.6761
vn 0.1346 -0.7485 0.6493
vn 0.2240 -0.6343 0.7399
vn 0.4038 -0.4857 0.7753
vn 0.4523 -0.6537 0.6067
vn 0.7980 -0.0167 0.6024
vn 0.7047 0.0551 0.7074
vn 0.2322 0.7292 0.6437
vn 0.0688 0.6120 0.7878
vn -0.4648 0.5405 0.7013
vn -0.4400 0.6109 0.6582
vn -0.7818 0.0907 0.6168
vn -0.5979 -0.2514 0.7611
vn -0.2705 -0.8189 0.5062
vn -0.2282 -0.8185 0.5273
vn 0.0872 -0.8863 0.4548
vn 0.1682 -0.8259 0.5381
vn 0.6449 -0.5509 0.5297
vn 0.6464 -0.5091 0.5683
vn 0.3038 0.2522 0.9187
vn 0.0588 0.4126 0.9090
vn -0.1203 0.4020 0.9077
vn -0.5899 -0.1308 0.7968
vn -0.4695 -0.5712 0.6733
vn -0.2768 -0.6602 0.6982
vn 0.3643 -0.2627 0.8935
vn 0.5111 0.2551 0.8208
vn 0.4259 0.2890 0.8574
vn 0.0471 0.6322 0.7734
vn 0.0275 0.6182 0.7855
vn 0.0468 0.6178 0.7849
vn -0.0937 0.3135 0.9449
vn -0.4867 -0.1716 0.8565
vn -0.5743 -0.1260 0.8089
vn -0.4463 -0.4772 0.7570
vn -0.4060 -0.4796 0.7779
vn -0.2558 -0.5532 0.7928
vn -0.1456 -0.4855 0.8620
vn 0.4064 -0.2746 0.8715
vn 0.4069 -0.2763 0.8707
vn 0.5592 0.3733 0.7402
vn 0.7417 0.3392 0.5786
vn -0.0293 0.6231 0.7816
vn 0.0477 0.7011 0.7114
vn -0.2806 0.5596 0.7798
vn -0.1048 0.9945 0.0040
vn -0.5708 -0.3312 0.7513
vn -0.7662 -0.2641 0.5859
vn -0.4720 -0.5715 0.6713
vn -0.5703 -0.5698 0.5917
vn -0.0773 -0.6426 0.7623
vn -0.4257 -0.8785 0.2169
vn 0.5395 -0.0588 0.8399
vn 0.7639 -0.5677 0.3068
vn 0.5256 0.1698 0.8336
vn -0.0844 0.8109 0.5790
vn -0.1861 0.8066 0.5610
vn -0.6132 -0.4152 0.6720
vn -0.6154 -0.4127 0.6715
vn 0.4170 -0.3591 0.8350
vn 0.4700 -0.2949 0.8319
vn 0.7787 0.1163 0.6165
vn 0.6338 0.2103 0.7443
vn -0.0242 0.6771 0.7355
vn -0.0637 0.6396 0.7661
vn -0.1551 0.6146 0.7734
vn -0.1602 0.5989 0.7846
vn -0.5049 -0.3871 0.7715
vn -0.5166 -0.3822 0.7662
vn -0.4680 -0.4556 0.7572
vn -0.6322 -0.4511 0.6300
vn 0.3574 -0.6437 0.6767
vn 0.4394 -0.4938 0.7504
vn 0.7184 -0.1270 0.6839
vn 0.7687 -0.2563 0.5861
vn 0.8210 0.0310 0.5702
vn 0.7551 0.1069 0.6468
vn 0.2050 0.8968 0.3920
vn -0.0455 0.7600 0.6484
vn 0.0557 0.7465 0.6630
vn -0.1297 0.4286 0.8942
vn -0.7708 -0.3576 0.5274
vn -0.6121 -0.4509 0.6496
vn -0.6371 -0.3631 0.6799
vn -0.4263 -0.4229 0.7997
vn 0.1680 -0.7696 0.6160
vn 0.3254 -0.5684 0.7556
vn 0.8101 -0.2477 0.5315
vn 0.7892 -0.1284 0.6005
vn 0.2732 0.3568 0.8933
vn 0.1602 0.4640 0.8712
vn -0.1849 0.4749 0.8604
vn -0.6252 -0.1643 0.7630
vn -0.4143 -0.6810 0.6038
vn 0.3260 -0.7599 0.5624
vn 0.2440 -0.8208 0.5164
vn 0.4464 0.3271 0.8329
vn 0.2709 0.3545 0.8950
vn -0.0984 0.6328 0.7681
vn 0.1026 0.8254 0.5551
vn -0.1923 0.7806 0.5947
vn -0.2382 0.6886 0.6849
vn -0.6154 -0.2697 0.7406
vn -0.7204 -0.1386 0.6795
vn -0.4207 -0.6720 0.6095
vn -0.4080 -0.6725 0.6174
vn 0.3939 -0.7568 0.5217
vn 0.3441 -0.8183 0.4603
vn 0.2625 -0.8584 0.4407
vn 0.2652 -0.8479 0.4590
vn 0.5884 0.3509 0.7285
vn 0.4746 0.3602 0.8031
vn 0.0124 0.8075 0.5897
vn -0.1068 0.6834 0.7222
vn -0.2590 0.6593 0.7059
vn -0.1931 0.7883 0.5842
vn -0.7552 0.0557 0.6531
vn -0.5232 -0.2513 0.8143
vn -0.3670 -0.6074 0.7045
vn -0.3598 -0.6080 0.7078
vn 0.3602 -0.7839 0.5058
vn 0.3872 -0.7446 0.5437
vn 0.2406 -0.8140 0.5287
vn 0.2401 -0.8156 0.5264
vn 0.2253 0.3790 0.8976
vn 0.3231 0.3171 0.8916
vn -0.2966 0.2699 0.9161
vn -0.4620 0.1035 0.8808
vn -0.2398 -0.5263 0.8157
vn 0.3194 -0.5026 0.8034
vn 0.4601 -0.2675 0.8466
vn 0.6193 0.3471 0.7043
vn 0.2619 0.4223 0.8678
vn 0.2231 0.4538 0.8627
vn 0.3843 0.5404 0.7485
vn -0.4696 0.4513 0.7588
vn -0.4718 0.3895 0.7910
vn -0.5418 0.2763 0.7938
vn -0.4102 0.0896 0.9076
vn -0.2417 -0.3395 0.9090
vn 0.0186 -0.3086 0.9510
vn 0.2890 -0.3727 0.8818
vn 0.2762 -0.4101 0.8692
vn 0.5632 -0.1825 0.8059
vn 0.6034 -0.2659 0.7518
vn 0.4537 0.4055 0.7936
vn 0.6748 0.4061 0.6162
vn 0.2581 0.6470 0.7174
vn 0.2504 0.6409 0.7257
vn -0.5526 0.2346 0.7998
vn -0.5982 0.5986 0.5327
vn -0.7346 0.2272 0.6393
vn -0.8525 0.4164 0.3161
vn -0.3083 -0.5410 0.7825
vn -0.5526 -0.5995 0.5790
vn 0.3185 -0.5753 0.7534
vn 0.3376 -0.4797 0.8099
vn 0.5695 -0.1239 0.8126
vn 0.6256 -0.2012 0.7537
vn 0.5936 0.3884 0.7048
vn 0.2212 0.5303 0.8184
vn -0.1933 0.3240 0.9261
vn -0.2951 0.1302 0.9466
vn -0.1089 -0.5556 0.8243
vn 0.1358 -0.6714 0.7285
vn 0.7504 -0.0790 0.6562
vn 0.5193 0.3710 0.7698
vn 0.5631 0.3510 0.7481
vn 0.2432 0.7438 0.6226
vn 0.1685 0.7203 0.6728
vn -0.3001 0.7322 0.6114
vn -0.4138 0.4379 0.7981
vn -0.3776 0.4740 0.7955
vn -0.1857 0.0768 0.9796
vn -0.1566 -0.3035 0.9399
vn 0.0249 -0.2675 0.9632
vn 0.1482 -0.3459 0.9265
vn 0.1606 -0.3313 0.9298
vn 0.5194 -0.2040 0.8298
vn 0.4705 0.0550 0.8807
vn 0.4750 0.4532 0.7543
vn 0.6223 0.4588 0.6342
vn 0.0934 0.6584 0.7469
vn 0.2499 0.8137 0.5249
vn -0.3239 0.5431 0.7747
vn -0.3539 0.7716 0.5286
vn -0.5284 0.2608 0.8080
vn -0.8455 0.5339 -0.0004
vn -0.1902 -0.4011 0.8961
vn -0.2670 -0.4383 0.8582
vn 0.3002 -0.3348 0.8932
vn 0.0663 -0.7693 0.6354
vn 0.5666 -0.0098 0.8239
vn 0.7297 -0.6174 0.2938
vn 0.3877 0.3744 0.8423
vn 0.0237 0.5309 0.8471
vn -0.3383 0.4182 0.8430
vn -0.5991 -0.0980 0.7947
vn -0.5678 -0.2015 0.7981
vn -0.1570 -0.3511 0.9231
vn 0.4344 0.2596 0.8625
vn 0.3558 0.3774 0.8550
vn 0.3821 0.3707 0.8465
vn 0.2053 0.5151 0.8322
vn -0.0315 0.4017 0.9152
vn -0.4488 0.3240 0.8329
vn -0.4583 0.4755 0.7509
vn -0.7407 -0.0125 0.6718
vn -0.5870 -0.0899 0.8046
vn -0.5194 -0.2749 0.8091
vn -0.6015 -0.2700 0.7519
vn -0.0666 -0.4906 0.8688
vn -0.1958 -0.6128 0.7656
vn 0.6433 -0.1788 0.7444
vn 0.3542 0.2882 0.8897
vn 0.6507 0.3198 0.6887
vn 0.4214 0.3959 0.8159
vn 0.3708 0.4428 0.8164
vn 0.1199 0.3231 0.9387
vn -0.4780 0.2259 0.8488
vn -0.4922 0.3509 0.7966
vn -0.6674 0.0294 0.7441
vn -0.6658 0.0283 0.7456
vn -0.4123 -0.5522 0.7246
vn -0.7533 -0.4489 0.4806
vn -0.0982 -0.8075 0.5816
vn -0.0433 -0.7777 0.6271
vn 0.6988 -0.3494 0.6242
vn 0.6339 -0.1739 0.7537
vn 0.5640 -0.0293 0.8252
vn 0.3449 0.1544 0.9258
vn -0.8107 0.0100 0.5853
vn -0.7997 0.0443 0.5988
vn -0.4428 -0.5125 0.7357
vn 0.3305 -0.4732 0.8166
vn 0.5755 -0.1290 0.8075
vn 0.7907 -0.2243 0.5696
vn 0.4868 -0.0477 0.8722
vn 0.2911 0.2139 0.9325
vn 0.3369 0.2406 0.9103
vn -0.6844 0.1873 0.7046
vn -0.6190 -0.1433 0.7722
vn -0.5317 -0.0169 0.8468
vn -0.4310 -0.1649 0.8871
vn -0.3415 -0.4330 0.8342
vn -0.3880 -0.4311 0.8146
vn 0.0640 -0.6132 0.7873
vn 0.2600 -0.3819 0.8869
vn 0.7932 -0.0089 0.6089
vn 0.8299 -0.0766 0.5527
vn 0.7219 -0.0903 0.6860
vn 0.9229 -0.1876 0.3362
vn 0.0172 0.4920 0.8704
vn 0.4209 0.7331 0.5342
vn -0.7327 0.3304 0.5949
vn -0.6923 0.1925 0.6955
vn -0.7163 0.0970 0.6911
vn -0.7802 0.2101 0.5892
vn -0.3611 -0.4680 0.8066
vn -0.3938 -0.4738 0.7877
vn 0.1680 -0.5122 0.8423
vn 0.0843 -0.6878 0.7210
vn 0.7112 -0.0176 0.7028
vn 0.7183 -0.0236 0.6953
vn 0.4364 0.7189 0.5410
vn 0.3061 0.8191 0.4852
vn -0.1755 0.7655 0.6191
vn -0.2249 -0.2266 0.9477
vn -0.0215 -0.3672 0.9299
vn 0.3627 -0.3189 0.8757
vn 0.5519 -0.0708 0.8309
vn 0.6358 0.4278 0.6424
vn 0.3775 0.5463 0.7477
vn 0.4156 0.4898 0.7664
vn 0.3476 0.4741 0.8090
vn 0.1027 0.5556 0.8251
vn 0.0747 0.4627 0.8834
vn -0.4524 0.0236 0.8915
vn -0.2161 -0.2204 0.9512
vn -0.2150 -0.2352 0.9479
vn 0.0838 -0.2863 0.9545
vn 0.3129 -0.5330 0.7862
vn 0.3953 -0.4122 0.8208
vn 0.5687 -0.3322 0.7524
vn 0.5575 -0.0728 0.8270
vn 0.3531 0.6144 0.7056
vn 0.7468 0.5913 0.3045
vn 0.2925 0.8472 0.4435
vn 0.4479 0.8900 0.0854
vn -0.2206 0.8121 0.5402
vn -0.1940 0.9603 0.2007
vn -0.4915 -0.3016 0.8170
vn -0.9311 -0.0122 0.3646
vn -0.5950 -0.5406 0.5947
vn -0.7255 -0.5219 0.4487
vn 0.3451 -0.5229 0.7794
vn 0.2965 -0.6224 0.7244
vn 0.5772 -0.1061 0.8096
vn 0.6772 -0.4658 0.5696
vn 0.5429 0.4286 0.7222
vn 0.2303 0.6867 0.6895
vn -0.3890 0.4372 0.8109
vn -0.4599 0.0653 0.8856
vn 0.0099 -0.5188 0.8548
vn -0.3492 -0.4314 0.8318
vn 0.5039 0.0856 0.8595
vn 0.3221 0.2836 0.9032
vn 0.2411 0.3086 0.9201
vn 0.0924 0.4462 0.8902
vn 0.0942 0.4470 0.8895
vn -0.2473 0.4101 0.8779
vn -0.2524 0.3059 0.9180
vn -0.4324 0.0129 0.9016
vn -0.4827 0.0653 0.8733
vn -0.1840 -0.6489 0.7383
vn -0.0048 -0.5759 0.8175
vn -0.2943 -0.4765 0.8285
vn -0.3411 -0.5365 0.7719
vn 0.4653 -0.0904 0.8805
vn 0.3119 0.0924 0.9456
vn 0.6001 0.3495 0.7195
vn 0.5523 0.3590 0.7524
vn 0.1528 0.5490 0.8218
vn 0.1734 0.5642 0.8073
vn -0.2706 0.3422 0.8998
vn -0.2893 0.4619 0.8384
vn -0.4063 -0.1134 0.9067
vn -0.6668 0.0379 0.7443
vn -0.0615 -0.5941 0.8020
vn -0.2074 -0.7107 0.6722
vn -0.2274 -0.7094 0.6671
vn -0.2895 -0.8001 0.5254
vn 0.5115 0.0885 0.8547
vn 0.7226 -0.1145 0.6817
vn 0.5185 -0.0700 0.8522
vn 0.2680 0.1060 0.9576
vn 0.0807 0.0575 0.9951
vn -0.1607 -0.5267 0.8347
vn -0.0573 -0.6062 0.7933
vn 0.1983 -0.5905 0.7823
vn 0.5252 -0.2605 0.8101
vn 0.5276 -0.0169 0.8493
vn 0.5718 -0.0292 0.8199
vn 0.3695 0.2043 0.9065
vn 0.2683 0.1130 0.9567
vn 0.0005 0.0988 0.9951
vn 0.0001 0.1054 0.9944
vn -0.3935 -0.4861 0.7803
vn -0.2696 -0.5460 0.7932
vn -0.2215 -0.6154 0.7565
vn -0.0557 -0.6051 0.7942
vn 0.1028 -0.6405 0.7611
vn 0.1791 -0.5460 0.8184
vn 0.5150 -0.3454 0.7845
vn 0.4852 -0.2470 0.8388
vn 0.4959 -0.0141 0.8683
vn 0.5180 -0.0212 0.8551
vn 0.3250 0.2680 0.9070
vn 0.3725 0.3087 0.8752
vn -0.4331 0.3422 0.8338
vn -0.3852 0.5466 0.7435
vn -0.8451 -0.1796 0.5035
vn -0.3190 -0.4759 0.8196
vn -0.3016 -0.5219 0.7979
vn -0.0892 -0.5192 0.8500
vn -0.0578 -0.5310 0.8454
vn 0.0976 -0.3761 0.9214
vn 0.3838 -0.2505 0.8888
vn 0.3960 -0.2828 0.8736
vn 0.6491 0.1943 0.7354
vn 0.2473 0.4915 0.8350
vn -0.3096 0.2771 0.9096
vn -0.4222 -0.0409 0.9056
vn -0.3802 -0.1438 0.9137
vn -0.0590 -0.3092 0.9492
vn 0.6008 -0.0898 0.7944
vn 0.5442 0.1306 0.8287
vn 0.2978 0.2160 0.9299
vn -0.0721 0.3662 0.9277
vn 0.2880 0.6381 0.7141
vn -0.4765 0.3178 0.8197
vn -0.4735 0.4830 0.7366
vn -0.6076 -0.0025 0.7942
vn -0.6257 0.0130 0.7800
vn -0.3338 -0.3453 0.8771
vn -0.5209 -0.4450 0.7284
vn 0.0323 -0.4703 0.8819
vn 0.0220 -0.5040 0.8634
vn 0.4795 0.0755 0.8743
vn 0.5926 -0.0865 0.8008
vn 0.5139 0.2230 0.8284
vn 0.7139 0.1443 0.6852
vn 0.0009 0.6333 0.7739
vn -0.0593 0.5746 0.8163
vn -0.5021 0.3992 0.7672
vn -0.4954 0.3361 0.8010
vn -0.6280 -0.0553 0.7762
vn -0.6991 -0.0094 0.7150
vn -0.4036 -0.5112 0.7589
vn -0.3617 -0.4881 0.7943
vn 0.1179 -0.5577 0.8217
vn 0.0998 -0.6204 0.7779
vn 0.6597 -0.0861 0.7466
vn 0.5401 0.0621 0.8393
vn 0.3548 0.4087 0.8409
vn 0.2623 0.4620 0.8472
vn -0.1702 0.4170 0.8928
vn -0.5335 -0.0931 0.8406
vn -0.1957 -0.7807 0.5934
vn -0.0290 -0.8078 0.5888
vn 0.5338 -0.2811 0.7975
vn 0.6063 0.4506 0.6553
vn 0.4455 0.5103 0.7356
vn 0.3348 0.6289 0.7018
vn 0.2932 0.6232 0.7250
vn -0.1378 0.6746 0.7252
vn -0.2222 0.5235 0.8225
vn -0.5715 0.1883 0.7987
vn -0.3692 -0.0875 0.9252
vn -0.2151 -0.6559 0.7235
vn -0.0981 -0.6416 0.7608
vn -0.0723 -0.6527 0.7542
vn -0.0732 -0.6534 0.7535
vn 0.4797 -0.4840 0.7319
vn 0.4671 -0.2440 0.8499
vn 0.3197 0.4567 0.8302
vn 0.6303 0.4673 0.6200
vn 0.1473 0.6485 0.7468
vn 0.4379 0.8112 0.3876
vn -0.3268 0.5111 0.7950
vn -0.2782 0.9505 0.1380
vn -0.5413 -0.0897 0.8360
vn -0.9410 0.2469 0.2316
vn -0.1814 -0.6109 0.7706
vn -0.1870 -0.6139 0.7669
vn 0.0909 -0.5744 0.8135
vn -0.0852 -0.8769 0.4730
vn 0.4666 -0.1648 0.8690
vn 0.6609 -0.6671 0.3438
vn 0.4465 0.0820 0.8910
vn -0.2425 0.4945 0.8347
vn -0.4511 0.4184 0.7884
vn -0.6582 0.0431 0.7516
vn -0.6090 -0.2170 0.7629
vn -0.0357 -0.4290 0.9026
vn 0.4059 0.2175 0.8876
vn 0.2176 0.3392 0.9152
vn 0.6641 0.1176 0.7383
vn -0.1389 0.7588 0.6363
vn -0.2360 0.6875 0.6867
vn -0.3207 0.6613 0.6781
vn -0.4305 0.3627 0.8265
vn -0.6017 -0.0274 0.7982
vn -0.6700 0.0379 0.7414
vn -0.5786 -0.2549 0.7748
vn -0.6316 -0.2641 0.7289
vn 0.1230 -0.5445 0.8297
vn 0.0831 -0.6243 0.7768
vn 0.4576 -0.3629 0.8117
vn 0.2181 0.3300 0.9184
vn 0.7003 -0.0172 0.7136
vn 0.1567 0.3210 0.9340
vn -0.1672 0.7198 0.6737
vn -0.1447 0.7357 0.6616
vn -0.1356 0.7356 0.6637
vn -0.2669 0.4918 0.8288
vn -0.7071 -0.0411 0.7059
vn -0.6787 -0.0649 0.7315
vn -0.6667 -0.1863 0.7216
vn -0.5395 -0.1803 0.8224
vn 0.1787 -0.6523 0.7366
vn 0.1665 -0.6707 0.7228
vn 0.5343 -0.5302 0.6584
vn 0.5335 -0.4176 0.7355
vn 0.7096 -0.1634 0.6854
vn 0.1265 0.1217 0.9845
vn -0.3697 -0.0607 0.9272
vn -0.3754 -0.0704 0.9242
vn -0.3633 -0.2534 0.8966
vn 0.3142 -0.6503 0.6916
vn 0.7302 -0.3710 0.5737
vn 0.3686 -0.1382 0.9193
vn 0.5075 -0.1768 0.8433
vn 0.0030 0.1380 0.9904
vn 0.1295 0.3013 0.9447
vn -0.5418 0.0605 0.8383
vn -0.5516 0.1441 0.8216
vn -0.6041 -0.0362 0.7961
vn -0.5696 -0.0693 0.8190
vn -0.4616 -0.2727 0.8441
vn -0.4025 -0.2718 0.8741
vn 0.2680 -0.3620 0.8928
vn 0.2421 -0.5548 0.7960
vn 0.4541 -0.3693 0.8108
vn 0.3690 -0.1599 0.9156
vn 0.5550 0.0027 0.8318
vn 0.6470 -0.0496 0.7609
vn 0.0514 0.6681 0.7423
vn 0.0447 0.6642 0.7462
vn -0.5633 0.5626 0.6051
vn -0.5842 0.1113 0.8039
vn -0.6701 -0.0341 0.7415
vn -0.6691 -0.0351 0.7424
vn -0.6419 -0.2167 0.7355
vn -0.3943 -0.2204 0.8922
vn 0.2765 -0.5231 0.8062
vn 0.2973 -0.3936 0.8699
vn 0.4276 -0.3218 0.8447
vn 0.4364 -0.3573 0.8258
vn 0.3809 0.5518 0.7419
vn 0.3799 0.5527 0.7418
vn -0.5201 0.5131 0.6828
vn -0.5412 0.4911 0.6826
vn -0.4512 -0.4867 0.7480
vn -0.1394 -0.5983 0.7890
vn 0.4795 0.1514 0.8644
vn 0.3915 0.6159 0.6837
vn 0.5031 0.5903 0.6312
vn 0.3049 0.6843 0.6623
vn 0.6159 0.7571 0.2176
vn -0.4115 0.3130 0.8560
vn -0.4770 0.4941 0.7268
vn -0.5509 -0.0789 0.8308
vn -0.8231 0.5262 0.2136
vn -0.3084 -0.6671 0.6781
vn -0.4924 -0.7182 0.4918
vn -0.0401 -0.7688 0.6382
vn -0.1620 -0.9200 0.3569
vn 0.5432 0.2296 0.8076
vn 0.6656 0.0148 0.7462
vn 0.4431 0.6818 0.5821
vn 0.4527 0.6801 0.5766
vn 0.3605 0.7445 0.5620
vn 0.3405 0.7378 0.5829
vn -0.6765 0.4651 0.5710
vn -0.5964 0.3230 0.7348
vn -0.6837 0.0633 0.7270
vn -0.6047 -0.0630 0.7940
vn -0.1516 -0.7874 0.5975
vn -0.3024 -0.8350 0.4597
vn -0.1715 -0.8720 0.4584
vn -0.0589 -0.6834 0.7277
vn 0.6774 0.0797 0.7313
vn 0.6011 0.2114 0.7707
vn 0.7276 0.2114 0.6526
vn 0.5978 0.3451 0.7235
vn -0.4702 0.1787 0.8643
vn -0.4492 0.2118 0.8680
vn -0.2387 -0.5816 0.7776
vn -0.1262 -0.6340 0.7630
vn 0.7259 -0.1738 0.6655
vn 0.8623 0.2005 0.4651
vn 0.7720 0.2744 0.5733
vn 0.7142 0.3702 0.5941
vn 0.6086 0.3585 0.7078
vn -0.5664 0.3296 0.7554
vn -0.5556 0.2414 0.7956
vn -0.6453 0.0894 0.7586
vn -0.7304 0.2488 0.6361
vn -0.4260 -0.6617 0.6170
vn -0.3794 -0.6705 0.6376
vn -0.2536 -0.7236 0.6420
vn -0.1554 -0.6798 0.7167
vn 0.8142 -0.0986 0.5721
vn 0.8382 -0.2137 0.5017
vn 0.7196 0.2573 0.6449
vn 0.8566 0.1949 0.4777
vn 0.7121 0.4132 0.5677
vn 0.7388 0.4252 0.5228
vn -0.4162 0.2807 0.8649
vn -0.4007 0.2343 0.8858
vn -0.5365 -0.0900 0.8391
vn -0.7434 0.1295 0.6562
vn -0.2761 -0.6459 0.7117
vn -0.4030 -0.6494 0.6449
vn -0.2487 -0.6984 0.6712
vn -0.2385 -0.6924 0.6809
vn 0.7171 0.0048 0.6970
vn 0.7502 -0.0650 0.6580
vn 0.5332 0.1031 0.8397
vn -0.2245 0.6549 0.7216
vn -0.5777 0.5509 0.6023
vn -0.8422 0.1178 0.5261
vn -0.7022 -0.3213 0.6353
vn -0.1998 -0.4470 0.8719
vn 0.5123 0.2542 0.8203
vn 0.4154 0.2571 0.8725
vn 0.6612 0.1213 0.7403
vn 0.0185 0.7094 0.7046
vn -0.2697 0.5351 0.8006
vn -0.4297 0.4998 0.7520
vn -0.4410 0.4339 0.7857
vn -0.6678 0.1227 0.7341
vn -0.7010 0.1691 0.6928
vn -0.6338 -0.1787 0.7526
vn -0.5794 -0.1819 0.7944
vn 0.0220 -0.4423 0.8966
vn -0.1058 -0.6233 0.7748
vn 0.6400 -0.2619 0.7224
vn 0.4178 0.2993 0.8578
vn 0.7004 0.1820 0.6902
vn 0.5555 0.2722 0.7857
vn 0.0908 0.6887 0.7194
vn 0.0037 0.6506 0.7594
vn -0.5027 0.5631 0.6559
vn -0.4960 0.5812 0.6451
vn -0.7913 0.1838 0.5831
vn -0.7681 0.1425 0.6242
vn -0.7315 -0.1844 0.6564
vn -0.6404 -0.1862 0.7451
vn -0.0987 -0.4819 0.8707
vn -0.0171 -0.3395 0.9404
vn 0.5457 -0.0796 0.8342
vn 0.6130 -0.2433 0.7517
vn 0.8767 0.1552 0.4552
vn 0.2519 0.6118 0.7499
vn -0.2949 0.2659 0.9178
vn -0.3260 -0.1360 0.9356
vn -0.1848 -0.2871 0.9399
vn 0.2159 -0.3605 0.9074
vn 0.8732 0.2250 0.4323
vn 0.5525 0.1313 0.8231
vn 0.7087 0.0203 0.7052
vn 0.4745 0.4379 0.7636
vn 0.1841 0.3869 0.9036
vn -0.3285 0.3976 0.8567
vn -0.3490 0.3338 0.8756
vn -0.6700 0.0206 0.7420
vn -0.4824 -0.1795 0.8574
vn -0.3981 -0.4710 0.7872
vn -0.2781 -0.4780 0.8332
vn -0.0722 -0.5737 0.8159
vn 0.2158 -0.3541 0.9100
vn 0.7616 -0.0771 0.6434
vn 0.5540 0.1386 0.8209
vn 0.7465 0.0861 0.6598
vn 0.6389 0.1456 0.7554
vn 0.4365 0.4063 0.8027
vn 0.4470 0.4096 0.7952
vn -0.2522 0.4474 0.8580
vn -0.2593 0.3206 0.9110
vn -0.5250 -0.0094 0.8510
vn -0.5352 -0.0009 0.8448
vn -0.3966 -0.4274 0.8124
vn -0.3525 -0.4217 0.8354
vn -0.0588 -0.5397 0.8398
vn -0.0655 -0.5465 0.8349
vn 0.7560 -0.1051 0.6460
vn 0.7268 -0.0811 0.6820
vn 0.2673 0.1363 0.9539
vn -0.0239 0.5943 0.8039
vn -0.6826 0.4615 0.5666
vn -0.8432 0.0597 0.5343
vn -0.6999 -0.4101 0.5848
vn -0.3603 -0.6034 0.7114
vn 0.1712 -0.2924 0.9409
vn 0.0640 0.2629 0.9627
vn 0.4023 0.1622 0.9010
vn -0.0994 0.5653 0.8189
vn -0.0090 0.6100 0.7923
vn -0.6238 0.3697 0.6886
vn -0.6405 0.2815 0.7145
vn -0.7462 -0.1105 0.6565
vn -0.8152 0.0420 0.5777
vn -0.6609 -0.4349 0.6116
vn -0.7068 -0.4397 0.5541
vn -0.5113 -0.5778 0.6362
vn -0.4278 -0.3056 0.8507
vn -0.1272 -0.0262 0.9915
vn 0.0637 -0.2657 0.9620
vn -0.1552 0.3827 0.9108
vn 0.3651 0.3648 0.8565
vn -0.1073 0.5756 0.8107
vn -0.0515 0.6118 0.7893
vn -0.6967 0.1575 0.6998
vn -0.6626 0.5705 0.4852
vn -0.8244 0.0407 0.5645
vn -0.7153 -0.1145 0.6894
vn -0.5565 -0.4094 0.7230
vn -0.6641 -0.4598 0.5895
vn -0.4577 -0.5457 0.7019
vn -0.4305 -0.7867 0.4424
vn -0.0421 -0.0608 0.9973
vn -0.0865 -0.0280 0.9959
vn 0.6207 0.0681 0.7811
vn -0.2058 0.5751 0.7918
vn -0.4754 0.4334 0.7656
vn -0.6064 -0.1405 0.7827
vn -0.2556 -0.5774 0.7754
vn 0.3353 -0.6007 0.7258
vn 0.5789 -0.4015 0.7097
vn 0.7602 0.2456 0.6015
vn 0.7788 0.2334 0.5822
vn 0.2664 0.7223 0.6382
vn -0.2573 0.3970 0.8810
vn -0.5690 0.2782 0.7739
vn -0.5491 0.4807 0.6837
vn -0.7749 -0.0844 0.6264
vn -0.7532 -0.1184 0.6471
vn -0.4626 -0.6393 0.6143
vn -0.2680 -0.6121 0.7440
vn 0.3609 -0.6738 0.6447
vn 0.3821 -0.6273 0.6786
vn 0.6832 -0.3482 0.6418
vn 0.6626 -0.5202 0.5389
vn 0.7691 0.2423 0.5914
vn 0.7630 0.2475 0.5971
vn 0.5261 0.5944 0.6082
vn 0.2351 0.4377 0.8678
vn -0.6259 0.3865 0.6774
vn -0.6290 0.3555 0.6914
vn -0.7811 0.1053 0.6155
vn -0.6540 -0.1083 0.7487
vn -0.5298 -0.4925 0.6905
vn -0.4344 -0.4878 0.7572
vn 0.2337 -0.7162 0.6576
vn 0.2896 -0.5972 0.7480
vn 0.6814 -0.3427 0.6467
vn 0.6812 -0.3449 0.6458
vn 0.5343 0.5872 0.6081
vn 0.4399 0.6365 0.6335
vn 0.2628 0.6108 0.7469
vn -0.1035 -0.2736 0.9562
vn -0.1595 0.1229 0.9795
vn 0.4670 -0.2183 0.8569
vn 0.7099 0.3121 0.6314
vn 0.5477 0.6240 0.5574
vn 0.5712 0.6135 0.5453
vn 0.5097 0.6681 0.5421
vn 0.4396 0.6382 0.6320
vn 0.1095 0.6651 0.7387
vn 0.0949 0.7280 0.6790
vn -0.4751 -0.3175 0.8207
vn -0.1693 -0.3222 0.9314
vn -0.2730 -0.0557 0.9604
vn -0.3203 -0.0651 0.9451
vn 0.4344 -0.2682 0.8599
vn 0.4682 -0.1966 0.8615
vn 0.7490 0.1538 0.6445
vn 0.6502 0.3475 0.6756
vn 0.5046 0.6007 0.6201
vn 0.5217 0.5991 0.6074
vn 0.4563 0.6394 0.6189
vn 0.5091 0.6866 0.5191
vn 0.0552 0.5893 0.8060
vn -0.0257 0.7624 0.6466
vn -0.2033 -0.1564 0.9666
vn -0.3125 -0.1704 0.9345
vn -0.2839 -0.2053 0.9366
vn -0.6142 -0.2988 0.7303
vn 0.3441 -0.2554 0.9035
vn 0.4249 0.0825 0.9015
vn 0.5525 0.4021 0.7301
vn 0.7068 0.1946 0.6801
vn 0.5534 0.1840 0.8123
vn -0.0559 0.6428 0.7640
vn -0.7201 0.3199 0.6158
vn -0.6616 0.4526 0.5979
vn -0.1159 -0.5271 0.8419
vn 0.0549 -0.5423 0.8384
vn 0.5515 -0.1162 0.8260
vn 0.5688 0.2051 0.7965
vn 0.5860 0.1938 0.7868
vn -0.0094 0.7595 0.6504
vn -0.0752 0.7212 0.6887
vn -0.5434 0.5999 0.5873
vn -0.6234 0.2093 0.7533
vn -0.4075 0.5064 0.7600
vn -0.3793 0.4663 0.7992
vn -0.0834 -0.5719 0.8161
vn -0.1324 -0.5873 0.7985
vn -0.1554 -0.5787 0.8006
vn 0.1008 -0.3284 0.9392
vn 0.5230 -0.0773 0.8488
vn 0.5332 -0.1089 0.8389
vn 0.4864 0.2929 0.8232
vn 0.7274 0.2184 0.6505
vn 0.0305 0.5756 0.8172
vn -0.0159 0.5183 0.8551
vn -0.4403 0.2907 0.8495
vn -0.5166 0.5832 0.6269
vn -0.5818 0.4430 0.6821
vn -0.7302 0.5650 0.3842
vn 0.0083 -0.4651 0.8852
vn -0.0740 -0.5417 0.8373
vn -0.0520 -0.5412 0.8393
vn -0.2003 -0.7613 0.6166
vn 0.4799 0.0549 0.8756
vn 0.6024 -0.1318 0.7873
vn 0.4940 -0.0822 0.8655
vn -0.0553 0.6426 0.7642
vn -0.5828 0.6118 0.5349
vn -0.7350 0.4204 0.5320
vn -0.2775 -0.4334 0.8574
vn 0.0123 -0.4706 0.8823
vn 0.4841 -0.1226 0.8664
vn 0.5878 0.1179 0.8003
vn 0.8113 -0.0308 0.5838
vn -0.0251 0.6626 0.7485
vn -0.0551 0.6394 0.7669
vn -0.5063 0.4928 0.7077
vn -0.5247 0.4266 0.7367
vn -0.6232 0.2484 0.7416
vn -0.7252 0.4203 0.5454
vn -0.4723 -0.3819 0.7944
vn -0.1850 -0.3907 0.9017
vn 0.2951 -0.4508 0.8425
vn 0.1729 -0.6667 0.7250
vn 0.6149 -0.3428 0.7102
vn 0.5838 -0.1945 0.7883
vn 0.6131 0.1022 0.7834
vn 0.5644 0.1149 0.8175
vn -0.1013 0.3826 0.9183
vn 0.0018 0.5419 0.8405
vn -0.4477 0.3212 0.8345
vn -0.4575 0.4246 0.7813
vn -0.5486 0.0608 0.8338
vn -0.8065 0.3001 0.5094
vn -0.3159 -0.3918 0.8641
vn -0.5768 -0.4402 0.6882
vn 0.3702 -0.3957 0.8404
vn 0.3613 -0.5665 0.7406
vn 0.5976 -0.2346 0.7667
vn 0.6831 -0.3645 0.6329
vn 0.5271 0.3546 0.7723
vn 0.2030 0.5835 0.7864
vn 0.1276 0.5852 0.8008
vn -0.1918 0.3188 0.9282
vn -0.0971 -0.3501 0.9316
vn 0.0896 -0.4246 0.9009
vn 0.5910 0.0747 0.8032
vn 0.4071 0.5206 0.7505
vn 0.6711 0.4800 0.5650
vn 0.4556 0.6377 0.6211
vn 0.1179 0.4894 0.8640
vn -0.1424 0.3870 0.9110
vn -0.2504 0.7489 0.6135
vn -0.4541 0.3910 0.8006
vn -0.4881 0.4141 0.7683
vn 0.0083 -0.1762 0.9843
vn -0.0047 -0.1846 0.9828
vn 0.2094 -0.1728 0.9624
vn 0.1029 -0.3712 0.9229
vn 0.5016 0.1959 0.8426
vn 0.5711 0.0892 0.8160
vn 0.3719 0.5974 0.7105
vn 0.4649 0.5942 0.6563
vn 0.4454 0.6105 0.6548
vn 0.4335 0.6071 0.6659
vn -0.4001 0.5673 0.7198
vn -0.3417 0.4663 0.8160
vn -0.2449 0.5761 0.7798
vn 0.0632 0.3791 0.9232
vn 0.1875 0.1033 0.9768
vn 0.0999 0.0545 0.9935
vn 0.2531 0.0056 0.9674
vn 0.2172 -0.0718 0.9735
vn 0.4910 0.1261 0.8620
vn 0.4270 0.2225 0.8765
vn 0.4825 0.5510 0.6809
vn 0.3734 0.6474 0.6644
vn -0.4563 0.5436 0.7045
vn -0.5388 0.4345 0.7217
vn -0.4711 -0.3676 0.8018
vn 0.1369 -0.6836 0.7169
vn 0.4270 -0.5221 0.7383
vn 0.5769 0.4480 0.6830
vn 0.3344 0.5339 0.7766
vn 0.0139 0.6636 0.7479
vn 0.3433 0.8550 0.3888
vn -0.5687 0.5225 0.6353
vn -0.5320 0.6565 0.5348
vn -0.7119 0.2524 0.6554
vn -0.7708 0.4835 0.4149
vn -0.4541 -0.4775 0.7521
vn -0.7687 -0.4330 0.4708
vn 0.3134 -0.4983 0.8084
vn 0.1707 -0.8101 0.5610
vn 0.6066 -0.2915 0.7397
vn 0.6311 -0.6334 0.4477
vn 0.3864 0.4785 0.7885
vn 0.5755 0.4471 0.6848
vn -0.0977 0.7584 0.6445
vn 0.0123 0.8628 0.5053
vn -0.5399 0.6010 0.5894
vn -0.5484 0.5075 0.6646
vn -0.6898 -0.0324 0.7233
vn -0.8708 0.2921 0.3954
vn -0.6007 -0.5137 0.6127
vn -0.4656 -0.4926 0.7352
vn 0.3629 -0.4974 0.7880
vn 0.3459 -0.5813 0.7365
vn 0.5539 -0.2874 0.7814
vn 0.5428 -0.2587 0.7990
vn 0.3577 0.3523 0.8649
vn 0.0057 0.5827 0.8127
vn -0.6933 0.3642 0.6219
vn -0.6990 0.3556 0.6204
vn 0.0539 -0.9352 0.3500
vn 0.0146 -0.9396 0.3420
vn 0.5436 -0.3308 0.7714
vn 0.5680 0.4287 0.7026
vn 0.5168 0.4522 0.7269
vn 0.1486 0.6886 0.7098
vn 0.0136 0.6041 0.7968
vn -0.5899 0.2961 0.7513
vn -0.5901 0.3000 0.7495
vn -0.6095 0.2439 0.7544
vn -0.6795 0.3553 0.6419
vn -0.0007 -0.7949 0.6067
vn 0.1269 -0.7192 0.6832
vn 0.0083 -0.7194 0.6946
vn -0.0143 -0.7452 0.6667
vn 0.5901 -0.1282 0.7971
vn 0.6469 -0.3296 0.6876
vn 0.6322 0.3479 0.6922
vn 0.5132 0.3838 0.7677
vn 0.1442 0.6963 0.7032
vn 0.1506 0.7008 0.6973
vn -0.6472 0.4673 0.6022
vn -0.6306 0.3224 0.7060
vn -0.6215 0.3402 0.7057
vn -0.5527 0.2364 0.7991
vn -0.0744 -0.7798 0.6216
vn 0.0051 -0.7251 0.6886
vn -0.0284 -0.7197 0.6937
vn 0.0119 -0.6700 0.7423
vn 0.6475 -0.1469 0.7478
vn 0.6463 -0.1444 0.7493
vn 0.4036 0.4224 0.8116
vn 0.1369 0.4970 0.8569
vn -0.4440 0.1999 0.8735
vn -0.5085 0.0533 0.8594
vn -0.0404 -0.9395 0.3400
vn 0.1770 -0.9518 0.2504
vn 0.5741 -0.7508 0.3267
vn 0.5350 0.5445 0.6460
vn 0.4765 0.5599 0.6778
vn 0.3271 0.6843 0.6517
vn 0.2115 0.6515 0.7286
vn -0.5899 0.4797 0.6496
vn -0.5989 0.3230 0.7328
vn -0.6809 0.1486 0.7172
vn -0.6404 0.0711 0.7648
vn -0.1762 -0.8261 0.5353
vn 0.0325 -0.7590 0.6503
vn 0.0663 -0.7634 0.6425
vn 0.0500 -0.7792 0.6248
vn 0.4388 -0.5777 0.6883
vn 0.4346 -0.6151 0.6579
vn 0.6483 0.4078 0.6429
vn 0.4524 0.4402 0.7756
vn 0.3237 0.5905 0.7393
vn 0.2738 0.5694 0.7751
vn -0.4940 0.5602 0.6650
vn -0.4996 0.4152 0.7603
vn -0.6391 0.2056 0.7412
vn -0.5898 0.1092 0.8001
vn -0.2513 -0.8309 0.4964
vn -0.1725 -0.8047 0.5680
vn -0.0067 -0.8497 0.5272
vn 0.0720 -0.7897 0.6093
vn 0.4096 -0.6591 0.6307
vn 0.4213 -0.5473 0.7232
vn 0.5981 0.3887 0.7008
vn 0.4547 0.5089 0.7309
vn -0.2323 0.3808 0.8950
vn -0.5062 -0.2906 0.8120
vn -0.3842 -0.4979 0.7775
vn 0.0740 -0.5971 0.7988
vn 0.6757 0.0625 0.7346
vn 0.4531 0.2249 0.8626
vn 0.4790 0.2244 0.8487
vn 0.2037 0.3784 0.9029
vn 0.4410 0.6300 0.6392
vn -0.4453 0.2618 0.8562
vn -0.4609 0.5828 0.6692
vn -0.6339 -0.3130 0.7073
vn -0.7005 -0.2532 0.6672
vn -0.4449 -0.5705 0.6903
vn -0.4973 -0.5704 0.6537
vn 0.2049 -0.6113 0.7644
vn 0.0989 -0.7757 0.6233
vn 0.6539 -0.1294 0.7454
vn 0.4850 0.1150 0.8669
vn 0.5008 0.4444 0.7428
vn 0.6162 0.4608 0.6387
vn 0.2812 0.7106 0.6450
vn 0.1771 0.5797 0.7953
vn -0.4690 0.3691 0.8024
vn -0.4514 0.2668 0.8515
vn -0.5896 -0.2879 0.7547
vn -0.5537 -0.3123 0.7720
vn -0.4162 -0.5130 0.7507
vn -0.3699 -0.5091 0.7771
vn 0.2307 -0.5883 0.7750
vn 0.2093 -0.6357 0.7430
vn 0.6497 -0.2041 0.7323
vn 0.5900 -0.1204 0.7984
vn 0.4187 0.2191 0.8813
vn 0.2953 0.3823 0.8756
vn -0.5832 0.3367 0.7393
vn -0.6094 0.2923 0.7370
vn -0.3116 -0.4643 0.8291
vn -0.1369 -0.5163 0.8454
vn 0.3400 -0.2435 0.9084
vn 0.2972 0.2439 0.9232
vn 0.4424 0.2306 0.8666
vn 0.1083 0.3871 0.9156
vn 0.3568 0.5653 0.7438
vn -0.4777 0.1857 0.8587
vn -0.4865 0.2315 0.8424
vn -0.5272 0.0135 0.8497
vn -0.7891 0.3310 0.5175
vn -0.3096 -0.4776 0.8222
vn -0.3353 -0.4819 0.8095
vn -0.0470 -0.4953 0.8674
vn -0.1517 -0.6689 0.7277
vn 0.3272 -0.1162 0.9378
vn 0.4332 -0.3035 0.8487
vn 0.4384 0.3526 0.8267
vn 0.4323 0.3522 0.8301
vn 0.1070 0.5507 0.8278
vn 0.1735 0.6120 0.7716
vn -0.6243 0.2920 0.7246
vn -0.6049 0.2459 0.7574
vn -0.6632 0.0494 0.7468
vn -0.6341 0.0225 0.7729
vn -0.3627 -0.4551 0.8132
vn -0.2726 -0.4300 0.8607
vn 0.0948 -0.4774 0.8735
vn -0.0142 -0.7293 0.6840
vn 0.5627 -0.2499 0.7879
vn 0.5114 -0.1831 0.8396
vn 0.3757 0.7149 0.5897
vn 0.1067 0.8997 0.4233
vn -0.2145 0.9006 0.3780
vn -0.7697 -0.0221 0.6380
vn -0.4185 -0.4915 0.7637
vn 0.1875 -0.4691 0.8630
vn 0.3370 -0.3374 0.8790
vn 0.5521 0.6266 0.5500
vn 0.2956 0.6655 0.6853
vn -0.0146 0.7522 0.6588
vn 0.0835 0.8142 0.5745
vn -0.2900 0.6745 0.6789
vn -0.2177 0.9016 0.3737
vn -0.6414 -0.2799 0.7143
vn -0.8805 0.0005 0.4740
vn -0.2660 -0.7652 0.5863
vn -0.4818 -0.7774 0.4044
vn -0.0778 -0.8624 0.5002
vn 0.1099 -0.6759 0.7287
vn 0.5871 0.0880 0.8047
vn 0.7725 -0.5040 0.3863
vn 0.4694 0.6414 0.6069
vn 0.5540 0.6293 0.5451
vn 0.2669 0.8429 0.4673
vn -0.0072 0.6986 0.7155
vn -0.2996 0.6482 0.7000
vn -0.2914 0.6764 0.6764
vn -0.7398 -0.0158 0.6727
vn -0.4988 -0.2109 0.8407
vn -0.2779 -0.6380 0.7181
vn -0.2147 -0.6254 0.7502
vn 0.0021 -0.6876 0.7261
vn -0.0650 -0.7533 0.6544
vn 0.7231 -0.2956 0.6242
vn 0.5540 0.0957 0.8270
vn 0.4219 0.3197 0.8484
vn 0.3385 0.3818 0.8600
vn -0.4317 0.3509 0.8309
vn -0.5451 0.2472 0.8011
vn -0.5990 -0.0831 0.7964
vn 0.0958 -0.4630 0.8812
vn 0.5210 -0.1220 0.8448
vn 0.6149 0.1429 0.7755
vn 0.2646 0.2941 0.9184
vn 0.2548 0.3025 0.9184
vn 0.2504 0.3011 0.9201
vn -0.4060 0.2198 0.8870
vn -0.4306 0.3501 0.8319
vn -0.5639 0.1342 0.8149
vn -0.6529 0.2416 0.7179
vn -0.5573 -0.1682 0.8131
vn -0.7534 -0.1191 0.6467
vn 0.1918 -0.4937 0.8482
vn 0.1422 -0.5844 0.7989
vn 0.6284 -0.2507 0.7364
vn 0.5933 -0.1538 0.7901
vn 0.4456 0.3209 0.8358
vn 0.8959 0.2175 0.3874
vn 0.5048 0.5309 0.6807
vn 0.4594 0.5108 0.7266
vn -0.4250 0.1303 0.8958
vn -0.4951 0.2707 0.8256
vn -0.5473 -0.0463 0.8357
vn -0.8307 0.1795 0.5270
vn -0.5566 -0.2683 0.7863
vn -0.8486 -0.2683 0.4560
vn 0.1803 -0.3287 0.9270
vn 0.1622 -0.4135 0.8959
vn 0.4442 -0.0332 0.8953
vn 0.6334 -0.2528 0.7314
vn 0.5753 0.3073 0.7580
vn 0.3248 0.6922 0.6445
vn -0.1874 0.7654 0.6156
vn -0.5838 -0.1243 0.8023
vn -0.3002 -0.4400 0.8463
vn 0.0911 -0.4551 0.8857
vn 0.4838 -0.1620 0.8601
vn 0.6432 0.1733 0.7458
vn 0.4758 0.2607 0.8400
vn 0.1855 0.6057 0.7738
vn 0.3265 0.6579 0.6786
vn -0.1768 0.7015 0.6904
vn -0.1721 0.7086 0.6843
vn -0.6859 0.1856 0.7036
vn -0.4723 -0.1134 0.8741
vn -0.3406 -0.5225 0.7817
vn -0.3380 -0.5224 0.7829
vn -0.0575 -0.6518 0.7562
vn 0.0704 -0.5674 0.8205
vn 0.5818 -0.2874 0.7609
vn 0.5777 -0.2162 0.7871
vn 0.5146 0.1798 0.8384
vn 0.6244 0.1571 0.7651
vn 0.2253 0.6161 0.7547
vn 0.1820 0.5952 0.7827
vn -0.0417 0.5992 0.7995
vn -0.1152 0.4123 0.9038
vn -0.4087 0.0114 0.9126
vn -0.5351 0.1522 0.8310
vn -0.3150 -0.5521 0.7720
vn -0.3605 -0.5640 0.7429
vn -0.1811 -0.6440 0.7433
vn 0.0391 -0.4538 0.8903
vn 0.4599 -0.2130 0.8620
vn 0.4574 -0.2068 0.8649
vn 0.3746 0.2840 0.8826
vn 0.1823 0.5154 0.8373
vn -0.3607 0.5492 0.7538
vn -0.7916 -0.0433 0.6095
vn -0.6906 -0.4053 0.5990
vn -0.3480 -0.5973 0.7226
vn 0.3784 -0.0319 0.9251
vn 0.4443 0.3409 0.8285
vn 0.8906 0.0400 0.4530
vn 0.0127 0.5445 0.8386
vn 0.2444 0.7456 0.6200
vn -0.4731 0.3369 0.8140
vn -0.4477 0.7004 0.5559
vn -0.6366 0.0330 0.7705
vn -0.3446 -0.1782 0.9217
vn -0.2611 -0.2631 0.9288
vn -0.6588 -0.3736 0.6530
vn -0.1730 -0.3824 0.9077
vn -0.2964 -0.8155 0.4971
vn 0.3084 0.2093 0.9279
vn 0.5682 -0.0522 0.8213
vn 0.3442 0.3131 0.8852
vn 0.3312 0.3181 0.8883
vn 0.0147 0.6391 0.7690
vn 0.0187 0.6425 0.7660
vn -0.4588 0.5703 0.6814
vn -0.4567 0.3223 0.8292
vn -0.6496 -0.0389 0.7593
vn -0.6933 0.0178 0.7205
vn -0.5388 -0.4780 0.6937
vn -0.4236 -0.4760 0.7707
vn -0.2462 -0.5753 0.7801
vn -0.1700 -0.3956 0.9025
vn 0.5430 0.0381 0.8388
vn 0.3386 0.2112 0.9169
vn 0.4953 0.2703 0.8256
vn 0.2592 0.5315 0.8064
vn -0.0765 0.5283 0.8456
vn -0.4452 -0.3253 0.8343
vn -0.2055 -0.6560 0.7263
vn 0.1633 -0.6335 0.7563
vn 0.5415 -0.0640 0.8383
vn 0.7272 0.3555 0.5872
vn 0.7306 0.3518 0.5852
vn 0.5476 0.5998 0.5834
vn 0.2471 0.4196 0.8734
vn -0.2143 0.3560 0.9096
vn -0.1567 0.6490 0.7445
vn -0.5725 -0.1364 0.8085
vn -0.4247 -0.3301 0.8430
vn -0.2516 -0.6719 0.6966
vn -0.2044 -0.6504 0.7315
vn 0.0056 -0.7213 0.6926
vn 0.1647 -0.5050 0.8473
vn 0.7379 0.0974 0.6679
vn 0.7671 0.0280 0.6409
vn 0.6977 0.4080 0.5889
vn 0.7575 0.3743 0.5349
vn 0.4991 0.6187 0.6067
vn 0.5441 0.6798 0.4917
vn -0.3363 0.2536 0.9070
vn -0.3460 0.6183 0.7057
vn -0.5114 -0.3044 0.8036
vn -0.7773 -0.0630 0.6259
vn -0.3107 -0.6851 0.6589
vn -0.2482 -0.6492 0.7190
vn 0.1811 -0.6513 0.7368
vn -0.0376 -0.9319 0.3607
vn 0.7424 0.1641 0.6496
vn 0.7931 0.0790 0.6040
vn 0.5054 0.2298 0.8317
vn 0.4207 0.2828 0.8620
vn -0.1376 0.1576 0.9779
vn -0.3527 -0.1998 0.9142
vn -0.3738 -0.1373 0.9173
vn 0.4547 -0.4806 0.7498
vn 0.4040 -0.5007 0.7655
vn 0.3629 0.2151 0.9067
vn 0.4844 0.2142 0.8482
vn 0.2537 0.3288 0.9097
vn 0.5693 0.4961 0.6556
vn -0.2977 0.2220 0.9285
vn -0.3166 0.3645 0.8757
vn -0.4292 -0.0827 0.8994
vn -0.1830 -0.2262 0.9568
vn -0.1613 -0.2470 0.9555
vn -0.5494 -0.3137 0.7745
vn 0.4655 -0.3305 0.8210
vn 0.4404 -0.4652 0.7679
vn 0.4549 -0.4506 0.7681
vn 0.4820 -0.6747 0.5590
vn 0.6790 0.4105 0.6087
vn 0.5634 0.4152 0.7143
vn 0.5576 0.4270 0.7118
vn 0.2497 0.3200 0.9139
vn -0.1957 0.4329 0.8800
vn -0.2294 0.1672 0.9589
vn -0.4741 -0.0219 0.8802
vn -0.4011 -0.0838 0.9122
vn -0.4052 -0.3230 0.8553
vn -0.2240 -0.3120 0.9233
vn 0.5950 -0.6808 0.4271
vn 0.6159 -0.4425 0.6518
vn 0.3323 -0.5569 0.7612
vn 0.3315 -0.3370 0.8812
vn 0.4873 -0.0364 0.8724
vn -0.1048 0.4225 0.9003
vn -0.2680 0.4192 0.8675
vn -0.6304 0.1318 0.7650
vn -0.3989 -0.5248 0.7519
vn -0.0226 -0.5373 0.8431
vn 0.4611 0.0765 0.8840
vn 0.4243 0.0255 0.9052
vn 0.5203 -0.0249 0.8536
vn 0.0302 0.5114 0.8588
vn -0.0954 0.4464 0.8898
vn -0.3374 0.4321 0.8364
vn -0.3321 0.4659 0.8202
vn -0.5446 0.2418 0.8031
vn -0.4416 0.0826 0.8934
vn -0.2760 -0.4752 0.8355
vn -0.3790 -0.4896 0.7853
vn -0.1911 -0.5844 0.7887
vn -0.0169 -0.4439 0.8959
vn 0.5781 -0.1754 0.7969
vn 0.4349 0.0789 0.8970
vn 0.5723 0.1106 0.8126
vn 0.6954 0.0838 0.7137
vn 0.0431 0.4481 0.8930
vn 0.0085 0.4145 0.9100
vn -0.3344 0.2876 0.8975
vn -0.3424 0.4384 0.8310
vn -0.4979 0.0455 0.8661
vn -0.8227 0.3787 0.4239
vn -0.3023 -0.4704 0.8291
vn -0.2628 -0.4504 0.8532
vn -0.1052 -0.4683 0.8773
vn -0.1877 -0.5738 0.7972
vn 0.4234 -0.0223 0.9057
vn 0.6325 -0.1911 0.7506
vn 0.4902 0.5263 0.6948
vn 0.2856 0.7722 0.5676
vn -0.1899 0.8461 0.4980
vn -0.7591 -0.0700 0.6472
vn -0.4845 -0.5219 0.7021
vn 0.1445 -0.5687 0.8098
vn 0.3741 -0.3922 0.8404
vn 0.5214 0.3231 0.7898
vn 0.3343 0.3606 0.8708
vn 0.0861 0.6087 0.7887
vn 0.2662 0.6809 0.6823
vn -0.1402 0.6924 0.7077
vn -0.1916 0.6028 0.7746
vn -0.5707 0.0803 0.8172
vn -0.4495 -0.0838 0.8894
vn -0.2763 -0.5612 0.7802
vn -0.4891 -0.5676 0.6623
vn -0.0652 -0.7572 0.6499
vn 0.1426 -0.5776 0.8038
vn 0.4064 -0.4266 0.8080
vn 0.4057 -0.4194 0.8121
vn 0.3488 0.4522 0.8209
vn 0.6531 0.4522 0.6074
vn 0.1113 0.8074 0.5794
vn 0.1650 0.8344 0.5258
vn -0.1616 0.7962 0.5831
vn -0.1335 0.8448 0.5181
vn -0.6163 0.0317 0.7869
vn -0.6846 0.1016 0.7218
vn -0.3431 -0.5806 0.7384
vn -0.2718 -0.5528 0.7877
vn 0.0363 -0.6141 0.7884
vn -0.0618 -0.7762 0.6275
vn 0.4057 -0.4727 0.7823
vn 0.3885 -0.4083 0.8260
vn 0.4062 0.5343 0.7412
vn 0.2652 0.6644 0.6988
vn -0.4148 0.6280 0.6585
vn -0.7640 0.0819 0.6400
vn -0.6488 -0.2295 0.7255
vn -0.3933 -0.3376 0.8552
vn 0.3074 -0.0086 0.9516
vn 0.3710 0.5253 0.7658
vn 0.3761 0.5242 0.7641
vn -0.0547 0.6934 0.7184
vn 0.3930 0.7767 0.4922
vn -0.3467 0.7014 0.6228
vn -0.4282 0.5549 0.7132
vn -0.6448 0.0830 0.7599
vn -0.6981 0.1085 0.7078
vn -0.5387 -0.1885 0.8211
vn -0.6441 -0.2216 0.7322
vn -0.3079 -0.2987 0.9033
vn -0.4012 -0.4537 0.7957
vn 0.3215 0.1651 0.9324
vn 0.5464 -0.0979 0.8318
vn 0.2473 0.5607 0.7902
vn 0.4299 0.5428 0.7215
vn 0.1104 0.7194 0.6858
vn -0.0860 0.6338 0.7687
vn -0.3595 0.5651 0.7426
vn -0.3375 0.6131 0.7143
vn -0.6998 0.0329 0.7136
vn -0.7225 0.0409 0.6901
vn -0.6285 -0.2244 0.7447
vn -0.5397 -0.1904 0.8201
vn -0.2771 -0.2793 0.9193
vn -0.3078 -0.3365 0.8900
vn 0.3817 0.0829 0.9206
vn 0.2843 0.1731 0.9430
vn 0.1497 0.2774 0.9490
vn -0.2578 0.4895 0.8330
vn -0.5501 0.3773 0.7450
vn -0.7359 -0.0736 0.6730
vn -0.5334 -0.5841 0.6117
vn 0.0676 -0.6924 0.7183
vn 0.3207 -0.2323 0.9183
vn 0.2254 0.3106 0.9234
vn 0.2176 0.3144 0.9240
vn -0.1460 0.7580 0.6357
vn -0.2066 0.7284 0.6533
vn -0.3309 0.7103 0.6213
vn -0.5488 0.3584 0.7553
vn -0.7666 -0.0692 0.6384
vn -0.7553 -0.0889 0.6493
vn -0.6951 -0.3668 0.6184
vn -0.5260 -0.3961 0.7526
vn -0.0813 -0.6753 0.7330
vn -0.0039 -0.5739 0.8189
vn 0.1833 -0.5120 0.8392
vn 0.1168 -0.1298 0.9846
vn 0.0193 0.2923 0.9561
vn 0.1505 0.2834 0.9471
vn -0.3650 0.5141 0.7762
vn -0.1717 0.7169 0.6757
vn -0.3932 0.6028 0.6943
vn -0.3156 0.7534 0.5769
vn -0.6283 -0.0828 0.7735
vn -0.7072 -0.0422 0.7058
vn -0.5647 -0.3217 0.7600
vn -0.7067 -0.4056 0.5797
vn -0.2126 -0.5325 0.8193
vn -0.1997 -0.4053 0.8921
vn -0.0140 -0.1670 0.9859
vn 0.1787 -0.5082 0.8425
vn 0.4689 0.4175 0.7784
vn -0.0343 0.5273 0.8490
vn -0.2099 0.4290 0.8786
vn -0.3630 0.0596 0.9299
vn -0.0532 -0.6304 0.7745
vn -0.0017 -0.6458 0.7635
vn 0.6522 -0.0304 0.7575
vn 0.2795 0.3851 0.8795
vn 0.4426 0.3842 0.8103
vn 0.0185 0.6136 0.7894
vn -0.0327 0.5699 0.8210
vn -0.2503 0.4891 0.8355
vn -0.2483 0.5052 0.8265
vn -0.4396 -0.0448 0.8971
vn -0.5317 0.0286 0.8465
vn -0.1639 -0.5122 0.8431
vn 0.0657 -0.3892 0.9188
vn 0.0409 -0.3884 0.9206
vn -0.0346 -0.5476 0.8360
vn 0.4302 -0.0585 0.9008
vn 0.3532 0.0507 0.9342
vn 0.3351 0.4968 0.8006
vn 0.3853 0.5098 0.7692
vn 0.1490 0.6757 0.7220
vn 0.0137 0.5417 0.8405
vn -0.2652 0.4778 0.8375
vn -0.2628 0.5130 0.8172
vn -0.5475 -0.0383 0.8359
vn -0.5319 -0.0475 0.8455
vn -0.2539 -0.5967 0.7613
vn -0.1662 -0.5281 0.8327
vn -0.0583 -0.5536 0.8307
vn 0.0388 -0.3601 0.9321
vn 0.3905 -0.0643 0.9184
vn 0.3767 -0.0512 0.9249
vn 0.3702 0.6316 0.6812
vn 0.4982 0.5510 0.6695
vn -0.3271 0.2979 0.8968
vn -0.4490 -0.1701 0.8772
vn -0.2952 -0.4186 0.8588
vn 0.1571 -0.5292 0.8338
vn 0.4178 -0.3662 0.8314
vn 0.7058 0.4604 0.5384
vn 0.3086 0.5669 0.7638
vn 0.4748 0.3628 0.8018
vn 0.3764 0.3444 0.8601
vn -0.3176 0.4065 0.8567
vn -0.3351 0.3034 0.8920
vn -0.5800 -0.0068 0.8146
vn -0.4628 -0.1685 0.8703
vn -0.4346 -0.3031 0.8481
vn -0.1883 -0.3140 0.9306
vn 0.0147 -0.4267 0.9043
vn 0.0998 -0.3329 0.9377
vn 0.4747 -0.1580 0.8658
vn 0.5347 -0.3953 0.7469
vn 0.3976 0.3372 0.8534
vn 0.5646 0.3369 0.7534
vn 0.4263 0.4555 0.7816
vn 0.6522 0.5280 0.5440
vn -0.3367 0.3974 0.8537
vn -0.3414 0.4351 0.8332
vn -0.5473 -0.0769 0.8334
vn -0.6743 0.0089 0.7384
vn -0.5286 -0.2859 0.7993
vn -0.3969 -0.2744 0.8759
vn 0.0605 -0.3761 0.9246
vn 0.0098 -0.4648 0.8853
vn 0.4139 -0.1118 0.9034
vn 0.4447 -0.1484 0.8833
vn 0.4226 0.2661 0.8664
vn -0.1992 0.6402 0.7419
vn -0.7018 0.3860 0.5987
vn -0.7433 0.2803 0.6074
vn -0.4669 -0.1946 0.8626
vn 0.1447 -0.2237 0.9639
vn 0.4301 0.0537 0.9012
vn 0.2684 0.2944 0.9172
vn 0.3181 0.2733 0.9078
vn -0.2623 0.6342 0.7273
vn -0.1959 0.6881 0.6987
vn -0.5785 0.5416 0.6099
vn -0.6068 0.3006 0.7358
vn -0.6370 0.2436 0.7314
vn -0.6948 0.3086 0.6497
vn -0.5561 -0.2224 0.8008
vn -0.4760 -0.2068 0.8548
vn -0.0376 -0.3533 0.9347
vn 0.0362 -0.0770 0.9964
vn 0.2758 0.0863 0.9573
vn 0.2719 0.0920 0.9579
vn 0.3808 0.2314 0.8952
vn 0.2120 0.2948 0.9317
vn -0.2316 0.6288 0.7423
vn -0.2701 0.5904 0.7606
vn -0.4708 0.5319 0.7039
vn -0.4839 0.4635 0.7423
vn -0.6351 0.2383 0.7347
vn -0.6404 0.2435 0.7284
vn -0.5545 -0.1956 0.8089
vn -0.5417 -0.1879 0.8193
vn -0.1283 -0.3866 0.9133
vn -0.0953 -0.2302 0.9685
vn 0.3879 0.0297 0.9212
vn 0.3632 0.0577 0.9299
vn 0.2862 0.4781 0.8303
vn -0.0127 0.6699 0.7423
vn -0.3244 0.5566 0.7648
vn -0.4289 -0.3071 0.8496
vn -0.3738 -0.3569 0.8561
vn 0.2978 -0.3522 0.8873
vn 0.2392 -0.3998 0.8849
vn 0.5546 0.2695 0.7873
vn 0.1722 0.4058 0.8976
vn 0.1066 0.4759 0.8730
vn -0.0043 0.3996 0.9167
vn -0.1691 0.4014 0.9002
vn -0.1741 0.3806 0.9082
vn -0.5944 -0.1618 0.7877
vn -0.3803 -0.2855 0.8797
vn -0.3081 -0.5099 0.8032
vn -0.4153 -0.5226 0.7446
vn -0.1766 -0.6551 0.7346
vn 0.2897 -0.2061 0.9347
vn 0.3032 -0.1987 0.9320
vn 0.3572 -0.4447 0.8214
vn 0.4516 0.1603 0.8777
vn 0.3488 0.1885 0.9181
vn 0.0457 0.5202 0.8528
vn 0.1218 0.5947 0.7947
vn -0.1755 0.5984 0.7817
vn -0.2013 0.4744 0.8570
vn -0.6476 -0.1327 0.7503
vn -0.5897 -0.1603 0.7916
vn -0.4748 -0.4855 0.7340
vn -0.2784 -0.4643 0.8408
vn -0.1017 -0.5410 0.8349
vn -0.1524 -0.5885 0.7940
vn 0.4199 -0.3718 0.8279
vn 0.3685 -0.2350 0.8994
vn 0.0253 0.6099 0.7921
vn -0.1177 0.6534 0.7478
vn -0.5469 0.4962 0.6743
vn -0.7611 0.0433 0.6472
vn -0.7248 -0.0700 0.6854
vn 0.2418 -0.1276 0.9619
vn 0.2107 -0.1664 0.9633
vn 0.2747 0.6254 0.7304
vn 0.0289 0.6125 0.7899
vn -0.1874 0.6826 0.7064
vn -0.1328 0.7264 0.6743
vn -0.5575 0.5598 0.6131
vn -0.5683 0.5161 0.6408
vn -0.7375 0.1967 0.6460
vn -0.6125 0.1129 0.7824
vn -0.5230 -0.1003 0.8464
vn -0.7703 -0.1498 0.6198
vn 0.4167 -0.4200 0.8062
vn 0.4338 -0.3028 0.8486
vn 0.3586 -0.3670 0.8583
vn 0.3620 -0.3819 0.8504
vn 0.1676 0.5424 0.8232
vn 0.1303 0.5377 0.8330
vn -0.1305 0.6623 0.7377
vn -0.1821 0.6132 0.7686
vn -0.3802 0.5554 0.7395
vn -0.4010 0.4135 0.8174
vn -0.5720 0.1140 0.8123
vn -0.7457 0.1932 0.6377
vn -0.6694 -0.1601 0.7255
vn -0.5437 -0.1219 0.8304
vn 0.2754 -0.3435 0.8979
vn 0.2721 -0.2629 0.9257
vn 0.2226 -0.2959 0.9289
vn 0.1744 -0.1400 0.9747
vn 0.6022 0.3002 0.7397
vn 0.2261 0.6430 0.7317
vn -0.4460 0.5101 0.7355
vn -0.7035 -0.1557 0.6934
vn -0.6658 -0.2466 0.7042
vn 0.0849 -0.5238 0.8476
vn 0.5822 -0.1748 0.7940
vn 0.5272 0.1924 0.8276
vn 0.4151 0.2402 0.8775
vn 0.0384 0.5655 0.8239
vn 0.2179 0.6750 0.7049
vn -0.3341 0.6186 0.7111
vn -0.4085 0.4386 0.8004
vn -0.7149 -0.2323 0.6595
vn -0.7807 -0.1472 0.6073
vn -0.7128 -0.3479 0.6090
vn -0.7543 -0.3302 0.5674
vn 0.1175 -0.7333 0.6696
vn 0.1385 -0.7121 0.6883
vn 0.5734 -0.4472 0.6865
vn 0.5068 -0.1153 0.8543
vn 0.5624 0.1787 0.8074
vn 0.5293 0.1929 0.8262
vn 0.0054 0.6948 0.7192
vn 0.0530 0.7326 0.6785
vn -0.3774 0.6789 0.6299
vn -0.3704 0.6991 0.6116
vn -0.8499 -0.0081 0.5268
vn -0.6171 -0.2086 0.7587
vn -0.6216 -0.1933 0.7591
vn -0.4342 -0.2300 0.8710
vn 0.1587 -0.4728 0.8668
vn 0.0808 -0.6128 0.7861
vn 0.4613 -0.4208 0.7811
vn 0.4517 -0.3792 0.8076
vn 0.4419 0.3787 0.8132
vn 0.1895 0.6500 0.7359
vn -0.3217 0.7201 0.6148
vn -0.8633 0.0975 0.4953
vn -0.6340 -0.6273 0.4522
vn -0.0952 -0.7929 0.6019
vn 0.4958 -0.0216 0.8682
vn 0.4752 0.3367 0.8129
vn 0.4211 0.3591 0.8329
vn 0.0845 0.7147 0.6943
vn 0.1884 0.7512 0.6326
vn -0.2399 0.7435 0.6242
vn -0.3143 0.6276 0.7122
vn -0.7265 -0.0254 0.6867
vn -0.7889 0.1300 0.6007
vn -0.7184 -0.3374 0.6083
vn -0.2446 -0.4957 0.8334
vn 0.0613 -0.6340 0.7709
vn -0.0835 -0.8097 0.5809
vn 0.4720 -0.5927 0.6526
vn 0.4550 0.0228 0.8902
vn 0.4077 0.3935 0.8240
vn 0.5400 0.3888 0.7465
vn 0.0149 0.7137 0.7003
vn 0.1042 0.7835 0.6126
vn -0.3252 0.6554 0.6817
vn -0.2593 0.8231 0.5052
vn -0.6655 0.0580 0.7442
vn -0.5783 -0.0492 0.8143
vn -0.4248 -0.3769 0.8231
vn -0.7430 -0.3544 0.5678
vn 0.1362 -0.6189 0.7735
vn 0.0874 -0.7363 0.6710
vn 0.4292 -0.4413 0.7880
vn 0.4611 -0.5789 0.6725
vn 0.8059 0.1866 0.5619
vn 0.0337 0.5354 0.8439
vn -0.4928 0.1582 0.8556
vn -0.5096 0.0131 0.8603
vn -0.1851 -0.4284 0.8844
vn 0.3969 -0.5583 0.7285
vn 0.7831 -0.2636 0.5632
vn 0.5467 0.0254 0.8370
vn 0.5225 0.0436 0.8515
vn 0.2834 0.4131 0.8655
vn 0.0263 0.3357 0.9416
vn -0.3961 0.3636 0.8432
vn -0.4501 0.1323 0.8831
vn -0.6363 -0.0578 0.7693
vn -0.6711 -0.0117 0.7413
vn -0.5654 -0.6357 0.5256
vn -0.2262 -0.6781 0.6993
vn -0.1187 -0.7254 0.6780
vn 0.4203 -0.3875 0.8205
vn 0.4528 -0.3754 0.8087
vn 0.4430 -0.2237 0.8682
vn 0.5573 0.0242 0.8300
vn 0.5527 0.0259 0.8330
vn 0.2186 0.3281 0.9190
vn 0.2653 0.3587 0.8949
vn -0.3586 0.2841 0.8892
vn -0.3651 0.3324 0.8696
vn -0.5736 -0.0133 0.8190
vn -0.5192 -0.0542 0.8529
vn -0.2602 -0.5469 0.7957
vn -0.4951 -0.5688 0.6567
vn -0.1030 -0.7095 0.6971
vn -0.1163 -0.7192 0.6850
vn 0.4932 -0.4343 0.7537
vn 0.4840 -0.4009 0.7778
vn 0.1601 0.4618 0.8724
vn 0.1166 0.4774 0.8709
vn -0.5078 0.3034 0.8063
vn -0.5579 0.2324 0.7967
vn -0.5284 -0.2865 0.7992
vn -0.1579 -0.5535 0.8177
vn 0.2800 -0.3991 0.8731
vn 0.0097 0.4512 0.8923
vn 0.1553 0.4589 0.8748
vn 0.1296 0.4760 0.8699
vn 0.1057 0.4682 0.8773
vn -0.6620 0.2510 0.7062
vn -0.6394 0.4834 0.5980
vn -0.7685 0.2390 0.5936
vn -0.7764 0.2573 0.5753
vn -0.6514 -0.2984 0.6976
vn -0.5432 -0.2979 0.7850
vn -0.1635 -0.4410 0.8825
vn -0.1841 -0.5222 0.8327
vn 0.0828 -0.3866 0.9185
vn -0.0147 -0.0365 0.9992
vn 0.3427 0.5445 0.7655
vn 0.0750 0.5008 0.8623
vn 0.1912 0.4107 0.8915
vn -0.0422 0.3250 0.9448
vn -0.6589 0.1875 0.7285
vn -0.6697 0.2583 0.6962
vn -0.7117 0.1715 0.6812
vn -0.7421 0.2309 0.6292
vn -0.6637 -0.2208 0.7147
vn -0.5888 -0.2127 0.7798
vn -0.1263 -0.4245 0.8966
vn -0.1403 -0.4879 0.8616
vn 0.1457 -0.3553 0.9233
vn 0.2190 -0.4967 0.8399
vn 0.6155 0.2980 0.7296
vn 0.1260 0.5237 0.8425
vn -0.2774 0.3700 0.8867
vn -0.3905 0.1964 0.8994
vn -0.1468 -0.6916 0.7072
vn -0.0739 -0.7251 0.6847
vn 0.7544 -0.0094 0.6564
vn 0.7723 0.1408 0.6195
vn 0.5415 0.3090 0.7819
vn 0.1763 0.5972 0.7825
vn 0.1259 0.5459 0.8283
vn -0.5883 0.3304 0.7381
vn -0.6164 0.4393 0.6535
vn -0.6736 0.3349 0.6589
vn -0.6580 0.3047 0.6886
vn -0.3283 -0.5187 0.7894
vn -0.0113 -0.4005 0.9162
vn 0.0343 -0.4086 0.9121
vn -0.0876 -0.5652 0.8203
vn 0.6942 0.1343 0.7072
vn 0.7802 -0.0110 0.6254
vn 0.6386 0.0649 0.7668
vn 0.5183 0.1456 0.8427
vn 0.1673 0.5285 0.8323
vn 0.1819 0.5437 0.8193
vn -0.6203 0.4181 0.6637
vn -0.6028 0.3373 0.7231
vn -0.5834 0.3658 0.7252
vn -0.5285 0.2713 0.8044
vn -0.3558 -0.4274 0.8311
vn -0.2781 -0.4034 0.8717
vn 0.0048 -0.5130 0.8584
vn 0.0250 -0.4868 0.8731
vn 0.7645 0.0061 0.6445
vn 0.6422 0.1363 0.7543
vn 0.7925 0.1329 0.5953
vn 0.3756 0.4910 0.7860
vn -0.5849 0.1732 0.7924
vn -0.5746 0.1957 0.7947
vn -0.2517 -0.6011 0.7585
vn -0.0815 -0.6501 0.7555
vn 0.7724 0.2143 0.5979
vn 0.5807 0.1448 0.8011
vn 0.6919 0.0898 0.7164
vn 0.1849 0.5242 0.8312
vn 0.3623 0.6256 0.6910
vn -0.4773 0.4404 0.7604
vn -0.4868 0.0242 0.8732
vn -0.4982 -0.0110 0.8670
vn -0.6983 0.2158 0.6825
vn -0.3581 -0.5124 0.7805
vn -0.1325 -0.4726 0.8713
vn 0.0854 -0.5015 0.8610
vn -0.0632 -0.6971 0.7142
vn 0.7347 0.0315 0.6777
vn 0.5667 0.2345 0.7898
vn 0.6132 0.1569 0.7742
vn 0.6128 0.1571 0.7745
vn 0.2027 0.5499 0.8103
vn 0.1874 0.5385 0.8215
vn -0.4564 0.4189 0.7850
vn -0.4566 0.4219 0.7833
vn -0.6514 0.0564 0.7566
vn -0.5979 0.0036 0.8016
vn -0.4065 -0.4561 0.7917
vn -0.2845 -0.4370 0.8533
vn 0.0861 -0.5367 0.8394
vn 0.0867 -0.5357 0.8399
vn 0.6916 -0.0564 0.7201
vn 0.6154 0.0080 0.7881
vn 0.7454 0.4620 0.4805
vn 0.4023 0.7236 0.5608
vn -0.5107 0.2579 0.8202
vn -0.5318 0.0621 0.8446
vn -0.1082 -0.4674 0.8774
vn 0.3355 -0.5352 0.7753
vn 0.5541 -0.4345 0.7100
vn 0.4764 0.3125 0.8218
vn 0.5523 0.2911 0.7811
vn 0.3491 0.4816 0.8038
vn 0.1791 0.4238 0.8879
vn -0.5302 0.3012 0.7925
vn -0.5279 0.2721 0.8046
vn -0.6909 -0.0477 0.7214
vn -0.7425 0.0117 0.6697
vn -0.5591 -0.4641 0.6870
vn -0.1330 -0.4853 0.8642
vn 0.3059 -0.5555 0.7733
vn 0.3196 -0.5185 0.7931
vn 0.4292 -0.4493 0.7835
vn 0.4152 -0.3871 0.8233
vn 0.6604 0.3370 0.6711
vn 0.5258 0.3513 0.7747
vn 0.4185 0.4530 0.7872
vn 0.2865 0.3979 0.8716
vn -0.4438 0.2999 0.8444
vn -0.4353 0.2351 0.8690
vn -0.6239 -0.1496 0.7670
vn -0.7524 -0.0354 0.6577
vn -0.6117 -0.4203 0.6702
vn -0.4981 -0.4194 0.7589
vn 0.3285 -0.6239 0.7091
vn 0.3367 -0.5900 0.7339
vn 0.5226 -0.4645 0.7150
vn 0.5377 -0.5296 0.6561
vn 0.8397 0.3519 0.4136
vn 0.5533 0.6876 0.4701
vn -0.4158 0.6193 0.6660
vn -0.5721 0.3744 0.7298
vn -0.5152 -0.0394 0.8562
vn 0.1728 -0.4419 0.8803
vn 0.8379 -0.0662 0.5418
vn 0.5273 0.6179 0.5833
vn 0.8099 0.3647 0.4594
vn 0.6373 0.6045 0.4779
vn 0.3809 0.6587 0.6489
vn -0.4322 0.6110 0.6633
vn -0.4301 0.6233 0.6531
vn -0.5607 0.4760 0.6776
vn -0.4791 0.3293 0.8136
vn -0.4198 -0.0117 0.9075
vn -0.5048 -0.0250 0.8628
vn 0.1273 -0.2990 0.9457
vn 0.1450 -0.2581 0.9552
vn 0.5741 0.0424 0.8177
vn 0.5976 -0.0092 0.8017
vn 0.6430 0.4564 0.6150
vn 0.3655 0.6030 0.7091
vn 0.3640 0.6043 0.7087
vn 0.5342 0.5914 0.6040
vn -0.4813 0.6081 0.6314
vn -0.4840 0.6296 0.6078
vn -0.6364 0.4582 0.6205
vn -0.6470 0.4725 0.5984
vn -0.6629 -0.0364 0.7478
vn -0.4022 0.0034 0.9155
vn 0.1563 -0.2646 0.9516
vn 0.1378 -0.3273 0.9348
vn 0.6508 0.0111 0.7592
vn 0.6629 -0.0195 0.7485
vn 0.6226 0.2099 0.7539
vn 0.4595 0.3316 0.8239
vn -0.4298 0.1200 0.8949
vn -0.5336 -0.0722 0.8426
vn -0.1911 -0.7275 0.6590
vn 0.2246 -0.7354 0.6394
vn 0.6991 -0.1200 0.7049
vn 0.6256 0.2060 0.7525
vn 0.6211 0.2076 0.7557
vn 0.3927 0.5199 0.7586
vn 0.4252 0.5356 0.7296
vn -0.3553 0.5797 0.7333
vn -0.4037 0.0983 0.9096
vn -0.5298 -0.0795 0.8444
vn -0.5359 -0.0723 0.8412
vn -0.3474 -0.6355 0.6895
vn -0.0822 -0.6459 0.7590
vn 0.0780 -0.6952 0.7146
vn 0.2398 -0.5585 0.7941
vn 0.6276 -0.3319 0.7042
vn 0.5897 -0.0878 0.8028
vn 0.5397 0.1486 0.8286
vn 0.5774 0.1505 0.8025
vn 0.3124 0.3473 0.8842
vn 0.3864 0.4358 0.8129
vn -0.1597 0.2621 0.9517
vn -0.2131 0.4542 0.8650
vn -0.4016 -0.1707 0.8997
vn -0.5524 -0.0754 0.8302
vn -0.1558 -0.5626 0.8119
vn -0.2430 -0.5793 0.7781
vn 0.1541 -0.5977 0.7868
vn 0.0852 -0.6743 0.7335
vn 0.5546 -0.2437 0.7956
vn 0.5724 -0.2906 0.7668
vn 0.6207 0.1903 0.7606
vn 0.3268 0.3991 0.8567
vn -0.3335 0.1610 0.9289
vn -0.4170 -0.0074 0.9089
vn -0.3609 -0.3224 0.8751
vn 0.5962 -0.5898 0.5447
vn 0.6797 -0.4754 0.5586
vn 0.3150 0.4165 0.8528
vn 0.7836 0.3193 0.5330
vn 0.3444 0.6663 0.6614
vn 0.3709 0.6858 0.6262
vn -0.5399 0.2059 0.8161
vn -0.5723 0.3367 0.7477
vn -0.6140 0.1552 0.7739
vn -0.4720 0.0001 0.8816
vn -0.1564 -0.4563 0.8760
vn -0.5841 -0.5480 0.5987
vn 0.5744 -0.4733 0.6679
vn 0.5651 -0.5485 0.6163
vn 0.5165 -0.6067 0.6043
vn 0.4341 -0.0711 0.8981
vn 0.6095 0.4622 0.6441
vn 0.3287 0.4405 0.8354
vn 0.3028 0.4634 0.8328
vn 0.2537 0.4222 0.8702
vn -0.5119 0.1920 0.8373
vn -0.5166 0.1992 0.8328
vn -0.5240 0.1800 0.8325
vn -0.4778 0.1269 0.8692
vn -0.2169 -0.5119 0.8312
vn -0.1794 -0.4971 0.8490
vn 0.4967 -0.5675 0.6568
vn 0.5073 -0.4063 0.7600
vn 0.5020 -0.4122 0.7603
vn 0.5157 -0.6053 0.6063
vn 0.6891 0.1922 0.6987
vn 0.3493 0.5028 0.7907
vn -0.5414 0.2618 0.7990
vn -0.6348 -0.0458 0.7713
vn -0.4001 -0.4011 0.8240
vn 0.2284 -0.5136 0.8270
vn 0.6645 -0.1868 0.7235
vn 0.4175 0.2999 0.8577
vn 0.7532 0.2449 0.6105
vn 0.3432 0.5245 0.7792
vn 0.4262 0.5562 0.7134
vn -0.4109 0.2368 0.8804
vn -0.3900 0.1603 0.9067
vn -0.4663 -0.2750 0.8408
vn -0.7805 -0.1354 0.6103
vn -0.5487 -0.4715 0.6904
vn -0.5019 -0.4752 0.7227
vn 0.2320 -0.5293 0.8161
vn 0.2320 -0.5292 0.8162
vn 0.5483 -0.1722 0.8184
vn 0.5401 -0.1609 0.8261
vn 0.7036 0.2940 0.6469
vn 0.4801 0.3585 0.8007
vn 0.5074 0.3080 0.8048
vn 0.1054 0.2302 0.9674
vn -0.5050 0.2966 0.8105
vn -0.5051 0.3158 0.8032
vn -0.9473 -0.2069 0.2444
vn -0.7036 -0.4016 0.5862
vn -0.7144 -0.3508 0.6054
vn -0.4581 -0.4123 0.7875
vn -0.0120 -0.7499 0.6615
vn 0.1784 -0.4677 0.8657
vn 0.5753 -0.3414 0.7433
vn 0.4937 -0.1612 0.8545
vn 0.3157 0.4674 0.8258
vn 0.2757 0.4898 0.8271
vn -0.2589 0.3951 0.8814
vn -0.5016 0.0341 0.8644
vn -0.4782 -0.2430 0.8440
vn -0.0648 -0.5738 0.8164
vn 0.3367 -0.3765 0.8630
vn 0.4409 0.5320 0.7229
vn 0.3727 0.5377 0.7563
vn 0.3266 0.5756 0.7497
vn 0.3515 0.5803 0.7347
vn -0.1472 0.5604 0.8150
vn -0.2283 0.2599 0.9382
vn -0.4232 -0.1276 0.8970
vn -0.5754 0.0046 0.8178
vn -0.3717 -0.4962 0.7846
vn -0.6496 -0.4493 0.6133
vn -0.2625 -0.6668 0.6975
vn -0.0183 -0.4635 0.8859
vn 0.3542 -0.2095 0.9114
vn 0.4202 -0.4347 0.7965
vn 0.4407 0.5033 0.7433
vn 0.4093 0.5015 0.7622
vn 0.3768 0.5356 0.7558
vn 0.2663 0.4925 0.8286
vn -0.1657 0.5023 0.8487
vn -0.1524 0.5713 0.8065
vn -0.6267 -0.0999 0.7728
vn -0.5586 -0.1419 0.8172
vn -0.4757 -0.4091 0.7787
vn -0.2888 -0.3808 0.8784
vn -0.1469 -0.4507 0.8805
vn -0.2173 -0.5252 0.8228
vn 0.3847 -0.2496 0.8887
vn 0.3703 -0.2174 0.9031
vn 0.3203 0.1191 0.9398
vn -0.4864 0.3723 0.7905
vn -0.5370 0.3351 0.7741
vn -0.6941 -0.1031 0.7125
vn -0.6732 -0.2054 0.7104
vn 0.2267 -0.6564 0.7195
vn 0.3708 -0.5821 0.7236
vn 0.0907 0.2915 0.9523
vn 0.4802 0.2424 0.8430
vn -0.2187 0.6816 0.6983
vn -0.4653 0.4566 0.7583
vn -0.6529 0.3496 0.6719
vn -0.5909 0.5472 0.5928
vn -0.8353 -0.1287 0.5345
vn -0.8010 -0.1725 0.5732
vn -0.7281 -0.3572 0.5851
vn -0.8443 -0.2956 0.4469
vn -0.1250 -0.7158 0.6870
vn 0.0196 -0.3772 0.9259
vn 0.0578 -0.3506 0.9348
vn 0.0891 -0.4270 0.8999
vn -0.0670 0.3009 0.9513
vn 0.1891 0.3656 0.9114
vn -0.2645 0.4914 0.8298
vn -0.2608 0.4956 0.8285
vn -0.6635 0.2073 0.7189
vn -0.6593 0.3730 0.6529
vn -0.7252 -0.2704 0.6333
vn -0.8822 -0.1486 0.4469
vn -0.7969 -0.3411 0.4986
vn -0.7125 -0.3483 0.6092
vn -0.0709 -0.4547 0.8878
vn -0.0501 -0.8233 0.5654
vn 0.2680 -0.5242 0.8083
vn 0.1597 -0.4076 0.8991
vn 0.4158 0.2823 0.8645
vn 0.2184 0.4011 0.8896
vn -0.4963 0.1940 0.8462
vn -0.5743 -0.0269 0.8182
vn -0.2495 -0.4783 0.8420
vn 0.2721 -0.4913 0.8274
vn 0.5021 -0.2477 0.8286
vn 0.4867 0.2394 0.8401
vn 0.3915 0.2638 0.8816
vn 0.1445 0.5053 0.8508
vn 0.1912 0.5306 0.8258
vn -0.2968 0.5092 0.8078
vn -0.4165 0.0673 0.9067
vn -0.5132 -0.0744 0.8550
vn -0.5609 -0.0248 0.8275
vn -0.4217 -0.4281 0.7993
vn -0.2123 -0.4415 0.8718
vn 0.4500 -0.5779 0.6808
vn 0.4401 -0.6036 0.6648
vn 0.4460 -0.6003 0.6639
vn 0.4126 -0.1813 0.8927
vn 0.3827 0.1666 0.9087
vn 0.3659 0.1665 0.9157
vn -0.0038 0.3630 0.9318
vn 0.1459 0.5122 0.8464
vn -0.3071 0.3740 0.8751
vn -0.2995 0.5146 0.8034
vn -0.5451 -0.1307 0.8281
vn -0.6544 -0.0603 0.7537
vn -0.3794 -0.4552 0.8055
vn -0.4940 -0.4741 0.7288
vn 0.3175 -0.5317 0.7852
vn 0.3181 -0.4718 0.8223
vn 0.3729 -0.4258 0.8244
vn 0.4153 -0.5670 0.7113
vn 0.5543 0.4406 0.7062
vn 0.1395 0.6718 0.7275
vn -0.0419 0.6233 0.7809
vn -0.4803 -0.4287 0.7652
vn -0.4540 -0.4797 0.7508
vn -0.0371 -0.6891 0.7238
vn 0.5257 -0.4457 0.7246
vn 0.6344 0.3145 0.7062
vn 0.4562 0.4096 0.7900
vn 0.2316 0.6086 0.7589
vn 0.1199 0.5544 0.8236
vn -0.1412 0.5311 0.8355
vn -0.0718 0.6943 0.7161
vn -0.6575 -0.3029 0.6899
vn -0.4753 -0.4276 0.7690
vn -0.4899 -0.3989 0.7751
vn -0.3365 -0.4280 0.8388
vn 0.0711 -0.5642 0.8226
vn -0.0363 -0.6913 0.7216
vn 0.5334 -0.3607 0.7651
vn 0.5490 -0.4505 0.7041
vn 0.7477 0.1593 0.6446
vn 0.5160 0.2607 0.8160
vn 0.2443 0.6035 0.7590
vn 0.2285 0.5941 0.7713
vn -0.0858 0.6258 0.7752
vn -0.1318 0.4970 0.8577
vn -0.7110 -0.3451 0.6127
vn -0.7380 -0.3303 0.5884
vn -0.7663 -0.2246 0.6019
vn -0.3469 -0.3425 0.8731
vn 0.0753 -0.5539 0.8292
vn 0.0705 -0.5614 0.8245
vn 0.5783 -0.3002 0.7586
vn 0.6101 -0.3899 0.6898
vn 0.5684 0.2973 0.7671
vn 0.0978 0.4908 0.8658
vn -0.1291 0.3963 0.9090
vn -0.4497 -0.3738 0.8112
vn -0.3572 -0.5849 0.7282
vn 0.1815 -0.7610 0.6228
vn 0.7162 -0.1618 0.6789
vn 0.5337 0.1217 0.8368
vn 0.4092 0.1762 0.8953
vn 0.0172 0.5360 0.8440
vn 0.1048 0.5983 0.7944
vn -0.2879 0.5358 0.7937
vn -0.2795 0.5725 0.7708
vn -0.6524 -0.2059 0.7294
vn -0.4661 -0.3756 0.8011
vn -0.3837 -0.5259 0.7591
vn -0.3151 -0.5213 0.7931
vn 0.1011 -0.6443 0.7580
vn 0.1289 -0.6030 0.7873
vn 0.5784 -0.2558 0.7746
vn 0.5228 -0.1018 0.8464
vn 0.6322 0.0314 0.7742
vn 0.4937 0.1077 0.8629
vn 0.0785 0.6804 0.7286
vn 0.0206 0.6220 0.7828
vn -0.1185 0.6325 0.7654
vn -0.1835 0.3429 0.9213
vn -0.5181 -0.1202 0.8468
vn -0.4514 -0.1756 0.8749
vn -0.3709 -0.4728 0.7993
vn -0.3424 -0.4710 0.8129
vn 0.0341 -0.6662 0.7450
vn 0.0913 -0.5874 0.8041
vn 0.5863 -0.3326 0.7387
vn 0.5572 -0.2482 0.7924
vn 0.3249 0.2145 0.9211
vn -0.0601 0.4609 0.8854
vn -0.3831 0.3981 0.8335
vn -0.6575 -0.1179 0.7442
vn -0.1070 -0.7874 0.6070
vn 0.0277 -0.7809 0.6241
vn 0.4278 -0.3677 0.8257
vn 0.4124 0.3023 0.8594
vn 0.4503 0.2915 0.8439
vn 0.0367 0.6474 0.7613
vn -0.0746 0.5644 0.8222
vn -0.3827 0.4970 0.7788
vn -0.4048 0.4220 0.8112
vn -0.6168 0.0300 0.7865
vn -0.4205 -0.2129 0.8820
vn -0.1941 -0.6569 0.7285
vn -0.1193 -0.6142 0.7800
vn -0.0536 -0.6317 0.7734
vn 0.0053 -0.5723 0.8200
vn 0.3674 -0.3660 0.8550
vn 0.3638 -0.3517 0.8625
vn 0.3267 0.3062 0.8942
vn 0.4342 0.3228 0.8410
vn 0.0423 0.5245 0.8503
vn 0.0141 0.4953 0.8686
vn -0.3778 0.3268 0.8663
vn -0.3768 0.4833 0.7902
vn -0.5312 -0.0020 0.8473
vn -0.5664 0.0263 0.8237
vn -0.0593 -0.6257 0.7778
vn -0.2088 -0.7286 0.6524
vn -0.0084 -0.7455 0.6665
vn -0.0807 -0.8320 0.5489
vn 0.4525 -0.4411 0.7751
vn 0.4380 -0.4135 0.7983
vn 0.3212 0.4266 0.8455
vn -0.2066 0.6598 0.7225
vn -0.3689 0.6132 0.6985
vn -0.7637 -0.3178 0.5620
vn -0.6944 -0.4635 0.5505
vn 0.0912 -0.6116 0.7859
vn 0.4914 -0.0132 0.8708
vn 0.7587 0.1868 0.6241
vn 0.4342 0.4574 0.7761
vn 0.0273 0.8286 0.5592
vn -0.2034 0.7358 0.6460
vn -0.3161 0.7192 0.6187
vn -0.3716 0.6536 0.6593
vn -0.8651 -0.0640 0.4975
vn -0.7050 -0.2593 0.6601
vn -0.7105 -0.2349 0.6633
vn -0.6403 -0.2590 0.7232
vn -0.0893 -0.6326 0.7693
vn 0.0839 -0.4595 0.8842
vn 0.7983 -0.1035 0.5933
vn 0.7442 0.0250 0.6675
vn 0.3441 0.3516 0.8706
vn 0.8144 0.1846 0.5501
vn -0.2203 0.6408 0.7354
vn 0.0352 0.8473 0.5300
vn -0.3472 0.7029 0.6208
vn -0.2953 0.7976 0.5260
vn -0.5979 -0.1356 0.7900
vn -0.8625 -0.0619 0.5022
vn -0.6584 -0.4137 0.6287
vn -0.8812 -0.4390 0.1752
vn -0.0798 -0.6342 0.7690
vn -0.0847 -0.6501 0.7551
vn 0.4114 0.0530 0.9099
vn 0.4616 0.0013 0.8871
vn 0.4691 0.0071 0.8831
vn -0.0131 0.7107 0.7034
vn -0.3425 0.7161 0.6082
vn -0.6811 0.1409 0.7185
vn -0.1423 -0.5906 0.7943
vn 0.1201 -0.5846 0.8024
vn 0.3918 -0.3541 0.8492
vn 0.5874 -0.0633 0.8068
vn 0.4861 0.0141 0.8738
vn -0.0881 0.6998 0.7089
vn -0.0208 0.7539 0.6567
vn -0.3548 0.7087 0.6098
vn -0.3456 0.7234 0.5977
vn -0.7174 0.2929 0.6321
vn -0.6682 0.1391 0.7308
vn -0.4563 -0.6073 0.6504
vn -0.1819 -0.6319 0.7534
vn 0.0745 -0.7178 0.6923
vn 0.1172 -0.6744 0.7291
vn 0.4947 -0.4819 0.7232
vn 0.4874 -0.4054 0.7733
vn 0.3582 0.1587 0.9201
vn 0.9708 -0.0275 0.2382
vn -0.1292 0.5024 0.8549
vn -0.0769 0.6253 0.7766
vn -0.4163 0.3902 0.8212
vn -0.3768 0.7775 0.5034
vn -0.5886 0.1300 0.7979
vn -0.7176 0.2930 0.6319
vn -0.1861 -0.4590 0.8687
vn -0.3982 -0.5413 0.7406
vn 0.1582 -0.5007 0.8510
vn 0.0760 -0.7272 0.6822
vn 0.4060 -0.2815 0.8695
vn 0.4875 -0.4755 0.7323
vn 0.5712 0.3498 0.7426
vn 0.4286 0.6083 0.6680
vn -0.4299 0.6549 0.6215
vn -0.6093 0.3492 0.7119
vn -0.2247 -0.4957 0.8389
vn -0.1846 -0.5070 0.8419
vn 0.4897 -0.0543 0.8702
vn 0.6273 0.2759 0.7282
vn 0.4574 0.3666 0.8102
vn 0.1968 0.5267 0.8269
vn 0.4688 0.7006 0.5379
vn -0.4241 0.3299 0.8434
vn -0.4348 0.6612 0.6114
vn -0.6190 0.1569 0.7695
vn -0.7527 0.3877 0.5321
vn -0.3858 -0.4792 0.7883
vn -0.1705 -0.4324 0.8854
vn 0.1083 -0.4462 0.8884
vn -0.1193 -0.8375 0.5333
vn 0.6220 0.0210 0.7827
vn 0.6874 -0.1162 0.7169
vn 0.5541 0.3052 0.7745
vn 0.6292 0.2768 0.7262
vn 0.2948 0.6168 0.7298
vn 0.2072 0.5567 0.8044
vn -0.4899 0.3464 0.8000
vn -0.4954 0.3853 0.7785
vn -0.5797 0.1912 0.7921
vn -0.5407 0.1346 0.8304
vn -0.2822 -0.5057 0.8152
vn -0.4435 -0.5537 0.7047
vn 0.0037 -0.6973 0.7168
vn 0.1059 -0.4364 0.8935
vn 0.5505 0.0559 0.8329
vn 0.5826 0.0213 0.8125
vn 0.5784 0.2409 0.7794
vn -0.0039 0.8265 0.5630
vn -0.3922 0.7116 0.5830
vn -0.6040 -0.5115 0.6112
vn -0.7154 -0.3596 0.5991
vn 0.0787 -0.5951 0.7998
vn 0.5426 -0.1736 0.8219
vn 0.3560 0.4237 0.8329
vn 0.6462 0.2889 0.7063
vn 0.0384 0.7660 0.6417
vn -0.0422 0.7176 0.6952
vn -0.4093 0.5805 0.7039
vn -0.3795 0.6730 0.6349
vn -0.6871 -0.3527 0.6352
vn -0.5214 -0.4209 0.7423
vn -0.5610 -0.3478 0.7512
vn -0.7063 -0.3473 0.6169
vn 0.0515 -0.6290 0.7757
vn 0.0734 -0.5785 0.8124
vn 0.4456 -0.1803 0.8769
vn 0.4148 -0.0834 0.9061
vn 0.4932 0.2793 0.8239
vn 0.2704 0.3777 0.8856
vn 0.0903 0.6463 0.7578
vn -0.0010 0.5855 0.8107
vn -0.3088 0.5932 0.7435
vn -0.3396 0.4599 0.8205
vn -0.7436 -0.2544 0.6184
vn -0.6495 -0.3036 0.6971
vn -0.6569 -0.2729 0.7029
vn -0.5266 -0.2989 0.7958
vn -0.0756 -0.6504 0.7558
vn 0.0276 -0.4736 0.8803
vn 0.4339 -0.2942 0.8516
vn 0.3908 -0.1431 0.9093
vn 0.5992 0.4891 0.6339
vn 0.2705 0.6895 0.6718
vn -0.3457 0.3013 0.8887
vn -0.3138 -0.2672 0.9111
vn -0.3938 -0.1688 0.9036
vn 0.4539 -0.3600 0.8151
vn 0.4529 -0.3605 0.8154
vn 0.4950 0.1632 0.8534
vn 0.2429 0.2584 0.9350
vn 0.2091 0.2944 0.9325
vn 0.2191 0.2990 0.9288
vn -0.3627 0.2803 0.8888
vn -0.3611 0.3085 0.8800
vn -0.5730 0.0053 0.8195
vn -0.3032 -0.2671 0.9147
vn -0.3171 -0.2209 0.9223
vn -0.4532 -0.2089 0.8666
vn 0.1814 -0.5106 0.8405
vn 0.3370 -0.2006 0.9199
vn 0.3459 -0.1956 0.9177
vn 0.3718 -0.3183 0.8720
vn 0.3199 0.1827 0.9297
vn 0.4945 0.1630 0.8537
vn 0.1852 0.3901 0.9020
vn 0.2716 0.4729 0.8382
vn -0.3212 0.3335 0.8864
vn -0.2877 0.2186 0.9324
vn -0.4142 -0.0688 0.9076
vn -0.5424 0.0071 0.8401
vn -0.4358 -0.2162 0.8737
vn -0.3019 -0.2135 0.9291
vn 0.2505 -0.3147 0.9155
vn 0.1921 -0.5486 0.8137
vn 0.4122 -0.3782 0.8289
vn 0.3277 -0.1843 0.9266
vn 0.1959 0.5855 0.7867
vn -0.1417 0.7969 0.5873
vn -0.1002 0.7989 0.5931
vn -0.6316 -0.0321 0.7747
vn -0.2632 -0.6184 0.7405
vn -0.2604 -0.6187 0.7413
vn 0.2479 -0.0573 0.9671
vn 0.4343 0.5333 0.7260
vn 0.1809 0.5798 0.7944
vn -0.1153 0.7057 0.6991
vn -0.1186 0.7022 0.7020
vn -0.2017 0.6754 0.7093
vn -0.1050 0.8624 0.4953
vn -0.5454 0.1280 0.8283
vn -0.3869 0.0063 0.9221
vn -0.1816 -0.3656 0.9129
vn -0.2435 -0.4132 0.8775
vn -0.0474 -0.4463 0.8936
vn -0.2474 -0.7808 0.5737
vn 0.5147 -0.0779 0.8538
vn 0.5647 -0.1849 0.8043
vn 0.2849 0.5013 0.8170
vn 0.3836 0.5036 0.7741
vn -0.1764 0.7297 0.6606
vn -0.1204 0.8053 0.5805
vn -0.1855 0.7850 0.5911
vn -0.2083 0.7106 0.6721
vn -0.4790 0.0199 0.8776
vn -0.6544 0.1008 0.7494
vn -0.2198 -0.5912 0.7760
vn -0.2090 -0.5794 0.7878
vn -0.0863 -0.5928 0.8007
vn -0.0468 -0.4916 0.8696
vn 0.3614 0.0373 0.9317
vn 0.4143 -0.0325 0.9096
vn 0.6931 -0.1047 0.7132
vn -0.0174 0.9239 0.3823
vn -0.0669 0.9206 0.3847
vn -0.6738 -0.0938 0.7329
vn -0.5637 -0.3403 0.7526
vn -0.0176 -0.6192 0.7850
vn 0.6474 -0.2322 0.7259
vn 0.4858 0.0506 0.8726
vn 0.6842 -0.1034 0.7219
vn -0.2131 0.6637 0.7170
vn -0.0144 0.8612 0.5081
vn -0.0429 0.8568 0.5138
vn -0.0956 0.7639 0.6382
vn -0.4640 -0.1656 0.8702
vn -0.6121 -0.0564 0.7888
vn -0.4783 -0.3753 0.7940
vn -0.6088 -0.3498 0.7120
vn 0.0667 -0.5395 0.8393
vn -0.0043 -0.7069 0.7073
vn 0.4902 -0.1733 0.8542
vn 0.4879 -0.1669 0.8568
vn 0.6186 0.0328 0.7850
vn 0.5631 0.0690 0.8235
vn -0.1128 0.7812 0.6140
vn -0.2117 0.6465 0.7329
vn -0.0926 0.6681 0.7383
vn -0.0366 0.7926 0.6086
vn -0.6397 -0.2629 0.7222
vn -0.6444 -0.2602 0.7191
vn -0.6279 -0.3088 0.7144
vn -0.4147 -0.3291 0.8484
vn 0.0652 -0.5503 0.8324
vn 0.0680 -0.5437 0.8365
vn 0.5491 -0.1378 0.8243
vn 0.5848 -0.2295 0.7780
vn 0.3176 0.3470 0.8825
vn 0.1218 0.4948 0.8604
vn -0.2826 0.5112 0.8117
vn -0.8642 -0.1361 0.4844
vn -0.6469 -0.6223 0.4408
vn -0.0667 -0.7245 0.6860
vn 0.4374 -0.2212 0.8716
vn 0.6165 0.3243 0.7174
vn 0.4277 0.3755 0.8222
vn 0.1727 0.4921 0.8532
vn 0.1061 0.4475 0.8880
vn -0.4825 0.1876 0.8555
vn -0.4782 0.6671 0.5712
vn -0.7369 -0.0453 0.6745
vn -0.6473 -0.1143 0.7536
vn -0.4021 -0.4277 0.8096
vn -0.4905 -0.4381 0.7533
vn 0.0404 -0.4967 0.8670
vn -0.0234 -0.5826 0.8124
vn 0.5141 0.0154 0.8576
vn 0.7258 -0.2294 0.6486
vn 0.6096 0.2273 0.7595
vn 0.5111 0.2746 0.8145
vn 0.3467 0.5726 0.7429
vn 0.1821 0.5229 0.8327
vn -0.4360 0.6231 0.6494
vn -0.5033 0.2010 0.8404
vn -0.6651 0.0419 0.7456
vn -0.6133 -0.0154 0.7897
vn -0.6008 -0.3312 0.7276
vn -0.3514 -0.3544 0.8666
vn -0.1682 -0.4877 0.8566
vn 0.0308 -0.3206 0.9467
vn 0.6352 -0.1714 0.7531
vn 0.5317 0.0144 0.8468
vn 0.3315 0.4026 0.8532
vn 0.4290 0.3046 0.8504
vn -0.5243 0.3555 0.7738
vn -0.8262 0.0346 0.5624
vn -0.7569 -0.4664 0.4578
vn -0.0310 -0.8071 0.5897
vn 0.4503 -0.4176 0.7892
vn 0.5576 0.4399 0.7040
vn 0.6465 0.4059 0.6460
vn 0.2322 0.5885 0.7744
vn 0.5915 0.7467 0.3042
vn -0.5824 0.2008 0.7877
vn -0.6309 0.4116 0.6576
vn -0.6968 -0.0012 0.7172
vn -0.5402 -0.1654 0.8251
vn -0.2708 -0.4302 0.8611
vn -0.7740 -0.4826 0.4098
vn 0.0650 -0.5451 0.8359
vn -0.0223 -0.7234 0.6900
vn 0.4257 0.0625 0.9027
vn 0.7649 -0.4465 0.4643
vn 0.4429 0.3708 0.8163
vn 0.4226 0.3759 0.8247
vn 0.1856 0.5790 0.7939
vn 0.2432 0.6137 0.7512
vn -0.7010 0.3954 0.5935
vn -0.6286 0.2077 0.7495
vn -0.6925 0.0304 0.7208
vn -0.6651 -0.0002 0.7467
vn -0.4586 -0.5158 0.7236
vn -0.3033 -0.4809 0.8226
vn -0.0667 -0.5628 0.8239
vn 0.0276 -0.3859 0.9221
vn 0.5079 0.0158 0.8613
vn 0.4672 0.0640 0.8818
vn 0.4303 0.1384 0.8920
vn -0.2871 0.5244 0.8016
vn -0.2495 0.5334 0.8083
vn -0.5932 -0.0516 0.8034
vn -0.2938 -0.4497 0.8435
vn -0.0699 -0.4485 0.8910
vn 0.4272 0.1502 0.8916
vn 0.5427 0.2225 0.8100
vn 0.7164 0.1439 0.6827
vn -0.1162 0.5878 0.8006
vn -0.2748 0.4149 0.8674
vn -0.4388 0.3372 0.8329
vn -0.3972 0.7009 0.5924
vn -0.6972 0.1328 0.7045
vn -0.4257 -0.0307 0.9044
vn -0.1682 -0.3366 0.9265
vn -0.2900 -0.4187 0.8606
vn 0.0323 -0.4463 0.8943
vn -0.0349 -0.5774 0.8157
vn 0.6228 0.0726 0.7790
vn 0.5644 0.1365 0.8141
vn 0.4737 0.1764 0.8628
vn 0.3837 0.2024 0.9010
vn -0.1007 0.4631 0.8806
vn -0.1039 0.4597 0.8820
vn -0.3976 0.3629 0.8428
vn -0.3895 0.2904 0.8741
vn -0.4918 0.0698 0.8679
vn -0.6328 0.1380 0.7619
vn -0.1879 -0.5749 0.7964
vn -0.1696 -0.5522 0.8162
vn -0.1247 -0.5605 0.8187
vn -0.0018 -0.3104 0.9506
vn 0.4891 0.0930 0.8672
vn 0.4843 0.0973 0.8695
vn 0.6703 0.0977 0.7356
vn -0.1647 0.5698 0.8051
vn -0.5460 0.3527 0.7599
vn -0.6523 0.0099 0.7579
vn -0.2850 -0.6410 0.7127
vn -0.0803 -0.6928 0.7166
vn 0.6785 0.0383 0.7336
vn 0.5566 -0.0483 0.8294
vn 0.4959 0.0004 0.8684
vn 0.0550 0.6390 0.7673
vn -0.1727 0.5010 0.8480
vn -0.5237 0.4920 0.6955
vn -0.5417 0.3507 0.7639
vn -0.7042 0.1302 0.6980
vn -0.6431 0.0115 0.7657
vn -0.5899 -0.3718 0.7168
vn -0.1136 -0.4456 0.8880
vn -0.0471 -0.4829 0.8744
vn -0.0883 -0.5191 0.8501
vn 0.6962 -0.2135 0.6853
vn 0.5843 0.0456 0.8103
vn 0.5255 0.0855 0.8465
vn 0.8618 -0.0754 0.5016
vn -0.0461 0.4983 0.8658
vn 0.0553 0.6476 0.7600
vn -0.4978 0.3506 0.7933
vn -0.5179 0.4856 0.7043
vn -0.6375 0.0511 0.7687
vn -0.7168 0.1319 0.6847
vn -0.3841 -0.4337 0.8151
vn -0.7107 -0.4530 0.5382
vn 0.0279 -0.5966 0.8021
vn -0.1026 -0.8036 0.5862
vn 0.5110 -0.1111 0.8524
vn 0.5654 -0.1774 0.8055
vn 0.4950 0.5087 0.7044
vn 0.3877 0.6062 0.6944
vn -0.0614 0.6076 0.7919
vn -0.5426 -0.2068 0.8142
vn -0.5381 -0.2244 0.8125
vn 0.3070 -0.6575 0.6881
vn 0.3680 -0.6232 0.6900
vn 0.3624 0.5347 0.7634
vn 0.4991 0.5121 0.6990
vn 0.2508 0.6503 0.7171
vn 0.4523 0.7271 0.5164
vn -0.3729 0.4299 0.8223
vn -0.2108 0.9275 0.3088
vn -0.6501 -0.1595 0.7429
vn -0.6044 -0.1988 0.7714
vn -0.3740 -0.4873 0.7891
vn -0.7442 -0.4850 0.4592
vn 0.3487 -0.5894 0.7287
vn 0.3041 -0.6811 0.6660
vn 0.4769 -0.4584 0.7499
vn 0.5049 -0.7074 0.4947
vn 0.5725 0.6509 0.4985
vn 0.4392 0.6538 0.6161
vn 0.4658 0.6231 0.6283
vn 0.2043 0.5149 0.8326
vn -0.2889 0.5443 0.7876
vn -0.3078 0.3539 0.8832
vn -0.5875 -0.0725 0.8060
vn -0.5335 -0.1207 0.8371
vn -0.4801 -0.3715 0.7947
vn -0.2721 -0.3722 0.8874
vn 0.2261 -0.6330 0.7404
vn 0.2859 -0.4792 0.8298
vn 0.4236 -0.3987 0.8134
vn 0.4241 -0.4035 0.8107
vn 0.3184 0.3492 0.8813
vn 0.0954 0.5178 0.8502
vn -0.3886 0.4642 0.7959
vn -0.6775 -0.1928 0.7098
vn -0.2969 -0.6050 0.7388
vn -0.1500 -0.6151 0.7740
vn 0.3271 -0.2564 0.9096
vn 0.2717 0.3180 0.9083
vn 0.2515 0.3183 0.9140
vn -0.0937 0.4343 0.8959
vn 0.0855 0.6078 0.7894
vn -0.3967 0.4188 0.8168
vn -0.3944 0.4711 0.7890
vn -0.5615 -0.1439 0.8149
vn -0.4883 -0.1760 0.8548
vn -0.1636 -0.4857 0.8587
vn -0.2803 -0.5440 0.7909
vn -0.0322 -0.5599 0.8279
vn -0.1336 -0.6947 0.7068
vn 0.3970 -0.2547 0.8818
vn 0.4438 -0.3577 0.8216
vn 0.3410 0.3812 0.8593
vn 0.3581 0.3820 0.8520
vn 0.0698 0.6429 0.7628
vn -0.0948 0.4829 0.8706
vn -0.3378 0.4621 0.8200
vn -0.3378 0.3585 0.8703
vn -0.6819 -0.0933 0.7255
vn -0.5519 -0.1394 0.8222
vn -0.3944 -0.5281 0.7521
vn -0.1547 -0.4499 0.8796
vn -0.0660 -0.4782 0.8758
vn -0.0339 -0.4401 0.8973
vn 0.3066 -0.3032 0.9023
vn 0.2579 -0.1711 0.9509
vn 0.3715 0.4050 0.8355
vn 0.2331 0.5267 0.8174
vn -0.5593 0.3192 0.7650
vn -0.5126 0.4179 0.7501
vn -0.0783 -0.4349 0.8971
vn 0.0768 -0.4611 0.8840
vn 0.3204 -0.3035 0.8973
vn 0.4470 0.3287 0.8320
vn 0.3120 0.3643 0.8775
vn 0.2790 0.4098 0.8684
vn 0.1964 0.3766 0.9053
vn -0.4192 0.3936 0.8181
vn -0.4245 0.2120 0.8802
vn -0.3979 0.2428 0.8847
vn -0.4783 0.4102 0.7766
vn -0.4138 -0.3888 0.8232
vn -0.0392 -0.3866 0.9214
vn 0.1000 -0.4536 0.8855
vn 0.0859 -0.4757 0.8754
vn 0.2863 -0.3949 0.8730
vn 0.2837 -0.2561 0.9241
vn 0.3001 0.2759 0.9131
vn 0.3743 0.2871 0.8817
vn 0.0616 0.3566 0.9322
vn 0.5005 0.7791 0.3775
vn -0.3646 0.1567 0.9179
vn -0.5267 0.4870 0.6967
vn -0.5485 0.1805 0.8164
vn -0.8468 0.5042 0.1692
vn -0.1599 -0.2908 0.9433
vn -0.4784 -0.4435 0.7580
vn 0.1965 -0.2767 0.9406
vn 0.1633 -0.6558 0.7371
vn 0.3893 -0.2349 0.8907
vn 0.5973 -0.8015 0.0287
vn 0.5472 0.5679 0.6149
vn 0.1229 0.8602 0.4950
vn -0.2548 0.7846 0.5653
vn -0.4501 -0.1711 0.8764
vn -0.2138 -0.4023 0.8902
vn 0.4218 -0.3581 0.8330
vn 0.5809 -0.1788 0.7941
vn 0.6182 0.3073 0.7234
vn 0.3161 0.3584 0.8784
vn 0.0433 0.5028 0.8633
vn 0.0927 0.5467 0.8322
vn -0.2720 0.4015 0.8745
vn -0.2351 0.7633 0.6018
vn -0.5957 -0.2033 0.7770
vn -0.5961 -0.2031 0.7768
vn -0.3738 -0.5138 0.7722
vn -0.2359 -0.4689 0.8512
vn 0.3527 -0.4687 0.8099
vn 0.4000 -0.3018 0.8654
vn 0.5835 -0.0234 0.8118
vn 0.6873 -0.2146 0.6939
vn 0.4550 0.2905 0.8418
vn 0.5409 0.2629 0.7989
vn 0.0299 0.6988 0.7147
vn 0.0535 0.7180 0.6939
vn -0.2215 0.6898 0.6893
vn -0.2707 0.3996 0.8758
vn -0.5274 -0.1261 0.8402
vn -0.4721 -0.1616 0.8666
vn -0.3240 -0.4778 0.8165
vn -0.3552 -0.4850 0.7991
vn 0.2871 -0.6527 0.7011
vn 0.3432 -0.4543 0.8221
vn 0.5846 -0.2424 0.7743
vn 0.4656 -0.0079 0.8850
vn 0.4856 0.3367 0.8067
vn -0.0091 0.5070 0.8619
vn -0.1982 0.4477 0.8719
vn -0.4983 -0.0055 0.8670
vn -0.4587 -0.3318 0.8243
vn 0.1921 -0.5802 0.7915
vn 0.6404 0.0346 0.7672
vn 0.7928 0.2577 0.5523
vn 0.5625 0.4044 0.7212
vn 0.3790 0.5802 0.7209
vn -0.0811 0.4016 0.9122
vn -0.4083 0.3154 0.8567
vn -0.3673 0.6042 0.7072
vn -0.7254 -0.1227 0.6774
vn -0.7668 -0.0684 0.6383
vn -0.6727 -0.3586 0.6472
vn -0.5608 -0.3857 0.7326
vn 0.1547 -0.6416 0.7512
vn 0.1913 -0.5784 0.7930
vn 0.8053 0.0620 0.5896
vn 0.8139 0.0465 0.5792
vn 0.5648 0.3270 0.7577
vn 0.7885 0.2549 0.5598
vn 0.2594 0.6582 0.7067
vn 0.4987 0.7657 0.4063
vn -0.4703 0.4862 0.7365
vn -0.4505 0.3586 0.8176
vn -0.5478 -0.1410 0.8247
vn -0.6052 -0.1070 0.7888
vn -0.4606 -0.3313 0.8235
vn -0.6549 -0.3496 0.6701
vn 0.1783 -0.4195 0.8901
vn 0.1433 -0.5952 0.7907
vn 0.5868 0.0864 0.8051
vn 0.6419 0.0502 0.7651
vn 0.8217 0.4773 0.3116
vn 0.6171 0.7216 0.3139
vn -0.2712 0.6890 0.6721
vn -0.5134 0.2111 0.8318
vn -0.3315 -0.2236 0.9166
vn 0.2811 -0.4940 0.8228
vn 0.5549 -0.3930 0.7333
vn 0.5454 0.4650 0.6974
vn 0.4628 0.4922 0.7373
vn 0.3601 0.5469 0.7558
vn 0.4598 0.5861 0.6672
vn -0.3077 0.2959 0.9043
vn -0.2707 0.6880 0.6733
vn -0.4884 -0.0654 0.8702
vn -0.7967 0.1523 0.5849
vn -0.3314 -0.5201 0.7872
vn -0.5533 -0.5584 0.6182
vn 0.0721 -0.6293 0.7738
vn 0.2921 -0.2302 0.9283
vn 0.4740 0.0384 0.8797
vn 0.7083 -0.4188 0.5682
vn 0.5380 0.3956 0.7444
vn 0.4661 0.4171 0.7802
vn 0.3400 0.5487 0.7638
vn 0.3655 0.5563 0.7463
vn -0.3598 0.5705 0.7383
vn -0.3849 0.3964 0.8335
vn -0.6277 0.0642 0.7758
vn -0.4669 -0.0594 0.8823
vn -0.3146 -0.4836 0.8168
vn -0.3159 -0.4839 0.8161
vn -0.0266 -0.6050 0.7958
vn 0.0504 -0.4977 0.8659
vn 0.6513 -0.1570 0.7424
vn 0.5253 0.0335 0.8503
vn 0.2750 0.5228 0.8069
vn 0.2693 0.5267 0.8062
vn -0.4035 0.4298 0.8077
vn -0.6629 -0.2285 0.7130
vn -0.6183 -0.2938 0.7290
vn 0.2457 -0.3305 0.9113
vn 0.3868 -0.1767 0.9051
vn 0.6885 0.3911 0.6107
vn 0.3224 0.5473 0.7724
vn 0.3779 0.4809 0.7911
vn 0.2190 0.4526 0.8644
vn -0.4245 0.5045 0.7519
vn -0.4374 0.4427 0.7828
vn -0.7329 0.0926 0.6741
vn -0.4640 -0.2474 0.8506
vn -0.4782 -0.1332 0.8681
vn -0.4376 -0.1381 0.8885
vn 0.0927 -0.4628 0.8816
vn 0.2164 -0.2675 0.9389
vn 0.5832 -0.1403 0.8001
vn 0.5916 -0.1565 0.7909
vn 0.2496 0.3033 0.9196
vn 0.5334 0.3045 0.7892
vn 0.0904 0.4643 0.8810
vn 0.6880 0.6981 0.1983
vn -0.3694 0.3435 0.8634
vn -0.3908 0.4644 0.7947
vn -0.4615 -0.0989 0.8816
vn -0.8482 0.0883 0.5223
vn -0.5820 -0.2559 0.7719
vn -0.8399 -0.2831 0.4630
vn 0.1421 -0.2451 0.9590
vn 0.1004 -0.4916 0.8650
vn 0.3762 -0.0315 0.9260
vn 0.4392 -0.0898 0.8939
vn 0.4668 0.4351 0.7699
vn -0.0201 0.7335 0.6794
vn -0.4529 0.5543 0.6983
vn -0.5521 0.3565 0.7537
vn -0.1444 -0.5348 0.8326
vn -0.1772 -0.5231 0.8337
vn 0.3837 -0.2653 0.8845
vn 0.5772 0.3677 0.7291
vn 0.4542 0.4289 0.7809
vn 0.1055 0.7643 0.6361
vn -0.0288 0.7056 0.7080
vn -0.2235 0.7036 0.6745
vn -0.3351 0.4069 0.8498
vn -0.4834 0.2452 0.8404
vn -0.5194 0.3435 0.7825
vn -0.3479 -0.6069 0.7146
vn -0.1705 -0.5936 0.7865
vn -0.1698 -0.5939 0.7864
vn -0.1822 -0.6024 0.7771
vn 0.4640 -0.3852 0.7977
vn 0.4487 -0.2853 0.8469
vn 0.3668 0.2404 0.8987
vn 0.3570 0.2403 0.9027
vn -0.1381 0.4345 0.8900
vn 0.1000 0.7275 0.6788
vn -0.3865 0.4938 0.7790
vn -0.2985 0.8708 0.3906
vn -0.6408 0.2236 0.7345
vn -0.8074 0.5512 0.2103
vn -0.1573 -0.4772 0.8646
vn -0.3434 -0.5993 0.7232
vn -0.0319 -0.5914 0.8057
vn -0.2202 -0.8934 0.3916
vn 0.4019 -0.2147 0.8901
vn 0.5627 -0.4485 0.6944
vn 0.5137 0.1050 0.8515
vn 0.0063 0.5119 0.8590
vn -0.1087 0.5039 0.8569
vn -0.5780 -0.2891 0.7631
vn -0.5360 -0.3765 0.7556
vn 0.3400 -0.4277 0.8376
vn 0.5476 -0.1190 0.8282
vn 0.6700 -0.1256 0.7317
vn 0.3948 0.0922 0.9141
vn -0.1170 0.6077 0.7855
vn -0.0141 0.6920 0.7218
vn -0.0754 0.6905 0.7194
vn -0.1377 0.5681 0.8113
vn -0.6446 -0.2292 0.7293
vn -0.5724 -0.2861 0.7684
vn -0.5603 -0.3195 0.7642
vn -0.4850 -0.3370 0.8070
vn 0.0322 -0.5776 0.8157
vn 0.2968 -0.1937 0.9351
vn 0.5987 0.0227 0.8007
vn 0.6728 -0.1111 0.7314
vn 0.6019 -0.0683 0.7956
vn 0.6890 -0.1284 0.7133
vn -0.0757 0.6457 0.7599
vn -0.1133 0.5872 0.8015
vn -0.1756 0.5756 0.7986
vn -0.0764 0.8105 0.5808
vn -0.7312 -0.2564 0.6322
vn -0.7130 -0.2622 0.6503
vn -0.7318 -0.2079 0.6491
vn -0.4131 -0.2368 0.8794
vn 0.1068 -0.4149 0.9036
vn 0.0327 -0.5808 0.8134
vn 0.6859 -0.0618 0.7250
vn 0.6076 0.0216 0.7940
vn 0.5970 0.1510 0.7879
vn 0.4766 0.4474 0.7568
vn -0.3307 0.6125 0.7180
vn -0.5678 0.3511 0.7445
vn -0.2151 -0.2627 0.9406
vn 0.3328 -0.2583 0.9069
vn 0.5637 -0.0361 0.8252
vn 0.3870 0.3455 0.8549
vn 0.7762 0.2180 0.5916
vn 0.3538 0.4832 0.8008
vn 0.8082 0.5851 0.0669
vn -0.2278 0.2159 0.9495
vn -0.3251 0.6058 0.7261
vn -0.3706 0.0326 0.9282
vn -0.8728 0.3430 0.3473
vn -0.1069 -0.4450 0.8891
vn -0.4232 -0.6078 0.6719
vn 0.2050 -0.5340 0.8203
vn 0.3196 -0.1725 0.9317
vn 0.4488 0.0868 0.8894
vn 0.5598 -0.0347 0.8279
vn 0.5879 0.3140 0.7455
vn 0.4365 0.3668 0.8216
vn 0.3383 0.4700 0.8152
vn 0.3481 0.4741 0.8088
vn -0.3220 0.5081 0.7988
vn -0.2827 0.2446 0.9275
vn -0.4126 0.0613 0.9088
vn -0.3693 0.0327 0.9287
vn -0.2604 -0.3737 0.8902
vn -0.0682 -0.2911 0.9543
vn 0.2125 -0.3740 0.9027
vn 0.1775 -0.4529 0.8737
vn 0.7300 -0.1021 0.6758
vn 0.5872 0.0884 0.8046
vn 0.4404 0.1824 0.8791
vn -0.0959 0.6092 0.7872
vn -0.2440 0.5933 0.7671
vn -0.6437 0.1681 0.7466
vn -0.4921 -0.5243 0.6949
vn 0.2009 -0.6703 0.7144
vn 0.4559 -0.4166 0.7865
vn 0.4244 0.2345 0.8746
vn 0.4949 0.2159 0.8417
vn -0.1462 0.5840 0.7985
vn -0.0954 0.6436 0.7594
vn -0.3188 0.5486 0.7730
vn -0.3007 0.6476 0.7002
vn -0.5904 -0.1797 0.7868
vn -0.8430 0.1670 0.5113
vn -0.5839 -0.4848 0.6512
vn -0.4391 -0.4873 0.7548
vn 0.2287 -0.5490 0.8039
vn 0.1945 -0.6117 0.7668
vn 0.4552 -0.3448 0.8209
vn 0.4769 -0.4387 0.7616
vn 0.5745 0.1743 0.7998
vn 0.3928 0.2163 0.8938
vn -0.1195 0.7177 0.6861
vn -0.1611 0.6339 0.7565
vn -0.2627 0.6186 0.7405
vn -0.2823 0.4926 0.8232
vn -0.6081 -0.0133 0.7937
vn -0.4425 -0.1408 0.8856
vn -0.3780 -0.3341 0.8634
vn -0.4428 -0.3365 0.8310
vn 0.1080 -0.5778 0.8090
vn 0.1965 -0.4141 0.8888
vn 0.4343 -0.2526 0.8647
vn 0.4646 -0.3524 0.8124
vn 0.2804 0.1676 0.9451
vn -0.2554 0.3838 0.8874
vn -0.5977 0.2433 0.7639
vn -0.6595 0.1325 0.7399
vn -0.4185 -0.3647 0.8318
vn 0.4634 -0.3577 0.8108
vn 0.4284 -0.4103 0.8050
vn 0.5541 0.1863 0.8113
vn 0.3977 0.2399 0.8856
vn 0.2009 0.5129 0.8346
vn -0.2000 0.2361 0.9509
vn -0.3761 0.2344 0.8964
vn -0.3749 0.1728 0.9108
vn -0.3713 0.1763 0.9116
vn -0.2870 0.0448 0.9569
vn -0.2315 -0.2453 0.9414
vn -0.3555 -0.2442 0.9022
vn 0.4276 -0.5547 0.7138
vn 0.5199 -0.4058 0.7517
vn 0.3397 -0.4976 0.7981
vn 0.3573 -0.3257 0.8754
vn 0.3396 0.1306 0.9315
vn 0.4630 0.1402 0.8752
vn -0.0459 0.2557 0.9657
vn 0.2421 0.7420 0.6251
vn -0.4472 0.1947 0.8730
vn -0.5346 0.3265 0.7795
vn -0.5420 0.1001 0.8344
vn -0.8615 0.4630 -0.2083
vn -0.1233 -0.3361 0.9337
vn -0.5173 -0.5237 0.6768
vn 0.4344 -0.3039 0.8479
vn 0.4577 -0.6186 0.6386
vn 0.5171 -0.5209 0.6792
vn 0.4435 -0.8027 -0.3988
vn 0.6160 -0.1630 0.7707
vn 0.0964 0.6432 0.7596
vn -0.3227 0.6989 0.6383
vn -0.5163 0.5396 0.6650
vn -0.1916 -0.4384 0.8781
vn 0.2446 -0.4191 0.8744
vn 0.6217 0.1969 0.7581
vn 0.5966 -0.0496 0.8010
vn 0.7580 -0.2086 0.6181
vn -0.0121 0.5412 0.8408
vn 0.0725 0.6964 0.7140
vn -0.2233 0.6143 0.7568
vn -0.2397 0.5371 0.8087
vn -0.3338 0.3428 0.8781
vn -0.4035 0.4501 0.7966
vn -0.0187 -0.3546 0.9348
vn -0.1911 -0.4368 0.8790
vn 0.3358 -0.4855 0.8072
vn 0.2645 -0.6125 0.7449
vn 0.7020 -0.0461 0.7106
vn 0.5657 0.2267 0.7928
vn 0.7050 0.0637 0.7063
vn 0.9695 -0.1999 0.1417
vn -0.1187 0.5690 0.8137
vn -0.0933 0.7268 0.6805
vn -0.3586 0.5610 0.7461
vn -0.3666 0.8201 0.4392
vn -0.5804 0.3027 0.7560
vn -0.7977 0.5156 0.3127
vn -0.0541 -0.5094 0.8588
vn -0.1152 -0.5595 0.8208
vn 0.3957 -0.4297 0.8117
vn 0.3636 -0.6079 0.7059
vn 0.6595 0.0360 0.7508
vn 0.7235 -0.0479 0.6887
vn 0.4852 -0.1283 0.8649
vn 0.1475 0.4543 0.8785
vn -0.7095 0.3177 0.6291
vn -0.7872 -0.0806 0.6114
vn -0.7138 -0.2018 0.6707
vn 0.3793 -0.3085 0.8723
vn 0.4592 -0.2289 0.8583
vn 0.5083 0.1660 0.8450
vn 0.7895 0.0272 0.6131
vn 0.4957 0.4883 0.7182
vn 0.0451 0.2834 0.9580
vn -0.4910 0.1887 0.8505
vn -0.5047 0.2319 0.8315
vn -0.6007 0.0335 0.7988
vn -0.4795 -0.0977 0.8721
vn -0.4279 -0.2438 0.8703
vn -0.6821 -0.1866 0.7070
vn 0.3801 -0.5740 0.7253
vn 0.4333 -0.4255 0.7945
vn 0.5003 -0.3720 0.7819
vn 0.4721 -0.2342 0.8499
vn 0.5497 0.2588 0.7943
vn 0.6220 0.2527 0.7412
vn 0.3697 0.4561 0.8095
vn 0.5447 0.5559 0.6279
vn -0.4639 0.2360 0.8539
vn -0.4184 0.1508 0.8957
vn -0.4816 -0.0859 0.8722
vn -0.6339 0.0331 0.7727
vn -0.4947 -0.2534 0.8313
vn -0.4716 -0.2545 0.8443
vn 0.2932 -0.3483 0.8904
vn 0.2843 -0.4206 0.8616
vn 0.4885 -0.1982 0.8498
vn 0.5907 -0.4510 0.6691
vn 0.7598 0.0379 0.6491
vn 0.4972 0.3091 0.8107
vn -0.5569 0.1636 0.8143
vn -0.5197 0.2212 0.8252
vn -0.4095 -0.3865 0.8264
vn -0.2558 -0.4937 0.8312
vn 0.7584 -0.0195 0.6515
vn 0.5097 0.1652 0.8444
vn 0.7679 0.0448 0.6390
vn 0.5173 0.4062 0.7533
vn 0.6460 0.4084 0.6449
vn -0.5521 0.3691 0.7477
vn -0.5387 0.1468 0.8296
vn -0.4585 0.2709 0.8464
vn -0.3857 0.1744 0.9060
vn -0.1212 -0.4933 0.8614
vn -0.4758 -0.5518 0.6850
vn -0.2651 -0.6491 0.7130
vn -0.3584 -0.6896 0.6293
vn 0.6639 -0.2192 0.7150
vn 0.5051 0.0796 0.8594
vn 0.5163 0.2735 0.8115
vn 0.6829 0.2442 0.6885
vn 0.3618 0.4520 0.8153
vn 0.8059 0.5661 0.1733
vn -0.3628 0.2555 0.8962
vn -0.3580 0.2447 0.9011
vn -0.3983 0.0899 0.9128
vn -0.6980 0.3447 0.6276
vn -0.0766 -0.4370 0.8962
vn -0.0953 -0.4472 0.8893
vn 0.0151 -0.4480 0.8939
vn -0.3642 -0.8329 0.4168
vn 0.4963 -0.0793 0.8645
vn 0.6442 -0.2153 0.7339
vn 0.4152 0.4145 0.8098
vn 0.1965 0.7134 0.6726
vn -0.2410 0.7553 0.6095
vn -0.5803 -0.2898 0.7611
vn -0.6102 -0.2658 0.7463
vn 0.2961 -0.2245 0.9284
vn 0.3679 -0.1555 0.9168
vn 0.6600 0.3455 0.6671
vn 0.4052 0.3981 0.8230
vn 0.2594 0.5671 0.7818
vn 0.1039 0.5276 0.8431
vn 0.0881 0.5307 0.8430
vn 0.0146 0.3801 0.9248
vn -0.5596 -0.1450 0.8160
vn -0.4387 -0.2547 0.8618
vn -0.4494 -0.1982 0.8710
vn -0.4923 -0.1864 0.8502
vn 0.1482 -0.5456 0.8248
vn 0.3279 -0.3415 0.8808
vn 0.5216 -0.2616 0.8121
vn 0.5096 -0.2026 0.8362
vn 0.3655 0.2411 0.8991
vn 0.5733 0.2645 0.7755
vn 0.0524 0.4550 0.8889
vn 0.3083 0.6773 0.6679
vn -0.0915 0.5104 0.8550
vn -0.0045 0.9866 0.1630
vn -0.2976 -0.1751 0.9385
vn -0.4132 -0.1375 0.9002
vn -0.2056 -0.3086 0.9287
vn -0.9463 -0.2910 -0.1409
vn 0.2084 -0.3964 0.8941
vn 0.1614 -0.6074 0.7778
vn 0.4578 -0.1240 0.8804
vn 0.6215 -0.3248 0.7130
vn 0.3858 0.5025 0.7737
vn 0.0568 0.6804 0.7306
vn -0.5058 0.4064 0.7609
vn -0.5549 0.2737 0.7856
vn -0.0621 -0.5714 0.8183
vn 0.0516 -0.5835 0.8104
vn 0.4735 -0.2098 0.8554
vn 0.6115 0.4968 0.6158
vn 0.4543 0.5738 0.6814
vn 0.2333 0.7830 0.5766
vn 0.0452 0.7160 0.6967
vn -0.2822 0.7070 0.6485
vn -0.4729 0.3104 0.8247
vn -0.5967 0.1476 0.7888
vn -0.6469 0.2709 0.7128
vn -0.5545 -0.5504 0.6242
vn -0.0862 -0.6014 0.7943
vn 0.0591 -0.6681 0.7417
vn 0.0876 -0.6374 0.7655
vn 0.5214 -0.4377 0.7325
vn 0.5242 -0.2387 0.8174
vn 0.5454 0.2706 0.7933
vn 0.3731 0.2961 0.8793
vn 0.1084 0.5496 0.8284
vn 0.2305 0.6438 0.7297
vn -0.2002 0.6161 0.7618
vn -0.2192 0.5470 0.8079
vn -0.5073 0.0918 0.8569
vn -0.5312 0.1232 0.8382
vn -0.3718 -0.3889 0.8429
vn -0.3407 -0.3863 0.8571
vn 0.1681 -0.5568 0.8134
vn 0.0687 -0.7458 0.6626
vn 0.4977 -0.4980 0.7102
vn 0.4755 -0.3958 0.7857
vn 0.6447 0.0750 0.7607
vn -0.0032 0.5500 0.8351
vn 0.0001 0.5503 0.8350
vn -0.3615 0.2283 0.9040
vn -0.1960 -0.3683 0.9088
vn -0.0480 -0.4155 0.9083
vn 0.6404 0.1053 0.7608
vn 0.6230 0.0331 0.7815
vn 0.5196 0.0890 0.8498
vn -0.0405 0.5235 0.8511
vn -0.0116 0.5721 0.8201
vn -0.0745 0.5654 0.8215
vn -0.0611 0.6257 0.7777
vn -0.3746 0.2761 0.8851
vn -0.3164 0.2127 0.9245
vn -0.0804 -0.3041 0.9493
vn -0.1607 -0.3290 0.9306
vn 0.1356 -0.3965 0.9080
vn -0.0478 -0.6038 0.7957
vn 0.7364 -0.0729 0.6726
vn 0.6240 0.1107 0.7735
vn 0.6336 0.1101 0.7658
vn 0.8182 0.0405 0.5736
vn -0.0486 0.4829 0.8743
vn -0.0367 0.5113 0.8586
vn -0.2062 0.4429 0.8725
vn -0.2266 0.7858 0.5755
vn -0.4758 0.1956 0.8575
vn -0.8171 0.4190 0.3961
vn -0.1278 -0.3257 0.9368
vn -0.0762 -0.2969 0.9519
vn 0.2063 -0.2855 0.9359
vn 0.1307 -0.4288 0.8939
vn 0.5314 0.0652 0.8446
vn 0.6764 -0.0562 0.7343
vn 0.5297 -0.0509 0.8466
vn 0.1772 0.3069 0.9351
vn -0.2218 0.3068 0.9256
vn -0.4707 0.0272 0.8819
vn -0.2105 -0.4859 0.8483
vn 0.0316 -0.5101 0.8596
vn 0.5292 -0.0338 0.8478
vn 0.4561 -0.0287 0.8894
vn 0.5063 -0.0554 0.8606
vn 0.1029 0.3715 0.9227
vn 0.2193 0.4402 0.8707
vn -0.4001 0.3991 0.8250
vn -0.4017 0.4551 0.7947
vn -0.6439 0.1265 0.7546
vn -0.5707 0.0360 0.8204
vn -0.4141 -0.4254 0.8047
vn -0.1058 -0.4165 0.9030
vn 0.0040 -0.4530 0.8915
vn 0.0204 -0.4313 0.9020
vn 0.5436 -0.1464 0.8265
vn 0.4567 -0.0251 0.8893
vn 0.4917 0.0459 0.8696
vn 0.6779 -0.0229 0.7348
vn 0.1268 0.3852 0.9141
vn 0.1007 0.3586 0.9280
vn -0.2807 0.2534 0.9257
vn -0.2878 0.2967 0.9106
vn -0.4249 -0.0075 0.9052
vn -0.5562 0.0981 0.8253
vn -0.2915 -0.3429 0.8930
vn -0.3170 -0.3490 0.8819
vn 0.0691 -0.4064 0.9111
vn 0.0057 -0.5164 0.8563
vn 0.4860 -0.1223 0.8654
vn 0.4979 -0.1365 0.8564
vn 0.5593 0.4135 0.7185
vn -0.2067 0.7664 0.6082
vn -0.2121 0.7633 0.6102
vn -0.3725 -0.2684 0.8883
vn -0.2695 -0.4226 0.8653
vn -0.0672 -0.4998 0.8635
vn 0.5162 -0.2274 0.8257
vn 0.4963 0.2678 0.8258
vn 0.4226 0.2984 0.8558
vn 0.0080 0.7056 0.7086
vn -0.1759 0.5680 0.8040
vn -0.2879 0.5491 0.7846
vn -0.2080 0.7605 0.6151
vn -0.7071 0.1973 0.6791
vn -0.4366 -0.2508 0.8640
vn -0.4280 -0.2810 0.8590
vn -0.1517 -0.2965 0.9429
vn 0.1363 -0.4173 0.8985
vn -0.0045 -0.6231 0.7822
vn 0.4642 -0.3751 0.8024
vn 0.4436 -0.1644 0.8810
vn 0.3707 0.3233 0.8707
vn 0.6096 0.3384 0.7168
vn -0.0120 0.5802 0.8144
vn 0.0082 0.6166 0.7872
vn -0.3410 0.4015 0.8500
vn -0.3707 0.6316 0.6809
vn -0.5378 -0.0093 0.8431
vn -0.7868 0.2244 0.5749
vn -0.3659 -0.4158 0.8326
vn -0.8221 -0.4739 0.3156
vn 0.2381 -0.4904 0.8384
vn 0.2018 -0.6682 0.7161
vn 0.4752 -0.2793 0.8344
vn 0.5552 -0.4662 0.6887
vn 0.4702 0.1783 0.8643
vn -0.0210 0.4144 0.9098
vn -0.4536 0.2398 0.8584
vn -0.5146 0.1284 0.8477
vn -0.4130 -0.2925 0.8625
vn 0.5832 -0.5571 0.5911
vn 0.5217 -0.6140 0.5922
vn 0.5064 0.2092 0.8365
vn 0.5156 0.2052 0.8319
vn 0.1496 0.5701 0.8078
vn -0.0066 0.4806 0.8769
vn -0.3576 0.4293 0.8293
vn -0.3501 0.1814 0.9190
vn -0.4242 0.0571 0.9038
vn -0.4590 0.1055 0.8822
vn -0.3268 -0.3446 0.8800
vn -0.4595 -0.3565 0.8135
vn 0.4550 -0.6180 0.6412
vn 0.4993 -0.4601 0.7342
vn 0.3875 -0.5376 0.7489
vn 0.3904 -0.4586 0.7983
vn 0.5206 0.2057 0.8286
vn 0.5046 0.2083 0.8379
vn 0.1347 0.5000 0.8555
vn 0.1356 0.5009 0.8548
vn -0.4152 0.3551 0.8376
vn -0.4471 0.5006 0.7413
vn -0.5750 0.2749 0.7706
vn -0.3508 0.0387 0.9356
vn -0.1890 -0.2900 0.9382
vn -0.2954 -0.3147 0.9021
vn 0.4743 -0.4228 0.7722
vn 0.4632 -0.6291 0.6242
vn 0.4316 -0.6530 0.6224
vn 0.4316 -0.6303 0.6454
vn 0.5886 0.4064 0.6989
vn 0.1384 0.7411 0.6569
vn -0.3634 0.6522 0.6653
vn -0.6124 0.0644 0.7879
vn -0.1279 -0.4525 0.8826
vn 0.2506 -0.4269 0.8689
vn 0.6256 -0.0361 0.7793
vn 0.7752 0.3057 0.5529
vn 0.6102 0.4124 0.6764
vn 0.3361 0.6614 0.6705
vn 0.1459 0.5864 0.7968
vn -0.1604 0.5661 0.8086
vn -0.1898 0.4495 0.8729
vn -0.4605 0.0911 0.8830
vn -0.4386 0.0723 0.8957
vn -0.0893 -0.6511 0.7537
vn -0.1655 -0.6737 0.7203
vn -0.1555 -0.6764 0.7199
vn 0.2718 -0.3105 0.9109
vn 0.7445 0.0781 0.6631
vn 0.7963 -0.0062 0.6049
vn 0.6941 0.1403 0.7061
vn 0.5814 0.2085 0.7865
vn 0.3837 0.4779 0.7902
vn 0.2688 0.4433 0.8551
vn -0.0143 0.4824 0.8758
vn -0.0459 0.3893 0.9200
vn -0.3938 0.0867 0.9151
vn -0.3943 0.0871 0.9148
vn -0.2588 -0.6487 0.7157
vn -0.0536 -0.5754 0.8161
vn -0.1453 -0.5333 0.8334
vn -0.0773 -0.4869 0.8700
vn 0.8235 -0.1069 0.5572
vn 0.6846 0.0775 0.7248
vn 0.1728 0.6373 0.7510
vn 0.4384 0.4537 0.7759
vn -0.5397 0.2638 0.7995
vn -0.6499 0.0436 0.7587
vn -0.0568 -0.9228 0.3810
vn 0.0144 -0.9217 0.3877
vn 0.4364 -0.4841 0.7584
vn 0.6399 0.6246 0.4477
vn 0.2175 0.7293 0.6487
vn 0.3694 0.5608 0.7410
vn 0.4583 0.5695 0.6823
vn -0.4738 0.6635 0.5790
vn -0.5905 0.3161 0.7425
vn -0.5876 0.3204 0.7430
vn -0.4747 -0.0005 0.8802
vn -0.2774 -0.7957 0.5385
vn 0.0028 -0.7511 0.6602
vn -0.0253 -0.7394 0.6728
vn -0.0658 -0.7650 0.6407
vn 0.4448 -0.5825 0.6804
vn 0.4600 -0.5125 0.7251
vn 0.3293 0.4698 0.8190
vn 0.5394 0.4761 0.6945
vn 0.3051 0.6380 0.7070
vn 0.4980 0.7343 0.4612
vn -0.4166 0.3626 0.8336
vn -0.4513 0.6353 0.6267
vn -0.6163 0.1304 0.7766
vn -0.7824 0.3826 0.4914
vn -0.1326 -0.7449 0.6539
vn -0.2851 -0.8092 0.5137
vn 0.0404 -0.8293 0.5573
vn -0.1027 -0.9441 0.3132
vn 0.4335 -0.5939 0.6778
vn 0.4302 -0.5654 0.7038
vn 0.3629 0.1044 0.9260
vn 0.2401 0.2209 0.9453
vn -0.4424 0.2492 0.8615
vn -0.5795 0.1137 0.8070
vn -0.2634 -0.6897 0.6745
vn 0.1533 -0.7199 0.6769
vn 0.3184 -0.6037 0.7309
vn 0.5770 0.1012 0.8105
vn 0.4642 0.1436 0.8740
vn 0.0388 0.4765 0.8783
vn 0.3433 0.6521 0.6759
vn -0.4264 0.5660 0.7055
vn -0.4647 0.2818 0.8394
vn -0.5728 0.0891 0.8149
vn -0.5999 0.1220 0.7907
vn -0.2089 -0.6256 0.7517
vn -0.2352 -0.6344 0.7364
vn -0.0261 -0.6811 0.7317
vn 0.1267 -0.5342 0.8358
vn 0.3769 -0.3910 0.8397
vn 0.3946 -0.6661 0.6329
vn 0.5163 0.0233 0.8561
vn 0.4197 0.0542 0.9060
vn 0.1586 0.3807 0.9110
vn 0.0452 0.2814 0.9585
vn -0.1875 0.2848 0.9401
vn -0.1934 0.2459 0.9498
vn -0.3980 0.0357 0.9167
vn -0.3957 0.0332 0.9178
vn -0.2284 -0.5826 0.7800
vn -0.1819 -0.5665 0.8037
vn -0.0500 -0.6155 0.7865
vn -0.0165 -0.5892 0.8078
vn 0.3770 -0.4549 0.8068
vn 0.3691 -0.3843 0.8462
vn 0.5069 0.3704 0.7784
vn 0.2512 0.5709 0.7817
vn -0.4081 0.3102 0.8586
vn -0.4544 0.0611 0.8887
vn -0.1039 -0.3342 0.9368
vn 0.4136 -0.3441 0.8429
vn 0.4889 -0.2824 0.8254
vn 0.3633 0.2108 0.9075
vn 0.3826 0.2076 0.9003
vn 0.1691 0.4092 0.8966
vn 0.2219 0.4350 0.8726
vn -0.1949 0.4168 0.8879
vn -0.2402 0.1274 0.9623
vn -0.3612 -0.0600 0.9306
vn -0.4856 0.0573 0.8723
vn -0.3194 -0.4109 0.8539
vn -0.1392 -0.3953 0.9079
vn 0.4208 -0.5089 0.7510
vn 0.4644 -0.4128 0.7835
vn 0.3703 -0.4754 0.7980
vn 0.3248 -0.1331 0.9364
vn 0.5917 0.2648 0.7615
vn 0.4335 0.2710 0.8595
vn 0.2909 0.4626 0.8375
vn 0.1625 0.3863 0.9079
vn -0.2056 0.4146 0.8865
vn -0.2034 0.4322 0.8785
vn -0.5931 0.0681 0.8022
vn -0.4291 -0.0606 0.9012
vn -0.3755 -0.3565 0.8555
vn -0.2523 -0.3428 0.9049
vn 0.3224 -0.5872 0.7425
vn 0.3631 -0.4265 0.8284
vn 0.3370 -0.4385 0.8332
vn 0.3366 -0.4347 0.8353
vn 0.4554 0.2289 0.8604
vn 0.0962 0.5550 0.8263
vn -0.3778 0.3583 0.8537
vn -0.4911 -0.2852 0.8231
vn -0.4443 -0.3556 0.8223
vn 0.1816 -0.4660 0.8660
vn 0.4368 -0.2169 0.8730
vn 0.6178 0.0334 0.7856
vn 0.3749 0.2103 0.9029
vn 0.0104 0.6559 0.7548
vn 0.0668 0.7074 0.7037
vn -0.1780 0.7028 0.6888
vn -0.2762 0.1380 0.9511
vn -0.4265 -0.1131 0.8974
vn -0.3373 -0.1867 0.9227
vn -0.2818 -0.3696 0.8854
vn -0.4392 -0.3504 0.8272
vn 0.3176 -0.6753 0.6657
vn 0.2922 -0.7136 0.6367
vn 0.5750 -0.5362 0.6180
vn 0.5592 -0.2689 0.7842
vn 0.4088 0.1542 0.8995
vn 0.8028 0.0545 0.5938
vn -0.0521 0.4199 0.9061
vn 0.0110 0.5863 0.8100
vn -0.1778 0.4271 0.8866
vn -0.2032 0.7485 0.6312
vn -0.3011 -0.2748 0.9131
vn -0.6756 -0.1169 0.7279
vn -0.3318 -0.4685 0.8188
vn -0.4539 -0.5066 0.7330
vn 0.2675 -0.3816 0.8848
vn 0.2546 -0.4999 0.8278
vn 0.4050 -0.2166 0.8883
vn 0.5260 -0.5025 0.6861
vn 0.7010 0.1756 0.6912
vn 0.0109 0.7285 0.6850
vn -0.3567 0.5716 0.7390
vn -0.5371 0.1159 0.8355
vn -0.2915 -0.4902 0.8215
vn 0.0563 -0.6303 0.7743
vn 0.6378 -0.2960 0.7110
vn 0.5648 0.0870 0.8206
vn 0.5587 0.0900 0.8245
vn 0.0240 0.6600 0.7509
vn 0.0248 0.6607 0.7503
vn -0.4207 0.5796 0.6979
vn -0.4061 0.6228 0.6687
vn -0.6291 0.3319 0.7029
vn -0.5373 0.1160 0.8354
vn -0.3284 -0.5307 0.7813
vn -0.3271 -0.5307 0.7819
vn 0.0048 -0.6550 0.7556
vn 0.0593 -0.5999 0.7979
vn 0.5372 -0.2945 0.7904
vn 0.5191 -0.2307 0.8230
vn 0.5253 0.1084 0.8440
vn 0.5781 0.0913 0.8109
vn 0.0147 0.5779 0.8159
vn 0.0306 0.6007 0.7989
vn -0.4902 0.4359 0.7547
vn -0.4754 0.6505 0.5923
vn -0.6566 0.3811 0.6509
vn -0.6322 0.3335 0.6994
vn -0.3176 -0.5159 0.7956
vn -0.3128 -0.5151 0.7980
vn 0.0456 -0.6020 0.7972
vn 0.0043 -0.6579 0.7531
vn 0.5027 -0.2683 0.8217
vn 0.5092 -0.2816 0.8133
vn 0.4724 0.1678 0.8653
vn -0.2283 0.8892 0.3964
vn -0.1890 0.8928 0.4089
vn -0.6983 0.2636 0.6655
vn -0.0561 -0.5444 0.8369
vn -0.0239 -0.5449 0.8381
vn 0.4224 -0.1567 0.8928
vn 0.6015 0.1330 0.7877
vn 0.5163 0.1853 0.8361
vn -0.1573 0.7714 0.6167
vn -0.1843 0.7460 0.6400
vn -0.0585 0.7613 0.6458
vn -0.1475 0.5880 0.7953
vn -0.4628 0.1860 0.8667
vn -0.5241 0.2820 0.8036
vn -0.2682 -0.5641 0.7809
vn -0.0724 -0.5570 0.8273
vn 0.2974 -0.6382 0.7101
vn 0.2312 -0.7581 0.6098
vn 0.4988 -0.6072 0.6185
vn 0.5218 -0.3291 0.7870
vn 0.4997 0.1703 0.8493
vn 0.5758 0.1314 0.8070
vn -0.0074 0.7500 0.6614
vn -0.1077 0.5865 0.8027
vn -0.0557 0.5904 0.8052
vn -0.0273 0.6616 0.7493
vn -0.4756 0.1249 0.8708
vn -0.5428 0.2195 0.8107
vn -0.3863 -0.4565 0.8015
vn -0.1458 -0.4232 0.8942
vn 0.3627 -0.5744 0.7339
vn 0.3337 -0.7015 0.6296
vn 0.3643 -0.6861 0.6298
vn 0.3587 -0.4796 0.8008
vn 0.5589 0.4236 0.7129
vn -0.0058 0.7166 0.6975
vn -0.4622 0.5116 0.7243
vn -0.6259 -0.1812 0.7585
vn -0.4028 -0.4812 0.7786
vn 0.2709 -0.5736 0.7731
vn 0.6019 -0.2950 0.7421
vn 0.5266 0.3552 0.7723
vn 0.4876 0.3640 0.7936
vn 0.1915 0.6009 0.7761
vn 0.0147 0.4830 0.8755
vn -0.2522 0.4341 0.8648
vn -0.2757 0.2633 0.9245
vn -0.4753 -0.1107 0.8729
vn -0.4116 -0.1554 0.8980
vn -0.2723 -0.4285 0.8615
vn -0.3902 -0.4421 0.8076
vn 0.1752 -0.5772 0.7976
vn 0.2770 -0.4551 0.8462
vn 0.5139 -0.2779 0.8116
vn 0.5137 -0.2773 0.8119
vn 0.5880 0.2053 0.7824
vn 0.4037 0.2458 0.8813
vn 0.1257 0.5676 0.8136
vn 0.1930 0.6104 0.7682
vn -0.2068 0.6573 0.7247
vn -0.2572 0.4411 0.8598
vn -0.6721 0.0067 0.7404
vn -0.5335 -0.1179 0.8375
vn -0.4289 -0.5092 0.7461
vn -0.3476 -0.5084 0.7878
vn -0.0178 -0.6749 0.7377
vn 0.1668 -0.4710 0.8662
vn 0.4797 -0.3434 0.8075
vn 0.4487 -0.2491 0.8583
vn 0.4908 0.0552 0.8695
vn 0.0234 0.4597 0.8878
vn -0.3596 0.3866 0.8492
vn -0.3374 0.4101 0.8473
vn -0.3228 -0.3343 0.8855
vn 0.1688 -0.6268 0.7607
vn 0.4709 -0.4429 0.7629
vn 0.5836 0.1103 0.8045
vn 0.7648 0.0229 0.6439
vn 0.0252 0.4198 0.9073
vn 0.0155 0.4079 0.9129
vn -0.3059 0.2160 0.9272
vn -0.3443 0.3722 0.8619
vn -0.4065 0.0488 0.9124
vn -0.8024 0.5492 0.2336
vn -0.2826 -0.4721 0.8350
vn -0.5237 -0.5192 0.6754
vn 0.1326 -0.5368 0.8332
vn 0.1894 -0.4075 0.8934
vn 0.3987 -0.0701 0.9144
vn 0.6384 -0.5060 0.5799
vn 0.4848 0.1935 0.8530
vn 0.7262 0.1318 0.6748
vn 0.0522 0.5516 0.8324
vn 0.0228 0.4972 0.8673
vn -0.4593 0.2331 0.8572
vn -0.4948 0.3027 0.8146
vn -0.5506 0.0868 0.8302
vn -0.5252 0.0653 0.8484
vn -0.1942 -0.4195 0.8867
vn -0.2610 -0.4460 0.8561
vn 0.1429 -0.4571 0.8779
vn 0.1256 -0.5075 0.8525
vn 0.4913 -0.0422 0.8700
vn 0.5358 -0.0963 0.8389
vn 0.4052 0.7490 0.5243
vn 0.4054 0.7488 0.5244
vn -0.3866 0.7035 0.5964
vn -0.5570 0.0108 0.8304
vn -0.1717 -0.4794 0.8606
vn 0.3343 -0.4586 0.8234
vn 0.4179 -0.3730 0.8284
vn 0.4454 0.6854 0.5760
vn 0.3813 0.6960 0.6085
vn 0.3595 0.7126 0.6025
vn 0.4109 0.7292 0.5472
vn -0.2532 0.7317 0.6328
vn -0.3297 0.5613 0.7591
vn -0.5778 0.1012 0.8099
vn -0.5260 0.0023 0.8505
vn -0.2308 -0.6934 0.6826
vn -0.3174 -0.6989 0.6409
vn 0.0744 -0.8126 0.5781
vn 0.3284 -0.4318 0.8401
vn 0.4696 -0.3014 0.8298
vn 0.4876 -0.4014 0.7753
vn 0.5448 0.5560 0.6277
vn 0.3727 0.5698 0.7324
vn 0.3583 0.5879 0.7253
vn 0.3504 0.5846 0.7317
vn -0.1331 0.6650 0.7349
vn -0.1945 0.4855 0.8523
vn -0.4616 0.1807 0.8685
vn -0.3855 0.0509 0.9213
vn -0.2775 -0.5949 0.7544
vn -0.1608 -0.5695 0.8061
vn 0.0438 -0.6836 0.7286
vn 0.0626 -0.6601 0.7485
vn 0.4767 -0.4852 0.7331
vn 0.4485 -0.2912 0.8451
vn 0.4503 0.2919 0.8438
vn 0.0165 0.6342 0.7730
vn 0.0195 0.6341 0.7730
vn -0.5812 0.0202 0.8135
vn -0.4485 -0.5051 0.7374
vn 0.2953 -0.6417 0.7078
vn 0.4737 -0.4222 0.7728
vn 0.3015 0.3468 0.8882
vn 0.4982 0.3250 0.8038
vn 0.0740 0.5372 0.8402
vn 0.0183 0.4743 0.8802
vn -0.1414 0.4014 0.9049
vn -0.0513 0.9139 0.4028
vn -0.3755 -0.0034 0.9268
vn -0.4744 0.0397 0.8794
vn -0.1329 -0.3576 0.9244
vn -0.3460 -0.4158 0.8410
vn 0.3804 -0.3698 0.8476
vn 0.3127 -0.6594 0.6836
vn 0.4732 -0.5000 0.7253
vn 0.4610 -0.3669 0.8080
vn 0.6219 0.2776 0.7322
vn 0.3018 0.3470 0.8880
vn 0.0093 0.6881 0.7255
vn 0.0305 0.7146 0.6988
vn 0.0280 0.7150 0.6985
vn -0.0936 0.3109 0.9458
vn -0.4099 -0.0511 0.9107
vn -0.4470 -0.0291 0.8941
vn -0.3907 -0.4017 0.8282
vn -0.1417 -0.3676 0.9191
vn 0.3667 -0.6474 0.6681
vn 0.4270 -0.4259 0.7976
vn 0.3948 -0.4428 0.8050
vn 0.3945 -0.3810 0.8362
vn 0.5116 -0.1068 0.8526
vn 0.0216 0.3060 0.9518
vn -0.0951 0.3121 0.9453
vn -0.5746 -0.0667 0.8157
vn -0.5446 -0.3593 0.7578
vn 0.2358 -0.5234 0.8188
vn 0.5224 -0.1987 0.8293
vn 0.5324 -0.0370 0.8457
vn 0.6855 -0.1221 0.7178
vn 0.0989 0.3856 0.9174
vn 0.0227 0.3184 0.9477
vn -0.0549 0.3067 0.9502
vn -0.0632 0.2556 0.9647
vn -0.2964 -0.1139 0.9483
vn -0.4450 -0.0433 0.8945
vn -0.3447 -0.2427 0.9068
vn -0.1924 -0.2420 0.9510
vn 0.2398 -0.3239 0.9152
vn 0.1979 -0.4099 0.8904
vn 0.5109 -0.1860 0.8393
vn 0.5168 -0.1974 0.8330
vn 0.4712 0.0465 0.8808
vn 0.7005 -0.0302 0.7130
vn 0.0969 0.4590 0.8831
vn 0.1035 0.4674 0.8780
vn -0.0968 0.4368 0.8943
vn -0.0993 0.3948 0.9134
vn -0.3838 -0.0847 0.9195
vn -0.2975 -0.1142 0.9479
vn -0.2094 -0.2663 0.9409
vn -0.4546 -0.2938 0.8408
vn 0.1880 -0.4298 0.8831
vn 0.2324 -0.3022 0.9245
vn 0.4446 -0.1443 0.8840
vn 0.4633 -0.1698 0.8698
vn 0.5153 0.3016 0.8022
vn 0.1477 0.6438 0.7508
vn -0.7336 0.3594 0.5768
vn -0.7517 0.3148 0.5795
vn -0.5259 -0.2592 0.8101
vn 0.3507 -0.4408 0.8263
vn 0.3269 -0.4557 0.8280
vn 0.7102 0.0940 0.6977
vn 0.4032 0.3053 0.8627
vn 0.1581 0.5344 0.8303
vn 0.0913 0.5030 0.8594
vn -0.6191 0.3764 0.6892
vn -0.6243 0.2782 0.7300
vn -0.6905 0.1570 0.7061
vn -0.7599 0.3124 0.5700
vn -0.6771 -0.3152 0.6650
vn -0.6729 -0.3167 0.6685
vn 0.2019 -0.6955 0.6896
vn 0.3371 -0.4204 0.8424
vn 0.5211 -0.2975 0.8000
vn 0.5557 -0.5065 0.6593
vn 0.5385 0.0833 0.8385
vn 0.5203 0.0918 0.8490
vn 0.1180 0.4416 0.8894
vn 0.1235 0.4448 0.8871
vn -0.5776 0.2780 0.7675
vn -0.5874 0.3442 0.7325
vn -0.6599 0.2023 0.7236
vn -0.6173 0.1487 0.7725
vn -0.4828 -0.2518 0.8387
vn -0.5633 -0.2514 0.7870
vn 0.1435 -0.4721 0.8698
vn 0.1222 -0.5392 0.8333
vn 0.4985 -0.2788 0.8208
vn 0.5030 -0.2892 0.8145
vn 0.2480 0.2845 0.9261
vn -0.2539 0.7662 0.5903
vn -0.1955 0.7716 0.6053
vn -0.5831 0.4634 0.6673
vn -0.2874 -0.6970 0.6570
vn 0.2293 -0.7350 0.6381
vn 0.1196 -0.8024 0.5846
vn 0.4193 0.3749 0.8268
vn 0.5624 0.2820 0.7773
vn -0.1394 0.7950 0.5904
vn -0.2562 0.6954 0.6714
vn -0.4208 0.6331 0.6496
vn -0.2640 0.8629 0.4309
vn -0.6585 0.4668 0.5904
vn -0.6647 0.5741 0.4781
vn -0.2019 -0.8030 0.5608
vn -0.2762 -0.8289 0.4865
vn -0.0253 -0.8802 0.4739
vn 0.2214 -0.6355 0.7397
vn 0.2205 -0.6360 0.7395
vn 0.1969 -0.8699 0.4521
vn 0.3990 0.3868 0.8314
vn 0.4367 0.3792 0.8158
vn -0.1944 0.6979 0.6893
vn -0.1397 0.7716 0.6206
vn -0.4663 0.6223 0.6287
vn -0.4517 0.6756 0.5827
vn -0.6157 0.4154 0.6696
vn -0.6290 0.4487 0.6349
vn -0.1767 -0.6091 0.7731
vn -0.1745 -0.6072 0.7751
vn 0.1350 -0.6339 0.7615
vn -0.0100 -0.9066 0.4220
vn 0.3443 -0.7368 0.5819
vn 0.3438 -0.8512 0.3967
vn 0.6201 -0.1218 0.7750
vn 0.3591 0.0970 0.9282
vn -0.3020 -0.0354 0.9526
vn -0.4400 -0.2938 0.8485
vn -0.1924 -0.7014 0.6863
vn 0.2074 -0.7649 0.6099
vn 0.5270 -0.5768 0.6241
vn 0.7282 -0.2496 0.6383
vn 0.5704 -0.1476 0.8080
vn 0.3782 0.1625 0.9114
vn 0.3870 0.1667 0.9069
vn -0.2602 0.2296 0.9379
vn -0.2622 -0.0649 0.9628
vn -0.4596 -0.2842 0.8414
vn -0.4504 -0.2925 0.8436
vn -0.2681 -0.7310 0.6276
vn -0.2156 -0.7327 0.6455
vn 0.0831 -0.8076 0.5838
vn 0.2077 -0.7411 0.6385
vn 0.5473 -0.5785 0.6048
vn 0.5438 -0.5901 0.5967
vn 0.6563 -0.1570 0.7380
vn 0.9637 -0.1273 0.2347
vn 0.3137 0.0850 0.9457
vn 0.3825 0.1767 0.9069
vn -0.1185 -0.1363 0.9835
vn -0.2980 0.2766 0.9136
vn -0.2686 -0.3817 0.8844
vn -0.5219 -0.2781 0.8064
vn -0.0391 -0.6334 0.7729
vn -0.1581 -0.6625 0.7322
vn 0.3859 -0.5896 0.7095
vn 0.0160 -0.9611 0.2759
vn 0.6241 -0.5380 0.5667
vn 0.6516 -0.6747 0.3466
vn 0.6879 0.2340 0.6870
vn -0.1872 0.5928 0.7833
vn -0.5775 0.3493 0.7379
vn -0.6798 -0.2007 0.7054
vn -0.6814 -0.1973 0.7048
vn 0.3119 -0.4077 0.8582
vn 0.7241 0.0680 0.6864
vn 0.6512 0.2969 0.6984
vn 0.7237 0.2541 0.6417
vn 0.0742 0.7106 0.6996
vn -0.1941 0.5687 0.7993
vn -0.6677 0.3351 0.6647
vn -0.6713 0.3635 0.6460
vn -0.7819 0.0538 0.6211
vn -0.5339 -0.1839 0.8253
vn -0.5156 -0.2166 0.8290
vn -0.7057 -0.2200 0.6735
vn 0.1090 -0.4425 0.8901
vn 0.2216 -0.1838 0.9577
vn 0.5825 0.1710 0.7947
vn 0.6880 0.0666 0.7226
vn 0.4083 0.3547 0.8411
vn 0.6251 0.2960 0.7223
vn 0.0477 0.5827 0.8113
vn 0.0359 0.5727 0.8190
vn -0.6362 0.2167 0.7405
vn -0.7222 0.3389 0.6030
vn -0.7928 0.0317 0.6086
vn -0.8128 0.0469 0.5807
vn -0.6297 -0.3136 0.7107
vn -0.6498 -0.3178 0.6905
vn 0.0877 -0.3852 0.9187
vn 0.0896 -0.3772 0.9218
vn 0.5031 0.1457 0.8519
vn 0.4729 0.1658 0.8654
vn 0.3058 0.4212 0.8539
vn -0.0166 0.6040 0.7968
vn -0.6164 0.4346 0.6566
vn -0.7677 0.1684 0.6183
vn -0.5877 -0.3026 0.7504
vn 0.3988 -0.2656 0.8777
vn 0.4394 -0.1957 0.8767
vn 0.4309 0.2728 0.8602
vn 0.2170 0.3815 0.8985
vn 0.0687 0.5599 0.8257
vn -0.0176 0.5202 0.8539
vn -0.3006 0.5327 0.7911
vn -0.3579 0.3163 0.8786
vn -0.4355 0.2387 0.8680
vn -0.3959 0.1671 0.9030
vn -0.3649 -0.1947 0.9105
vn -0.5241 -0.1794 0.8326
vn 0.3415 -0.6518 0.6771
vn 0.5053 -0.4056 0.7617
vn 0.3026 -0.4990 0.8121
vn 0.3228 -0.0794 0.9431
vn 0.3839 0.2491 0.8891
vn 0.3620 0.2539 0.8969
vn 0.0851 0.4675 0.8799
vn 0.0431 0.4342 0.8998
vn -0.3294 0.3624 0.8719
vn -0.3363 0.5745 0.7462
vn -0.5509 0.2616 0.7925
vn -0.5624 0.2734 0.7804
vn -0.3814 -0.2404 0.8926
vn -0.4233 -0.2493 0.8710
vn 0.2646 -0.4209 0.8676
vn 0.2588 -0.4454 0.8571
vn 0.2991 -0.4183 0.8577
vn 0.3099 -0.5122 0.8010
vn 0.6803 0.0724 0.7293
vn 0.1309 0.6338 0.7623
vn -0.4728 0.3280 0.8179
vn -0.4910 0.2709 0.8279
vn -0.3795 -0.1578 0.9116
vn 0.0766 -0.4284 0.9003
vn 0.6134 -0.1730 0.7706
vn 0.4837 0.2484 0.8392
vn 0.7971 0.0478 0.6020
vn -0.0428 0.5896 0.8065
vn 0.1821 0.7483 0.6379
vn -0.4853 0.3866 0.7842
vn -0.4798 0.3368 0.8101
vn -0.5339 -0.0576 0.8436
vn -0.7694 0.1673 0.6165
vn -0.5907 -0.2715 0.7599
vn -0.6798 -0.2815 0.6773
vn 0.1799 -0.2358 0.9550
vn 0.1261 -0.5493 0.8261
vn 0.4558 0.0186 0.8899
vn 0.5655 -0.1616 0.8088
vn 0.6034 0.0139 0.7973
vn 0.3350 0.2211 0.9159
vn 0.1241 0.5899 0.7979
vn -0.0809 0.4621 0.8831
vn -0.4817 0.4694 0.7400
vn -0.4720 0.3814 0.7948
vn -0.7311 -0.0631 0.6793
vn -0.6862 -0.1108 0.7190
vn -0.6868 -0.0301 0.7263
vn -0.3898 -0.0687 0.9184
vn 0.2565 -0.5535 0.7923
vn 0.2756 -0.4441 0.8525
vn 0.7493 -0.2260 0.6224
vn 0.6049 0.0203 0.7961
vn 0.5038 0.2334 0.8317
vn 0.0362 0.5865 0.8091
vn -0.0870 0.5700 0.8171
vn -0.4285 0.1708 0.8872
vn -0.3412 -0.3597 0.8684
vn -0.0930 -0.5234 0.8470
vn 0.4778 -0.2641 0.8378
vn 0.2134 0.3311 0.9192
vn 0.6735 0.2316 0.7019
vn -0.1094 0.5053 0.8560
vn 0.0486 0.6605 0.7493
vn -0.3177 0.4898 0.8119
vn -0.2716 0.7846 0.5574
vn -0.5677 0.0283 0.8228
vn -0.7469 0.1806 0.6399
vn -0.3138 -0.4204 0.8513
vn -0.3912 -0.4487 0.8035
vn -0.0404 -0.4625 0.8857
vn -0.1023 -0.5655 0.8184
vn 0.3101 -0.0278 0.9503
vn 0.3874 -0.1720 0.9057
vn 0.2800 0.3340 0.9000
vn 0.2347 0.3425 0.9097
vn -0.1195 0.5929 0.7964
vn -0.0953 0.6164 0.7816
vn -0.3734 0.5585 0.7407
vn -0.3739 0.5527 0.7448
vn -0.6564 0.1321 0.7427
vn -0.5192 0.0425 0.8536
vn -0.2773 -0.5182 0.8090
vn -0.3536 -0.5658 0.7448
vn -0.2395 -0.6160 0.7505
vn -0.0556 -0.3160 0.9471
vn 0.3071 -0.0811 0.9482
vn 0.2698 -0.0081 0.9629
vn 0.4802 0.6239 0.6166
vn 0.1799 0.7605 0.6239
vn -0.5924 0.0282 0.8052
vn -0.5890 0.1669 0.7907
vn -0.3227 -0.3675 0.8723
vn 0.0975 -0.5121 0.8534
vn 0.5576 -0.2227 0.7997
vn 0.4704 0.2765 0.8380
vn 0.1895 0.4065 0.8938
vn 0.0743 0.5500 0.8318
vn 0.2042 0.6249 0.7536
vn -0.6904 0.5024 0.5206
vn -0.7009 0.0851 0.7082
vn -0.6616 0.1710 0.7301
vn -0.6495 0.1461 0.7462
vn -0.6147 -0.2353 0.7528
vn -0.2631 -0.3088 0.9140
vn 0.2044 -0.5573 0.8047
vn 0.1550 -0.6339 0.7577
vn 0.4403 -0.4950 0.7491
vn 0.4086 -0.0972 0.9075
vn 0.5018 0.2381 0.8316
vn 0.4449 0.2674 0.8547
vn 0.0728 0.7343 0.6750
vn 0.1121 0.7637 0.6358
vn -0.5075 0.7109 0.4869
vn -0.5249 0.4062 0.7480
vn -0.6468 0.2150 0.7317
vn -0.6266 0.1731 0.7598
vn -0.5988 -0.1709 0.7825
vn -0.5234 -0.1909 0.8304
vn 0.1666 -0.6436 0.7470
vn 0.2045 -0.5576 0.8046
vn 0.3587 -0.4828 0.7989
vn 0.3524 -0.3859 0.8526
vn 0.2587 0.4868 0.8343
vn 0.0147 0.7032 0.7108
vn -0.3526 0.6506 0.6726
vn -0.6661 0.0652 0.7430
vn -0.3137 -0.5207 0.7940
vn -0.0978 -0.5585 0.8237
vn 0.1867 -0.3660 0.9117
vn 0.4163 0.6431 0.6427
vn 0.4398 0.6367 0.6334
vn 0.3035 0.7475 0.5908
vn -0.0008 0.6749 0.7379
vn -0.2040 0.6653 0.7182
vn -0.3392 0.4046 0.8493
vn -0.6016 0.0462 0.7975
vn -0.6285 0.0764 0.7740
vn -0.5436 -0.3569 0.7597
vn -0.2051 -0.3510 0.9136
vn -0.1375 -0.3856 0.9124
vn -0.1288 -0.3751 0.9180
vn 0.2371 -0.2072 0.9491
vn 0.2767 -0.4045 0.8717
vn 0.3562 0.5185 0.7774
vn 0.2591 0.5056 0.8229
vn 0.0610 0.6499 0.7575
vn 0.3084 0.7562 0.5772
vn -0.1516 0.7631 0.6283
vn -0.2041 0.6682 0.7154
vn -0.6052 0.1066 0.7889
vn -0.5416 0.0491 0.8392
vn -0.4150 -0.3381 0.8447
vn -0.5527 -0.3674 0.7480
vn -0.1666 -0.5557 0.8145
vn -0.1378 -0.5051 0.8520
vn 0.3095 -0.2443 0.9190
vn 0.3238 -0.2728 0.9059
vn 0.3756 0.4111 0.8306
vn 0.3064 0.5148 0.8007
vn -0.3365 0.6306 0.6993
vn -0.8369 -0.1222 0.5336
vn -0.6943 -0.4599 0.5536
vn -0.3116 -0.6118 0.7271
vn 0.3513 -0.0284 0.9358
vn 0.3200 0.3310 0.8877
vn 0.2556 0.3458 0.9028
vn 0.0364 0.5012 0.8646
vn 0.4140 0.6668 0.6197
vn -0.4275 0.4748 0.7693
vn -0.3749 0.6962 0.6122
vn -0.6795 0.0958 0.7274
vn -0.4664 -0.1415 0.8732
vn -0.3688 -0.3360 0.8667
vn -0.6196 -0.3608 0.6971
vn -0.1415 -0.5265 0.8383
vn -0.2721 -0.7419 0.6128
vn 0.4078 -0.2375 0.8817
vn 0.3565 -0.0345 0.9337
vn 0.2775 0.4269 0.8606
vn 0.4551 0.4283 0.7807
vn 0.1573 0.6189 0.7695
vn 0.0545 0.5482 0.8346
vn -0.3450 0.4042 0.8471
vn -0.3458 0.3540 0.8690
vn -0.4871 -0.0813 0.8696
vn -0.7526 0.0893 0.6524
vn -0.5132 -0.4335 0.7407
vn -0.3951 -0.3867 0.8333
vn -0.0235 -0.4620 0.8865
vn -0.1241 -0.6899 0.7131
vn 0.3836 -0.2309 0.8942
vn 0.3704 -0.2014 0.9068
vn 0.5246 0.2372 0.8176
vn 0.3159 0.4835 0.8164
vn -0.6365 0.3171 0.7031
vn -0.7617 -0.0495 0.6460
vn -0.7001 -0.2050 0.6840
vn -0.0725 -0.3638 0.9287
vn 0.5274 0.1939 0.8272
vn 0.4424 0.4407 0.7811
vn 0.6536 0.3330 0.6797
vn 0.5417 0.4946 0.6797
vn 0.3246 0.4905 0.8088
vn -0.6367 0.4350 0.6367
vn -0.6396 0.3181 0.6998
vn -0.7244 0.1737 0.6672
vn -0.5618 -0.1235 0.8180
vn -0.5712 -0.0609 0.8186
vn -0.5634 -0.0617 0.8239
vn -0.0668 -0.3801 0.9225
vn -0.0665 -0.3797 0.9227
vn 0.5738 -0.0818 0.8149
vn 0.4203 0.2293 0.8779
vn 0.2268 0.4774 0.8489
vn 0.5067 0.4632 0.7271
vn 0.3449 0.5443 0.7647
vn 0.8160 0.5689 0.1020
vn -0.4786 0.2427 0.8438
vn -0.5410 0.3819 0.7493
vn -0.6109 0.0261 0.7913
vn -0.8138 0.1711 0.5553
vn -0.5993 -0.2203 0.7696
vn -0.8807 -0.2773 0.3839
vn -0.0161 -0.3332 0.9427
vn -0.0496 -0.4671 0.8828
vn 0.3309 0.0823 0.9401
vn 0.4226 -0.0156 0.9062
vn 0.2228 0.3610 0.9056
vn 0.0801 0.4253 0.9015
vn -0.3220 0.3295 0.8875
vn -0.5289 0.0214 0.8484
vn -0.4271 -0.4302 0.7953
vn -0.2589 -0.5363 0.8034
vn 0.3249 -0.2459 0.9132
vn 0.6447 0.2830 0.7101
vn 0.2725 0.3772 0.8851
vn 0.0092 0.5016 0.8651
vn 0.1865 0.5921 0.7840
vn -0.3894 0.4287 0.8152
vn -0.3894 0.4261 0.8166
vn -0.5709 -0.0706 0.8180
vn -0.6517 -0.0341 0.7577
vn -0.4414 -0.3793 0.8132
vn -0.3746 -0.3658 0.8520
vn -0.2114 -0.3982 0.8926
vn -0.1890 -0.3736 0.9081
vn 0.3492 0.0801 0.9336
vn 0.7003 -0.3035 0.6461
vn 0.2596 0.3451 0.9020
vn 0.6766 0.2914 0.6762
vn 0.1385 0.5959 0.7910
vn 0.0125 0.5088 0.8608
vn -0.3902 0.3496 0.8518
vn -0.4077 0.4453 0.7972
vn -0.5810 -0.1466 0.8006
vn -0.7095 -0.1199 0.6945
vn -0.5281 -0.3794 0.7597
vn -0.4232 -0.3421 0.8389
vn -0.0989 -0.3866 0.9169
vn -0.3224 -0.7162 0.6190
vn 0.4466 0.0039 0.8947
vn 0.3313 0.0806 0.9401
vn 0.6883 0.1239 0.7148
vn -0.0570 0.8859 0.4603
vn -0.4452 0.7515 0.4869
vn -0.6560 0.4063 0.6361
vn -0.3683 -0.3772 0.8497
vn 0.2142 -0.5700 0.7932
vn 0.5318 -0.3848 0.7544
vn 0.5733 0.2290 0.7867
vn 0.6826 0.1234 0.7203
vn -0.0033 0.8224 0.5689
vn -0.0750 0.7866 0.6130
vn -0.3670 0.7231 0.5852
vn -0.4070 0.6547 0.6369
vn -0.7144 0.1800 0.6762
vn -0.7682 0.3584 0.5305
vn -0.7274 -0.2872 0.6233
vn -0.3830 -0.3844 0.8400
vn 0.1430 -0.6040 0.7840
vn 0.1884 -0.5057 0.8419
vn 0.4937 -0.2736 0.8255
vn 0.5017 -0.3615 0.7859
vn 0.5389 0.1906 0.8205
vn 0.4845 0.2294 0.8442
vn -0.0814 0.7713 0.6312
vn -0.0023 0.8301 0.5576
vn -0.3296 0.7759 0.5379
vn -0.3619 0.7118 0.6019
vn -0.6884 0.2815 0.6685
vn -0.6380 0.1893 0.7464
vn -0.5863 -0.1693 0.7922
vn -0.5847 -0.1695 0.7934
vn 0.1566 -0.5512 0.8195
vn 0.1400 -0.5951 0.7914
vn 0.5011 -0.3437 0.7942
vn 0.4872 -0.2676 0.8313
vn 0.2228 0.4884 0.8437
vn 0.0944 0.5306 0.8423
vn -0.3895 0.2400 0.8892
vn -0.5053 -0.2591 0.8231
vn -0.4473 -0.3981 0.8009
vn 0.0114 -0.6052 0.7960
vn 0.4694 -0.0321 0.8824
vn 0.3489 0.2952 0.8895
vn -0.0489 0.4001 0.9152
vn -0.1623 0.4597 0.8731
vn 0.1025 0.7124 0.6942
vn -0.4400 0.4895 0.7528
vn -0.4429 0.3019 0.8442
vn -0.5412 -0.1859 0.8201
vn -0.4574 -0.2328 0.8582
vn -0.3253 -0.4372 0.8385
vn -0.4590 -0.4966 0.7367
vn 0.0394 -0.5828 0.8117
vn 0.0166 -0.6387 0.7693
vn 0.4612 -0.1191 0.8793
vn 0.4058 -0.0349 0.9133
vn 0.3571 0.2611 0.8968
vn 0.2937 0.2760 0.9152
vn -0.0502 0.5459 0.8364
vn -0.1647 0.3963 0.9032
vn -0.3185 0.3342 0.8870
vn -0.3208 0.3613 0.8755
vn -0.4910 -0.1585 0.8566
vn -0.4960 -0.1570 0.8540
vn -0.3365 -0.4744 0.8134
vn -0.3354 -0.4737 0.8143
vn 0.0053 -0.5649 0.8251
vn 0.0174 -0.5169 0.8559
vn 0.4082 -0.1388 0.9023
vn 0.3762 -0.0900 0.9222
vn 0.4244 0.2081 0.8813
vn -0.0633 0.5822 0.8106
vn -0.7016 0.4287 0.5692
vn -0.8508 0.1351 0.5078
vn -0.7479 -0.2409 0.6185
vn 0.4951 -0.2916 0.8184
vn 0.4346 -0.3659 0.8229
vn 0.3593 0.3013 0.8833
vn 0.5196 0.2557 0.8153
vn -0.0475 0.6566 0.7527
vn -0.0587 0.6502 0.7575
vn -0.5706 0.4907 0.6585
vn -0.6052 0.2754 0.7469
vn -0.6662 0.1540 0.7297
vn -0.6581 0.1438 0.7390
vn -0.5508 -0.2087 0.8081
vn -0.7253 -0.2002 0.6587
vn 0.4699 -0.5302 0.7057
vn 0.5266 -0.3785 0.7612
vn 0.3766 -0.4898 0.7863
vn 0.3244 -0.2921 0.8997
vn 0.4554 0.3237 0.8293
vn 0.4198 0.3285 0.8461
vn -0.0470 0.5989 0.7994
vn -0.0642 0.5848 0.8086
vn -0.5655 0.4032 0.7195
vn -0.5711 0.4911 0.6578
vn -0.7167 0.2126 0.6642
vn -0.6580 0.1531 0.7373
vn -0.5270 -0.1844 0.8296
vn -0.5137 -0.1825 0.8383
vn 0.3323 -0.3387 0.8803
vn 0.3337 -0.3760 0.8644
vn 0.3713 -0.3460 0.8617
vn 0.4315 -0.5434 0.7201
vn 0.7498 0.3769 0.5439
vn 0.2126 0.7913 0.5733
vn -0.4764 0.3780 0.7939
vn -0.4725 0.3975 0.7866
vn -0.0321 -0.4410 0.8969
vn -0.0146 -0.4462 0.8948
vn 0.7634 0.2565 0.5928
vn 0.7524 0.0307 0.6579
vn 0.4321 0.3723 0.8214
vn 0.2249 0.6483 0.7274
vn 0.1812 0.6358 0.7502
vn -0.4896 0.6094 0.6237
vn -0.5404 0.4001 0.7402
vn -0.5594 0.3733 0.7401
vn -0.5728 0.4482 0.6863
vn -0.4048 -0.7586 0.5105
vn -0.0680 -0.6938 0.7170
vn -0.1085 -0.6753 0.7296
vn -0.0110 -0.5742 0.8187
vn 0.8754 -0.0125 0.4833
vn 0.7540 0.2551 0.6053
vn 0.5532 0.1002 0.8270
vn 0.6313 0.0319 0.7749
vn 0.1411 0.6294 0.7641
vn 0.2465 0.6817 0.6888
vn -0.4536 0.5690 0.6859
vn -0.4535 0.5776 0.6788
vn -0.5199 0.4890 0.7004
vn -0.4349 0.3066 0.8467
vn -0.2519 -0.3922 0.8847
vn -0.2657 -0.3981 0.8780
vn -0.0155 -0.4990 0.8665
vn -0.1086 -0.6521 0.7503
vn 0.6439 -0.0517 0.7633
vn 0.5532 0.0959 0.8275
vn 0.7203 0.1606 0.6748
vn 0.2494 0.7606 0.5994
vn -0.1118 0.7158 0.6893
vn -0.4446 -0.2277 0.8663
vn -0.1012 -0.6779 0.7281
vn 0.0481 -0.7079 0.7047
vn 0.4158 -0.5835 0.6976
vn 0.5929 -0.0550 0.8034
vn 0.4777 -0.0242 0.8782
vn 0.2893 0.1940 0.9374
vn 0.1787 0.1155 0.9771
vn -0.0987 0.0818 0.9918
vn -0.0230 0.4404 0.8975
vn -0.4417 -0.2848 0.8508
vn -0.5075 -0.2070 0.8364
vn -0.1659 -0.7602 0.6282
vn -0.1488 -0.7582 0.6348
vn 0.2912 -0.7893 0.5406
vn 0.0921 -0.9033 0.4189
vn 0.3822 -0.8024 0.4583
vn 0.4356 -0.6067 0.6650
vn 0.5122 0.0305 0.8583
vn 0.7456 0.0971 0.6593
vn 0.1159 0.3674 0.9228
vn 0.3944 0.7833 0.4805
vn -0.3330 0.4026 0.8527
vn -0.3406 0.6027 0.7216
vn -0.4484 -0.3263 0.8321
vn -0.6069 -0.2017 0.7688
vn 0.0214 -0.7053 0.7085
vn -0.1883 -0.7959 0.5754
vn 0.2502 -0.7599 0.6000
vn 0.2853 -0.7108 0.6430
vn 0.4214 -0.5868 0.6914
vn 0.4793 -0.8487 0.2235
vn 0.5121 0.6395 0.5735
vn 0.5948 0.5239 0.6097
vn -0.5493 0.5508 0.6284
vn -0.7165 -0.3594 0.5979
vn -0.7628 -0.2934 0.5763
vn 0.1694 -0.4994 0.8497
vn 0.5575 -0.0789 0.8264
vn 0.5196 0.4709 0.7129
vn 0.3919 0.5111 0.7650
vn 0.2921 0.6028 0.7425
vn 0.5964 0.6595 0.4575
vn -0.2444 0.7301 0.6381
vn -0.3812 0.0903 0.9201
vn -0.5311 -0.4265 0.7321
vn -0.6918 -0.3252 0.6448
vn -0.7133 -0.2669 0.6481
vn -0.6831 -0.2802 0.6745
vn 0.0042 -0.6514 0.7588
vn 0.1358 -0.4007 0.9061
vn 0.5360 -0.0161 0.8440
vn 0.5575 -0.0790 0.8264
vn 0.5486 0.4071 0.7303
vn 0.4689 0.4287 0.7722
vn 0.3363 0.5640 0.7542
vn 0.2446 0.5209 0.8178
vn -0.2391 0.4518 0.8595
vn -0.2132 0.6781 0.7034
vn -0.6563 -0.4478 0.6072
vn -0.5911 -0.4666 0.6579
vn -0.6956 -0.2172 0.6848
vn -0.6348 -0.2284 0.7381
vn 0.0903 -0.5718 0.8154
vn 0.0088 -0.7410 0.6715
vn 0.6839 -0.2034 0.7007
vn 0.5804 -0.0287 0.8138
vn 0.4182 0.5778 0.7009
vn -0.1191 0.7518 0.6486
vn -0.3070 0.6154 0.7259
vn -0.3717 -0.1681 0.9130
vn -0.3384 -0.2092 0.9175
vn 0.0193 -0.3128 0.9496
vn 0.3848 -0.1654 0.9081
vn 0.5821 0.5244 0.6214
vn 0.4123 0.5721 0.7090
vn 0.1019 0.8130 0.5733
vn -0.1210 0.7147 0.6888
vn -0.1743 0.7110 0.6812
vn -0.2577 0.5514 0.7935
vn -0.7490 -0.2085 0.6289
vn -0.5752 -0.3241 0.7511
vn -0.6389 -0.0644 0.7666
vn -0.2168 -0.1286 0.9677
vn 0.1922 -0.3082 0.9317
vn 0.1180 -0.4475 0.8865
vn 0.4732 -0.2593 0.8420
vn 0.4718 -0.2466 0.8465
vn 0.2130 0.4345 0.8751
vn 0.4635 0.4504 0.7631
vn -0.0907 0.6386 0.7642
vn 0.1020 0.8135 0.5726
vn -0.2341 0.7000 0.6746
vn -0.2015 0.8326 0.5159
vn -0.4841 -0.1945 0.8531
vn -0.7267 -0.1917 0.6597
vn -0.7215 -0.1999 0.6629
vn -0.9535 -0.2292 0.1959
vn 0.2821 -0.2275 0.9320
vn 0.2962 -0.5343 0.7917
vn 0.4635 -0.2673 0.8448
vn 0.4450 -0.2311 0.8652
vn 0.6063 0.4065 0.6835
vn 0.2572 0.7061 0.6598
vn -0.5995 0.4440 0.6659
vn -0.5119 0.5730 0.6401
vn -0.4349 -0.3456 0.8315
vn -0.0426 -0.6024 0.7971
vn 0.6143 -0.1850 0.7671
vn 0.4629 0.4325 0.7737
vn 0.5771 0.3824 0.7216
vn 0.1066 0.7626 0.6380
vn 0.3271 0.8062 0.4929
vn -0.5464 0.6287 0.5534
vn -0.6050 0.4671 0.6448
vn -0.5545 0.5468 0.6273
vn -0.5679 0.6179 0.5437
vn -0.2621 -0.5795 0.7717
vn -0.4628 -0.6678 0.5829
vn -0.2499 -0.7564 0.6045
vn -0.0130 -0.4179 0.9084
vn 0.4274 0.0363 0.9034
vn 0.5118 -0.1336 0.8487
vn 0.3357 0.5735 0.7473
vn 0.6352 0.5119 0.5784
vn 0.1279 0.7933 0.5953
vn 0.1248 0.7917 0.5980
vn -0.5000 0.5056 0.7031
vn -0.4971 0.5392 0.6798
vn -0.5626 0.3904 0.7287
vn -0.6627 0.6210 0.4186
vn -0.2394 -0.4613 0.8543
vn -0.2439 -0.4655 0.8508
vn -0.1230 -0.4772 0.8701
vn -0.2474 -0.7785 0.5768
vn 0.4169 0.1241 0.9004
vn 0.5150 0.0095 0.8571
vn 0.5452 0.2203 0.8088
vn 0.0307 0.5170 0.8554
vn -0.4866 0.3826 0.7854
vn -0.6398 0.0958 0.7626
vn -0.2098 -0.5717 0.7932
vn 0.3904 -0.5582 0.7321
vn 0.6094 -0.3185 0.7261
vn 0.4615 0.0763 0.8839
vn 0.3518 0.1177 0.9286
vn 0.0155 0.5087 0.8608
vn 0.0308 0.5165 0.8557
vn -0.1540 0.5240 0.8377
vn -0.3727 0.1117 0.9212
vn -0.4782 -0.0018 0.8783
vn -0.5847 0.1086 0.8039
vn -0.4643 -0.5025 0.7294
vn -0.1697 -0.5070 0.8451
vn 0.2883 -0.6457 0.7070
vn 0.3675 -0.5276 0.7659
vn 0.3939 -0.5173 0.7598
vn 0.3621 -0.1845 0.9137
vn 0.4132 0.1661 0.8954
vn 0.6276 0.1293 0.7678
vn -0.0851 0.5002 0.8617
vn 0.0402 0.6103 0.7912
vn -0.2612 0.5227 0.8115
vn -0.1382 0.8449 0.5167
vn -0.5799 -0.0394 0.8137
vn -0.6291 -0.0157 0.7772
vn -0.3118 -0.4360 0.8442
vn -0.4383 -0.4768 0.7619
vn 0.2508 -0.5115 0.8219
vn 0.2371 -0.5734 0.7842
vn 0.4121 -0.4339 0.8012
vn 0.4608 -0.5880 0.6647
vn 0.3449 0.3413 0.8744
vn 0.2331 0.4526 0.8607
vn -0.2631 0.5227 0.8109
vn -0.6003 0.2302 0.7659
vn -0.4852 -0.4257 0.7638
vn 0.1562 -0.5793 0.8000
vn 0.3934 -0.2874 0.8733
vn 0.4047 0.2319 0.8846
vn 0.1178 0.3187 0.9405
vn -0.2055 0.4560 0.8659
vn 0.1186 0.8592 0.4977
vn -0.2204 0.7830 0.5816
vn -0.2824 0.6459 0.7093
vn -0.4987 0.1169 0.8588
vn -0.5852 0.2215 0.7800
vn -0.2026 -0.3486 0.9151
vn -0.4981 -0.4429 0.7455
vn 0.3944 -0.4318 0.8112
vn 0.3052 -0.7525 0.5837
vn 0.5065 -0.5786 0.6393
vn 0.4845 -0.4039 0.7760
vn 0.5347 0.2681 0.8014
vn 0.5268 0.2705 0.8058
vn -0.2212 0.7759 0.5909
vn -0.2915 0.6509 0.7010
vn -0.1824 0.6805 0.7097
vn -0.1968 0.6449 0.7385
vn -0.5497 0.1004 0.8293
vn -0.5788 0.1271 0.8055
vn -0.3573 -0.4602 0.8127
vn -0.2252 -0.3989 0.8889
vn 0.4409 -0.5146 0.7354
vn 0.4419 -0.4894 0.7518
vn 0.4369 -0.4934 0.7521
vn 0.4427 -0.5256 0.7265
vn 0.4077 0.1556 0.8997
vn -0.0219 0.5623 0.8266
vn -0.8552 0.1469 0.4971
vn -0.8486 0.1747 0.4994
vn -0.4556 -0.5693 0.6843
vn 0.0393 -0.5673 0.8226
vn 0.4247 -0.0151 0.9052
vn 0.5824 0.3650 0.7264
vn 0.5850 0.3634 0.7251
vn 0.4656 0.5769 0.6711
vn -0.0795 0.4610 0.8838
vn -0.6982 0.4915 0.5205
vn -0.6535 0.1104 0.7489
vn -0.5375 0.2694 0.7990
vn -0.4690 0.0756 0.8799
vn -0.4333 -0.4456 0.7834
vn -0.4191 -0.4462 0.7907
vn -0.0857 -0.7150 0.6939
vn 0.0491 -0.5924 0.8041
vn 0.5106 -0.4376 0.7401
vn 0.4929 -0.0480 0.8688
vn 0.3861 0.3736 0.8435
vn 0.5909 0.3707 0.7166
vn 0.2228 0.5394 0.8120
vn 0.6294 0.7341 0.2548
vn -0.4385 0.1706 0.8824
vn -0.5077 0.3553 0.7849
vn -0.5490 0.0839 0.8316
vn -0.7957 0.4084 0.4473
vn -0.2093 -0.4642 0.8606
vn -0.5474 -0.6213 0.5607
vn 0.0715 -0.5983 0.7981
vn -0.0996 -0.9221 0.3738
vn 0.4539 -0.1454 0.8791
vn 0.6701 -0.6060 0.4287
vn 0.3782 0.2277 0.8973
vn -0.0111 0.5249 0.8511
vn -0.7442 0.1272 0.6558
vn -0.7770 -0.1152 0.6188
vn -0.5805 -0.5050 0.6387
vn 0.1462 -0.6199 0.7710
vn 0.4229 -0.2822 0.8611
vn 0.5516 0.2406 0.7987
vn 0.4631 0.2800 0.8409
vn -0.0007 0.6576 0.7534
vn -0.0136 0.6448 0.7643
vn -0.6864 0.3377 0.6441
vn -0.6590 0.0688 0.7490
vn -0.6880 -0.0863 0.7206
vn -0.6758 -0.1042 0.7297
vn -0.5869 -0.3410 0.7344
vn -0.3880 -0.3458 0.8544
vn 0.1964 -0.4965 0.8455
vn 0.1509 -0.6270 0.7643
vn 0.5226 -0.2760 0.8067
vn 0.5374 -0.3427 0.7706
vn 0.3015 0.2147 0.9290
vn 0.4224 0.1870 0.8869
vn -0.0510 0.5656 0.8231
vn 0.0003 0.6415 0.7671
vn -0.5476 0.4024 0.7336
vn -0.5189 0.2070 0.8294
vn -0.5965 -0.1247 0.7929
vn -0.6389 -0.0828 0.7648
vn -0.5126 -0.3786 0.7706
vn -0.6328 -0.3824 0.6733
vn 0.2171 -0.6173 0.7562
vn 0.2278 -0.5709 0.7888
vn 0.4118 -0.3917 0.8228
vn 0.3232 -0.1598 0.9327
vn 0.3854 0.0077 0.9227
vn 0.0794 0.2947 0.9523
vn -0.1740 0.3203 0.9312
vn -0.5877 0.0065 0.8090
vn -0.5156 -0.3642 0.7755
vn 0.0380 -0.4788 0.8771
vn 0.3886 -0.1663 0.9063
vn 0.4086 0.1331 0.9029
vn 0.5958 0.0904 0.7980
vn 0.0222 0.3961 0.9179
vn 0.2227 0.5106 0.8305
vn -0.2611 0.3606 0.8955
vn -0.2598 0.4824 0.8365
vn -0.4201 0.0009 0.9075
vn -0.4236 0.0027 0.9058
vn -0.1868 -0.2656 0.9458
vn -0.4563 -0.3135 0.8328
vn 0.1123 -0.3630 0.9250
vn 0.0380 -0.4779 0.8776
vn 0.4230 -0.1264 0.8973
vn 0.4829 -0.2258 0.8461
vn 0.4524 0.1933 0.8706
vn 0.5493 0.1789 0.8163
vn 0.0874 0.4920 0.8662
vn 0.0278 0.4309 0.9020
vn -0.2865 0.3604 0.8877
vn -0.2918 0.3913 0.8728
vn -0.4860 0.0469 0.8727
vn -0.3999 0.0022 0.9166
vn -0.1998 -0.3183 0.9267
vn -0.2561 -0.3387 0.9054
vn 0.1392 -0.4030 0.9045
vn 0.1298 -0.4325 0.8922
vn 0.4911 -0.1683 0.8547
vn 0.4645 -0.1385 0.8747
vn 0.4697 0.0538 0.8812
vn 0.1039 0.5297 0.8418
vn -0.1558 0.5545 0.8175
vn -0.6612 -0.0274 0.7497
vn -0.4577 -0.5466 0.7012
vn -0.0548 -0.6599 0.7493
vn 0.4061 -0.3389 0.8487
vn 0.6349 0.0929 0.7670
vn 0.6478 0.0855 0.7570
vn 0.2272 0.5017 0.8347
vn 0.0412 0.4146 0.9091
vn -0.2140 0.3677 0.9050
vn -0.1558 0.5543 0.8176
vn -0.5221 -0.0927 0.8478
vn -0.5596 -0.0548 0.8269
vn -0.4001 -0.3975 0.8258
vn -0.3827 -0.3946 0.8353
vn 0.0657 -0.5256 0.8482
vn -0.0543 -0.6612 0.7483
vn 0.5311 -0.2882 0.7968
vn 0.5511 -0.4812 0.6817
vn 0.4333 0.1473 0.8891
vn 0.6046 0.0852 0.7919
vn 0.0533 0.5129 0.8568
vn 0.3495 0.6961 0.6271
vn -0.3415 0.5591 0.7555
vn -0.3280 0.6576 0.6781
vn -0.6294 0.0110 0.7770
vn -0.4834 -0.0905 0.8707
vn -0.2484 -0.4782 0.8424
vn -0.5179 -0.5675 0.6401
vn 0.0730 -0.6982 0.7121
vn 0.0887 -0.6673 0.7395
vn 0.4873 -0.3446 0.8024
vn 0.4407 -0.2511 0.8618
vn 0.6416 0.0903 0.7617
vn 0.3643 0.3606 0.8586
vn -0.5291 0.2680 0.8051
vn -0.5429 0.2502 0.8017
vn -0.2852 -0.5666 0.7731
vn -0.1561 -0.6071 0.7792
vn 0.6496 0.0247 0.7599
vn 0.6134 0.1318 0.7787
vn 0.7006 0.1066 0.7055
vn 0.2491 0.3936 0.8849
vn 0.4360 0.5036 0.7459
vn -0.5865 0.1063 0.8030
vn -0.6180 0.3525 0.7027
vn -0.6642 0.2200 0.7144
vn -0.7264 0.3330 0.6011
vn -0.1862 -0.5499 0.8142
vn -0.2928 -0.5715 0.7666
vn -0.1042 -0.5889 0.8015
vn -0.1445 -0.6473 0.7484
vn 0.5850 0.0625 0.8086
vn 0.6370 0.0251 0.7704
vn 0.6359 0.1464 0.7578
vn 0.6423 0.1439 0.7529
vn 0.2371 0.5290 0.8148
vn 0.3577 0.5882 0.7253
vn -0.6526 0.4105 0.6369
vn -0.5981 0.1145 0.7932
vn -0.5817 0.1493 0.7996
vn -0.6074 0.1857 0.7724
vn -0.3255 -0.5111 0.7955
vn -0.1557 -0.4499 0.8794
vn -0.0051 -0.4846 0.8747
vn -0.1050 -0.6184 0.7788
vn 0.7820 0.0210 0.6229
vn 0.6384 0.0828 0.7652
vn 0.3308 0.1544 0.9310
vn 0.0805 0.3807 0.9212
vn -0.7328 0.3169 0.6021
vn -0.4987 0.5243 0.6903
vn -0.2634 -0.6061 0.7505
vn 0.2627 -0.5537 0.7902
vn 0.4036 -0.2325 0.8849
vn 0.4911 0.1911 0.8499
vn 0.4687 0.2003 0.8603
vn 0.0963 0.4852 0.8691
vn 0.1021 0.4894 0.8661
vn -0.5379 0.2575 0.8027
vn -0.5232 0.1508 0.8388
vn -0.4587 0.3082 0.8334
vn -0.6039 0.5661 0.5611
vn -0.2082 -0.4815 0.8514
vn -0.2114 -0.4828 0.8498
vn 0.2427 -0.5352 0.8091
vn 0.2460 -0.5270 0.8135
vn 0.4881 -0.3010 0.8192
vn 0.4961 -0.3404 0.7988
vn 0.4468 0.2027 0.8714
vn 0.4806 0.1890 0.8563
vn 0.1859 0.5707 0.7999
vn 0.0988 0.4987 0.8611
vn -0.6388 0.4011 0.6565
vn -0.6050 0.2963 0.7390
vn -0.5241 0.4057 0.7488
vn -0.4648 0.3114 0.8289
vn -0.3068 -0.5401 0.7837
vn -0.2080 -0.4810 0.8517
vn 0.2360 -0.6424 0.7291
vn 0.2602 -0.5723 0.7776
vn 0.4313 -0.4802 0.7638
vn 0.3789 -0.2320 0.8959
vn 0.6559 0.3013 0.6921
vn 0.0742 0.7737 0.6292
vn -0.3268 0.6112 0.7209
vn -0.4422 0.0179 0.8967
vn -0.1089 -0.4285 0.8969
vn -0.1374 -0.4208 0.8967
vn 0.5793 -0.0865 0.8105
vn 0.5056 0.0732 0.8597
vn 0.3067 0.1778 0.9350
vn 0.0614 0.4616 0.8850
vn 0.0794 0.4741 0.8769
vn -0.2851 0.4766 0.8316
vn -0.2613 0.5487 0.7941
vn -0.5626 0.2344 0.7928
vn -0.4364 0.0160 0.8996
vn -0.3232 -0.4511 0.8319
vn -0.1027 -0.4184 0.9024
vn 0.1085 -0.5068 0.8552
vn -0.0535 -0.6812 0.7301
vn 0.5557 -0.4473 0.7007
vn 0.4805 -0.0447 0.8759
vn 0.4185 0.1812 0.8899
vn 0.7813 0.1448 0.6071
vn -0.0731 0.4202 0.9045
vn 0.0645 0.6436 0.7626
vn -0.4296 0.3239 0.8429
vn -0.4393 0.8332 0.3357
vn -0.6422 0.1935 0.7417
vn -0.8012 0.3439 0.4898
vn -0.0780 -0.3936 0.9160
vn -0.4328 -0.5989 0.6738
vn 0.1793 -0.5176 0.8366
vn 0.1229 -0.6837 0.7194
vn 0.4430 -0.1973 0.8745
vn 0.6360 -0.5061 0.5826
vn 0.4684 0.1051 0.8773
vn 0.0294 0.3555 0.9342
vn -0.4826 0.2978 0.8237
vn -0.5553 0.2224 0.8013
vn -0.2408 -0.5980 0.7644
vn 0.1075 -0.6149 0.7813
vn 0.5032 0.0304 0.8636
vn 0.5305 0.1285 0.8379
vn 0.5794 0.1087 0.8078
vn -0.0895 0.5537 0.8279
vn -0.0065 0.6233 0.7819
vn -0.4378 0.5111 0.7396
vn -0.4698 0.2743 0.8391
vn -0.5644 0.0955 0.8200
vn -0.6981 0.2365 0.6759
vn -0.4258 -0.4032 0.8100
vn -0.0525 -0.3200 0.9460
vn 0.0669 -0.3386 0.9385
vn 0.0014 -0.4853 0.8743
vn 0.6015 -0.0545 0.7970
vn 0.5352 0.0277 0.8443
vn 0.6793 0.1152 0.7247
vn 0.5908 0.1401 0.7946
vn -0.1650 0.4828 0.8600
vn -0.0876 0.5707 0.8165
vn -0.4665 0.4041 0.7868
vn -0.4664 0.5474 0.6949
vn -0.6388 0.1433 0.7559
vn -0.5943 0.1054 0.7973
vn -0.3067 -0.2721 0.9121
vn -0.3233 -0.2773 0.9048
vn 0.2051 -0.3014 0.9312
vn 0.1855 -0.5238 0.8314
vn 0.6415 -0.0081 0.7671
vn 0.7093 -0.0603 0.7023
vn 0.6952 0.1620 0.7003
vn 0.0892 0.6153 0.7832
vn -0.2009 0.5358 0.8201
vn -0.5311 -0.1299 0.8373
vn -0.4867 -0.2617 0.8335
vn 0.5502 -0.5596 0.6198
vn 0.6508 -0.4609 0.6034
vn 0.5771 0.2676 0.7716
vn 0.7567 0.2122 0.6183
vn -0.2469 0.6642 0.7056
vn 0.0742 0.8987 0.4322
vn -0.3627 0.7626 0.5357
vn -0.3412 0.8056 0.4843
vn -0.6584 0.0326 0.7519
vn -0.4521 -0.1659 0.8764
vn -0.1815 -0.4470 0.8759
vn -0.6541 -0.5798 0.4857
vn 0.4536 -0.5587 0.6943
vn 0.4823 -0.4318 0.7622
vn 0.6084 -0.2194 0.7627
vn 0.6738 -0.4849 0.5575
vn 0.5867 0.1690 0.7919
vn 0.5082 0.2272 0.8307
vn 0.0843 0.8703 0.4853
vn -0.2489 0.6784 0.6913
vn -0.1874 0.6745 0.7141
vn -0.2502 0.5563 0.7924
vn -0.6315 0.3003 0.7148
vn -0.4941 0.0380 0.8686
vn -0.5008 -0.4486 0.7402
vn -0.1888 -0.4619 0.8666
vn 0.2377 -0.7382 0.6313
vn 0.3896 -0.4736 0.7899
vn 0.4810 -0.4397 0.7585
vn 0.4565 -0.1782 0.8717
vn 0.2764 0.3266 0.9038
vn -0.1169 0.4049 0.9069
vn -0.3885 0.2068 0.8980
vn -0.3863 0.2116 0.8978
vn -0.1525 -0.6673 0.7290
vn 0.5076 -0.7815 0.3628
vn 0.4313 -0.8275 0.3596
vn 0.3676 0.5478 0.7515
vn 0.4193 0.5437 0.7270
vn 0.1546 0.7951 0.5864
vn -0.1117 0.6581 0.7446
vn -0.2446 0.6445 0.7244
vn -0.4005 0.2376 0.8850
vn -0.5140 0.0307 0.8572
vn -0.6142 0.2985 0.7305
vn -0.4568 -0.5944 0.6618
vn -0.0991 -0.5747 0.8124
vn 0.2045 -0.6876 0.6967
vn 0.2454 -0.5335 0.8094
vn 0.1474 -0.5792 0.8017
vn 0.1477 -0.5895 0.7942
vn 0.2054 0.3701 0.9060
vn 0.2407 0.3796 0.8933
vn -0.0488 0.5624 0.8254
vn 0.1259 0.7147 0.6880
vn -0.3780 0.5343 0.7561
vn -0.2617 0.8668 0.4245
vn -0.6547 0.2534 0.7122
vn -0.4922 0.0222 0.8702
vn -0.2614 -0.4291 0.8646
vn -0.3655 -0.4681 0.8045
vn 0.2403 -0.5323 0.8117
vn 0.2351 -0.7248 0.6476
vn 0.2430 -0.7193 0.6509
vn 0.2523 -0.7772 0.5765
vn 0.5492 0.3902 0.7390
vn -0.0699 0.5259 0.8476
vn -0.2498 0.4497 0.8575
vn -0.4744 0.1181 0.8724
vn -0.3134 -0.5204 0.7943
vn 0.6054 -0.6808 0.4123
vn 0.7642 -0.5095 0.3955
vn 0.6343 0.2314 0.7376
vn 0.4739 0.3103 0.8241
vn 0.1785 0.6444 0.7435
vn -0.0673 0.5580 0.8271
vn -0.1126 0.5607 0.8203
vn -0.1978 0.3847 0.9016
vn -0.5144 0.1126 0.8501
vn -0.5180 0.1185 0.8471
vn -0.4598 -0.3672 0.8085
vn -0.1767 -0.3911 0.9032
vn 0.2862 -0.6083 0.7403
vn 0.3804 -0.4682 0.7975
vn 0.4568 -0.4338 0.7767
vn 0.4589 -0.2295 0.8583
vn 0.4744 0.3232 0.8188
vn 0.7276 0.2584 0.6354
vn 0.1949 0.7044 0.6826
vn 0.1854 0.6980 0.6916
vn -0.1090 0.6825 0.7227
vn -0.1356 0.6134 0.7781
vn -0.5397 0.0713 0.8388
vn -0.6169 0.1505 0.7725
vn -0.4130 -0.3565 0.8381
vn -0.4538 -0.3621 0.8143
vn 0.2412 -0.5330 0.8110
vn 0.2528 -0.5064 0.8244
vn 0.4137 -0.4029 0.8164
vn 0.4120 -0.3926 0.8223
vn 0.2970 0.0763 0.9518
vn -0.1973 0.4157 0.8879
vn -0.2483 0.4079 0.8786
vn -0.6730 -0.3593 0.6465
vn -0.6204 -0.4655 0.6313
vn 0.3260 -0.4589 0.8265
vn 0.3879 -0.3564 0.8500
vn 0.5201 0.0368 0.8533
vn 0.4039 0.1097 0.9082
vn 0.0698 0.5179 0.8526
vn -0.2098 0.3091 0.9276
vn -0.2203 0.3091 0.9252
vn -0.2115 0.3577 0.9096
vn -0.6418 -0.2085 0.7380
vn -0.5637 -0.2513 0.7868
vn -0.5671 -0.2392 0.7881
vn -0.2991 -0.3072 0.9034
vn 0.1104 -0.4904 0.8645
vn 0.2379 -0.2918 0.9264
vn 0.3738 -0.2163 0.9019
vn 0.4070 -0.3610 0.8390
vn 0.5851 0.0003 0.8109
vn 0.4926 0.0336 0.8696
vn 0.0355 0.3774 0.9254
vn 0.0576 0.4014 0.9141
vn -0.2126 0.3278 0.9205
vn -0.2147 0.2971 0.9304
vn -0.4218 -0.2390 0.8746
vn -0.5708 -0.1849 0.8000
vn -0.5139 -0.2945 0.8057
vn -0.7119 -0.2763 0.6456
vn 0.2360 -0.5031 0.8314
vn 0.1946 -0.7170 0.6693
vn 0.6020 -0.3517 0.7169
vn 0.5760 -0.3067 0.7577
vn 0.5536 0.2293 0.8006
vn 0.3011 0.4738 0.8275
vn -0.0864 0.4556 0.8860
vn -0.4448 -0.1403 0.8846
vn -0.2789 -0.5188 0.8081
vn 0.2583 -0.5183 0.8153
vn 0.5777 0.1302 0.8058
vn 0.5686 0.1609 0.8068
vn 0.5115 0.1971 0.8364
vn 0.3071 0.5473 0.7786
vn 0.3102 0.5483 0.7766
vn -0.1136 0.6229 0.7740
vn -0.1505 0.5321 0.8332
vn -0.6305 -0.1319 0.7649
vn -0.5887 -0.1866 0.7865
vn -0.4807 -0.5567 0.6775
vn -0.3346 -0.5849 0.7388
vn 0.0611 -0.7836 0.6183
vn 0.2750 -0.5754 0.7703
vn 0.6180 -0.3646 0.6965
vn 0.5658 0.1393 0.8127
vn 0.7568 0.1473 0.6369
vn 0.6494 0.2080 0.7314
vn 0.3001 0.5987 0.7426
vn 0.3423 0.6186 0.7072
vn -0.0953 0.5972 0.7964
vn -0.1001 0.5732 0.8133
vn -0.4650 -0.1662 0.8696
vn -0.5695 -0.1149 0.8140
vn -0.4484 -0.4114 0.7935
vn -0.3156 -0.4016 0.8597
vn 0.1886 -0.5518 0.8124
vn 0.0629 -0.7507 0.6576
vn 0.6549 -0.2808 0.7016
vn 0.6892 -0.4298 0.5833
vn 0.4213 0.2351 0.8759
vn 0.3285 0.3362 0.8826
vn -0.3612 0.3260 0.8736
vn -0.5497 0.0774 0.8317
vn -0.4199 -0.4025 0.8134
vn 0.0558 -0.5578 0.8281
vn 0.3574 -0.3703 0.8574
vn 0.5518 0.1566 0.8192
vn 0.3957 0.2228 0.8909
vn 0.2833 0.3485 0.8935
vn 0.3595 0.3750 0.8545
vn -0.3003 0.3674 0.8802
vn -0.3051 0.2611 0.9158
vn -0.5554 -0.1235 0.8224
vn -0.7193 0.0018 0.6947
vn -0.6389 -0.3147 0.7020
vn -0.3484 -0.3722 0.8603
vn 0.0124 -0.5199 0.8541
vn 0.0638 -0.4692 0.8808
vn 0.4017 -0.2933 0.8675
vn 0.4198 -0.4265 0.8012
vn 0.4129 0.1343 0.9008
vn 0.4443 0.1258 0.8870
vn 0.2115 0.3407 0.9161
vn 0.3093 0.3976 0.8639
vn -0.2508 0.3288 0.9105
vn -0.2488 0.2990 0.9212
vn -0.4521 -0.0741 0.8889
vn -0.4135 -0.0937 0.9057
vn -0.3231 -0.2999 0.8976
vn -0.6207 -0.3028 0.7232
vn -0.0027 -0.5435 0.8394
vn 0.0112 -0.5254 0.8508
vn 0.3836 -0.2862 0.8781
vn 0.3797 -0.2755 0.8831
vn 0.3283 0.6672 0.6686
vn 0.0155 0.7462 0.6655
vn -0.3099 0.5976 0.7394
vn -0.5993 -0.0901 0.7954
vn -0.2055 -0.8152 0.5415
vn 0.0123 -0.8662 0.4995
vn 0.6376 -0.3045 0.7076
vn 0.2711 0.7204 0.6384
vn 0.3441 0.7281 0.5929
vn 0.1322 0.8322 0.5385
vn 0.0135 0.7709 0.6369
vn -0.5366 0.5578 0.6332
vn -0.4767 0.7051 0.5249
vn -0.7658 0.1823 0.6167
vn -0.6572 -0.0569 0.7516
vn -0.2505 -0.7508 0.6112
vn -0.1881 -0.7353 0.6512
vn 0.0843 -0.7725 0.6294
vn 0.0074 -0.8573 0.5147
vn 0.5053 -0.5481 0.6665
vn 0.4259 -0.0438 0.9037
vn 0.4413 0.7099 0.5489
vn 0.2534 0.6799 0.6882
vn 0.0777 0.7910 0.6069
vn 0.1321 0.8212 0.5551
vn -0.5172 0.6920 0.5036
vn -0.5513 0.5762 0.6034
vn -0.6947 0.3622 0.6214
vn -0.5967 0.1602 0.7863
vn -0.3252 -0.6431 0.6933
vn -0.1899 -0.6093 0.7699
vn 0.0759 -0.6880 0.7217
vn 0.0680 -0.6993 0.7116
vn 0.4410 -0.4587 0.7714
vn 0.4418 -0.4683 0.7652
vn 0.7105 0.1619 0.6848
vn 0.3363 0.5340 0.7757
vn -0.1808 0.5297 0.8287
vn -0.5431 0.1444 0.8271
vn -0.4578 -0.3642 0.8110
vn 0.1187 -0.5545 0.8237
vn 0.7127 0.1520 0.6848
vn 0.6214 0.2203 0.7519
vn 0.7016 0.1597 0.6945
vn 0.3498 0.5821 0.7340
vn 0.3463 0.5807 0.7368
vn -0.4004 0.5200 0.7545
vn -0.3560 0.6808 0.6401
vn -0.6724 0.2755 0.6870
vn -0.6070 0.1571 0.7790
vn -0.4833 -0.3095 0.8189
vn -0.3848 -0.3181 0.8665
vn 0.1154 -0.5009 0.8578
vn 0.1137 -0.5034 0.8565
vn 0.7341 -0.0012 0.6790
vn 0.6239 0.1701 0.7628
vn 0.7597 0.0701 0.6465
vn 0.5590 0.2080 0.8026
vn 0.1815 0.5840 0.7912
vn 0.3704 0.6821 0.6305
vn -0.2999 0.6640 0.6850
vn -0.3307 0.4325 0.8388
vn -0.4675 0.2280 0.8541
vn -0.4700 0.2312 0.8518
vn -0.3090 -0.3072 0.9001
vn -0.4986 -0.3191 0.8060
vn 0.0699 -0.5454 0.8353
vn 0.1120 -0.4766 0.8719
vn 0.7275 0.0355 0.6852
vn 0.7578 -0.0068 0.6525
vn 0.5818 0.3806 0.7188
vn 0.0108 0.8599 0.5104
vn -0.5289 0.6731 0.5169
vn -0.6808 0.2444 0.6904
vn -0.3214 -0.2628 0.9097
vn 0.2273 -0.3188 0.9202
vn 0.5560 -0.0385 0.8303
vn 0.4926 0.3228 0.8082
vn 0.5168 0.3102 0.7980
vn 0.1883 0.6989 0.6900
vn -0.0278 0.6313 0.7751
vn -0.1842 0.6363 0.7492
vn -0.2824 0.4300 0.8575
vn -0.5382 0.1660 0.8263
vn -0.5614 0.2251 0.7963
vn -0.5116 -0.3650 0.7779
vn -0.4549 -0.3786 0.8061
vn 0.0400 -0.6899 0.7228
vn 0.2590 -0.4556 0.8517
vn 0.5012 -0.3613 0.7863
vn 0.4130 -0.0174 0.9106
vn 0.5241 0.3692 0.7675
vn 0.5714 0.3664 0.7343
vn 0.1410 0.6255 0.7674
vn 0.1798 0.6573 0.7318
vn -0.3186 0.5220 0.7912
vn -0.2693 0.7952 0.5433
vn -0.6240 0.2239 0.7487
vn -0.6031 0.1985 0.7726
vn -0.3542 -0.2811 0.8919
vn -0.3968 -0.2865 0.8721
vn 0.0959 -0.3700 0.9241
vn 0.0323 -0.4980 0.8666
vn 0.4389 -0.1194 0.8906
vn 0.5969 -0.4216 0.6826
vn 0.5160 0.1121 0.8492
vn 0.0678 0.7632 0.6426
vn -0.2396 0.7738 0.5864
vn -0.7001 0.2907 0.6522
vn -0.4222 -0.3691 0.8279
vn 0.3489 -0.4704 0.8106
vn 0.3474 -0.4715 0.8106
vn 0.4965 0.3860 0.7775
vn 0.6988 0.2811 0.6578
vn 0.2932 0.7133 0.6366
vn -0.0986 0.6116 0.7850
vn -0.1952 0.6023 0.7740
vn -0.1577 0.6751 0.7207
vn -0.6082 0.1792 0.7733
vn -0.6471 0.2819 0.7083
vn -0.5258 -0.3642 0.7687
vn -0.4438 -0.3821 0.8106
vn 0.2580 -0.6331 0.7298
vn 0.3496 -0.4723 0.8091
vn 0.3364 -0.4796 0.8104
vn 0.3368 -0.4621 0.8204
vn 0.3872 0.3914 0.8348
vn 0.5134 0.3974 0.7606
vn -0.0106 0.5960 0.8029
vn 0.3296 0.8199 0.4681
vn -0.2999 0.6567 0.6919
vn -0.2419 0.8279 0.5061
vn -0.5597 0.0225 0.8284
vn -0.8207 0.2920 0.4911
vn -0.3634 -0.3601 0.8592
vn -0.5877 -0.4193 0.6920
vn 0.2270 -0.4129 0.8820
vn 0.2042 -0.5410 0.8159
vn 0.4362 -0.2713 0.8580
vn 0.5563 -0.7954 0.2404
vn 0.8489 0.0723 0.5236
vn 0.1685 0.7260 0.6667
vn -0.5788 0.3774 0.7228
vn -0.5695 0.4020 0.7170
vn -0.2677 -0.3238 0.9075
vn -0.1262 -0.3917 0.9114
vn 0.8519 0.0967 0.5148
vn 0.7435 -0.0067 0.6687
vn 0.3683 0.2229 0.9026
vn -0.0271 0.4461 0.8946
vn 0.1742 0.6015 0.7796
vn -0.4737 0.3981 0.7855
vn -0.4647 0.2788 0.8404
vn -0.4883 0.2225 0.8439
vn -0.6632 0.4420 0.6041
vn -0.0654 -0.5510 0.8320
vn -0.2727 -0.6740 0.6866
vn -0.1047 -0.7050 0.7015
vn -0.3425 -0.8361 0.4285
vn 0.7830 0.0444 0.6205
vn 0.7322 0.1054 0.6729
vn 0.7283 -0.1629 0.6656
vn 0.5346 0.0288 0.8446
vn 0.2279 0.6034 0.7641
vn -0.0271 0.4477 0.8938
vn -0.5169 0.4507 0.7278
vn -0.5163 0.4188 0.7470
vn -0.5477 0.3907 0.7399
vn -0.4498 0.2091 0.8683
vn -0.2890 -0.8465 0.4471
vn -0.0932 -0.7525 0.6520
vn -0.3862 -0.5780 0.7189
vn -0.0163 -0.3251 0.9455
vn 0.8230 0.0028 0.5681
vn 0.7901 0.0450 0.6113
vn 0.6647 0.0219 0.7468
vn 0.0339 0.4601 0.8872
vn -0.2692 0.3320 0.9041
vn -0.3505 0.1716 0.9207
vn -0.2204 -0.2882 0.9319
vn 0.3306 -0.5291 0.7815
vn 0.6431 -0.2977 0.7055
vn 0.5038 0.1031 0.8576
vn 0.6386 0.0140 0.7694
vn 0.0644 0.6436 0.7626
vn 0.0260 0.6114 0.7909
vn -0.2343 0.5815 0.7791
vn -0.2840 0.3653 0.8865
vn -0.4234 0.1571 0.8922
vn -0.4499 0.1884 0.8730
vn -0.3037 -0.3369 0.8912
vn -0.2476 -0.3294 0.9112
vn 0.2437 -0.4888 0.8377
vn 0.3235 -0.3492 0.8794
vn 0.4604 -0.2495 0.8519
vn 0.4581 -0.2419 0.8553
vn 0.4685 0.1741 0.8662
vn 0.6307 0.1293 0.7652
vn 0.0299 0.5314 0.8466
vn 0.0700 0.5962 0.7998
vn -0.1728 0.5229 0.8347
vn -0.1762 0.4687 0.8656
vn -0.3363 0.0686 0.9392
vn -0.4409 0.1616 0.8829
vn -0.1543 -0.3334 0.9301
vn -0.3731 -0.4052 0.8347
vn 0.2384 -0.4589 0.8559
vn 0.2379 -0.4606 0.8551
vn 0.4688 -0.2051 0.8592
vn 0.5028 -0.2790 0.8181
vn 0.6410 0.3963 0.6573
vn 0.4071 0.5847 0.7018
vn -0.3253 0.3433 0.8811
vn -0.5062 -0.2215 0.8335
vn -0.4066 -0.4546 0.7925
vn 0.2266 -0.6488 0.7264
vn 0.7328 -0.0614 0.6776
vn 0.5534 0.3190 0.7694
vn 0.5565 0.3174 0.7678
vn 0.3009 0.6331 0.7132
vn 0.4028 0.6650 0.6289
vn -0.2497 0.6982 0.6709
vn -0.3468 0.4074 0.8448
vn -0.6177 -0.0566 0.7844
vn -0.4591 -0.1997 0.8657
vn -0.4341 -0.2897 0.8530
vn -0.2954 -0.3012 0.9067
vn 0.2491 -0.5355 0.8070
vn 0.2163 -0.5904 0.7776
vn 0.6214 -0.3095 0.7197
vn 0.5488 0.0272 0.8355
vn 0.5734 0.3715 0.7302
vn 0.6063 0.3634 0.7074
vn 0.2928 0.6400 0.7104
vn 0.3078 0.6486 0.6961
vn -0.2157 0.5470 0.8089
vn -0.2106 0.6234 0.7530
vn -0.4712 0.0430 0.8810
vn -0.3845 -0.0275 0.9227
vn -0.2328 -0.3618 0.9027
vn -0.6077 -0.4138 0.6778
vn 0.2124 -0.6149 0.7595
vn 0.2436 -0.5200 0.8187
vn 0.5680 -0.1595 0.8074
vn 0.6153 -0.3036 0.7275
vn 0.4393 0.2012 0.8755
vn 0.0844 0.5031 0.8601
vn -0.5663 0.2655 0.7803
vn -0.6024 0.1708 0.7797
vn 0.0301 -0.7974 0.6028
vn 0.2189 -0.7676 0.6024
vn 0.4660 -0.5106 0.7226
vn 0.4076 0.3483 0.8441
vn 0.5543 0.3109 0.7721
vn -0.0218 0.7208 0.6928
vn 0.0504 0.7879 0.6137
vn -0.4612 0.6058 0.6484
vn -0.4568 0.1721 0.8727
vn -0.5158 -0.0914 0.8518
vn -0.7219 0.1871 0.6662
vn -0.2340 -0.7600 0.6063
vn 0.1157 -0.6074 0.7859
vn 0.1972 -0.6078 0.7692
vn 0.2001 -0.6027 0.7725
vn 0.4095 -0.3889 0.8253
vn 0.4306 -0.4937 0.7555
vn 0.5058 0.3666 0.7808
vn 0.4340 0.3785 0.8176
vn 0.0821 0.6722 0.7358
vn -0.0110 0.5649 0.8251
vn -0.4310 0.4202 0.7985
vn -0.4315 0.5798 0.6911
vn -0.6775 0.0587 0.7332
vn -0.5451 -0.0932 0.8332
vn -0.1878 -0.7407 0.6450
vn -0.2309 -0.7543 0.6146
vn 0.0679 -0.8137 0.5773
vn 0.1987 -0.6194 0.7595
vn 0.4679 -0.3821 0.7969
vn 0.4791 -0.4463 0.7558
f 1//1 2//1 3//1
f 1//2 3//2 4//2
f 1//3 4//3 5//3
f 1//4 5//4 6//4
f 1//5 6//5 7//5
f 1//6 7//6 8//6
f 1//7 8//7 2//7
f 2//8 9//8 10//8
f 2//9 10//9 3//9
f 3//10 10//10 11//10
f 3//11 11//11 4//11
f 4//12 11//12 12//12
f 4//13 12//13 5//13
f 5//14 12//14 13//14
f 5//15 13//15 6//15
f 6//16 13//16 14//16
f 6//17 14//17 7//17
f 7//18 14//18 15//18
f 7//19 15//19 8//19
f 8//20 15//20 9//20
f 8//21 9//21 2//21
f 9//22 16//22 17//22
f 9//23 17//23 10//23
f 10//24 17//24 18//24
f 10//25 18//25 11//25
f 11//26 18//26 19//26
f 11//27 19//27 12//27
f 12//28 19//28 20//28
f 12//29 20//29 13//29
f 13//30 20//30 21//30
f 13//31 21//31 14//31
f 14//32 21//32 22//32
f 14//33 22//33 15//33
f 15//34 22//34 16//34
f 15//35 16//35 9//35
f 23//36 24//36 25//36
f 23//37 25//37 26//37
f 23//38 26//38 27//38
f 23//39 27//39 28//39
f 23//40 28//40 29//40
f 23//41 29//41 30//41
f 23//42 30//42 24//42
f 24//43 31//43 32//43
f 24//44 32//44 25//44
f 25//45 32//45 33//45
f 25//46 33//46 26//46
f 26//47 33//47 34//47
f 26//48 34//48 27//48
f 27//49 34//49 35//49
f 27//50 35//50 28//50
f 28//51 35//51 36//51
f 28//52 36//52 29//52
f 29//53 36//53 37//53
f 29//54 37//54 30//54
f 30//55 37//55 31//55
f 30//56 31//56 24//56
f 31//57 38//57 39//57
f 31//58 39//58 32//58
f 32//59 39//59 40//59
f 32//60 40//60 33//60
f 33//61 40//61 41//61
f 33//62 41//62 34//62
f 34//63 41//63 42//63
f 34//64 42//64 35//64
f 35//65 42//65 43//65
f 35//66 43//66 36//66
f 36//67 43//67 44//67
f 36//68 44//68 37//68
f 37//69 44//69 38//69
f 37//70 38//70 31//70
f 45//71 46//71 47//71
f 45//72 47//72 48//72
f 45//73 48//73 49//73
f 45//74 49//74 50//74
f 45//75 50//75 51//75
f 45//76 51//76 52//76
f 45//77 52//77 46//77
f 46//78 53//78 54//78
f 46//79 54//79 47//79
f 47//80 54//80 55//80
f 47//81 55//81 48//81
f 48//82 55//82 56//82
f 48//83 56//83 49//83
f 49//84 56//84 57//84
f 49//85 57//85 50//85
f 50//86 57//86 58//86
f 50//87 58//87 51//87
f 51//88 58//88 59//88
f 51//89 59//89 52//89
f 52//90 59//90 53//90
f 52//91 53//91 46//91
f 53//92 60//92 61//92
f 53//93 61//93 54//93
f 54//94 61//94 62//94
f 54//95 62//95 55//95
f 55//96 62//96 63//96
f 55//97 63//97 56//97
f 56//98 63//98 64//98
f 56//99 64//99 57//99
f 57//100 64//100 65//100
f 57//101 65//101 58//101
f 58//102 65//102 66//102
f 58//103 66//103 59//103
f 59//104 66//104 60//104
f 59//105 60//105 53//105
f 67//106 68//106 69//106
f 67//107 69//107 70//107
f 67//108 70//108 71//108
f 67//109 71//109 72//109
f 67//110 72//110 73//110
f 67//111 73//111 74//111
f 67//112 74//112 68//112
f 68//113 75//113 76//113
f 68//114 76//114 69//114
f 69//115 76//115 77//115
f 69//116 77//116 70//116
f 70//117 77//117 78//117
f 70//118 78//118 71//118
f 71//119 78//119 79//119
f 71//120 79//120 72//120
f 72//121 79//121 80//121
f 72//122 80//122 73//122
f 73//123 80//123 81//123
f 73//124 81//124 74//124
f 74//125 81//125 75//125
f 74//126 75//126 68//126
f 75//127 82//127 83//127
f 75//128 83//128 76//128
f 76//129 83//129 84//129
f 76//130 84//130 77//130
f 77//131 84//131 85//131
f 77//132 85//132 78//132
f 78//133 85//133 86//133
f 78//134 86//134 79//134
f 79//135 86//135 87//135
f 79//136 87//136 80//136
f 80//137 87//137 88//137
f 80//138 88//138 81//138
f 81//139 88//139 82//139
f 81//140 82//140 75//140
f 89//141 90//141 91//141
f 89//142 91//142 92//142
f 89//143 92//143 93//143
f 89//144 93//144 94//144
f 89//145 94//145 95//145
f 89//146 95//146 96//146
f 89//147 96//147 90//147
f 90//148 97//148 98//148
f 90//149 98//149 91//149
f 91//150 98//150 99//150
f 91//151 99//151 92//151
f 92//152 99//152 100//152
f 92//153 100//153 93//153
f 93//154 100//154 101//154
f 93//155 101//155 94//155
f 94//156 101//156 102//156
f 94//157 102//157 95//157
f 95//158 102//158 103//158
f 95//159 103//159 96//159
f 96//160 103//160 97//160
f 96//161 97//161 90//161
f 97//162 104//162 105//162
f 97//163 105//163 98//163
f 98//164 105//164 106//164
f 98//165 106//165 99//165
f 99//166 106//166 107//166
f 99//167 107//167 100//167
f 100//168 107//168 108//168
f 100//169 108//169 101//169
f 101//170 108//170 109//170
f 101//171 109//171 102//171
f 102//172 109//172 110//172
f 102//173 110//173 103//173
f 103//174 110//174 104//174
f 103//175 104//175 97//175
f 111//176 112//176 113//176
f 111//177 113//177 114//177
f 111//178 114//178 115//178
f 111//179 115//179 116//179
f 111//180 116//180 117//180
f 111//181 117//181 118//181
f 111//182 118//182 112//182
f 112//183 119//183 120//183
f 112//184 120//184 113//184
f 113//185 120//185 121//185
f 113//186 121//186 114//186
f 114//187 121//187 122//187
f 114//188 122//188 115//188
f 115//189 122//189 123//189
f 115//190 123//190 116//190
f 116//191 123//191 124//191
f 116//192 124//192 117//192
f 117//193 124//193 125//193
f 117//194 125//194 118//194
f 118//195 125//195 119//195
f 118//196 119//196 112//196
f 119//197 126//197 127//197
f 119//198 127//198 120//198
f 120//199 127//199 128//199
f 120//200 128//200 121//200
f 121//201 128//201 129//201
f 121//202 129//202 122//202
f 122//203 129//203 130//203
f 122//204 130//204 123//204
f 123//205 130//205 131//205
f 123//206 131//206 124//206
f 124//207 131//207 132//207
f 124//208 132//208 125//208
f 125//209 132//209 126//209
f 125//210 126//210 119//210
f 133//211 134//211 135//211
f 133//212 135//212 136//212
f 133//213 136//213 137//213
f 133//214 137//214 138//214
f 133//215 138//215 139//215
f 133//216 139//216 140//216
f 133//217 140//217 134//217
f 134//218 141//218 142//218
f 134//219 142//219 135//219
f 135//220 142//220 143//220
f 135//221 143//221 136//221
f 136//222 143//222 144//222
f 136//223 144//223 137//223
f 137//224 144//224 145//224
f 137//225 145//225 138//225
f 138//226 145//226 146//226
f 138//227 146//227 139//227
f 139//228 146//228 147//228
f 139//229 147//229 140//229
f 140//230 147//230 141//230
f 140//231 141//231 134//231
f 141//232 148//232 149//232
f 141//233 149//233 142//233
f 142//234 149//234 150//234
f 142//235 150//235 143//235
f 143//236 150//236 151//236
f 143//237 151//237 144//237
f 144//238 151//238 152//238
f 144//239 152//239 145//239
f 145//240 152//240 153//240
f 145//241 153//241 146//241
f 146//242 153//242 154//242
f 146//243 154//243 147//243
f 147//244 154//244 148//244
f 147//245 148//245 141//245
f 155//246 156//246 157//246
f 155//247 157//247 158//247
f 155//248 158//248 159//248
f 155//249 159//249 160//249
f 155//250 160//250 161//250
f 155//251 161//251 162//251
f 155//252 162//252 156//252
f 156//253 163//253 164//253
f 156//254 164//254 157//254
f 157//255 164//255 165//255
f 157//256 165//256 158//256
f 158//257 165//257 166//257
f 158//258 166//258 159//258
f 159//259 166//259 167//259
f 159//260 167//260 160//260
f 160//261 167//261 168//261
f 160//262 168//262 161//262
f 161//263 168//263 169//263
f 161//264 169//264 162//264
f 162//265 169//265 163//265
f 162//266 163//266 156//266
f 163//267 170//267 171//267
f 163//268 171//268 164//268
f 164//269 171//269 172//269
f 164//270 172//270 165//270
f 165//271 172//271 173//271
f 165//272 173//272 166//272
f 166//273 173//273 174//273
f 166//274 174//274 167//274
f 167//275 174//275 175//275
f 167//276 175//276 168//276
f 168//277 175//277 176//277
f 168//278 176//278 169//278
f 169//279 176//279 170//279
f 169//280 170//280 163//280
f 177//281 178//281 179//281
f 177//282 179//282 180//282
f 177//283 180//283 181//283
f 177//284 181//284 182//284
f 177//285 182//285 183//285
f 177//286 183//286 184//286
f 177//287 184//287 178//287
f 178//288 185//288 186//288
f 178//289 186//289 179//289
f 179//290 186//290 187//290
f 179//291 187//291 180//291
f 180//292 187//292 188//292
f 180//293 188//293 181//293
f 181//294 188//294 189//294
f 181//295 189//295 182//295
f 182//296 189//296 190//296
f 182//297 190//297 183//297
f 183//298 190//298 191//298
f 183//299 191//299 184//299
f 184//300 191//300 185//300
f 184//301 185//301 178//301
f 185//302 192//302 193//302
f 185//303 193//303 186//303
f 186//304 193//304 194//304
f 186//305 194//305 187//305
f 187//306 194//306 195//306
f 187//307 195//307 188//307
f 188//308 195//308 196//308
f 188//309 196//309 189//309
f 189//310 196//310 197//310
f 189//311 197//311 190//311
f 190//312 197//312 198//312
f 190//313 198//313 191//313
f 191//314 198//314 192//314
f 191//315 192//315 185//315
f 199//316 200//316 201//316
f 199//317 201//317 202//317
f 199//318 202//318 203//318
f 199//319 203//319 204//319
f 199//320 204//320 205//320
f 199//321 205//321 206//321
f 199//322 206//322 200//322
f 200//323 207//323 208//323
f 200//324 208//324 201//324
f 201//325 208//325 209//325
f 201//326 209//326 202//326
f 202//327 209//327 210//327
f 202//328 210//328 203//328
f 203//329 210//329 211//329
f 203//330 211//330 204//330
f 204//331 211//331 212//331
f 204//332 212//332 205//332
f 205//333 212//333 213//333
f 205//334 213//334 206//334
f 206//335 213//335 207//335
f 206//336 207//336 200//336
f 207//337 214//337 215//337
f 207//338 215//338 208//338
f 208//339 215//339 216//339
f 208//340 216//340 209//340
f 209//341 216//341 217//341
f 209//342 217//342 210//342
f 210//343 217//343 218//343
f 210//344 218//344 211//344
f 211//345 218//345 219//345
f 211//346 219//346 212//346
f 212//347 219//347 220//347
f 212//348 220//348 213//348
f 213//349 220//349 214//349
f 213//350 214//350 207//350
f 221//351 222//351 223//351
f 221//352 223//352 224//352
f 221//353 224//353 225//353
f 221//354 225//354 226//354
f 221//355 226//355 227//355
f 221//356 227//356 228//356
f 221//357 228//357 222//357
f 222//358 229//358 230//358
f 222//359 230//359 223//359
f 223//360 230//360 231//360
f 223//361 231//361 224//361
f 224//362 231//362 232//362
f 224//363 232//363 225//363
f 225//364 232//364 233//364
f 225//365 233//365 226//365
f 226//366 233//366 234//366
f 226//367 234//367 227//367
f 227//368 234//368 235//368
f 227//369 235//369 228//369
f 228//370 235//370 229//370
f 228//371 229//371 222//371
f 229//372 236//372 237//372
f 229//373 237//373 230//373
f 230//374 237//374 238//374
f 230//375 238//375 231//375
f 231//376 238//376 239//376
f 231//377 239//377 232//377
f 232//378 239//378 240//378
f 232//379 240//379 233//379
f 233//380 240//380 241//380
f 233//381 241//381 234//381
f 234//382 241//382 242//382
f 234//383 242//383 235//383
f 235//384 242//384 236//384
f 235//385 236//385 229//385
f 243//386 244//386 245//386
f 243//387 245//387 246//387
f 243//388 246//388 247//388
f 243//389 247//389 248//389
f 243//390 248//390 249//390
f 243//391 249//391 250//391
f 243//392 250//392 244//392
f 244//393 251//393 252//393
f 244//394 252//394 245//394
f 245//395 252//395 253//395
f 245//396 253//396 246//396
f 246//397 253//397 254//397
f 246//398 254//398 247//398
f 247//399 254//399 255//399
f 247//400 255//400 248//400
f 248//401 255//401 256//401
f 248//402 256//402 249//402
f 249//403 256//403 257//403
f 249//404 257//404 250//404
f 250//405 257//405 251//405
f 250//406 251//406 244//406
f 251//407 258//407 259//407
f 251//408 259//408 252//408
f 252//409 259//409 260//409
f 252//410 260//410 253//410
f 253//411 260//411 261//411
f 253//412 261//412 254//412
f 254//413 261//413 262//413
f 254//414 262//414 255//414
f 255//415 262//415 263//415
f 255//416 263//416 256//416
f 256//417 263//417 264//417
f 256//418 264//418 257//418
f 257//419 264//419 258//419
f 257//420 258//420 251//420
f 265//421 266//421 267//421
f 265//422 267//422 268//422
f 265//423 268//423 269//423
f 265//424 269//424 270//424
f 265//425 270//425 271//425
f 265//426 271//426 272//426
f 265//427 272//427 266//427
f 266//428 273//428 274//428
f 266//429 274//429 267//429
f 267//430 274//430 275//430
f 267//431 275//431 268//431
f 268//432 275//432 276//432
f 268//433 276//433 269//433
f 269//434 276//434 277//434
f 269//435 277//435 270//435
f 270//436 277//436 278//436
f 270//437 278//437 271//437
f 271//438 278//438 279//438
f 271//439 279//439 272//439
f 272//440 279//440 273//440
f 272//441 273//441 266//441
f 273//442 280//442 281//442
f 273//443 281//443 274//443
f 274//444 281//444 282//444
f 274//445 282//445 275//445
f 275//446 282//446 283//446
f 275//447 283//447 276//447
f 276//448 283//448 284//448
f 276//449 284//449 277//449
f 277//450 284//450 285//450
f 277//451 285//451 278//451
f 278//452 285//452 286//452
f 278//453 286//453 279//453
f 279//454 286//454 280//454
f 279//455 280//455 273//455
f 287//456 288//456 289//456
f 287//457 289//457 290//457
f 287//458 290//458 291//458
f 287//459 291//459 292//459
f 287//460 292//460 293//460
f 287//461 293//461 294//461
f 287//462 294//462 288//462
f 288//463 295//463 296//463
f 288//464 296//464 289//464
f 289//465 296//465 297//465
f 289//466 297//466 290//466
f 290//467 297//467 298//467
f 290//468 298//468 291//468
f 291//469 298//469 299//469
f 291//470 299//470 292//470
f 292//471 299//471 300//471
f 292//472 300//472 293//472
f 293//473 300//473 301//473
f 293//474 301//474 294//474
f 294//475 301//475 295//475
f 294//476 295//476 288//476
f 295//477 302//477 303//477
f 295//478 303//478 296//478
f 296//479 303//479 304//479
f 296//480 304//480 297//480
f 297//481 304//481 305//481
f 297//482 305//482 298//482
f 298//483 305//483 306//483
f 298//484 306//484 299//484
f 299//485 306//485 307//485
f 299//486 307//486 300//486
f 300//487 307//487 308//487
f 300//488 308//488 301//488
f 301//489 308//489 302//489
f 301//490 302//490 295//490
f 309//491 310//491 311//491
f 309//492 311//492 312//492
f 309//493 312//493 313//493
f 309//494 313//494 314//494
f 309//495 314//495 315//495
f 309//496 315//496 316//496
f 309//497 316//497 310//497
f 310//498 317//498 318//498
f 310//499 318//499 311//499
f 311//500 318//500 319//500
f 311//501 319//501 312//501
f 312//502 319//502 320//502
f 312//503 320//503 313//503
f 313//504 320//504 321//504
f 313//505 321//505 314//505
f 314//506 321//506 322//506
f 314//507 322//507 315//507
f 315//508 322//508 323//508
f 315//509 323//509 316//509
f 316//510 323//510 317//510
f 316//511 317//511 310//511
f 317//512 324//512 325//512
f 317//513 325//513 318//513
f 318//514 325//514 326//514
f 318//515 326//515 319//515
f 319//516 326//516 327//516
f 319//517 327//517 320//517
f 320//518 327//518 328//518
f 320//519 328//519 321//519
f 321//520 328//520 329//520
f 321//521 329//521 322//521
f 322//522 329//522 330//522
f 322//523 330//523 323//523
f 323//524 330//524 324//524
f 323//525 324//525 317//525
f 331//526 332//526 333//526
f 331//527 333//527 334//527
f 331//528 334//528 335//528
f 331//529 335//529 336//529
f 331//530 336//530 337//530
f 331//531 337//531 338//531
f 331//532 338//532 332//532
f 332//533 339//533 340//533
f 332//534 340//534 333//534
f 333//535 340//535 341//535
f 333//536 341//536 334//536
f 334//537 341//537 342//537
f 334//538 342//538 335//538
f 335//539 342//539 343//539
f 335//540 343//540 336//540
f 336//541 343//541 344//541
f 336//542 344//542 337//542
f 337//543 344//543 345//543
f 337//544 345//544 338//544
f 338//545 345//545 339//545
f 338//546 339//546 332//546
f 339//547 346//547 347//547
f 339//548 347//548 340//548
f 340//549 347//549 348//549
f 340//550 348//550 341//550
f 341//551 348//551 349//551
f 341//552 349//552 342//552
f 342//553 349//553 350//553
f 342//554 350//554 343//554
f 343//555 350//555 351//555
f 343//556 351//556 344//556
f 344//557 351//557 352//557
f 344//558 352//558 345//558
f 345//559 352//559 346//559
f 345//560 346//560 339//560
f 353//561 354//561 355//561
f 353//562 355//562 356//562
f 353//563 356//563 357//563
f 353//564 357//564 358//564
f 353//565 358//565 359//565
f 353//566 359//566 360//566
f 353//567 360//567 354//567
f 354//568 361//568 362//568
f 354//569 362//569 355//569
f 355//570 362//570 363//570
f 355//571 363//571 356//571
f 356//572 363//572 364//572
f 356//573 364//573 357//573
f 357//574 364//574 365//574
f 357//575 365//575 358//575
f 358//576 365//576 366//576
f 358//577 366//577 359//577
f 359//578 366//578 367//578
f 359//579 367//579 360//579
f 360//580 367//580 361//580
f 360//581 361//581 354//581
f 361//582 368//582 369//582
f 361//583 369//583 362//583
f 362//584 369//584 370//584
f 362//585 370//585 363//585
f 363//586 370//586 371//586
f 363//587 371//587 364//587
f 364//588 371//588 372//588
f 364//589 372//589 365//589
f 365//590 372//590 373//590
f 365//591 373//591 366//591
f 366//592 373//592 374//592
f 366//593 374//593 367//593
f 367//594 374//594 368//594
f 367//595 368//595 361//595
f 375//596 376//596 377//596
f 375//597 377//597 378//597
f 375//598 378//598 379//598
f 375//599 379//599 380//599
f 375//600 380//600 381//600
f 375//601 381//601 382//601
f 375//602 382//602 376//602
f 376//603 383//603 384//603
f 376//604 384//604 377//604
f 377//605 384//605 385//605
f 377//606 385//606 378//606
f 378//607 385//607 386//607
f 378//608 386//608 379//608
f 379//609 386//609 387//609
f 379//610 387//610 380//610
f 380//611 387//611 388//611
f 380//612 388//612 381//612
f 381//613 388//613 389//613
f 381//614 389//614 382//614
f 382//615 389//615 383//615
f 382//616 383//616 376//616
f 383//617 390//617 391//617
f 383//618 391//618 384//618
f 384//619 391//619 392//619
f 384//620 392//620 385//620
f 385//621 392//621 393//621
f 385//622 393//622 386//622
f 386//623 393//623 394//623
f 386//624 394//624 387//624
f 387//625 394//625 395//625
f 387//626 395//626 388//626
f 388//627 395//627 396//627
f 388//628 396//628 389//628
f 389//629 396//629 390//629
f 389//630 390//630 383//630
f 397//631 398//631 399//631
f 397//632 399//632 400//632
f 397//633 400//633 401//633
f 397//634 401//634 402//634
f 397//635 402//635 403//635
f 397//636 403//636 404//636
f 397//637 404//637 398//637
f 398//638 405//638 406//638
f 398//639 406//639 399//639
f 399//640 406//640 407//640
f 399//641 407//641 400//641
f 400//642 407//642 408//642
f 400//643 408//643 401//643
f 401//644 408//644 409//644
f 401//645 409//645 402//645
f 402//646 409//646 410//646
f 402//647 410//647 403//647
f 403//648 410//648 411//648
f 403//649 411//649 404//649
f 404//650 411//650 405//650
f 404//651 405//651 398//651
f 405//652 412//652 413//652
f 405//653 413//653 406//653
f 406//654 413//654 414//654
f 406//655 414//655 407//655
f 407//656 414//656 415//656
f 407//657 415//657 408//657
f 408//658 415//658 416//658
f 408//659 416//659 409//659
f 409//660 416//660 417//660
f 409//661 417//661 410//661
f 410//662 417//662 418//662
f 410//663 418//663 411//663
f 411//664 418//664 412//664
f 411//665 412//665 405//665
f 419//666 420//666 421//666
f 419//667 421//667 422//667
f 419//668 422//668 423//668
f 419//669 423//669 424//669
f 419//670 424//670 425//670
f 419//671 425//671 426//671
f 419//672 426//672 420//672
f 420//673 427//673 428//673
f 420//674 428//674 421//674
f 421//675 428//675 429//675
f 421//676 429//676 422//676
f 422//677 429//677 430//677
f 422//678 430//678 423//678
f 423//679 430//679 431//679
f 423//680 431//680 424//680
f 424//681 431//681 432//681
f 424//682 432//682 425//682
f 425//683 432//683 433//683
f 425//684 433//684 426//684
f 426//685 433//685 427//685
f 426//686 427//686 420//686
f 427//687 434//687 435//687
f 427//688 435//688 428//688
f 428//689 435//689 436//689
f 428//690 436//690 429//690
f 429//691 436//691 437//691
f 429//692 437//692 430//692
f 430//693 437//693 438//693
f 430//694 438//694 431//694
f 431//695 438//695 439//695
f 431//696 439//696 432//696
f 432//697 439//697 440//697
f 432//698 440//698 433//698
f 433//699 440//699 434//699
f 433//700 434//700 427//700
f 441//701 442//701 443//701
f 441//702 443//702 444//702
f 441//703 444//703 445//703
f 441//704 445//704 446//704
f 441//705 446//705 447//705
f 441//706 447//706 448//706
f 441//707 448//707 442//707
f 442//708 449//708 450//708
f 442//709 450//709 443//709
f 443//710 450//710 451//710
f 443//711 451//711 444//711
f 444//712 451//712 452//712
f 444//713 452//713 445//713
f 445//714 452//714 453//714
f 445//715 453//715 446//715
f 446//716 453//716 454//716
f 446//717 454//717 447//717
f 447//718 454//718 455//718
f 447//719 455//719 448//719
f 448//720 455//720 449//720
f 448//721 449//721 442//721
f 449//722 456//722 457//722
f 449//723 457//723 450//723
f 450//724 457//724 458//724
f 450//725 458//725 451//725
f 451//726 458//726 459//726
f 451//727 459//727 452//727
f 452//728 459//728 460//728
f 452//729 460//729 453//729
f 453//730 460//730 461//730
f 453//731 461//731 454//731
f 454//732 461//732 462//732
f 454//733 462//733 455//733
f 455//734 462//734 456//734
f 455//735 456//735 449//735
f 463//736 464//736 465//736
f 463//737 465//737 466//737
f 463//738 466//738 467//738
f 463//739 467//739 468//739
f 463//740 468//740 469//740
f 463//741 469//741 470//741
f 463//742 470//742 464//742
f 464//743 471//743 472//743
f 464//744 472//744 465//744
f 465//745 472//745 473//745
f 465//746 473//746 466//746
f 466//747 473//747 474//747
f 466//748 474//748 467//748
f 467//749 474//749 475//749
f 467//750 475//750 468//750
f 468//751 475//751 476//751
f 468//752 476//752 469//752
f 469//753 476//753 477//753
f 469//754 477//754 470//754
f 470//755 477//755 471//755
f 470//756 471//756 464//756
f 471//757 478//757 479//757
f 471//758 479//758 472//758
f 472//759 479//759 480//759
f 472//760 480//760 473//760
f 473//761 480//761 481//761
f 473//762 481//762 474//762
f 474//763 481//763 482//763
f 474//764 482//764 475//764
f 475//765 482//765 483//765
f 475//766 483//766 476//766
f 476//767 483//767 484//767
f 476//768 484//768 477//768
f 477//769 484//769 478//769
f 477//770 478//770 471//770
f 485//771 486//771 487//771
f 485//772 487//772 488//772
f 485//773 488//773 489//773
f 485//774 489//774 490//774
f 485//775 490//775 491//775
f 485//776 491//776 492//776
f 485//777 492//777 486//777
f 486//778 493//778 494//778
f 486//779 494//779 487//779
f 487//780 494//780 495//780
f 487//781 495//781 488//781
f 488//782 495//782 496//782
f 488//783 496//783 489//783
f 489//784 496//784 497//784
f 489//785 497//785 490//785
f 490//786 497//786 498//786
f 490//787 498//787 491//787
f 491//788 498//788 499//788
f 491//789 499//789 492//789
f 492//790 499//790 493//790
f 492//791 493//791 486//791
f 493//792 500//792 501//792
f 493//793 501//793 494//793
f 494//794 501//794 502//794
f 494//795 502//795 495//795
f 495//796 502//796 503//796
f 495//797 503//797 496//797
f 496//798 503//798 504//798
f 496//799 504//799 497//799
f 497//800 504//800 505//800
f 497//801 505//801 498//801
f 498//802 505//802 506//802
f 498//803 506//803 499//803
f 499//804 506//804 500//804
f 499//805 500//805 493//805
f 507//806 508//806 509//806
f 507//807 509//807 510//807
f 507//808 510//808 511//808
f 507//809 511//809 512//809
f 507//810 512//810 513//810
f 507//811 513//811 514//811
f 507//812 514//812 508//812
f 508//813 515//813 516//813
f 508//814 516//814 509//814
f 509//815 516//815 517//815
f 509//816 517//816 510//816
f 510//817 517//817 518//817
f 510//818 518//818 511//818
f 511//819 518//819 519//819
f 511//820 519//820 512//820
f 512//821 519//821 520//821
f 512//822 520//822 513//822
f 513//823 520//823 521//823
f 513//824 521//824 514//824
f 514//825 521//825 515//825
f 514//826 515//826 508//826
f 515//827 522//827 523//827
f 515//828 523//828 516//828
f 516//829 523//829 524//829
f 516//830 524//830 517//830
f 517//831 524//831 525//831
f 517//832 525//832 518//832
f 518//833 525//833 526//833
f 518//834 526//834 519//834
f 519//835 526//835 527//835
f 519//836 527//836 520//836
f 520//837 527//837 528//837
f 520//838 528//838 521//838
f 521//839 528//839 522//839
f 521//840 522//840 515//840
f 529//841 530//841 531//841
f 529//842 531//842 532//842
f 529//843 532//843 533//843
f 529//844 533//844 534//844
f 529//845 534//845 535//845
f 529//846 535//846 536//846
f 529//847 536//847 530//847
f 530//848 537//848 538//848
f 530//849 538//849 531//849
f 531//850 538//850 539//850
f 531//851 539//851 532//851
f 532//852 539//852 540//852
f 532//853 540//853 533//853
f 533//854 540//854 541//854
f 533//855 541//855 534//855
f 534//856 541//856 542//856
f 534//857 542//857 535//857
f 535//858 542//858 543//858
f 535//859 543//859 536//859
f 536//860 543//860 537//860
f 536//861 537//861 530//861
f 537//862 544//862 545//862
f 537//863 545//863 538//863
f 538//864 545//864 546//864
f 538//865 546//865 539//865
f 539//866 546//866 547//866
f 539//867 547//867 540//867
f 540//868 547//868 548//868
f 540//869 548//869 541//869
f 541//870 548//870 549//870
f 541//871 549//871 542//871
f 542//872 549//872 550//872
f 542//873 550//873 543//873
f 543//874 550//874 544//874
f 543//875 544//875 537//875
f 551//876 552//876 553//876
f 551//877 553//877 554//877
f 551//878 554//878 555//878
f 551//879 555//879 556//879
f 551//880 556//880 557//880
f 551//881 557//881 558//881
f 551//882 558//882 552//882
f 552//883 559//883 560//883
f 552//884 560//884 553//884
f 553//885 560//885 561//885
f 553//886 561//886 554//886
f 554//887 561//887 562//887
f 554//888 562//888 555//888
f 555//889 562//889 563//889
f 555//890 563//890 556//890
f 556//891 563//891 564//891
f 556//892 564//892 557//892
f 557//893 564//893 565//893
f 557//894 565//894 558//894
f 558//895 565//895 559//895
f 558//896 559//896 552//896
f 559//897 566//897 567//897
f 559//898 567//898 560//898
f 560//899 567//899 568//899
f 560//900 568//900 561//900
f 561//901 568//901 569//901
f 561//902 569//902 562//902
f 562//903 569//903 570//903
f 562//904 570//904 563//904
f 563//905 570//905 571//905
f 563//906 571//906 564//906
f 564//907 571//907 572//907
f 564//908 572//908 565//908
f 565//909 572//909 566//909
f 565//910 566//910 559//910
f 573//911 574//911 575//911
f 573//912 575//912 576//912
f 573//913 576//913 577//913
f 573//914 577//914 578//914
f 573//915 578//915 579//915
f 573//916 579//916 580//916
f 573//917 580//917 574//917
f 574//918 581//918 582//918
f 574//919 582//919 575//919
f 575//920 582//920 583//920
f 575//921 583//921 576//921
f 576//922 583//922 584//922
f 576//923 584//923 577//923
f 577//924 584//924 585//924
f 577//925 585//925 578//925
f 578//926 585//926 586//926
f 578//927 586//927 579//927
f 579//928 586//928 587//928
f 579//929 587//929 580//929
f 580//930 587//930 581//930
f 580//931 581//931 574//931
f 581//932 588//932 589//932
f 581//933 589//933 582//933
f 582//934 589//934 590//934
f 582//935 590//935 583//935
f 583//936 590//936 591//936
f 583//937 591//937 584//937
f 584//938 591//938 592//938
f 584//939 592//939 585//939
f 585//940 592//940 593//940
f 585//941 593//941 586//941
f 586//942 593//942 594//942
f 586//943 594//943 587//943
f 587//944 594//944 588//944
f 587//945 588//945 581//945
f 595//946 596//946 597//946
f 595//947 597//947 598//947
f 595//948 598//948 599//948
f 595//949 599//949 600//949
f 595//950 600//950 601//950
f 595//951 601//951 602//951
f 595//952 602//952 596//952
f 596//953 603//953 604//953
f 596//954 604//954 597//954
f 597//955 604//955 605//955
f 597//956 605//956 598//956
f 598//957 605//957 606//957
f 598//958 606//958 599//958
f 599//959 606//959 607//959
f 599//960 607//960 600//960
f 600//961 607//961 608//961
f 600//962 608//962 601//962
f 601//963 608//963 609//963
f 601//964 609//964 602//964
f 602//965 609//965 603//965
f 602//966 603//966 596//966
f 603//967 610//967 611//967
f 603//968 611//968 604//968
f 604//969 611//969 612//969
f 604//970 612//970 605//970
f 605//971 612//971 613//971
f 605//972 613//972 606//972
f 606//973 613//973 614//973
f 606//974 614//974 607//974
f 607//975 614//975 615//975
f 607//976 615//976 608//976
f 608//977 615//977 616//977
f 608//978 616//978 609//978
f 609//979 616//979 610//979
f 609//980 610//980 603//980
f 617//981 618//981 619//981
f 617//982 619//982 620//982
f 617//983 620//983 621//983
f 617//984 621//984 622//984
f 617//985 622//985 623//985
f 617//986 623//986 624//986
f 617//987 624//987 618//987
f 618//988 625//988 626//988
f 618//989 626//989 619//989
f 619//990 626//990 627//990
f 619//991 627//991 620//991
f 620//992 627//992 628//992
f 620//993 628//993 621//993
f 621//994 628//994 629//994
f 621//995 629//995 622//995
f 622//996 629//996 630//996
f 622//997 630//997 623//997
f 623//998 630//998 631//998
f 623//999 631//999 624//999
f 624//1000 631//1000 625//1000
f 624//1001 625//1001 618//1001
f 625//1002 632//1002 633//1002
f 625//1003 633//1003 626//1003
f 626//1004 633//1004 634//1004
f 626//1005 634//1005 627//1005
f 627//1006 634//1006 635//1006
f 627//1007 635//1007 628//1007
f 628//1008 635//1008 636//1008
f 628//1009 636//1009 629//1009
f 629//1010 636//1010 637//1010
f 629//1011 637//1011 630//1011
f 630//1012 637//1012 638//1012
f 630//1013 638//1013 631//1013
f 631//1014 638//1014 632//1014
f 631//1015 632//1015 625//1015
f 639//1016 640//1016 641//1016
f 639//1017 641//1017 642//1017
f 639//1018 642//1018 643//1018
f 639//1019 643//1019 644//1019
f 639//1020 644//1020 645//1020
f 639//1021 645//1021 646//1021
f 639//1022 646//1022 640//1022
f 640//1023 647//1023 648//1023
f 640//1024 648//1024 641//1024
f 641//1025 648//1025 649//1025
f 641//1026 649//1026 642//1026
f 642//1027 649//1027 650//1027
f 642//1028 650//1028 643//1028
f 643//1029 650//1029 651//1029
f 643//1030 651//1030 644//1030
f 644//1031 651//1031 652//1031
f 644//1032 652//1032 645//1032
f 645//1033 652//1033 653//1033
f 645//1034 653//1034 646//1034
f 646//1035 653//1035 647//1035
f 646//1036 647//1036 640//1036
f 647//1037 654//1037 655//1037
f 647//1038 655//1038 648//1038
f 648//1039 655//1039 656//1039
f 648//1040 656//1040 649//1040
f 649//1041 656//1041 657//1041
f 649//1042 657//1042 650//1042
f 650//1043 657//1043 658//1043
f 650//1044 658//1044 651//1044
f 651//1045 658//1045 659//1045
f 651//1046 659//1046 652//1046
f 652//1047 659//1047 660//1047
f 652//1048 660//1048 653//1048
f 653//1049 660//1049 654//1049
f 653//1050 654//1050 647//1050
f 661//1051 662//1051 663//1051
f 661//1052 663//1052 664//1052
f 661//1053 664//1053 665//1053
f 661//1054 665//1054 666//1054
f 661//1055 666//1055 667//1055
f 661//1056 667//1056 668//1056
f 661//1057 668//1057 662//1057
f 662//1058 669//1058 670//1058
f 662//1059 670//1059 663//1059
f 663//1060 670//1060 671//1060
f 663//1061 671//1061 664//1061
f 664//1062 671//1062 672//1062
f 664//1063 672//1063 665//1063
f 665//1064 672//1064 673//1064
f 665//1065 673//1065 666//1065
f 666//1066 673//1066 674//1066
f 666//1067 674//1067 667//1067
f 667//1068 674//1068 675//1068
f 667//1069 675//1069 668//1069
f 668//1070 675//1070 669//1070
f 668//1071 669//1071 662//1071
f 669//1072 676//1072 677//1072
f 669//1073 677//1073 670//1073
f 670//1074 677//1074 678//1074
f 670//1075 678//1075 671//1075
f 671//1076 678//1076 679//1076
f 671//1077 679//1077 672//1077
f 672//1078 679//1078 680//1078
f 672//1079 680//1079 673//1079
f 673//1080 680//1080 681//1080
f 673//1081 681//1081 674//1081
f 674//1082 681//1082 682//1082
f 674//1083 682//1083 675//1083
f 675//1084 682//1084 676//1084
f 675//1085 676//1085 669//1085
f 683//1086 684//1086 685//1086
f 683//1087 685//1087 686//1087
f 683//1088 686//1088 687//1088
f 683//1089 687//1089 688//1089
f 683//1090 688//1090 689//1090
f 683//1091 689//1091 690//1091
f 683//1092 690//1092 684//1092
f 684//1093 691//1093 692//1093
f 684//1094 692//1094 685//1094
f 685//1095 692//1095 693//1095
f 685//1096 693//1096 686//1096
f 686//1097 693//1097 694//1097
f 686//1098 694//1098 687//1098
f 687//1099 694//1099 695//1099
f 687//1100 695//1100 688//1100
f 688//1101 695//1101 696//1101
f 688//1102 696//1102 689//1102
f 689//1103 696//1103 697//1103
f 689//1104 697//1104 690//1104
f 690//1105 697//1105 691//1105
f 690//1106 691//1106 684//1106
f 691//1107 698//1107 699//1107
f 691//1108 699//1108 692//1108
f 692//1109 699//1109 700//1109
f 692//1110 700//1110 693//1110
f 693//1111 700//1111 701//1111
f 693//1112 701//1112 694//1112
f 694//1113 701//1113 702//1113
f 694//1114 702//1114 695//1114
f 695//1115 702//1115 703//1115
f 695//1116 703//1116 696//1116
f 696//1117 703//1117 704//1117
f 696//1118 704//1118 697//1118
f 697//1119 704//1119 698//1119
f 697//1120 698//1120 691//1120
f 705//1121 706//1121 707//1121
f 705//1122 707//1122 708//1122
f 705//1123 708//1123 709//1123
f 705//1124 709//1124 710//1124
f 705//1125 710//1125 711//1125
f 705//1126 711//1126 712//1126
f 705//1127 712//1127 706//1127
f 706//1128 713//1128 714//1128
f 706//1129 714//1129 707//1129
f 707//1130 714//1130 715//1130
f 707//1131 715//1131 708//1131
f 708//1132 715//1132 716//1132
f 708//1133 716//1133 709//1133
f 709//1134 716//1134 717//1134
f 709//1135 717//1135 710//1135
f 710//1136 717//1136 718//1136
f 710//1137 718//1137 711//1137
f 711//1138 718//1138 719//1138
f 711//1139 719//1139 712//1139
f 712//1140 719//1140 713//1140
f 712//1141 713//1141 706//1141
f 713//1142 720//1142 721//1142
f 713//1143 721//1143 714//1143
f 714//1144 721//1144 722//1144
f 714//1145 722//1145 715//1145
f 715//1146 722//1146 723//1146
f 715//1147 723//1147 716//1147
f 716//1148 723//1148 724//1148
f 716//1149 724//1149 717//1149
f 717//1150 724//1150 725//1150
f 717//1151 725//1151 718//1151
f 718//1152 725//1152 726//1152
f 718//1153 726//1153 719//1153
f 719//1154 726//1154 720//1154
f 719//1155 720//1155 713//1155
f 727//1156 728//1156 729//1156
f 727//1157 729//1157 730//1157
f 727//1158 730//1158 731//1158
f 727//1159 731//1159 732//1159
f 727//1160 732//1160 733//1160
f 727//1161 733//1161 734//1161
f 727//1162 734//1162 728//1162
f 728//1163 735//1163 736//1163
f 728//1164 736//1164 729//1164
f 729//1165 736//1165 737//1165
f 729//1166 737//1166 730//1166
f 730//1167 737//1167 738//1167
f 730//1168 738//1168 731//1168
f 731//1169 738//1169 739//1169
f 731//1170 739//1170 732//1170
f 732//1171 739//1171 740//1171
f 732//1172 740//1172 733//1172
f 733//1173 740//1173 741//1173
f 733//1174 741//1174 734//1174
f 734//1175 741//1175 735//1175
f 734//1176 735//1176 728//1176
f 735//1177 742//1177 743//1177
f 735//1178 743//1178 736//1178
f 736//1179 743//1179 744//1179
f 736//1180 744//1180 737//1180
f 737//1181 744//1181 745//1181
f 737//1182 745//1182 738//1182
f 738//1183 745//1183 746//1183
f 738//1184 746//1184 739//1184
f 739//1185 746//1185 747//1185
f 739//1186 747//1186 740//1186
f 740//1187 747//1187 748//1187
f 740//1188 748//1188 741//1188
f 741//1189 748//1189 742//1189
f 741//1190 742//1190 735//1190
f 749//1191 750//1191 751//1191
f 749//1192 751//1192 752//1192
f 749//1193 752//1193 753//1193
f 749//1194 753//1194 754//1194
f 749//1195 754//1195 755//1195
f 749//1196 755//1196 756//1196
f 749//1197 756//1197 750//1197
f 750//1198 757//1198 758//1198
f 750//1199 758//1199 751//1199
f 751//1200 758//1200 759//1200
f 751//1201 759//1201 752//1201
f 752//1202 759//1202 760//1202
f 752//1203 760//1203 753//1203
f 753//1204 760//1204 761//1204
f 753//1205 761//1205 754//1205
f 754//1206 761//1206 762//1206
f 754//1207 762//1207 755//1207
f 755//1208 762//1208 763//1208
f 755//1209 763//1209 756//1209
f 756//1210 763//1210 757//1210
f 756//1211 757//1211 750//1211
f 757//1212 764//1212 765//1212
f 757//1213 765//1213 758//1213
f 758//1214 765//1214 766//1214
f 758//1215 766//1215 759//1215
f 759//1216 766//1216 767//1216
f 759//1217 767//1217 760//1217
f 760//1218 767//1218 768//1218
f 760//1219 768//1219 761//1219
f 761//1220 768//1220 769//1220
f 761//1221 769//1221 762//1221
f 762//1222 769//1222 770//1222
f 762//1223 770//1223 763//1223
f 763//1224 770//1224 764//1224
f 763//1225 764//1225 757//1225
f 771//1226 772//1226 773//1226
f 771//1227 773//1227 774//1227
f 771//1228 774//1228 775//1228
f 771//1229 775//1229 776//1229
f 771//1230 776//1230 777//1230
f 771//1231 777//1231 778//1231
f 771//1232 778//1232 772//1232
f 772//1233 779//1233 780//1233
f 772//1234 780//1234 773//1234
f 773//1235 780//1235 781//1235
f 773//1236 781//1236 774//1236
f 774//1237 781//1237 782//1237
f 774//1238 782//1238 775//1238
f 775//1239 782//1239 783//1239
f 775//1240 783//1240 776//1240
f 776//1241 783//1241 784//1241
f 776//1242 784//1242 777//1242
f 777//1243 784//1243 785//1243
f 777//1244 785//1244 778//1244
f 778//1245 785//1245 779//1245
f 778//1246 779//1246 772//1246
f 779//1247 786//1247 787//1247
f 779//1248 787//1248 780//1248
f 780//1249 787//1249 788//1249
f 780//1250 788//1250 781//1250
f 781//1251 788//1251 789//1251
f 781//1252 789//1252 782//1252
f 782//1253 789//1253 790//1253
f 782//1254 790//1254 783//1254
f 783//1255 790//1255 791//1255
f 783//1256 791//1256 784//1256
f 784//1257 791//1257 792//1257
f 784//1258 792//1258 785//1258
f 785//1259 792//1259 786//1259
f 785//1260 786//1260 779//1260
f 793//1261 794//1261 795//1261
f 793//1262 795//1262 796//1262
f 793//1263 796//1263 797//1263
f 793//1264 797//1264 798//1264
f 793//1265 798//1265 799//1265
f 793//1266 799//1266 800//1266
f 793//1267 800//1267 794//1267
f 794//1268 801//1268 802//1268
f 794//1269 802//1269 795//1269
f 795//1270 802//1270 803//1270
f 795//1271 803//1271 796//1271
f 796//1272 803//1272 804//1272
f 796//1273 804//1273 797//1273
f 797//1274 804//1274 805//1274
f 797//1275 805//1275 798//1275
f 798//1276 805//1276 806//1276
f 798//1277 806//1277 799//1277
f 799//1278 806//1278 807//1278
f 799//1279 807//1279 800//1279
f 800//1280 807//1280 801//1280
f 800//1281 801//1281 794//1281
f 801//1282 808//1282 809//1282
f 801//1283 809//1283 802//1283
f 802//1284 809//1284 810//1284
f 802//1285 810//1285 803//1285
f 803//1286 810//1286 811//1286
f 803//1287 811//1287 804//1287
f 804//1288 811//1288 812//1288
f 804//1289 812//1289 805//1289
f 805//1290 812//1290 813//1290
f 805//1291 813//1291 806//1291
f 806//1292 813//1292 814//1292
f 806//1293 814//1293 807//1293
f 807//1294 814//1294 808//1294
f 807//1295 808//1295 801//1295
f 815//1296 816//1296 817//1296
f 815//1297 817//1297 818//1297
f 815//1298 818//1298 819//1298
f 815//1299 819//1299 820//1299
f 815//1300 820//1300 821//1300
f 815//1301 821//1301 822//1301
f 815//1302 822//1302 816//1302
f 816//1303 823//1303 824//1303
f 816//1304 824//1304 817//1304
f 817//1305 824//1305 825//1305
f 817//1306 825//1306 818//1306
f 818//1307 825//1307 826//1307
f 818//1308 826//1308 819//1308
f 819//1309 826//1309 827//1309
f 819//1310 827//1310 820//1310
f 820//1311 827//1311 828//1311
f 820//1312 828//1312 821//1312
f 821//1313 828//1313 829//1313
f 821//1314 829//1314 822//1314
f 822//1315 829//1315 823//1315
f 822//1316 823//1316 816//1316
f 823//1317 830//1317 831//1317
f 823//1318 831//1318 824//1318
f 824//1319 831//1319 832//1319
f 824//1320 832//1320 825//1320
f 825//1321 832//1321 833//1321
f 825//1322 833//1322 826//1322
f 826//1323 833//1323 834//1323
f 826//1324 834//1324 827//1324
f 827//1325 834//1325 835//1325
f 827//1326 835//1326 828//1326
f 828//1327 835//1327 836//1327
f 828//1328 836//1328 829//1328
f 829//1329 836//1329 830//1329
f 829//1330 830//1330 823//1330
f 837//1331 838//1331 839//1331
f 837//1332 839//1332 840//1332
f 837//1333 840//1333 841//1333
f 837//1334 841//1334 842//1334
f 837//1335 842//1335 843//1335
f 837//1336 843//1336 844//1336
f 837//1337 844//1337 838//1337
f 838//1338 845//1338 846//1338
f 838//1339 846//1339 839//1339
f 839//1340 846//1340 847//1340
f 839//1341 847//1341 840//1341
f 840//1342 847//1342 848//1342
f 840//1343 848//1343 841//1343
f 841//1344 848//1344 849//1344
f 841//1345 849//1345 842//1345
f 842//1346 849//1346 850//1346
f 842//1347 850//1347 843//1347
f 843//1348 850//1348 851//1348
f 843//1349 851//1349 844//1349
f 844//1350 851//1350 845//1350
f 844//1351 845//1351 838//1351
f 845//1352 852//1352 853//1352
f 845//1353 853//1353 846//1353
f 846//1354 853//1354 854//1354
f 846//1355 854//1355 847//1355
f 847//1356 854//1356 855//1356
f 847//1357 855//1357 848//1357
f 848//1358 855//1358 856//1358
f 848//1359 856//1359 849//1359
f 849//1360 856//1360 857//1360
f 849//1361 857//1361 850//1361
f 850//1362 857//1362 858//1362
f 850//1363 858//1363 851//1363
f 851//1364 858//1364 852//1364
f 851//1365 852//1365 845//1365
f 859//1366 860//1366 861//1366
f 859//1367 861//1367 862//1367
f 859//1368 862//1368 863//1368
f 859//1369 863//1369 864//1369
f 859//1370 864//1370 865//1370
f 859//1371 865//1371 866//1371
f 859//1372 866//1372 860//1372
f 860//1373 867//1373 868//1373
f 860//1374 868//1374 861//1374
f 861//1375 868//1375 869//1375
f 861//1376 869//1376 862//1376
f 862//1377 869//1377 870//1377
f 862//1378 870//1378 863//1378
f 863//1379 870//1379 871//1379
f 863//1380 871//1380 864//1380
f 864//1381 871//1381 872//1381
f 864//1382 872//1382 865//1382
f 865//1383 872//1383 873//1383
f 865//1384 873//1384 866//1384
f 866//1385 873//1385 867//1385
f 866//1386 867//1386 860//1386
f 867//1387 874//1387 875//1387
f 867//1388 875//1388 868//1388
f 868//1389 875//1389 876//1389
f 868//1390 876//1390 869//1390
f 869//1391 876//1391 877//1391
f 869//1392 877//1392 870//1392
f 870//1393 877//1393 878//1393
f 870//1394 878//1394 871//1394
f 871//1395 878//1395 879//1395
f 871//1396 879//1396 872//1396
f 872//1397 879//1397 880//1397
f 872//1398 880//1398 873//1398
f 873//1399 880//1399 874//1399
f 873//1400 874//1400 867//1400
f 881//1401 882//1401 883//1401
f 881//1402 883//1402 884//1402
f 881//1403 884//1403 885//1403
f 881//1404 885//1404 886//1404
f 881//1405 886//1405 887//1405
f 881//1406 887//1406 888//1406
f 881//1407 888//1407 882//1407
f 882//1408 889//1408 890//1408
f 882//1409 890//1409 883//1409
f 883//1410 890//1410 891//1410
f 883//1411 891//1411 884//1411
f 884//1412 891//1412 892//1412
f 884//1413 892//1413 885//1413
f 885//1414 892//1414 893//1414
f 885//1415 893//1415 886//1415
f 886//1416 893//1416 894//1416
f 886//1417 894//1417 887//1417
f 887//1418 894//1418 895//1418
f 887//1419 895//1419 888//1419
f 888//1420 895//1420 889//1420
f 888//1421 889//1421 882//1421
f 889//1422 896//1422 897//1422
f 889//1423 897//1423 890//1423
f 890//1424 897//1424 898//1424
f 890//1425 898//1425 891//1425
f 891//1426 898//1426 899//1426
f 891//1427 899//1427 892//1427
f 892//1428 899//1428 900//1428
f 892//1429 900//1429 893//1429
f 893//1430 900//1430 901//1430
f 893//1431 901//1431 894//1431
f 894//1432 901//1432 902//1432
f 894//1433 902//1433 895//1433
f 895//1434 902//1434 896//1434
f 895//1435 896//1435 889//1435
f 903//1436 904//1436 905//1436
f 903//1437 905//1437 906//1437
f 903//1438 906//1438 907//1438
f 903//1439 907//1439 908//1439
f 903//1440 908//1440 909//1440
f 903//1441 909//1441 910//1441
f 903//1442 910//1442 904//1442
f 904//1443 911//1443 912//1443
f 904//1444 912//1444 905//1444
f 905//1445 912//1445 913//1445
f 905//1446 913//1446 906//1446
f 906//1447 913//1447 914//1447
f 906//1448 914//1448 907//1448
f 907//1449 914//1449 915//1449
f 907//1450 915//1450 908//1450
f 908//1451 915//1451 916//1451
f 908//1452 916//1452 909//1452
f 909//1453 916//1453 917//1453
f 909//1454 917//1454 910//1454
f 910//1455 917//1455 911//1455
f 910//1456 911//1456 904//1456
f 911//1457 918//1457 919//1457
f 911//1458 919//1458 912//1458
f 912//1459 919//1459 920//1459
f 912//1460 920//1460 913//1460
f 913//1461 920//1461 921//1461
f 913//1462 921//1462 914//1462
f 914//1463 921//1463 922//1463
f 914//1464 922//1464 915//1464
f 915//1465 922//1465 923//1465
f 915//1466 923//1466 916//1466
f 916//1467 923//1467 924//1467
f 916//1468 924//1468 917//1468
f 917//1469 924//1469 918//1469
f 917//1470 918//1470 911//1470
f 925//1471 926//1471 927//1471
f 925//1472 927//1472 928//1472
f 925//1473 928//1473 929//1473
f 925//1474 929//1474 930//1474
f 925//1475 930//1475 931//1475
f 925//1476 931//1476 932//1476
f 925//1477 932//1477 926//1477
f 926//1478 933//1478 934//1478
f 926//1479 934//1479 927//1479
f 927//1480 934//1480 935//1480
f 927//1481 935//1481 928//1481
f 928//1482 935//1482 936//1482
f 928//1483 936//1483 929//1483
f 929//1484 936//1484 937//1484
f 929//1485 937//1485 930//1485
f 930//1486 937//1486 938//1486
f 930//1487 938//1487 931//1487
f 931//1488 938//1488 939//1488
f 931//1489 939//1489 932//1489
f 932//1490 939//1490 933//1490
f 932//1491 933//1491 926//1491
f 933//1492 940//1492 941//1492
f 933//1493 941//1493 934//1493
f 934//1494 941//1494 942//1494
f 934//1495 942//1495 935//1495
f 935//1496 942//1496 943//1496
f 935//1497 943//1497 936//1497
f 936//1498 943//1498 944//1498
f 936//1499 944//1499 937//1499
f 937//1500 944//1500 945//1500
f 937//1501 945//1501 938//1501
f 938//1502 945//1502 946//1502
f 938//1503 946//1503 939//1503
f 939//1504 946//1504 940//1504
f 939//1505 940//1505 933//1505
f 947//1506 948//1506 949//1506
f 947//1507 949//1507 950//1507
f 947//1508 950//1508 951//1508
f 947//1509 951//1509 952//1509
f 947//1510 952//1510 953//1510
f 947//1511 953//1511 954//1511
f 947//1512 954//1512 948//1512
f 948//1513 955//1513 956//1513
f 948//1514 956//1514 949//1514
f 949//1515 956//1515 957//1515
f 949//1516 957//1516 950//1516
f 950//1517 957//1517 958//1517
f 950//1518 958//1518 951//1518
f 951//1519 958//1519 959//1519
f 951//1520 959//1520 952//1520
f 952//1521 959//1521 960//1521
f 952//1522 960//1522 953//1522
f 953//1523 960//1523 961//1523
f 953//1524 961//1524 954//1524
f 954//1525 961//1525 955//1525
f 954//1526 955//1526 948//1526
f 955//1527 962//1527 963//1527
f 955//1528 963//1528 956//1528
f 956//1529 963//1529 964//1529
f 956//1530 964//1530 957//1530
f 957//1531 964//1531 965//1531
f 957//1532 965//1532 958//1532
f 958//1533 965//1533 966//1533
f 958//1534 966//1534 959//1534
f 959//1535 966//1535 967//1535
f 959//1536 967//1536 960//1536
f 960//1537 967//1537 968//1537
f 960//1538 968//1538 961//1538
f 961//1539 968//1539 962//1539
f 961//1540 962//1540 955//1540
f 969//1541 970//1541 971//1541
f 969//1542 971//1542 972//1542
f 969//1543 972//1543 973//1543
f 969//1544 973//1544 974//1544
f 969//1545 974//1545 975//1545
f 969//1546 975//1546 976//1546
f 969//1547 976//1547 970//1547
f 970//1548 977//1548 978//1548
f 970//1549 978//1549 971//1549
f 971//1550 978//1550 979//1550
f 971//1551 979//1551 972//1551
f 972//1552 979//1552 980//1552
f 972//1553 980//1553 973//1553
f 973//1554 980//1554 981//1554
f 973//1555 981//1555 974//1555
f 974//1556 981//1556 982//1556
f 974//1557 982//1557 975//1557
f 975//1558 982//1558 983//1558
f 975//1559 983//1559 976//1559
f 976//1560 983//1560 977//1560
f 976//1561 977//1561 970//1561
f 977//1562 984//1562 985//1562
f 977//1563 985//1563 978//1563
f 978//1564 985//1564 986//1564
f 978//1565 986//1565 979//1565
f 979//1566 986//1566 987//1566
f 979//1567 987//1567 980//1567
f 980//1568 987//1568 988//1568
f 980//1569 988//1569 981//1569
f 981//1570 988//1570 989//1570
f 981//1571 989//1571 982//1571
f 982//1572 989//1572 990//1572
f 982//1573 990//1573 983//1573
f 983//1574 990//1574 984//1574
f 983//1575 984//1575 977//1575
f 991//1576 992//1576 993//1576
f 991//1577 993//1577 994//1577
f 991//1578 994//1578 995//1578
f 991//1579 995//1579 996//1579
f 991//1580 996//1580 997//1580
f 991//1581 997//1581 998//1581
f 991//1582 998//1582 992//1582
f 992//1583 999//1583 1000//1583
f 992//1584 1000//1584 993//1584
f 993//1585 1000//1585 1001//1585
f 993//1586 1001//1586 994//1586
f 994//1587 1001//1587 1002//1587
f 994//1588 1002//1588 995//1588
f 995//1589 1002//1589 1003//1589
f 995//1590 1003//1590 996//1590
f 996//1591 1003//1591 1004//1591
f 996//1592 1004//1592 997//1592
f 997//1593 1004//1593 1005//1593
f 997//1594 1005//1594 998//1594
f 998//1595 1005//1595 999//1595
f 998//1596 999//1596 992//1596
f 999//1597 1006//1597 1007//1597
f 999//1598 1007//1598 1000//1598
f 1000//1599 1007//1599 1008//1599
f 1000//1600 1008//1600 1001//1600
f 1001//1601 1008//1601 1009//1601
f 1001//1602 1009//1602 1002//1602
f 1002//1603 1009//1603 1010//1603
f 1002//1604 1010//1604 1003//1604
f 1003//1605 1010//1605 1011//1605
f 1003//1606 1011//1606 1004//1606
f 1004//1607 1011//1607 1012//1607
f 1004//1608 1012//1608 1005//1608
f 1005//1609 1012//1609 1006//1609
f 1005//1610 1006//1610 999//1610
f 1013//1611 1014//1611 1015//1611
f 1013//1612 1015//1612 1016//1612
f 1013//1613 1016//1613 1017//1613
f 1013//1614 1017//1614 1018//1614
f 1013//1615 1018//1615 1019//1615
f 1013//1616 1019//1616 1020//1616
f 1013//1617 1020//1617 1014//1617
f 1014//1618 1021//1618 1022//1618
f 1014//1619 1022//1619 1015//1619
f 1015//1620 1022//1620 1023//1620
f 1015//1621 1023//1621 1016//1621
f 1016//1622 1023//1622 1024//1622
f 1016//1623 1024//1623 1017//1623
f 1017//1624 1024//1624 1025//1624
f 1017//1625 1025//1625 1018//1625
f 1018//1626 1025//1626 1026//1626
f 1018//1627 1026//1627 1019//1627
f 1019//1628 1026//1628 1027//1628
f 1019//1629 1027//1629 1020//1629
f 1020//1630 1027//1630 1021//1630
f 1020//1631 1021//1631 1014//1631
f 1021//1632 1028//1632 1029//1632
f 1021//1633 1029//1633 1022//1633
f 1022//1634 1029//1634 1030//1634
f 1022//1635 1030//1635 1023//1635
f 1023//1636 1030//1636 1031//1636
f 1023//1637 1031//1637 1024//1637
f 1024//1638 1031//1638 1032//1638
f 1024//1639 1032//1639 1025//1639
f 1025//1640 1032//1640 1033//1640
f 1025//1641 1033//1641 1026//1641
f 1026//1642 1033//1642 1034//1642
f 1026//1643 1034//1643 1027//1643
f 1027//1644 1034//1644 1028//1644
f 1027//1645 1028//1645 1021//1645
f 1035//1646 1036//1646 1037//1646
f 1035//1647 1037//1647 1038//1647
f 1035//1648 1038//1648 1039//1648
f 1035//1649 1039//1649 1040//1649
f 1035//1650 1040//1650 1041//1650
f 1035//1651 1041//1651 1042//1651
f 1035//1652 1042//1652 1036//1652
f 1036//1653 1043//1653 1044//1653
f 1036//1654 1044//1654 1037//1654
f 1037//1655 1044//1655 1045//1655
f 1037//1656 1045//1656 1038//1656
f 1038//1657 1045//1657 1046//1657
f 1038//1658 1046//1658 1039//1658
f 1039//1659 1046//1659 1047//1659
f 1039//1660 1047//1660 1040//1660
f 1040//1661 1047//1661 1048//1661
f 1040//1662 1048//1662 1041//1662
f 1041//1663 1048//1663 1049//1663
f 1041//1664 1049//1664 1042//1664
f 1042//1665 1049//1665 1043//1665
f 1042//1666 1043//1666 1036//1666
f 1043//1667 1050//1667 1051//1667
f 1043//1668 1051//1668 1044//1668
f 1044//1669 1051//1669 1052//1669
f 1044//1670 1052//1670 1045//1670
f 1045//1671 1052//1671 1053//1671
f 1045//1672 1053//1672 1046//1672
f 1046//1673 1053//1673 1054//1673
f 1046//1674 1054//1674 1047//1674
f 1047//1675 1054//1675 1055//1675
f 1047//1676 1055//1676 1048//1676
f 1048//1677 1055//1677 1056//1677
f 1048//1678 1056//1678 1049//1678
f 1049//1679 1056//1679 1050//1679
f 1049//1680 1050//1680 1043//1680
f 1057//1681 1058//1681 1059//1681
f 1057//1682 1059//1682 1060//1682
f 1057//1683 1060//1683 1061//1683
f 1057//1684 1061//1684 1062//1684
f 1057//1685 1062//1685 1063//1685
f 1057//1686 1063//1686 1064//1686
f 1057//1687 1064//1687 1058//1687
f 1058//1688 1065//1688 1066//1688
f 1058//1689 1066//1689 1059//1689
f 1059//1690 1066//1690 1067//1690
f 1059//1691 1067//1691 1060//1691
f 1060//1692 1067//1692 1068//1692
f 1060//1693 1068//1693 1061//1693
f 1061//1694 1068//1694 1069//1694
f 1061//1695 1069//1695 1062//1695
f 1062//1696 1069//1696 1070//1696
f 1062//1697 1070//1697 1063//1697
f 1063//1698 1070//1698 1071//1698
f 1063//1699 1071//1699 1064//1699
f 1064//1700 1071//1700 1065//1700
f 1064//1701 1065//1701 1058//1701
f 1065//1702 1072//1702 1073//1702
f 1065//1703 1073//1703 1066//1703
f 1066//1704 1073//1704 1074//1704
f 1066//1705 1074//1705 1067//1705
f 1067//1706 1074//1706 1075//1706
f 1067//1707 1075//1707 1068//1707
f 1068//1708 1075//1708 1076//1708
f 1068//1709 1076//1709 1069//1709
f 1069//1710 1076//1710 1077//1710
f 1069//1711 1077//1711 1070//1711
f 1070//1712 1077//1712 1078//1712
f 1070//1713 1078//1713 1071//1713
f 1071//1714 1078//1714 1072//1714
f 1071//1715 1072//1715 1065//1715
f 1079//1716 1080//1716 1081//1716
f 1079//1717 1081//1717 1082//1717
f 1079//1718 1082//1718 1083//1718
f 1079//1719 1083//1719 1084//1719
f 1079//1720 1084//1720 1085//1720
f 1079//1721 1085//1721 1086//1721
f 1079//1722 1086//1722 1080//1722
f 1080//1723 1087//1723 1088//1723
f 1080//1724 1088//1724 1081//1724
f 1081//1725 1088//1725 1089//1725
f 1081//1726 1089//1726 1082//1726
f 1082//1727 1089//1727 1090//1727
f 1082//1728 1090//1728 1083//1728
f 1083//1729 1090//1729 1091//1729
f 1083//1730 1091//1730 1084//1730
f 1084//1731 1091//1731 1092//1731
f 1084//1732 1092//1732 1085//1732
f 1085//1733 1092//1733 1093//1733
f 1085//1734 1093//1734 1086//1734
f 1086//1735 1093//1735 1087//1735
f 1086//1736 1087//1736 1080//1736
f 1087//1737 1094//1737 1095//1737
f 1087//1738 1095//1738 1088//1738
f 1088//1739 1095//1739 1096//1739
f 1088//1740 1096//1740 1089//1740
f 1089//1741 1096//1741 1097//1741
f 1089//1742 1097//1742 1090//1742
f 1090//1743 1097//1743 1098//1743
f 1090//1744 1098//1744 1091//1744
f 1091//1745 1098//1745 1099//1745
f 1091//1746 1099//1746 1092//1746
f 1092//1747 1099//1747 1100//1747
f 1092//1748 1100//1748 1093//1748
f 1093//1749 1100//1749 1094//1749
f 1093//1750 1094//1750 1087//1750
f 1101//1751 1102//1751 1103//1751
f 1101//1752 1103//1752 1104//1752
f 1101//1753 1104//1753 1105//1753
f 1101//1754 1105//1754 1106//1754
f 1101//1755 1106//1755 1107//1755
f 1101//1756 1107//1756 1108//1756
f 1101//1757 1108//1757 1102//1757
f 1102//1758 1109//1758 1110//1758
f 1102//1759 1110//1759 1103//1759
f 1103//1760 1110//1760 1111//1760
f 1103//1761 1111//1761 1104//1761
f 1104//1762 1111//1762 1112//1762
f 1104//1763 1112//1763 1105//1763
f 1105//1764 1112//1764 1113//1764
f 1105//1765 1113//1765 1106//1765
f 1106//1766 1113//1766 1114//1766
f 1106//1767 1114//1767 1107//1767
f 1107//1768 1114//1768 1115//1768
f 1107//1769 1115//1769 1108//1769
f 1108//1770 1115//1770 1109//1770
f 1108//1771 1109//1771 1102//1771
f 1109//1772 1116//1772 1117//1772
f 1109//1773 1117//1773 1110//1773
f 1110//1774 1117//1774 1118//1774
f 1110//1775 1118//1775 1111//1775
f 1111//1776 1118//1776 1119//1776
f 1111//1777 1119//1777 1112//1777
f 1112//1778 1119//1778 1120//1778
f 1112//1779 1120//1779 1113//1779
f 1113//1780 1120//1780 1121//1780
f 1113//1781 1121//1781 1114//1781
f 1114//1782 1121//1782 1122//1782
f 1114//1783 1122//1783 1115//1783
f 1115//1784 1122//1784 1116//1784
f 1115//1785 1116//1785 1109//1785
f 1123//1786 1124//1786 1125//1786
f 1123//1787 1125//1787 1126//1787
f 1123//1788 1126//1788 1127//1788
f 1123//1789 1127//1789 1128//1789
f 1123//1790 1128//1790 1129//1790
f 1123//1791 1129//1791 1130//1791
f 1123//1792 1130//1792 1124//1792
f 1124//1793 1131//1793 1132//1793
f 1124//1794 1132//1794 1125//1794
f 1125//1795 1132//1795 1133//1795
f 1125//1796 1133//1796 1126//1796
f 1126//1797 1133//1797 1134//1797
f 1126//1798 1134//1798 1127//1798
f 1127//1799 1134//1799 1135//1799
f 1127//1800 1135//1800 1128//1800
f 1128//1801 1135//1801 1136//1801
f 1128//1802 1136//1802 1129//1802
f 1129//1803 1136//1803 1137//1803
f 1129//1804 1137//1804 1130//1804
f 1130//1805 1137//1805 1131//1805
f 1130//1806 1131//1806 1124//1806
f 1131//1807 1138//1807 1139//1807
f 1131//1808 1139//1808 1132//1808
f 1132//1809 1139//1809 1140//1809
f 1132//1810 1140//1810 1133//1810
f 1133//1811 1140//1811 1141//1811
f 1133//1812 1141//1812 1134//1812
f 1134//1813 1141//1813 1142//1813
f 1134//1814 1142//1814 1135//1814
f 1135//1815 1142//1815 1143//1815
f 1135//1816 1143//1816 1136//1816
f 1136//1817 1143//1817 1144//1817
f 1136//1818 1144//1818 1137//1818
f 1137//1819 1144//1819 1138//1819
f 1137//1820 1138//1820 1131//1820
f 1145//1821 1146//1821 1147//1821
f 1145//1822 1147//1822 1148//1822
f 1145//1823 1148//1823 1149//1823
f 1145//1824 1149//1824 1150//1824
f 1145//1825 1150//1825 1151//1825
f 1145//1826 1151//1826 1152//1826
f 1145//1827 1152//1827 1146//1827
f 1146//1828 1153//1828 1154//1828
f 1146//1829 1154//1829 1147//1829
f 1147//1830 1154//1830 1155//1830
f 1147//1831 1155//1831 1148//1831
f 1148//1832 1155//1832 1156//1832
f 1148//1833 1156//1833 1149//1833
f 1149//1834 1156//1834 1157//1834
f 1149//1835 1157//1835 1150//1835
f 1150//1836 1157//1836 1158//1836
f 1150//1837 1158//1837 1151//1837
f 1151//1838 1158//1838 1159//1838
f 1151//1839 1159//1839 1152//1839
f 1152//1840 1159//1840 1153//1840
f 1152//1841 1153//1841 1146//1841
f 1153//1842 1160//1842 1161//1842
f 1153//1843 1161//1843 1154//1843
f 1154//1844 1161//1844 1162//1844
f 1154//1845 1162//1845 1155//1845
f 1155//1846 1162//1846 1163//1846
f 1155//1847 1163//1847 1156//1847
f 1156//1848 1163//1848 1164//1848
f 1156//1849 1164//1849 1157//1849
f 1157//1850 1164//1850 1165//1850
f 1157//1851 1165//1851 1158//1851
f 1158//1852 1165//1852 1166//1852
f 1158//1853 1166//1853 1159//1853
f 1159//1854 1166//1854 1160//1854
f 1159//1855 1160//1855 1153//1855
f 1167//1856 1168//1856 1169//1856
f 1167//1857 1169//1857 1170//1857
f 1167//1858 1170//1858 1171//1858
f 1167//1859 1171//1859 1172//1859
f 1167//1860 1172//1860 1173//1860
f 1167//1861 1173//1861 1174//1861
f 1167//1862 1174//1862 1168//1862
f 1168//1863 1175//1863 1176//1863
f 1168//1864 1176//1864 1169//1864
f 1169//1865 1176//1865 1177//1865
f 1169//1866 1177//1866 1170//1866
f 1170//1867 1177//1867 1178//1867
f 1170//1868 1178//1868 1171//1868
f 1171//1869 1178//1869 1179//1869
f 1171//1870 1179//1870 1172//1870
f 1172//1871 1179//1871 1180//1871
f 1172//1872 1180//1872 1173//1872
f 1173//1873 1180//1873 1181//1873
f 1173//1874 1181//1874 1174//1874
f 1174//1875 1181//1875 1175//1875
f 1174//1876 1175//1876 1168//1876
f 1175//1877 1182//1877 1183//1877
f 1175//1878 1183//1878 1176//1878
f 1176//1879 1183//1879 1184//1879
f 1176//1880 1184//1880 1177//1880
f 1177//1881 1184//1881 1185//1881
f 1177//1882 1185//1882 1178//1882
f 1178//1883 1185//1883 1186//1883
f 1178//1884 1186//1884 1179//1884
f 1179//1885 1186//1885 1187//1885
f 1179//1886 1187//1886 1180//1886
f 1180//1887 1187//1887 1188//1887
f 1180//1888 1188//1888 1181//1888
f 1181//1889 1188//1889 1182//1889
f 1181//1890 1182//1890 1175//1890
f 1189//1891 1190//1891 1191//1891
f 1189//1892 1191//1892 1192//1892
f 1189//1893 1192//1893 1193//1893
f 1189//1894 1193//1894 1194//1894
f 1189//1895 1194//1895 1195//1895
f 1189//1896 1195//1896 1196//1896
f 1189//1897 1196//1897 1190//1897
f 1190//1898 1197//1898 1198//1898
f 1190//1899 1198//1899 1191//1899
f 1191//1900 1198//1900 1199//1900
f 1191//1901 1199//1901 1192//1901
f 1192//1902 1199//1902 1200//1902
f 1192//1903 1200//1903 1193//1903
f 1193//1904 1200//1904 1201//1904
f 1193//1905 1201//1905 1194//1905
f 1194//1906 1201//1906 1202//1906
f 1194//1907 1202//1907 1195//1907
f 1195//1908 1202//1908 1203//1908
f 1195//1909 1203//1909 1196//1909
f 1196//1910 1203//1910 1197//1910
f 1196//1911 1197//1911 1190//1911
f 1197//1912 1204//1912 1205//1912
f 1197//1913 1205//1913 1198//1913
f 1198//1914 1205//1914 1206//1914
f 1198//1915 1206//1915 1199//1915
f 1199//1916 1206//1916 1207//1916
f 1199//1917 1207//1917 1200//1917
f 1200//1918 1207//1918 1208//1918
f 1200//1919 1208//1919 1201//1919
f 1201//1920 1208//1920 1209//1920
f 1201//1921 1209//1921 1202//1921
f 1202//1922 1209//1922 1210//1922
f 1202//1923 1210//1923 1203//1923
f 1203//1924 1210//1924 1204//1924
f 1203//1925 1204//1925 1197//1925
f 1211//1926 1212//1926 1213//1926
f 1211//1927 1213//1927 1214//1927
f 1211//1928 1214//1928 1215//1928
f 1211//1929 1215//1929 1216//1929
f 1211//1930 1216//1930 1217//1930
f 1211//1931 1217//1931 1218//1931
f 1211//1932 1218//1932 1212//1932
f 1212//1933 1219//1933 1220//1933
f 1212//1934 1220//1934 1213//1934
f 1213//1935 1220//1935 1221//1935
f 1213//1936 1221//1936 1214//1936
f 1214//1937 1221//1937 1222//1937
f 1214//1938 1222//1938 1215//1938
f 1215//1939 1222//1939 1223//1939
f 1215//1940 1223//1940 1216//1940
f 1216//1941 1223//1941 1224//1941
f 1216//1942 1224//1942 1217//1942
f 1217//1943 1224//1943 1225//1943
f 1217//1944 1225//1944 1218//1944
f 1218//1945 1225//1945 1219//1945
f 1218//1946 1219//1946 1212//1946
f 1219//1947 1226//1947 1227//1947
f 1219//1948 1227//1948 1220//1948
f 1220//1949 1227//1949 1228//1949
f 1220//1950 1228//1950 1221//1950
f 1221//1951 1228//1951 1229//1951
f 1221//1952 1229//1952 1222//1952
f 1222//1953 1229//1953 1230//1953
f 1222//1954 1230//1954 1223//1954
f 1223//1955 1230//1955 1231//1955
f 1223//1956 1231//1956 1224//1956
f 1224//1957 1231//1957 1232//1957
f 1224//1958 1232//1958 1225//1958
f 1225//1959 1232//1959 1226//1959
f 1225//1960 1226//1960 1219//1960
f 1233//1961 1234//1961 1235//1961
f 1233//1962 1235//1962 1236//1962
f 1233//1963 1236//1963 1237//1963
f 1233//1964 1237//1964 1238//1964
f 1233//1965 1238//1965 1239//1965
f 1233//1966 1239//1966 1240//1966
f 1233//1967 1240//1967 1234//1967
f 1234//1968 1241//1968 1242//1968
f 1234//1969 1242//1969 1235//1969
f 1235//1970 1242//1970 1243//1970
f 1235//1971 1243//1971 1236//1971
f 1236//1972 1243//1972 1244//1972
f 1236//1973 1244//1973 1237//1973
f 1237//1974 1244//1974 1245//1974
f 1237//1975 1245//1975 1238//1975
f 1238//1976 1245//1976 1246//1976
f 1238//1977 1246//1977 1239//1977
f 1239//1978 1246//1978 1247//1978
f 1239//1979 1247//1979 1240//1979
f 1240//1980 1247//1980 1241//1980
f 1240//1981 1241//1981 1234//1981
f 1241//1982 1248//1982 1249//1982
f 1241//1983 1249//1983 1242//1983
f 1242//1984 1249//1984 1250//1984
f 1242//1985 1250//1985 1243//1985
f 1243//1986 1250//1986 1251//1986
f 1243//1987 1251//1987 1244//1987
f 1244//1988 1251//1988 1252//1988
f 1244//1989 1252//1989 1245//1989
f 1245//1990 1252//1990 1253//1990
f 1245//1991 1253//1991 1246//1991
f 1246//1992 1253//1992 1254//1992
f 1246//1993 1254//1993 1247//1993
f 1247//1994 1254//1994 1248//1994
f 1247//1995 1248//1995 1241//1995
f 1255//1996 1256//1996 1257//1996
f 1255//1997 1257//1997 1258//1997
f 1255//1998 1258//1998 1259//1998
f 1255//1999 1259//1999 1260//1999
f 1255//2000 1260//2000 1261//2000
f 1255//2001 1261//2001 1262//2001
f 1255//2002 1262//2002 1256//2002
f 1256//2003 1263//2003 1264//2003
f 1256//2004 1264//2004 1257//2004
f 1257//2005 1264//2005 1265//2005
f 1257//2006 1265//2006 1258//2006
f 1258//2007 1265//2007 1266//2007
f 1258//2008 1266//2008 1259//2008
f 1259//2009 1266//2009 1267//2009
f 1259//2010 1267//2010 1260//2010
f 1260//2011 1267//2011 1268//2011
f 1260//2012 1268//2012 1261//2012
f 1261//2013 1268//2013 1269//2013
f 1261//2014 1269//2014 1262//2014
f 1262//2015 1269//2015 1263//2015
f 1262//2016 1263//2016 1256//2016
f 1263//2017 1270//2017 1271//2017
f 1263//2018 1271//2018 1264//2018
f 1264//2019 1271//2019 1272//2019
f 1264//2020 1272//2020 1265//2020
f 1265//2021 1272//2021 1273//2021
f 1265//2022 1273//2022 1266//2022
f 1266//2023 1273//2023 1274//2023
f 1266//2024 1274//2024 1267//2024
f 1267//2025 1274//2025 1275//2025
f 1267//2026 1275//2026 1268//2026
f 1268//2027 1275//2027 1276//2027
f 1268//2028 1276//2028 1269//2028
f 1269//2029 1276//2029 1270//2029
f 1269//2030 1270//2030 1263//2030
f 1277//2031 1278//2031 1279//2031
f 1277//2032 1279//2032 1280//2032
f 1277//2033 1280//2033 1281//2033
f 1277//2034 1281//2034 1282//2034
f 1277//2035 1282//2035 1283//2035
f 1277//2036 1283//2036 1284//2036
f 1277//2037 1284//2037 1278//2037
f 1278//2038 1285//2038 1286//2038
f 1278//2039 1286//2039 1279//2039
f 1279//2040 1286//2040 1287//2040
f 1279//2041 1287//2041 1280//2041
f 1280//2042 1287//2042 1288//2042
f 1280//2043 1288//2043 1281//2043
f 1281//2044 1288//2044 1289//2044
f 1281//2045 1289//2045 1282//2045
f 1282//2046 1289//2046 1290//2046
f 1282//2047 1290//2047 1283//2047
f 1283//2048 1290//2048 1291//2048
f 1283//2049 1291//2049 1284//2049
f 1284//2050 1291//2050 1285//2050
f 1284//2051 1285//2051 1278//2051
f 1285//2052 1292//2052 1293//2052
f 1285//2053 1293//2053 1286//2053
f 1286//2054 1293//2054 1294//2054
f 1286//2055 1294//2055 1287//2055
f 1287//2056 1294//2056 1295//2056
f 1287//2057 1295//2057 1288//2057
f 1288//2058 1295//2058 1296//2058
f 1288//2059 1296//2059 1289//2059
f 1289//2060 1296//2060 1297//2060
f 1289//2061 1297//2061 1290//2061
f 1290//2062 1297//2062 1298//2062
f 1290//2063 1298//2063 1291//2063
f 1291//2064 1298//2064 1292//2064
f 1291//2065 1292//2065 1285//2065
f 1299//2066 1300//2066 1301//2066
f 1299//2067 1301//2067 1302//2067
f 1299//2068 1302//2068 1303//2068
f 1299//2069 1303//2069 1304//2069
f 1299//2070 1304//2070 1305//2070
f 1299//2071 1305//2071 1306//2071
f 1299//2072 1306//2072 1300//2072
f 1300//2073 1307//2073 1308//2073
f 1300//2074 1308//2074 1301//2074
f 1301//2075 1308//2075 1309//2075
f 1301//2076 1309//2076 1302//2076
f 1302//2077 1309//2077 1310//2077
f 1302//2078 1310//2078 1303//2078
f 1303//2079 1310//2079 1311//2079
f 1303//2080 1311//2080 1304//2080
f 1304//2081 1311//2081 1312//2081
f 1304//2082 1312//2082 1305//2082
f 1305//2083 1312//2083 1313//2083
f 1305//2084 1313//2084 1306//2084
f 1306//2085 1313//2085 1307//2085
f 1306//2086 1307//2086 1300//2086
f 1307//2087 1314//2087 1315//2087
f 1307//2088 1315//2088 1308//2088
f 1308//2089 1315//2089 1316//2089
f 1308//2090 1316//2090 1309//2090
f 1309//2091 1316//2091 1317//2091
f 1309//2092 1317//2092 1310//2092
f 1310//2093 1317//2093 1318//2093
f 1310//2094 1318//2094 1311//2094
f 1311//2095 1318//2095 1319//2095
f 1311//2096 1319//2096 1312//2096
f 1312//2097 1319//2097 1320//2097
f 1312//2098 1320//2098 1313//2098
f 1313//2099 1320//2099 1314//2099
f 1313//2100 1314//2100 1307//2100
f 1321//2101 1322//2101 1323//2101
f 1321//2102 1323//2102 1324//2102
f 1321//2103 1324//2103 1325//2103
f 1321//2104 1325//2104 1326//2104
f 1321//2105 1326//2105 1327//2105
f 1321//2106 1327//2106 1328//2106
f 1321//2107 1328//2107 1322//2107
f 1322//2108 1329//2108 1330//2108
f 1322//2109 1330//2109 1323//2109
f 1323//2110 1330//2110 1331//2110
f 1323//2111 1331//2111 1324//2111
f 1324//2112 1331//2112 1332//2112
f 1324//2113 1332//2113 1325//2113
f 1325//2114 1332//2114 1333//2114
f 1325//2115 1333//2115 1326//2115
f 1326//2116 1333//2116 1334//2116
f 1326//2117 1334//2117 1327//2117
f 1327//2118 1334//2118 1335//2118
f 1327//2119 1335//2119 1328//2119
f 1328//2120 1335//2120 1329//2120
f 1328//2121 1329//2121 1322//2121
f 1329//2122 1336//2122 1337//2122
f 1329//2123 1337//2123 1330//2123
f 1330//2124 1337//2124 1338//2124
f 1330//2125 1338//2125 1331//2125
f 1331//2126 1338//2126 1339//2126
f 1331//2127 1339//2127 1332//2127
f 1332//2128 1339//2128 1340//2128
f 1332//2129 1340//2129 1333//2129
f 1333//2130 1340//2130 1341//2130
f 1333//2131 1341//2131 1334//2131
f 1334//2132 1341//2132 1342//2132
f 1334//2133 1342//2133 1335//2133
f 1335//2134 1342//2134 1336//2134
f 1335//2135 1336//2135 1329//2135
f 1343//2136 1344//2136 1345//2136
f 1343//2137 1345//2137 1346//2137
f 1343//2138 1346//2138 1347//2138
f 1343//2139 1347//2139 1348//2139
f 1343//2140 1348//2140 1349//2140
f 1343//2141 1349//2141 1350//2141
f 1343//2142 1350//2142 1344//2142
f 1344//2143 1351//2143 1352//2143
f 1344//2144 1352//2144 1345//2144
f 1345//2145 1352//2145 1353//2145
f 1345//2146 1353//2146 1346//2146
f 1346//2147 1353//2147 1354//2147
f 1346//2148 1354//2148 1347//2148
f 1347//2149 1354//2149 1355//2149
f 1347//2150 1355//2150 1348//2150
f 1348//2151 1355//2151 1356//2151
f 1348//2152 1356//2152 1349//2152
f 1349//2153 1356//2153 1357//2153
f 1349//2154 1357//2154 1350//2154
f 1350//2155 1357//2155 1351//2155
f 1350//2156 1351//2156 1344//2156
f 1351//2157 1358//2157 1359//2157
f 1351//2158 1359//2158 1352//2158
f 1352//2159 1359//2159 1360//2159
f 1352//2160 1360//2160 1353//2160
f 1353//2161 1360//2161 1361//2161
f 1353//2162 1361//2162 1354//2162
f 1354//2163 1361//2163 1362//2163
f 1354//2164 1362//2164 1355//2164
f 1355//2165 1362//2165 1363//2165
f 1355//2166 1363//2166 1356//2166
f 1356//2167 1363//2167 1364//2167
f 1356//2168 1364//2168 1357//2168
f 1357//2169 1364//2169 1358//2169
f 1357//2170 1358//2170 1351//2170
f 1365//2171 1366//2171 1367//2171
f 1365//2172 1367//2172 1368//2172
f 1365//2173 1368//2173 1369//2173
f 1365//2174 1369//2174 1370//2174
f 1365//2175 1370//2175 1371//2175
f 1365//2176 1371//2176 1372//2176
f 1365//2177 1372//2177 1366//2177
f 1366//2178 1373//2178 1374//2178
f 1366//2179 1374//2179 1367//2179
f 1367//2180 1374//2180 1375//2180
f 1367//2181 1375//2181 1368//2181
f 1368//2182 1375//2182 1376//2182
f 1368//2183 1376//2183 1369//2183
f 1369//2184 1376//2184 1377//2184
f 1369//2185 1377//2185 1370//2185
f 1370//2186 1377//2186 1378//2186
f 1370//2187 1378//2187 1371//2187
f 1371//2188 1378//2188 1379//2188
f 1371//2189 1379//2189 1372//2189
f 1372//2190 1379//2190 1373//2190
f 1372//2191 1373//2191 1366//2191
f 1373//2192 1380//2192 1381//2192
f 1373//2193 1381//2193 1374//2193
f 1374//2194 1381//2194 1382//2194
f 1374//2195 1382//2195 1375//2195
f 1375//2196 1382//2196 1383//2196
f 1375//2197 1383//2197 1376//2197
f 1376//2198 1383//2198 1384//2198
f 1376//2199 1384//2199 1377//2199
f 1377//2200 1384//2200 1385//2200
f 1377//2201 1385//2201 1378//2201
f 1378//2202 1385//2202 1386//2202
f 1378//2203 1386//2203 1379//2203
f 1379//2204 1386//2204 1380//2204
f 1379//2205 1380//2205 1373//2205
f 1387//2206 1388//2206 1389//2206
f 1387//2207 1389//2207 1390//2207
f 1387//2208 1390//2208 1391//2208
f 1387//2209 1391//2209 1392//2209
f 1387//2210 1392//2210 1393//2210
f 1387//2211 1393//2211 1394//2211
f 1387//2212 1394//2212 1388//2212
f 1388//2213 1395//2213 1396//2213
f 1388//2214 1396//2214 1389//2214
f 1389//2215 1396//2215 1397//2215
f 1389//2216 1397//2216 1390//2216
f 1390//2217 1397//2217 1398//2217
f 1390//2218 1398//2218 1391//2218
f 1391//2219 1398//2219 1399//2219
f 1391//2220 1399//2220 1392//2220
f 1392//2221 1399//2221 1400//2221
f 1392//2222 1400//2222 1393//2222
f 1393//2223 1400//2223 1401//2223
f 1393//2224 1401//2224 1394//2224
f 1394//2225 1401//2225 1395//2225
f 1394//2226 1395//2226 1388//2226
f 1395//2227 1402//2227 1403//2227
f 1395//2228 1403//2228 1396//2228
f 1396//2229 1403//2229 1404//2229
f 1396//2230 1404//2230 1397//2230
f 1397//2231 1404//2231 1405//2231
f 1397//2232 1405//2232 1398//2232
f 1398//2233 1405//2233 1406//2233
f 1398//2234 1406//2234 1399//2234
f 1399//2235 1406//2235 1407//2235
f 1399//2236 1407//2236 1400//2236
f 1400//2237 1407//2237 1408//2237
f 1400//2238 1408//2238 1401//2238
f 1401//2239 1408//2239 1402//2239
f 1401//2240 1402//2240 1395//2240
f 1409//2241 1410//2241 1411//2241
f 1409//2242 1411//2242 1412//2242
f 1409//2243 1412//2243 1413//2243
f 1409//2244 1413//2244 1414//2244
f 1409//2245 1414//2245 1415//2245
f 1409//2246 1415//2246 1416//2246
f 1409//2247 1416//2247 1410//2247
f 1410//2248 1417//2248 1418//2248
f 1410//2249 1418//2249 1411//2249
f 1411//2250 1418//2250 1419//2250
f 1411//2251 1419//2251 1412//2251
f 1412//2252 1419//2252 1420//2252
f 1412//2253 1420//2253 1413//2253
f 1413//2254 1420//2254 1421//2254
f 1413//2255 1421//2255 1414//2255
f 1414//2256 1421//2256 1422//2256
f 1414//2257 1422//2257 1415//2257
f 1415//2258 1422//2258 1423//2258
f 1415//2259 1423//2259 1416//2259
f 1416//2260 1423//2260 1417//2260
f 1416//2261 1417//2261 1410//2261
f 1417//2262 1424//2262 1425//2262
f 1417//2263 1425//2263 1418//2263
f 1418//2264 1425//2264 1426//2264
f 1418//2265 1426//2265 1419//2265
f 1419//2266 1426//2266 1427//2266
f 1419//2267 1427//2267 1420//2267
f 1420//2268 1427//2268 1428//2268
f 1420//2269 1428//2269 1421//2269
f 1421//2270 1428//2270 1429//2270
f 1421//2271 1429//2271 1422//2271
f 1422//2272 1429//2272 1430//2272
f 1422//2273 1430//2273 1423//2273
f 1423//2274 1430//2274 1424//2274
f 1423//2275 1424//2275 1417//2275
f 1431//2276 1432//2276 1433//2276
f 1431//2277 1433//2277 1434//2277
f 1431//2278 1434//2278 1435//2278
f 1431//2279 1435//2279 1436//2279
f 1431//2280 1436//2280 1437//2280
f 1431//2281 1437//2281 1438//2281
f 1431//2282 1438//2282 1432//2282
f 1432//2283 1439//2283 1440//2283
f 1432//2284 1440//2284 1433//2284
f 1433//2285 1440//2285 1441//2285
f 1433//2286 1441//2286 1434//2286
f 1434//2287 1441//2287 1442//2287
f 1434//2288 1442//2288 1435//2288
f 1435//2289 1442//2289 1443//2289
f 1435//2290 1443//2290 1436//2290
f 1436//2291 1443//2291 1444//2291
f 1436//2292 1444//2292 1437//2292
f 1437//2293 1444//2293 1445//2293
f 1437//2294 1445//2294 1438//2294
f 1438//2295 1445//2295 1439//2295
f 1438//2296 1439//2296 1432//2296
f 1439//2297 1446//2297 1447//2297
f 1439//2298 1447//2298 1440//2298
f 1440//2299 1447//2299 1448//2299
f 1440//2300 1448//2300 1441//2300
f 1441//2301 1448//2301 1449//2301
f 1441//2302 1449//2302 1442//2302
f 1442//2303 1449//2303 1450//2303
f 1442//2304 1450//2304 1443//2304
f 1443//2305 1450//2305 1451//2305
f 1443//2306 1451//2306 1444//2306
f 1444//2307 1451//2307 1452//2307
f 1444//2308 1452//2308 1445//2308
f 1445//2309 1452//2309 1446//2309
f 1445//2310 1446//2310 1439//2310
f 1453//2311 1454//2311 1455//2311
f 1453//2312 1455//2312 1456//2312
f 1453//2313 1456//2313 1457//2313
f 1453//2314 1457//2314 1458//2314
f 1453//2315 1458//2315 1459//2315
f 1453//2316 1459//2316 1460//2316
f 1453//2317 1460//2317 1454//2317
f 1454//2318 1461//2318 1462//2318
f 1454//2319 1462//2319 1455//2319
f 1455//2320 1462//2320 1463//2320
f 1455//2321 1463//2321 1456//2321
f 1456//2322 1463//2322 1464//2322
f 1456//2323 1464//2323 1457//2323
f 1457//2324 1464//2324 1465//2324
f 1457//2325 1465//2325 1458//2325
f 1458//2326 1465//2326 1466//2326
f 1458//2327 1466//2327 1459//2327
f 1459//2328 1466//2328 1467//2328
f 1459//2329 1467//2329 1460//2329
f 1460//2330 1467//2330 1461//2330
f 1460//2331 1461//2331 1454//2331
f 1461//2332 1468//2332 1469//2332
f 1461//2333 1469//2333 1462//2333
f 1462//2334 1469//2334 1470//2334
f 1462//2335 1470//2335 1463//2335
f 1463//2336 1470//2336 1471//2336
f 1463//2337 1471//2337 1464//2337
f 1464//2338 1471//2338 1472//2338
f 1464//2339 1472//2339 1465//2339
f 1465//2340 1472//2340 1473//2340
f 1465//2341 1473//2341 1466//2341
f 1466//2342 1473//2342 1474//2342
f 1466//2343 1474//2343 1467//2343
f 1467//2344 1474//2344 1468//2344
f 1467//2345 1468//2345 1461//2345
f 1475//2346 1476//2346 1477//2346
f 1475//2347 1477//2347 1478//2347
f 1475//2348 1478//2348 1479//2348
f 1475//2349 1479//2349 1480//2349
f 1475//2350 1480//2350 1481//2350
f 1475//2351 1481//2351 1482//2351
f 1475//2352 1482//2352 1476//2352
f 1476//2353 1483//2353 1484//2353
f 1476//2354 1484//2354 1477//2354
f 1477//2355 1484//2355 1485//2355
f 1477//2356 1485//2356 1478//2356
f 1478//2357 1485//2357 1486//2357
f 1478//2358 1486//2358 1479//2358
f 1479//2359 1486//2359 1487//2359
f 1479//2360 1487//2360 1480//2360
f 1480//2361 1487//2361 1488//2361
f 1480//2362 1488//2362 1481//2362
f 1481//2363 1488//2363 1489//2363
f 1481//2364 1489//2364 1482//2364
f 1482//2365 1489//2365 1483//2365
f 1482//2366 1483//2366 1476//2366
f 1483//2367 1490//2367 1491//2367
f 1483//2368 1491//2368 1484//2368
f 1484//2369 1491//2369 1492//2369
f 1484//2370 1492//2370 1485//2370
f 1485//2371 1492//2371 1493//2371
f 1485//2372 1493//2372 1486//2372
f 1486//2373 1493//2373 1494//2373
f 1486//2374 1494//2374 1487//2374
f 1487//2375 1494//2375 1495//2375
f 1487//2376 1495//2376 1488//2376
f 1488//2377 1495//2377 1496//2377
f 1488//2378 1496//2378 1489//2378
f 1489//2379 1496//2379 1490//2379
f 1489//2380 1490//2380 1483//2380
f 1497//2381 1498//2381 1499//2381
f 1497//2382 1499//2382 1500//2382
f 1497//2383 1500//2383 1501//2383
f 1497//2384 1501//2384 1502//2384
f 1497//2385 1502//2385 1503//2385
f 1497//2386 1503//2386 1504//2386
f 1497//2387 1504//2387 1498//2387
f 1498//2388 1505//2388 1506//2388
f 1498//2389 1506//2389 1499//2389
f 1499//2390 1506//2390 1507//2390
f 1499//2391 1507//2391 1500//2391
f 1500//2392 1507//2392 1508//2392
f 1500//2393 1508//2393 1501//2393
f 1501//2394 1508//2394 1509//2394
f 1501//2395 1509//2395 1502//2395
f 1502//2396 1509//2396 1510//2396
f 1502//2397 1510//2397 1503//2397
f 1503//2398 1510//2398 1511//2398
f 1503//2399 1511//2399 1504//2399
f 1504//2400 1511//2400 1505//2400
f 1504//2401 1505//2401 1498//2401
f 1505//2402 1512//2402 1513//2402
f 1505//2403 1513//2403 1506//2403
f 1506//2404 1513//2404 1514//2404
f 1506//2405 1514//2405 1507//2405
f 1507//2406 1514//2406 1515//2406
f 1507//2407 1515//2407 1508//2407
f 1508//2408 1515//2408 1516//2408
f 1508//2409 1516//2409 1509//2409
f 1509//2410 1516//2410 1517//2410
f 1509//2411 1517//2411 1510//2411
f 1510//2412 1517//2412 1518//2412
f 1510//2413 1518//2413 1511//2413
f 1511//2414 1518//2414 1512//2414
f 1511//2415 1512//2415 1505//2415
f 1519//2416 1520//2416 1521//2416
f 1519//2417 1521//2417 1522//2417
f 1519//2418 1522//2418 1523//2418
f 1519//2419 1523//2419 1524//2419
f 1519//2420 1524//2420 1525//2420
f 1519//2421 1525//2421 1526//2421
f 1519//2422 1526//2422 1520//2422
f 1520//2423 1527//2423 1528//2423
f 1520//2424 1528//2424 1521//2424
f 1521//2425 1528//2425 1529//2425
f 1521//2426 1529//2426 1522//2426
f 1522//2427 1529//2427 1530//2427
f 1522//2428 1530//2428 1523//2428
f 1523//2429 1530//2429 1531//2429
f 1523//2430 1531//2430 1524//2430
f 1524//2431 1531//2431 1532//2431
f 1524//2432 1532//2432 1525//2432
f 1525//2433 1532//2433 1533//2433
f 1525//2434 1533//2434 1526//2434
f 1526//2435 1533//2435 1527//2435
f 1526//2436 1527//2436 1520//2436
f 1527//2437 1534//2437 1535//2437
f 1527//2438 1535//2438 1528//2438
f 1528//2439 1535//2439 1536//2439
f 1528//2440 1536//2440 1529//2440
f 1529//2441 1536//2441 1537//2441
f 1529//2442 1537//2442 1530//2442
f 1530//2443 1537//2443 1538//2443
f 1530//2444 1538//2444 1531//2444
f 1531//2445 1538//2445 1539//2445
f 1531//2446 1539//2446 1532//2446
f 1532//2447 1539//2447 1540//2447
f 1532//2448 1540//2448 1533//2448
f 1533//2449 1540//2449 1534//2449
f 1533//2450 1534//2450 1527//2450
f 1541//2451 1542//2451 1543//2451
f 1541//2452 1543//2452 1544//2452
f 1541//2453 1544//2453 1545//2453
f 1541//2454 1545//2454 1546//2454
f 1541//2455 1546//2455 1547//2455
f 1541//2456 1547//2456 1548//2456
f 1541//2457 1548//2457 1542//2457
f 1542//2458 1549//2458 1550//2458
f 1542//2459 1550//2459 1543//2459
f 1543//2460 1550//2460 1551//2460
f 1543//2461 1551//2461 1544//2461
f 1544//2462 1551//2462 1552//2462
f 1544//2463 1552//2463 1545//2463
f 1545//2464 1552//2464 1553//2464
f 1545//2465 1553//2465 1546//2465
f 1546//2466 1553//2466 1554//2466
f 1546//2467 1554//2467 1547//2467
f 1547//2468 1554//2468 1555//2468
f 1547//2469 1555//2469 1548//2469
f 1548//2470 1555//2470 1549//2470
f 1548//2471 1549//2471 1542//2471
f 1549//2472 1556//2472 1557//2472
f 1549//2473 1557//2473 1550//2473
f 1550//2474 1557//2474 1558//2474
f 1550//2475 1558//2475 1551//2475
f 1551//2476 1558//2476 1559//2476
f 1551//2477 1559//2477 1552//2477
f 1552//2478 1559//2478 1560//2478
f 1552//2479 1560//2479 1553//2479
f 1553//2480 1560//2480 1561//2480
f 1553//2481 1561//2481 1554//2481
f 1554//2482 1561//2482 1562//2482
f 1554//2483 1562//2483 1555//2483
f 1555//2484 1562//2484 1556//2484
f 1555//2485 1556//2485 1549//2485
f 1563//2486 1564//2486 1565//2486
f 1563//2487 1565//2487 1566//2487
f 1563//2488 1566//2488 1567//2488
f 1563//2489 1567//2489 1568//2489
f 1563//2490 1568//2490 1569//2490
f 1563//2491 1569//2491 1570//2491
f 1563//2492 1570//2492 1564//2492
f 1564//2493 1571//2493 1572//2493
f 1564//2494 1572//2494 1565//2494
f 1565//2495 1572//2495 1573//2495
f 1565//2496 1573//2496 1566//2496
f 1566//2497 1573//2497 1574//2497
f 1566//2498 1574//2498 1567//2498
f 1567//2499 1574//2499 1575//2499
f 1567//2500 1575//2500 1568//2500
f 1568//2501 1575//2501 1576//2501
f 1568//2502 1576//2502 1569//2502
f 1569//2503 1576//2503 1577//2503
f 1569//2504 1577//2504 1570//2504
f 1570//2505 1577//2505 1571//2505
f 1570//2506 1571//2506 1564//2506
f 1571//2507 1578//2507 1579//2507
f 1571//2508 1579//2508 1572//2508
f 1572//2509 1579//2509 1580//2509
f 1572//2510 1580//2510 1573//2510
f 1573//2511 1580//2511 1581//2511
f 1573//2512 1581//2512 1574//2512
f 1574//2513 1581//2513 1582//2513
f 1574//2514 1582//2514 1575//2514
f 1575//2515 1582//2515 1583//2515
f 1575//2516 1583//2516 1576//2516
f 1576//2517 1583//2517 1584//2517
f 1576//2518 1584//2518 1577//2518
f 1577//2519 1584//2519 1578//2519
f 1577//2520 1578//2520 1571//2520
f 1585//2521 1586//2521 1587//2521
f 1585//2522 1587//2522 1588//2522
f 1585//2523 1588//2523 1589//2523
f 1585//2524 1589//2524 1590//2524
f 1585//2525 1590//2525 1591//2525
f 1585//2526 1591//2526 1592//2526
f 1585//2527 1592//2527 1586//2527
f 1586//2528 1593//2528 1594//2528
f 1586//2529 1594//2529 1587//2529
f 1587//2530 1594//2530 1595//2530
f 1587//2531 1595//2531 1588//2531
f 1588//2532 1595//2532 1596//2532
f 1588//2533 1596//2533 1589//2533
f 1589//2534 1596//2534 1597//2534
f 1589//2535 1597//2535 1590//2535
f 1590//2536 1597//2536 1598//2536
f 1590//2537 1598//2537 1591//2537
f 1591//2538 1598//2538 1599//2538
f 1591//2539 1599//2539 1592//2539
f 1592//2540 1599//2540 1593//2540
f 1592//2541 1593//2541 1586//2541
f 1593//2542 1600//2542 1601//2542
f 1593//2543 1601//2543 1594//2543
f 1594//2544 1601//2544 1602//2544
f 1594//2545 1602//2545 1595//2545
f 1595//2546 1602//2546 1603//2546
f 1595//2547 1603//2547 1596//2547
f 1596//2548 1603//2548 1604//2548
f 1596//2549 1604//2549 1597//2549
f 1597//2550 1604//2550 1605//2550
f 1597//2551 1605//2551 1598//2551
f 1598//2552 1605//2552 1606//2552
f 1598//2553 1606//2553 1599//2553
f 1599//2554 1606//2554 1600//2554
f 1599//2555 1600//2555 1593//2555
f 1607//2556 1608//2556 1609//2556
f 1607//2557 1609//2557 1610//2557
f 1607//2558 1610//2558 1611//2558
f 1607//2559 1611//2559 1612//2559
f 1607//2560 1612//2560 1613//2560
f 1607//2561 1613//2561 1614//2561
f 1607//2562 1614//2562 1608//2562
f 1608//2563 1615//2563 1616//2563
f 1608//2564 1616//2564 1609//2564
f 1609//2565 1616//2565 1617//2565
f 1609//2566 1617//2566 1610//2566
f 1610//2567 1617//2567 1618//2567
f 1610//2568 1618//2568 1611//2568
f 1611//2569 1618//2569 1619//2569
f 1611//2570 1619//2570 1612//2570
f 1612//2571 1619//2571 1620//2571
f 1612//2572 1620//2572 1613//2572
f 1613//2573 1620//2573 1621//2573
f 1613//2574 1621//2574 1614//2574
f 1614//2575 1621//2575 1615//2575
f 1614//2576 1615//2576 1608//2576
f 1615//2577 1622//2577 1623//2577
f 1615//2578 1623//2578 1616//2578
f 1616//2579 1623//2579 1624//2579
f 1616//2580 1624//2580 1617//2580
f 1617//2581 1624//2581 1625//2581
f 1617//2582 1625//2582 1618//2582
f 1618//2583 1625//2583 1626//2583
f 1618//2584 1626//2584 1619//2584
f 1619//2585 1626//2585 1627//2585
f 1619//2586 1627//2586 1620//2586
f 1620//2587 1627//2587 1628//2587
f 1620//2588 1628//2588 1621//2588
f 1621//2589 1628//2589 1622//2589
f 1621//2590 1622//2590 1615//2590
f 1629//2591 1630//2591 1631//2591
f 1629//2592 1631//2592 1632//2592
f 1629//2593 1632//2593 1633//2593
f 1629//2594 1633//2594 1634//2594
f 1629//2595 1634//2595 1635//2595
f 1629//2596 1635//2596 1636//2596
f 1629//2597 1636//2597 1630//2597
f 1630//2598 1637//2598 1638//2598
f 1630//2599 1638//2599 1631//2599
f 1631//2600 1638//2600 1639//2600
f 1631//2601 1639//2601 1632//2601
f 1632//2602 1639//2602 1640//2602
f 1632//2603 1640//2603 1633//2603
f 1633//2604 1640//2604 1641//2604
f 1633//2605 1641//2605 1634//2605
f 1634//2606 1641//2606 1642//2606
f 1634//2607 1642//2607 1635//2607
f 1635//2608 1642//2608 1643//2608
f 1635//2609 1643//2609 1636//2609
f 1636//2610 1643//2610 1637//2610
f 1636//2611 1637//2611 1630//2611
f 1637//2612 1644//2612 1645//2612
f 1637//2613 1645//2613 1638//2613
f 1638//2614 1645//2614 1646//2614
f 1638//2615 1646//2615 1639//2615
f 1639//2616 1646//2616 1647//2616
f 1639//2617 1647//2617 1640//2617
f 1640//2618 1647//2618 1648//2618
f 1640//2619 1648//2619 1641//2619
f 1641//2620 1648//2620 1649//2620
f 1641//2621 1649//2621 1642//2621
f 1642//2622 1649//2622 1650//2622
f 1642//2623 1650//2623 1643//2623
f 1643//2624 1650//2624 1644//2624
f 1643//2625 1644//2625 1637//2625
f 1651//2626 1652//2626 1653//2626
f 1651//2627 1653//2627 1654//2627
f 1651//2628 1654//2628 1655//2628
f 1651//2629 1655//2629 1656//2629
f 1651//2630 1656//2630 1657//2630
f 1651//2631 1657//2631 1658//2631
f 1651//2632 1658//2632 1652//2632
f 1652//2633 1659//2633 1660//2633
f 1652//2634 1660//2634 1653//2634
f 1653//2635 1660//2635 1661//2635
f 1653//2636 1661//2636 1654//2636
f 1654//2637 1661//2637 1662//2637
f 1654//2638 1662//2638 1655//2638
f 1655//2639 1662//2639 1663//2639
f 1655//2640 1663//2640 1656//2640
f 1656//2641 1663//2641 1664//2641
f 1656//2642 1664//2642 1657//2642
f 1657//2643 1664//2643 1665//2643
f 1657//2644 1665//2644 1658//2644
f 1658//2645 1665//2645 1659//2645
f 1658//2646 1659//2646 1652//2646
f 1659//2647 1666//2647 1667//2647
f 1659//2648 1667//2648 1660//2648
f 1660//2649 1667//2649 1668//2649
f 1660//2650 1668//2650 1661//2650
f 1661//2651 1668//2651 1669//2651
f 1661//2652 1669//2652 1662//2652
f 1662//2653 1669//2653 1670//2653
f 1662//2654 1670//2654 1663//2654
f 1663//2655 1670//2655 1671//2655
f 1663//2656 1671//2656 1664//2656
f 1664//2657 1671//2657 1672//2657
f 1664//2658 1672//2658 1665//2658
f 1665//2659 1672//2659 1666//2659
f 1665//2660 1666//2660 1659//2660
f 1673//2661 1674//2661 1675//2661
f 1673//2662 1675//2662 1676//2662
f 1673//2663 1676//2663 1677//2663
f 1673//2664 1677//2664 1678//2664
f 1673//2665 1678//2665 1679//2665
f 1673//2666 1679//2666 1680//2666
f 1673//2667 1680//2667 1674//2667
f 1674//2668 1681//2668 1682//2668
f 1674//2669 1682//2669 1675//2669
f 1675//2670 1682//2670 1683//2670
f 1675//2671 1683//2671 1676//2671
f 1676//2672 1683//2672 1684//2672
f 1676//2673 1684//2673 1677//2673
f 1677//2674 1684//2674 1685//2674
f 1677//2675 1685//2675 1678//2675
f 1678//2676 1685//2676 1686//2676
f 1678//2677 1686//2677 1679//2677
f 1679//2678 1686//2678 1687//2678
f 1679//2679 1687//2679 1680//2679
f 1680//2680 1687//2680 1681//2680
f 1680//2681 1681//2681 1674//2681
f 1681//2682 1688//2682 1689//2682
f 1681//2683 1689//2683 1682//2683
f 1682//2684 1689//2684 1690//2684
f 1682//2685 1690//2685 1683//2685
f 1683//2686 1690//2686 1691//2686
f 1683//2687 1691//2687 1684//2687
f 1684//2688 1691//2688 1692//2688
f 1684//2689 1692//2689 1685//2689
f 1685//2690 1692//2690 1693//2690
f 1685//2691 1693//2691 1686//2691
f 1686//2692 1693//2692 1694//2692
f 1686//2693 1694//2693 1687//2693
f 1687//2694 1694//2694 1688//2694
f 1687//2695 1688//2695 1681//2695
f 1695//2696 1696//2696 1697//2696
f 1695//2697 1697//2697 1698//2697
f 1695//2698 1698//2698 1699//2698
f 1695//2699 1699//2699 1700//2699
f 1695//2700 1700//2700 1701//2700
f 1695//2701 1701//2701 1702//2701
f 1695//2702 1702//2702 1696//2702
f 1696//2703 1703//2703 1704//2703
f 1696//2704 1704//2704 1697//2704
f 1697//2705 1704//2705 1705//2705
f 1697//2706 1705//2706 1698//2706
f 1698//2707 1705//2707 1706//2707
f 1698//2708 1706//2708 1699//2708
f 1699//2709 1706//2709 1707//2709
f 1699//2710 1707//2710 1700//2710
f 1700//2711 1707//2711 1708//2711
f 1700//2712 1708//2712 1701//2712
f 1701//2713 1708//2713 1709//2713
f 1701//2714 1709//2714 1702//2714
f 1702//2715 1709//2715 1703//2715
f 1702//2716 1703//2716 1696//2716
f 1703//2717 1710//2717 1711//2717
f 1703//2718 1711//2718 1704//2718
f 1704//2719 1711//2719 1712//2719
f 1704//2720 1712//2720 1705//2720
f 1705//2721 1712//2721 1713//2721
f 1705//2722 1713//2722 1706//2722
f 1706//2723 1713//2723 1714//2723
f 1706//2724 1714//2724 1707//2724
f 1707//2725 1714//2725 1715//2725
f 1707//2726 1715//2726 1708//2726
f 1708//2727 1715//2727 1716//2727
f 1708//2728 1716//2728 1709//2728
f 1709//2729 1716//2729 1710//2729
f 1709//2730 1710//2730 1703//2730
f 1717//2731 1718//2731 1719//2731
f 1717//2732 1719//2732 1720//2732
f 1717//2733 1720//2733 1721//2733
f 1717//2734 1721//2734 1722//2734
f 1717//2735 1722//2735 1723//2735
f 1717//2736 1723//2736 1724//2736
f 1717//2737 1724//2737 1718//2737
f 1718//2738 1725//2738 1726//2738
f 1718//2739 1726//2739 1719//2739
f 1719//2740 1726//2740 1727//2740
f 1719//2741 1727//2741 1720//2741
f 1720//2742 1727//2742 1728//2742
f 1720//2743 1728//2743 1721//2743
f 1721//2744 1728//2744 1729//2744
f 1721//2745 1729//2745 1722//2745
f 1722//2746 1729//2746 1730//2746
f 1722//2747 1730//2747 1723//2747
f 1723//2748 1730//2748 1731//2748
f 1723//2749 1731//2749 1724//2749
f 1724//2750 1731//2750 1725//2750
f 1724//2751 1725//2751 1718//2751
f 1725//2752 1732//2752 1733//2752
f 1725//2753 1733//2753 1726//2753
f 1726//2754 1733//2754 1734//2754
f 1726//2755 1734//2755 1727//2755
f 1727//2756 1734//2756 1735//2756
f 1727//2757 1735//2757 1728//2757
f 1728//2758 1735//2758 1736//2758
f 1728//2759 1736//2759 1729//2759
f 1729//2760 1736//2760 1737//2760
f 1729//2761 1737//2761 1730//2761
f 1730//2762 1737//2762 1738//2762
f 1730//2763 1738//2763 1731//2763
f 1731//2764 1738//2764 1732//2764
f 1731//2765 1732//2765 1725//2765
f 1739//2766 1740//2766 1741//2766
f 1739//2767 1741//2767 1742//2767
f 1739//2768 1742//2768 1743//2768
f 1739//2769 1743//2769 1744//2769
f 1739//2770 1744//2770 1745//2770
f 1739//2771 1745//2771 1746//2771
f 1739//2772 1746//2772 1740//2772
f 1740//2773 1747//2773 1748//2773
f 1740//2774 1748//2774 1741//2774
f 1741//2775 1748//2775 1749//2775
f 1741//2776 1749//2776 1742//2776
f 1742//2777 1749//2777 1750//2777
f 1742//2778 1750//2778 1743//2778
f 1743//2779 1750//2779 1751//2779
f 1743//2780 1751//2780 1744//2780
f 1744//2781 1751//2781 1752//2781
f 1744//2782 1752//2782 1745//2782
f 1745//2783 1752//2783 1753//2783
f 1745//2784 1753//2784 1746//2784
f 1746//2785 1753//2785 1747//2785
f 1746//2786 1747//2786 1740//2786
f 1747//2787 1754//2787 1755//2787
f 1747//2788 1755//2788 1748//2788
f 1748//2789 1755//2789 1756//2789
f 1748//2790 1756//2790 1749//2790
f 1749//2791 1756//2791 1757//2791
f 1749//2792 1757//2792 1750//2792
f 1750//2793 1757//2793 1758//2793
f 1750//2794 1758//2794 1751//2794
f 1751//2795 1758//2795 1759//2795
f 1751//2796 1759//2796 1752//2796
f 1752//2797 1759//2797 1760//2797
f 1752//2798 1760//2798 1753//2798
f 1753//2799 1760//2799 1754//2799
f 1753//2800 1754//2800 1747//2800
f 1761//2801 1762//2801 1763//2801
f 1761//2802 1763//2802 1764//2802
f 1761//2803 1764//2803 1765//2803
f 1761//2804 1765//2804 1766//2804
f 1761//2805 1766//2805 1767//2805
f 1761//2806 1767//2806 1768//2806
f 1761//2807 1768//2807 1762//2807
f 1762//2808 1769//2808 1770//2808
f 1762//2809 1770//2809 1763//2809
f 1763//2810 1770//2810 1771//2810
f 1763//2811 1771//2811 1764//2811
f 1764//2812 1771//2812 1772//2812
f 1764//2813 1772//2813 1765//2813
f 1765//2814 1772//2814 1773//2814
f 1765//2815 1773//2815 1766//2815
f 1766//2816 1773//2816 1774//2816
f 1766//2817 1774//2817 1767//2817
f 1767//2818 1774//2818 1775//2818
f 1767//2819 1775//2819 1768//2819
f 1768//2820 1775//2820 1769//2820
f 1768//2821 1769//2821 1762//2821
f 1769//2822 1776//2822 1777//2822
f 1769//2823 1777//2823 1770//2823
f 1770//2824 1777//2824 1778//2824
f 1770//2825 1778//2825 1771//2825
f 1771//2826 1778//2826 1779//2826
f 1771//2827 1779//2827 1772//2827
f 1772//2828 1779//2828 1780//2828
f 1772//2829 1780//2829 1773//2829
f 1773//2830 1780//2830 1781//2830
f 1773//2831 1781//2831 1774//2831
f 1774//2832 1781//2832 1782//2832
f 1774//2833 1782//2833 1775//2833
f 1775//2834 1782//2834 1776//2834
f 1775//2835 1776//2835 1769//2835
f 1783//2836 1784//2836 1785//2836
f 1783//2837 1785//2837 1786//2837
f 1783//2838 1786//2838 1787//2838
f 1783//2839 1787//2839 1788//2839
f 1783//2840 1788//2840 1789//2840
f 1783//2841 1789//2841 1790//2841
f 1783//2842 1790//2842 1784//2842
f 1784//2843 1791//2843 1792//2843
f 1784//2844 1792//2844 1785//2844
f 1785//2845 1792//2845 1793//2845
f 1785//2846 1793//2846 1786//2846
f 1786//2847 1793//2847 1794//2847
f 1786//2848 1794//2848 1787//2848
f 1787//2849 1794//2849 1795//2849
f 1787//2850 1795//2850 1788//2850
f 1788//2851 1795//2851 1796//2851
f 1788//2852 1796//2852 1789//2852
f 1789//2853 1796//2853 1797//2853
f 1789//2854 1797//2854 1790//2854
f 1790//2855 1797//2855 1791//2855
f 1790//2856 1791//2856 1784//2856
f 1791//2857 1798//2857 1799//2857
f 1791//2858 1799//2858 1792//2858
f 1792//2859 1799//2859 1800//2859
f 1792//2860 1800//2860 1793//2860
f 1793//2861 1800//2861 1801//2861
f 1793//2862 1801//2862 1794//2862
f 1794//2863 1801//2863 1802//2863
f 1794//2864 1802//2864 1795//2864
f 1795//2865 1802//2865 1803//2865
f 1795//2866 1803//2866 1796//2866
f 1796//2867 1803//2867 1804//2867
f 1796//2868 1804//2868 1797//2868
f 1797//2869 1804//2869 1798//2869
f 1797//2870 1798//2870 1791//2870
f 1805//2871 1806//2871 1807//2871
f 1805//2872 1807//2872 1808//2872
f 1805//2873 1808//2873 1809//2873
f 1805//2874 1809//2874 1810//2874
f 1805//2875 1810//2875 1811//2875
f 1805//2876 1811//2876 1812//2876
f 1805//2877 1812//2877 1806//2877
f 1806//2878 1813//2878 1814//2878
f 1806//2879 1814//2879 1807//2879
f 1807//2880 1814//2880 1815//2880
f 1807//2881 1815//2881 1808//2881
f 1808//2882 1815//2882 1816//2882
f 1808//2883 1816//2883 1809//2883
f 1809//2884 1816//2884 1817//2884
f 1809//2885 1817//2885 1810//2885
f 1810//2886 1817//2886 1818//2886
f 1810//2887 1818//2887 1811//2887
f 1811//2888 1818//2888 1819//2888
f 1811//2889 1819//2889 1812//2889
f 1812//2890 1819//2890 1813//2890
f 1812//2891 1813//2891 1806//2891
f 1813//2892 1820//2892 1821//2892
f 1813//2893 1821//2893 1814//2893
f 1814//2894 1821//2894 1822//2894
f 1814//2895 1822//2895 1815//2895
f 1815//2896 1822//2896 1823//2896
f 1815//2897 1823//2897 1816//2897
f 1816//2898 1823//2898 1824//2898
f 1816//2899 1824//2899 1817//2899
f 1817//2900 1824//2900 1825//2900
f 1817//2901 1825//2901 1818//2901
f 1818//2902 1825//2902 1826//2902
f 1818//2903 1826//2903 1819//2903
f 1819//2904 1826//2904 1820//2904
f 1819//2905 1820//2905 1813//2905
f 1827//2906 1828//2906 1829//2906
f 1827//2907 1829//2907 1830//2907
f 1827//2908 1830//2908 1831//2908
f 1827//2909 1831//2909 1832//2909
f 1827//2910 1832//2910 1833//2910
f 1827//2911 1833//2911 1834//2911
f 1827//2912 1834//2912 1828//2912
f 1828//2913 1835//2913 1836//2913
f 1828//2914 1836//2914 1829//2914
f 1829//2915 1836//2915 1837//2915
f 1829//2916 1837//2916 1830//2916
f 1830//2917 1837//2917 1838//2917
f 1830//2918 1838//2918 1831//2918
f 1831//2919 1838//2919 1839//2919
f 1831//2920 1839//2920 1832//2920
f 1832//2921 1839//2921 1840//2921
f 1832//2922 1840//2922 1833//2922
f 1833//2923 1840//2923 1841//2923
f 1833//2924 1841//2924 1834//2924
f 1834//2925 1841//2925 1835//2925
f 1834//2926 1835//2926 1828//2926
f 1835//2927 1842//2927 1843//2927
f 1835//2928 1843//2928 1836//2928
f 1836//2929 1843//2929 1844//2929
f 1836//2930 1844//2930 1837//2930
f 1837//2931 1844//2931 1845//2931
f 1837//2932 1845//2932 1838//2932
f 1838//2933 1845//2933 1846//2933
f 1838//2934 1846//2934 1839//2934
f 1839//2935 1846//2935 1847//2935
f 1839//2936 1847//2936 1840//2936
f 1840//2937 1847//2937 1848//2937
f 1840//2938 1848//2938 1841//2938
f 1841//2939 1848//2939 1842//2939
f 1841//2940 1842//2940 1835//2940
f 1849//2941 1850//2941 1851//2941
f 1849//2942 1851//2942 1852//2942
f 1849//2943 1852//2943 1853//2943
f 1849//2944 1853//2944 1854//2944
f 1849//2945 1854//2945 1855//2945
f 1849//2946 1855//2946 1856//2946
f 1849//2947 1856//2947 1850//2947
f 1850//2948 1857//2948 1858//2948
f 1850//2949 1858//2949 1851//2949
f 1851//2950 1858//2950 1859//2950
f 1851//2951 1859//2951 1852//2951
f 1852//2952 1859//2952 1860//2952
f 1852//2953 1860//2953 1853//2953
f 1853//2954 1860//2954 1861//2954
f 1853//2955 1861//2955 1854//2955
f 1854//2956 1861//2956 1862//2956
f 1854//2957 1862//2957 1855//2957
f 1855//2958 1862//2958 1863//2958
f 1855//2959 1863//2959 1856//2959
f 1856//2960 1863//2960 1857//2960
f 1856//2961 1857//2961 1850//2961
f 1857//2962 1864//2962 1865//2962
f 1857//2963 1865//2963 1858//2963
f 1858//2964 1865//2964 1866//2964
f 1858//2965 1866//2965 1859//2965
f 1859//2966 1866//2966 1867//2966
f 1859//2967 1867//2967 1860//2967
f 1860//2968 1867//2968 1868//2968
f 1860//2969 1868//2969 1861//2969
f 1861//2970 1868//2970 1869//2970
f 1861//2971 1869//2971 1862//2971
f 1862//2972 1869//2972 1870//2972
f 1862//2973 1870//2973 1863//2973
f 1863//2974 1870//2974 1864//2974
f 1863//2975 1864//2975 1857//2975
f 1871//2976 1872//2976 1873//2976
f 1871//2977 1873//2977 1874//2977
f 1871//2978 1874//2978 1875//2978
f 1871//2979 1875//2979 1876//2979
f 1871//2980 1876//2980 1877//2980
f 1871//2981 1877//2981 1878//2981
f 1871//2982 1878//2982 1872//2982
f 1872//2983 1879//2983 1880//2983
f 1872//2984 1880//2984 1873//2984
f 1873//2985 1880//2985 1881//2985
f 1873//2986 1881//2986 1874//2986
f 1874//2987 1881//2987 1882//2987
f 1874//2988 1882//2988 1875//2988
f 1875//2989 1882//2989 1883//2989
f 1875//2990 1883//2990 1876//2990
f 1876//2991 1883//2991 1884//2991
f 1876//2992 1884//2992 1877//2992
f 1877//2993 1884//2993 1885//2993
f 1877//2994 1885//2994 1878//2994
f 1878//2995 1885//2995 1879//2995
f 1878//2996 1879//2996 1872//2996
f 1879//2997 1886//2997 1887//2997
f 1879//2998 1887//2998 1880//2998
f 1880//2999 1887//2999 1888//2999
f 1880//3000 1888//3000 1881//3000
f 1881//3001 1888//3001 1889//3001
f 1881//3002 1889//3002 1882//3002
f 1882//3003 1889//3003 1890//3003
f 1882//3004 1890//3004 1883//3004
f 1883//3005 1890//3005 1891//3005
f 1883//3006 1891//3006 1884//3006
f 1884//3007 1891//3007 1892//3007
f 1884//3008 1892//3008 1885//3008
f 1885//3009 1892//3009 1886//3009
f 1885//3010 1886//3010 1879//3010
f 1893//3011 1894//3011 1895//3011
f 1893//3012 1895//3012 1896//3012
f 1893//3013 1896//3013 1897//3013
f 1893//3014 1897//3014 1898//3014
f 1893//3015 1898//3015 1899//3015
f 1893//3016 1899//3016 1900//3016
f 1893//3017 1900//3017 1894//3017
f 1894//3018 1901//3018 1902//3018
f 1894//3019 1902//3019 1895//3019
f 1895//3020 1902//3020 1903//3020
f 1895//3021 1903//3021 1896//3021
f 1896//3022 1903//3022 1904//3022
f 1896//3023 1904//3023 1897//3023
f 1897//3024 1904//3024 1905//3024
f 1897//3025 1905//3025 1898//3025
f 1898//3026 1905//3026 1906//3026
f 1898//3027 1906//3027 1899//3027
f 1899//3028 1906//3028 1907//3028
f 1899//3029 1907//3029 1900//3029
f 1900//3030 1907//3030 1901//3030
f 1900//3031 1901//3031 1894//3031
f 1901//3032 1908//3032 1909//3032
f 1901//3033 1909//3033 1902//3033
f 1902//3034 1909//3034 1910//3034
f 1902//3035 1910//3035 1903//3035
f 1903//3036 1910//3036 1911//3036
f 1903//3037 1911//3037 1904//3037
f 1904//3038 1911//3038 1912//3038
f 1904//3039 1912//3039 1905//3039
f 1905//3040 1912//3040 1913//3040
f 1905//3041 1913//3041 1906//3041
f 1906//3042 1913//3042 1914//3042
f 1906//3043 1914//3043 1907//3043
f 1907//3044 1914//3044 1908//3044
f 1907//3045 1908//3045 1901//3045
f 1915//3046 1916//3046 1917//3046
f 1915//3047 1917//3047 1918//3047
f 1915//3048 1918//3048 1919//3048
f 1915//3049 1919//3049 1920//3049
f 1915//3050 1920//3050 1921//3050
f 1915//3051 1921//3051 1922//3051
f 1915//3052 1922//3052 1916//3052
f 1916//3053 1923//3053 1924//3053
f 1916//3054 1924//3054 1917//3054
f 1917//3055 1924//3055 1925//3055
f 1917//3056 1925//3056 1918//3056
f 1918//3057 1925//3057 1926//3057
f 1918//3058 1926//3058 1919//3058
f 1919//3059 1926//3059 1927//3059
f 1919//3060 1927//3060 1920//3060
f 1920//3061 1927//3061 1928//3061
f 1920//3062 1928//3062 1921//3062
f 1921//3063 1928//3063 1929//3063
f 1921//3064 1929//3064 1922//3064
f 1922//3065 1929//3065 1923//3065
f 1922//3066 1923//3066 1916//3066
f 1923//3067 1930//3067 1931//3067
f 1923//3068 1931//3068 1924//3068
f 1924//3069 1931//3069 1932//3069
f 1924//3070 1932//3070 1925//3070
f 1925//3071 1932//3071 1933//3071
f 1925//3072 1933//3072 1926//3072
f 1926//3073 1933//3073 1934//3073
f 1926//3074 1934//3074 1927//3074
f 1927//3075 1934//3075 1935//3075
f 1927//3076 1935//3076 1928//3076
f 1928//3077 1935//3077 1936//3077
f 1928//3078 1936//3078 1929//3078
f 1929//3079 1936//3079 1930//3079
f 1929//3080 1930//3080 1923//3080
f 1937//3081 1938//3081 1939//3081
f 1937//3082 1939//3082 1940//3082
f 1937//3083 1940//3083 1941//3083
f 1937//3084 1941//3084 1942//3084
f 1937//3085 1942//3085 1943//3085
f 1937//3086 1943//3086 1944//3086
f 1937//3087 1944//3087 1938//3087
f 1938//3088 1945//3088 1946//3088
f 1938//3089 1946//3089 1939//3089
f 1939//3090 1946//3090 1947//3090
f 1939//3091 1947//3091 1940//3091
f 1940//3092 1947//3092 1948//3092
f 1940//3093 1948//3093 1941//3093
f 1941//3094 1948//3094 1949//3094
f 1941//3095 1949//3095 1942//3095
f 1942//3096 1949//3096 1950//3096
f 1942//3097 1950//3097 1943//3097
f 1943//3098 1950//3098 1951//3098
f 1943//3099 1951//3099 1944//3099
f 1944//3100 1951//3100 1945//3100
f 1944//3101 1945//3101 1938//3101
f 1945//3102 1952//3102 1953//3102
f 1945//3103 1953//3103 1946//3103
f 1946//3104 1953//3104 1954//3104
f 1946//3105 1954//3105 1947//3105
f 1947//3106 1954//3106 1955//3106
f 1947//3107 1955//3107 1948//3107
f 1948//3108 1955//3108 1956//3108
f 1948//3109 1956//3109 1949//3109
f 1949//3110 1956//3110 1957//3110
f 1949//3111 1957//3111 1950//3111
f 1950//3112 1957//3112 1958//3112
f 1950//3113 1958//3113 1951//3113
f 1951//3114 1958//3114 1952//3114
f 1951//3115 1952//3115 1945//3115
f 1959//3116 1960//3116 1961//3116
f 1959//3117 1961//3117 1962//3117
f 1959//3118 1962//3118 1963//3118
f 1959//3119 1963//3119 1964//3119
f 1959//3120 1964//3120 1965//3120
f 1959//3121 1965//3121 1966//3121
f 1959//3122 1966//3122 1960//3122
f 1960//3123 1967//3123 1968//3123
f 1960//3124 1968//3124 1961//3124
f 1961//3125 1968//3125 1969//3125
f 1961//3126 1969//3126 1962//3126
f 1962//3127 1969//3127 1970//3127
f 1962//3128 1970//3128 1963//3128
f 1963//3129 1970//3129 1971//3129
f 1963//3130 1971//3130 1964//3130
f 1964//3131 1971//3131 1972//3131
f 1964//3132 1972//3132 1965//3132
f 1965//3133 1972//3133 1973//3133
f 1965//3134 1973//3134 1966//3134
f 1966//3135 1973//3135 1967//3135
f 1966//3136 1967//3136 1960//3136
f 1967//3137 1974//3137 1975//3137
f 1967//3138 1975//3138 1968//3138
f 1968//3139 1975//3139 1976//3139
f 1968//3140 1976//3140 1969//3140
f 1969//3141 1976//3141 1977//3141
f 1969//3142 1977//3142 1970//3142
f 1970//3143 1977//3143 1978//3143
f 1970//3144 1978//3144 1971//3144
f 1971//3145 1978//3145 1979//3145
f 1971//3146 1979//3146 1972//3146
f 1972//3147 1979//3147 1980//3147
f 1972//3148 1980//3148 1973//3148
f 1973//3149 1980//3149 1974//3149
f 1973//3150 1974//3150 1967//3150
f 1981//3151 1982//3151 1983//3151
f 1981//3152 1983//3152 1984//3152
f 1981//3153 1984//3153 1985//3153
f 1981//3154 1985//3154 1986//3154
f 1981//3155 1986//3155 1987//3155
f 1981//3156 1987//3156 1988//3156
f 1981//3157 1988//3157 1982//3157
f 1982//3158 1989//3158 1990//3158
f 1982//3159 1990//3159 1983//3159
f 1983//3160 1990//3160 1991//3160
f 1983//3161 1991//3161 1984//3161
f 1984//3162 1991//3162 1992//3162
f 1984//3163 1992//3163 1985//3163
f 1985//3164 1992//3164 1993//3164
f 1985//3165 1993//3165 1986//3165
f 1986//3166 1993//3166 1994//3166
f 1986//3167 1994//3167 1987//3167
f 1987//3168 1994//3168 1995//3168
f 1987//3169 1995//3169 1988//3169
f 1988//3170 1995//3170 1989//3170
f 1988//3171 1989//3171 1982//3171
f 1989//3172 1996//3172 1997//3172
f 1989//3173 1997//3173 1990//3173
f 1990//3174 1997//3174 1998//3174
f 1990//3175 1998//3175 1991//3175
f 1991//3176 1998//3176 1999//3176
f 1991//3177 1999//3177 1992//3177
f 1992//3178 1999//3178 2000//3178
f 1992//3179 2000//3179 1993//3179
f 1993//3180 2000//3180 2001//3180
f 1993//3181 2001//3181 1994//3181
f 1994//3182 2001//3182 2002//3182
f 1994//3183 2002//3183 1995//3183
f 1995//3184 2002//3184 1996//3184
f 1995//3185 1996//3185 1989//3185
f 2003//3186 2004//3186 2005//3186
f 2003//3187 2005//3187 2006//3187
f 2003//3188 2006//3188 2007//3188
f 2003//3189 2007//3189 2008//3189
f 2003//3190 2008//3190 2009//3190
f 2003//3191 2009//3191 2010//3191
f 2003//3192 2010//3192 2004//3192
f 2004//3193 2011//3193 2012//3193
f 2004//3194 2012//3194 2005//3194
f 2005//3195 2012//3195 2013//3195
f 2005//3196 2013//3196 2006//3196
f 2006//3197 2013//3197 2014//3197
f 2006//3198 2014//3198 2007//3198
f 2007//3199 2014//3199 2015//3199
f 2007//3200 2015//3200 2008//3200
f 2008//3201 2015//3201 2016//3201
f 2008//3202 2016//3202 2009//3202
f 2009//3203 2016//3203 2017//3203
f 2009//3204 2017//3204 2010//3204
f 2010//3205 2017//3205 2011//3205
f 2010//3206 2011//3206 2004//3206
f 2011//3207 2018//3207 2019//3207
f 2011//3208 2019//3208 2012//3208
f 2012//3209 2019//3209 2020//3209
f 2012//3210 2020//3210 2013//3210
f 2013//3211 2020//3211 2021//3211
f 2013//3212 2021//3212 2014//3212
f 2014//3213 2021//3213 2022//3213
f 2014//3214 2022//3214 2015//3214
f 2015//3215 2022//3215 2023//3215
f 2015//3216 2023//3216 2016//3216
f 2016//3217 2023//3217 2024//3217
f 2016//3218 2024//3218 2017//3218
f 2017//3219 2024//3219 2018//3219
f 2017//3220 2018//3220 2011//3220
f 2025//3221 2026//3221 2027//3221
f 2025//3222 2027//3222 2028//3222
f 2025//3223 2028//3223 2029//3223
f 2025//3224 2029//3224 2030//3224
f 2025//3225 2030//3225 2031//3225
f 2025//3226 2031//3226 2032//3226
f 2025//3227 2032//3227 2026//3227
f 2026//3228 2033//3228 2034//3228
f 2026//3229 2034//3229 2027//3229
f 2027//3230 2034//3230 2035//3230
f 2027//3231 2035//3231 2028//3231
f 2028//3232 2035//3232 2036//3232
f 2028//3233 2036//3233 2029//3233
f 2029//3234 2036//3234 2037//3234
f 2029//3235 2037//3235 2030//3235
f 2030//3236 2037//3236 2038//3236
f 2030//3237 2038//3237 2031//3237
f 2031//3238 2038//3238 2039//3238
f 2031//3239 2039//3239 2032//3239
f 2032//3240 2039//3240 2033//3240
f 2032//3241 2033//3241 2026//3241
f 2033//3242 2040//3242 2041//3242
f 2033//3243 2041//3243 2034//3243
f 2034//3244 2041//3244 2042//3244
f 2034//3245 2042//3245 2035//3245
f 2035//3246 2042//3246 2043//3246
f 2035//3247 2043//3247 2036//3247
f 2036//3248 2043//3248 2044//3248
f 2036//3249 2044//3249 2037//3249
f 2037//3250 2044//3250 2045//3250
f 2037//3251 2045//3251 2038//3251
f 2038//3252 2045//3252 2046//3252
f 2038//3253 2046//3253 2039//3253
f 2039//3254 2046//3254 2040//3254
f 2039//3255 2040//3255 2033//3255
f 2047//3256 2048//3256 2049//3256
f 2047//3257 2049//3257 2050//3257
f 2047//3258 2050//3258 2051//3258
f 2047//3259 2051//3259 2052//3259
f 2047//3260 2052//3260 2053//3260
f 2047//3261 2053//3261 2054//3261
f 2047//3262 2054//3262 2048//3262
f 2048//3263 2055//3263 2056//3263
f 2048//3264 2056//3264 2049//3264
f 2049//3265 2056//3265 2057//3265
f 2049//3266 2057//3266 2050//3266
f 2050//3267 2057//3267 2058//3267
f 2050//3268 2058//3268 2051//3268
f 2051//3269 2058//3269 2059//3269
f 2051//3270 2059//3270 2052//3270
f 2052//3271 2059//3271 2060//3271
f 2052//3272 2060//3272 2053//3272
f 2053//3273 2060//3273 2061//3273
f 2053//3274 2061//3274 2054//3274
f 2054//3275 2061//3275 2055//3275
f 2054//3276 2055//3276 2048//3276
f 2055//3277 2062//3277 2063//3277
f 2055//3278 2063//3278 2056//3278
f 2056//3279 2063//3279 2064//3279
f 2056//3280 2064//3280 2057//3280
f 2057//3281 2064//3281 2065//3281
f 2057//3282 2065//3282 2058//3282
f 2058//3283 2065//3283 2066//3283
f 2058//3284 2066//3284 2059//3284
f 2059//3285 2066//3285 2067//3285
f 2059//3286 2067//3286 2060//3286
f 2060//3287 2067//3287 2068//3287
f 2060//3288 2068//3288 2061//3288
f 2061//3289 2068//3289 2062//3289
f 2061//3290 2062//3290 2055//3290
f 2069//3291 2070//3291 2071//3291
f 2069//3292 2071//3292 2072//3292
f 2069//3293 2072//3293 2073//3293
f 2069//3294 2073//3294 2074//3294
f 2069//3295 2074//3295 2075//3295
f 2069//3296 2075//3296 2076//3296
f 2069//3297 2076//3297 2070//3297
f 2070//3298 2077//3298 2078//3298
f 2070//3299 2078//3299 2071//3299
f 2071//3300 2078//3300 2079//3300
f 2071//3301 2079//3301 2072//3301
f 2072//3302 2079//3302 2080//3302
f 2072//3303 2080//3303 2073//3303
f 2073//3304 2080//3304 2081//3304
f 2073//3305 2081//3305 2074//3305
f 2074//3306 2081//3306 2082//3306
f 2074//3307 2082//3307 2075//3307
f 2075//3308 2082//3308 2083//3308
f 2075//3309 2083//3309 2076//3309
f 2076//3310 2083//3310 2077//3310
f 2076//3311 2077//3311 2070//3311
f 2077//3312 2084//3312 2085//3312
f 2077//3313 2085//3313 2078//3313
f 2078//3314 2085//3314 2086//3314
f 2078//3315 2086//3315 2079//3315
f 2079//3316 2086//3316 2087//3316
f 2079//3317 2087//3317 2080//3317
f 2080//3318 2087//3318 2088//3318
f 2080//3319 2088//3319 2081//3319
f 2081//3320 2088//3320 2089//3320
f 2081//3321 2089//3321 2082//3321
f 2082//3322 2089//3322 2090//3322
f 2082//3323 2090//3323 2083//3323
f 2083//3324 2090//3324 2084//3324
f 2083//3325 2084//3325 2077//3325
f 2091//3326 2092//3326 2093//3326
f 2091//3327 2093//3327 2094//3327
f 2091//3328 2094//3328 2095//3328
f 2091//3329 2095//3329 2096//3329
f 2091//3330 2096//3330 2097//3330
f 2091//3331 2097//3331 2098//3331
f 2091//3332 2098//3332 2092//3332
f 2092//3333 2099//3333 2100//3333
f 2092//3334 2100//3334 2093//3334
f 2093//3335 2100//3335 2101//3335
f 2093//3336 2101//3336 2094//3336
f 2094//3337 2101//3337 2102//3337
f 2094//3338 2102//3338 2095//3338
f 2095//3339 2102//3339 2103//3339
f 2095//3340 2103//3340 2096//3340
f 2096//3341 2103//3341 2104//3341
f 2096//3342 2104//3342 2097//3342
f 2097//3343 2104//3343 2105//3343
f 2097//3344 2105//3344 2098//3344
f 2098//3345 2105//3345 2099//3345
f 2098//3346 2099//3346 2092//3346
f 2099//3347 2106//3347 2107//3347
f 2099//3348 2107//3348 2100//3348
f 2100//3349 2107//3349 2108//3349
f 2100//3350 2108//3350 2101//3350
f 2101//3351 2108//3351 2109//3351
f 2101//3352 2109//3352 2102//3352
f 2102//3353 2109//3353 2110//3353
f 2102//3354 2110//3354 2103//3354
f 2103//3355 2110//3355 2111//3355
f 2103//3356 2111//3356 2104//3356
f 2104//3357 2111//3357 2112//3357
f 2104//3358 2112//3358 2105//3358
f 2105//3359 2112//3359 2106//3359
f 2105//3360 2106//3360 2099//3360
f 2113//3361 2114//3361 2115//3361
f 2113//3362 2115//3362 2116//3362
f 2113//3363 2116//3363 2117//3363
f 2113//3364 2117//3364 2118//3364
f 2113//3365 2118//3365 2119//3365
f 2113//3366 2119//3366 2120//3366
f 2113//3367 2120//3367 2114//3367
f 2114//3368 2121//3368 2122//3368
f 2114//3369 2122//3369 2115//3369
f 2115//3370 2122//3370 2123//3370
f 2115//3371 2123//3371 2116//3371
f 2116//3372 2123//3372 2124//3372
f 2116//3373 2124//3373 2117//3373
f 2117//3374 2124//3374 2125//3374
f 2117//3375 2125//3375 2118//3375
f 2118//3376 2125//3376 2126//3376
f 2118//3377 2126//3377 2119//3377
f 2119//3378 2126//3378 2127//3378
f 2119//3379 2127//3379 2120//3379
f 2120//3380 2127//3380 2121//3380
f 2120//3381 2121//3381 2114//3381
f 2121//3382 2128//3382 2129//3382
f 2121//3383 2129//3383 2122//3383
f 2122//3384 2129//3384 2130//3384
f 2122//3385 2130//3385 2123//3385
f 2123//3386 2130//3386 2131//3386
f 2123//3387 2131//3387 2124//3387
f 2124//3388 2131//3388 2132//3388
f 2124//3389 2132//3389 2125//3389
f 2125//3390 2132//3390 2133//3390
f 2125//3391 2133//3391 2126//3391
f 2126//3392 2133//3392 2134//3392
f 2126//3393 2134//3393 2127//3393
f 2127//3394 2134//3394 2128//3394
f 2127//3395 2128//3395 2121//3395
f 2135//3396 2136//3396 2137//3396
f 2135//3397 2137//3397 2138//3397
f 2135//3398 2138//3398 2139//3398
f 2135//3399 2139//3399 2140//3399
f 2135//3400 2140//3400 2141//3400
f 2135//3401 2141//3401 2142//3401
f 2135//3402 2142//3402 2136//3402
f 2136//3403 2143//3403 2144//3403
f 2136//3404 2144//3404 2137//3404
f 2137//3405 2144//3405 2145//3405
f 2137//3406 2145//3406 2138//3406
f 2138//3407 2145//3407 2146//3407
f 2138//3408 2146//3408 2139//3408
f 2139//3409 2146//3409 2147//3409
f 2139//3410 2147//3410 2140//3410
f 2140//3411 2147//3411 2148//3411
f 2140//3412 2148//3412 2141//3412
f 2141//3413 2148//3413 2149//3413
f 2141//3414 2149//3414 2142//3414
f 2142//3415 2149//3415 2143//3415
f 2142//3416 2143//3416 2136//3416
f 2143//3417 2150//3417 2151//3417
f 2143//3418 2151//3418 2144//3418
f 2144//3419 2151//3419 2152//3419
f 2144//3420 2152//3420 2145//3420
f 2145//3421 2152//3421 2153//3421
f 2145//3422 2153//3422 2146//3422
f 2146//3423 2153//3423 2154//3423
f 2146//3424 2154//3424 2147//3424
f 2147//3425 2154//3425 2155//3425
f 2147//3426 2155//3426 2148//3426
f 2148//3427 2155//3427 2156//3427
f 2148//3428 2156//3428 2149//3428
f 2149//3429 2156//3429 2150//3429
f 2149//3430 2150//3430 2143//3430
f 2157//3431 2158//3431 2159//3431
f 2157//3432 2159//3432 2160//3432
f 2157//3433 2160//3433 2161//3433
f 2157//3434 2161//3434 2162//3434
f 2157//3435 2162//3435 2163//3435
f 2157//3436 2163//3436 2164//3436
f 2157//3437 2164//3437 2158//3437
f 2158//3438 2165//3438 2166//3438
f 2158//3439 2166//3439 2159//3439
f 2159//3440 2166//3440 2167//3440
f 2159//3441 2167//3441 2160//3441
f 2160//3442 2167//3442 2168//3442
f 2160//3443 2168//3443 2161//3443
f 2161//3444 2168//3444 2169//3444
f 2161//3445 2169//3445 2162//3445
f 2162//3446 2169//3446 2170//3446
f 2162//3447 2170//3447 2163//3447
f 2163//3448 2170//3448 2171//3448
f 2163//3449 2171//3449 2164//3449
f 2164//3450 2171//3450 2165//3450
f 2164//3451 2165//3451 2158//3451
f 2165//3452 2172//3452 2173//3452
f 2165//3453 2173//3453 2166//3453
f 2166//3454 2173//3454 2174//3454
f 2166//3455 2174//3455 2167//3455
f 2167//3456 2174//3456 2175//3456
f 2167//3457 2175//3457 2168//3457
f 2168//3458 2175//3458 2176//3458
f 2168//3459 2176//3459 2169//3459
f 2169//3460 2176//3460 2177//3460
f 2169//3461 2177//3461 2170//3461
f 2170//3462 2177//3462 2178//3462
f 2170//3463 2178//3463 2171//3463
f 2171//3464 2178//3464 2172//3464
f 2171//3465 2172//3465 2165//3465
f 2179//3466 2180//3466 2181//3466
f 2179//3467 2181//3467 2182//3467
f 2179//3468 2182//3468 2183//3468
f 2179//3469 2183//3469 2184//3469
f 2179//3470 2184//3470 2185//3470
f 2179//3471 2185//3471 2186//3471
f 2179//3472 2186//3472 2180//3472
f 2180//3473 2187//3473 2188//3473
f 2180//3474 2188//3474 2181//3474
f 2181//3475 2188//3475 2189//3475
f 2181//3476 2189//3476 2182//3476
f 2182//3477 2189//3477 2190//3477
f 2182//3478 2190//3478 2183//3478
f 2183//3479 2190//3479 2191//3479
f 2183//3480 2191//3480 2184//3480
f 2184//3481 2191//3481 2192//3481
f 2184//3482 2192//3482 2185//3482
f 2185//3483 2192//3483 2193//3483
f 2185//3484 2193//3484 2186//3484
f 2186//3485 2193//3485 2187//3485
f 2186//3486 2187//3486 2180//3486
f 2187//3487 2194//3487 2195//3487
f 2187//3488 2195//3488 2188//3488
f 2188//3489 2195//3489 2196//3489
f 2188//3490 2196//3490 2189//3490
f 2189//3491 2196//3491 2197//3491
f 2189//3492 2197//3492 2190//3492
f 2190//3493 2197//3493 2198//3493
f 2190//3494 2198//3494 2191//3494
f 2191//3495 2198//3495 2199//3495
f 2191//3496 2199//3496 2192//3496
f 2192//3497 2199//3497 2200//3497
f 2192//3498 2200//3498 2193//3498
f 2193//3499 2200//3499 2194//3499
f 2193//3500 2194//3500 2187//3500
f 2201//3501 2202//3501 2203//3501
f 2201//3502 2203//3502 2204//3502
f 2201//3503 2204//3503 2205//3503
f 2201//3504 2205//3504 2206//3504
f 2201//3505 2206//3505 2207//3505
f 2201//3506 2207//3506 2208//3506
f 2201//3507 2208//3507 2202//3507
f 2202//3508 2209//3508 2210//3508
f 2202//3509 2210//3509 2203//3509
f 2203//3510 2210//3510 2211//3510
f 2203//3511 2211//3511 2204//3511
f 2204//3512 2211//3512 2212//3512
f 2204//3513 2212//3513 2205//3513
f 2205//3514 2212//3514 2213//3514
f 2205//3515 2213//3515 2206//3515
f 2206//3516 2213//3516 2214//3516
f 2206//3517 2214//3517 2207//3517
f 2207//3518 2214//3518 2215//3518
f 2207//3519 2215//3519 2208//3519
f 2208//3520 2215//3520 2209//3520
f 2208//3521 2209//3521 2202//3521
f 2209//3522 2216//3522 2217//3522
f 2209//3523 2217//3523 2210//3523
f 2210//3524 2217//3524 2218//3524
f 2210//3525 2218//3525 2211//3525
f 2211//3526 2218//3526 2219//3526
f 2211//3527 2219//3527 2212//3527
f 2212//3528 2219//3528 2220//3528
f 2212//3529 2220//3529 2213//3529
f 2213//3530 2220//3530 2221//3530
f 2213//3531 2221//3531 2214//3531
f 2214//3532 2221//3532 2222//3532
f 2214//3533 2222//3533 2215//3533
f 2215//3534 2222//3534 2216//3534
f 2215//3535 2216//3535 2209//3535
f 2223//3536 2224//3536 2225//3536
f 2223//3537 2225//3537 2226//3537
f 2223//3538 2226//3538 2227//3538
f 2223//3539 2227//3539 2228//3539
f 2223//3540 2228//3540 2229//3540
f 2223//3541 2229//3541 2230//3541
f 2223//3542 2230//3542 2224//3542
f 2224//3543 2231//3543 2232//3543
f 2224//3544 2232//3544 2225//3544
f 2225//3545 2232//3545 2233//3545
f 2225//3546 2233//3546 2226//3546
f 2226//3547 2233//3547 2234//3547
f 2226//3548 2234//3548 2227//3548
f 2227//3549 2234//3549 2235//3549
f 2227//3550 2235//3550 2228//3550
f 2228//3551 2235//3551 2236//3551
f 2228//3552 2236//3552 2229//3552
f 2229//3553 2236//3553 2237//3553
f 2229//3554 2237//3554 2230//3554
f 2230//3555 2237//3555 2231//3555
f 2230//3556 2231//3556 2224//3556
f 2231//3557 2238//3557 2239//3557
f 2231//3558 2239//3558 2232//3558
f 2232//3559 2239//3559 2240//3559
f 2232//3560 2240//3560 2233//3560
f 2233//3561 2240//3561 2241//3561
f 2233//3562 2241//3562 2234//3562
f 2234//3563 2241//3563 2242//3563
f 2234//3564 2242//3564 2235//3564
f 2235//3565 2242//3565 2243//3565
f 2235//3566 2243//3566 2236//3566
f 2236//3567 2243//3567 2244//3567
f 2236//3568 2244//3568 2237//3568
f 2237//3569 2244//3569 2238//3569
f 2237//3570 2238//3570 2231//3570
f 2245//3571 2246//3571 2247//3571
f 2245//3572 2247//3572 2248//3572
f 2245//3573 2248//3573 2249//3573
f 2245//3574 2249//3574 2250//3574
f 2245//3575 2250//3575 2251//3575
f 2245//3576 2251//3576 2252//3576
f 2245//3577 2252//3577 2246//3577
f 2246//3578 2253//3578 2254//3578
f 2246//3579 2254//3579 2247//3579
f 2247//3580 2254//3580 2255//3580
f 2247//3581 2255//3581 2248//3581
f 2248//3582 2255//3582 2256//3582
f 2248//3583 2256//3583 2249//3583
f 2249//3584 2256//3584 2257//3584
f 2249//3585 2257//3585 2250//3585
f 2250//3586 2257//3586 2258//3586
f 2250//3587 2258//3587 2251//3587
f 2251//3588 2258//3588 2259//3588
f 2251//3589 2259//3589 2252//3589
f 2252//3590 2259//3590 2253//3590
f 2252//3591 2253//3591 2246//3591
f 2253//3592 2260//3592 2261//3592
f 2253//3593 2261//3593 2254//3593
f 2254//3594 2261//3594 2262//3594
f 2254//3595 2262//3595 2255//3595
f 2255//3596 2262//3596 2263//3596
f 2255//3597 2263//3597 2256//3597
f 2256//3598 2263//3598 2264//3598
f 2256//3599 2264//3599 2257//3599
f 2257//3600 2264//3600 2265//3600
f 2257//3601 2265//3601 2258//3601
f 2258//3602 2265//3602 2266//3602
f 2258//3603 2266//3603 2259//3603
f 2259//3604 2266//3604 2260//3604
f 2259//3605 2260//3605 2253//3605
f 2267//3606 2268//3606 2269//3606
f 2267//3607 2269//3607 2270//3607
f 2267//3608 2270//3608 2271//3608
f 2267//3609 2271//3609 2272//3609
f 2267//3610 2272//3610 2273//3610
f 2267//3611 2273//3611 2274//3611
f 2267//3612 2274//3612 2268//3612
f 2268//3613 2275//3613 2276//3613
f 2268//3614 2276//3614 2269//3614
f 2269//3615 2276//3615 2277//3615
f 2269//3616 2277//3616 2270//3616
f 2270//3617 2277//3617 2278//3617
f 2270//3618 2278//3618 2271//3618
f 2271//3619 2278//3619 2279//3619
f 2271//3620 2279//3620 2272//3620
f 2272//3621 2279//3621 2280//3621
f 2272//3622 2280//3622 2273//3622
f 2273//3623 2280//3623 2281//3623
f 2273//3624 2281//3624 2274//3624
f 2274//3625 2281//3625 2275//3625
f 2274//3626 2275//3626 2268//3626
f 2275//3627 2282//3627 2283//3627
f 2275//3628 2283//3628 2276//3628
f 2276//3629 2283//3629 2284//3629
f 2276//3630 2284//3630 2277//3630
f 2277//3631 2284//3631 2285//3631
f 2277//3632 2285//3632 2278//3632
f 2278//3633 2285//3633 2286//3633
f 2278//3634 2286//3634 2279//3634
f 2279//3635 2286//3635 2287//3635
f 2279//3636 2287//3636 2280//3636
f 2280//3637 2287//3637 2288//3637
f 2280//3638 2288//3638 2281//3638
f 2281//3639 2288//3639 2282//3639
f 2281//3640 2282//3640 2275//3640
f 2289//3641 2290//3641 2291//3641
f 2289//3642 2291//3642 2292//3642
f 2289//3643 2292//3643 2293//3643
f 2289//3644 2293//3644 2294//3644
f 2289//3645 2294//3645 2295//3645
f 2289//3646 2295//3646 2296//3646
f 2289//3647 2296//3647 2290//3647
f 2290//3648 2297//3648 2298//3648
f 2290//3649 2298//3649 2291//3649
f 2291//3650 2298//3650 2299//3650
f 2291//3651 2299//3651 2292//3651
f 2292//3652 2299//3652 2300//3652
f 2292//3653 2300//3653 2293//3653
f 2293//3654 2300//3654 2301//3654
f 2293//3655 2301//3655 2294//3655
f 2294//3656 2301//3656 2302//3656
f 2294//3657 2302//3657 2295//3657
f 2295//3658 2302//3658 2303//3658
f 2295//3659 2303//3659 2296//3659
f 2296//3660 2303//3660 2297//3660
f 2296//3661 2297//3661 2290//3661
f 2297//3662 2304//3662 2305//3662
f 2297//3663 2305//3663 2298//3663
f 2298//3664 2305//3664 2306//3664
f 2298//3665 2306//3665 2299//3665
f 2299//3666 2306//3666 2307//3666
f 2299//3667 2307//3667 2300//3667
f 2300//3668 2307//3668 2308//3668
f 2300//3669 2308//3669 2301//3669
f 2301//3670 2308//3670 2309//3670
f 2301//3671 2309//3671 2302//3671
f 2302//3672 2309//3672 2310//3672
f 2302//3673 2310//3673 2303//3673
f 2303//3674 2310//3674 2304//3674
f 2303//3675 2304//3675 2297//3675
f 2311//3676 2312//3676 2313//3676
f 2311//3677 2313//3677 2314//3677
f 2311//3678 2314//3678 2315//3678
f 2311//3679 2315//3679 2316//3679
f 2311//3680 2316//3680 2317//3680
f 2311//3681 2317//3681 2318//3681
f 2311//3682 2318//3682 2312//3682
f 2312//3683 2319//3683 2320//3683
f 2312//3684 2320//3684 2313//3684
f 2313//3685 2320//3685 2321//3685
f 2313//3686 2321//3686 2314//3686
f 2314//3687 2321//3687 2322//3687
f 2314//3688 2322//3688 2315//3688
f 2315//3689 2322//3689 2323//3689
f 2315//3690 2323//3690 2316//3690
f 2316//3691 2323//3691 2324//3691
f 2316//3692 2324//3692 2317//3692
f 2317//3693 2324//3693 2325//3693
f 2317//3694 2325//3694 2318//3694
f 2318//3695 2325//3695 2319//3695
f 2318//3696 2319//3696 2312//3696
f 2319//3697 2326//3697 2327//3697
f 2319//3698 2327//3698 2320//3698
f 2320//3699 2327//3699 2328//3699
f 2320//3700 2328//3700 2321//3700
f 2321//3701 2328//3701 2329//3701
f 2321//3702 2329//3702 2322//3702
f 2322//3703 2329//3703 2330//3703
f 2322//3704 2330//3704 2323//3704
f 2323//3705 2330//3705 2331//3705
f 2323//3706 2331//3706 2324//3706
f 2324//3707 2331//3707 2332//3707
f 2324//3708 2332//3708 2325//3708
f 2325//3709 2332//3709 2326//3709
f 2325//3710 2326//3710 2319//3710
f 2333//3711 2334//3711 2335//3711
f 2333//3712 2335//3712 2336//3712
f 2333//3713 2336//3713 2337//3713
f 2333//3714 2337//3714 2338//3714
f 2333//3715 2338//3715 2339//3715
f 2333//3716 2339//3716 2340//3716
f 2333//3717 2340//3717 2334//3717
f 2334//3718 2341//3718 2342//3718
f 2334//3719 2342//3719 2335//3719
f 2335//3720 2342//3720 2343//3720
f 2335//3721 2343//3721 2336//3721
f 2336//3722 2343//3722 2344//3722
f 2336//3723 2344//3723 2337//3723
f 2337//3724 2344//3724 2345//3724
f 2337//3725 2345//3725 2338//3725
f 2338//3726 2345//3726 2346//3726
f 2338//3727 2346//3727 2339//3727
f 2339//3728 2346//3728 2347//3728
f 2339//3729 2347//3729 2340//3729
f 2340//3730 2347//3730 2341//3730
f 2340//3731 2341//3731 2334//3731
f 2341//3732 2348//3732 2349//3732
f 2341//3733 2349//3733 2342//3733
f 2342//3734 2349//3734 2350//3734
f 2342//3735 2350//3735 2343//3735
f 2343//3736 2350//3736 2351//3736
f 2343//3737 2351//3737 2344//3737
f 2344//3738 2351//3738 2352//3738
f 2344//3739 2352//3739 2345//3739
f 2345//3740 2352//3740 2353//3740
f 2345//3741 2353//3741 2346//3741
f 2346//3742 2353//3742 2354//3742
f 2346//3743 2354//3743 2347//3743
f 2347//3744 2354//3744 2348//3744
f 2347//3745 2348//3745 2341//3745
f 2355//3746 2356//3746 2357//3746
f 2355//3747 2357//3747 2358//3747
f 2355//3748 2358//3748 2359//3748
f 2355//3749 2359//3749 2360//3749
f 2355//3750 2360//3750 2361//3750
f 2355//3751 2361//3751 2362//3751
f 2355//3752 2362//3752 2356//3752
f 2356//3753 2363//3753 2364//3753
f 2356//3754 2364//3754 2357//3754
f 2357//3755 2364//3755 2365//3755
f 2357//3756 2365//3756 2358//3756
f 2358//3757 2365//3757 2366//3757
f 2358//3758 2366//3758 2359//3758
f 2359//3759 2366//3759 2367//3759
f 2359//3760 2367//3760 2360//3760
f 2360//3761 2367//3761 2368//3761
f 2360//3762 2368//3762 2361//3762
f 2361//3763 2368//3763 2369//3763
f 2361//3764 2369//3764 2362//3764
f 2362//3765 2369//3765 2363//3765
f 2362//3766 2363//3766 2356//3766
f 2363//3767 2370//3767 2371//3767
f 2363//3768 2371//3768 2364//3768
f 2364//3769 2371//3769 2372//3769
f 2364//3770 2372//3770 2365//3770
f 2365//3771 2372//3771 2373//3771
f 2365//3772 2373//3772 2366//3772
f 2366//3773 2373//3773 2374//3773
f 2366//3774 2374//3774 2367//3774
f 2367//3775 2374//3775 2375//3775
f 2367//3776 2375//3776 2368//3776
f 2368//3777 2375//3777 2376//3777
f 2368//3778 2376//3778 2369//3778
f 2369//3779 2376//3779 2370//3779
f 2369//3780 2370//3780 2363//3780
f 2377//3781 2378//3781 2379//3781
f 2377//3782 2379//3782 2380//3782
f 2377//3783 2380//3783 2381//3783
f 2377//3784 2381//3784 2382//3784
f 2377//3785 2382//3785 2383//3785
f 2377//3786 2383//3786 2384//3786
f 2377//3787 2384//3787 2378//3787
f 2378//3788 2385//3788 2386//3788
f 2378//3789 2386//3789 2379//3789
f 2379//3790 2386//3790 2387//3790
f 2379//3791 2387//3791 2380//3791
f 2380//3792 2387//3792 2388//3792
f 2380//3793 2388//3793 2381//3793
f 2381//3794 2388//3794 2389//3794
f 2381//3795 2389//3795 2382//3795
f 2382//3796 2389//3796 2390//3796
f 2382//3797 2390//3797 2383//3797
f 2383//3798 2390//3798 2391//3798
f 2383//3799 2391//3799 2384//3799
f 2384//3800 2391//3800 2385//3800
f 2384//3801 2385//3801 2378//3801
f 2385//3802 2392//3802 2393//3802
f 2385//3803 2393//3803 2386//3803
f 2386//3804 2393//3804 2394//3804
f 2386//3805 2394//3805 2387//3805
f 2387//3806 2394//3806 2395//3806
f 2387//3807 2395//3807 2388//3807
f 2388//3808 2395//3808 2396//3808
f 2388//3809 2396//3809 2389//3809
f 2389//3810 2396//3810 2397//3810
f 2389//3811 2397//3811 2390//3811
f 2390//3812 2397//3812 2398//3812
f 2390//3813 2398//3813 2391//3813
f 2391//3814 2398//3814 2392//3814
f 2391//3815 2392//3815 2385//3815
f 2399//3816 2400//3816 2401//3816
f 2399//3817 2401//3817 2402//3817
f 2399//3818 2402//3818 2403//3818
f 2399//3819 2403//3819 2404//3819
f 2399//3820 2404//3820 2405//3820
f 2399//3821 2405//3821 2406//3821
f 2399//3822 2406//3822 2400//3822
f 2400//3823 2407//3823 2408//3823
f 2400//3824 2408//3824 2401//3824
f 2401//3825 2408//3825 2409//3825
f 2401//3826 2409//3826 2402//3826
f 2402//3827 2409//3827 2410//3827
f 2402//3828 2410//3828 2403//3828
f 2403//3829 2410//3829 2411//3829
f 2403//3830 2411//3830 2404//3830
f 2404//3831 2411//3831 2412//3831
f 2404//3832 2412//3832 2405//3832
f 2405//3833 2412//3833 2413//3833
f 2405//3834 2413//3834 2406//3834
f 2406//3835 2413//3835 2407//3835
f 2406//3836 2407//3836 2400//3836
f 2407//3837 2414//3837 2415//3837
f 2407//3838 2415//3838 2408//3838
f 2408//3839 2415//3839 2416//3839
f 2408//3840 2416//3840 2409//3840
f 2409//3841 2416//3841 2417//3841
f 2409//3842 2417//3842 2410//3842
f 2410//3843 2417//3843 2418//3843
f 2410//3844 2418//3844 2411//3844
f 2411//3845 2418//3845 2419//3845
f 2411//3846 2419//3846 2412//3846
f 2412//3847 2419//3847 2420//3847
f 2412//3848 2420//3848 2413//3848
f 2413//3849 2420//3849 2414//3849
f 2413//3850 2414//3850 2407//3850
f 2421//3851 2422//3851 2423//3851
f 2421//3852 2423//3852 2424//3852
f 2421//3853 2424//3853 2425//3853
f 2421//3854 2425//3854 2426//3854
f 2421//3855 2426//3855 2427//3855
f 2421//3856 2427//3856 2428//3856
f 2421//3857 2428//3857 2422//3857
f 2422//3858 2429//3858 2430//3858
f 2422//3859 2430//3859 2423//3859
f 2423//3860 2430//3860 2431//3860
f 2423//3861 2431//3861 2424//3861
f 2424//3862 2431//3862 2432//3862
f 2424//3863 2432//3863 2425//3863
f 2425//3864 2432//3864 2433//3864
f 2425//3865 2433//3865 2426//3865
f 2426//3866 2433//3866 2434//3866
f 2426//3867 2434//3867 2427//3867
f 2427//3868 2434//3868 2435//3868
f 2427//3869 2435//3869 2428//3869
f 2428//3870 2435//3870 2429//3870
f 2428//3871 2429//3871 2422//3871
f 2429//3872 2436//3872 2437//3872
f 2429//3873 2437//3873 2430//3873
f 2430//3874 2437//3874 2438//3874
f 2430//3875 2438//3875 2431//3875
f 2431//3876 2438//3876 2439//3876
f 2431//3877 2439//3877 2432//3877
f 2432//3878 2439//3878 2440//3878
f 2432//3879 2440//3879 2433//3879
f 2433//3880 2440//3880 2441//3880
f 2433//3881 2441//3881 2434//3881
f 2434//3882 2441//3882 2442//3882
f 2434//3883 2442//3883 2435//3883
f 2435//3884 2442//3884 2436//3884
f 2435//3885 2436//3885 2429//3885
f 2443//3886 2444//3886 2445//3886
f 2443//3887 2445//3887 2446//3887
f 2443//3888 2446//3888 2447//3888
f 2443//3889 2447//3889 2448//3889
f 2443//3890 2448//3890 2449//3890
f 2443//3891 2449//3891 2450//3891
f 2443//3892 2450//3892 2444//3892
f 2444//3893 2451//3893 2452//3893
f 2444//3894 2452//3894 2445//3894
f 2445//3895 2452//3895 2453//3895
f 2445//3896 2453//3896 2446//3896
f 2446//3897 2453//3897 2454//3897
f 2446//3898 2454//3898 2447//3898
f 2447//3899 2454//3899 2455//3899
f 2447//3900 2455//3900 2448//3900
f 2448//3901 2455//3901 2456//3901
f 2448//3902 2456//3902 2449//3902
f 2449//3903 2456//3903 2457//3903
f 2449//3904 2457//3904 2450//3904
f 2450//3905 2457//3905 2451//3905
f 2450//3906 2451//3906 2444//3906
f 2451//3907 2458//3907 2459//3907
f 2451//3908 2459//3908 2452//3908
f 2452//3909 2459//3909 2460//3909
f 2452//3910 2460//3910 2453//3910
f 2453//3911 2460//3911 2461//3911
f 2453//3912 2461//3912 2454//3912
f 2454//3913 2461//3913 2462//3913
f 2454//3914 2462//3914 2455//3914
f 2455//3915 2462//3915 2463//3915
f 2455//3916 2463//3916 2456//3916
f 2456//3917 2463//3917 2464//3917
f 2456//3918 2464//3918 2457//3918
f 2457//3919 2464//3919 2458//3919
f 2457//3920 2458//3920 2451//3920
f 2465//3921 2466//3921 2467//3921
f 2465//3922 2467//3922 2468//3922
f 2465//3923 2468//3923 2469//3923
f 2465//3924 2469//3924 2470//3924
f 2465//3925 2470//3925 2471//3925
f 2465//3926 2471//3926 2472//3926
f 2465//3927 2472//3927 2466//3927
f 2466//3928 2473//3928 2474//3928
f 2466//3929 2474//3929 2467//3929
f 2467//3930 2474//3930 2475//3930
f 2467//3931 2475//3931 2468//3931
f 2468//3932 2475//3932 2476//3932
f 2468//3933 2476//3933 2469//3933
f 2469//3934 2476//3934 2477//3934
f 2469//3935 2477//3935 2470//3935
f 2470//3936 2477//3936 2478//3936
f 2470//3937 2478//3937 2471//3937
f 2471//3938 2478//3938 2479//3938
f 2471//3939 2479//3939 2472//3939
f 2472//3940 2479//3940 2473//3940
f 2472//3941 2473//3941 2466//3941
f 2473//3942 2480//3942 2481//3942
f 2473//3943 2481//3943 2474//3943
f 2474//3944 2481//3944 2482//3944
f 2474//3945 2482//3945 2475//3945
f 2475//3946 2482//3946 2483//3946
f 2475//3947 2483//3947 2476//3947
f 2476//3948 2483//3948 2484//3948
f 2476//3949 2484//3949 2477//3949
f 2477//3950 2484//3950 2485//3950
f 2477//3951 2485//3951 2478//3951
f 2478//3952 2485//3952 2486//3952
f 2478//3953 2486//3953 2479//3953
f 2479//3954 2486//3954 2480//3954
f 2479//3955 2480//3955 2473//3955
f 2487//3956 2488//3956 2489//3956
f 2487//3957 2489//3957 2490//3957
f 2487//3958 2490//3958 2491//3958
f 2487//3959 2491//3959 2492//3959
f 2487//3960 2492//3960 2493//3960
f 2487//3961 2493//3961 2494//3961
f 2487//3962 2494//3962 2488//3962
f 2488//3963 2495//3963 2496//3963
f 2488//3964 2496//3964 2489//3964
f 2489//3965 2496//3965 2497//3965
f 2489//3966 2497//3966 2490//3966
f 2490//3967 2497//3967 2498//3967
f 2490//3968 2498//3968 2491//3968
f 2491//3969 2498//3969 2499//3969
f 2491//3970 2499//3970 2492//3970
f 2492//3971 2499//3971 2500//3971
f 2492//3972 2500//3972 2493//3972
f 2493//3973 2500//3973 2501//3973
f 2493//3974 2501//3974 2494//3974
f 2494//3975 2501//3975 2495//3975
f 2494//3976 2495//3976 2488//3976
f 2495//3977 2502//3977 2503//3977
f 2495//3978 2503//3978 2496//3978
f 2496//3979 2503//3979 2504//3979
f 2496//3980 2504//3980 2497//3980
f 2497//3981 2504//3981 2505//3981
f 2497//3982 2505//3982 2498//3982
f 2498//3983 2505//3983 2506//3983
f 2498//3984 2506//3984 2499//3984
f 2499//3985 2506//3985 2507//3985
f 2499//3986 2507//3986 2500//3986
f 2500//3987 2507//3987 2508//3987
f 2500//3988 2508//3988 2501//3988
f 2501//3989 2508//3989 2502//3989
f 2501//3990 2502//3990 2495//3990
f 2509//3991 2510//3991 2511//3991
f 2509//3992 2511//3992 2512//3992
f 2509//3993 2512//3993 2513//3993
f 2509//3994 2513//3994 2514//3994
f 2509//3995 2514//3995 2515//3995
f 2509//3996 2515//3996 2516//3996
f 2509//3997 2516//3997 2510//3997
f 2510//3998 2517//3998 2518//3998
f 2510//3999 2518//3999 2511//3999
f 2511//4000 2518//4000 2519//4000
f 2511//4001 2519//4001 2512//4001
f 2512//4002 2519//4002 2520//4002
f 2512//4003 2520//4003 2513//4003
f 2513//4004 2520//4004 2521//4004
f 2513//4005 2521//4005 2514//4005
f 2514//4006 2521//4006 2522//4006
f 2514//4007 2522//4007 2515//4007
f 2515//4008 2522//4008 2523//4008
f 2515//4009 2523//4009 2516//4009
f 2516//4010 2523//4010 2517//4010
f 2516//4011 2517//4011 2510//4011
f 2517//4012 2524//4012 2525//4012
f 2517//4013 2525//4013 2518//4013
f 2518//4014 2525//4014 2526//4014
f 2518//4015 2526//4015 2519//4015
f 2519//4016 2526//4016 2527//4016
f 2519//4017 2527//4017 2520//4017
f 2520//4018 2527//4018 2528//4018
f 2520//4019 2528//4019 2521//4019
f 2521//4020 2528//4020 2529//4020
f 2521//4021 2529//4021 2522//4021
f 2522//4022 2529//4022 2530//4022
f 2522//4023 2530//4023 2523//4023
f 2523//4024 2530//4024 2524//4024
f 2523//4025 2524//4025 2517//4025
f 2531//4026 2532//4026 2533//4026
f 2531//4027 2533//4027 2534//4027
f 2531//4028 2534//4028 2535//4028
f 2531//4029 2535//4029 2536//4029
f 2531//4030 2536//4030 2537//4030
f 2531//4031 2537//4031 2538//4031
f 2531//4032 2538//4032 2532//4032
f 2532//4033 2539//4033 2540//4033
f 2532//4034 2540//4034 2533//4034
f 2533//4035 2540//4035 2541//4035
f 2533//4036 2541//4036 2534//4036
f 2534//4037 2541//4037 2542//4037
f 2534//4038 2542//4038 2535//4038
f 2535//4039 2542//4039 2543//4039
f 2535//4040 2543//4040 2536//4040
f 2536//4041 2543//4041 2544//4041
f 2536//4042 2544//4042 2537//4042
f 2537//4043 2544//4043 2545//4043
f 2537//4044 2545//4044 2538//4044
f 2538//4045 2545//4045 2539//4045
f 2538//4046 2539//4046 2532//4046
f 2539//4047 2546//4047 2547//4047
f 2539//4048 2547//4048 2540//4048
f 2540//4049 2547//4049 2548//4049
f 2540//4050 2548//4050 2541//4050
f 2541//4051 2548//4051 2549//4051
f 2541//4052 2549//4052 2542//4052
f 2542//4053 2549//4053 2550//4053
f 2542//4054 2550//4054 2543//4054
f 2543//4055 2550//4055 2551//4055
f 2543//4056 2551//4056 2544//4056
f 2544//4057 2551//4057 2552//4057
f 2544//4058 2552//4058 2545//4058
f 2545//4059 2552//4059 2546//4059
f 2545//4060 2546//4060 2539//4060
f 2553//4061 2554//4061 2555//4061
f 2553//4062 2555//4062 2556//4062
f 2553//4063 2556//4063 2557//4063
f 2553//4064 2557//4064 2558//4064
f 2553//4065 2558//4065 2559//4065
f 2553//4066 2559//4066 2560//4066
f 2553//4067 2560//4067 2554//4067
f 2554//4068 2561//4068 2562//4068
f 2554//4069 2562//4069 2555//4069
f 2555//4070 2562//4070 2563//4070
f 2555//4071 2563//4071 2556//4071
f 2556//4072 2563//4072 2564//4072
f 2556//4073 2564//4073 2557//4073
f 2557//4074 2564//4074 2565//4074
f 2557//4075 2565//4075 2558//4075
f 2558//4076 2565//4076 2566//4076
f 2558//4077 2566//4077 2559//4077
f 2559//4078 2566//4078 2567//4078
f 2559//4079 2567//4079 2560//4079
f 2560//4080 2567//4080 2561//4080
f 2560//4081 2561//4081 2554//4081
f 2561//4082 2568//4082 2569//4082
f 2561//4083 2569//4083 2562//4083
f 2562//4084 2569//4084 2570//4084
f 2562//4085 2570//4085 2563//4085
f 2563//4086 2570//4086 2571//4086
f 2563//4087 2571//4087 2564//4087
f 2564//4088 2571//4088 2572//4088
f 2564//4089 2572//4089 2565//4089
f 2565//4090 2572//4090 2573//4090
f 2565//4091 2573//4091 2566//4091
f 2566//4092 2573//4092 2574//4092
f 2566//4093 2574//4093 2567//4093
f 2567//4094 2574//4094 2568//4094
f 2567//4095 2568//4095 2561//4095
f 2575//4096 2576//4096 2577//4096
f 2575//4097 2577//4097 2578//4097
f 2575//4098 2578//4098 2579//4098
f 2575//4099 2579//4099 2580//4099
f 2575//4100 2580//4100 2581//4100
f 2575//4101 2581//4101 2582//4101
f 2575//4102 2582//4102 2576//4102
f 2576//4103 2583//4103 2584//4103
f 2576//4104 2584//4104 2577//4104
f 2577//4105 2584//4105 2585//4105
f 2577//4106 2585//4106 2578//4106
f 2578//4107 2585//4107 2586//4107
f 2578//4108 2586//4108 2579//4108
f 2579//4109 2586//4109 2587//4109
f 2579//4110 2587//4110 2580//4110
f 2580//4111 2587//4111 2588//4111
f 2580//4112 2588//4112 2581//4112
f 2581//4113 2588//4113 2589//4113
f 2581//4114 2589//4114 2582//4114
f 2582//4115 2589//4115 2583//4115
f 2582//4116 2583//4116 2576//4116
f 2583//4117 2590//4117 2591//4117
f 2583//4118 2591//4118 2584//4118
f 2584//4119 2591//4119 2592//4119
f 2584//4120 2592//4120 2585//4120
f 2585//4121 2592//4121 2593//4121
f 2585//4122 2593//4122 2586//4122
f 2586//4123 2593//4123 2594//4123
f 2586//4124 2594//4124 2587//4124
f 2587//4125 2594//4125 2595//4125
f 2587//4126 2595//4126 2588//4126
f 2588//4127 2595//4127 2596//4127
f 2588//4128 2596//4128 2589//4128
f 2589//4129 2596//4129 2590//4129
f 2589//4130 2590//4130 2583//4130
f 2597//4131 2598//4131 2599//4131
f 2597//4132 2599//4132 2600//4132
f 2597//4133 2600//4133 2601//4133
f 2597//4134 2601//4134 2602//4134
f 2597//4135 2602//4135 2603//4135
f 2597//4136 2603//4136 2604//4136
f 2597//4137 2604//4137 2598//4137
f 2598//4138 2605//4138 2606//4138
f 2598//4139 2606//4139 2599//4139
f 2599//4140 2606//4140 2607//4140
f 2599//4141 2607//4141 2600//4141
f 2600//4142 2607//4142 2608//4142
f 2600//4143 2608//4143 2601//4143
f 2601//4144 2608//4144 2609//4144
f 2601//4145 2609//4145 2602//4145
f 2602//4146 2609//4146 2610//4146
f 2602//4147 2610//4147 2603//4147
f 2603//4148 2610//4148 2611//4148
f 2603//4149 2611//4149 2604//4149
f 2604//4150 2611//4150 2605//4150
f 2604//4151 2605//4151 2598//4151
f 2605//4152 2612//4152 2613//4152
f 2605//4153 2613//4153 2606//4153
f 2606//4154 2613//4154 2614//4154
f 2606//4155 2614//4155 2607//4155
f 2607//4156 2614//4156 2615//4156
f 2607//4157 2615//4157 2608//4157
f 2608//4158 2615//4158 2616//4158
f 2608//4159 2616//4159 2609//4159
f 2609//4160 2616//4160 2617//4160
f 2609//4161 2617//4161 2610//4161
f 2610//4162 2617//4162 2618//4162
f 2610//4163 2618//4163 2611//4163
f 2611//4164 2618//4164 2612//4164
f 2611//4165 2612//4165 2605//4165
f 2619//4166 2620//4166 2621//4166
f 2619//4167 2621//4167 2622//4167
f 2619//4168 2622//4168 2623//4168
f 2619//4169 2623//4169 2624//4169
f 2619//4170 2624//4170 2625//4170
f 2619//4171 2625//4171 2626//4171
f 2619//4172 2626//4172 2620//4172
f 2620//4173 2627//4173 2628//4173
f 2620//4174 2628//4174 2621//4174
f 2621//4175 2628//4175 2629//4175
f 2621//4176 2629//4176 2622//4176
f 2622//4177 2629//4177 2630//4177
f 2622//4178 2630//4178 2623//4178
f 2623//4179 2630//4179 2631//4179
f 2623//4180 2631//4180 2624//4180
f 2624//4181 2631//4181 2632//4181
f 2624//4182 2632//4182 2625//4182
f 2625//4183 2632//4183 2633//4183
f 2625//4184 2633//4184 2626//4184
f 2626//4185 2633//4185 2627//4185
f 2626//4186 2627//4186 2620//4186
f 2627//4187 2634//4187 2635//4187
f 2627//4188 2635//4188 2628//4188
f 2628//4189 2635//4189 2636//4189
f 2628//4190 2636//4190 2629//4190
f 2629//4191 2636//4191 2637//4191
f 2629//4192 2637//4192 2630//4192
f 2630//4193 2637//4193 2638//4193
f 2630//4194 2638//4194 2631//4194
f 2631//4195 2638//4195 2639//4195
f 2631//4196 2639//4196 2632//4196
f 2632//4197 2639//4197 2640//4197
f 2632//4198 2640//4198 2633//4198
f 2633//4199 2640//4199 2634//4199
f 2633//4200 2634//4200 2627//4200
f 2641//4201 2642//4201 2643//4201
f 2641//4202 2643//4202 2644//4202
f 2641//4203 2644//4203 2645//4203
f 2641//4204 2645//4204 2646//4204
f 2641//4205 2646//4205 2647//4205
f 2641//4206 2647//4206 2648//4206
f 2641//4207 2648//4207 2642//4207
f 2642//4208 2649//4208 2650//4208
f 2642//4209 2650//4209 2643//4209
f 2643//4210 2650//4210 2651//4210
f 2643//4211 2651//4211 2644//4211
f 2644//4212 2651//4212 2652//4212
f 2644//4213 2652//4213 2645//4213
f 2645//4214 2652//4214 2653//4214
f 2645//4215 2653//4215 2646//4215
f 2646//4216 2653//4216 2654//4216
f 2646//4217 2654//4217 2647//4217
f 2647//4218 2654//4218 2655//4218
f 2647//4219 2655//4219 2648//4219
f 2648//4220 2655//4220 2649//4220
f 2648//4221 2649//4221 2642//4221
f 2649//4222 2656//4222 2657//4222
f 2649//4223 2657//4223 2650//4223
f 2650//4224 2657//4224 2658//4224
f 2650//4225 2658//4225 2651//4225
f 2651//4226 2658//4226 2659//4226
f 2651//4227 2659//4227 2652//4227
f 2652//4228 2659//4228 2660//4228
f 2652//4229 2660//4229 2653//4229
f 2653//4230 2660//4230 2661//4230
f 2653//4231 2661//4231 2654//4231
f 2654//4232 2661//4232 2662//4232
f 2654//4233 2662//4233 2655//4233
f 2655//4234 2662//4234 2656//4234
f 2655//4235 2656//4235 2649//4235
f 2663//4236 2664//4236 2665//4236
f 2663//4237 2665//4237 2666//4237
f 2663//4238 2666//4238 2667//4238
f 2663//4239 2667//4239 2668//4239
f 2663//4240 2668//4240 2669//4240
f 2663//4241 2669//4241 2670//4241
f 2663//4242 2670//4242 2664//4242
f 2664//4243 2671//4243 2672//4243
f 2664//4244 2672//4244 2665//4244
f 2665//4245 2672//4245 2673//4245
f 2665//4246 2673//4246 2666//4246
f 2666//4247 2673//4247 2674//4247
f 2666//4248 2674//4248 2667//4248
f 2667//4249 2674//4249 2675//4249
f 2667//4250 2675//4250 2668//4250
f 2668//4251 2675//4251 2676//4251
f 2668//4252 2676//4252 2669//4252
f 2669//4253 2676//4253 2677//4253
f 2669//4254 2677//4254 2670//4254
f 2670//4255 2677//4255 2671//4255
f 2670//4256 2671//4256 2664//4256
f 2671//4257 2678//4257 2679//4257
f 2671//4258 2679//4258 2672//4258
f 2672//4259 2679//4259 2680//4259
f 2672//4260 2680//4260 2673//4260
f 2673//4261 2680//4261 2681//4261
f 2673//4262 2681//4262 2674//4262
f 2674//4263 2681//4263 2682//4263
f 2674//4264 2682//4264 2675//4264
f 2675//4265 2682//4265 2683//4265
f 2675//4266 2683//4266 2676//4266
f 2676//4267 2683//4267 2684//4267
f 2676//4268 2684//4268 2677//4268
f 2677//4269 2684//4269 2678//4269
f 2677//4270 2678//4270 2671//4270
f 2685//4271 2686//4271 2687//4271
f 2685//4272 2687//4272 2688//4272
f 2685//4273 2688//4273 2689//4273
f 2685//4274 2689//4274 2690//4274
f 2685//4275 2690//4275 2691//4275
f 2685//4276 2691//4276 2692//4276
f 2685//4277 2692//4277 2686//4277
f 2686//4278 2693//4278 2694//4278
f 2686//4279 2694//4279 2687//4279
f 2687//4280 2694//4280 2695//4280
f 2687//4281 2695//4281 2688//4281
f 2688//4282 2695//4282 2696//4282
f 2688//4283 2696//4283 2689//4283
f 2689//4284 2696//4284 2697//4284
f 2689//4285 2697//4285 2690//4285
f 2690//4286 2697//4286 2698//4286
f 2690//4287 2698//4287 2691//4287
f 2691//4288 2698//4288 2699//4288
f 2691//4289 2699//4289 2692//4289
f 2692//4290 2699//4290 2693//4290
f 2692//4291 2693//4291 2686//4291
f 2693//4292 2700//4292 2701//4292
f 2693//4293 2701//4293 2694//4293
f 2694//4294 2701//4294 2702//4294
f 2694//4295 2702//4295 2695//4295
f 2695//4296 2702//4296 2703//4296
f 2695//4297 2703//4297 2696//4297
f 2696//4298 2703//4298 2704//4298
f 2696//4299 2704//4299 2697//4299
f 2697//4300 2704//4300 2705//4300
f 2697//4301 2705//4301 2698//4301
f 2698//4302 2705//4302 2706//4302
f 2698//4303 2706//4303 2699//4303
f 2699//4304 2706//4304 2700//4304
f 2699//4305 2700//4305 2693//4305
f 2707//4306 2708//4306 2709//4306
f 2707//4307 2709//4307 2710//4307
f 2707//4308 2710//4308 2711//4308
f 2707//4309 2711//4309 2712//4309
f 2707//4310 2712//4310 2713//4310
f 2707//4311 2713//4311 2714//4311
f 2707//4312 2714//4312 2708//4312
f 2708//4313 2715//4313 2716//4313
f 2708//4314 2716//4314 2709//4314
f 2709//4315 2716//4315 2717//4315
f 2709//4316 2717//4316 2710//4316
f 2710//4317 2717//4317 2718//4317
f 2710//4318 2718//4318 2711//4318
f 2711//4319 2718//4319 2719//4319
f 2711//4320 2719//4320 2712//4320
f 2712//4321 2719//4321 2720//4321
f 2712//4322 2720//4322 2713//4322
f 2713//4323 2720//4323 2721//4323
f 2713//4324 2721//4324 2714//4324
f 2714//4325 2721//4325 2715//4325
f 2714//4326 2715//4326 2708//4326
f 2715//4327 2722//4327 2723//4327
f 2715//4328 2723//4328 2716//4328
f 2716//4329 2723//4329 2724//4329
f 2716//4330 2724//4330 2717//4330
f 2717//4331 2724//4331 2725//4331
f 2717//4332 2725//4332 2718//4332
f 2718//4333 2725//4333 2726//4333
f 2718//4334 2726//4334 2719//4334
f 2719//4335 2726//4335 2727//4335
f 2719//4336 2727//4336 2720//4336
f 2720//4337 2727//4337 2728//4337
f 2720//4338 2728//4338 2721//4338
f 2721//4339 2728//4339 2722//4339
f 2721//4340 2722//4340 2715//4340
f 2729//4341 2730//4341 2731//4341
f 2729//4342 2731//4342 2732//4342
f 2729//4343 2732//4343 2733//4343
f 2729//4344 2733//4344 2734//4344
f 2729//4345 2734//4345 2735//4345
f 2729//4346 2735//4346 2736//4346
f 2729//4347 2736//4347 2730//4347
f 2730//4348 2737//4348 2738//4348
f 2730//4349 2738//4349 2731//4349
f 2731//4350 2738//4350 2739//4350
f 2731//4351 2739//4351 2732//4351
f 2732//4352 2739//4352 2740//4352
f 2732//4353 2740//4353 2733//4353
f 2733//4354 2740//4354 2741//4354
f 2733//4355 2741//4355 2734//4355
f 2734//4356 2741//4356 2742//4356
f 2734//4357 2742//4357 2735//4357
f 2735//4358 2742//4358 2743//4358
f 2735//4359 2743//4359 2736//4359
f 2736//4360 2743//4360 2737//4360
f 2736//4361 2737//4361 2730//4361
f 2737//4362 2744//4362 2745//4362
f 2737//4363 2745//4363 2738//4363
f 2738//4364 2745//4364 2746//4364
f 2738//4365 2746//4365 2739//4365
f 2739//4366 2746//4366 2747//4366
f 2739//4367 2747//4367 2740//4367
f 2740//4368 2747//4368 2748//4368
f 2740//4369 2748//4369 2741//4369
f 2741//4370 2748//4370 2749//4370
f 2741//4371 2749//4371 2742//4371
f 2742//4372 2749//4372 2750//4372
f 2742//4373 2750//4373 2743//4373
f 2743//4374 2750//4374 2744//4374
f 2743//4375 2744//4375 2737//4375
f 2751//4376 2752//4376 2753//4376
f 2751//4377 2753//4377 2754//4377
f 2751//4378 2754//4378 2755//4378
f 2751//4379 2755//4379 2756//4379
f 2751//4380 2756//4380 2757//4380
f 2751//4381 2757//4381 2758//4381
f 2751//4382 2758//4382 2752//4382
f 2752//4383 2759//4383 2760//4383
f 2752//4384 2760//4384 2753//4384
f 2753//4385 2760//4385 2761//4385
f 2753//4386 2761//4386 2754//4386
f 2754//4387 2761//4387 2762//4387
f 2754//4388 2762//4388 2755//4388
f 2755//4389 2762//4389 2763//4389
f 2755//4390 2763//4390 2756//4390
f 2756//4391 2763//4391 2764//4391
f 2756//4392 2764//4392 2757//4392
f 2757//4393 2764//4393 2765//4393
f 2757//4394 2765//4394 2758//4394
f 2758//4395 2765//4395 2759//4395
f 2758//4396 2759//4396 2752//4396
f 2759//4397 2766//4397 2767//4397
f 2759//4398 2767//4398 2760//4398
f 2760//4399 2767//4399 2768//4399
f 2760//4400 2768//4400 2761//4400
f 2761//4401 2768//4401 2769//4401
f 2761//4402 2769//4402 2762//4402
f 2762//4403 2769//4403 2770//4403
f 2762//4404 2770//4404 2763//4404
f 2763//4405 2770//4405 2771//4405
f 2763//4406 2771//4406 2764//4406
f 2764//4407 2771//4407 2772//4407
f 2764//4408 2772//4408 2765//4408
f 2765//4409 2772//4409 2766//4409
f 2765//4410 2766//4410 2759//4410
f 2773//4411 2774//4411 2775//4411
f 2773//4412 2775//4412 2776//4412
f 2773//4413 2776//4413 2777//4413
f 2773//4414 2777//4414 2778//4414
f 2773//4415 2778//4415 2779//4415
f 2773//4416 2779//4416 2780//4416
f 2773//4417 2780//4417 2774//4417
f 2774//4418 2781//4418 2782//4418
f 2774//4419 2782//4419 2775//4419
f 2775//4420 2782//4420 2783//4420
f 2775//4421 2783//4421 2776//4421
f 2776//4422 2783//4422 2784//4422
f 2776//4423 2784//4423 2777//4423
f 2777//4424 2784//4424 2785//4424
f 2777//4425 2785//4425 2778//4425
f 2778//4426 2785//4426 2786//4426
f 2778//4427 2786//4427 2779//4427
f 2779//4428 2786//4428 2787//4428
f 2779//4429 2787//4429 2780//4429
f 2780//4430 2787//4430 2781//4430
f 2780//4431 2781//4431 2774//4431
f 2781//4432 2788//4432 2789//4432
f 2781//4433 2789//4433 2782//4433
f 2782//4434 2789//4434 2790//4434
f 2782//4435 2790//4435 2783//4435
f 2783//4436 2790//4436 2791//4436
f 2783//4437 2791//4437 2784//4437
f 2784//4438 2791//4438 2792//4438
f 2784//4439 2792//4439 2785//4439
f 2785//4440 2792//4440 2793//4440
f 2785//4441 2793//4441 2786//4441
f 2786//4442 2793//4442 2794//4442
f 2786//4443 2794//4443 2787//4443
f 2787//4444 2794//4444 2788//4444
f 2787//4445 2788//4445 2781//4445
f 2795//4446 2796//4446 2797//4446
f 2795//4447 2797//4447 2798//4447
f 2795//4448 2798//4448 2799//4448
f 2795//4449 2799//4449 2800//4449
f 2795//4450 2800//4450 2801//4450
f 2795//4451 2801//4451 2802//4451
f 2795//4452 2802//4452 2796//4452
f 2796//4453 2803//4453 2804//4453
f 2796//4454 2804//4454 2797//4454
f 2797//4455 2804//4455 2805//4455
f 2797//4456 2805//4456 2798//4456
f 2798//4457 2805//4457 2806//4457
f 2798//4458 2806//4458 2799//4458
f 2799//4459 2806//4459 2807//4459
f 2799//4460 2807//4460 2800//4460
f 2800//4461 2807//4461 2808//4461
f 2800//4462 2808//4462 2801//4462
f 2801//4463 2808//4463 2809//4463
f 2801//4464 2809//4464 2802//4464
f 2802//4465 2809//4465 2803//4465
f 2802//4466 2803//4466 2796//4466
f 2803//4467 2810//4467 2811//4467
f 2803//4468 2811//4468 2804//4468
f 2804//4469 2811//4469 2812//4469
f 2804//4470 2812//4470 2805//4470
f 2805//4471 2812//4471 2813//4471
f 2805//4472 2813//4472 2806//4472
f 2806//4473 2813//4473 2814//4473
f 2806//4474 2814//4474 2807//4474
f 2807//4475 2814//4475 2815//4475
f 2807//4476 2815//4476 2808//4476
f 2808//4477 2815//4477 2816//4477
f 2808//4478 2816//4478 2809//4478
f 2809//4479 2816//4479 2810//4479
f 2809//4480 2810//4480 2803//4480
f 2817//4481 2818//4481 2819//4481
f 2817//4482 2819//4482 2820//4482
f 2817//4483 2820//4483 2821//4483
f 2817//4484 2821//4484 2822//4484
f 2817//4485 2822//4485 2823//4485
f 2817//4486 2823//4486 2824//4486
f 2817//4487 2824//4487 2818//4487
f 2818//4488 2825//4488 2826//4488
f 2818//4489 2826//4489 2819//4489
f 2819//4490 2826//4490 2827//4490
f 2819//4491 2827//4491 2820//4491
f 2820//4492 2827//4492 2828//4492
f 2820//4493 2828//4493 2821//4493
f 2821//4494 2828//4494 2829//4494
f 2821//4495 2829//4495 2822//4495
f 2822//4496 2829//4496 2830//4496
f 2822//4497 2830//4497 2823//4497
f 2823//4498 2830//4498 2831//4498
f 2823//4499 2831//4499 2824//4499
f 2824//4500 2831//4500 2825//4500
f 2824//4501 2825//4501 2818//4501
f 2825//4502 2832//4502 2833//4502
f 2825//4503 2833//4503 2826//4503
f 2826//4504 2833//4504 2834//4504
f 2826//4505 2834//4505 2827//4505
f 2827//4506 2834//4506 2835//4506
f 2827//4507 2835//4507 2828//4507
f 2828//4508 2835//4508 2836//4508
f 2828//4509 2836//4509 2829//4509
f 2829//4510 2836//4510 2837//4510
f 2829//4511 2837//4511 2830//4511
f 2830//4512 2837//4512 2838//4512
f 2830//4513 2838//4513 2831//4513
f 2831//4514 2838//4514 2832//4514
f 2831//4515 2832//4515 2825//4515
f 2839//4516 2840//4516 2841//4516
f 2839//4517 2841//4517 2842//4517
f 2839//4518 2842//4518 2843//4518
f 2839//4519 2843//4519 2844//4519
f 2839//4520 2844//4520 2845//4520
f 2839//4521 2845//4521 2846//4521
f 2839//4522 2846//4522 2840//4522
f 2840//4523 2847//4523 2848//4523
f 2840//4524 2848//4524 2841//4524
f 2841//4525 2848//4525 2849//4525
f 2841//4526 2849//4526 2842//4526
f 2842//4527 2849//4527 2850//4527
f 2842//4528 2850//4528 2843//4528
f 2843//4529 2850//4529 2851//4529
f 2843//4530 2851//4530 2844//4530
f 2844//4531 2851//4531 2852//4531
f 2844//4532 2852//4532 2845//4532
f 2845//4533 2852//4533 2853//4533
f 2845//4534 2853//4534 2846//4534
f 2846//4535 2853//4535 2847//4535
f 2846//4536 2847//4536 2840//4536
f 2847//4537 2854//4537 2855//4537
f 2847//4538 2855//4538 2848//4538
f 2848//4539 2855//4539 2856//4539
f 2848//4540 2856//4540 2849//4540
f 2849//4541 2856//4541 2857//4541
f 2849//4542 2857//4542 2850//4542
f 2850//4543 2857//4543 2858//4543
f 2850//4544 2858//4544 2851//4544
f 2851//4545 2858//4545 2859//4545
f 2851//4546 2859//4546 2852//4546
f 2852//4547 2859//4547 2860//4547
f 2852//4548 2860//4548 2853//4548
f 2853//4549 2860//4549 2854//4549
f 2853//4550 2854//4550 2847//4550
f 2861//4551 2862//4551 2863//4551
f 2861//4552 2863//4552 2864//4552
f 2861//4553 2864//4553 2865//4553
f 2861//4554 2865//4554 2866//4554
f 2861//4555 2866//4555 2867//4555
f 2861//4556 2867//4556 2868//4556
f 2861//4557 2868//4557 2862//4557
f 2862//4558 2869//4558 2870//4558
f 2862//4559 2870//4559 2863//4559
f 2863//4560 2870//4560 2871//4560
f 2863//4561 2871//4561 2864//4561
f 2864//4562 2871//4562 2872//4562
f 2864//4563 2872//4563 2865//4563
f 2865//4564 2872//4564 2873//4564
f 2865//4565 2873//4565 2866//4565
f 2866//4566 2873//4566 2874//4566
f 2866//4567 2874//4567 2867//4567
f 2867//4568 2874//4568 2875//4568
f 2867//4569 2875//4569 2868//4569
f 2868//4570 2875//4570 2869//4570
f 2868//4571 2869//4571 2862//4571
f 2869//4572 2876//4572 2877//4572
f 2869//4573 2877//4573 2870//4573
f 2870//4574 2877//4574 2878//4574
f 2870//4575 2878//4575 2871//4575
f 2871//4576 2878//4576 2879//4576
f 2871//4577 2879//4577 2872//4577
f 2872//4578 2879//4578 2880//4578
f 2872//4579 2880//4579 2873//4579
f 2873//4580 2880//4580 2881//4580
f 2873//4581 2881//4581 2874//4581
f 2874//4582 2881//4582 2882//4582
f 2874//4583 2882//4583 2875//4583
f 2875//4584 2882//4584 2876//4584
f 2875//4585 2876//4585 2869//4585
f 2883//4586 2884//4586 2885//4586
f 2883//4587 2885//4587 2886//4587
f 2883//4588 2886//4588 2887//4588
f 2883//4589 2887//4589 2888//4589
f 2883//4590 2888//4590 2889//4590
f 2883//4591 2889//4591 2890//4591
f 2883//4592 2890//4592 2884//4592
f 2884//4593 2891//4593 2892//4593
f 2884//4594 2892//4594 2885//4594
f 2885//4595 2892//4595 2893//4595
f 2885//4596 2893//4596 2886//4596
f 2886//4597 2893//4597 2894//4597
f 2886//4598 2894//4598 2887//4598
f 2887//4599 2894//4599 2895//4599
f 2887//4600 2895//4600 2888//4600
f 2888//4601 2895//4601 2896//4601
f 2888//4602 2896//4602 2889//4602
f 2889//4603 2896//4603 2897//4603
f 2889//4604 2897//4604 2890//4604
f 2890//4605 2897//4605 2891//4605
f 2890//4606 2891//4606 2884//4606
f 2891//4607 2898//4607 2899//4607
f 2891//4608 2899//4608 2892//4608
f 2892//4609 2899//4609 2900//4609
f 2892//4610 2900//4610 2893//4610
f 2893//4611 2900//4611 2901//4611
f 2893//4612 2901//4612 2894//4612
f 2894//4613 2901//4613 2902//4613
f 2894//4614 2902//4614 2895//4614
f 2895//4615 2902//4615 2903//4615
f 2895//4616 2903//4616 2896//4616
f 2896//4617 2903//4617 2904//4617
f 2896//4618 2904//4618 2897//4618
f 2897//4619 2904//4619 2898//4619
f 2897//4620 2898//4620 2891//4620
f 2905//4621 2906//4621 2907//4621
f 2905//4622 2907//4622 2908//4622
f 2905//4623 2908//4623 2909//4623
f 2905//4624 2909//4624 2910//4624
f 2905//4625 2910//4625 2911//4625
f 2905//4626 2911//4626 2912//4626
f 2905//4627 2912//4627 2906//4627
f 2906//4628 2913//4628 2914//4628
f 2906//4629 2914//4629 2907//4629
f 2907//4630 2914//4630 2915//4630
f 2907//4631 2915//4631 2908//4631
f 2908//4632 2915//4632 2916//4632
f 2908//4633 2916//4633 2909//4633
f 2909//4634 2916//4634 2917//4634
f 2909//4635 2917//4635 2910//4635
f 2910//4636 2917//4636 2918//4636
f 2910//4637 2918//4637 2911//4637
f 2911//4638 2918//4638 2919//4638
f 2911//4639 2919//4639 2912//4639
f 2912//4640 2919//4640 2913//4640
f 2912//4641 2913//4641 2906//4641
f 2913//4642 2920//4642 2921//4642
f 2913//4643 2921//4643 2914//4643
f 2914//4644 2921//4644 2922//4644
f 2914//4645 2922//4645 2915//4645
f 2915//4646 2922//4646 2923//4646
f 2915//4647 2923//4647 2916//4647
f 2916//4648 2923//4648 2924//4648
f 2916//4649 2924//4649 2917//4649
f 2917//4650 2924//4650 2925//4650
f 2917//4651 2925//4651 2918//4651
f 2918//4652 2925//4652 2926//4652
f 2918//4653 2926//4653 2919//4653
f 2919//4654 2926//4654 2920//4654
f 2919//4655 2920//4655 2913//4655
f 2927//4656 2928//4656 2929//4656
f 2927//4657 2929//4657 2930//4657
f 2927//4658 2930//4658 2931//4658
f 2927//4659 2931//4659 2932//4659
f 2927//4660 2932//4660 2933//4660
f 2927//4661 2933//4661 2934//4661
f 2927//4662 2934//4662 2928//4662
f 2928//4663 2935//4663 2936//4663
f 2928//4664 2936//4664 2929//4664
f 2929//4665 2936//4665 2937//4665
f 2929//4666 2937//4666 2930//4666
f 2930//4667 2937//4667 2938//4667
f 2930//4668 2938//4668 2931//4668
f 2931//4669 2938//4669 2939//4669
f 2931//4670 2939//4670 2932//4670
f 2932//4671 2939//4671 2940//4671
f 2932//4672 2940//4672 2933//4672
f 2933//4673 2940//4673 2941//4673
f 2933//4674 2941//4674 2934//4674
f 2934//4675 2941//4675 2935//4675
f 2934//4676 2935//4676 2928//4676
f 2935//4677 2942//4677 2943//4677
f 2935//4678 2943//4678 2936//4678
f 2936//4679 2943//4679 2944//4679
f 2936//4680 2944//4680 2937//4680
f 2937//4681 2944//4681 2945//4681
f 2937//4682 2945//4682 2938//4682
f 2938//4683 2945//4683 2946//4683
f 2938//4684 2946//4684 2939//4684
f 2939//4685 2946//4685 2947//4685
f 2939//4686 2947//4686 2940//4686
f 2940//4687 2947//4687 2948//4687
f 2940//4688 2948//4688 2941//4688
f 2941//4689 2948//4689 2942//4689
f 2941//4690 2942//4690 2935//4690
f 2949//4691 2950//4691 2951//4691
f 2949//4692 2951//4692 2952//4692
f 2949//4693 2952//4693 2953//4693
f 2949//4694 2953//4694 2954//4694
f 2949//4695 2954//4695 2955//4695
f 2949//4696 2955//4696 2956//4696
f 2949//4697 2956//4697 2950//4697
f 2950//4698 2957//4698 2958//4698
f 2950//4699 2958//4699 2951//4699
f 2951//4700 2958//4700 2959//4700
f 2951//4701 2959//4701 2952//4701
f 2952//4702 2959//4702 2960//4702
f 2952//4703 2960//4703 2953//4703
f 2953//4704 2960//4704 2961//4704
f 2953//4705 2961//4705 2954//4705
f 2954//4706 2961//4706 2962//4706
f 2954//4707 2962//4707 2955//4707
f 2955//4708 2962//4708 2963//4708
f 2955//4709 2963//4709 2956//4709
f 2956//4710 2963//4710 2957//4710
f 2956//4711 2957//4711 2950//4711
f 2957//4712 2964//4712 2965//4712
f 2957//4713 2965//4713 2958//4713
f 2958//4714 2965//4714 2966//4714
f 2958//4715 2966//4715 2959//4715
f 2959//4716 2966//4716 2967//4716
f 2959//4717 2967//4717 2960//4717
f 2960//4718 2967//4718 2968//4718
f 2960//4719 2968//4719 2961//4719
f 2961//4720 2968//4720 2969//4720
f 2961//4721 2969//4721 2962//4721
f 2962//4722 2969//4722 2970//4722
f 2962//4723 2970//4723 2963//4723
f 2963//4724 2970//4724 2964//4724
f 2963//4725 2964//4725 2957//4725
f 2971//4726 2972//4726 2973//4726
f 2971//4727 2973//4727 2974//4727
f 2971//4728 2974//4728 2975//4728
f 2971//4729 2975//4729 2976//4729
f 2971//4730 2976//4730 2977//4730
f 2971//4731 2977//4731 2978//4731
f 2971//4732 2978//4732 2972//4732
f 2972//4733 2979//4733 2980//4733
f 2972//4734 2980//4734 2973//4734
f 2973//4735 2980//4735 2981//4735
f 2973//4736 2981//4736 2974//4736
f 2974//4737 2981//4737 2982//4737
f 2974//4738 2982//4738 2975//4738
f 2975//4739 2982//4739 2983//4739
f 2975//4740 2983//4740 2976//4740
f 2976//4741 2983//4741 2984//4741
f 2976//4742 2984//4742 2977//4742
f 2977//4743 2984//4743 2985//4743
f 2977//4744 2985//4744 2978//4744
f 2978//4745 2985//4745 2979//4745
f 2978//4746 2979//4746 2972//4746
f 2979//4747 2986//4747 2987//4747
f 2979//4748 2987//4748 2980//4748
f 2980//4749 2987//4749 2988//4749
f 2980//4750 2988//4750 2981//4750
f 2981//4751 2988//4751 2989//4751
f 2981//4752 2989//4752 2982//4752
f 2982//4753 2989//4753 2990//4753
f 2982//4754 2990//4754 2983//4754
f 2983//4755 2990//4755 2991//4755
f 2983//4756 2991//4756 2984//4756
f 2984//4757 2991//4757 2992//4757
f 2984//4758 2992//4758 2985//4758
f 2985//4759 2992//4759 2986//4759
f 2985//4760 2986//4760 2979//4760
f 2993//4761 2994//4761 2995//4761
f 2993//4762 2995//4762 2996//4762
f 2993//4763 2996//4763 2997//4763
f 2993//4764 2997//4764 2998//4764
f 2993//4765 2998//4765 2999//4765
f 2993//4766 2999//4766 3000//4766
f 2993//4767 3000//4767 2994//4767
f 2994//4768 3001//4768 3002//4768
f 2994//4769 3002//4769 2995//4769
f 2995//4770 3002//4770 3003//4770
f 2995//4771 3003//4771 2996//4771
f 2996//4772 3003//4772 3004//4772
f 2996//4773 3004//4773 2997//4773
f 2997//4774 3004//4774 3005//4774
f 2997//4775 3005//4775 2998//4775
f 2998//4776 3005//4776 3006//4776
f 2998//4777 3006//4777 2999//4777
f 2999//4778 3006//4778 3007//4778
f 2999//4779 3007//4779 3000//4779
f 3000//4780 3007//4780 3001//4780
f 3000//4781 3001//4781 2994//4781
f 3001//4782 3008//4782 3009//4782
f 3001//4783 3009//4783 3002//4783
f 3002//4784 3009//4784 3010//4784
f 3002//4785 3010//4785 3003//4785
f 3003//4786 3010//4786 3011//4786
f 3003//4787 3011//4787 3004//4787
f 3004//4788 3011//4788 3012//4788
f 3004//4789 3012//4789 3005//4789
f 3005//4790 3012//4790 3013//4790
f 3005//4791 3013//4791 3006//4791
f 3006//4792 3013//4792 3014//4792
f 3006//4793 3014//4793 3007//4793
f 3007//4794 3014//4794 3008//4794
f 3007//4795 3008//4795 3001//4795
f 3015//4796 3016//4796 3017//4796
f 3015//4797 3017//4797 3018//4797
f 3015//4798 3018//4798 3019//4798
f 3015//4799 3019//4799 3020//4799
f 3015//4800 3020//4800 3021//4800
f 3015//4801 3021//4801 3022//4801
f 3015//4802 3022//4802 3016//4802
f 3016//4803 3023//4803 3024//4803
f 3016//4804 3024//4804 3017//4804
f 3017//4805 3024//4805 3025//4805
f 3017//4806 3025//4806 3018//4806
f 3018//4807 3025//4807 3026//4807
f 3018//4808 3026//4808 3019//4808
f 3019//4809 3026//4809 3027//4809
f 3019//4810 3027//4810 3020//4810
f 3020//4811 3027//4811 3028//4811
f 3020//4812 3028//4812 3021//4812
f 3021//4813 3028//4813 3029//4813
f 3021//4814 3029//4814 3022//4814
f 3022//4815 3029//4815 3023//4815
f 3022//4816 3023//4816 3016//4816
f 3023//4817 3030//4817 3031//4817
f 3023//4818 3031//4818 3024//4818
f 3024//4819 3031//4819 3032//4819
f 3024//4820 3032//4820 3025//4820
f 3025//4821 3032//4821 3033//4821
f 3025//4822 3033//4822 3026//4822
f 3026//4823 3033//4823 3034//4823
f 3026//4824 3034//4824 3027//4824
f 3027//4825 3034//4825 3035//4825
f 3027//4826 3035//4826 3028//4826
f 3028//4827 3035//4827 3036//4827
f 3028//4828 3036//4828 3029//4828
f 3029//4829 3036//4829 3030//4829
f 3029//4830 3030//4830 3023//4830
f 3037//4831 3038//4831 3039//4831
f 3037//4832 3039//4832 3040//4832
f 3037//4833 3040//4833 3041//4833
f 3037//4834 3041//4834 3042//4834
f 3037//4835 3042//4835 3043//4835
f 3037//4836 3043//4836 3044//4836
f 3037//4837 3044//4837 3038//4837
f 3038//4838 3045//4838 3046//4838
f 3038//4839 3046//4839 3039//4839
f 3039//4840 3046//4840 3047//4840
f 3039//4841 3047//4841 3040//4841
f 3040//4842 3047//4842 3048//4842
f 3040//4843 3048//4843 3041//4843
f 3041//4844 3048//4844 3049//4844
f 3041//4845 3049//4845 3042//4845
f 3042//4846 3049//4846 3050//4846
f 3042//4847 3050//4847 3043//4847
f 3043//4848 3050//4848 3051//4848
f 3043//4849 3051//4849 3044//4849
f 3044//4850 3051//4850 3045//4850
f 3044//4851 3045//4851 3038//4851
f 3045//4852 3052//4852 3053//4852
f 3045//4853 3053//4853 3046//4853
f 3046//4854 3053//4854 3054//4854
f 3046//4855 3054//4855 3047//4855
f 3047//4856 3054//4856 3055//4856
f 3047//4857 3055//4857 3048//4857
f 3048//4858 3055//4858 3056//4858
f 3048//4859 3056//4859 3049//4859
f 3049//4860 3056//4860 3057//4860
f 3049//4861 3057//4861 3050//4861
f 3050//4862 3057//4862 3058//4862
f 3050//4863 3058//4863 3051//4863
f 3051//4864 3058//4864 3052//4864
f 3051//4865 3052//4865 3045//4865
f 3059//4866 3060//4866 3061//4866
f 3059//4867 3061//4867 3062//4867
f 3059//4868 3062//4868 3063//4868
f 3059//4869 3063//4869 3064//4869
f 3059//4870 3064//4870 3065//4870
f 3059//4871 3065//4871 3066//4871
f 3059//4872 3066//4872 3060//4872
f 3060//4873 3067//4873 3068//4873
f 3060//4874 3068//4874 3061//4874
f 3061//4875 3068//4875 3069//4875
f 3061//4876 3069//4876 3062//4876
f 3062//4877 3069//4877 3070//4877
f 3062//4878 3070//4878 3063//4878
f 3063//4879 3070//4879 3071//4879
f 3063//4880 3071//4880 3064//4880
f 3064//4881 3071//4881 3072//4881
f 3064//4882 3072//4882 3065//4882
f 3065//4883 3072//4883 3073//4883
f 3065//4884 3073//4884 3066//4884
f 3066//4885 3073//4885 3067//4885
f 3066//4886 3067//4886 3060//4886
f 3067//4887 3074//4887 3075//4887
f 3067//4888 3075//4888 3068//4888
f 3068//4889 3075//4889 3076//4889
f 3068//4890 3076//4890 3069//4890
f 3069//4891 3076//4891 3077//4891
f 3069//4892 3077//4892 3070//4892
f 3070//4893 3077//4893 3078//4893
f 3070//4894 3078//4894 3071//4894
f 3071//4895 3078//4895 3079//4895
f 3071//4896 3079//4896 3072//4896
f 3072//4897 3079//4897 3080//4897
f 3072//4898 3080//4898 3073//4898
f 3073//4899 3080//4899 3074//4899
f 3073//4900 3074//4900 3067//4900
f 3081//4901 3082//4901 3083//4901
f 3081//4902 3083//4902 3084//4902
f 3081//4903 3084//4903 3085//4903
f 3081//4904 3085//4904 3086//4904
f 3081//4905 3086//4905 3087//4905
f 3081//4906 3087//4906 3088//4906
f 3081//4907 3088//4907 3082//4907
f 3082//4908 3089//4908 3090//4908
f 3082//4909 3090//4909 3083//4909
f 3083//4910 3090//4910 3091//4910
f 3083//4911 3091//4911 3084//4911
f 3084//4912 3091//4912 3092//4912
f 3084//4913 3092//4913 3085//4913
f 3085//4914 3092//4914 3093//4914
f 3085//4915 3093//4915 3086//4915
f 3086//4916 3093//4916 3094//4916
f 3086//4917 3094//4917 3087//4917
f 3087//4918 3094//4918 3095//4918
f 3087//4919 3095//4919 3088//4919
f 3088//4920 3095//4920 3089//4920
f 3088//4921 3089//4921 3082//4921
f 3089//4922 3096//4922 3097//4922
f 3089//4923 3097//4923 3090//4923
f 3090//4924 3097//4924 3098//4924
f 3090//4925 3098//4925 3091//4925
f 3091//4926 3098//4926 3099//4926
f 3091//4927 3099//4927 3092//4927
f 3092//4928 3099//4928 3100//4928
f 3092//4929 3100//4929 3093//4929
f 3093//4930 3100//4930 3101//4930
f 3093//4931 3101//4931 3094//4931
f 3094//4932 3101//4932 3102//4932
f 3094//4933 3102//4933 3095//4933
f 3095//4934 3102//4934 3096//4934
f 3095//4935 3096//4935 3089//4935
f 3103//4936 3104//4936 3105//4936
f 3103//4937 3105//4937 3106//4937
f 3103//4938 3106//4938 3107//4938
f 3103//4939 3107//4939 3108//4939
f 3103//4940 3108//4940 3109//4940
f 3103//4941 3109//4941 3110//4941
f 3103//4942 3110//4942 3104//4942
f 3104//4943 3111//4943 3112//4943
f 3104//4944 3112//4944 3105//4944
f 3105//4945 3112//4945 3113//4945
f 3105//4946 3113//4946 3106//4946
f 3106//4947 3113//4947 3114//4947
f 3106//4948 3114//4948 3107//4948
f 3107//4949 3114//4949 3115//4949
f 3107//4950 3115//4950 3108//4950
f 3108//4951 3115//4951 3116//4951
f 3108//4952 3116//4952 3109//4952
f 3109//4953 3116//4953 3117//4953
f 3109//4954 3117//4954 3110//4954
f 3110//4955 3117//4955 3111//4955
f 3110//4956 3111//4956 3104//4956
f 3111//4957 3118//4957 3119//4957
f 3111//4958 3119//4958 3112//4958
f 3112//4959 3119//4959 3120//4959
f 3112//4960 3120//4960 3113//4960
f 3113//4961 3120//4961 3121//4961
f 3113//4962 3121//4962 3114//4962
f 3114//4963 3121//4963 3122//4963
f 3114//4964 3122//4964 3115//4964
f 3115//4965 3122//4965 3123//4965
f 3115//4966 3123//4966 3116//4966
f 3116//4967 3123//4967 3124//4967
f 3116//4968 3124//4968 3117//4968
f 3117//4969 3124//4969 3118//4969
f 3117//4970 3118//4970 3111//4970
f 3125//4971 3126//4971 3127//4971
f 3125//4972 3127//4972 3128//4972
f 3125//4973 3128//4973 3129//4973
f 3125//4974 3129//4974 3130//4974
f 3125//4975 3130//4975 3131//4975
f 3125//4976 3131//4976 3132//4976
f 3125//4977 3132//4977 3126//4977
f 3126//4978 3133//4978 3134//4978
f 3126//4979 3134//4979 3127//4979
f 3127//4980 3134//4980 3135//4980
f 3127//4981 3135//4981 3128//4981
f 3128//4982 3135//4982 3136//4982
f 3128//4983 3136//4983 3129//4983
f 3129//4984 3136//4984 3137//4984
f 3129//4985 3137//4985 3130//4985
f 3130//4986 3137//4986 3138//4986
f 3130//4987 3138//4987 3131//4987
f 3131//4988 3138//4988 3139//4988
f 3131//4989 3139//4989 3132//4989
f 3132//4990 3139//4990 3133//4990
f 3132//4991 3133//4991 3126//4991
f 3133//4992 3140//4992 3141//4992
f 3133//4993 3141//4993 3134//4993
f 3134//4994 3141//4994 3142//4994
f 3134//4995 3142//4995 3135//4995
f 3135//4996 3142//4996 3143//4996
f 3135//4997 3143//4997 3136//4997
f 3136//4998 3143//4998 3144//4998
f 3136//4999 3144//4999 3137//4999
f 3137//5000 3144//5000 3145//5000
f 3137//5001 3145//5001 3138//5001
f 3138//5002 3145//5002 3146//5002
f 3138//5003 3146//5003 3139//5003
f 3139//5004 3146//5004 3140//5004
f 3139//5005 3140//5005 3133//5005
f 3147//5006 3148//5006 3149//5006
f 3147//5007 3149//5007 3150//5007
f 3147//5008 3150//5008 3151//5008
f 3147//5009 3151//5009 3152//5009
f 3147//5010 3152//5010 3153//5010
f 3147//5011 3153//5011 3154//5011
f 3147//5012 3154//5012 3148//5012
f 3148//5013 3155//5013 3156//5013
f 3148//5014 3156//5014 3149//5014
f 3149//5015 3156//5015 3157//5015
f 3149//5016 3157//5016 3150//5016
f 3150//5017 3157//5017 3158//5017
f 3150//5018 3158//5018 3151//5018
f 3151//5019 3158//5019 3159//5019
f 3151//5020 3159//5020 3152//5020
f 3152//5021 3159//5021 3160//5021
f 3152//5022 3160//5022 3153//5022
f 3153//5023 3160//5023 3161//5023
f 3153//5024 3161//5024 3154//5024
f 3154//5025 3161//5025 3155//5025
f 3154//5026 3155//5026 3148//5026
f 3155//5027 3162//5027 3163//5027
f 3155//5028 3163//5028 3156//5028
f 3156//5029 3163//5029 3164//5029
f 3156//5030 3164//5030 3157//5030
f 3157//5031 3164//5031 3165//5031
f 3157//5032 3165//5032 3158//5032
f 3158//5033 3165//5033 3166//5033
f 3158//5034 3166//5034 3159//5034
f 3159//5035 3166//5035 3167//5035
f 3159//5036 3167//5036 3160//5036
f 3160//5037 3167//5037 3168//5037
f 3160//5038 3168//5038 3161//5038
f 3161//5039 3168//5039 3162//5039
f 3161//5040 3162//5040 3155//5040
f 3169//5041 3170//5041 3171//5041
f 3169//5042 3171//5042 3172//5042
f 3169//5043 3172//5043 3173//5043
f 3169//5044 3173//5044 3174//5044
f 3169//5045 3174//5045 3175//5045
f 3169//5046 3175//5046 3176//5046
f 3169//5047 3176//5047 3170//5047
f 3170//5048 3177//5048 3178//5048
f 3170//5049 3178//5049 3171//5049
f 3171//5050 3178//5050 3179//5050
f 3171//5051 3179//5051 3172//5051
f 3172//5052 3179//5052 3180//5052
f 3172//5053 3180//5053 3173//5053
f 3173//5054 3180//5054 3181//5054
f 3173//5055 3181//5055 3174//5055
f 3174//5056 3181//5056 3182//5056
f 3174//5057 3182//5057 3175//5057
f 3175//5058 3182//5058 3183//5058
f 3175//5059 3183//5059 3176//5059
f 3176//5060 3183//5060 3177//5060
f 3176//5061 3177//5061 3170//5061
f 3177//5062 3184//5062 3185//5062
f 3177//5063 3185//5063 3178//5063
f 3178//5064 3185//5064 3186//5064
f 3178//5065 3186//5065 3179//5065
f 3179//5066 3186//5066 3187//5066
f 3179//5067 3187//5067 3180//5067
f 3180//5068 3187//5068 3188//5068
f 3180//5069 3188//5069 3181//5069
f 3181//5070 3188//5070 3189//5070
f 3181//5071 3189//5071 3182//5071
f 3182//5072 3189//5072 3190//5072
f 3182//5073 3190//5073 3183//5073
f 3183//5074 3190//5074 3184//5074
f 3183//5075 3184//5075 3177//5075
f 3191//5076 3192//5076 3193//5076
f 3191//5077 3193//5077 3194//5077
f 3191//5078 3194//5078 3195//5078
f 3191//5079 3195//5079 3196//5079
f 3191//5080 3196//5080 3197//5080
f 3191//5081 3197//5081 3198//5081
f 3191//5082 3198//5082 3192//5082
f 3192//5083 3199//5083 3200//5083
f 3192//5084 3200//5084 3193//5084
f 3193//5085 3200//5085 3201//5085
f 3193//5086 3201//5086 3194//5086
f 3194//5087 3201//5087 3202//5087
f 3194//5088 3202//5088 3195//5088
f 3195//5089 3202//5089 3203//5089
f 3195//5090 3203//5090 3196//5090
f 3196//5091 3203//5091 3204//5091
f 3196//5092 3204//5092 3197//5092
f 3197//5093 3204//5093 3205//5093
f 3197//5094 3205//5094 3198//5094
f 3198//5095 3205//5095 3199//5095
f 3198//5096 3199//5096 3192//5096
f 3199//5097 3206//5097 3207//5097
f 3199//5098 3207//5098 3200//5098
f 3200//5099 3207//5099 3208//5099
f 3200//5100 3208//5100 3201//5100
f 3201//5101 3208//5101 3209//5101
f 3201//5102 3209//5102 3202//5102
f 3202//5103 3209//5103 3210//5103
f 3202//5104 3210//5104 3203//5104
f 3203//5105 3210//5105 3211//5105
f 3203//5106 3211//5106 3204//5106
f 3204//5107 3211//5107 3212//5107
f 3204//5108 3212//5108 3205//5108
f 3205//5109 3212//5109 3206//5109
f 3205//5110 3206//5110 3199//5110
f 3213//5111 3214//5111 3215//5111
f 3213//5112 3215//5112 3216//5112
f 3213//5113 3216//5113 3217//5113
f 3213//5114 3217//5114 3218//5114
f 3213//5115 3218//5115 3219//5115
f 3213//5116 3219//5116 3220//5116
f 3213//5117 3220//5117 3214//5117
f 3214//5118 3221//5118 3222//5118
f 3214//5119 3222//5119 3215//5119
f 3215//5120 3222//5120 3223//5120
f 3215//5121 3223//5121 3216//5121
f 3216//5122 3223//5122 3224//5122
f 3216//5123 3224//5123 3217//5123
f 3217//5124 3224//5124 3225//5124
f 3217//5125 3225//5125 3218//5125
f 3218//5126 3225//5126 3226//5126
f 3218//5127 3226//5127 3219//5127
f 3219//5128 3226//5128 3227//5128
f 3219//5129 3227//5129 3220//5129
f 3220//5130 3227//5130 3221//5130
f 3220//5131 3221//5131 3214//5131
f 3221//5132 3228//5132 3229//5132
f 3221//5133 3229//5133 3222//5133
f 3222//5134 3229//5134 3230//5134
f 3222//5135 3230//5135 3223//5135
f 3223//5136 3230//5136 3231//5136
f 3223//5137 3231//5137 3224//5137
f 3224//5138 3231//5138 3232//5138
f 3224//5139 3232//5139 3225//5139
f 3225//5140 3232//5140 3233//5140
f 3225//5141 3233//5141 3226//5141
f 3226//5142 3233//5142 3234//5142
f 3226//5143 3234//5143 3227//5143
f 3227//5144 3234//5144 3228//5144
f 3227//5145 3228//5145 3221//5145
f 3235//5146 3236//5146 3237//5146
f 3235//5147 3237//5147 3238//5147
f 3235//5148 3238//5148 3239//5148
f 3235//5149 3239//5149 3240//5149
f 3235//5150 3240//5150 3241//5150
f 3235//5151 3241//5151 3242//5151
f 3235//5152 3242//5152 3236//5152
f 3236//5153 3243//5153 3244//5153
f 3236//5154 3244//5154 3237//5154
f 3237//5155 3244//5155 3245//5155
f 3237//5156 3245//5156 3238//5156
f 3238//5157 3245//5157 3246//5157
f 3238//5158 3246//5158 3239//5158
f 3239//5159 3246//5159 3247//5159
f 3239//5160 3247//5160 3240//5160
f 3240//5161 3247//5161 3248//5161
f 3240//5162 3248//5162 3241//5162
f 3241//5163 3248//5163 3249//5163
f 3241//5164 3249//5164 3242//5164
f 3242//5165 3249//5165 3243//5165
f 3242//5166 3243//5166 3236//5166
f 3243//5167 3250//5167 3251//5167
f 3243//5168 3251//5168 3244//5168
f 3244//5169 3251//5169 3252//5169
f 3244//5170 3252//5170 3245//5170
f 3245//5171 3252//5171 3253//5171
f 3245//5172 3253//5172 3246//5172
f 3246//5173 3253//5173 3254//5173
f 3246//5174 3254//5174 3247//5174
f 3247//5175 3254//5175 3255//5175
f 3247//5176 3255//5176 3248//5176
f 3248//5177 3255//5177 3256//5177
f 3248//5178 3256//5178 3249//5178
f 3249//5179 3256//5179 3250//5179
f 3249//5180 3250//5180 3243//5180
f 3257//5181 3258//5181 3259//5181
f 3257//5182 3259//5182 3260//5182
f 3257//5183 3260//5183 3261//5183
f 3257//5184 3261//5184 3262//5184
f 3257//5185 3262//5185 3263//5185
f 3257//5186 3263//5186 3264//5186
f 3257//5187 3264//5187 3258//5187
f 3258//5188 3265//5188 3266//5188
f 3258//5189 3266//5189 3259//5189
f 3259//5190 3266//5190 3267//5190
f 3259//5191 3267//5191 3260//5191
f 3260//5192 3267//5192 3268//5192
f 3260//5193 3268//5193 3261//5193
f 3261//5194 3268//5194 3269//5194
f 3261//5195 3269//5195 3262//5195
f 3262//5196 3269//5196 3270//5196
f 3262//5197 3270//5197 3263//5197
f 3263//5198 3270//5198 3271//5198
f 3263//5199 3271//5199 3264//5199
f 3264//5200 3271//5200 3265//5200
f 3264//5201 3265//5201 3258//5201
f 3265//5202 3272//5202 3273//5202
f 3265//5203 3273//5203 3266//5203
f 3266//5204 3273//5204 3274//5204
f 3266//5205 3274//5205 3267//5205
f 3267//5206 3274//5206 3275//5206
f 3267//5207 3275//5207 3268//5207
f 3268//5208 3275//5208 3276//5208
f 3268//5209 3276//5209 3269//5209
f 3269//5210 3276//5210 3277//5210
f 3269//5211 3277//5211 3270//5211
f 3270//5212 3277//5212 3278//5212
f 3270//5213 3278//5213 3271//5213
f 3271//5214 3278//5214 3272//5214
f 3271//5215 3272//5215 3265//5215
f 3279//5216 3280//5216 3281//5216
f 3279//5217 3281//5217 3282//5217
f 3279//5218 3282//5218 3283//5218
f 3279//5219 3283//5219 3284//5219
f 3279//5220 3284//5220 3285//5220
f 3279//5221 3285//5221 3286//5221
f 3279//5222 3286//5222 3280//5222
f 3280//5223 3287//5223 3288//5223
f 3280//5224 3288//5224 3281//5224
f 3281//5225 3288//5225 3289//5225
f 3281//5226 3289//5226 3282//5226
f 3282//5227 3289//5227 3290//5227
f 3282//5228 3290//5228 3283//5228
f 3283//5229 3290//5229 3291//5229
f 3283//5230 3291//5230 3284//5230
f 3284//5231 3291//5231 3292//5231
f 3284//5232 3292//5232 3285//5232
f 3285//5233 3292//5233 3293//5233
f 3285//5234 3293//5234 3286//5234
f 3286//5235 3293//5235 3287//5235
f 3286//5236 3287//5236 3280//5236
f 3287//5237 3294//5237 3295//5237
f 3287//5238 3295//5238 3288//5238
f 3288//5239 3295//5239 3296//5239
f 3288//5240 3296//5240 3289//5240
f 3289//5241 3296//5241 3297//5241
f 3289//5242 3297//5242 3290//5242
f 3290//5243 3297//5243 3298//5243
f 3290//5244 3298//5244 3291//5244
f 3291//5245 3298//5245 3299//5245
f 3291//5246 3299//5246 3292//5246
f 3292//5247 3299//5247 3300//5247
f 3292//5248 3300//5248 3293//5248
f 3293//5249 3300//5249 3294//5249
f 3293//5250 3294//5250 3287//5250
f 3301//5251 3302//5251 3303//5251
f 3301//5252 3303//5252 3304//5252
f 3301//5253 3304//5253 3305//5253
f 3301//5254 3305//5254 3306//5254
f 3301//5255 3306//5255 3307//5255
f 3301//5256 3307//5256 3308//5256
f 3301//5257 3308//5257 3302//5257
f 3302//5258 3309//5258 3310//5258
f 3302//5259 3310//5259 3303//5259
f 3303//5260 3310//5260 3311//5260
f 3303//5261 3311//5261 3304//5261
f 3304//5262 3311//5262 3312//5262
f 3304//5263 3312//5263 3305//5263
f 3305//5264 3312//5264 3313//5264
f 3305//5265 3313//5265 3306//5265
f 3306//5266 3313//5266 3314//5266
f 3306//5267 3314//5267 3307//5267
f 3307//5268 3314//5268 3315//5268
f 3307//5269 3315//5269 3308//5269
f 3308//5270 3315//5270 3309//5270
f 3308//5271 3309//5271 3302//5271
f 3309//5272 3316//5272 3317//5272
f 3309//5273 3317//5273 3310//5273
f 3310//5274 3317//5274 3318//5274
f 3310//5275 3318//5275 3311//5275
f 3311//5276 3318//5276 3319//5276
f 3311//5277 3319//5277 3312//5277
f 3312//5278 3319//5278 3320//5278
f 3312//5279 3320//5279 3313//5279
f 3313//5280 3320//5280 3321//5280
f 3313//5281 3321//5281 3314//5281
f 3314//5282 3321//5282 3322//5282
f 3314//5283 3322//5283 3315//5283
f 3315//5284 3322//5284 3316//5284
f 3315//5285 3316//5285 3309//5285
f 3323//5286 3324//5286 3325//5286
f 3323//5287 3325//5287 3326//5287
f 3323//5288 3326//5288 3327//5288
f 3323//5289 3327//5289 3328//5289
f 3323//5290 3328//5290 3329//5290
f 3323//5291 3329//5291 3330//5291
f 3323//5292 3330//5292 3324//5292
f 3324//5293 3331//5293 3332//5293
f 3324//5294 3332//5294 3325//5294
f 3325//5295 3332//5295 3333//5295
f 3325//5296 3333//5296 3326//5296
f 3326//5297 3333//5297 3334//5297
f 3326//5298 3334//5298 3327//5298
f 3327//5299 3334//5299 3335//5299
f 3327//5300 3335//5300 3328//5300
f 3328//5301 3335//5301 3336//5301
f 3328//5302 3336//5302 3329//5302
f 3329//5303 3336//5303 3337//5303
f 3329//5304 3337//5304 3330//5304
f 3330//5305 3337//5305 3331//5305
f 3330//5306 3331//5306 3324//5306
f 3331//5307 3338//5307 3339//5307
f 3331//5308 3339//5308 3332//5308
f 3332//5309 3339//5309 3340//5309
f 3332//5310 3340//5310 3333//5310
f 3333//5311 3340//5311 3341//5311
f 3333//5312 3341//5312 3334//5312
f 3334//5313 3341//5313 3342//5313
f 3334//5314 3342//5314 3335//5314
f 3335//5315 3342//5315 3343//5315
f 3335//5316 3343//5316 3336//5316
f 3336//5317 3343//5317 3344//5317
f 3336//5318 3344//5318 3337//5318
f 3337//5319 3344//5319 3338//5319
f 3337//5320 3338//5320 3331//5320
f 3345//5321 3346//5321 3347//5321
f 3345//5322 3347//5322 3348//5322
f 3345//5323 3348//5323 3349//5323
f 3345//5324 3349//5324 3350//5324
f 3345//5325 3350//5325 3351//5325
f 3345//5326 3351//5326 3352//5326
f 3345//5327 3352//5327 3346//5327
f 3346//5328 3353//5328 3354//5328
f 3346//5329 3354//5329 3347//5329
f 3347//5330 3354//5330 3355//5330
f 3347//5331 3355//5331 3348//5331
f 3348//5332 3355//5332 3356//5332
f 3348//5333 3356//5333 3349//5333
f 3349//5334 3356//5334 3357//5334
f 3349//5335 3357//5335 3350//5335
f 3350//5336 3357//5336 3358//5336
f 3350//5337 3358//5337 3351//5337
f 3351//5338 3358//5338 3359//5338
f 3351//5339 3359//5339 3352//5339
f 3352//5340 3359//5340 3353//5340
f 3352//5341 3353//5341 3346//5341
f 3353//5342 3360//5342 3361//5342
f 3353//5343 3361//5343 3354//5343
f 3354//5344 3361//5344 3362//5344
f 3354//5345 3362//5345 3355//5345
f 3355//5346 3362//5346 3363//5346
f 3355//5347 3363//5347 3356//5347
f 3356//5348 3363//5348 3364//5348
f 3356//5349 3364//5349 3357//5349
f 3357//5350 3364//5350 3365//5350
f 3357//5351 3365//5351 3358//5351
f 3358//5352 3365//5352 3366//5352
f 3358//5353 3366//5353 3359//5353
f 3359//5354 3366//5354 3360//5354
f 3359//5355 3360//5355 3353//5355
f 3367//5356 3368//5356 3369//5356
f 3367//5357 3369//5357 3370//5357
f 3367//5358 3370//5358 3371//5358
f 3367//5359 3371//5359 3372//5359
f 3367//5360 3372//5360 3373//5360
f 3367//5361 3373//5361 3374//5361
f 3367//5362 3374//5362 3368//5362
f 3368//5363 3375//5363 3376//5363
f 3368//5364 3376//5364 3369//5364
f 3369//5365 3376//5365 3377//5365
f 3369//5366 3377//5366 3370//5366
f 3370//5367 3377//5367 3378//5367
f 3370//5368 3378//5368 3371//5368
f 3371//5369 3378//5369 3379//5369
f 3371//5370 3379//5370 3372//5370
f 3372//5371 3379//5371 3380//5371
f 3372//5372 3380//5372 3373//5372
f 3373//5373 3380//5373 3381//5373
f 3373//5374 3381//5374 3374//5374
f 3374//5375 3381//5375 3375//5375
f 3374//5376 3375//5376 3368//5376
f 3375//5377 3382//5377 3383//5377
f 3375//5378 3383//5378 3376//5378
f 3376//5379 3383//5379 3384//5379
f 3376//5380 3384//5380 3377//5380
f 3377//5381 3384//5381 3385//5381
f 3377//5382 3385//5382 3378//5382
f 3378//5383 3385//5383 3386//5383
f 3378//5384 3386//5384 3379//5384
f 3379//5385 3386//5385 3387//5385
f 3379//5386 3387//5386 3380//5386
f 3380//5387 3387//5387 3388//5387
f 3380//5388 3388//5388 3381//5388
f 3381//5389 3388//5389 3382//5389
f 3381//5390 3382//5390 3375//5390
f 3389//5391 3390//5391 3391//5391
f 3389//5392 3391//5392 3392//5392
f 3389//5393 3392//5393 3393//5393
f 3389//5394 3393//5394 3394//5394
f 3389//5395 3394//5395 3395//5395
f 3389//5396 3395//5396 3396//5396
f 3389//5397 3396//5397 3390//5397
f 3390//5398 3397//5398 3398//5398
f 3390//5399 3398//5399 3391//5399
f 3391//5400 3398//5400 3399//5400
f 3391//5401 3399//5401 3392//5401
f 3392//5402 3399//5402 3400//5402
f 3392//5403 3400//5403 3393//5403
f 3393//5404 3400//5404 3401//5404
f 3393//5405 3401//5405 3394//5405
f 3394//5406 3401//5406 3402//5406
f 3394//5407 3402//5407 3395//5407
f 3395//5408 3402//5408 3403//5408
f 3395//5409 3403//5409 3396//5409
f 3396//5410 3403//5410 3397//5410
f 3396//5411 3397//5411 3390//5411
f 3397//5412 3404//5412 3405//5412
f 3397//5413 3405//5413 3398//5413
f 3398//5414 3405//5414 3406//5414
f 3398//5415 3406//5415 3399//5415
f 3399//5416 3406//5416 3407//5416
f 3399//5417 3407//5417 3400//5417
f 3400//5418 3407//5418 3408//5418
f 3400//5419 3408//5419 3401//5419
f 3401//5420 3408//5420 3409//5420
f 3401//5421 3409//5421 3402//5421
f 3402//5422 3409//5422 3410//5422
f 3402//5423 3410//5423 3403//5423
f 3403//5424 3410//5424 3404//5424
f 3403//5425 3404//5425 3397//5425
f 3411//5426 3412//5426 3413//5426
f 3411//5427 3413//5427 3414//5427
f 3411//5428 3414//5428 3415//5428
f 3411//5429 3415//5429 3416//5429
f 3411//5430 3416//5430 3417//5430
f 3411//5431 3417//5431 3418//5431
f 3411//5432 3418//5432 3412//5432
f 3412//5433 3419//5433 3420//5433
f 3412//5434 3420//5434 3413//5434
f 3413//5435 3420//5435 3421//5435
f 3413//5436 3421//5436 3414//5436
f 3414//5437 3421//5437 3422//5437
f 3414//5438 3422//5438 3415//5438
f 3415//5439 3422//5439 3423//5439
f 3415//5440 3423//5440 3416//5440
f 3416//5441 3423//5441 3424//5441
f 3416//5442 3424//5442 3417//5442
f 3417//5443 3424//5443 3425//5443
f 3417//5444 3425//5444 3418//5444
f 3418//5445 3425//5445 3419//5445
f 3418//5446 3419//5446 3412//5446
f 3419//5447 3426//5447 3427//5447
f 3419//5448 3427//5448 3420//5448
f 3420//5449 3427//5449 3428//5449
f 3420//5450 3428//5450 3421//5450
f 3421//5451 3428//5451 3429//5451
f 3421//5452 3429//5452 3422//5452
f 3422//5453 3429//5453 3430//5453
f 3422//5454 3430//5454 3423//5454
f 3423//5455 3430//5455 3431//5455
f 3423//5456 3431//5456 3424//5456
f 3424//5457 3431//5457 3432//5457
f 3424//5458 3432//5458 3425//5458
f 3425//5459 3432//5459 3426//5459
f 3425//5460 3426//5460 3419//5460
f 3433//5461 3434//5461 3435//5461
f 3433//5462 3435//5462 3436//5462
f 3433//5463 3436//5463 3437//5463
f 3433//5464 3437//5464 3438//5464
f 3433//5465 3438//5465 3439//5465
f 3433//5466 3439//5466 3440//5466
f 3433//5467 3440//5467 3434//5467
f 3434//5468 3441//5468 3442//5468
f 3434//5469 3442//5469 3435//5469
f 3435//5470 3442//5470 3443//5470
f 3435//5471 3443//5471 3436//5471
f 3436//5472 3443//5472 3444//5472
f 3436//5473 3444//5473 3437//5473
f 3437//5474 3444//5474 3445//5474
f 3437//5475 3445//5475 3438//5475
f 3438//5476 3445//5476 3446//5476
f 3438//5477 3446//5477 3439//5477
f 3439//5478 3446//5478 3447//5478
f 3439//5479 3447//5479 3440//5479
f 3440//5480 3447//5480 3441//5480
f 3440//5481 3441//5481 3434//5481
f 3441//5482 3448//5482 3449//5482
f 3441//5483 3449//5483 3442//5483
f 3442//5484 3449//5484 3450//5484
f 3442//5485 3450//5485 3443//5485
f 3443//5486 3450//5486 3451//5486
f 3443//5487 3451//5487 3444//5487
f 3444//5488 3451//5488 3452//5488
f 3444//5489 3452//5489 3445//5489
f 3445//5490 3452//5490 3453//5490
f 3445//5491 3453//5491 3446//5491
f 3446//5492 3453//5492 3454//5492
f 3446//5493 3454//5493 3447//5493
f 3447//5494 3454//5494 3448//5494
f 3447//5495 3448//5495 3441//5495
f 3455//5496 3456//5496 3457//5496
f 3455//5497 3457//5497 3458//5497
f 3455//5498 3458//5498 3459//5498
f 3455//5499 3459//5499 3460//5499
f 3455//5500 3460//5500 3461//5500
f 3455//5501 3461//5501 3462//5501
f 3455//5502 3462//5502 3456//5502
f 3456//5503 3463//5503 3464//5503
f 3456//5504 3464//5504 3457//5504
f 3457//5505 3464//5505 3465//5505
f 3457//5506 3465//5506 3458//5506
f 3458//5507 3465//5507 3466//5507
f 3458//5508 3466//5508 3459//5508
f 3459//5509 3466//5509 3467//5509
f 3459//5510 3467//5510 3460//5510
f 3460//5511 3467//5511 3468//5511
f 3460//5512 3468//5512 3461//5512
f 3461//5513 3468//5513 3469//5513
f 3461//5514 3469//5514 3462//5514
f 3462//5515 3469//5515 3463//5515
f 3462//5516 3463//5516 3456//5516
f 3463//5517 3470//5517 3471//5517
f 3463//5518 3471//5518 3464//5518
f 3464//5519 3471//5519 3472//5519
f 3464//5520 3472//5520 3465//5520
f 3465//5521 3472//5521 3473//5521
f 3465//5522 3473//5522 3466//5522
f 3466//5523 3473//5523 3474//5523
f 3466//5524 3474//5524 3467//5524
f 3467//5525 3474//5525 3475//5525
f 3467//5526 3475//5526 3468//5526
f 3468//5527 3475//5527 3476//5527
f 3468//5528 3476//5528 3469//5528
f 3469//5529 3476//5529 3470//5529
f 3469//5530 3470//5530 3463//5530
f 3477//5531 3478//5531 3479//5531
f 3477//5532 3479//5532 3480//5532
f 3477//5533 3480//5533 3481//5533
f 3477//5534 3481//5534 3482//5534
f 3477//5535 3482//5535 3483//5535
f 3477//5536 3483//5536 3484//5536
f 3477//5537 3484//5537 3478//5537
f 3478//5538 3485//5538 3486//5538
f 3478//5539 3486//5539 3479//5539
f 3479//5540 3486//5540 3487//5540
f 3479//5541 3487//5541 3480//5541
f 3480//5542 3487//5542 3488//5542
f 3480//5543 3488//5543 3481//5543
f 3481//5544 3488//5544 3489//5544
f 3481//5545 3489//5545 3482//5545
f 3482//5546 3489//5546 3490//5546
f 3482//5547 3490//5547 3483//5547
f 3483//5548 3490//5548 3491//5548
f 3483//5549 3491//5549 3484//5549
f 3484//5550 3491//5550 3485//5550
f 3484//5551 3485//5551 3478//5551
f 3485//5552 3492//5552 3493//5552
f 3485//5553 3493//5553 3486//5553
f 3486//5554 3493//5554 3494//5554
f 3486//5555 3494//5555 3487//5555
f 3487//5556 3494//5556 3495//5556
f 3487//5557 3495//5557 3488//5557
f 3488//5558 3495//5558 3496//5558
f 3488//5559 3496//5559 3489//5559
f 3489//5560 3496//5560 3497//5560
f 3489//5561 3497//5561 3490//5561
f 3490//5562 3497//5562 3498//5562
f 3490//5563 3498//5563 3491//5563
f 3491//5564 3498//5564 3492//5564
f 3491//5565 3492//5565 3485//5565
f 3499//5566 3500//5566 3501//5566
f 3499//5567 3501//5567 3502//5567
f 3499//5568 3502//5568 3503//5568
f 3499//5569 3503//5569 3504//5569
f 3499//5570 3504//5570 3505//5570
f 3499//5571 3505//5571 3506//5571
f 3499//5572 3506//5572 3500//5572
f 3500//5573 3507//5573 3508//5573
f 3500//5574 3508//5574 3501//5574
f 3501//5575 3508//5575 3509//5575
f 3501//5576 3509//5576 3502//5576
f 3502//5577 3509//5577 3510//5577
f 3502//5578 3510//5578 3503//5578
f 3503//5579 3510//5579 3511//5579
f 3503//5580 3511//5580 3504//5580
f 3504//5581 3511//5581 3512//5581
f 3504//5582 3512//5582 3505//5582
f 3505//5583 3512//5583 3513//5583
f 3505//5584 3513//5584 3506//5584
f 3506//5585 3513//5585 3507//5585
f 3506//5586 3507//5586 3500//5586
f 3507//5587 3514//5587 3515//5587
f 3507//5588 3515//5588 3508//5588
f 3508//5589 3515//5589 3516//5589
f 3508//5590 3516//5590 3509//5590
f 3509//5591 3516//5591 3517//5591
f 3509//5592 3517//5592 3510//5592
f 3510//5593 3517//5593 3518//5593
f 3510//5594 3518//5594 3511//5594
f 3511//5595 3518//5595 3519//5595
f 3511//5596 3519//5596 3512//5596
f 3512//5597 3519//5597 3520//5597
f 3512//5598 3520//5598 3513//5598
f 3513//5599 3520//5599 3514//5599
f 3513//5600 3514//5600 3507//5600
f 3521//5601 3522//5601 3523//5601
f 3521//5602 3523//5602 3524//5602
f 3521//5603 3524//5603 3525//5603
f 3521//5604 3525//5604 3526//5604
f 3521//5605 3526//5605 3527//5605
f 3521//5606 3527//5606 3528//5606
f 3521//5607 3528//5607 3522//5607
f 3522//5608 3529//5608 3530//5608
f 3522//5609 3530//5609 3523//5609
f 3523//5610 3530//5610 3531//5610
f 3523//5611 3531//5611 3524//5611
f 3524//5612 3531//5612 3532//5612
f 3524//5613 3532//5613 3525//5613
f 3525//5614 3532//5614 3533//5614
f 3525//5615 3533//5615 3526//5615
f 3526//5616 3533//5616 3534//5616
f 3526//5617 3534//5617 3527//5617
f 3527//5618 3534//5618 3535//5618
f 3527//5619 3535//5619 3528//5619
f 3528//5620 3535//5620 3529//5620
f 3528//5621 3529//5621 3522//5621
f 3529//5622 3536//5622 3537//5622
f 3529//5623 3537//5623 3530//5623
f 3530//5624 3537//5624 3538//5624
f 3530//5625 3538//5625 3531//5625
f 3531//5626 3538//5626 3539//5626
f 3531//5627 3539//5627 3532//5627
f 3532//5628 3539//5628 3540//5628
f 3532//5629 3540//5629 3533//5629
f 3533//5630 3540//5630 3541//5630
f 3533//5631 3541//5631 3534//5631
f 3534//5632 3541//5632 3542//5632
f 3534//5633 3542//5633 3535//5633
f 3535//5634 3542//5634 3536//5634
f 3535//5635 3536//5635 3529//5635
f 3543//5636 3544//5636 3545//5636
f 3543//5637 3545//5637 3546//5637
f 3543//5638 3546//5638 3547//5638
f 3543//5639 3547//5639 3548//5639
f 3543//5640 3548//5640 3549//5640
f 3543//5641 3549//5641 3550//5641
f 3543//5642 3550//5642 3544//5642
f 3544//5643 3551//5643 3552//5643
f 3544//5644 3552//5644 3545//5644
f 3545//5645 3552//5645 3553//5645
f 3545//5646 3553//5646 3546//5646
f 3546//5647 3553//5647 3554//5647
f 3546//5648 3554//5648 3547//5648
f 3547//5649 3554//5649 3555//5649
f 3547//5650 3555//5650 3548//5650
f 3548//5651 3555//5651 3556//5651
f 3548//5652 3556//5652 3549//5652
f 3549//5653 3556//5653 3557//5653
f 3549//5654 3557//5654 3550//5654
f 3550//5655 3557//5655 3551//5655
f 3550//5656 3551//5656 3544//5656
f 3551//5657 3558//5657 3559//5657
f 3551//5658 3559//5658 3552//5658
f 3552//5659 3559//5659 3560//5659
f 3552//5660 3560//5660 3553//5660
f 3553//5661 3560//5661 3561//5661
f 3553//5662 3561//5662 3554//5662
f 3554//5663 3561//5663 3562//5663
f 3554//5664 3562//5664 3555//5664
f 3555//5665 3562//5665 3563//5665
f 3555//5666 3563//5666 3556//5666
f 3556//5667 3563//5667 3564//5667
f 3556//5668 3564//5668 3557//5668
f 3557//5669 3564//5669 3558//5669
f 3557//5670 3558//5670 3551//5670
f 3565//5671 3566//5671 3567//5671
f 3565//5672 3567//5672 3568//5672
f 3565//5673 3568//5673 3569//5673
f 3565//5674 3569//5674 3570//5674
f 3565//5675 3570//5675 3571//5675
f 3565//5676 3571//5676 3572//5676
f 3565//5677 3572//5677 3566//5677
f 3566//5678 3573//5678 3574//5678
f 3566//5679 3574//5679 3567//5679
f 3567//5680 3574//5680 3575//5680
f 3567//5681 3575//5681 3568//5681
f 3568//5682 3575//5682 3576//5682
f 3568//5683 3576//5683 3569//5683
f 3569//5684 3576//5684 3577//5684
f 3569//5685 3577//5685 3570//5685
f 3570//5686 3577//5686 3578//5686
f 3570//5687 3578//5687 3571//5687
f 3571//5688 3578//5688 3579//5688
f 3571//5689 3579//5689 3572//5689
f 3572//5690 3579//5690 3573//5690
f 3572//5691 3573//5691 3566//5691
f 3573//5692 3580//5692 3581//5692
f 3573//5693 3581//5693 3574//5693
f 3574//5694 3581//5694 3582//5694
f 3574//5695 3582//5695 3575//5695
f 3575//5696 3582//5696 3583//5696
f 3575//5697 3583//5697 3576//5697
f 3576//5698 3583//5698 3584//5698
f 3576//5699 3584//5699 3577//5699
f 3577//5700 3584//5700 3585//5700
f 3577//5701 3585//5701 3578//5701
f 3578//5702 3585//5702 3586//5702
f 3578//5703 3586//5703 3579//5703
f 3579//5704 3586//5704 3580//5704
f 3579//5705 3580//5705 3573//5705
f 3587//5706 3588//5706 3589//5706
f 3587//5707 3589//5707 3590//5707
f 3587//5708 3590//5708 3591//5708
f 3587//5709 3591//5709 3592//5709
f 3587//5710 3592//5710 3593//5710
f 3587//5711 3593//5711 3594//5711
f 3587//5712 3594//5712 3588//5712
f 3588//5713 3595//5713 3596//5713
f 3588//5714 3596//5714 3589//5714
f 3589//5715 3596//5715 3597//5715
f 3589//5716 3597//5716 3590//5716
f 3590//5717 3597//5717 3598//5717
f 3590//5718 3598//5718 3591//5718
f 3591//5719 3598//5719 3599//5719
f 3591//5720 3599//5720 3592//5720
f 3592//5721 3599//5721 3600//5721
f 3592//5722 3600//5722 3593//5722
f 3593//5723 3600//5723 3601//5723
f 3593//5724 3601//5724 3594//5724
f 3594//5725 3601//5725 3595//5725
f 3594//5726 3595//5726 3588//5726
f 3595//5727 3602//5727 3603//5727
f 3595//5728 3603//5728 3596//5728
f 3596//5729 3603//5729 3604//5729
f 3596//5730 3604//5730 3597//5730
f 3597//5731 3604//5731 3605//5731
f 3597//5732 3605//5732 3598//5732
f 3598//5733 3605//5733 3606//5733
f 3598//5734 3606//5734 3599//5734
f 3599//5735 3606//5735 3607//5735
f 3599//5736 3607//5736 3600//5736
f 3600//5737 3607//5737 3608//5737
f 3600//5738 3608//5738 3601//5738
f 3601//5739 3608//5739 3602//5739
f 3601//5740 3602//5740 3595//5740
f 3609//5741 3610//5741 3611//5741
f 3609//5742 3611//5742 3612//5742
f 3609//5743 3612//5743 3613//5743
f 3609//5744 3613//5744 3614//5744
f 3609//5745 3614//5745 3615//5745
f 3609//5746 3615//5746 3616//5746
f 3609//5747 3616//5747 3610//5747
f 3610//5748 3617//5748 3618//5748
f 3610//5749 3618//5749 3611//5749
f 3611//5750 3618//5750 3619//5750
f 3611//5751 3619//5751 3612//5751
f 3612//5752 3619//5752 3620//5752
f 3612//5753 3620//5753 3613//5753
f 3613//5754 3620//5754 3621//5754
f 3613//5755 3621//5755 3614//5755
f 3614//5756 3621//5756 3622//5756
f 3614//5757 3622//5757 3615//5757
f 3615//5758 3622//5758 3623//5758
f 3615//5759 3623//5759 3616//5759
f 3616//5760 3623//5760 3617//5760
f 3616//5761 3617//5761 3610//5761
f 3617//5762 3624//5762 3625//5762
f 3617//5763 3625//5763 3618//5763
f 3618//5764 3625//5764 3626//5764
f 3618//5765 3626//5765 3619//5765
f 3619//5766 3626//5766 3627//5766
f 3619//5767 3627//5767 3620//5767
f 3620//5768 3627//5768 3628//5768
f 3620//5769 3628//5769 3621//5769
f 3621//5770 3628//5770 3629//5770
f 3621//5771 3629//5771 3622//5771
f 3622//5772 3629//5772 3630//5772
f 3622//5773 3630//5773 3623//5773
f 3623//5774 3630//5774 3624//5774
f 3623//5775 3624//5775 3617//5775
f 3631//5776 3632//5776 3633//5776
f 3631//5777 3633//5777 3634//5777
f 3631//5778 3634//5778 3635//5778
f 3631//5779 3635//5779 3636//5779
f 3631//5780 3636//5780 3637//5780
f 3631//5781 3637//5781 3638//5781
f 3631//5782 3638//5782 3632//5782
f 3632//5783 3639//5783 3640//5783
f 3632//5784 3640//5784 3633//5784
f 3633//5785 3640//5785 3641//5785
f 3633//5786 3641//5786 3634//5786
f 3634//5787 3641//5787 3642//5787
f 3634//5788 3642//5788 3635//5788
f 3635//5789 3642//5789 3643//5789
f 3635//5790 3643//5790 3636//5790
f 3636//5791 3643//5791 3644//5791
f 3636//5792 3644//5792 3637//5792
f 3637//5793 3644//5793 3645//5793
f 3637//5794 3645//5794 3638//5794
f 3638//5795 3645//5795 3639//5795
f 3638//5796 3639//5796 3632//5796
f 3639//5797 3646//5797 3647//5797
f 3639//5798 3647//5798 3640//5798
f 3640//5799 3647//5799 3648//5799
f 3640//5800 3648//5800 3641//5800
f 3641//5801 3648//5801 3649//5801
f 3641//5802 3649//5802 3642//5802
f 3642//5803 3649//5803 3650//5803
f 3642//5804 3650//5804 3643//5804
f 3643//5805 3650//5805 3651//5805
f 3643//5806 3651//5806 3644//5806
f 3644//5807 3651//5807 3652//5807
f 3644//5808 3652//5808 3645//5808
f 3645//5809 3652//5809 3646//5809
f 3645//5810 3646//5810 3639//5810
f 3653//5811 3654//5811 3655//5811
f 3653//5812 3655//5812 3656//5812
f 3653//5813 3656//5813 3657//5813
f 3653//5814 3657//5814 3658//5814
f 3653//5815 3658//5815 3659//5815
f 3653//5816 3659//5816 3660//5816
f 3653//5817 3660//5817 3654//5817
f 3654//5818 3661//5818 3662//5818
f 3654//5819 3662//5819 3655//5819
f 3655//5820 3662//5820 3663//5820
f 3655//5821 3663//5821 3656//5821
f 3656//5822 3663//5822 3664//5822
f 3656//5823 3664//5823 3657//5823
f 3657//5824 3664//5824 3665//5824
f 3657//5825 3665//5825 3658//5825
f 3658//5826 3665//5826 3666//5826
f 3658//5827 3666//5827 3659//5827
f 3659//5828 3666//5828 3667//5828
f 3659//5829 3667//5829 3660//5829
f 3660//5830 3667//5830 3661//5830
f 3660//5831 3661//5831 3654//5831
f 3661//5832 3668//5832 3669//5832
f 3661//5833 3669//5833 3662//5833
f 3662//5834 3669//5834 3670//5834
f 3662//5835 3670//5835 3663//5835
f 3663//5836 3670//5836 3671//5836
f 3663//5837 3671//5837 3664//5837
f 3664//5838 3671//5838 3672//5838
f 3664//5839 3672//5839 3665//5839
f 3665//5840 3672//5840 3673//5840
f 3665//5841 3673//5841 3666//5841
f 3666//5842 3673//5842 3674//5842
f 3666//5843 3674//5843 3667//5843
f 3667//5844 3674//5844 3668//5844
f 3667//5845 3668//5845 3661//5845
f 3675//5846 3676//5846 3677//5846
f 3675//5847 3677//5847 3678//5847
f 3675//5848 3678//5848 3679//5848
f 3675//5849 3679//5849 3680//5849
f 3675//5850 3680//5850 3681//5850
f 3675//5851 3681//5851 3682//5851
f 3675//5852 3682//5852 3676//5852
f 3676//5853 3683//5853 3684//5853
f 3676//5854 3684//5854 3677//5854
f 3677//5855 3684//5855 3685//5855
f 3677//5856 3685//5856 3678//5856
f 3678//5857 3685//5857 3686//5857
f 3678//5858 3686//5858 3679//5858
f 3679//5859 3686//5859 3687//5859
f 3679//5860 3687//5860 3680//5860
f 3680//5861 3687//5861 3688//5861
f 3680//5862 3688//5862 3681//5862
f 3681//5863 3688//5863 3689//5863
f 3681//5864 3689//5864 3682//5864
f 3682//5865 3689//5865 3683//5865
f 3682//5866 3683//5866 3676//5866
f 3683//5867 3690//5867 3691//5867
f 3683//5868 3691//5868 3684//5868
f 3684//5869 3691//5869 3692//5869
f 3684//5870 3692//5870 3685//5870
f 3685//5871 3692//5871 3693//5871
f 3685//5872 3693//5872 3686//5872
f 3686//5873 3693//5873 3694//5873
f 3686//5874 3694//5874 3687//5874
f 3687//5875 3694//5875 3695//5875
f 3687//5876 3695//5876 3688//5876
f 3688//5877 3695//5877 3696//5877
f 3688//5878 3696//5878 3689//5878
f 3689//5879 3696//5879 3690//5879
f 3689//5880 3690//5880 3683//5880
f 3697//5881 3698//5881 3699//5881
f 3697//5882 3699//5882 3700//5882
f 3697//5883 3700//5883 3701//5883
f 3697//5884 3701//5884 3702//5884
f 3697//5885 3702//5885 3703//5885
f 3697//5886 3703//5886 3704//5886
f 3697//5887 3704//5887 3698//5887
f 3698//5888 3705//5888 3706//5888
f 3698//5889 3706//5889 3699//5889
f 3699//5890 3706//5890 3707//5890
f 3699//5891 3707//5891 3700//5891
f 3700//5892 3707//5892 3708//5892
f 3700//5893 3708//5893 3701//5893
f 3701//5894 3708//5894 3709//5894
f 3701//5895 3709//5895 3702//5895
f 3702//5896 3709//5896 3710//5896
f 3702//5897 3710//5897 3703//5897
f 3703//5898 3710//5898 3711//5898
f 3703//5899 3711//5899 3704//5899
f 3704//5900 3711//5900 3705//5900
f 3704//5901 3705//5901 3698//5901
f 3705//5902 3712//5902 3713//5902
f 3705//5903 3713//5903 3706//5903
f 3706//5904 3713//5904 3714//5904
f 3706//5905 3714//5905 3707//5905
f 3707//5906 3714//5906 3715//5906
f 3707//5907 3715//5907 3708//5907
f 3708//5908 3715//5908 3716//5908
f 3708//5909 3716//5909 3709//5909
f 3709//5910 3716//5910 3717//5910
f 3709//5911 3717//5911 3710//5911
f 3710//5912 3717//5912 3718//5912
f 3710//5913 3718//5913 3711//5913
f 3711//5914 3718//5914 3712//5914
f 3711//5915 3712//5915 3705//5915
f 3719//5916 3720//5916 3721//5916
f 3719//5917 3721//5917 3722//5917
f 3719//5918 3722//5918 3723//5918
f 3719//5919 3723//5919 3724//5919
f 3719//5920 3724//5920 3725//5920
f 3719//5921 3725//5921 3726//5921
f 3719//5922 3726//5922 3720//5922
f 3720//5923 3727//5923 3728//5923
f 3720//5924 3728//5924 3721//5924
f 3721//5925 3728//5925 3729//5925
f 3721//5926 3729//5926 3722//5926
f 3722//5927 3729//5927 3730//5927
f 3722//5928 3730//5928 3723//5928
f 3723//5929 3730//5929 3731//5929
f 3723//5930 3731//5930 3724//5930
f 3724//5931 3731//5931 3732//5931
f 3724//5932 3732//5932 3725//5932
f 3725//5933 3732//5933 3733//5933
f 3725//5934 3733//5934 3726//5934
f 3726//5935 3733//5935 3727//5935
f 3726//5936 3727//5936 3720//5936
f 3727//5937 3734//5937 3735//5937
f 3727//5938 3735//5938 3728//5938
f 3728//5939 3735//5939 3736//5939
f 3728//5940 3736//5940 3729//5940
f 3729//5941 3736//5941 3737//5941
f 3729//5942 3737//5942 3730//5942
f 3730//5943 3737//5943 3738//5943
f 3730//5944 3738//5944 3731//5944
f 3731//5945 3738//5945 3739//5945
f 3731//5946 3739//5946 3732//5946
f 3732//5947 3739//5947 3740//5947
f 3732//5948 3740//5948 3733//5948
f 3733//5949 3740//5949 3734//5949
f 3733//5950 3734//5950 3727//5950
f 3741//5951 3742//5951 3743//5951
f 3741//5952 3743//5952 3744//5952
f 3741//5953 3744//5953 3745//5953
f 3741//5954 3745//5954 3746//5954
f 3741//5955 3746//5955 3747//5955
f 3741//5956 3747//5956 3748//5956
f 3741//5957 3748//5957 3742//5957
f 3742//5958 3749//5958 3750//5958
f 3742//5959 3750//5959 3743//5959
f 3743//5960 3750//5960 3751//5960
f 3743//5961 3751//5961 3744//5961
f 3744//5962 3751//5962 3752//5962
f 3744//5963 3752//5963 3745//5963
f 3745//5964 3752//5964 3753//5964
f 3745//5965 3753//5965 3746//5965
f 3746//5966 3753//5966 3754//5966
f 3746//5967 3754//5967 3747//5967
f 3747//5968 3754//5968 3755//5968
f 3747//5969 3755//5969 3748//5969
f 3748//5970 3755//5970 3749//5970
f 3748//5971 3749//5971 3742//5971
f 3749//5972 3756//5972 3757//5972
f 3749//5973 3757//5973 3750//5973
f 3750//5974 3757//5974 3758//5974
f 3750//5975 3758//5975 3751//5975
f 3751//5976 3758//5976 3759//5976
f 3751//5977 3759//5977 3752//5977
f 3752//5978 3759//5978 3760//5978
f 3752//5979 3760//5979 3753//5979
f 3753//5980 3760//5980 3761//5980
f 3753//5981 3761//5981 3754//5981
f 3754//5982 3761//5982 3762//5982
f 3754//5983 3762//5983 3755//5983
f 3755//5984 3762//5984 3756//5984
f 3755//5985 3756//5985 3749//5985
f 3763//5986 3764//5986 3765//5986
f 3763//5987 3765//5987 3766//5987
f 3763//5988 3766//5988 3767//5988
f 3763//5989 3767//5989 3768//5989
f 3763//5990 3768//5990 3769//5990
f 3763//5991 3769//5991 3770//5991
f 3763//5992 3770//5992 3764//5992
f 3764//5993 3771//5993 3772//5993
f 3764//5994 3772//5994 3765//5994
f 3765//5995 3772//5995 3773//5995
f 3765//5996 3773//5996 3766//5996
f 3766//5997 3773//5997 3774//5997
f 3766//5998 3774//5998 3767//5998
f 3767//5999 3774//5999 3775//5999
f 3767//6000 3775//6000 3768//6000
f 3768//6001 3775//6001 3776//6001
f 3768//6002 3776//6002 3769//6002
f 3769//6003 3776//6003 3777//6003
f 3769//6004 3777//6004 3770//6004
f 3770//6005 3777//6005 3771//6005
f 3770//6006 3771//6006 3764//6006
f 3771//6007 3778//6007 3779//6007
f 3771//6008 3779//6008 3772//6008
f 3772//6009 3779//6009 3780//6009
f 3772//6010 3780//6010 3773//6010
f 3773//6011 3780//6011 3781//6011
f 3773//6012 3781//6012 3774//6012
f 3774//6013 3781//6013 3782//6013
f 3774//6014 3782//6014 3775//6014
f 3775//6015 3782//6015 3783//6015
f 3775//6016 3783//6016 3776//6016
f 3776//6017 3783//6017 3784//6017
f 3776//6018 3784//6018 3777//6018
f 3777//6019 3784//6019 3778//6019
f 3777//6020 3778//6020 3771//6020
f 3785//6021 3786//6021 3787//6021
f 3785//6022 3787//6022 3788//6022
f 3785//6023 3788//6023 3789//6023
f 3785//6024 3789//6024 3790//6024
f 3785//6025 3790//6025 3791//6025
f 3785//6026 3791//6026 3792//6026
f 3785//6027 3792//6027 3786//6027
f 3786//6028 3793//6028 3794//6028
f 3786//6029 3794//6029 3787//6029
f 3787//6030 3794//6030 3795//6030
f 3787//6031 3795//6031 3788//6031
f 3788//6032 3795//6032 3796//6032
f 3788//6033 3796//6033 3789//6033
f 3789//6034 3796//6034 3797//6034
f 3789//6035 3797//6035 3790//6035
f 3790//6036 3797//6036 3798//6036
f 3790//6037 3798//6037 3791//6037
f 3791//6038 3798//6038 3799//6038
f 3791//6039 3799//6039 3792//6039
f 3792//6040 3799//6040 3793//6040
f 3792//6041 3793//6041 3786//6041
f 3793//6042 3800//6042 3801//6042
f 3793//6043 3801//6043 3794//6043
f 3794//6044 3801//6044 3802//6044
f 3794//6045 3802//6045 3795//6045
f 3795//6046 3802//6046 3803//6046
f 3795//6047 3803//6047 3796//6047
f 3796//6048 3803//6048 3804//6048
f 3796//6049 3804//6049 3797//6049
f 3797//6050 3804//6050 3805//6050
f 3797//6051 3805//6051 3798//6051
f 3798//6052 3805//6052 3806//6052
f 3798//6053 3806//6053 3799//6053
f 3799//6054 3806//6054 3800//6054
f 3799//6055 3800//6055 3793//6055
f 3807//6056 3808//6056 3809//6056
f 3807//6057 3809//6057 3810//6057
f 3807//6058 3810//6058 3811//6058
f 3807//6059 3811//6059 3812//6059
f 3807//6060 3812//6060 3813//6060
f 3807//6061 3813//6061 3814//6061
f 3807//6062 3814//6062 3808//6062
f 3808//6063 3815//6063 3816//6063
f 3808//6064 3816//6064 3809//6064
f 3809//6065 3816//6065 3817//6065
f 3809//6066 3817//6066 3810//6066
f 3810//6067 3817//6067 3818//6067
f 3810//6068 3818//6068 3811//6068
f 3811//6069 3818//6069 3819//6069
f 3811//6070 3819//6070 3812//6070
f 3812//6071 3819//6071 3820//6071
f 3812//6072 3820//6072 3813//6072
f 3813//6073 3820//6073 3821//6073
f 3813//6074 3821//6074 3814//6074
f 3814//6075 3821//6075 3815//6075
f 3814//6076 3815//6076 3808//6076
f 3815//6077 3822//6077 3823//6077
f 3815//6078 3823//6078 3816//6078
f 3816//6079 3823//6079 3824//6079
f 3816//6080 3824//6080 3817//6080
f 3817//6081 3824//6081 3825//6081
f 3817//6082 3825//6082 3818//6082
f 3818//6083 3825//6083 3826//6083
f 3818//6084 3826//6084 3819//6084
f 3819//6085 3826//6085 3827//6085
f 3819//6086 3827//6086 3820//6086
f 3820//6087 3827//6087 3828//6087
f 3820//6088 3828//6088 3821//6088
f 3821//6089 3828//6089 3822//6089
f 3821//6090 3822//6090 3815//6090
f 3829//6091 3830//6091 3831//6091
f 3829//6092 3831//6092 3832//6092
f 3829//6093 3832//6093 3833//6093
f 3829//6094 3833//6094 3834//6094
f 3829//6095 3834//6095 3835//6095
f 3829//6096 3835//6096 3836//6096
f 3829//6097 3836//6097 3830//6097
f 3830//6098 3837//6098 3838//6098
f 3830//6099 3838//6099 3831//6099
f 3831//6100 3838//6100 3839//6100
f 3831//6101 3839//6101 3832//6101
f 3832//6102 3839//6102 3840//6102
f 3832//6103 3840//6103 3833//6103
f 3833//6104 3840//6104 3841//6104
f 3833//6105 3841//6105 3834//6105
f 3834//6106 3841//6106 3842//6106
f 3834//6107 3842//6107 3835//6107
f 3835//6108 3842//6108 3843//6108
f 3835//6109 3843//6109 3836//6109
f 3836//6110 3843//6110 3837//6110
f 3836//6111 3837//6111 3830//6111
f 3837//6112 3844//6112 3845//6112
f 3837//6113 3845//6113 3838//6113
f 3838//6114 3845//6114 3846//6114
f 3838//6115 3846//6115 3839//6115
f 3839//6116 3846//6116 3847//6116
f 3839//6117 3847//6117 3840//6117
f 3840//6118 3847//6118 3848//6118
f 3840//6119 3848//6119 3841//6119
f 3841//6120 3848//6120 3849//6120
f 3841//6121 3849//6121 3842//6121
f 3842//6122 3849//6122 3850//6122
f 3842//6123 3850//6123 3843//6123
f 3843//6124 3850//6124 3844//6124
f 3843//6125 3844//6125 3837//6125
f 3851//6126 3852//6126 3853//6126
f 3851//6127 3853//6127 3854//6127
f 3851//6128 3854//6128 3855//6128
f 3851//6129 3855//6129 3856//6129
f 3851//6130 3856//6130 3857//6130
f 3851//6131 3857//6131 3858//6131
f 3851//6132 3858//6132 3852//6132
f 3852//6133 3859//6133 3860//6133
f 3852//6134 3860//6134 3853//6134
f 3853//6135 3860//6135 3861//6135
f 3853//6136 3861//6136 3854//6136
f 3854//6137 3861//6137 3862//6137
f 3854//6138 3862//6138 3855//6138
f 3855//6139 3862//6139 3863//6139
f 3855//6140 3863//6140 3856//6140
f 3856//6141 3863//6141 3864//6141
f 3856//6142 3864//6142 3857//6142
f 3857//6143 3864//6143 3865//6143
f 3857//6144 3865//6144 3858//6144
f 3858//6145 3865//6145 3859//6145
f 3858//6146 3859//6146 3852//6146
f 3859//6147 3866//6147 3867//6147
f 3859//6148 3867//6148 3860//6148
f 3860//6149 3867//6149 3868//6149
f 3860//6150 3868//6150 3861//6150
f 3861//6151 3868//6151 3869//6151
f 3861//6152 3869//6152 3862//6152
f 3862//6153 3869//6153 3870//6153
f 3862//6154 3870//6154 3863//6154
f 3863//6155 3870//6155 3871//6155
f 3863//6156 3871//6156 3864//6156
f 3864//6157 3871//6157 3872//6157
f 3864//6158 3872//6158 3865//6158
f 3865//6159 3872//6159 3866//6159
f 3865//6160 3866//6160 3859//6160
f 3873//6161 3874//6161 3875//6161
f 3873//6162 3875//6162 3876//6162
f 3873//6163 3876//6163 3877//6163
f 3873//6164 3877//6164 3878//6164
f 3873//6165 3878//6165 3879//6165
f 3873//6166 3879//6166 3880//6166
f 3873//6167 3880//6167 3874//6167
f 3874//6168 3881//6168 3882//6168
f 3874//6169 3882//6169 3875//6169
f 3875//6170 3882//6170 3883//6170
f 3875//6171 3883//6171 3876//6171
f 3876//6172 3883//6172 3884//6172
f 3876//6173 3884//6173 3877//6173
f 3877//6174 3884//6174 3885//6174
f 3877//6175 3885//6175 3878//6175
f 3878//6176 3885//6176 3886//6176
f 3878//6177 3886//6177 3879//6177
f 3879//6178 3886//6178 3887//6178
f 3879//6179 3887//6179 3880//6179
f 3880//6180 3887//6180 3881//6180
f 3880//6181 3881//6181 3874//6181
f 3881//6182 3888//6182 3889//6182
f 3881//6183 3889//6183 3882//6183
f 3882//6184 3889//6184 3890//6184
f 3882//6185 3890//6185 3883//6185
f 3883//6186 3890//6186 3891//6186
f 3883//6187 3891//6187 3884//6187
f 3884//6188 3891//6188 3892//6188
f 3884//6189 3892//6189 3885//6189
f 3885//6190 3892//6190 3893//6190
f 3885//6191 3893//6191 3886//6191
f 3886//6192 3893//6192 3894//6192
f 3886//6193 3894//6193 3887//6193
f 3887//6194 3894//6194 3888//6194
f 3887//6195 3888//6195 3881//6195
f 3895//6196 3896//6196 3897//6196
f 3895//6197 3897//6197 3898//6197
f 3895//6198 3898//6198 3899//6198
f 3895//6199 3899//6199 3900//6199
f 3895//6200 3900//6200 3901//6200
f 3895//6201 3901//6201 3902//6201
f 3895//6202 3902//6202 3896//6202
f 3896//6203 3903//6203 3904//6203
f 3896//6204 3904//6204 3897//6204
f 3897//6205 3904//6205 3905//6205
f 3897//6206 3905//6206 3898//6206
f 3898//6207 3905//6207 3906//6207
f 3898//6208 3906//6208 3899//6208
f 3899//6209 3906//6209 3907//6209
f 3899//6210 3907//6210 3900//6210
f 3900//6211 3907//6211 3908//6211
f 3900//6212 3908//6212 3901//6212
f 3901//6213 3908//6213 3909//6213
f 3901//6214 3909//6214 3902//6214
f 3902//6215 3909//6215 3903//6215
f 3902//6216 3903//6216 3896//6216
f 3903//6217 3910//6217 3911//6217
f 3903//6218 3911//6218 3904//6218
f 3904//6219 3911//6219 3912//6219
f 3904//6220 3912//6220 3905//6220
f 3905//6221 3912//6221 3913//6221
f 3905//6222 3913//6222 3906//6222
f 3906//6223 3913//6223 3914//6223
f 3906//6224 3914//6224 3907//6224
f 3907//6225 3914//6225 3915//6225
f 3907//6226 3915//6226 3908//6226
f 3908//6227 3915//6227 3916//6227
f 3908//6228 3916//6228 3909//6228
f 3909//6229 3916//6229 3910//6229
f 3909//6230 3910//6230 3903//6230
f 3917//6231 3918//6231 3919//6231
f 3917//6232 3919//6232 3920//6232
f 3917//6233 3920//6233 3921//6233
f 3917//6234 3921//6234 3922//6234
f 3917//6235 3922//6235 3923//6235
f 3917//6236 3923//6236 3924//6236
f 3917//6237 3924//6237 3918//6237
f 3918//6238 3925//6238 3926//6238
f 3918//6239 3926//6239 3919//6239
f 3919//6240 3926//6240 3927//6240
f 3919//6241 3927//6241 3920//6241
f 3920//6242 3927//6242 3928//6242
f 3920//6243 3928//6243 3921//6243
f 3921//6244 3928//6244 3929//6244
f 3921//6245 3929//6245 3922//6245
f 3922//6246 3929//6246 3930//6246
f 3922//6247 3930//6247 3923//6247
f 3923//6248 3930//6248 3931//6248
f 3923//6249 3931//6249 3924//6249
f 3924//6250 3931//6250 3925//6250
f 3924//6251 3925//6251 3918//6251
f 3925//6252 3932//6252 3933//6252
f 3925//6253 3933//6253 3926//6253
f 3926//6254 3933//6254 3934//6254
f 3926//6255 3934//6255 3927//6255
f 3927//6256 3934//6256 3935//6256
f 3927//6257 3935//6257 3928//6257
f 3928//6258 3935//6258 3936//6258
f 3928//6259 3936//6259 3929//6259
f 3929//6260 3936//6260 3937//6260
f 3929//6261 3937//6261 3930//6261
f 3930//6262 3937//6262 3938//6262
f 3930//6263 3938//6263 3931//6263
f 3931//6264 3938//6264 3932//6264
f 3931//6265 3932//6265 3925//6265
f 3939//6266 3940//6266 3941//6266
f 3939//6267 3941//6267 3942//6267
f 3939//6268 3942//6268 3943//6268
f 3939//6269 3943//6269 3944//6269
f 3939//6270 3944//6270 3945//6270
f 3939//6271 3945//6271 3946//6271
f 3939//6272 3946//6272 3940//6272
f 3940//6273 3947//6273 3948//6273
f 3940//6274 3948//6274 3941//6274
f 3941//6275 3948//6275 3949//6275
f 3941//6276 3949//6276 3942//6276
f 3942//6277 3949//6277 3950//6277
f 3942//6278 3950//6278 3943//6278
f 3943//6279 3950//6279 3951//6279
f 3943//6280 3951//6280 3944//6280
f 3944//6281 3951//6281 3952//6281
f 3944//6282 3952//6282 3945//6282
f 3945//6283 3952//6283 3953//6283
f 3945//6284 3953//6284 3946//6284
f 3946//6285 3953//6285 3947//6285
f 3946//6286 3947//6286 3940//6286
f 3947//6287 3954//6287 3955//6287
f 3947//6288 3955//6288 3948//6288
f 3948//6289 3955//6289 3956//6289
f 3948//6290 3956//6290 3949//6290
f 3949//6291 3956//6291 3957//6291
f 3949//6292 3957//6292 3950//6292
f 3950//6293 3957//6293 3958//6293
f 3950//6294 3958//6294 3951//6294
f 3951//6295 3958//6295 3959//6295
f 3951//6296 3959//6296 3952//6296
f 3952//6297 3959//6297 3960//6297
f 3952//6298 3960//6298 3953//6298
f 3953//6299 3960//6299 3954//6299
f 3953//6300 3954//6300 3947//6300
f 3961//6301 3962//6301 3963//6301
f 3961//6302 3963//6302 3964//6302
f 3961//6303 3964//6303 3965//6303
f 3961//6304 3965//6304 3966//6304
f 3961//6305 3966//6305 3967//6305
f 3961//6306 3967//6306 3968//6306
f 3961//6307 3968//6307 3962//6307
f 3962//6308 3969//6308 3970//6308
f 3962//6309 3970//6309 3963//6309
f 3963//6310 3970//6310 3971//6310
f 3963//6311 3971//6311 3964//6311
f 3964//6312 3971//6312 3972//6312
f 3964//6313 3972//6313 3965//6313
f 3965//6314 3972//6314 3973//6314
f 3965//6315 3973//6315 3966//6315
f 3966//6316 3973//6316 3974//6316
f 3966//6317 3974//6317 3967//6317
f 3967//6318 3974//6318 3975//6318
f 3967//6319 3975//6319 3968//6319
f 3968//6320 3975//6320 3969//6320
f 3968//6321 3969//6321 3962//6321
f 3969//6322 3976//6322 3977//6322
f 3969//6323 3977//6323 3970//6323
f 3970//6324 3977//6324 3978//6324
f 3970//6325 3978//6325 3971//6325
f 3971//6326 3978//6326 3979//6326
f 3971//6327 3979//6327 3972//6327
f 3972//6328 3979//6328 3980//6328
f 3972//6329 3980//6329 3973//6329
f 3973//6330 3980//6330 3981//6330
f 3973//6331 3981//6331 3974//6331
f 3974//6332 3981//6332 3982//6332
f 3974//6333 3982//6333 3975//6333
f 3975//6334 3982//6334 3976//6334
f 3975//6335 3976//6335 3969//6335
f 3983//6336 3984//6336 3985//6336
f 3983//6337 3985//6337 3986//6337
f 3983//6338 3986//6338 3987//6338
f 3983//6339 3987//6339 3988//6339
f 3983//6340 3988//6340 3989//6340
f 3983//6341 3989//6341 3990//6341
f 3983//6342 3990//6342 3984//6342
f 3984//6343 3991//6343 3992//6343
f 3984//6344 3992//6344 3985//6344
f 3985//6345 3992//6345 3993//6345
f 3985//6346 3993//6346 3986//6346
f 3986//6347 3993//6347 3994//6347
f 3986//6348 3994//6348 3987//6348
f 3987//6349 3994//6349 3995//6349
f 3987//6350 3995//6350 3988//6350
f 3988//6351 3995//6351 3996//6351
f 3988//6352 3996//6352 3989//6352
f 3989//6353 3996//6353 3997//6353
f 3989//6354 3997//6354 3990//6354
f 3990//6355 3997//6355 3991//6355
f 3990//6356 3991//6356 3984//6356
f 3991//6357 3998//6357 3999//6357
f 3991//6358 3999//6358 3992//6358
f 3992//6359 3999//6359 4000//6359
f 3992//6360 4000//6360 3993//6360
f 3993//6361 4000//6361 4001//6361
f 3993//6362 4001//6362 3994//6362
f 3994//6363 4001//6363 4002//6363
f 3994//6364 4002//6364 3995//6364
f 3995//6365 4002//6365 4003//6365
f 3995//6366 4003//6366 3996//6366
f 3996//6367 4003//6367 4004//6367
f 3996//6368 4004//6368 3997//6368
f 3997//6369 4004//6369 3998//6369
f 3997//6370 3998//6370 3991//6370
f 4005//6371 4006//6371 4007//6371
f 4005//6372 4007//6372 4008//6372
f 4005//6373 4008//6373 4009//6373
f 4005//6374 4009//6374 4010//6374
f 4005//6375 4010//6375 4011//6375
f 4005//6376 4011//6376 4012//6376
f 4005//6377 4012//6377 4006//6377
f 4006//6378 4013//6378 4014//6378
f 4006//6379 4014//6379 4007//6379
f 4007//6380 4014//6380 4015//6380
f 4007//6381 4015//6381 4008//6381
f 4008//6382 4015//6382 4016//6382
f 4008//6383 4016//6383 4009//6383
f 4009//6384 4016//6384 4017//6384
f 4009//6385 4017//6385 4010//6385
f 4010//6386 4017//6386 4018//6386
f 4010//6387 4018//6387 4011//6387
f 4011//6388 4018//6388 4019//6388
f 4011//6389 4019//6389 4012//6389
f 4012//6390 4019//6390 4013//6390
f 4012//6391 4013//6391 4006//6391
f 4013//6392 4020//6392 4021//6392
f 4013//6393 4021//6393 4014//6393
f 4014//6394 4021//6394 4022//6394
f 4014//6395 4022//6395 4015//6395
f 4015//6396 4022//6396 4023//6396
f 4015//6397 4023//6397 4016//6397
f 4016//6398 4023//6398 4024//6398
f 4016//6399 4024//6399 4017//6399
f 4017//6400 4024//6400 4025//6400
f 4017//6401 4025//6401 4018//6401
f 4018//6402 4025//6402 4026//6402
f 4018//6403 4026//6403 4019//6403
f 4019//6404 4026//6404 4020//6404
f 4019//6405 4020//6405 4013//6405
f 4027//6406 4028//6406 4029//6406
f 4027//6407 4029//6407 4030//6407
f 4027//6408 4030//6408 4031//6408
f 4027//6409 4031//6409 4032//6409
f 4027//6410 4032//6410 4033//6410
f 4027//6411 4033//6411 4034//6411
f 4027//6412 4034//6412 4028//6412
f 4028//6413 4035//6413 4036//6413
f 4028//6414 4036//6414 4029//6414
f 4029//6415 4036//6415 4037//6415
f 4029//6416 4037//6416 4030//6416
f 4030//6417 4037//6417 4038//6417
f 4030//6418 4038//6418 4031//6418
f 4031//6419 4038//6419 4039//6419
f 4031//6420 4039//6420 4032//6420
f 4032//6421 4039//6421 4040//6421
f 4032//6422 4040//6422 4033//6422
f 4033//6423 4040//6423 4041//6423
f 4033//6424 4041//6424 4034//6424
f 4034//6425 4041//6425 4035//6425
f 4034//6426 4035//6426 4028//6426
f 4035//6427 4042//6427 4043//6427
f 4035//6428 4043//6428 4036//6428
f 4036//6429 4043//6429 4044//6429
f 4036//6430 4044//6430 4037//6430
f 4037//6431 4044//6431 4045//6431
f 4037//6432 4045//6432 4038//6432
f 4038//6433 4045//6433 4046//6433
f 4038//6434 4046//6434 4039//6434
f 4039//6435 4046//6435 4047//6435
f 4039//6436 4047//6436 4040//6436
f 4040//6437 4047//6437 4048//6437
f 4040//6438 4048//6438 4041//6438
f 4041//6439 4048//6439 4042//6439
f 4041//6440 4042//6440 4035//6440
f 4049//6441 4050//6441 4051//6441
f 4049//6442 4051//6442 4052//6442
f 4049//6443 4052//6443 4053//6443
f 4049//6444 4053//6444 4054//6444
f 4049//6445 4054//6445 4055//6445
f 4049//6446 4055//6446 4056//6446
f 4049//6447 4056//6447 4050//6447
f 4050//6448 4057//6448 4058//6448
f 4050//6449 4058//6449 4051//6449
f 4051//6450 4058//6450 4059//6450
f 4051//6451 4059//6451 4052//6451
f 4052//6452 4059//6452 4060//6452
f 4052//6453 4060//6453 4053//6453
f 4053//6454 4060//6454 4061//6454
f 4053//6455 4061//6455 4054//6455
f 4054//6456 4061//6456 4062//6456
f 4054//6457 4062//6457 4055//6457
f 4055//6458 4062//6458 4063//6458
f 4055//6459 4063//6459 4056//6459
f 4056//6460 4063//6460 4057//6460
f 4056//6461 4057//6461 4050//6461
f 4057//6462 4064//6462 4065//6462
f 4057//6463 4065//6463 4058//6463
f 4058//6464 4065//6464 4066//6464
f 4058//6465 4066//6465 4059//6465
f 4059//6466 4066//6466 4067//6466
f 4059//6467 4067//6467 4060//6467
f 4060//6468 4067//6468 4068//6468
f 4060//6469 4068//6469 4061//6469
f 4061//6470 4068//6470 4069//6470
f 4061//6471 4069//6471 4062//6471
f 4062//6472 4069//6472 4070//6472
f 4062//6473 4070//6473 4063//6473
f 4063//6474 4070//6474 4064//6474
f 4063//6475 4064//6475 4057//6475
f 4071//6476 4072//6476 4073//6476
f 4071//6477 4073//6477 4074//6477
f 4071//6478 4074//6478 4075//6478
f 4071//6479 4075//6479 4076//6479
f 4071//6480 4076//6480 4077//6480
f 4071//6481 4077//6481 4078//6481
f 4071//6482 4078//6482 4072//6482
f 4072//6483 4079//6483 4080//6483
f 4072//6484 4080//6484 4073//6484
f 4073//6485 4080//6485 4081//6485
f 4073//6486 4081//6486 4074//6486
f 4074//6487 4081//6487 4082//6487
f 4074//6488 4082//6488 4075//6488
f 4075//6489 4082//6489 4083//6489
f 4075//6490 4083//6490 4076//6490
f 4076//6491 4083//6491 4084//6491
f 4076//6492 4084//6492 4077//6492
f 4077//6493 4084//6493 4085//6493
f 4077//6494 4085//6494 4078//6494
f 4078//6495 4085//6495 4079//6495
f 4078//6496 4079//6496 4072//6496
f 4079//6497 4086//6497 4087//6497
f 4079//6498 4087//6498 4080//6498
f 4080//6499 4087//6499 4088//6499
f 4080//6500 4088//6500 4081//6500
f 4081//6501 4088//6501 4089//6501
f 4081//6502 4089//6502 4082//6502
f 4082//6503 4089//6503 4090//6503
f 4082//6504 4090//6504 4083//6504
f 4083//6505 4090//6505 4091//6505
f 4083//6506 4091//6506 4084//6506
f 4084//6507 4091//6507 4092//6507
f 4084//6508 4092//6508 4085//6508
f 4085//6509 4092//6509 4086//6509
f 4085//6510 4086//6510 4079//6510
f 4093//6511 4094//6511 4095//6511
f 4093//6512 4095//6512 4096//6512
f 4093//6513 4096//6513 4097//6513
f 4093//6514 4097//6514 4098//6514
f 4093//6515 4098//6515 4099//6515
f 4093//6516 4099//6516 4100//6516
f 4093//6517 4100//6517 4094//6517
f 4094//6518 4101//6518 4102//6518
f 4094//6519 4102//6519 4095//6519
f 4095//6520 4102//6520 4103//6520
f 4095//6521 4103//6521 4096//6521
f 4096//6522 4103//6522 4104//6522
f 4096//6523 4104//6523 4097//6523
f 4097//6524 4104//6524 4105//6524
f 4097//6525 4105//6525 4098//6525
f 4098//6526 4105//6526 4106//6526
f 4098//6527 4106//6527 4099//6527
f 4099//6528 4106//6528 4107//6528
f 4099//6529 4107//6529 4100//6529
f 4100//6530 4107//6530 4101//6530
f 4100//6531 4101//6531 4094//6531
f 4101//6532 4108//6532 4109//6532
f 4101//6533 4109//6533 4102//6533
f 4102//6534 4109//6534 4110//6534
f 4102//6535 4110//6535 4103//6535
f 4103//6536 4110//6536 4111//6536
f 4103//6537 4111//6537 4104//6537
f 4104//6538 4111//6538 4112//6538
f 4104//6539 4112//6539 4105//6539
f 4105//6540 4112//6540 4113//6540
f 4105//6541 4113//6541 4106//6541
f 4106//6542 4113//6542 4114//6542
f 4106//6543 4114//6543 4107//6543
f 4107//6544 4114//6544 4108//6544
f 4107//6545 4108//6545 4101//6545
f 4115//6546 4116//6546 4117//6546
f 4115//6547 4117//6547 4118//6547
f 4115//6548 4118//6548 4119//6548
f 4115//6549 4119//6549 4120//6549
f 4115//6550 4120//6550 4121//6550
f 4115//6551 4121//6551 4122//6551
f 4115//6552 4122//6552 4116//6552
f 4116//6553 4123//6553 4124//6553
f 4116//6554 4124//6554 4117//6554
f 4117//6555 4124//6555 4125//6555
f 4117//6556 4125//6556 4118//6556
f 4118//6557 4125//6557 4126//6557
f 4118//6558 4126//6558 4119//6558
f 4119//6559 4126//6559 4127//6559
f 4119//6560 4127//6560 4120//6560
f 4120//6561 4127//6561 4128//6561
f 4120//6562 4128//6562 4121//6562
f 4121//6563 4128//6563 4129//6563
f 4121//6564 4129//6564 4122//6564
f 4122//6565 4129//6565 4123//6565
f 4122//6566 4123//6566 4116//6566
f 4123//6567 4130//6567 4131//6567
f 4123//6568 4131//6568 4124//6568
f 4124//6569 4131//6569 4132//6569
f 4124//6570 4132//6570 4125//6570
f 4125//6571 4132//6571 4133//6571
f 4125//6572 4133//6572 4126//6572
f 4126//6573 4133//6573 4134//6573
f 4126//6574 4134//6574 4127//6574
f 4127//6575 4134//6575 4135//6575
f 4127//6576 4135//6576 4128//6576
f 4128//6577 4135//6577 4136//6577
f 4128//6578 4136//6578 4129//6578
f 4129//6579 4136//6579 4130//6579
f 4129//6580 4130//6580 4123//6580
f 4137//6581 4138//6581 4139//6581
f 4137//6582 4139//6582 4140//6582
f 4137//6583 4140//6583 4141//6583
f 4137//6584 4141//6584 4142//6584
f 4137//6585 4142//6585 4143//6585
f 4137//6586 4143//6586 4144//6586
f 4137//6587 4144//6587 4138//6587
f 4138//6588 4145//6588 4146//6588
f 4138//6589 4146//6589 4139//6589
f 4139//6590 4146//6590 4147//6590
f 4139//6591 4147//6591 4140//6591
f 4140//6592 4147//6592 4148//6592
f 4140//6593 4148//6593 4141//6593
f 4141//6594 4148//6594 4149//6594
f 4141//6595 4149//6595 4142//6595
f 4142//6596 4149//6596 4150//6596
f 4142//6597 4150//6597 4143//6597
f 4143//6598 4150//6598 4151//6598
f 4143//6599 4151//6599 4144//6599
f 4144//6600 4151//6600 4145//6600
f 4144//6601 4145//6601 4138//6601
f 4145//6602 4152//6602 4153//6602
f 4145//6603 4153//6603 4146//6603
f 4146//6604 4153//6604 4154//6604
f 4146//6605 4154//6605 4147//6605
f 4147//6606 4154//6606 4155//6606
f 4147//6607 4155//6607 4148//6607
f 4148//6608 4155//6608 4156//6608
f 4148//6609 4156//6609 4149//6609
f 4149//6610 4156//6610 4157//6610
f 4149//6611 4157//6611 4150//6611
f 4150//6612 4157//6612 4158//6612
f 4150//6613 4158//6613 4151//6613
f 4151//6614 4158//6614 4152//6614
f 4151//6615 4152//6615 4145//6615
f 4159//6616 4160//6616 4161//6616
f 4159//6617 4161//6617 4162//6617
f 4159//6618 4162//6618 4163//6618
f 4159//6619 4163//6619 4164//6619
f 4159//6620 4164//6620 4165//6620
f 4159//6621 4165//6621 4166//6621
f 4159//6622 4166//6622 4160//6622
f 4160//6623 4167//6623 4168//6623
f 4160//6624 4168//6624 4161//6624
f 4161//6625 4168//6625 4169//6625
f 4161//6626 4169//6626 4162//6626
f 4162//6627 4169//6627 4170//6627
f 4162//6628 4170//6628 4163//6628
f 4163//6629 4170//6629 4171//6629
f 4163//6630 4171//6630 4164//6630
f 4164//6631 4171//6631 4172//6631
f 4164//6632 4172//6632 4165//6632
f 4165//6633 4172//6633 4173//6633
f 4165//6634 4173//6634 4166//6634
f 4166//6635 4173//6635 4167//6635
f 4166//6636 4167//6636 4160//6636
f 4167//6637 4174//6637 4175//6637
f 4167//6638 4175//6638 4168//6638
f 4168//6639 4175//6639 4176//6639
f 4168//6640 4176//6640 4169//6640
f 4169//6641 4176//6641 4177//6641
f 4169//6642 4177//6642 4170//6642
f 4170//6643 4177//6643 4178//6643
f 4170//6644 4178//6644 4171//6644
f 4171//6645 4178//6645 4179//6645
f 4171//6646 4179//6646 4172//6646
f 4172//6647 4179//6647 4180//6647
f 4172//6648 4180//6648 4173//6648
f 4173//6649 4180//6649 4174//6649
f 4173//6650 4174//6650 4167//6650
f 4181//6651 4182//6651 4183//6651
f 4181//6652 4183//6652 4184//6652
f 4181//6653 4184//6653 4185//6653
f 4181//6654 4185//6654 4186//6654
f 4181//6655 4186//6655 4187//6655
f 4181//6656 4187//6656 4188//6656
f 4181//6657 4188//6657 4182//6657
f 4182//6658 4189//6658 4190//6658
f 4182//6659 4190//6659 4183//6659
f 4183//6660 4190//6660 4191//6660
f 4183//6661 4191//6661 4184//6661
f 4184//6662 4191//6662 4192//6662
f 4184//6663 4192//6663 4185//6663
f 4185//6664 4192//6664 4193//6664
f 4185//6665 4193//6665 4186//6665
f 4186//6666 4193//6666 4194//6666
f 4186//6667 4194//6667 4187//6667
f 4187//6668 4194//6668 4195//6668
f 4187//6669 4195//6669 4188//6669
f 4188//6670 4195//6670 4189//6670
f 4188//6671 4189//6671 4182//6671
f 4189//6672 4196//6672 4197//6672
f 4189//6673 4197//6673 4190//6673
f 4190//6674 4197//6674 4198//6674
f 4190//6675 4198//6675 4191//6675
f 4191//6676 4198//6676 4199//6676
f 4191//6677 4199//6677 4192//6677
f 4192//6678 4199//6678 4200//6678
f 4192//6679 4200//6679 4193//6679
f 4193//6680 4200//6680 4201//6680
f 4193//6681 4201//6681 4194//6681
f 4194//6682 4201//6682 4202//6682
f 4194//6683 4202//6683 4195//6683
f 4195//6684 4202//6684 4196//6684
f 4195//6685 4196//6685 4189//6685
f 4203//6686 4204//6686 4205//6686
f 4203//6687 4205//6687 4206//6687
f 4203//6688 4206//6688 4207//6688
f 4203//6689 4207//6689 4208//6689
f 4203//6690 4208//6690 4209//6690
f 4203//6691 4209//6691 4210//6691
f 4203//6692 4210//6692 4204//6692
f 4204//6693 4211//6693 4212//6693
f 4204//6694 4212//6694 4205//6694
f 4205//6695 4212//6695 4213//6695
f 4205//6696 4213//6696 4206//6696
f 4206//6697 4213//6697 4214//6697
f 4206//6698 4214//6698 4207//6698
f 4207//6699 4214//6699 4215//6699
f 4207//6700 4215//6700 4208//6700
f 4208//6701 4215//6701 4216//6701
f 4208//6702 4216//6702 4209//6702
f 4209//6703 4216//6703 4217//6703
f 4209//6704 4217//6704 4210//6704
f 4210//6705 4217//6705 4211//6705
f 4210//6706 4211//6706 4204//6706
f 4211//6707 4218//6707 4219//6707
f 4211//6708 4219//6708 4212//6708
f 4212//6709 4219//6709 4220//6709
f 4212//6710 4220//6710 4213//6710
f 4213//6711 4220//6711 4221//6711
f 4213//6712 4221//6712 4214//6712
f 4214//6713 4221//6713 4222//6713
f 4214//6714 4222//6714 4215//6714
f 4215//6715 4222//6715 4223//6715
f 4215//6716 4223//6716 4216//6716
f 4216//6717 4223//6717 4224//6717
f 4216//6718 4224//6718 4217//6718
f 4217//6719 4224//6719 4218//6719
f 4217//6720 4218//6720 4211//6720
f 4225//6721 4226//6721 4227//6721
f 4225//6722 4227//6722 4228//6722
f 4225//6723 4228//6723 4229//6723
f 4225//6724 4229//6724 4230//6724
f 4225//6725 4230//6725 4231//6725
f 4225//6726 4231//6726 4232//6726
f 4225//6727 4232//6727 4226//6727
f 4226//6728 4233//6728 4234//6728
f 4226//6729 4234//6729 4227//6729
f 4227//6730 4234//6730 4235//6730
f 4227//6731 4235//6731 4228//6731
f 4228//6732 4235//6732 4236//6732
f 4228//6733 4236//6733 4229//6733
f 4229//6734 4236//6734 4237//6734
f 4229//6735 4237//6735 4230//6735
f 4230//6736 4237//6736 4238//6736
f 4230//6737 4238//6737 4231//6737
f 4231//6738 4238//6738 4239//6738
f 4231//6739 4239//6739 4232//6739
f 4232//6740 4239//6740 4233//6740
f 4232//6741 4233//6741 4226//6741
f 4233//6742 4240//6742 4241//6742
f 4233//6743 4241//6743 4234//6743
f 4234//6744 4241//6744 4242//6744
f 4234//6745 4242//6745 4235//6745
f 4235//6746 4242//6746 4243//6746
f 4235//6747 4243//6747 4236//6747
f 4236//6748 4243//6748 4244//6748
f 4236//6749 4244//6749 4237//6749
f 4237//6750 4244//6750 4245//6750
f 4237//6751 4245//6751 4238//6751
f 4238//6752 4245//6752 4246//6752
f 4238//6753 4246//6753 4239//6753
f 4239//6754 4246//6754 4240//6754
f 4239//6755 4240//6755 4233//6755
f 4247//6756 4248//6756 4249//6756
f 4247//6757 4249//6757 4250//6757
f 4247//6758 4250//6758 4251//6758
f 4247//6759 4251//6759 4252//6759
f 4247//6760 4252//6760 4253//6760
f 4247//6761 4253//6761 4254//6761
f 4247//6762 4254//6762 4248//6762
f 4248//6763 4255//6763 4256//6763
f 4248//6764 4256//6764 4249//6764
f 4249//6765 4256//6765 4257//6765
f 4249//6766 4257//6766 4250//6766
f 4250//6767 4257//6767 4258//6767
f 4250//6768 4258//6768 4251//6768
f 4251//6769 4258//6769 4259//6769
f 4251//6770 4259//6770 4252//6770
f 4252//6771 4259//6771 4260//6771
f 4252//6772 4260//6772 4253//6772
f 4253//6773 4260//6773 4261//6773
f 4253//6774 4261//6774 4254//6774
f 4254//6775 4261//6775 4255//6775
f 4254//6776 4255//6776 4248//6776
f 4255//6777 4262//6777 4263//6777
f 4255//6778 4263//6778 4256//6778
f 4256//6779 4263//6779 4264//6779
f 4256//6780 4264//6780 4257//6780
f 4257//6781 4264//6781 4265//6781
f 4257//6782 4265//6782 4258//6782
f 4258//6783 4265//6783 4266//6783
f 4258//6784 4266//6784 4259//6784
f 4259//6785 4266//6785 4267//6785
f 4259//6786 4267//6786 4260//6786
f 4260//6787 4267//6787 4268//6787
f 4260//6788 4268//6788 4261//6788
f 4261//6789 4268//6789 4262//6789
f 4261//6790 4262//6790 4255//6790
f 4269//6791 4270//6791 4271//6791
f 4269//6792 4271//6792 4272//6792
f 4269//6793 4272//6793 4273//6793
f 4269//6794 4273//6794 4274//6794
f 4269//6795 4274//6795 4275//6795
f 4269//6796 4275//6796 4276//6796
f 4269//6797 4276//6797 4270//6797
f 4270//6798 4277//6798 4278//6798
f 4270//6799 4278//6799 4271//6799
f 4271//6800 4278//6800 4279//6800
f 4271//6801 4279//6801 4272//6801
f 4272//6802 4279//6802 4280//6802
f 4272//6803 4280//6803 4273//6803
f 4273//6804 4280//6804 4281//6804
f 4273//6805 4281//6805 4274//6805
f 4274//6806 4281//6806 4282//6806
f 4274//6807 4282//6807 4275//6807
f 4275//6808 4282//6808 4283//6808
f 4275//6809 4283//6809 4276//6809
f 4276//6810 4283//6810 4277//6810
f 4276//6811 4277//6811 4270//6811
f 4277//6812 4284//6812 4285//6812
f 4277//6813 4285//6813 4278//6813
f 4278//6814 4285//6814 4286//6814
f 4278//6815 4286//6815 4279//6815
f 4279//6816 4286//6816 4287//6816
f 4279//6817 4287//6817 4280//6817
f 4280//6818 4287//6818 4288//6818
f 4280//6819 4288//6819 4281//6819
f 4281//6820 4288//6820 4289//6820
f 4281//6821 4289//6821 4282//6821
f 4282//6822 4289//6822 4290//6822
f 4282//6823 4290//6823 4283//6823
f 4283//6824 4290//6824 4284//6824
f 4283//6825 4284//6825 4277//6825
f 4291//6826 4292//6826 4293//6826
f 4291//6827 4293//6827 4294//6827
f 4291//6828 4294//6828 4295//6828
f 4291//6829 4295//6829 4296//6829
f 4291//6830 4296//6830 4297//6830
f 4291//6831 4297//6831 4298//6831
f 4291//6832 4298//6832 4292//6832
f 4292//6833 4299//6833 4300//6833
f 4292//6834 4300//6834 4293//6834
f 4293//6835 4300//6835 4301//6835
f 4293//6836 4301//6836 4294//6836
f 4294//6837 4301//6837 4302//6837
f 4294//6838 4302//6838 4295//6838
f 4295//6839 4302//6839 4303//6839
f 4295//6840 4303//6840 4296//6840
f 4296//6841 4303//6841 4304//6841
f 4296//6842 4304//6842 4297//6842
f 4297//6843 4304//6843 4305//6843
f 4297//6844 4305//6844 4298//6844
f 4298//6845 4305//6845 4299//6845
f 4298//6846 4299//6846 4292//6846
f 4299//6847 4306//6847 4307//6847
f 4299//6848 4307//6848 4300//6848
f 4300//6849 4307//6849 4308//6849
f 4300//6850 4308//6850 4301//6850
f 4301//6851 4308//6851 4309//6851
f 4301//6852 4309//6852 4302//6852
f 4302//6853 4309//6853 4310//6853
f 4302//6854 4310//6854 4303//6854
f 4303//6855 4310//6855 4311//6855
f 4303//6856 4311//6856 4304//6856
f 4304//6857 4311//6857 4312//6857
f 4304//6858 4312//6858 4305//6858
f 4305//6859 4312//6859 4306//6859
f 4305//6860 4306//6860 4299//6860
