# 3D Rover Tyre Compressed Regolith Ruts
o lunar_route_crater_wall
v -10.0632 -4.1237 -0.0007 0.1931 0.1931 0.2107
v -10.1043 -4.0414 -0.0002 0.1931 0.1931 0.2106
v -10.0140 -4.0991 -0.0011 0.1929 0.1929 0.2104
v -10.0551 -4.0168 -0.0005 0.1930 0.1930 0.2105
v -9.9648 -4.0745 -0.0014 0.1924 0.1924 0.2099
v -10.0059 -3.9922 -0.0008 0.1925 0.1925 0.2100
v -9.9156 -4.0499 -0.0016 0.1919 0.1919 0.2093
v -9.9567 -3.9676 -0.0009 0.1920 0.1920 0.2095
v -9.8664 -4.0253 -0.0017 0.1914 0.1914 0.2088
v -9.9075 -3.9430 -0.0010 0.1915 0.1915 0.2089
v -9.8172 -4.0007 -0.0017 0.1908 0.1908 0.2082
v -9.8583 -3.9184 -0.0010 0.1910 0.1910 0.2083
v -9.7680 -3.9761 -0.0016 0.1903 0.1903 0.2076
v -9.8091 -3.8938 -0.0008 0.1905 0.1905 0.2078
v -9.7188 -3.9515 -0.0014 0.1898 0.1898 0.2070
v -9.7599 -3.8692 -0.0006 0.1899 0.1899 0.2072
v -9.6696 -3.9269 -0.0010 0.1891 0.1891 0.2063
v -9.7107 -3.8446 -0.0003 0.1893 0.1893 0.2065
v -9.6204 -3.9023 -0.0006 0.1883 0.1883 0.2055
v -9.6616 -3.8200 0.0002 0.1886 0.1886 0.2058
v -9.5712 -3.8777 0.0001 0.1875 0.1875 0.2045
v -9.6124 -3.7954 0.0009 0.1878 0.1878 0.2049
v -9.5220 -3.8531 0.0010 0.1866 0.1866 0.2035
v -9.5632 -3.7708 0.0017 0.1870 0.1870 0.2040
v -9.4728 -3.8285 0.0021 0.1856 0.1856 0.2025
v -9.5140 -3.7462 0.0027 0.1860 0.1860 0.2030
v -9.4236 -3.8039 0.0034 0.1847 0.1847 0.2015
v -9.4648 -3.7216 0.0039 0.1851 0.1851 0.2019
v -9.3744 -3.7793 0.0050 0.1838 0.1838 0.2006
v -9.4156 -3.6971 0.0054 0.1842 0.1842 0.2010
v -9.3253 -3.7547 0.0067 0.1831 0.1831 0.1997
v -9.3664 -3.6725 0.0070 0.1834 0.1834 0.2001
v -9.2761 -3.7301 0.0086 0.1824 0.1824 0.1990
v -9.3172 -3.6479 0.0088 0.1827 0.1827 0.1993
v -9.2269 -3.7056 0.0107 0.1818 0.1818 0.1983
v -9.2680 -3.6233 0.0108 0.1821 0.1821 0.1987
v -9.1777 -3.6810 0.0129 0.1814 0.1814 0.1979
v -9.2188 -3.5987 0.0129 0.1817 0.1817 0.1982
v -9.1285 -3.6564 0.0151 0.1813 0.1813 0.1977
v -9.1696 -3.5741 0.0151 0.1814 0.1814 0.1979
v -9.0793 -3.6318 0.0175 0.1813 0.1813 0.1977
v -9.1204 -3.5495 0.0174 0.1813 0.1813 0.1978
v -9.0301 -3.6072 0.0198 0.1815 0.1815 0.1980
v -9.0712 -3.5249 0.0196 0.1815 0.1815 0.1980
v -8.9809 -3.5826 0.0221 0.1819 0.1819 0.1984
v -9.0220 -3.5003 0.0219 0.1818 0.1818 0.1983
v -8.9317 -3.5580 0.0242 0.1824 0.1824 0.1990
v -8.9728 -3.4757 0.0240 0.1823 0.1823 0.1988
v -8.8825 -3.5334 0.0263 0.1831 0.1831 0.1997
v -8.9237 -3.4511 0.0260 0.1829 0.1829 0.1995
v -8.8333 -3.5088 0.0282 0.1838 0.1838 0.2005
v -8.8745 -3.4265 0.0279 0.1835 0.1835 0.2002
v -8.7841 -3.4842 0.0299 0.1845 0.1845 0.2012
v -8.8253 -3.4019 0.0297 0.1842 0.1842 0.2010
v -8.7349 -3.4596 0.0316 0.1851 0.1851 0.2019
v -8.7761 -3.3773 0.0313 0.1849 0.1849 0.2017
v -8.6857 -3.4350 0.0331 0.1856 0.1856 0.2025
v -8.7269 -3.3527 0.0328 0.1855 0.1855 0.2024
v -8.6365 -3.4104 0.0345 0.1861 0.1861 0.2030
v -8.6777 -3.3281 0.0342 0.1861 0.1861 0.2030
v -8.5873 -3.3858 0.0359 0.1867 0.1867 0.2037
v -8.6285 -3.3035 0.0354 0.1867 0.1867 0.2036
v -8.5382 -3.3612 0.0372 0.1874 0.1874 0.2044
v -8.5793 -3.2789 0.0366 0.1874 0.1874 0.2044
v -8.4890 -3.3366 0.0384 0.1882 0.1882 0.2053
v -8.5301 -3.2543 0.0376 0.1881 0.1881 0.2052
v -8.4398 -3.3120 0.0394 0.1889 0.1889 0.2061
v -8.4809 -3.2297 0.0385 0.1889 0.1889 0.2061
v -8.3906 -3.2874 0.0404 0.1897 0.1897 0.2069
v -8.4317 -3.2051 0.0392 0.1897 0.1897 0.2069
v -8.3414 -3.2628 0.0413 0.1903 0.1903 0.2076
v -8.3825 -3.1805 0.0399 0.1903 0.1903 0.2076
v -8.2922 -3.2382 0.0420 0.1909 0.1909 0.2082
v -8.3333 -3.1559 0.0405 0.1909 0.1909 0.2082
v -8.2430 -3.2136 0.0427 0.1911 0.1911 0.2084
v -8.2841 -3.1313 0.0410 0.1911 0.1911 0.2085
v -8.1938 -3.1890 0.0433 0.1912 0.1912 0.2086
v -8.2349 -3.1067 0.0416 0.1911 0.1911 0.2085
v -8.1446 -3.1644 0.0438 0.1914 0.1914 0.2088
v -8.1857 -3.0821 0.0423 0.1912 0.1912 0.2085
v -8.0954 -3.1398 0.0443 0.1914 0.1914 0.2088
v -8.1365 -3.0575 0.0429 0.1912 0.1912 0.2086
v -8.0461 -3.1152 0.0447 0.1911 0.1911 0.2085
v -8.0873 -3.0329 0.0435 0.1911 0.1911 0.2084
v -7.9966 -3.0904 0.0452 0.1910 0.1910 0.2083
v -8.0379 -3.0081 0.0441 0.1908 0.1908 0.2082
v -7.9472 -3.0655 0.0457 0.1910 0.1910 0.2084
v -7.9886 -2.9833 0.0447 0.1908 0.1908 0.2082
v -7.8978 -3.0407 0.0461 0.1912 0.1912 0.2086
v -7.9393 -2.9585 0.0452 0.1909 0.1909 0.2083
v -7.8485 -3.0158 0.0464 0.1914 0.1914 0.2089
v -7.8900 -2.9336 0.0457 0.1911 0.1911 0.2085
v -7.7992 -2.9908 0.0466 0.1919 0.1919 0.2093
v -7.8408 -2.9087 0.0461 0.1915 0.1915 0.2089
v -7.7500 -2.9659 0.0467 0.1924 0.1924 0.2099
v -7.7916 -2.8838 0.0463 0.1920 0.1920 0.2095
v -7.7008 -2.9409 0.0466 0.1930 0.1930 0.2106
v -7.7425 -2.8589 0.0464 0.1926 0.1926 0.2102
v -7.6516 -2.9159 0.0463 0.1937 0.1937 0.2113
v -7.6933 -2.8339 0.0462 0.1933 0.1933 0.2109
v -7.6025 -2.8909 0.0459 0.1942 0.1942 0.2119
v -7.6442 -2.8089 0.0459 0.1940 0.1940 0.2116
v -7.5534 -2.8659 0.0454 0.1947 0.1947 0.2124
v -7.5952 -2.7839 0.0455 0.1945 0.1945 0.2122
v -7.5043 -2.8409 0.0447 0.1954 0.1954 0.2131
v -7.5461 -2.7589 0.0449 0.1950 0.1950 0.2127
v -7.4553 -2.8159 0.0438 0.2022 0.2022 0.2206
v -7.4971 -2.7339 0.0441 0.2005 0.2005 0.2188
v -7.4062 -2.7909 0.0427 0.2144 0.2144 0.2339
v -7.4480 -2.7089 0.0400 0.2148 0.2148 0.2344
v -7.3572 -2.7659 0.0413 0.2156 0.2156 0.2352
v -7.3990 -2.6839 0.0312 0.2223 0.2223 0.2425
v -7.3082 -2.7408 0.0396 0.2113 0.2113 0.2305
v -7.3500 -2.6589 0.0265 0.2149 0.2149 0.2345
v -7.2592 -2.7158 0.0377 0.2027 0.2027 0.2212
v -7.3011 -2.6339 0.0262 0.2024 0.2024 0.2208
v -7.2103 -2.6909 0.0355 0.1953 0.1953 0.2130
v -7.2521 -2.6089 0.0299 0.1903 0.1903 0.2076
v -7.1613 -2.6659 0.0331 0.2017 0.2017 0.2201
v -7.2031 -2.5839 0.0346 0.1930 0.1930 0.2105
v -7.1124 -2.6409 0.0305 0.2021 0.2021 0.2205
v -7.1542 -2.5590 0.0322 0.2019 0.2019 0.2202
v -7.0635 -2.6160 0.0278 0.2023 0.2023 0.2206
v -7.1052 -2.5340 0.0296 0.2021 0.2021 0.2205
v -7.0145 -2.5911 0.0251 0.2021 0.2021 0.2204
v -7.0563 -2.5091 0.0270 0.2021 0.2021 0.2204
v -6.9656 -2.5662 0.0225 0.2016 0.2016 0.2199
v -7.0073 -2.4842 0.0245 0.2017 0.2017 0.2200
v -6.9167 -2.5413 0.0199 0.2007 0.2007 0.2190
v -6.9584 -2.4593 0.0220 0.2010 0.2010 0.2193
v -6.8678 -2.5165 0.0176 0.1998 0.1998 0.2179
v -6.9094 -2.4345 0.0197 0.2000 0.2000 0.2182
v -6.8189 -2.4917 0.0155 0.1986 0.1986 0.2166
v -6.8605 -2.4096 0.0176 0.1990 0.1990 0.2171
v -6.7700 -2.4669 0.0137 0.1971 0.1971 0.2150
v -6.8115 -2.3848 0.0158 0.1976 0.1976 0.2156
v -6.7211 -2.4422 0.0122 0.1955 0.1955 0.2133
v -6.7626 -2.3601 0.0142 0.1961 0.1961 0.2139
v -6.6722 -2.4175 0.0111 0.1939 0.1939 0.2115
v -6.7136 -2.3354 0.0131 0.1945 0.1945 0.2122
v -6.6233 -2.3929 0.0104 0.1924 0.1924 0.2099
v -6.6646 -2.3107 0.0122 0.1930 0.1930 0.2105
v -6.5744 -2.3683 0.0100 0.1911 0.1911 0.2085
v -6.6156 -2.2861 0.0118 0.1916 0.1916 0.2090
v -6.5254 -2.3438 0.0099 0.1901 0.1901 0.2074
v -6.5667 -2.2615 0.0116 0.1904 0.1904 0.2077
v -6.4765 -2.3193 0.0099 0.1893 0.1893 0.2066
v -6.5177 -2.2370 0.0116 0.1895 0.1895 0.2067
v -6.4276 -2.2948 0.0101 0.1887 0.1887 0.2059
v -6.4686 -2.2125 0.0119 0.1888 0.1888 0.2060
v -6.3786 -2.2705 0.0103 0.1881 0.1881 0.2052
v -6.4196 -2.1881 0.0122 0.1882 0.1882 0.2053
v -6.3297 -2.2461 0.0107 0.1873 0.1873 0.2044
v -6.3706 -2.1637 0.0127 0.1874 0.1874 0.2045
v -6.2807 -2.2219 0.0111 0.1866 0.1866 0.2035
v -6.3215 -2.1394 0.0133 0.1867 0.1867 0.2036
v -6.2318 -2.1977 0.0117 0.1858 0.1858 0.2026
v -6.2724 -2.1152 0.0140 0.1859 0.1859 0.2028
v -6.1828 -2.1736 0.0124 0.1850 0.1850 0.2018
v -6.2233 -2.0910 0.0149 0.1851 0.1851 0.2019
v -6.1338 -2.1496 0.0133 0.1842 0.1842 0.2010
v -6.1742 -2.0669 0.0159 0.1843 0.1843 0.2010
v -6.0848 -2.1256 0.0142 0.1836 0.1836 0.2002
v -6.1251 -2.0429 0.0170 0.1836 0.1836 0.2003
v -6.0357 -2.1018 0.0152 0.1829 0.1829 0.1996
v -6.0759 -2.0190 0.0182 0.1829 0.1829 0.1996
v -5.9867 -2.0780 0.0163 0.1824 0.1824 0.1990
v -6.0268 -1.9952 0.0195 0.1823 0.1823 0.1989
v -5.9376 -2.0543 0.0175 0.1819 0.1819 0.1984
v -5.9775 -1.9714 0.0208 0.1818 0.1818 0.1984
v -5.8885 -2.0307 0.0187 0.1814 0.1814 0.1979
v -5.9283 -1.9477 0.0222 0.1814 0.1814 0.1979
v -5.8394 -2.0072 0.0200 0.1810 0.1810 0.1975
v -5.8791 -1.9242 0.0236 0.1810 0.1810 0.1974
v -5.7903 -1.9838 0.0213 0.1807 0.1807 0.1971
v -5.8298 -1.9007 0.0251 0.1806 0.1806 0.1970
v -5.7412 -1.9605 0.0226 0.1798 0.1798 0.1962
v -5.7805 -1.8773 0.0266 0.1799 0.1799 0.1962
v -5.6920 -1.9373 0.0239 0.1792 0.1792 0.1955
v -5.7311 -1.8541 0.0283 0.1789 0.1789 0.1952
v -5.6424 -1.9141 0.0253 0.1787 0.1787 0.1949
v -5.6815 -1.8308 0.0301 0.1783 0.1783 0.1946
v -5.5926 -1.8907 0.0266 0.1784 0.1784 0.1946
v -5.6317 -1.8074 0.0318 0.1781 0.1781 0.1943
v -5.5429 -1.8674 0.0279 0.1778 0.1778 0.1939
v -5.5819 -1.7841 0.0335 0.1778 0.1778 0.1940
v -5.4931 -1.8441 0.0295 0.1775 0.1775 0.1936
v -5.5321 -1.7608 0.0351 0.1774 0.1774 0.1936
v -5.4433 -1.8207 0.0310 0.1775 0.1775 0.1936
v -5.4824 -1.7374 0.0366 0.1775 0.1775 0.1936
v -5.3936 -1.7974 0.0326 0.1775 0.1775 0.1937
v -5.4326 -1.7141 0.0382 0.1776 0.1776 0.1937
v -5.3438 -1.7742 0.0342 0.1777 0.1777 0.1938
v -5.3828 -1.6908 0.0397 0.1777 0.1777 0.1938
v -5.2941 -1.7509 0.0357 0.1780 0.1780 0.1942
v -5.3331 -1.6676 0.0412 0.1779 0.1779 0.1941
v -5.2444 -1.7277 0.0372 0.1786 0.1786 0.1948
v -5.2833 -1.6443 0.0426 0.1785 0.1785 0.1947
v -5.1947 -1.7045 0.0385 0.1795 0.1795 0.1958
v -5.2336 -1.6211 0.0439 0.1792 0.1792 0.1955
v -5.1450 -1.6813 0.0397 0.1805 0.1805 0.1970
v -5.1839 -1.5979 0.0450 0.1803 0.1803 0.1967
v -5.0953 -1.6582 0.0407 0.1818 0.1818 0.1983
v -5.1341 -1.5748 0.0458 0.1815 0.1815 0.1980
v -5.0456 -1.6351 0.0415 0.1832 0.1832 0.1999
v -5.0844 -1.5517 0.0464 0.1829 0.1829 0.1995
v -4.9960 -1.6121 0.0420 0.1847 0.1847 0.2014
v -5.0346 -1.5286 0.0467 0.1844 0.1844 0.2011
v -4.9463 -1.5891 0.0422 0.1861 0.1861 0.2030
v -4.9849 -1.5056 0.0468 0.1858 0.1858 0.2027
v -4.8966 -1.5662 0.0423 0.1874 0.1874 0.2044
v -4.9351 -1.4826 0.0466 0.1872 0.1872 0.2042
v -4.8469 -1.5433 0.0421 0.1885 0.1885 0.2057
v -4.8853 -1.4597 0.0462 0.1884 0.1884 0.2055
v -4.7972 -1.5205 0.0417 0.1895 0.1895 0.2067
v -4.8356 -1.4369 0.0456 0.1894 0.1894 0.2067
v -4.7475 -1.4978 0.0412 0.1902 0.1902 0.2075
v -4.7858 -1.4141 0.0449 0.1902 0.1902 0.2075
v -4.6978 -1.4751 0.0407 0.1906 0.1906 0.2079
v -4.7360 -1.3914 0.0441 0.1907 0.1907 0.2081
v -4.6481 -1.4525 0.0401 0.1908 0.1908 0.2082
v -4.6862 -1.3687 0.0433 0.1910 0.1910 0.2084
v -4.5984 -1.4299 0.0395 0.1908 0.1908 0.2081
v -4.6363 -1.3461 0.0426 0.1910 0.1910 0.2084
v -4.5487 -1.4075 0.0391 0.1906 0.1906 0.2079
v -4.5865 -1.3236 0.0419 0.1909 0.1909 0.2082
v -4.4989 -1.3851 0.0387 0.1903 0.1903 0.2076
v -4.5366 -1.3012 0.0413 0.1906 0.1906 0.2079
v -4.4492 -1.3628 0.0384 0.1899 0.1899 0.2072
v -4.4867 -1.2789 0.0409 0.1902 0.1902 0.2075
v -4.3994 -1.3407 0.0383 0.1897 0.1897 0.2069
v -4.4368 -1.2566 0.0406 0.1898 0.1898 0.2071
v -4.3497 -1.3186 0.0381 0.1899 0.1899 0.2071
v -4.3869 -1.2344 0.0404 0.1898 0.1898 0.2071
v -4.2999 -1.2966 0.0379 0.1901 0.1901 0.2074
v -4.3370 -1.2124 0.0402 0.1901 0.1901 0.2073
v -4.2501 -1.2747 0.0377 0.1905 0.1905 0.2078
v -4.2870 -1.1904 0.0399 0.1903 0.1903 0.2076
v -4.2003 -1.2530 0.0373 0.1909 0.1909 0.2083
v -4.2370 -1.1686 0.0396 0.1907 0.1907 0.2081
v -4.1505 -1.2313 0.0368 0.1915 0.1915 0.2089
v -4.1870 -1.1469 0.0392 0.1912 0.1912 0.2086
v -4.1006 -1.2098 0.0361 0.1921 0.1921 0.2096
v -4.1370 -1.1253 0.0386 0.1918 0.1918 0.2092
v -4.0507 -1.1884 0.0353 0.1927 0.1927 0.2102
v -4.0869 -1.1038 0.0379 0.1924 0.1924 0.2098
v -4.0009 -1.1672 0.0343 0.1932 0.1932 0.2107
v -4.0368 -1.0825 0.0370 0.1929 0.1929 0.2104
v -3.9510 -1.1461 0.0331 0.1936 0.1936 0.2112
v -3.9867 -1.0613 0.0360 0.1934 0.1934 0.2109
v -3.9010 -1.1251 0.0318 0.1940 0.1940 0.2116
v -3.9365 -1.0403 0.0348 0.1938 0.1938 0.2114
v -3.8511 -1.1044 0.0304 0.1943 0.1943 0.2120
v -3.8863 -1.0194 0.0335 0.1941 0.1941 0.2118
v -3.8011 -1.0838 0.0289 0.1945 0.1945 0.2122
v -3.8361 -0.9987 0.0321 0.1944 0.1944 0.2121
v -3.7512 -1.0633 0.0274 0.1947 0.1947 0.2124
v -3.7858 -0.9781 0.0306 0.1946 0.1946 0.2123
v -3.7012 -1.0431 0.0258 0.1947 0.1947 0.2124
v -3.7355 -0.9578 0.0290 0.1947 0.1947 0.2124
v -3.6512 -1.0231 0.0242 0.1947 0.1947 0.2124
v -3.6852 -0.9376 0.0274 0.1947 0.1947 0.2124
v -3.6011 -1.0032 0.0227 0.1946 0.1946 0.2122
v -3.6349 -0.9176 0.0258 0.1947 0.1947 0.2124
v -3.5511 -0.9836 0.0212 0.1944 0.1944 0.2120
v -3.5845 -0.8979 0.0242 0.1945 0.1945 0.2122
v -3.5010 -0.9643 0.0198 0.1941 0.1941 0.2117
v -3.5340 -0.8784 0.0227 0.1943 0.1943 0.2119
v -3.4510 -0.9452 0.0184 0.1937 0.1937 0.2114
v -3.4836 -0.8591 0.0213 0.1940 0.1940 0.2116
v -3.4009 -0.9263 0.0172 0.1934 0.1934 0.2109
v -3.4331 -0.8401 0.0200 0.1936 0.1936 0.2112
v -3.3508 -0.9077 0.0161 0.1930 0.1930 0.2105
v -3.3825 -0.8214 0.0187 0.1932 0.1932 0.2108
v -3.3006 -0.8895 0.0152 0.1926 0.1926 0.2101
v -3.3319 -0.8029 0.0177 0.1928 0.1928 0.2103
v -3.2502 -0.8714 0.0143 0.1922 0.1922 0.2097
v -3.2811 -0.7847 0.0167 0.1924 0.1924 0.2099
v -3.1997 -0.8535 0.0135 0.1920 0.1920 0.2095
v -3.2302 -0.7667 0.0158 0.1921 0.1921 0.2096
v -3.1491 -0.8359 0.0127 0.1918 0.1918 0.2093
v -3.1792 -0.7489 0.0150 0.1920 0.1920 0.2094
v -3.0984 -0.8185 0.0121 0.1916 0.1916 0.2090
v -3.1281 -0.7314 0.0143 0.1918 0.1918 0.2092
v -3.0477 -0.8013 0.0115 0.1911 0.1911 0.2085
v -3.0769 -0.7141 0.0136 0.1914 0.1914 0.2088
v -2.9968 -0.7844 0.0111 0.1907 0.1907 0.2080
v -3.0257 -0.6971 0.0130 0.1910 0.1910 0.2083
v -2.9459 -0.7677 0.0109 0.1902 0.1902 0.2075
v -2.9744 -0.6802 0.0126 0.1905 0.1905 0.2078
v -2.8949 -0.7513 0.0108 0.1898 0.1898 0.2070
v -2.9230 -0.6637 0.0124 0.1901 0.1901 0.2074
v -2.8439 -0.7351 0.0109 0.1895 0.1895 0.2067
v -2.8715 -0.6473 0.0122 0.1897 0.1897 0.2070
v -2.7927 -0.7191 0.0111 0.1891 0.1891 0.2063
v -2.8200 -0.6312 0.0123 0.1894 0.1894 0.2066
v -2.7415 -0.7034 0.0114 0.1887 0.1887 0.2059
v -2.7683 -0.6154 0.0125 0.1889 0.1889 0.2061
v -2.6903 -0.6879 0.0117 0.1886 0.1886 0.2057
v -2.7167 -0.5997 0.0129 0.1886 0.1886 0.2057
v -2.6389 -0.6726 0.0121 0.1885 0.1885 0.2057
v -2.6649 -0.5844 0.0133 0.1885 0.1885 0.2056
v -2.5875 -0.6576 0.0125 0.1886 0.1886 0.2058
v -2.6131 -0.5692 0.0136 0.1886 0.1886 0.2057
v -2.5360 -0.6428 0.0128 0.1889 0.1889 0.2060
v -2.5612 -0.5544 0.0140 0.1887 0.1887 0.2059
v -2.4845 -0.6283 0.0130 0.1891 0.1891 0.2063
v -2.5092 -0.5397 0.0142 0.1890 0.1890 0.2062
v -2.4328 -0.6140 0.0132 0.1895 0.1895 0.2067
v -2.4571 -0.5253 0.0144 0.1894 0.1894 0.2066
v -2.3811 -0.6000 0.0133 0.1902 0.1902 0.2074
v -2.4050 -0.5112 0.0145 0.1900 0.1900 0.2072
v -2.3294 -0.5862 0.0133 0.1909 0.1909 0.2082
v -2.3529 -0.4973 0.0144 0.1907 0.1907 0.2080
v -2.2776 -0.5727 0.0132 0.1915 0.1915 0.2089
v -2.3006 -0.4836 0.0142 0.1914 0.1914 0.2088
v -2.2257 -0.5594 0.0129 0.1921 0.1921 0.2096
v -2.2483 -0.4702 0.0138 0.1920 0.1920 0.2094
v -2.1737 -0.5463 0.0125 0.1926 0.1926 0.2101
v -2.1960 -0.4570 0.0133 0.1925 0.1925 0.2100
v -2.1218 -0.5335 0.0120 0.1930 0.1930 0.2105
v -2.1436 -0.4441 0.0128 0.1929 0.1929 0.2104
v -2.0697 -0.5209 0.0115 0.1931 0.1931 0.2107
v -2.0911 -0.4314 0.0122 0.1932 0.1932 0.2107
v -2.0176 -0.5086 0.0110 0.1932 0.1932 0.2108
v -2.0385 -0.4190 0.0116 0.1933 0.1933 0.2108
v -1.9654 -0.4965 0.0105 0.1933 0.1933 0.2109
v -1.9859 -0.4068 0.0110 0.1933 0.1933 0.2109
v -1.9131 -0.4847 0.0101 0.1933 0.1933 0.2109
v -1.9333 -0.3949 0.0105 0.1934 0.1934 0.2110
v -1.8608 -0.4731 0.0097 0.1928 0.1928 0.2103
v -1.8805 -0.3832 0.0099 0.1931 0.1931 0.2107
v -1.8085 -0.4617 0.0096 0.1926 0.1926 0.2101
v -1.8278 -0.3718 0.0097 0.1927 0.1927 0.2102
v -1.7561 -0.4506 0.0095 0.1927 0.1927 0.2102
v -1.7750 -0.3606 0.0095 0.1928 0.1928 0.2103
v -1.7036 -0.4398 0.0094 0.1929 0.1929 0.2104
v -1.7221 -0.3496 0.0093 0.1929 0.1929 0.2104
v -1.6511 -0.4292 0.0093 0.1930 0.1930 0.2106
v -1.6691 -0.3389 0.0091 0.1930 0.1930 0.2106
v -1.5986 -0.4188 0.0092 0.1932 0.1932 0.2108
v -1.6162 -0.3285 0.0089 0.1932 0.1932 0.2108
v -1.5460 -0.4087 0.0091 0.1934 0.1934 0.2110
v -1.5631 -0.3183 0.0088 0.1934 0.1934 0.2109
v -1.4933 -0.3988 0.0090 0.1936 0.1936 0.2112
v -1.5100 -0.3083 0.0086 0.1935 0.1935 0.2111
v -1.4406 -0.3892 0.0089 0.1938 0.1938 0.2114
v -1.4569 -0.2986 0.0084 0.1937 0.1937 0.2113
v -1.3884 -0.3799 0.0087 0.1939 0.1939 0.2116
v -1.4042 -0.2892 0.0082 0.1939 0.1939 0.2115
v -1.3369 -0.3711 0.0085 0.1941 0.1941 0.2117
v -1.3518 -0.2804 0.0080 0.1940 0.1940 0.2117
v -1.2856 -0.3630 0.0083 0.1942 0.1942 0.2119
v -1.2996 -0.2721 0.0077 0.1942 0.1942 0.2118
v -1.2342 -0.3553 0.0080 0.1944 0.1944 0.2120
v -1.2473 -0.2643 0.0075 0.1943 0.1943 0.2120
v -1.1826 -0.3481 0.0077 0.1945 0.1945 0.2122
v -1.1948 -0.2570 0.0072 0.1944 0.1944 0.2121
v -1.1309 -0.3414 0.0074 0.1946 0.1946 0.2123
v -1.1423 -0.2502 0.0068 0.1945 0.1945 0.2122
v -1.0791 -0.3352 0.0070 0.1946 0.1946 0.2123
v -1.0897 -0.2438 0.0065 0.1946 0.1946 0.2123
v -1.0272 -0.3295 0.0066 0.1947 0.1947 0.2124
v -1.0369 -0.2380 0.0061 0.1946 0.1946 0.2123
v -0.9753 -0.3242 0.0062 0.1946 0.1946 0.2123
v -0.9842 -0.2326 0.0057 0.1946 0.1946 0.2123
v -0.9232 -0.3194 0.0058 0.1945 0.1945 0.2122
v -0.9313 -0.2278 0.0054 0.1946 0.1946 0.2122
v -0.8711 -0.3150 0.0055 0.1938 0.1938 0.2114
v -0.8783 -0.2233 0.0050 0.1940 0.1940 0.2117
v -0.8188 -0.3111 0.0051 0.1927 0.1927 0.2102
v -0.8253 -0.2194 0.0050 0.1930 0.1930 0.2105
v -0.7666 -0.3077 0.0050 0.1917 0.1917 0.2092
v -0.7723 -0.2158 0.0051 0.1919 0.1919 0.2094
v -0.7142 -0.3046 0.0050 0.1912 0.1912 0.2086
v -0.7192 -0.2128 0.0052 0.1913 0.1913 0.2086
v -0.6619 -0.3021 0.0050 0.1908 0.1908 0.2081
v -0.6660 -0.2102 0.0054 0.1909 0.1909 0.2082
v -0.6094 -0.2999 0.0052 0.1899 0.1899 0.2071
v -0.6128 -0.2080 0.0056 0.1902 0.1902 0.2075
v -0.5570 -0.2982 0.0055 0.1895 0.1895 0.2067
v -0.5596 -0.2062 0.0061 0.1895 0.1895 0.2067
v -0.5045 -0.2969 0.0058 0.1894 0.1894 0.2067
v -0.5064 -0.2049 0.0065 0.1894 0.1894 0.2066
v -0.4520 -0.2960 0.0061 0.1895 0.1895 0.2067
v -0.4531 -0.2041 0.0068 0.1894 0.1894 0.2066
v -0.3995 -0.2956 0.0064 0.1895 0.1895 0.2068
v -0.3999 -0.2036 0.0071 0.1895 0.1895 0.2067
v -0.3470 -0.2956 0.0065 0.1896 0.1896 0.2069
v -0.3466 -0.2036 0.0074 0.1896 0.1896 0.2068
v -0.2945 -0.2960 0.0067 0.1898 0.1898 0.2070
v -0.2934 -0.2040 0.0075 0.1897 0.1897 0.2070
v -0.2420 -0.2969 0.0067 0.1899 0.1899 0.2072
v -0.2401 -0.2049 0.0076 0.1899 0.1899 0.2071
v -0.1896 -0.2982 0.0067 0.1901 0.1901 0.2074
v -0.1869 -0.2062 0.0076 0.1901 0.1901 0.2073
v -0.1372 -0.2999 0.0067 0.1903 0.1903 0.2076
v -0.1338 -0.2079 0.0075 0.1902 0.1902 0.2075
v -0.0848 -0.3020 0.0066 0.1904 0.1904 0.2077
v -0.0806 -0.2101 0.0074 0.1904 0.1904 0.2077
v -0.0336 -0.3046 0.0064 0.1906 0.1906 0.2079
v -0.0283 -0.2128 0.0073 0.1905 0.1905 0.2079
v 0.0142 -0.3077 0.0063 0.1907 0.1907 0.2081
v 0.0217 -0.2160 0.0071 0.1907 0.1907 0.2080
v 0.0585 -0.3120 0.0061 0.1908 0.1908 0.2082
v 0.0691 -0.2206 0.0069 0.1908 0.1908 0.2081
v 0.1006 -0.3176 0.0059 0.1909 0.1909 0.2083
v 0.1149 -0.2268 0.0067 0.1909 0.1909 0.2082
v 0.1409 -0.3249 0.0057 0.1910 0.1910 0.2083
v 0.1593 -0.2347 0.0064 0.1909 0.1909 0.2083
v 0.1791 -0.3336 0.0054 0.1910 0.1910 0.2083
v 0.2022 -0.2446 0.0061 0.1910 0.1910 0.2083
v 0.2158 -0.3442 0.0052 0.1910 0.1910 0.2083
v 0.2437 -0.2566 0.0058 0.1910 0.1910 0.2083
v 0.2523 -0.3570 0.0049 0.1910 0.1910 0.2083
v 0.2849 -0.2710 0.0056 0.1909 0.1909 0.2083
v 0.2903 -0.3726 0.0048 0.1910 0.1910 0.2084
v 0.3268 -0.2881 0.0053 0.1910 0.1910 0.2084
v 0.3319 -0.3916 0.0046 0.1910 0.1910 0.2084
v 0.3709 -0.3082 0.0051 0.1910 0.1910 0.2084
v 0.3791 -0.4142 0.0045 0.1910 0.1910 0.2083
v 0.4188 -0.3312 0.0049 0.1910 0.1910 0.2083
v 0.4327 -0.4398 0.0042 0.1909 0.1909 0.2083
v 0.4712 -0.3562 0.0047 0.1909 0.1909 0.2083
v 0.4919 -0.4661 0.0040 0.1909 0.1909 0.2083
v 0.5277 -0.3814 0.0045 0.1909 0.1909 0.2083
v 0.5475 -0.4884 0.0038 0.1909 0.1909 0.2082
v 0.5820 -0.4031 0.0043 0.1909 0.1909 0.2082
v 0.5934 -0.5071 0.0036 0.1906 0.1906 0.2079
v 0.6294 -0.4224 0.0042 0.1908 0.1908 0.2081
v 0.6364 -0.5261 0.0035 0.1903 0.1903 0.2076
v 0.6746 -0.4424 0.0041 0.1904 0.1904 0.2077
v 0.6805 -0.5469 0.0035 0.1902 0.1902 0.2075
v 0.7203 -0.4640 0.0041 0.1902 0.1902 0.2075
v 0.7257 -0.5692 0.0034 0.1901 0.1901 0.2074
v 0.7668 -0.4869 0.0041 0.1902 0.1902 0.2075
v 0.7724 -0.5929 0.0034 0.1901 0.1901 0.2074
v 0.8142 -0.5109 0.0040 0.1901 0.1901 0.2074
v 0.8209 -0.6178 0.0033 0.1901 0.1901 0.2074
v 0.8629 -0.5359 0.0040 0.1901 0.1901 0.2073
v 0.8715 -0.6436 0.0034 0.1904 0.1904 0.2078
v 0.9130 -0.5615 0.0040 0.1902 0.1902 0.2075
v 0.9245 -0.6700 0.0036 0.1910 0.1910 0.2083
v 0.9648 -0.5873 0.0040 0.1907 0.1907 0.2080
v 0.9802 -0.6966 0.0039 0.1913 0.1913 0.2087
v 1.0187 -0.6130 0.0041 0.1911 0.1911 0.2085
v 1.0377 -0.7222 0.0042 0.1914 0.1914 0.2088
v 1.0741 -0.6376 0.0043 0.1914 0.1914 0.2088
v 1.0912 -0.7444 0.0045 0.1913 0.1913 0.2087
v 1.1267 -0.6595 0.0046 0.1913 0.1913 0.2087
v 1.1414 -0.7656 0.0048 0.1912 0.1912 0.2086
v 1.1771 -0.6808 0.0049 0.1912 0.1912 0.2086
v 1.1983 -0.7893 0.0052 0.1911 0.1911 0.2085
v 1.2321 -0.7037 0.0053 0.1912 0.1912 0.2085
v 1.2609 -0.8126 0.0056 0.1911 0.1911 0.2085
v 1.2914 -0.7258 0.0057 0.1911 0.1911 0.2085
v 1.3213 -0.8326 0.0061 0.1911 0.1911 0.2085
v 1.3493 -0.7450 0.0062 0.1911 0.1911 0.2085
v 1.3778 -0.8501 0.0066 0.1912 0.1912 0.2086
v 1.4047 -0.7621 0.0066 0.1912 0.1912 0.2085
v 1.4325 -0.8665 0.0071 0.1913 0.1913 0.2087
v 1.4588 -0.7783 0.0070 0.1913 0.1913 0.2086
v 1.4864 -0.8824 0.0075 0.1914 0.1914 0.2088
v 1.5123 -0.7941 0.0075 0.1914 0.1914 0.2088
v 1.5399 -0.8980 0.0080 0.1916 0.1916 0.2090
v 1.5656 -0.8097 0.0079 0.1915 0.1915 0.2089
v 1.5935 -0.9135 0.0084 0.1917 0.1917 0.2091
v 1.6190 -0.8251 0.0082 0.1916 0.1916 0.2091
v 1.6477 -0.9290 0.0088 0.1918 0.1918 0.2092
v 1.6728 -0.8405 0.0086 0.1918 0.1918 0.2092
v 1.7021 -0.9442 0.0093 0.1919 0.1919 0.2094
v 1.7267 -0.8556 0.0090 0.1919 0.1919 0.2093
v 1.7562 -0.9591 0.0097 0.1920 0.1920 0.2094
v 1.7805 -0.8704 0.0094 0.1920 0.1920 0.2094
v 1.8101 -0.9738 0.0102 0.1920 0.1920 0.2095
v 1.8341 -0.8850 0.0099 0.1920 0.1920 0.2095
v 1.8638 -0.9883 0.0107 0.1921 0.1921 0.2095
v 1.8877 -0.8994 0.0103 0.1921 0.1921 0.2095
v 1.9174 -1.0026 0.0112 0.1921 0.1921 0.2095
v 1.9411 -0.9137 0.0108 0.1921 0.1921 0.2095
v 1.9709 -1.0168 0.0117 0.1920 0.1920 0.2094
v 1.9945 -0.9279 0.0113 0.1920 0.1920 0.2095
v 2.0243 -1.0310 0.0123 0.1919 0.1919 0.2093
v 2.0478 -0.9420 0.0119 0.1919 0.1919 0.2094
v 2.0776 -1.0451 0.0129 0.1917 0.1917 0.2092
v 2.1011 -0.9561 0.0125 0.1918 0.1918 0.2092
v 2.1308 -1.0591 0.0136 0.1916 0.1916 0.2090
v 2.1543 -0.9702 0.0132 0.1916 0.1916 0.2091
v 2.1840 -1.0732 0.0143 0.1914 0.1914 0.2088
v 2.2075 -0.9842 0.0139 0.1915 0.1915 0.2089
v 2.2371 -1.0872 0.0150 0.1913 0.1913 0.2087
v 2.2606 -0.9983 0.0147 0.1913 0.1913 0.2087
v 2.2902 -1.1012 0.0158 0.1912 0.1912 0.2086
v 2.3137 -1.0123 0.0155 0.1913 0.1913 0.2087
v 2.3432 -1.1153 0.0165 0.1912 0.1912 0.2086
v 2.3668 -1.0263 0.0162 0.1912 0.1912 0.2086
v 2.3961 -1.1293 0.0173 0.1913 0.1913 0.2087
v 2.4198 -1.0404 0.0170 0.1913 0.1913 0.2086
v 2.4490 -1.1434 0.0180 0.1913 0.1913 0.2087
v 2.4728 -1.0546 0.0177 0.1913 0.1913 0.2087
v 2.5019 -1.1576 0.0186 0.1914 0.1914 0.2088
v 2.5257 -1.0687 0.0184 0.1914 0.1914 0.2087
v 2.5547 -1.1718 0.0192 0.1914 0.1914 0.2089
v 2.5786 -1.0829 0.0190 0.1914 0.1914 0.2088
v 2.6075 -1.1860 0.0197 0.1915 0.1915 0.2089
v 2.6315 -1.0972 0.0195 0.1915 0.1915 0.2089
v 2.6602 -1.2003 0.0202 0.1916 0.1916 0.2090
v 2.6843 -1.1115 0.0200 0.1916 0.1916 0.2090
v 2.7129 -1.2146 0.0206 0.1917 0.1917 0.2091
v 2.7371 -1.1258 0.0204 0.1917 0.1917 0.2091
v 2.7656 -1.2290 0.0210 0.1918 0.1918 0.2092
v 2.7899 -1.1403 0.0208 0.1918 0.1918 0.2092
v 2.8182 -1.2435 0.0212 0.1918 0.1918 0.2093
v 2.8427 -1.1548 0.0211 0.1918 0.1918 0.2093
v 2.8708 -1.2580 0.0215 0.1919 0.1919 0.2093
v 2.8954 -1.1694 0.0214 0.1919 0.1919 0.2093
v 2.9233 -1.2726 0.0217 0.1919 0.1919 0.2094
v 2.9481 -1.1840 0.0216 0.1919 0.1919 0.2094
v 2.9758 -1.2873 0.0219 0.1920 0.1920 0.2094
v 3.0007 -1.1987 0.0218 0.1920 0.1920 0.2094
v 3.0283 -1.3021 0.0221 0.1920 0.1920 0.2095
v 3.0533 -1.2135 0.0220 0.1920 0.1920 0.2095
v 3.0807 -1.3169 0.0223 0.1924 0.1924 0.2099
v 3.1059 -1.2284 0.0222 0.1922 0.1922 0.2097
v 3.1331 -1.3319 0.0225 0.1929 0.1929 0.2105
v 3.1584 -1.2434 0.0222 0.1927 0.1927 0.2102
v 3.1855 -1.3469 0.0225 0.1933 0.1933 0.2108
v 3.2109 -1.2585 0.0221 0.1932 0.1932 0.2107
v 3.2378 -1.3620 0.0225 0.1934 0.1934 0.2110
v 3.2634 -1.2736 0.0220 0.1934 0.1934 0.2109
v 3.2901 -1.3772 0.0227 0.1935 0.1935 0.2111
v 3.3158 -1.2889 0.0221 0.1935 0.1935 0.2111
v 3.3423 -1.3925 0.0226 0.1930 0.1930 0.2106
v 3.3682 -1.3042 0.0221 0.1934 0.1934 0.2109
v 3.3945 -1.4079 0.0222 0.1922 0.1922 0.2097
v 3.4206 -1.3197 0.0223 0.1926 0.1926 0.2101
v 3.4464 -1.4233 0.0218 0.1917 0.1917 0.2091
v 3.4728 -1.3352 0.0221 0.1919 0.1919 0.2093
v 3.4982 -1.4389 0.0216 0.1912 0.1912 0.2086
v 3.5248 -1.3508 0.0220 0.1914 0.1914 0.2088
v 3.5501 -1.4546 0.0216 0.1905 0.1905 0.2078
v 3.5769 -1.3666 0.0220 0.1908 0.1908 0.2081
v 3.6019 -1.4705 0.0217 0.1896 0.1896 0.2069
v 3.6290 -1.3826 0.0223 0.1900 0.1900 0.2072
v 3.6538 -1.4866 0.0220 0.1887 0.1887 0.2059
v 3.6810 -1.3987 0.0228 0.1891 0.1891 0.2063
v 3.7057 -1.5027 0.0225 0.1877 0.1877 0.2048
v 3.7331 -1.4149 0.0235 0.1881 0.1881 0.2052
v 3.7576 -1.5190 0.0232 0.1866 0.1866 0.2036
v 3.7852 -1.4313 0.0244 0.1870 0.1870 0.2040
v 3.8095 -1.5354 0.0240 0.1855 0.1855 0.2023
v 3.8373 -1.4477 0.0255 0.1859 0.1859 0.2028
v 3.8615 -1.5519 0.0250 0.1843 0.1843 0.2011
v 3.8894 -1.4643 0.0268 0.1848 0.1848 0.2016
v 3.9135 -1.5685 0.0261 0.1831 0.1831 0.1998
v 3.9415 -1.4809 0.0282 0.1836 0.1836 0.2003
v 3.9655 -1.5852 0.0274 0.1820 0.1820 0.1985
v 3.9937 -1.4976 0.0298 0.1824 0.1824 0.1990
v 4.0176 -1.6019 0.0289 0.1809 0.1809 0.1973
v 4.0458 -1.5144 0.0316 0.1813 0.1813 0.1978
v 4.0697 -1.6188 0.0306 0.1798 0.1798 0.1962
v 4.0980 -1.5312 0.0335 0.1802 0.1802 0.1966
v 4.1218 -1.6356 0.0326 0.1790 0.1790 0.1952
v 4.1502 -1.5481 0.0356 0.1793 0.1793 0.1956
v 4.1740 -1.6525 0.0347 0.1783 0.1783 0.1945
v 4.2024 -1.5650 0.0379 0.1785 0.1785 0.1947
v 4.2262 -1.6695 0.0370 0.1778 0.1778 0.1939
v 4.2546 -1.5820 0.0403 0.1779 0.1779 0.1941
v 4.2784 -1.6865 0.0396 0.1775 0.1775 0.1936
v 4.3069 -1.5990 0.0429 0.1775 0.1775 0.1937
v 4.3306 -1.7035 0.0424 0.1778 0.1778 0.1940
v 4.3591 -1.6160 0.0455 0.1776 0.1776 0.1937
v 4.3829 -1.7205 0.0452 0.1786 0.1786 0.1949
v 4.4114 -1.6330 0.0481 0.1783 0.1783 0.1945
v 4.4352 -1.7376 0.0480 0.1792 0.1792 0.1955
v 4.4637 -1.6501 0.0507 0.1790 0.1790 0.1953
v 4.4876 -1.7546 0.0510 0.1798 0.1798 0.1961
v 4.5161 -1.6671 0.0533 0.1795 0.1795 0.1958
v 4.5400 -1.7716 0.0540 0.1806 0.1806 0.1970
v 4.5684 -1.6841 0.0561 0.1802 0.1802 0.1966
v 4.5924 -1.7887 0.0571 0.1816 0.1816 0.1981
v 4.6208 -1.7011 0.0588 0.1812 0.1812 0.1976
v 4.6448 -1.8057 0.0602 0.1830 0.1830 0.1996
v 4.6732 -1.7182 0.0615 0.1824 0.1824 0.1990
v 4.6973 -1.8227 0.0632 0.1846 0.1846 0.2014
v 4.7256 -1.7351 0.0641 0.1839 0.1839 0.2006
v 4.7499 -1.8396 0.0658 0.1865 0.1865 0.2035
v 4.7781 -1.7521 0.0663 0.1857 0.1857 0.2026
v 4.8024 -1.8566 0.0681 0.1889 0.1889 0.2061
v 4.8306 -1.7690 0.0682 0.1879 0.1879 0.2050
v 4.8550 -1.8735 0.0699 0.1918 0.1918 0.2092
v 4.8831 -1.7859 0.0694 0.1906 0.1906 0.2080
v 4.9076 -1.8904 0.0715 0.1945 0.1945 0.2122
v 4.9357 -1.8027 0.0700 0.1935 0.1935 0.2111
v 4.9603 -1.9072 0.0721 0.1960 0.1960 0.2138
v 4.9883 -1.8196 0.0705 0.1956 0.1956 0.2134
v 5.0130 -1.9240 0.0726 0.1970 0.1970 0.2150
v 5.0409 -1.8363 0.0707 0.1967 0.1967 0.2145
v 5.0657 -1.9407 0.0729 0.1980 0.1980 0.2160
v 5.0935 -1.8530 0.0708 0.1976 0.1976 0.2156
v 5.1185 -1.9574 0.0730 0.1986 0.1986 0.2166
v 5.1462 -1.8697 0.0706 0.1984 0.1984 0.2164
v 5.1713 -1.9740 0.0730 0.1986 0.1986 0.2167
v 5.1989 -1.8863 0.0707 0.1986 0.1986 0.2167
v 5.2241 -1.9906 0.0730 0.1985 0.1985 0.2165
v 5.2516 -1.9028 0.0707 0.1985 0.1985 0.2166
v 5.2770 -2.0071 0.0730 0.1984 0.1984 0.2164
v 5.3044 -1.9193 0.0707 0.1984 0.1984 0.2164
v 5.3299 -2.0236 0.0731 0.1982 0.1982 0.2162
v 5.3571 -1.9357 0.0708 0.1983 0.1983 0.2163
v 5.3828 -2.0400 0.0733 0.1981 0.1981 0.2161
v 5.4100 -1.9520 0.0709 0.1981 0.1981 0.2161
v 5.4358 -2.0563 0.0736 0.1980 0.1980 0.2160
v 5.4628 -1.9683 0.0712 0.1980 0.1980 0.2160
v 5.4888 -2.0725 0.0742 0.1980 0.1980 0.2160
v 5.5157 -1.9845 0.0716 0.1979 0.1979 0.2159
v 5.5418 -2.0887 0.0749 0.1981 0.1981 0.2161
v 5.5686 -2.0006 0.0722 0.1980 0.1980 0.2160
v 5.5949 -2.1048 0.0758 0.1989 0.1989 0.2170
v 5.6215 -2.0167 0.0729 0.1985 0.1985 0.2166
v 5.6480 -2.1208 0.0766 0.1998 0.1998 0.2180
v 5.6745 -2.0327 0.0733 0.1995 0.1995 0.2176
v 5.7012 -2.1367 0.0773 0.2002 0.2002 0.2184
v 5.7275 -2.0486 0.0739 0.2001 0.2001 0.2182
v 5.7543 -2.1526 0.0782 0.2003 0.2003 0.2185
v 5.7805 -2.0644 0.0746 0.2002 0.2002 0.2184
v 5.8075 -2.1683 0.0793 0.2004 0.2004 0.2186
v 5.8336 -2.0801 0.0754 0.2003 0.2003 0.2185
v 5.8608 -2.1840 0.0806 0.2005 0.2005 0.2187
v 5.8867 -2.0958 0.0766 0.2004 0.2004 0.2186
v 5.9140 -2.1996 0.0822 0.2006 0.2006 0.2188
v 5.9398 -2.1113 0.0779 0.2005 0.2005 0.2187
v 5.9673 -2.2151 0.0839 0.2007 0.2007 0.2190
v 5.9930 -2.1268 0.0794 0.2006 0.2006 0.2188
v 6.0206 -2.2306 0.0859 0.2009 0.2009 0.2192
v 6.0461 -2.1422 0.0812 0.2008 0.2008 0.2191
v 6.0740 -2.2459 0.0880 0.2013 0.2013 0.2196
v 6.0993 -2.1575 0.0830 0.2011 0.2011 0.2194
v 6.1274 -2.2612 0.0902 0.2018 0.2018 0.2201
v 6.1526 -2.1727 0.0850 0.2016 0.2016 0.2199
v 6.1808 -2.2763 0.0924 0.2024 0.2024 0.2208
v 6.2058 -2.1878 0.0870 0.2021 0.2021 0.2205
v 6.2342 -2.2914 0.0947 0.2031 0.2031 0.2216
v 6.2591 -2.2028 0.0890 0.2028 0.2028 0.2212
v 6.2877 -2.3064 0.0968 0.2040 0.2040 0.2225
v 6.3124 -2.2178 0.0909 0.2036 0.2036 0.2221
v 6.3411 -2.3212 0.0989 0.2050 0.2050 0.2236
v 6.3657 -2.2326 0.0927 0.2046 0.2046 0.2232
v 6.3944 -2.3360 0.1008 0.2060 0.2060 0.2248
v 6.4189 -2.2473 0.0943 0.2056 0.2056 0.2243
v 6.4476 -2.3507 0.1025 0.2072 0.2072 0.2260
v 6.4721 -2.2620 0.0958 0.2068 0.2068 0.2256
v 6.5009 -2.3654 0.1041 0.2083 0.2083 0.2272
v 6.5253 -2.2767 0.0970 0.2079 0.2079 0.2268
v 6.5542 -2.3800 0.1055 0.2093 0.2093 0.2283
v 6.5785 -2.2913 0.0981 0.2090 0.2090 0.2280
v 6.6075 -2.3946 0.1067 0.2102 0.2102 0.2293
v 6.6317 -2.3058 0.0991 0.2099 0.2099 0.2290
v 6.6608 -2.4091 0.1078 0.2108 0.2108 0.2299
v 6.6850 -2.3203 0.1000 0.2106 0.2106 0.2297
v 6.7141 -2.4236 0.1088 0.2111 0.2111 0.2303
v 6.7382 -2.3348 0.1009 0.2110 0.2110 0.2302
v 6.7674 -2.4380 0.1099 0.2113 0.2113 0.2305
v 6.7914 -2.3492 0.1018 0.2112 0.2112 0.2304
v 6.8207 -2.4524 0.1110 0.2117 0.2117 0.2309
v 6.8447 -2.3636 0.1028 0.2115 0.2115 0.2307
v 6.8740 -2.4668 0.1122 0.2124 0.2124 0.2317
v 6.8979 -2.3780 0.1038 0.2121 0.2121 0.2314
v 6.9273 -2.4811 0.1131 0.2126 0.2126 0.2320
v 6.9512 -2.3923 0.1046 0.2126 0.2126 0.2320
v 6.9807 -2.4954 0.1140 0.2126 0.2126 0.2319
v 7.0044 -2.4066 0.1055 0.2126 0.2126 0.2319
v 7.0340 -2.5097 0.1150 0.2125 0.2125 0.2319
v 7.0577 -2.4208 0.1065 0.2126 0.2126 0.2319
v 7.0873 -2.5239 0.1160 0.2125 0.2125 0.2318
v 7.1110 -2.4350 0.1075 0.2125 0.2125 0.2318
v 7.1407 -2.5381 0.1171 0.2124 0.2124 0.2317
v 7.1643 -2.4492 0.1085 0.2124 0.2124 0.2318
v 7.1940 -2.5522 0.1183 0.2124 0.2124 0.2317
v 7.2176 -2.4633 0.1096 0.2124 0.2124 0.2317
v 7.2473 -2.5663 0.1194 0.2123 0.2123 0.2316
v 7.2708 -2.4774 0.1108 0.2123 0.2123 0.2316
v 7.3007 -2.5804 0.1206 0.2123 0.2123 0.2316
v 7.3241 -2.4915 0.1120 0.2123 0.2123 0.2316
v 7.3540 -2.5945 0.1218 0.2122 0.2122 0.2315
v 7.3774 -2.5055 0.1132 0.2123 0.2123 0.2315
v 7.4074 -2.6085 0.1231 0.2122 0.2122 0.2315
v 7.4307 -2.5195 0.1144 0.2122 0.2122 0.2315
v 7.4607 -2.6225 0.1243 0.2122 0.2122 0.2315
v 7.4840 -2.5335 0.1157 0.2122 0.2122 0.2315
v 7.5141 -2.6365 0.1256 0.2122 0.2122 0.2315
v 7.5374 -2.5475 0.1169 0.2122 0.2122 0.2315
v 7.5674 -2.6504 0.1268 0.2122 0.2122 0.2315
v 7.5907 -2.5614 0.1182 0.2122 0.2122 0.2315
v 7.6208 -2.6643 0.1280 0.2122 0.2122 0.2315
v 7.6440 -2.5753 0.1194 0.2122 0.2122 0.2315
v 7.6742 -2.6782 0.1292 0.2122 0.2122 0.2315
v 7.6973 -2.5892 0.1206 0.2122 0.2122 0.2315
v 7.7275 -2.6921 0.1304 0.2121 0.2121 0.2314
v 7.7506 -2.6030 0.1218 0.2121 0.2121 0.2314
v 7.7809 -2.7059 0.1315 0.2121 0.2121 0.2314
v 7.8040 -2.6168 0.1230 0.2121 0.2121 0.2314
v 7.8343 -2.7197 0.1327 0.2121 0.2121 0.2314
v 7.8573 -2.6307 0.1242 0.2121 0.2121 0.2314
v 7.8876 -2.7335 0.1337 0.2123 0.2123 0.2317
v 7.9106 -2.6444 0.1252 0.2123 0.2123 0.2315
v 7.9410 -2.7473 0.1347 0.2127 0.2127 0.2321
v 7.9640 -2.6582 0.1262 0.2126 0.2126 0.2319
v 7.9944 -2.7610 0.1355 0.2132 0.2132 0.2326
v 8.0173 -2.6719 0.1270 0.2130 0.2130 0.2324
v 8.0478 -2.7747 0.1361 0.2137 0.2137 0.2331
v 8.0707 -2.6856 0.1275 0.2135 0.2135 0.2329
v 8.1012 -2.7884 0.1365 0.2148 0.2148 0.2343
v 8.1240 -2.6993 0.1279 0.2143 0.2143 0.2338
v 8.1545 -2.8021 0.1365 0.2158 0.2158 0.2354
v 8.1774 -2.7130 0.1277 0.2155 0.2155 0.2351
v 8.2079 -2.8158 0.1360 0.2161 0.2161 0.2358
v 8.2307 -2.7267 0.1273 0.2161 0.2161 0.2357
v 8.2613 -2.8294 0.1354 0.2163 0.2163 0.2359
v 8.2841 -2.7403 0.1268 0.2162 0.2162 0.2359
v 8.3147 -2.8431 0.1346 0.2163 0.2163 0.2359
v 8.3374 -2.7539 0.1261 0.2163 0.2163 0.2360
v 8.3681 -2.8567 0.1337 0.2162 0.2162 0.2358
v 8.3908 -2.7675 0.1253 0.2162 0.2162 0.2359
v 8.4215 -2.8703 0.1328 0.2160 0.2160 0.2356
v 8.4442 -2.7811 0.1244 0.2161 0.2161 0.2357
v 8.4749 -2.8838 0.1318 0.2156 0.2156 0.2352
v 8.4975 -2.7947 0.1236 0.2158 0.2158 0.2354
v 8.5283 -2.8974 0.1308 0.2152 0.2152 0.2348
v 8.5509 -2.8082 0.1227 0.2154 0.2154 0.2350
v 8.5816 -2.9110 0.1299 0.2147 0.2147 0.2342
v 8.6043 -2.8218 0.1219 0.2149 0.2149 0.2344
v 8.6350 -2.9245 0.1290 0.2142 0.2142 0.2337
v 8.6576 -2.8353 0.1212 0.2144 0.2144 0.2339
v 8.6884 -2.9380 0.1282 0.2137 0.2137 0.2331
v 8.7110 -2.8488 0.1206 0.2139 0.2139 0.2333
v 8.7418 -2.9515 0.1275 0.2132 0.2132 0.2326
v 8.7644 -2.8623 0.1200 0.2134 0.2134 0.2328
v 8.7952 -2.9650 0.1269 0.2129 0.2129 0.2322
v 8.8177 -2.8758 0.1195 0.2130 0.2130 0.2323
v 8.8486 -2.9785 0.1264 0.2127 0.2127 0.2320
v 8.8711 -2.8893 0.1191 0.2127 0.2127 0.2321
v 8.9020 -2.9919 0.1259 0.2127 0.2127 0.2320
v 8.9245 -2.9027 0.1186 0.2127 0.2127 0.2320
v 8.9554 -3.0054 0.1253 0.2126 0.2126 0.2319
v 8.9779 -2.9162 0.1180 0.2126 0.2126 0.2320
v 9.0088 -3.0188 0.1247 0.2124 0.2124 0.2317
v 9.0313 -2.9296 0.1175 0.2125 0.2125 0.2318
v 9.0622 -3.0322 0.1242 0.2120 0.2120 0.2313
v 9.0846 -2.9430 0.1170 0.2121 0.2121 0.2314
v 9.1156 -3.0457 0.1239 0.2116 0.2116 0.2309
v 9.1380 -2.9564 0.1167 0.2118 0.2118 0.2310
v 9.1690 -3.0591 0.1237 0.2113 0.2113 0.2305
v 9.1914 -2.9698 0.1165 0.2114 0.2114 0.2306
v 9.2224 -3.0725 0.1238 0.2110 0.2110 0.2302
v 9.2448 -2.9832 0.1165 0.2111 0.2111 0.2302
v 9.2758 -3.0858 0.1240 0.2108 0.2108 0.2300
v 9.2982 -2.9966 0.1167 0.2108 0.2108 0.2300
v 9.3292 -3.0992 0.1244 0.2115 0.2115 0.2308
v 9.3516 -3.0100 0.1170 0.2111 0.2111 0.2303
v 9.3826 -3.1126 0.1248 0.2132 0.2132 0.2326
v 9.4049 -3.0233 0.1169 0.2126 0.2126 0.2319
v 9.4360 -3.1259 0.1245 0.2140 0.2140 0.2334
v 9.4583 -3.0367 0.1165 0.2139 0.2139 0.2334
v 9.4894 -3.1393 0.1239 0.2139 0.2139 0.2334
v 9.5117 -3.0500 0.1161 0.2140 0.2140 0.2334
v 9.5428 -3.1526 0.1233 0.2139 0.2139 0.2334
v 9.5651 -3.0634 0.1155 0.2139 0.2139 0.2334
v 9.5962 -3.1660 0.1224 0.2140 0.2140 0.2335
v 9.6185 -3.0767 0.1148 0.2140 0.2140 0.2335
v 9.6496 -3.1793 0.1214 0.2142 0.2142 0.2337
v 9.6719 -3.0900 0.1139 0.2142 0.2142 0.2337
v 9.7030 -3.1926 0.1200 0.2145 0.2145 0.2340
v 9.7253 -3.1034 0.1128 0.2144 0.2144 0.2339
v 9.7564 -3.2059 0.1183 0.2148 0.2148 0.2344
v 9.7787 -3.1167 0.1113 0.2147 0.2147 0.2343
v 9.8098 -3.2192 0.1163 0.2154 0.2154 0.2350
v 9.8320 -3.1300 0.1093 0.2152 0.2152 0.2348
v 9.8632 -3.2325 0.1139 0.2159 0.2159 0.2356
v 9.8854 -3.1433 0.1070 0.2158 0.2158 0.2354
v 9.9166 -3.2458 0.1111 0.2163 0.2163 0.2359
v 9.9388 -3.1566 0.1043 0.2162 0.2162 0.2359
v 9.9700 -3.2591 0.1081 0.2163 0.2163 0.2360
v 9.9922 -3.1699 0.1014 0.2164 0.2164 0.2360
v 10.0234 -3.2724 0.1048 0.2161 0.2161 0.2358
v 10.0456 -3.1831 0.0983 0.2162 0.2162 0.2359
v 10.0768 -3.2857 0.1015 0.2159 0.2159 0.2355
v 10.0990 -3.1964 0.0952 0.2160 0.2160 0.2356
v 10.1302 -3.2990 0.0981 0.2156 0.2156 0.2352
v 10.1524 -3.2097 0.0919 0.2157 0.2157 0.2354
v 10.1836 -3.3123 0.0945 0.2155 0.2155 0.2350
v 10.2058 -3.2230 0.0885 0.2155 0.2155 0.2351
v 10.2370 -3.3255 0.0908 0.2153 0.2153 0.2349
v 10.2592 -3.2362 0.0850 0.2154 0.2154 0.2350
v 10.2904 -3.3388 0.0870 0.2152 0.2152 0.2347
v 10.3126 -3.2495 0.0814 0.2152 0.2152 0.2348
v 10.3438 -3.3520 0.0831 0.2151 0.2151 0.2346
v 10.3659 -3.2628 0.0776 0.2151 0.2151 0.2347
v 10.3972 -3.3653 0.0790 0.2149 0.2149 0.2345
v 10.4193 -3.2760 0.0737 0.2150 0.2150 0.2345
v 10.4506 -3.3786 0.0749 0.2148 0.2148 0.2343
v 10.4727 -3.2893 0.0697 0.2149 0.2149 0.2344
v 10.5039 -3.3918 0.0706 0.2147 0.2147 0.2342
v 10.5261 -3.3025 0.0655 0.2147 0.2147 0.2343
v 10.5573 -3.4051 0.0662 0.2144 0.2144 0.2339
v 10.5795 -3.3158 0.0612 0.2146 0.2146 0.2341
v 10.6107 -3.4183 0.0617 0.2136 0.2136 0.2330
v 10.6329 -3.3290 0.0569 0.2140 0.2140 0.2334
v 10.6641 -3.4316 0.0574 0.2129 0.2129 0.2323
v 10.6863 -3.3423 0.0529 0.2131 0.2131 0.2325
v 10.7175 -3.4448 0.0533 0.2127 0.2127 0.2321
v 10.7397 -3.3555 0.0489 0.2128 0.2128 0.2321
v 10.7710 -3.4581 0.0491 0.2126 0.2126 0.2319
v 10.7931 -3.3688 0.0447 0.2126 0.2126 0.2320
v 10.8245 -3.4713 0.0448 0.2124 0.2124 0.2317
v 10.8466 -3.3820 0.0406 0.2125 0.2125 0.2318
v 10.8779 -3.4845 0.0406 0.2121 0.2121 0.2314
v 10.9000 -3.3952 0.0364 0.2122 0.2122 0.2315
v 10.9314 -3.4977 0.0363 0.2118 0.2118 0.2311
v 10.9535 -3.4084 0.0323 0.2119 0.2119 0.2312
v 10.9849 -3.5109 0.0320 0.2115 0.2115 0.2307
v 11.0069 -3.4216 0.0281 0.2116 0.2116 0.2308
v 11.0384 -3.5241 0.0276 0.2111 0.2111 0.2303
v 11.0604 -3.4348 0.0239 0.2112 0.2112 0.2304
v 11.0919 -3.5373 0.0233 0.2108 0.2108 0.2299
v 11.1138 -3.4479 0.0197 0.2109 0.2109 0.2301
v 11.1453 -3.5504 0.0189 0.2106 0.2106 0.2298
v 11.1673 -3.4611 0.0155 0.2107 0.2107 0.2298
v 11.1988 -3.5636 0.0145 0.2108 0.2108 0.2299
v 11.2207 -3.4742 0.0112 0.2107 0.2107 0.2299
v 11.2523 -3.5767 0.0098 0.2111 0.2111 0.2303
v 11.2742 -3.4873 0.0066 0.2110 0.2110 0.2302
v 11.3058 -3.5898 0.0049 0.2116 0.2116 0.2308
v 11.3277 -3.5004 0.0017 0.2114 0.2114 0.2307
v 11.3592 -3.6029 -0.0003 0.2121 0.2121 0.2314
v 11.3811 -3.5135 -0.0035 0.2119 0.2119 0.2312
v 11.4127 -3.6160 -0.0057 0.2126 0.2126 0.2319
v 11.4346 -3.5266 -0.0089 0.2124 0.2124 0.2318
v 11.4662 -3.6291 -0.0113 0.2131 0.2131 0.2324
v 11.4880 -3.5397 -0.0146 0.2129 0.2129 0.2323
v 11.5197 -3.6421 -0.0171 0.2134 0.2134 0.2328
v 11.5415 -3.5528 -0.0204 0.2133 0.2133 0.2327
v 11.5731 -3.6552 -0.0229 0.2136 0.2136 0.2330
v 11.5950 -3.5658 -0.0263 0.2135 0.2135 0.2330
v 11.6266 -3.6683 -0.0287 0.2137 0.2137 0.2331
v 11.6484 -3.5789 -0.0322 0.2137 0.2137 0.2331
v 11.6801 -3.6813 -0.0343 0.2137 0.2137 0.2331
v 11.7019 -3.5919 -0.0379 0.2137 0.2137 0.2331
v 11.7336 -3.6943 -0.0398 0.2134 0.2134 0.2329
v 11.7553 -3.6050 -0.0435 0.2135 0.2135 0.2329
v 11.7870 -3.7074 -0.0449 0.2131 0.2131 0.2325
v 11.8088 -3.6180 -0.0488 0.2132 0.2132 0.2326
v 11.8405 -3.7204 -0.0497 0.2111 0.2111 0.2303
v 11.8623 -3.6310 -0.0537 0.2120 0.2120 0.2313
v 11.8940 -3.7334 -0.0537 0.2084 0.2084 0.2273
v 11.9157 -3.6440 -0.0572 0.2093 0.2093 0.2283
v 11.9475 -3.7464 -0.0563 0.2071 0.2071 0.2259
v 11.9692 -3.6570 -0.0599 0.2073 0.2073 0.2262
v 12.0009 -3.7594 -0.0585 0.2064 0.2064 0.2252
v 12.0227 -3.6700 -0.0622 0.2066 0.2066 0.2254
v 12.0544 -3.7724 -0.0602 0.2057 0.2057 0.2244
v 12.0761 -3.6830 -0.0640 0.2060 0.2060 0.2247
v 12.1079 -3.7854 -0.0617 0.2051 0.2051 0.2238
v 12.1296 -3.6960 -0.0655 0.2053 0.2053 0.2240
v 12.1614 -3.7984 -0.0628 0.2047 0.2047 0.2234
v 12.1831 -3.7090 -0.0666 0.2048 0.2048 0.2235
v 12.2148 -3.8114 -0.0637 0.2044 0.2044 0.2230
v 12.2365 -3.7220 -0.0676 0.2045 0.2045 0.2231
v 12.2683 -3.8244 -0.0645 0.2040 0.2040 0.2225
v 12.2900 -3.7349 -0.0684 0.2042 0.2042 0.2227
v 12.3218 -3.8373 -0.0651 0.2032 0.2032 0.2217
v 12.3435 -3.7479 -0.0689 0.2035 0.2035 0.2220
v 12.3753 -3.8503 -0.0654 0.2023 0.2023 0.2207
v 12.3970 -3.7609 -0.0692 0.2027 0.2027 0.2211
v 12.4288 -3.8632 -0.0655 0.2013 0.2013 0.2196
v 12.4504 -3.7738 -0.0691 0.2017 0.2017 0.2200
v 12.4822 -3.8762 -0.0655 0.2002 0.2002 0.2184
v 12.5039 -3.7868 -0.0688 0.2006 0.2006 0.2188
v 12.5357 -3.8892 -0.0653 0.1991 0.1991 0.2172
v 12.5574 -3.7997 -0.0683 0.1995 0.1995 0.2176
v 12.5892 -3.9021 -0.0651 0.1979 0.1979 0.2159
v 12.6108 -3.8127 -0.0677 0.1984 0.1984 0.2164
v 12.6427 -3.9150 -0.0649 0.1969 0.1969 0.2148
v 12.6643 -3.8256 -0.0671 0.1973 0.1973 0.2152
v 12.6962 -3.9280 -0.0647 0.1959 0.1959 0.2137
v 12.7178 -3.8386 -0.0665 0.1963 0.1963 0.2141
v 12.7496 -3.9409 -0.0646 0.1950 0.1950 0.2128
v 12.7713 -3.8515 -0.0659 0.1954 0.1954 0.2131
v 12.8031 -3.9538 -0.0647 0.1943 0.1943 0.2120
v 12.8247 -3.8644 -0.0656 0.1946 0.1946 0.2123
v 12.8566 -3.9668 -0.0650 0.1938 0.1938 0.2114
v 12.8782 -3.8773 -0.0655 0.1940 0.1940 0.2116
v 12.9101 -3.9797 -0.0654 0.1934 0.1934 0.2109
v 12.9317 -3.8903 -0.0656 0.1935 0.1935 0.2111
v 12.9636 -3.9926 -0.0661 0.1931 0.1931 0.2107
v 12.9852 -3.9032 -0.0660 0.1932 0.1932 0.2108
v 13.0171 -4.0055 -0.0670 0.1930 0.1930 0.2106
v 13.0386 -3.9161 -0.0666 0.1931 0.1931 0.2106
v 13.0705 -4.0184 -0.0680 0.1927 0.1927 0.2103
v 13.0921 -3.9290 -0.0675 0.1929 0.1929 0.2104
v 13.1240 -4.0313 -0.0691 0.1919 0.1919 0.2094
v 13.1456 -3.9419 -0.0684 0.1923 0.1923 0.2098
v 13.1775 -4.0442 -0.0699 0.1917 0.1917 0.2092
v 13.1991 -3.9548 -0.0691 0.1917 0.1917 0.2091
v 13.2310 -4.0571 -0.0706 0.1919 0.1919 0.2093
v 13.2526 -3.9677 -0.0699 0.1918 0.1918 0.2093
v 13.2845 -4.0700 -0.0713 0.1920 0.1920 0.2095
v 13.3060 -3.9806 -0.0707 0.1920 0.1920 0.2094
v 13.3380 -4.0829 -0.0720 0.1921 0.1921 0.2096
v 13.3595 -3.9935 -0.0714 0.1921 0.1921 0.2095
v 13.3914 -4.0958 -0.0725 0.1920 0.1920 0.2095
v 13.4130 -4.0064 -0.0721 0.1920 0.1920 0.2095
v 13.4449 -4.1087 -0.0729 0.1918 0.1918 0.2093
v 13.4665 -4.0193 -0.0726 0.1919 0.1919 0.2093
v 13.4984 -4.1216 -0.0731 0.1916 0.1916 0.2090
v 13.5200 -4.0321 -0.0728 0.1916 0.1916 0.2091
v 13.5519 -4.1345 -0.0730 0.1913 0.1913 0.2087
v 13.5734 -4.0450 -0.0729 0.1914 0.1914 0.2088
v 13.6054 -4.1474 -0.0727 0.1911 0.1911 0.2084
v 13.6269 -4.0579 -0.0727 0.1911 0.1911 0.2085
v 13.6589 -4.1602 -0.0721 0.1909 0.1909 0.2082
v 13.6804 -4.0708 -0.0722 0.1909 0.1909 0.2083
v 13.7123 -4.1731 -0.0712 0.1908 0.1908 0.2081
v 13.7339 -4.0837 -0.0715 0.1908 0.1908 0.2081
v 13.7658 -4.1860 -0.0700 0.1907 0.1907 0.2081
v 13.7874 -4.0965 -0.0705 0.1907 0.1907 0.2081
v 13.8193 -4.1989 -0.0687 0.1908 0.1908 0.2081
v 13.8408 -4.1094 -0.0694 0.1907 0.1907 0.2081
v 13.8728 -4.2117 -0.0671 0.1909 0.1909 0.2083
v 13.8943 -4.1223 -0.0680 0.1909 0.1909 0.2082
v 13.9263 -4.2246 -0.0654 0.1912 0.1912 0.2086
v 13.9478 -4.1351 -0.0665 0.1911 0.1911 0.2084
v 13.9798 -4.2374 -0.0636 0.1915 0.1915 0.2089
v 14.0013 -4.1480 -0.0649 0.1914 0.1914 0.2088
v 14.0333 -4.2503 -0.0618 0.1919 0.1919 0.2093
v 14.0548 -4.1609 -0.0632 0.1917 0.1917 0.2091
v 14.0868 -4.2632 -0.0599 0.1923 0.1923 0.2098
v 14.1083 -4.1737 -0.0615 0.1921 0.1921 0.2096
v 14.1402 -4.2760 -0.0581 0.1927 0.1927 0.2102
v 14.1617 -4.1866 -0.0598 0.1925 0.1925 0.2100
v 14.1937 -4.2889 -0.0563 0.1931 0.1931 0.2106
v 14.2152 -4.1994 -0.0581 0.1929 0.1929 0.2105
v 14.2472 -4.3017 -0.0546 0.1934 0.1934 0.2110
v 14.2687 -4.2123 -0.0565 0.1933 0.1933 0.2109
v 14.3007 -4.3146 -0.0529 0.1936 0.1936 0.2112
v 14.3222 -4.2251 -0.0548 0.1935 0.1935 0.2111
v 14.3542 -4.3274 -0.0513 0.1941 0.1941 0.2118
v 14.3757 -4.2380 -0.0532 0.1939 0.1939 0.2115
v 14.4077 -4.3403 -0.0499 0.1944 0.1944 0.2121
v 14.4292 -4.2508 -0.0519 0.1944 0.1944 0.2121
v 14.4612 -4.3531 -0.0486 0.1944 0.1944 0.2121
v 14.4826 -4.2637 -0.0506 0.1945 0.1945 0.2121
v 14.5147 -4.3660 -0.0473 0.1945 0.1945 0.2122
v 14.5361 -4.2765 -0.0493 0.1945 0.1945 0.2122
v 14.5681 -4.3788 -0.0460 0.1947 0.1947 0.2124
v 14.5896 -4.2894 -0.0480 0.1946 0.1946 0.2123
v 14.6216 -4.3917 -0.0450 0.1949 0.1949 0.2126
v 14.6431 -4.3022 -0.0469 0.1948 0.1948 0.2125
v 14.6751 -4.4045 -0.0440 0.1951 0.1951 0.2128
v 14.6966 -4.3151 -0.0459 0.1950 0.1950 0.2128
v 14.7286 -4.4173 -0.0432 0.1952 0.1952 0.2130
v 14.7501 -4.3279 -0.0450 0.1952 0.1952 0.2130
v 14.7821 -4.4302 -0.0425 0.1953 0.1953 0.2131
v 14.8036 -4.3407 -0.0443 0.1953 0.1953 0.2131
v 14.8356 -4.4430 -0.0420 0.1953 0.1953 0.2130
v 14.8570 -4.3536 -0.0437 0.1953 0.1953 0.2131
v 14.8891 -4.4559 -0.0416 0.1951 0.1951 0.2129
v 14.9105 -4.3664 -0.0431 0.1952 0.1952 0.2130
v 14.9426 -4.4687 -0.0412 0.1949 0.1949 0.2126
v 14.9640 -4.3792 -0.0426 0.1950 0.1950 0.2127
v 14.9960 -4.4815 -0.0408 0.1945 0.1945 0.2122
v 15.0175 -4.3921 -0.0421 0.1947 0.1947 0.2124
v 15.0495 -4.4944 -0.0405 0.1940 0.1940 0.2116
v 15.0710 -4.4049 -0.0416 0.1942 0.1942 0.2119
v 15.1030 -4.5072 -0.0401 0.1933 0.1933 0.2109
v 15.1245 -4.4177 -0.0411 0.1936 0.1936 0.2112
v 15.1565 -4.5200 -0.0397 0.1926 0.1926 0.2101
v 15.1780 -4.4306 -0.0404 0.1929 0.1929 0.2104
v 15.2100 -4.5329 -0.0392 0.1917 0.1917 0.2091
v 15.2314 -4.4434 -0.0397 0.1920 0.1920 0.2095
v 15.2635 -4.5457 -0.0386 0.1908 0.1908 0.2082
v 15.2849 -4.4562 -0.0388 0.1911 0.1911 0.2085
v 15.3170 -4.5585 -0.0379 0.1899 0.1899 0.2072
v 15.3384 -4.4690 -0.0379 0.1902 0.1902 0.2075
v 15.3704 -4.5713 -0.0371 0.1890 0.1890 0.2062
v 15.3919 -4.4819 -0.0369 0.1894 0.1894 0.2066
v 15.4239 -4.5842 -0.0363 0.1883 0.1883 0.2054
v 15.4454 -4.4947 -0.0358 0.1886 0.1886 0.2057
v 15.4774 -4.5970 -0.0355 0.1877 0.1877 0.2047
v 15.4989 -4.5075 -0.0347 0.1879 0.1879 0.2050
v 15.5309 -4.6098 -0.0347 0.1871 0.1871 0.2042
v 15.5524 -4.5204 -0.0337 0.1874 0.1874 0.2044
v 15.5844 -4.6226 -0.0341 0.1872 0.1872 0.2042
v 15.6058 -4.5332 -0.0327 0.1871 0.1871 0.2041
v 15.6379 -4.6355 -0.0336 0.1877 0.1877 0.2047
v 15.6593 -4.5460 -0.0323 0.1875 0.1875 0.2046
v 15.6913 -4.6483 -0.0337 0.1872 0.1872 0.2042
v 15.7128 -4.5588 -0.0320 0.1875 0.1875 0.2046
v 15.7448 -4.6611 -0.0339 0.1863 0.1863 0.2032
v 15.7663 -4.5717 -0.0318 0.1867 0.1867 0.2036
v 15.7983 -4.6740 -0.0340 0.1854 0.1854 0.2023
v 15.8198 -4.5845 -0.0316 0.1858 0.1858 0.2027
v 15.8518 -4.6868 -0.0341 0.1846 0.1846 0.2014
v 15.8732 -4.5973 -0.0315 0.1849 0.1849 0.2017
v 15.9053 -4.6996 -0.0343 0.1838 0.1838 0.2005
v 15.9267 -4.6102 -0.0313 0.1841 0.1841 0.2008
v 15.9587 -4.7124 -0.0345 0.1831 0.1831 0.1998
v 15.9802 -4.6230 -0.0312 0.1834 0.1834 0.2001
v 16.0122 -4.7253 -0.0347 0.1826 0.1826 0.1992
v 16.0337 -4.6358 -0.0312 0.1828 0.1828 0.1994
v 16.0657 -4.7381 -0.0350 0.1822 0.1822 0.1987
v 16.0871 -4.6486 -0.0312 0.1823 0.1823 0.1989
v 16.1191 -4.7509 -0.0353 0.1818 0.1818 0.1984
v 16.1406 -4.6615 -0.0314 0.1820 0.1820 0.1985
v 16.1726 -4.7638 -0.0358 0.1817 0.1817 0.1982
v 16.1941 -4.6743 -0.0317 0.1817 0.1817 0.1983
v 16.2261 -4.7766 -0.0364 0.1816 0.1816 0.1981
v 16.2476 -4.6872 -0.0321 0.1816 0.1816 0.1981
v 16.2795 -4.7894 -0.0372 0.1816 0.1816 0.1981
v 16.3010 -4.7000 -0.0327 0.1816 0.1816 0.1981
v 16.3330 -4.8023 -0.0381 0.1816 0.1816 0.1981
v 16.3545 -4.7128 -0.0335 0.1816 0.1816 0.1981
v 16.3864 -4.8151 -0.0392 0.1817 0.1817 0.1982
v 16.4080 -4.7257 -0.0345 0.1817 0.1817 0.1982
v 16.4399 -4.8280 -0.0405 0.1817 0.1817 0.1983
v 16.4614 -4.7385 -0.0357 0.1818 0.1818 0.1983
v 16.4933 -4.8408 -0.0420 0.1817 0.1817 0.1983
v 16.5149 -4.7514 -0.0371 0.1818 0.1818 0.1983
v 16.5468 -4.8537 -0.0437 0.1816 0.1816 0.1981
v 16.5683 -4.7643 -0.0386 0.1817 0.1817 0.1982
v 16.6002 -4.8666 -0.0454 0.1814 0.1814 0.1979
v 16.6217 -4.7771 -0.0402 0.1815 0.1815 0.1980
v 16.6536 -4.8794 -0.0472 0.1815 0.1815 0.1980
v 16.6751 -4.7900 -0.0419 0.1815 0.1815 0.1980
v 16.7070 -4.8923 -0.0492 0.1815 0.1815 0.1980
v 16.7286 -4.8029 -0.0438 0.1816 0.1816 0.1981
v -10.2957 -3.6586 0.0008 0.1931 0.1931 0.2107
v -10.3368 -3.5763 0.0006 0.1931 0.1931 0.2107
v -10.2465 -3.6340 0.0006 0.1930 0.1930 0.2106
v -10.2877 -3.5517 0.0004 0.1931 0.1931 0.2106
v -10.1973 -3.6094 0.0004 0.1928 0.1928 0.2104
v -10.2385 -3.5271 0.0003 0.1929 0.1929 0.2104
v -10.1481 -3.5848 0.0003 0.1927 0.1927 0.2102
v -10.1893 -3.5025 0.0001 0.1927 0.1927 0.2103
v -10.0989 -3.5602 0.0003 0.1924 0.1924 0.2099
v -10.1401 -3.4779 0.0001 0.1925 0.1925 0.2100
v -10.0497 -3.5356 0.0003 0.1922 0.1922 0.2097
v -10.0909 -3.4533 0.0001 0.1923 0.1923 0.2098
v -10.0005 -3.5110 0.0003 0.1920 0.1920 0.2095
v -10.0417 -3.4287 0.0001 0.1921 0.1921 0.2096
v -9.9513 -3.4864 0.0005 0.1917 0.1917 0.2092
v -9.9925 -3.4041 0.0002 0.1919 0.1919 0.2093
v -9.9022 -3.4618 0.0007 0.1915 0.1915 0.2089
v -9.9433 -3.3795 0.0003 0.1916 0.1916 0.2090
v -9.8530 -3.4372 0.0009 0.1912 0.1912 0.2086
v -9.8941 -3.3549 0.0005 0.1913 0.1913 0.2087
v -9.8038 -3.4126 0.0012 0.1909 0.1909 0.2083
v -9.8449 -3.3303 0.0008 0.1911 0.1911 0.2084
v -9.7546 -3.3880 0.0016 0.1906 0.1906 0.2079
v -9.7957 -3.3057 0.0012 0.1908 0.1908 0.2081
v -9.7054 -3.3634 0.0021 0.1902 0.1902 0.2075
v -9.7465 -3.2811 0.0016 0.1905 0.1905 0.2078
v -9.6562 -3.3388 0.0028 0.1898 0.1898 0.2070
v -9.6973 -3.2565 0.0021 0.1901 0.1901 0.2074
v -9.6070 -3.3142 0.0036 0.1893 0.1893 0.2065
v -9.6481 -3.2320 0.0027 0.1897 0.1897 0.2069
v -9.5578 -3.2896 0.0045 0.1888 0.1888 0.2059
v -9.5989 -3.2074 0.0035 0.1892 0.1892 0.2064
v -9.5086 -3.2650 0.0056 0.1883 0.1883 0.2054
v -9.5498 -3.1828 0.0044 0.1887 0.1887 0.2058
v -9.4594 -3.2404 0.0069 0.1878 0.1878 0.2049
v -9.5006 -3.1582 0.0054 0.1883 0.1883 0.2054
v -9.4102 -3.2159 0.0084 0.1874 0.1874 0.2045
v -9.4514 -3.1336 0.0066 0.1878 0.1878 0.2049
v -9.3610 -3.1913 0.0099 0.1872 0.1872 0.2042
v -9.4022 -3.1090 0.0079 0.1875 0.1875 0.2045
v -9.3118 -3.1667 0.0115 0.1872 0.1872 0.2042
v -9.3530 -3.0844 0.0094 0.1874 0.1874 0.2044
v -9.2626 -3.1421 0.0132 0.1873 0.1873 0.2044
v -9.3038 -3.0598 0.0109 0.1875 0.1875 0.2045
v -9.2134 -3.1175 0.0148 0.1876 0.1876 0.2047
v -9.2546 -3.0352 0.0123 0.1878 0.1878 0.2049
v -9.1643 -3.0929 0.0165 0.1882 0.1882 0.2053
v -9.2054 -3.0106 0.0137 0.1883 0.1883 0.2054
v -9.1151 -3.0683 0.0181 0.1892 0.1892 0.2064
v -9.1562 -2.9860 0.0150 0.1892 0.1892 0.2064
v -9.0659 -3.0437 0.0195 0.1903 0.1903 0.2076
v -9.1070 -2.9614 0.0162 0.1902 0.1902 0.2075
v -9.0167 -3.0191 0.0208 0.1915 0.1915 0.2089
v -9.0578 -2.9368 0.0172 0.1914 0.1914 0.2088
v -8.9675 -2.9945 0.0218 0.1927 0.1927 0.2103
v -9.0086 -2.9122 0.0180 0.1926 0.1926 0.2101
v -8.9183 -2.9699 0.0227 0.1940 0.1940 0.2116
v -8.9594 -2.8876 0.0186 0.1938 0.1938 0.2114
v -8.8691 -2.9453 0.0232 0.1951 0.1951 0.2128
v -8.9102 -2.8630 0.0190 0.1949 0.1949 0.2126
v -8.8199 -2.9207 0.0236 0.1961 0.1961 0.2139
v -8.8610 -2.8384 0.0193 0.1959 0.1959 0.2138
v -8.7707 -2.8961 0.0238 0.1970 0.1970 0.2149
v -8.8118 -2.8138 0.0194 0.1968 0.1968 0.2147
v -8.7215 -2.8715 0.0238 0.1976 0.1976 0.2156
v -8.7627 -2.7892 0.0193 0.1975 0.1975 0.2155
v -8.6723 -2.8469 0.0238 0.1981 0.1981 0.2161
v -8.7135 -2.7646 0.0192 0.1980 0.1980 0.2160
v -8.6231 -2.8223 0.0236 0.1982 0.1982 0.2162
v -8.6643 -2.7400 0.0190 0.1983 0.1983 0.2163
v -8.5739 -2.7977 0.0235 0.1980 0.1980 0.2160
v -8.6151 -2.7154 0.0188 0.1982 0.1982 0.2162
v -8.5247 -2.7731 0.0234 0.1973 0.1973 0.2153
v -8.5659 -2.6908 0.0187 0.1976 0.1976 0.2156
v -8.4755 -2.7485 0.0235 0.1964 0.1964 0.2142
v -8.5167 -2.6662 0.0187 0.1968 0.1968 0.2147
v -8.4264 -2.7239 0.0238 0.1952 0.1952 0.2129
v -8.4675 -2.6416 0.0191 0.1956 0.1956 0.2134
v -8.3772 -2.6993 0.0244 0.1938 0.1938 0.2114
v -8.4183 -2.6170 0.0197 0.1942 0.1942 0.2118
v -8.3280 -2.6747 0.0253 0.1922 0.1922 0.2097
v -8.3691 -2.5924 0.0206 0.1927 0.1927 0.2102
v -8.2789 -2.6502 0.0265 0.1907 0.1907 0.2081
v -8.3201 -2.5679 0.0219 0.1911 0.1911 0.2085
v -8.2299 -2.6256 0.0279 0.1894 0.1894 0.2066
v -8.2712 -2.5434 0.0234 0.1897 0.1897 0.2069
v -8.1809 -2.6010 0.0295 0.1884 0.1884 0.2055
v -8.2223 -2.5188 0.0252 0.1885 0.1885 0.2056
v -8.1320 -2.5764 0.0313 0.1877 0.1877 0.2048
v -8.1734 -2.4942 0.0272 0.1876 0.1876 0.2047
v -8.0831 -2.5517 0.0331 0.1875 0.1875 0.2046
v -8.1246 -2.4695 0.0293 0.1872 0.1872 0.2043
v -8.0341 -2.5269 0.0349 0.1876 0.1876 0.2046
v -8.0757 -2.4448 0.0313 0.1872 0.1872 0.2042
v -7.9852 -2.5021 0.0366 0.1880 0.1880 0.2050
v -8.0268 -2.4201 0.0332 0.1875 0.1875 0.2045
v -7.9363 -2.4773 0.0381 0.1887 0.1887 0.2058
v -7.9779 -2.3952 0.0350 0.1880 0.1880 0.2051
v -7.8873 -2.4524 0.0393 0.1896 0.1896 0.2068
v -7.9290 -2.3704 0.0366 0.1889 0.1889 0.2061
v -7.8384 -2.4275 0.0403 0.2019 0.2019 0.2203
v -7.8801 -2.3455 0.0379 0.1899 0.1899 0.2072
v -7.7894 -2.4026 0.0304 0.1850 0.1850 0.2018
v -7.8312 -2.3206 0.0388 0.1980 0.1980 0.2160
v -7.7405 -2.3776 0.0383 0.1887 0.1887 0.2059
v -7.7823 -2.2957 0.0395 0.1854 0.1854 0.2023
v -7.6915 -2.3527 0.0414 0.2071 0.2071 0.2259
v -7.7333 -2.2707 0.0314 0.2133 0.2133 0.2327
v -7.6426 -2.3277 0.0412 0.2091 0.2091 0.2281
v -7.6844 -2.2457 0.0265 0.2145 0.2145 0.2340
v -7.5936 -2.3027 0.0409 0.2015 0.2015 0.2198
v -7.6354 -2.2207 0.0258 0.2031 0.2031 0.2216
v -7.5446 -2.2777 0.0406 0.1899 0.1899 0.2071
v -7.5864 -2.1957 0.0295 0.1874 0.1874 0.2044
v -7.4956 -2.2527 0.0402 0.1931 0.1931 0.2107
v -7.5374 -2.1707 0.0372 0.1835 0.1835 0.2002
v -7.4466 -2.2277 0.0396 0.1954 0.1954 0.2131
v -7.4884 -2.1457 0.0391 0.1922 0.1922 0.2097
v -7.3976 -2.2027 0.0388 0.1958 0.1958 0.2136
v -7.4394 -2.1207 0.0387 0.1952 0.1952 0.2130
v -7.3486 -2.1777 0.0378 0.1962 0.1962 0.2141
v -7.3903 -2.0957 0.0380 0.1956 0.1956 0.2134
v -7.2995 -2.1527 0.0366 0.1965 0.1965 0.2144
v -7.3413 -2.0707 0.0373 0.1960 0.1960 0.2138
v -7.2504 -2.1277 0.0353 0.1966 0.1966 0.2145
v -7.2922 -2.0457 0.0364 0.1961 0.1961 0.2140
v -7.2013 -2.1027 0.0338 0.1965 0.1965 0.2143
v -7.2430 -2.0207 0.0353 0.1961 0.1961 0.2139
v -7.1522 -2.0777 0.0323 0.1961 0.1961 0.2139
v -7.1939 -1.9957 0.0342 0.1958 0.1958 0.2136
v -7.1031 -2.0528 0.0308 0.1954 0.1954 0.2131
v -7.1447 -1.9707 0.0331 0.1952 0.1952 0.2129
v -7.0539 -2.0278 0.0294 0.1944 0.1944 0.2120
v -7.0955 -1.9458 0.0320 0.1943 0.1943 0.2120
v -7.0047 -2.0029 0.0281 0.1931 0.1931 0.2107
v -7.0463 -1.9209 0.0311 0.1932 0.1932 0.2107
v -6.9555 -1.9781 0.0271 0.1915 0.1915 0.2090
v -6.9970 -1.8959 0.0304 0.1918 0.1918 0.2092
v -6.9063 -1.9532 0.0263 0.1894 0.1894 0.2066
v -6.9477 -1.8711 0.0299 0.1897 0.1897 0.2069
v -6.8570 -1.9284 0.0258 0.1875 0.1875 0.2045
v -6.8984 -1.8462 0.0300 0.1875 0.1875 0.2045
v -6.8077 -1.9036 0.0255 0.1855 0.1855 0.2024
v -6.8490 -1.8214 0.0302 0.1856 0.1856 0.2025
v -6.7584 -1.8789 0.0256 0.1832 0.1832 0.1998
v -6.7996 -1.7966 0.0308 0.1837 0.1837 0.2004
v -6.7090 -1.8542 0.0263 0.1811 0.1811 0.1976
v -6.7502 -1.7719 0.0316 0.1816 0.1816 0.1981
v -6.6596 -1.8295 0.0274 0.1797 0.1797 0.1960
v -6.7007 -1.7472 0.0327 0.1801 0.1801 0.1965
v -6.6102 -1.8049 0.0287 0.1787 0.1787 0.1949
v -6.6512 -1.7225 0.0340 0.1790 0.1790 0.1953
v -6.5607 -1.7803 0.0303 0.1871 0.1871 0.2041
v -6.6016 -1.6979 0.0355 0.1782 0.1782 0.1944
v -6.5112 -1.7558 0.0232 0.1843 0.1843 0.2010
v -6.5520 -1.6733 0.0372 0.1829 0.1829 0.1995
v -6.4617 -1.7313 0.0199 0.1663 0.1663 0.1814
v -6.5023 -1.6488 0.0389 0.1687 0.1687 0.1841
v -6.4121 -1.7069 0.0216 0.1525 0.1525 0.1664
v -6.4526 -1.6243 0.0406 0.1585 0.1585 0.1729
v -6.3624 -1.6825 0.0285 0.1552 0.1552 0.1693
v -6.4029 -1.5999 0.0422 0.1613 0.1613 0.1760
v -6.3127 -1.6583 0.0388 0.1831 0.1831 0.1998
v -6.3531 -1.5756 0.0399 0.1808 0.1808 0.1972
v -6.2630 -1.6340 0.0405 0.1967 0.1967 0.2146
v -6.3032 -1.5513 0.0339 0.2043 0.2043 0.2229
v -6.2132 -1.6099 0.0422 0.1888 0.1888 0.2060
v -6.2533 -1.5271 0.0330 0.1930 0.1930 0.2105
v -6.1633 -1.5858 0.0439 0.1748 0.1748 0.1907
v -6.2033 -1.5029 0.0377 0.1744 0.1744 0.1902
v -6.1134 -1.5618 0.0456 0.1773 0.1773 0.1934
v -6.1532 -1.4789 0.0477 0.1680 0.1680 0.1833
v -6.0634 -1.5379 0.0473 0.1795 0.1795 0.1958
v -6.1031 -1.4549 0.0515 0.1768 0.1768 0.1928
v -6.0134 -1.5141 0.0489 0.1800 0.1800 0.1963
v -6.0529 -1.4310 0.0530 0.1800 0.1800 0.1964
v -5.9633 -1.4904 0.0504 0.1805 0.1805 0.1969
v -6.0026 -1.4072 0.0543 0.1805 0.1805 0.1969
v -5.9132 -1.4667 0.0519 0.1810 0.1810 0.1975
v -5.9523 -1.3835 0.0556 0.1811 0.1811 0.1975
v -5.8632 -1.4433 0.0533 0.1816 0.1816 0.1981
v -5.9023 -1.3600 0.0568 0.1816 0.1816 0.1981
v -5.8134 -1.4199 0.0547 0.1821 0.1821 0.1987
v -5.8525 -1.3366 0.0580 0.1821 0.1821 0.1987
v -5.7636 -1.3966 0.0559 0.1827 0.1827 0.1993
v -5.8027 -1.3133 0.0591 0.1827 0.1827 0.1993
v -5.7138 -1.3732 0.0571 0.1832 0.1832 0.1999
v -5.7528 -1.2899 0.0601 0.1832 0.1832 0.1998
v -5.6640 -1.3499 0.0582 0.1838 0.1838 0.2005
v -5.7030 -1.2666 0.0611 0.1837 0.1837 0.2004
v -5.6141 -1.3265 0.0592 0.1846 0.1846 0.2014
v -5.6531 -1.2432 0.0620 0.1843 0.1843 0.2011
v -5.5642 -1.3032 0.0600 0.1853 0.1853 0.2022
v -5.6032 -1.2198 0.0628 0.1852 0.1852 0.2020
v -5.5143 -1.2798 0.0606 0.1857 0.1857 0.2026
v -5.5533 -1.1965 0.0634 0.1857 0.1857 0.2025
v -5.4644 -1.2565 0.0613 0.1860 0.1860 0.2029
v -5.5033 -1.1732 0.0639 0.1860 0.1860 0.2029
v -5.4145 -1.2332 0.0618 0.1863 0.1863 0.2032
v -5.4534 -1.1498 0.0645 0.1863 0.1863 0.2032
v -5.3645 -1.2099 0.0624 0.1866 0.1866 0.2035
v -5.4034 -1.1265 0.0649 0.1865 0.1865 0.2035
v -5.3145 -1.1867 0.0629 0.1871 0.1871 0.2041
v -5.3533 -1.1032 0.0654 0.1869 0.1869 0.2039
v -5.2645 -1.1634 0.0632 0.1879 0.1879 0.2049
v -5.3032 -1.0800 0.0657 0.1876 0.1876 0.2046
v -5.2145 -1.1402 0.0634 0.1888 0.1888 0.2060
v -5.2531 -1.0568 0.0658 0.1885 0.1885 0.2056
v -5.1644 -1.1171 0.0633 0.1898 0.1898 0.2071
v -5.2030 -1.0336 0.0658 0.1895 0.1895 0.2067
v -5.1143 -1.0939 0.0630 0.1908 0.1908 0.2082
v -5.1528 -1.0104 0.0655 0.1905 0.1905 0.2078
v -5.0641 -1.0709 0.0625 0.1916 0.1916 0.2091
v -5.1025 -0.9873 0.0650 0.1913 0.1913 0.2087
v -5.0139 -1.0478 0.0618 0.1922 0.1922 0.2097
v -5.0523 -0.9642 0.0644 0.1920 0.1920 0.2094
v -4.9637 -1.0248 0.0609 0.1925 0.1925 0.2100
v -5.0019 -0.9412 0.0636 0.1923 0.1923 0.2098
v -4.9134 -1.0019 0.0600 0.1925 0.1925 0.2100
v -4.9516 -0.9182 0.0628 0.1924 0.1924 0.2099
v -4.8631 -0.9790 0.0590 0.1921 0.1921 0.2096
v -4.9011 -0.8952 0.0620 0.1921 0.1921 0.2096
v -4.8127 -0.9562 0.0580 0.1915 0.1915 0.2089
v -4.8507 -0.8724 0.0612 0.1915 0.1915 0.2089
v -4.7623 -0.9334 0.0572 0.1906 0.1906 0.2079
v -4.8001 -0.8495 0.0606 0.1907 0.1907 0.2080
v -4.7119 -0.9107 0.0565 0.1894 0.1894 0.2067
v -4.7495 -0.8268 0.0601 0.1896 0.1896 0.2068
v -4.6614 -0.8881 0.0559 0.1883 0.1883 0.2054
v -4.6989 -0.8041 0.0598 0.1884 0.1884 0.2055
v -4.6108 -0.8655 0.0556 0.1871 0.1871 0.2041
v -4.6482 -0.7815 0.0597 0.1872 0.1872 0.2042
v -4.5602 -0.8431 0.0555 0.1860 0.1860 0.2029
v -4.5974 -0.7590 0.0598 0.1861 0.1861 0.2030
v -4.5095 -0.8207 0.0555 0.1851 0.1851 0.2019
v -4.5466 -0.7365 0.0600 0.1852 0.1852 0.2020
v -4.4587 -0.7984 0.0557 0.1844 0.1844 0.2012
v -4.4957 -0.7141 0.0603 0.1845 0.1845 0.2013
v -4.4079 -0.7762 0.0560 0.1842 0.1842 0.2009
v -4.4447 -0.6919 0.0607 0.1841 0.1841 0.2008
v -4.3571 -0.7541 0.0562 0.1846 0.1846 0.2013
v -4.3936 -0.6697 0.0611 0.1842 0.1842 0.2010
v -4.3061 -0.7321 0.0563 0.1850 0.1850 0.2019
v -4.3425 -0.6476 0.0613 0.1848 0.1848 0.2016
v -4.2551 -0.7102 0.0563 0.1848 0.1848 0.2016
v -4.2912 -0.6256 0.0613 0.1848 0.1848 0.2016
v -4.2040 -0.6885 0.0562 0.1851 0.1851 0.2019
v -4.2399 -0.6038 0.0615 0.1846 0.1846 0.2014
v -4.1528 -0.6668 0.0559 0.1855 0.1855 0.2024
v -4.1885 -0.5821 0.0615 0.1850 0.1850 0.2018
v -4.1015 -0.6453 0.0553 0.1862 0.1862 0.2031
v -4.1370 -0.5604 0.0613 0.1856 0.1856 0.2025
v -4.0501 -0.6240 0.0545 0.1867 0.1867 0.2037
v -4.0853 -0.5390 0.0608 0.1864 0.1864 0.2034
v -3.9987 -0.6027 0.0537 0.1876 0.1876 0.2047
v -4.0336 -0.5176 0.0600 0.1872 0.1872 0.2042
v -3.9471 -0.5817 0.0526 0.1890 0.1890 0.2062
v -3.9818 -0.4964 0.0588 0.1886 0.1886 0.2057
v -3.8954 -0.5607 0.0512 0.1903 0.1903 0.2076
v -3.9298 -0.4754 0.0573 0.1900 0.1900 0.2072
v -3.8436 -0.5400 0.0495 0.1915 0.1915 0.2089
v -3.8777 -0.4545 0.0555 0.1913 0.1913 0.2086
v -3.7917 -0.5194 0.0476 0.1926 0.1926 0.2101
v -3.8255 -0.4338 0.0535 0.1924 0.1924 0.2099
v -3.7397 -0.4990 0.0456 0.1935 0.1935 0.2110
v -3.7731 -0.4133 0.0512 0.1934 0.1934 0.2110
v -3.6875 -0.4789 0.0434 0.1941 0.1941 0.2117
v -3.7205 -0.3930 0.0488 0.1941 0.1941 0.2118
v -3.6352 -0.4589 0.0412 0.1945 0.1945 0.2122
v -3.6679 -0.3729 0.0463 0.1946 0.1946 0.2123
v -3.5828 -0.4392 0.0390 0.1947 0.1947 0.2124
v -3.6150 -0.3530 0.0438 0.1949 0.1949 0.2126
v -3.5302 -0.4197 0.0368 0.1947 0.1947 0.2124
v -3.5619 -0.3333 0.0413 0.1950 0.1950 0.2127
v -3.4775 -0.4005 0.0348 0.1945 0.1945 0.2122
v -3.5088 -0.3139 0.0390 0.1948 0.1948 0.2125
v -3.4247 -0.3815 0.0330 0.1942 0.1942 0.2118
v -3.4556 -0.2949 0.0368 0.1945 0.1945 0.2122
v -3.3719 -0.3629 0.0313 0.1938 0.1938 0.2114
v -3.4024 -0.2761 0.0348 0.1942 0.1942 0.2118
v -3.3191 -0.3444 0.0298 0.1934 0.1934 0.2110
v -3.3491 -0.2575 0.0330 0.1938 0.1938 0.2114
v -3.2661 -0.3263 0.0285 0.1932 0.1932 0.2107
v -3.2958 -0.2392 0.0315 0.1934 0.1934 0.2110
v -3.2131 -0.3083 0.0273 0.1931 0.1931 0.2107
v -3.2423 -0.2211 0.0300 0.1933 0.1933 0.2109
v -3.1599 -0.2906 0.0261 0.1933 0.1933 0.2108
v -3.1888 -0.2033 0.0287 0.1934 0.1934 0.2109
v -3.1067 -0.2732 0.0250 0.1934 0.1934 0.2110
v -3.1352 -0.1857 0.0273 0.1935 0.1935 0.2111
v -3.0534 -0.2560 0.0239 0.1934 0.1934 0.2109
v -3.0815 -0.1684 0.0260 0.1936 0.1936 0.2112
v -3.0001 -0.2391 0.0228 0.1932 0.1932 0.2108
v -3.0277 -0.1513 0.0248 0.1935 0.1935 0.2110
v -2.9466 -0.2224 0.0220 0.1931 0.1931 0.2106
v -2.9738 -0.1345 0.0237 0.1933 0.1933 0.2109
v -2.8931 -0.2059 0.0212 0.1929 0.1929 0.2104
v -2.9199 -0.1179 0.0227 0.1931 0.1931 0.2107
v -2.8395 -0.1897 0.0205 0.1928 0.1928 0.2103
v -2.8659 -0.1016 0.0218 0.1930 0.1930 0.2105
v -2.7858 -0.1738 0.0199 0.1927 0.1927 0.2102
v -2.8118 -0.0855 0.0211 0.1928 0.1928 0.2104
v -2.7320 -0.1581 0.0194 0.1927 0.1927 0.2102
v -2.7576 -0.0697 0.0204 0.1928 0.1928 0.2103
v -2.6782 -0.1427 0.0190 0.1927 0.1927 0.2102
v -2.7033 -0.0542 0.0198 0.1928 0.1928 0.2103
v -2.6243 -0.1275 0.0186 0.1929 0.1929 0.2104
v -2.6490 -0.0389 0.0193 0.1929 0.1929 0.2105
v -2.5703 -0.1125 0.0181 0.1931 0.1931 0.2107
v -2.5946 -0.0238 0.0187 0.1931 0.1931 0.2107
v -2.5163 -0.0979 0.0177 0.1935 0.1935 0.2111
v -2.5402 -0.0090 0.0182 0.1934 0.1934 0.2110
v -2.4621 -0.0834 0.0171 0.1939 0.1939 0.2115
v -2.4856 0.0055 0.0176 0.1938 0.1938 0.2114
v -2.4079 -0.0693 0.0165 0.1944 0.1944 0.2120
v -2.4310 0.0198 0.0169 0.1942 0.1942 0.2119
v -2.3537 -0.0554 0.0158 0.1949 0.1949 0.2126
v -2.3763 0.0338 0.0161 0.1947 0.1947 0.2124
v -2.2994 -0.0417 0.0150 0.1953 0.1953 0.2131
v -2.3216 0.0476 0.0152 0.1952 0.1952 0.2130
v -2.2450 -0.0283 0.0141 0.1958 0.1958 0.2136
v -2.2668 0.0611 0.0142 0.1957 0.1957 0.2135
v -2.1905 -0.0151 0.0131 0.1962 0.1962 0.2140
v -2.2119 0.0743 0.0132 0.1961 0.1961 0.2139
v -2.1360 -0.0023 0.0120 0.1964 0.1964 0.2143
v -2.1570 0.0873 0.0120 0.1964 0.1964 0.2143
v -2.0815 0.0104 0.0109 0.1965 0.1965 0.2144
v -2.1020 0.1001 0.0109 0.1966 0.1966 0.2144
v -2.0269 0.0228 0.0099 0.1965 0.1965 0.2144
v -2.0470 0.1125 0.0097 0.1966 0.1966 0.2144
v -1.9722 0.0349 0.0089 0.1964 0.1964 0.2143
v -1.9919 0.1247 0.0087 0.1965 0.1965 0.2144
v -1.9175 0.0467 0.0079 0.1963 0.1963 0.2141
v -1.9367 0.1367 0.0076 0.1964 0.1964 0.2143
v -1.8627 0.0583 0.0071 0.1954 0.1954 0.2132
v -1.8815 0.1484 0.0067 0.1959 0.1959 0.2137
v -1.8078 0.0697 0.0066 0.1949 0.1949 0.2127
v -1.8263 0.1598 0.0061 0.1951 0.1951 0.2128
v -1.7529 0.0808 0.0061 0.1948 0.1948 0.2125
v -1.7709 0.1710 0.0056 0.1948 0.1948 0.2126
v -1.6980 0.0916 0.0058 0.1946 0.1946 0.2123
v -1.7156 0.1819 0.0052 0.1947 0.1947 0.2124
v -1.6430 0.1022 0.0054 0.1944 0.1944 0.2121
v -1.6602 0.1926 0.0048 0.1945 0.1945 0.2122
v -1.5880 0.1125 0.0051 0.1943 0.1943 0.2120
v -1.6047 0.2030 0.0045 0.1943 0.1943 0.2120
v -1.5329 0.1226 0.0049 0.1942 0.1942 0.2118
v -1.5492 0.2131 0.0043 0.1942 0.1942 0.2119
v -1.4774 0.1325 0.0046 0.1941 0.1941 0.2118
v -1.4931 0.2231 0.0040 0.1941 0.1941 0.2118
v -1.4212 0.1420 0.0044 0.1941 0.1941 0.2117
v -1.4362 0.2327 0.0038 0.1941 0.1941 0.2117
v -1.3648 0.1510 0.0041 0.1941 0.1941 0.2118
v -1.3788 0.2419 0.0036 0.1941 0.1941 0.2117
v -1.3083 0.1594 0.0038 0.1942 0.1942 0.2118
v -1.3214 0.2504 0.0033 0.1941 0.1941 0.2118
v -1.2518 0.1672 0.0036 0.1942 0.1942 0.2119
v -1.2641 0.2584 0.0030 0.1942 0.1942 0.2119
v -1.1953 0.1746 0.0032 0.1943 0.1943 0.2120
v -1.2067 0.2658 0.0027 0.1943 0.1943 0.2120
v -1.1387 0.1813 0.0029 0.1936 0.1936 0.2112
v -1.1492 0.2727 0.0024 0.1939 0.1939 0.2115
v -1.0821 0.1876 0.0027 0.1920 0.1920 0.2094
v -1.0918 0.2791 0.0024 0.1926 0.1926 0.2101
v -1.0255 0.1934 0.0031 0.1912 0.1912 0.2086
v -1.0343 0.2849 0.0028 0.1913 0.1913 0.2086
v -0.9688 0.1986 0.0035 0.1911 0.1911 0.2085
v -0.9769 0.2902 0.0032 0.1912 0.1912 0.2085
v -0.9121 0.2033 0.0039 0.1910 0.1910 0.2083
v -0.9194 0.2950 0.0037 0.1910 0.1910 0.2084
v -0.8555 0.2076 0.0043 0.1909 0.1909 0.2082
v -0.8619 0.2994 0.0041 0.1909 0.1909 0.2083
v -0.7988 0.2113 0.0048 0.1908 0.1908 0.2081
v -0.8045 0.3032 0.0046 0.1908 0.1908 0.2082
v -0.7420 0.2146 0.0053 0.1908 0.1908 0.2081
v -0.7470 0.3065 0.0051 0.1908 0.1908 0.2081
v -0.6853 0.2174 0.0058 0.1909 0.1909 0.2083
v -0.6895 0.3093 0.0056 0.1909 0.1909 0.2082
v -0.6286 0.2197 0.0063 0.1902 0.1902 0.2075
v -0.6320 0.3117 0.0061 0.1906 0.1906 0.2079
v -0.5719 0.2216 0.0071 0.1899 0.1899 0.2071
v -0.5745 0.3136 0.0069 0.1898 0.1898 0.2071
v -0.5151 0.2230 0.0079 0.1901 0.1901 0.2074
v -0.5170 0.3150 0.0077 0.1900 0.1900 0.2073
v -0.4584 0.2239 0.0085 0.1904 0.1904 0.2077
v -0.4595 0.3159 0.0084 0.1903 0.1903 0.2076
v -0.4017 0.2244 0.0091 0.1907 0.1907 0.2081
v -0.4021 0.3164 0.0090 0.1906 0.1906 0.2080
v -0.3449 0.2244 0.0095 0.1911 0.1911 0.2084
v -0.3446 0.3164 0.0095 0.1909 0.1909 0.2083
v -0.2882 0.2239 0.0098 0.1914 0.1914 0.2088
v -0.2871 0.3159 0.0098 0.1913 0.1913 0.2087
v -0.2314 0.2230 0.0100 0.1917 0.1917 0.2091
v -0.2295 0.3150 0.0100 0.1916 0.1916 0.2090
v -0.1747 0.2216 0.0101 0.1919 0.1919 0.2094
v -0.1720 0.3136 0.0101 0.1918 0.1918 0.2093
v -0.1179 0.2198 0.0101 0.1921 0.1921 0.2096
v -0.1145 0.3117 0.0101 0.1921 0.1921 0.2095
v -0.0611 0.2174 0.0100 0.1923 0.1923 0.2098
v -0.0569 0.3093 0.0101 0.1923 0.1923 0.2097
v -0.0036 0.2145 0.0098 0.1924 0.1924 0.2099
v 0.0017 0.3064 0.0099 0.1924 0.1924 0.2099
v 0.0562 0.2106 0.0095 0.1925 0.1925 0.2100
v 0.0636 0.3023 0.0097 0.1925 0.1925 0.2100
v 0.1183 0.2046 0.0092 0.1925 0.1925 0.2100
v 0.1289 0.2960 0.0094 0.1925 0.1925 0.2100
v 0.1815 0.1960 0.0088 0.1924 0.1924 0.2099
v 0.1958 0.2869 0.0090 0.1924 0.1924 0.2099
v 0.2453 0.1846 0.0084 0.1923 0.1923 0.2097
v 0.2637 0.2747 0.0086 0.1923 0.1923 0.2098
v 0.3096 0.1697 0.0080 0.1921 0.1921 0.2095
v 0.3327 0.2588 0.0083 0.1922 0.1922 0.2096
v 0.3737 0.1512 0.0076 0.1919 0.1919 0.2093
v 0.4017 0.2389 0.0079 0.1920 0.1920 0.2094
v 0.4364 0.1293 0.0073 0.1917 0.1917 0.2091
v 0.4690 0.2153 0.0075 0.1918 0.1918 0.2092
v 0.4963 0.1049 0.0070 0.1914 0.1914 0.2088
v 0.5328 0.1894 0.0073 0.1915 0.1915 0.2089
v 0.5523 0.0794 0.0068 0.1910 0.1910 0.2084
v 0.5913 0.1628 0.0071 0.1912 0.1912 0.2086
v 0.6036 0.0548 0.0067 0.1904 0.1904 0.2077
v 0.6433 0.1378 0.0072 0.1907 0.1907 0.2080
v 0.6505 0.0324 0.0067 0.1900 0.1900 0.2072
v 0.6890 0.1160 0.0074 0.1901 0.1901 0.2074
v 0.6944 0.0128 0.0068 0.1898 0.1898 0.2070
v 0.7302 0.0976 0.0075 0.1899 0.1899 0.2071
v 0.7423 -0.0063 0.0070 0.1896 0.1896 0.2068
v 0.7768 0.0790 0.0077 0.1897 0.1897 0.2069
v 0.7967 -0.0285 0.0071 0.1894 0.1894 0.2066
v 0.8327 0.0561 0.0080 0.1895 0.1895 0.2067
v 0.8521 -0.0530 0.0073 0.1892 0.1892 0.2063
v 0.8903 0.0307 0.0082 0.1893 0.1893 0.2065
v 0.9059 -0.0783 0.0074 0.1890 0.1890 0.2061
v 0.9458 0.0046 0.0084 0.1891 0.1891 0.2062
v 0.9581 -0.1040 0.0075 0.1888 0.1888 0.2059
v 0.9992 -0.0217 0.0085 0.1889 0.1889 0.2060
v 1.0088 -0.1297 0.0075 0.1886 0.1886 0.2058
v 1.0506 -0.0477 0.0086 0.1887 0.1887 0.2059
v 1.0580 -0.1549 0.0076 0.1885 0.1885 0.2056
v 1.1000 -0.0731 0.0088 0.1886 0.1886 0.2057
v 1.1059 -0.1794 0.0077 0.1884 0.1884 0.2055
v 1.1474 -0.0973 0.0089 0.1885 0.1885 0.2056
v 1.1525 -0.2027 0.0078 0.1883 0.1883 0.2054
v 1.1928 -0.1200 0.0090 0.1883 0.1883 0.2055
v 1.1978 -0.2243 0.0079 0.1882 0.1882 0.2053
v 1.2363 -0.1408 0.0092 0.1883 0.1883 0.2054
v 1.2430 -0.2444 0.0081 0.1882 0.1882 0.2053
v 1.2793 -0.1599 0.0093 0.1882 0.1882 0.2053
v 1.2920 -0.2647 0.0083 0.1882 0.1882 0.2053
v 1.3275 -0.1798 0.0095 0.1882 0.1882 0.2053
v 1.3429 -0.2862 0.0085 0.1883 0.1883 0.2054
v 1.3786 -0.2014 0.0097 0.1882 0.1882 0.2054
v 1.3894 -0.3057 0.0087 0.1884 0.1884 0.2055
v 1.4232 -0.2201 0.0098 0.1884 0.1884 0.2055
v 1.4332 -0.3220 0.0088 0.1886 0.1886 0.2057
v 1.4637 -0.2352 0.0100 0.1885 0.1885 0.2056
v 1.4797 -0.3373 0.0090 0.1888 0.1888 0.2059
v 1.5077 -0.2497 0.0101 0.1887 0.1887 0.2058
v 1.5294 -0.3527 0.0091 0.1890 0.1890 0.2062
v 1.5562 -0.2647 0.0102 0.1889 0.1889 0.2061
v 1.5807 -0.3681 0.0093 0.1892 0.1892 0.2065
v 1.6069 -0.2799 0.0102 0.1891 0.1891 0.2063
v 1.6327 -0.3834 0.0094 0.1895 0.1895 0.2067
v 1.6585 -0.2951 0.0103 0.1894 0.1894 0.2066
v 1.6850 -0.3987 0.0094 0.1898 0.1898 0.2070
v 1.7107 -0.3103 0.0103 0.1897 0.1897 0.2069
v 1.7373 -0.4138 0.0094 0.1899 0.1899 0.2072
v 1.7627 -0.3254 0.0102 0.1899 0.1899 0.2071
v 1.7892 -0.4286 0.0095 0.1900 0.1900 0.2073
v 1.8142 -0.3401 0.0102 0.1900 0.1900 0.2073
v 1.8412 -0.4432 0.0095 0.1900 0.1900 0.2073
v 1.8658 -0.3545 0.0102 0.1900 0.1900 0.2073
v 1.8935 -0.4576 0.0095 0.1899 0.1899 0.2071
v 1.9178 -0.3688 0.0102 0.1899 0.1899 0.2072
v 1.9460 -0.4719 0.0095 0.1895 0.1895 0.2067
v 1.9700 -0.3831 0.0103 0.1897 0.1897 0.2069
v 1.9986 -0.4860 0.0096 0.1888 0.1888 0.2060
v 2.0225 -0.3972 0.0106 0.1891 0.1891 0.2063
v 2.0515 -0.5002 0.0098 0.1880 0.1880 0.2051
v 2.0752 -0.4113 0.0109 0.1884 0.1884 0.2055
v 2.1044 -0.5142 0.0102 0.1871 0.1871 0.2041
v 2.1280 -0.4253 0.0115 0.1875 0.1875 0.2045
v 2.1574 -0.5283 0.0106 0.1861 0.1861 0.2030
v 2.1809 -0.4394 0.0122 0.1865 0.1865 0.2034
v 2.2105 -0.5423 0.0111 0.1851 0.1851 0.2020
v 2.2340 -0.4534 0.0130 0.1855 0.1855 0.2024
v 2.2636 -0.5564 0.0118 0.1843 0.1843 0.2010
v 2.2871 -0.4674 0.0139 0.1846 0.1846 0.2014
v 2.3168 -0.5704 0.0125 0.1836 0.1836 0.2003
v 2.3403 -0.4815 0.0149 0.1838 0.1838 0.2005
v 2.3700 -0.5845 0.0132 0.1830 0.1830 0.1996
v 2.3935 -0.4955 0.0158 0.1832 0.1832 0.1999
v 2.4233 -0.5985 0.0139 0.1825 0.1825 0.1991
v 2.4468 -0.5096 0.0167 0.1827 0.1827 0.1993
v 2.4765 -0.6127 0.0146 0.1822 0.1822 0.1987
v 2.5001 -0.5237 0.0175 0.1823 0.1823 0.1989
v 2.5298 -0.6268 0.0153 0.1821 0.1821 0.1986
v 2.5535 -0.5379 0.0183 0.1821 0.1821 0.1986
v 2.5831 -0.6410 0.0162 0.1824 0.1824 0.1989
v 2.6069 -0.5521 0.0191 0.1822 0.1822 0.1987
v 2.6365 -0.6553 0.0170 0.1830 0.1830 0.1996
v 2.6603 -0.5664 0.0198 0.1827 0.1827 0.1993
v 2.6898 -0.6696 0.0178 0.1837 0.1837 0.2004
v 2.7137 -0.5808 0.0204 0.1834 0.1834 0.2001
v 2.7431 -0.6840 0.0186 0.1846 0.1846 0.2014
v 2.7671 -0.5952 0.0209 0.1842 0.1842 0.2010
v 2.7965 -0.6984 0.0194 0.1856 0.1856 0.2025
v 2.8206 -0.6096 0.0214 0.1852 0.1852 0.2021
v 2.8498 -0.7129 0.0201 0.1864 0.1864 0.2034
v 2.8740 -0.6242 0.0217 0.1861 0.1861 0.2031
v 2.9031 -0.7275 0.0208 0.1870 0.1870 0.2040
v 2.9275 -0.6388 0.0222 0.1868 0.1868 0.2038
v 2.9564 -0.7422 0.0214 0.1876 0.1876 0.2046
v 2.9809 -0.6535 0.0226 0.1874 0.1874 0.2044
v 3.0098 -0.7569 0.0219 0.1881 0.1881 0.2052
v 3.0343 -0.6683 0.0230 0.1879 0.1879 0.2050
v 3.0631 -0.7718 0.0223 0.1887 0.1887 0.2059
v 3.0878 -0.6831 0.0234 0.1884 0.1884 0.2056
v 3.1163 -0.7867 0.0227 0.1899 0.1899 0.2071
v 3.1412 -0.6981 0.0235 0.1894 0.1894 0.2066
v 3.1696 -0.8017 0.0227 0.1906 0.1906 0.2080
v 3.1946 -0.7131 0.0233 0.1905 0.1905 0.2078
v 3.2229 -0.8167 0.0225 0.1909 0.1909 0.2083
v 3.2480 -0.7282 0.0231 0.1908 0.1908 0.2082
v 3.2761 -0.8319 0.0224 0.1910 0.1910 0.2084
v 3.3014 -0.7435 0.0229 0.1910 0.1910 0.2083
v 3.3293 -0.8472 0.0222 0.1910 0.1910 0.2084
v 3.3548 -0.7588 0.0227 0.1910 0.1910 0.2084
v 3.3825 -0.8626 0.0220 0.1909 0.1909 0.2083
v 3.4082 -0.7742 0.0225 0.1910 0.1910 0.2083
v 3.4357 -0.8780 0.0219 0.1907 0.1907 0.2081
v 3.4615 -0.7897 0.0224 0.1908 0.1908 0.2082
v 3.4889 -0.8936 0.0219 0.1903 0.1903 0.2077
v 3.5148 -0.8053 0.0224 0.1905 0.1905 0.2078
v 3.5421 -0.9093 0.0221 0.1898 0.1898 0.2071
v 3.5682 -0.8211 0.0226 0.1900 0.1900 0.2073
v 3.5953 -0.9251 0.0225 0.1892 0.1892 0.2064
v 3.6217 -0.8370 0.0231 0.1894 0.1894 0.2067
v 3.6486 -0.9411 0.0232 0.1886 0.1886 0.2057
v 3.6752 -0.8530 0.0238 0.1888 0.1888 0.2060
v 3.7018 -0.9573 0.0241 0.1880 0.1880 0.2051
v 3.7286 -0.8693 0.0247 0.1882 0.1882 0.2053
v 3.7549 -0.9735 0.0254 0.1874 0.1874 0.2045
v 3.7820 -0.8856 0.0260 0.1876 0.1876 0.2046
v 3.8079 -0.9899 0.0269 0.1869 0.1869 0.2039
v 3.8352 -0.9021 0.0275 0.1871 0.1871 0.2041
v 3.8609 -1.0064 0.0287 0.1866 0.1866 0.2035
v 3.8883 -0.9186 0.0293 0.1867 0.1867 0.2036
v 3.9137 -1.0230 0.0307 0.1863 0.1863 0.2033
v 3.9413 -0.9353 0.0313 0.1864 0.1864 0.2033
v 3.9665 -1.0397 0.0329 0.1863 0.1863 0.2032
v 3.9943 -0.9520 0.0334 0.1862 0.1862 0.2032
v 4.0193 -1.0564 0.0352 0.1863 0.1863 0.2033
v 4.0472 -0.9688 0.0356 0.1863 0.1863 0.2032
v 4.0719 -1.0732 0.0375 0.1865 0.1865 0.2035
v 4.1000 -0.9856 0.0379 0.1864 0.1864 0.2034
v 4.1245 -1.0901 0.0399 0.1869 0.1869 0.2039
v 4.1527 -1.0025 0.0401 0.1867 0.1867 0.2037
v 4.1771 -1.1070 0.0422 0.1874 0.1874 0.2044
v 4.2053 -1.0194 0.0424 0.1872 0.1872 0.2042
v 4.2296 -1.1240 0.0445 0.1880 0.1880 0.2051
v 4.2579 -1.0364 0.0445 0.1877 0.1877 0.2048
v 4.2821 -1.1409 0.0466 0.1886 0.1886 0.2058
v 4.3104 -1.0534 0.0464 0.1884 0.1884 0.2055
v 4.3345 -1.1579 0.0485 0.1899 0.1899 0.2071
v 4.3629 -1.0704 0.0483 0.1893 0.1893 0.2065
v 4.3869 -1.1750 0.0502 0.1914 0.1914 0.2088
v 4.4154 -1.0875 0.0496 0.1908 0.1908 0.2082
v 4.4393 -1.1920 0.0514 0.1921 0.1921 0.2096
v 4.4677 -1.1045 0.0506 0.1920 0.1920 0.2094
v 4.4916 -1.2090 0.0525 0.1925 0.1925 0.2100
v 4.5201 -1.1216 0.0516 0.1924 0.1924 0.2099
v 4.5439 -1.2261 0.0535 0.1927 0.1927 0.2102
v 4.5724 -1.1386 0.0526 0.1926 0.1926 0.2101
v 4.5962 -1.2431 0.0546 0.1928 0.1928 0.2103
v 4.6247 -1.1556 0.0536 0.1927 0.1927 0.2103
v 4.6485 -1.2601 0.0557 0.1928 0.1928 0.2103
v 4.6769 -1.1726 0.0547 0.1928 0.1928 0.2103
v 4.7007 -1.2771 0.0569 0.1929 0.1929 0.2104
v 4.7292 -1.1896 0.0558 0.1928 0.1928 0.2104
v 4.7529 -1.2941 0.0581 0.1929 0.1929 0.2105
v 4.7814 -1.2066 0.0569 0.1929 0.1929 0.2104
v 4.8052 -1.3110 0.0593 0.1930 0.1930 0.2106
v 4.8335 -1.2235 0.0581 0.1930 0.1930 0.2105
v 4.8574 -1.3279 0.0606 0.1932 0.1932 0.2107
v 4.8857 -1.2404 0.0594 0.1931 0.1931 0.2107
v 4.9096 -1.3448 0.0619 0.1934 0.1934 0.2110
v 4.9378 -1.2572 0.0606 0.1933 0.1933 0.2109
v 4.9618 -1.3616 0.0632 0.1936 0.1936 0.2112
v 4.9900 -1.2740 0.0618 0.1935 0.1935 0.2111
v 5.0140 -1.3784 0.0644 0.1939 0.1939 0.2116
v 5.0421 -1.2908 0.0630 0.1938 0.1938 0.2114
v 5.0662 -1.3951 0.0655 0.1943 0.1943 0.2119
v 5.0942 -1.3075 0.0640 0.1941 0.1941 0.2118
v 5.1184 -1.4118 0.0665 0.1946 0.1946 0.2123
v 5.1463 -1.3242 0.0650 0.1945 0.1945 0.2122
v 5.1706 -1.4284 0.0674 0.1950 0.1950 0.2127
v 5.1985 -1.3408 0.0658 0.1948 0.1948 0.2126
v 5.2228 -1.4450 0.0681 0.1953 0.1953 0.2131
v 5.2506 -1.3573 0.0665 0.1952 0.1952 0.2130
v 5.2750 -1.4615 0.0686 0.1957 0.1957 0.2135
v 5.3027 -1.3738 0.0670 0.1956 0.1956 0.2134
v 5.3272 -1.4780 0.0689 0.1960 0.1960 0.2138
v 5.3548 -1.3902 0.0673 0.1959 0.1959 0.2137
v 5.3794 -1.4944 0.0690 0.1963 0.1963 0.2141
v 5.4069 -1.4066 0.0675 0.1962 0.1962 0.2140
v 5.4317 -1.5107 0.0690 0.1965 0.1965 0.2143
v 5.4591 -1.4228 0.0675 0.1964 0.1964 0.2143
v 5.4839 -1.5269 0.0689 0.1966 0.1966 0.2145
v 5.5112 -1.4390 0.0674 0.1966 0.1966 0.2144
v 5.5362 -1.5431 0.0687 0.1967 0.1967 0.2145
v 5.5633 -1.4552 0.0672 0.1966 0.1966 0.2145
v 5.5885 -1.5592 0.0685 0.1971 0.1971 0.2150
v 5.6155 -1.4712 0.0670 0.1969 0.1969 0.2147
v 5.6408 -1.5752 0.0682 0.1978 0.1978 0.2158
v 5.6677 -1.4872 0.0665 0.1975 0.1975 0.2155
v 5.6931 -1.5912 0.0676 0.1985 0.1985 0.2166
v 5.7198 -1.5031 0.0658 0.1983 0.1983 0.2163
v 5.7454 -1.6070 0.0669 0.1993 0.1993 0.2174
v 5.7720 -1.5190 0.0650 0.1990 0.1990 0.2171
v 5.7978 -1.6228 0.0660 0.2004 0.2004 0.2186
v 5.8243 -1.5347 0.0639 0.1999 0.1999 0.2181
v 5.8501 -1.6385 0.0650 0.2015 0.2015 0.2199
v 5.8765 -1.5504 0.0626 0.2010 0.2010 0.2193
v 5.9025 -1.6541 0.0639 0.2028 0.2028 0.2213
v 5.9287 -1.5659 0.0611 0.2023 0.2023 0.2207
v 5.9549 -1.6697 0.0627 0.2042 0.2042 0.2228
v 5.9810 -1.5814 0.0595 0.2036 0.2036 0.2222
v 6.0073 -1.6851 0.0615 0.2056 0.2056 0.2243
v 6.0333 -1.5968 0.0578 0.2050 0.2050 0.2237
v 6.0598 -1.7005 0.0604 0.2071 0.2071 0.2259
v 6.0856 -1.6122 0.0561 0.2065 0.2065 0.2253
v 6.1123 -1.7157 0.0593 0.2085 0.2085 0.2275
v 6.1379 -1.6274 0.0544 0.2079 0.2079 0.2268
v 6.1647 -1.7309 0.0583 0.2099 0.2099 0.2290
v 6.1902 -1.6425 0.0528 0.2093 0.2093 0.2284
v 6.2173 -1.7460 0.0574 0.2112 0.2112 0.2305
v 6.2426 -1.6576 0.0513 0.2107 0.2107 0.2298
v 6.2698 -1.7610 0.0567 0.2125 0.2125 0.2318
v 6.2950 -1.6726 0.0499 0.2120 0.2120 0.2312
v 6.3223 -1.7760 0.0561 0.2136 0.2136 0.2331
v 6.3474 -1.6874 0.0487 0.2132 0.2132 0.2325
v 6.3749 -1.7908 0.0556 0.2147 0.2147 0.2342
v 6.3998 -1.7022 0.0477 0.2142 0.2142 0.2337
v 6.4275 -1.8055 0.0552 0.2156 0.2156 0.2352
v 6.4523 -1.7169 0.0469 0.2152 0.2152 0.2348
v 6.4802 -1.8202 0.0550 0.2164 0.2164 0.2360
v 6.5049 -1.7315 0.0462 0.2161 0.2161 0.2357
v 6.5330 -1.8348 0.0548 0.2170 0.2170 0.2368
v 6.5576 -1.7462 0.0457 0.2168 0.2168 0.2365
v 6.5859 -1.8494 0.0546 0.2176 0.2176 0.2373
v 6.6103 -1.7607 0.0452 0.2174 0.2174 0.2371
v 6.6387 -1.8640 0.0544 0.2180 0.2180 0.2378
v 6.6631 -1.7753 0.0448 0.2178 0.2178 0.2376
v 6.6916 -1.8785 0.0544 0.2185 0.2185 0.2383
v 6.7159 -1.7897 0.0446 0.2183 0.2183 0.2381
v 6.7445 -1.8929 0.0546 0.2192 0.2192 0.2391
v 6.7687 -1.8042 0.0443 0.2189 0.2189 0.2388
v 6.7974 -1.9074 0.0550 0.2199 0.2199 0.2399
v 6.8216 -1.8186 0.0443 0.2197 0.2197 0.2396
v 6.8503 -1.9217 0.0554 0.2206 0.2206 0.2407
v 6.8744 -1.8330 0.0443 0.2204 0.2204 0.2404
v 6.9032 -1.9361 0.0559 0.2212 0.2212 0.2413
v 6.9273 -1.8473 0.0445 0.2210 0.2210 0.2411
v 6.9562 -1.9504 0.0565 0.2215 0.2215 0.2417
v 6.9801 -1.8616 0.0448 0.2214 0.2214 0.2415
v 7.0091 -1.9647 0.0572 0.2213 0.2213 0.2414
v 7.0330 -1.8758 0.0453 0.2215 0.2215 0.2416
v 7.0621 -1.9789 0.0580 0.2208 0.2208 0.2409
v 7.0860 -1.8900 0.0462 0.2210 0.2210 0.2411
v 7.1151 -1.9931 0.0589 0.2203 0.2203 0.2404
v 7.1389 -1.9042 0.0472 0.2205 0.2205 0.2406
v 7.1681 -2.0073 0.0598 0.2199 0.2199 0.2398
v 7.1918 -1.9184 0.0483 0.2200 0.2200 0.2400
v 7.2211 -2.0214 0.0608 0.2194 0.2194 0.2393
v 7.2448 -1.9325 0.0494 0.2196 0.2196 0.2395
v 7.2741 -2.0355 0.0619 0.2190 0.2190 0.2389
v 7.2978 -1.9466 0.0506 0.2191 0.2191 0.2391
v 7.3272 -2.0496 0.0630 0.2186 0.2186 0.2385
v 7.3507 -1.9606 0.0518 0.2187 0.2187 0.2386
v 7.3802 -2.0636 0.0642 0.2183 0.2183 0.2382
v 7.4037 -1.9747 0.0531 0.2184 0.2184 0.2383
v 7.4333 -2.0776 0.0654 0.2181 0.2181 0.2379
v 7.4568 -1.9887 0.0544 0.2182 0.2182 0.2380
v 7.4864 -2.0916 0.0666 0.2179 0.2179 0.2377
v 7.5098 -2.0026 0.0556 0.2179 0.2179 0.2377
v 7.5394 -2.1056 0.0678 0.2177 0.2177 0.2375
v 7.5628 -2.0166 0.0569 0.2178 0.2178 0.2376
v 7.5925 -2.1195 0.0691 0.2176 0.2176 0.2374
v 7.6159 -2.0305 0.0582 0.2177 0.2177 0.2374
v 7.6456 -2.1334 0.0703 0.2176 0.2176 0.2373
v 7.6689 -2.0444 0.0595 0.2176 0.2176 0.2374
v 7.6988 -2.1473 0.0716 0.2175 0.2175 0.2373
v 7.7220 -2.0582 0.0608 0.2175 0.2175 0.2373
v 7.7519 -2.1611 0.0729 0.2175 0.2175 0.2373
v 7.7751 -2.0721 0.0621 0.2175 0.2175 0.2373
v 7.8050 -2.1749 0.0742 0.2175 0.2175 0.2373
v 7.8282 -2.0859 0.0634 0.2175 0.2175 0.2373
v 7.8581 -2.1887 0.0755 0.2177 0.2177 0.2375
v 7.8813 -2.0997 0.0646 0.2177 0.2177 0.2374
v 7.9113 -2.2025 0.0767 0.2181 0.2181 0.2379
v 7.9344 -2.1135 0.0658 0.2180 0.2180 0.2378
v 7.9645 -2.2163 0.0778 0.2186 0.2186 0.2385
v 7.9875 -2.1272 0.0668 0.2184 0.2184 0.2383
v 8.0176 -2.2300 0.0788 0.2191 0.2191 0.2390
v 8.0406 -2.1409 0.0677 0.2189 0.2189 0.2388
v 8.0708 -2.2437 0.0795 0.2197 0.2197 0.2396
v 8.0938 -2.1546 0.0684 0.2195 0.2195 0.2394
v 8.1240 -2.2574 0.0801 0.2202 0.2202 0.2403
v 8.1469 -2.1683 0.0690 0.2201 0.2201 0.2401
v 8.1772 -2.2711 0.0805 0.2206 0.2206 0.2407
v 8.2001 -2.1820 0.0693 0.2205 0.2205 0.2406
v 8.2304 -2.2848 0.0807 0.2208 0.2208 0.2409
v 8.2532 -2.1956 0.0695 0.2208 0.2208 0.2409
v 8.2836 -2.2984 0.0808 0.2210 0.2210 0.2411
v 8.3064 -2.2093 0.0696 0.2209 0.2209 0.2410
v 8.3368 -2.3120 0.0807 0.2210 0.2210 0.2411
v 8.3596 -2.2229 0.0697 0.2210 0.2210 0.2411
v 8.3900 -2.3256 0.0806 0.2209 0.2209 0.2410
v 8.4128 -2.2365 0.0696 0.2209 0.2209 0.2410
v 8.4432 -2.3392 0.0805 0.2207 0.2207 0.2407
v 8.4660 -2.2501 0.0696 0.2208 0.2208 0.2408
v 8.4965 -2.3528 0.0803 0.2203 0.2203 0.2404
v 8.5192 -2.2636 0.0695 0.2205 0.2205 0.2405
v 8.5497 -2.3663 0.0802 0.2199 0.2199 0.2399
v 8.5724 -2.2772 0.0695 0.2201 0.2201 0.2401
v 8.6029 -2.3799 0.0801 0.2194 0.2194 0.2394
v 8.6256 -2.2907 0.0696 0.2196 0.2196 0.2396
v 8.6562 -2.3934 0.0801 0.2189 0.2189 0.2388
v 8.6788 -2.3042 0.0697 0.2191 0.2191 0.2390
v 8.7094 -2.4069 0.0801 0.2184 0.2184 0.2382
v 8.7321 -2.3177 0.0699 0.2186 0.2186 0.2384
v 8.7627 -2.4204 0.0802 0.2179 0.2179 0.2377
v 8.7853 -2.3312 0.0702 0.2181 0.2181 0.2379
v 8.8160 -2.4339 0.0804 0.2175 0.2175 0.2373
v 8.8385 -2.3447 0.0705 0.2176 0.2176 0.2374
v 8.8692 -2.4473 0.0806 0.2173 0.2173 0.2370
v 8.8918 -2.3582 0.0708 0.2173 0.2173 0.2371
v 8.9225 -2.4608 0.0807 0.2172 0.2172 0.2369
v 8.9450 -2.3716 0.0710 0.2172 0.2172 0.2369
v 8.9758 -2.4743 0.0808 0.2171 0.2171 0.2368
v 8.9983 -2.3850 0.0712 0.2171 0.2171 0.2368
v 9.0291 -2.4877 0.0807 0.2170 0.2170 0.2367
v 9.0516 -2.3985 0.0712 0.2170 0.2170 0.2367
v 9.0824 -2.5011 0.0806 0.2168 0.2168 0.2366
v 9.1048 -2.4119 0.0712 0.2169 0.2169 0.2366
v 9.1357 -2.5145 0.0804 0.2167 0.2167 0.2364
v 9.1581 -2.4253 0.0711 0.2168 0.2168 0.2365
v 9.1890 -2.5279 0.0802 0.2167 0.2167 0.2364
v 9.2114 -2.4387 0.0710 0.2167 0.2167 0.2364
v 9.2423 -2.5413 0.0799 0.2166 0.2166 0.2363
v 9.2647 -2.4521 0.0708 0.2166 0.2166 0.2363
v 9.2956 -2.5547 0.0796 0.2166 0.2166 0.2363
v 9.3180 -2.4655 0.0705 0.2166 0.2166 0.2363
v 9.3489 -2.5681 0.0792 0.2171 0.2171 0.2368
v 9.3713 -2.4788 0.0702 0.2169 0.2169 0.2366
v 9.4022 -2.5814 0.0787 0.2176 0.2176 0.2374
v 9.4246 -2.4922 0.0695 0.2175 0.2175 0.2372
v 9.4555 -2.5948 0.0779 0.2178 0.2178 0.2376
v 9.4779 -2.5055 0.0688 0.2178 0.2178 0.2376
v 9.5088 -2.6081 0.0771 0.2179 0.2179 0.2377
v 9.5312 -2.5189 0.0680 0.2179 0.2179 0.2377
v 9.5622 -2.6215 0.0762 0.2181 0.2181 0.2379
v 9.5845 -2.5322 0.0670 0.2180 0.2180 0.2379
v 9.6155 -2.6348 0.0752 0.2183 0.2183 0.2382
v 9.6378 -2.5456 0.0661 0.2183 0.2183 0.2381
v 9.6688 -2.6481 0.0741 0.2186 0.2186 0.2385
v 9.6911 -2.5589 0.0650 0.2185 0.2185 0.2384
v 9.7222 -2.6615 0.0730 0.2189 0.2189 0.2388
v 9.7444 -2.5722 0.0638 0.2188 0.2188 0.2387
v 9.7755 -2.6748 0.0717 0.2191 0.2191 0.2391
v 9.7978 -2.5855 0.0625 0.2191 0.2191 0.2390
v 9.8288 -2.6881 0.0702 0.2194 0.2194 0.2393
v 9.8511 -2.5988 0.0611 0.2193 0.2193 0.2392
v 9.8822 -2.7014 0.0687 0.2195 0.2195 0.2395
v 9.9044 -2.6121 0.0595 0.2195 0.2195 0.2395
v 9.9355 -2.7147 0.0670 0.2196 0.2196 0.2396
v 9.9578 -2.6254 0.0579 0.2196 0.2196 0.2396
v 9.9889 -2.7280 0.0651 0.2196 0.2196 0.2396
v 10.0111 -2.6387 0.0561 0.2196 0.2196 0.2396
v 10.0422 -2.7412 0.0632 0.2195 0.2195 0.2394
v 10.0644 -2.6520 0.0543 0.2196 0.2196 0.2395
v 10.0956 -2.7545 0.0612 0.2193 0.2193 0.2393
v 10.1178 -2.6652 0.0524 0.2194 0.2194 0.2394
v 10.1489 -2.7678 0.0591 0.2191 0.2191 0.2391
v 10.1711 -2.6785 0.0505 0.2192 0.2192 0.2392
v 10.2023 -2.7811 0.0570 0.2189 0.2189 0.2388
v 10.2245 -2.6918 0.0485 0.2190 0.2190 0.2389
v 10.2556 -2.7943 0.0547 0.2187 0.2187 0.2386
v 10.2778 -2.7051 0.0464 0.2188 0.2188 0.2387
v 10.3090 -2.8076 0.0524 0.2185 0.2185 0.2383
v 10.3312 -2.7183 0.0442 0.2186 0.2186 0.2384
v 10.3624 -2.8209 0.0500 0.2182 0.2182 0.2381
v 10.3846 -2.7316 0.0420 0.2183 0.2183 0.2382
v 10.4157 -2.8341 0.0475 0.2179 0.2179 0.2378
v 10.4379 -2.7448 0.0397 0.2181 0.2181 0.2379
v 10.4691 -2.8474 0.0449 0.2177 0.2177 0.2375
v 10.4913 -2.7581 0.0373 0.2178 0.2178 0.2376
v 10.5225 -2.8606 0.0422 0.2174 0.2174 0.2371
v 10.5446 -2.7713 0.0348 0.2175 0.2175 0.2373
v 10.5758 -2.8739 0.0393 0.2169 0.2169 0.2366
v 10.5980 -2.7846 0.0321 0.2171 0.2171 0.2369
v 10.6292 -2.8871 0.0364 0.2161 0.2161 0.2357
v 10.6514 -2.7978 0.0295 0.2164 0.2164 0.2361
v 10.6826 -2.9004 0.0336 0.2156 0.2156 0.2352
v 10.7047 -2.8111 0.0269 0.2157 0.2157 0.2353
v 10.7360 -2.9136 0.0307 0.2153 0.2153 0.2349
v 10.7581 -2.8243 0.0242 0.2154 0.2154 0.2350
v 10.7893 -2.9269 0.0276 0.2150 0.2150 0.2345
v 10.8115 -2.8376 0.0214 0.2151 0.2151 0.2347
v 10.8427 -2.9401 0.0245 0.2146 0.2146 0.2341
v 10.8648 -2.8508 0.0185 0.2148 0.2148 0.2343
v 10.8960 -2.9533 0.0214 0.2143 0.2143 0.2338
v 10.9182 -2.8640 0.0155 0.2144 0.2144 0.2339
v 10.9494 -2.9665 0.0181 0.2139 0.2139 0.2334
v 10.9715 -2.8772 0.0125 0.2141 0.2141 0.2335
v 11.0027 -2.9797 0.0149 0.2136 0.2136 0.2330
v 11.0248 -2.8904 0.0094 0.2137 0.2137 0.2332
v 11.0560 -2.9929 0.0115 0.2132 0.2132 0.2326
v 11.0781 -2.9036 0.0062 0.2134 0.2134 0.2328
v 11.1094 -3.0060 0.0082 0.2129 0.2129 0.2322
v 11.1314 -2.9167 0.0030 0.2130 0.2130 0.2324
v 11.1627 -3.0192 0.0048 0.2128 0.2128 0.2321
v 11.1847 -2.9299 -0.0002 0.2128 0.2128 0.2321
v 11.2161 -3.0323 0.0013 0.2128 0.2128 0.2321
v 11.2380 -2.9430 -0.0036 0.2128 0.2128 0.2321
v 11.2694 -3.0454 -0.0024 0.2129 0.2129 0.2323
v 11.2914 -2.9561 -0.0072 0.2129 0.2129 0.2323
v 11.3228 -3.0586 -0.0064 0.2131 0.2131 0.2325
v 11.3447 -2.9692 -0.0110 0.2131 0.2131 0.2325
v 11.3762 -3.0717 -0.0107 0.2132 0.2132 0.2326
v 11.3981 -2.9823 -0.0151 0.2132 0.2132 0.2326
v 11.4296 -3.0847 -0.0152 0.2132 0.2132 0.2326
v 11.4515 -2.9954 -0.0194 0.2133 0.2133 0.2327
v 11.4829 -3.0978 -0.0200 0.2131 0.2131 0.2324
v 11.5048 -3.0085 -0.0240 0.2132 0.2132 0.2326
v 11.5363 -3.1109 -0.0249 0.2127 0.2127 0.2321
v 11.5582 -3.0215 -0.0288 0.2129 0.2129 0.2323
v 11.5897 -3.1239 -0.0301 0.2122 0.2122 0.2315
v 11.6116 -3.0346 -0.0336 0.2125 0.2125 0.2318
v 11.6431 -3.1370 -0.0354 0.2112 0.2112 0.2304
v 11.6649 -3.0476 -0.0386 0.2117 0.2117 0.2309
v 11.6965 -3.1500 -0.0408 0.2100 0.2100 0.2291
v 11.7183 -3.0607 -0.0435 0.2105 0.2105 0.2296
v 11.7499 -3.1631 -0.0460 0.2085 0.2085 0.2275
v 11.7717 -3.0737 -0.0483 0.2091 0.2091 0.2281
v 11.8033 -3.1761 -0.0510 0.2069 0.2069 0.2257
v 11.8251 -3.0867 -0.0529 0.2076 0.2076 0.2264
v 11.8567 -3.1891 -0.0558 0.2039 0.2039 0.2224
v 11.8785 -3.0997 -0.0572 0.2052 0.2052 0.2239
v 11.9101 -3.2021 -0.0596 0.2011 0.2011 0.2194
v 11.9319 -3.1128 -0.0604 0.2020 0.2020 0.2203
v 11.9635 -3.2152 -0.0627 0.1994 0.1994 0.2175
v 11.9853 -3.1258 -0.0632 0.1999 0.1999 0.2181
v 12.0169 -3.2282 -0.0654 0.1981 0.1981 0.2162
v 12.0387 -3.1388 -0.0657 0.1986 0.1986 0.2166
v 12.0704 -3.2412 -0.0676 0.1970 0.1970 0.2149
v 12.0921 -3.1518 -0.0678 0.1974 0.1974 0.2153
v 12.1238 -3.2541 -0.0694 0.1961 0.1961 0.2139
v 12.1455 -3.1647 -0.0696 0.1964 0.1964 0.2142
v 12.1772 -3.2671 -0.0710 0.1955 0.1955 0.2133
v 12.1989 -3.1777 -0.0711 0.1957 0.1957 0.2135
v 12.2306 -3.2801 -0.0723 0.1951 0.1951 0.2128
v 12.2523 -3.1907 -0.0724 0.1952 0.1952 0.2130
v 12.2840 -3.2931 -0.0734 0.1943 0.1943 0.2120
v 12.3058 -3.2037 -0.0735 0.1946 0.1946 0.2123
v 12.3375 -3.3060 -0.0742 0.1933 0.1933 0.2108
v 12.3592 -3.2166 -0.0742 0.1937 0.1937 0.2113
v 12.3909 -3.3190 -0.0747 0.1921 0.1921 0.2095
v 12.4126 -3.2296 -0.0746 0.1925 0.1925 0.2100
v 12.4443 -3.3320 -0.0748 0.1909 0.1909 0.2082
v 12.4660 -3.2426 -0.0746 0.1913 0.1913 0.2087
v 12.4978 -3.3449 -0.0745 0.1897 0.1897 0.2070
v 12.5194 -3.2555 -0.0741 0.1901 0.1901 0.2074
v 12.5512 -3.3579 -0.0738 0.1887 0.1887 0.2059
v 12.5729 -3.2685 -0.0733 0.1890 0.1890 0.2062
v 12.6046 -3.3708 -0.0728 0.1879 0.1879 0.2050
v 12.6263 -3.2814 -0.0723 0.1882 0.1882 0.2053
v 12.6581 -3.3838 -0.0715 0.1874 0.1874 0.2045
v 12.6797 -3.2943 -0.0710 0.1876 0.1876 0.2046
v 12.7115 -3.3967 -0.0701 0.1872 0.1872 0.2043
v 12.7332 -3.3073 -0.0696 0.1873 0.1873 0.2043
v 12.7650 -3.4096 -0.0687 0.1873 0.1873 0.2044
v 12.7866 -3.3202 -0.0681 0.1873 0.1873 0.2043
v 12.8184 -3.4225 -0.0673 0.1878 0.1878 0.2049
v 12.8400 -3.3331 -0.0668 0.1876 0.1876 0.2046
v 12.8718 -3.4355 -0.0660 0.1885 0.1885 0.2057
v 12.8935 -3.3460 -0.0656 0.1882 0.1882 0.2053
v 12.9253 -3.4484 -0.0650 0.1895 0.1895 0.2067
v 12.9469 -3.3590 -0.0647 0.1891 0.1891 0.2063
v 12.9787 -3.4613 -0.0643 0.1907 0.1907 0.2080
v 13.0003 -3.3719 -0.0641 0.1903 0.1903 0.2076
v 13.0322 -3.4742 -0.0639 0.1920 0.1920 0.2094
v 13.0538 -3.3848 -0.0639 0.1915 0.1915 0.2089
v 13.0856 -3.4871 -0.0640 0.1927 0.1927 0.2102
v 13.1072 -3.3977 -0.0641 0.1925 0.1925 0.2100
v 13.1391 -3.5000 -0.0643 0.1930 0.1930 0.2106
v 13.1607 -3.4106 -0.0643 0.1930 0.1930 0.2105
v 13.1925 -3.5129 -0.0647 0.1937 0.1937 0.2113
v 13.2141 -3.4235 -0.0648 0.1934 0.1934 0.2110
v 13.2460 -3.5258 -0.0653 0.1942 0.1942 0.2119
v 13.2676 -3.4364 -0.0655 0.1941 0.1941 0.2117
v 13.2994 -3.5387 -0.0661 0.1943 0.1943 0.2120
v 13.3210 -3.4493 -0.0663 0.1943 0.1943 0.2120
v 13.3529 -3.5516 -0.0670 0.1942 0.1942 0.2118
v 13.3745 -3.4622 -0.0671 0.1942 0.1942 0.2119
v 13.4064 -3.5645 -0.0678 0.1939 0.1939 0.2116
v 13.4279 -3.4751 -0.0678 0.1940 0.1940 0.2117
v 13.4598 -3.5774 -0.0685 0.1936 0.1936 0.2112
v 13.4814 -3.4880 -0.0685 0.1937 0.1937 0.2114
v 13.5133 -3.5903 -0.0692 0.1933 0.1933 0.2109
v 13.5348 -3.5009 -0.0691 0.1934 0.1934 0.2110
v 13.5667 -3.6032 -0.0698 0.1930 0.1930 0.2105
v 13.5883 -3.5137 -0.0697 0.1931 0.1931 0.2106
v 13.6202 -3.6161 -0.0702 0.1926 0.1926 0.2101
v 13.6417 -3.5266 -0.0701 0.1927 0.1927 0.2102
v 13.6736 -3.6289 -0.0706 0.1922 0.1922 0.2097
v 13.6952 -3.5395 -0.0704 0.1924 0.1924 0.2099
v 13.7271 -3.6418 -0.0708 0.1919 0.1919 0.2094
v 13.7486 -3.5524 -0.0706 0.1920 0.1920 0.2095
v 13.7806 -3.6547 -0.0709 0.1916 0.1916 0.2090
v 13.8021 -3.5652 -0.0707 0.1917 0.1917 0.2091
v 13.8340 -3.6675 -0.0708 0.1913 0.1913 0.2087
v 13.8556 -3.5781 -0.0706 0.1914 0.1914 0.2088
v 13.8875 -3.6804 -0.0705 0.1910 0.1910 0.2084
v 13.9090 -3.5910 -0.0704 0.1911 0.1911 0.2085
v 13.9410 -3.6933 -0.0701 0.1908 0.1908 0.2082
v 13.9625 -3.6038 -0.0700 0.1909 0.1909 0.2082
v 13.9944 -3.7061 -0.0695 0.1906 0.1906 0.2079
v 14.0159 -3.6167 -0.0695 0.1907 0.1907 0.2080
v 14.0479 -3.7190 -0.0688 0.1904 0.1904 0.2077
v 14.0694 -3.6296 -0.0689 0.1905 0.1905 0.2078
v 14.1014 -3.7319 -0.0680 0.1902 0.1902 0.2075
v 14.1229 -3.6424 -0.0681 0.1903 0.1903 0.2076
v 14.1548 -3.7447 -0.0670 0.1901 0.1901 0.2074
v 14.1763 -3.6553 -0.0671 0.1901 0.1901 0.2074
v 14.2083 -3.7576 -0.0659 0.1899 0.1899 0.2071
v 14.2298 -3.6681 -0.0661 0.1899 0.1899 0.2072
v 14.2618 -3.7704 -0.0647 0.1897 0.1897 0.2069
v 14.2833 -3.6810 -0.0649 0.1897 0.1897 0.2070
v 14.3152 -3.7833 -0.0633 0.1896 0.1896 0.2068
v 14.3367 -3.6938 -0.0636 0.1896 0.1896 0.2068
v 14.3687 -3.7961 -0.0619 0.1897 0.1897 0.2070
v 14.3902 -3.7067 -0.0622 0.1896 0.1896 0.2069
v 14.4222 -3.8090 -0.0606 0.1898 0.1898 0.2070
v 14.4437 -3.7195 -0.0609 0.1898 0.1898 0.2071
v 14.4757 -3.8218 -0.0592 0.1898 0.1898 0.2070
v 14.4971 -3.7324 -0.0595 0.1897 0.1897 0.2070
v 14.5291 -3.8347 -0.0579 0.1899 0.1899 0.2072
v 14.5506 -3.7452 -0.0582 0.1899 0.1899 0.2071
v 14.5826 -3.8475 -0.0565 0.1903 0.1903 0.2076
v 14.6041 -3.7581 -0.0569 0.1902 0.1902 0.2074
v 14.6361 -3.8604 -0.0553 0.1907 0.1907 0.2081
v 14.6576 -3.7709 -0.0558 0.1906 0.1906 0.2079
v 14.6895 -3.8732 -0.0542 0.1912 0.1912 0.2086
v 14.7110 -3.7837 -0.0547 0.1911 0.1911 0.2084
v 14.7430 -3.8860 -0.0532 0.1917 0.1917 0.2091
v 14.7645 -3.7966 -0.0538 0.1915 0.1915 0.2089
v 14.7965 -3.8989 -0.0524 0.1920 0.1920 0.2095
v 14.8180 -3.8094 -0.0530 0.1919 0.1919 0.2094
v 14.8500 -3.9117 -0.0516 0.1922 0.1922 0.2097
v 14.8714 -3.8223 -0.0523 0.1922 0.1922 0.2097
v 14.9034 -3.9245 -0.0509 0.1923 0.1923 0.2098
v 14.9249 -3.8351 -0.0516 0.1923 0.1923 0.2098
v 14.9569 -3.9374 -0.0501 0.1922 0.1922 0.2096
v 14.9784 -3.8479 -0.0508 0.1922 0.1922 0.2097
v 15.0104 -3.9502 -0.0494 0.1919 0.1919 0.2093
v 15.0319 -3.8608 -0.0500 0.1920 0.1920 0.2094
v 15.0639 -3.9630 -0.0485 0.1914 0.1914 0.2088
v 15.0853 -3.8736 -0.0491 0.1916 0.1916 0.2090
v 15.1174 -3.9759 -0.0475 0.1908 0.1908 0.2081
v 15.1388 -3.8864 -0.0480 0.1910 0.1910 0.2084
v 15.1708 -3.9887 -0.0463 0.1900 0.1900 0.2073
v 15.1923 -3.8992 -0.0467 0.1903 0.1903 0.2076
v 15.2243 -4.0015 -0.0450 0.1892 0.1892 0.2064
v 15.2458 -3.9121 -0.0452 0.1895 0.1895 0.2067
v 15.2778 -4.0144 -0.0434 0.1883 0.1883 0.2054
v 15.2993 -3.9249 -0.0436 0.1886 0.1886 0.2057
v 15.3313 -4.0272 -0.0417 0.1874 0.1874 0.2044
v 15.3527 -3.9377 -0.0417 0.1877 0.1877 0.2048
v 15.3848 -4.0400 -0.0398 0.1866 0.1866 0.2036
v 15.4062 -3.9506 -0.0396 0.1869 0.1869 0.2039
v 15.4382 -4.0529 -0.0378 0.1860 0.1860 0.2029
v 15.4597 -3.9634 -0.0374 0.1862 0.1862 0.2031
v 15.4917 -4.0657 -0.0357 0.1856 0.1856 0.2024
v 15.5132 -3.9762 -0.0352 0.1857 0.1857 0.2026
v 15.5452 -4.0785 -0.0336 0.1853 0.1853 0.2022
v 15.5667 -3.9890 -0.0330 0.1854 0.1854 0.2023
v 15.5987 -4.0913 -0.0316 0.1860 0.1860 0.2029
v 15.6201 -4.0019 -0.0308 0.1856 0.1856 0.2025
v 15.6522 -4.1042 -0.0299 0.1868 0.1868 0.2038
v 15.6736 -4.0147 -0.0293 0.1866 0.1866 0.2036
v 15.7057 -4.1170 -0.0286 0.1870 0.1870 0.2040
v 15.7271 -4.0275 -0.0279 0.1870 0.1870 0.2040
v 15.7591 -4.1298 -0.0273 0.1869 0.1869 0.2039
v 15.7806 -4.0404 -0.0265 0.1869 0.1869 0.2039
v 15.8126 -4.1426 -0.0260 0.1869 0.1869 0.2039
v 15.8341 -4.0532 -0.0252 0.1869 0.1869 0.2039
v 15.8661 -4.1555 -0.0247 0.1869 0.1869 0.2039
v 15.8876 -4.0660 -0.0239 0.1869 0.1869 0.2039
v 15.9196 -4.1683 -0.0235 0.1870 0.1870 0.2040
v 15.9411 -4.0788 -0.0227 0.1869 0.1869 0.2039
v 15.9731 -4.1811 -0.0222 0.1871 0.1871 0.2041
v 15.9945 -4.0917 -0.0214 0.1870 0.1870 0.2040
v 16.0266 -4.1940 -0.0210 0.1872 0.1872 0.2042
v 16.0480 -4.1045 -0.0202 0.1871 0.1871 0.2041
v 16.0801 -4.2068 -0.0199 0.1873 0.1873 0.2043
v 16.1015 -4.1173 -0.0191 0.1873 0.1873 0.2043
v 16.1335 -4.2196 -0.0188 0.1874 0.1874 0.2045
v 16.1550 -4.1302 -0.0180 0.1874 0.1874 0.2044
v 16.1870 -4.2325 -0.0179 0.1875 0.1875 0.2046
v 16.2085 -4.1430 -0.0170 0.1875 0.1875 0.2045
v 16.2405 -4.2453 -0.0170 0.1876 0.1876 0.2047
v 16.2620 -4.1558 -0.0161 0.1876 0.1876 0.2047
v 16.2940 -4.2581 -0.0164 0.1877 0.1877 0.2047
v 16.3155 -4.1687 -0.0153 0.1877 0.1877 0.2047
v 16.3475 -4.2710 -0.0159 0.1877 0.1877 0.2048
v 16.3690 -4.1815 -0.0147 0.1877 0.1877 0.2048
v 16.4010 -4.2838 -0.0156 0.1877 0.1877 0.2047
v 16.4225 -4.1944 -0.0142 0.1877 0.1877 0.2048
v 16.4545 -4.2967 -0.0156 0.1876 0.1876 0.2046
v 16.4760 -4.2072 -0.0140 0.1877 0.1877 0.2047
v 16.5080 -4.3095 -0.0157 0.1874 0.1874 0.2045
v 16.5295 -4.2201 -0.0139 0.1875 0.1875 0.2046
v 16.5615 -4.3224 -0.0160 0.1872 0.1872 0.2042
v 16.5830 -4.2330 -0.0140 0.1873 0.1873 0.2043
v 16.6150 -4.3353 -0.0166 0.1869 0.1869 0.2039
v 16.6365 -4.2458 -0.0143 0.1870 0.1870 0.2040
v 16.6685 -4.3481 -0.0172 0.1870 0.1870 0.2040
v 16.6900 -4.2587 -0.0147 0.1869 0.1869 0.2039
v 16.7220 -4.3610 -0.0182 0.1873 0.1873 0.2043
v 16.7435 -4.2716 -0.0155 0.1872 0.1872 0.2042
v 16.7755 -4.3739 -0.0195 0.1878 0.1878 0.2049
v 16.7971 -4.2845 -0.0167 0.1877 0.1877 0.2047
v 16.8290 -4.3869 -0.0213 0.1880 0.1880 0.2051
v 16.8506 -4.2974 -0.0183 0.1880 0.1880 0.2051
v -8.7108 3.8148 0.2068 0.1836 0.1836 0.2003
v -8.6775 3.9005 0.2083 0.1835 0.1835 0.2002
v -8.6605 3.7952 0.2095 0.1841 0.1841 0.2008
v -8.6269 3.8809 0.2108 0.1838 0.1838 0.2005
v -8.6110 3.7756 0.2120 0.1847 0.1847 0.2015
v -8.5769 3.8611 0.2131 0.1844 0.1844 0.2012
v -8.5611 3.7555 0.2144 0.1852 0.1852 0.2020
v -8.5266 3.8409 0.2155 0.1850 0.1850 0.2018
v -8.5109 3.7352 0.2169 0.1856 0.1856 0.2025
v -8.4762 3.8204 0.2178 0.1854 0.1854 0.2023
v -8.4605 3.7147 0.2194 0.1859 0.1859 0.2028
v -8.4257 3.7998 0.2201 0.1857 0.1857 0.2026
v -8.4101 3.6940 0.2220 0.1860 0.1860 0.2029
v -8.3751 3.7791 0.2226 0.1860 0.1860 0.2029
v -8.3595 3.6732 0.2247 0.1861 0.1861 0.2030
v -8.3244 3.7582 0.2252 0.1860 0.1860 0.2029
v -8.3089 3.6523 0.2275 0.1860 0.1860 0.2029
v -8.2738 3.7373 0.2280 0.1860 0.1860 0.2029
v -8.2582 3.6313 0.2305 0.1858 0.1858 0.2027
v -8.2230 3.7163 0.2309 0.1859 0.1859 0.2028
v -8.2074 3.6103 0.2337 0.1857 0.1857 0.2026
v -8.1723 3.6953 0.2340 0.1857 0.1857 0.2026
v -8.1566 3.5893 0.2370 0.1874 0.1874 0.2044
v -8.1215 3.6743 0.2373 0.1864 0.1864 0.2033
v -8.1058 3.5683 0.2400 0.1894 0.1894 0.2066
v -8.0706 3.6533 0.2395 0.1887 0.1887 0.2059
v -8.0550 3.5472 0.2423 0.1896 0.1896 0.2068
v -8.0198 3.6322 0.2418 0.1897 0.1897 0.2069
v -8.0041 3.5262 0.2448 0.1893 0.1893 0.2065
v -7.9689 3.6112 0.2443 0.1894 0.1894 0.2066
v -7.9531 3.5051 0.2473 0.1890 0.1890 0.2062
v -7.9180 3.5901 0.2469 0.1891 0.1891 0.2063
v -7.9021 3.4841 0.2498 0.1887 0.1887 0.2058
v -7.8671 3.5691 0.2495 0.1888 0.1888 0.2060
v -7.8511 3.4631 0.2522 0.1884 0.1884 0.2055
v -7.8161 3.5481 0.2521 0.1885 0.1885 0.2057
v -7.8001 3.4421 0.2545 0.1881 0.1881 0.2052
v -7.7651 3.5271 0.2546 0.1882 0.1882 0.2054
v -7.7490 3.4211 0.2566 0.1878 0.1878 0.2048
v -7.7141 3.5062 0.2569 0.1880 0.1880 0.2051
v -7.6979 3.4001 0.2584 0.1875 0.1875 0.2046
v -7.6631 3.4853 0.2590 0.1877 0.1877 0.2048
v -7.6468 3.3792 0.2599 0.1873 0.1873 0.2043
v -7.6120 3.4644 0.2608 0.1875 0.1875 0.2045
v -7.5956 3.3584 0.2611 0.1871 0.1871 0.2041
v -7.5609 3.4436 0.2622 0.1872 0.1872 0.2043
v -7.5443 3.3375 0.2618 0.1870 0.1870 0.2040
v -7.5097 3.4228 0.2632 0.1871 0.1871 0.2041
v -7.4931 3.3167 0.2620 0.1870 0.1870 0.2040
v -7.4586 3.4020 0.2637 0.1871 0.1871 0.2041
v -7.4418 3.2960 0.2618 0.1872 0.1872 0.2042
v -7.4074 3.3813 0.2637 0.1872 0.1872 0.2042
v -7.3905 3.2753 0.2610 0.1875 0.1875 0.2045
v -7.3561 3.3606 0.2631 0.1874 0.1874 0.2044
v -7.3391 3.2547 0.2600 0.1879 0.1879 0.2049
v -7.3048 3.3401 0.2621 0.1877 0.1877 0.2048
v -7.2876 3.2341 0.2588 0.1883 0.1883 0.2054
v -7.2535 3.3195 0.2608 0.1881 0.1881 0.2052
v -7.2362 3.2136 0.2574 0.1886 0.1886 0.2058
v -7.2022 3.2990 0.2594 0.1885 0.1885 0.2056
v -7.1847 3.1931 0.2558 0.1889 0.1889 0.2061
v -7.1508 3.2786 0.2578 0.1888 0.1888 0.2060
v -7.1331 3.1727 0.2542 0.1892 0.1892 0.2064
v -7.0993 3.2583 0.2561 0.1891 0.1891 0.2063
v -7.0815 3.1524 0.2524 0.1893 0.1893 0.2066
v -7.0478 3.2380 0.2544 0.1893 0.1893 0.2065
v -7.0298 3.1321 0.2507 0.1893 0.1893 0.2065
v -6.9963 3.2178 0.2526 0.1894 0.1894 0.2066
v -6.9781 3.1120 0.2487 0.1884 0.1884 0.2055
v -6.9447 3.1977 0.2509 0.1889 0.1889 0.2061
v -6.9263 3.0919 0.2466 0.1883 0.1883 0.2054
v -6.8931 3.1777 0.2492 0.1881 0.1881 0.2053
v -6.8745 3.0719 0.2446 0.1893 0.1893 0.2065
v -6.8415 3.1577 0.2469 0.1890 0.1890 0.2061
v -6.8226 3.0519 0.2414 0.1884 0.1884 0.2056
v -6.7897 3.1379 0.2442 0.1891 0.1891 0.2063
v -6.7707 3.0321 0.2383 0.1875 0.1875 0.2046
v -6.7379 3.1181 0.2415 0.1879 0.1879 0.2049
v -6.7186 3.0124 0.2355 0.1869 0.1869 0.2039
v -6.6861 3.0984 0.2387 0.1872 0.1872 0.2042
v -6.6665 2.9928 0.2328 0.1863 0.1863 0.2032
v -6.6342 3.0789 0.2362 0.1866 0.1866 0.2035
v -6.6144 2.9732 0.2304 0.1857 0.1857 0.2026
v -6.5822 3.0594 0.2339 0.1859 0.1859 0.2029
v -6.5622 2.9538 0.2282 0.1852 0.1852 0.2021
v -6.5302 3.0401 0.2318 0.1854 0.1854 0.2023
v -6.5098 2.9345 0.2262 0.1848 0.1848 0.2016
v -6.4781 3.0209 0.2298 0.1849 0.1849 0.2018
v -6.4574 2.9153 0.2244 0.1842 0.1842 0.2010
v -6.4259 3.0018 0.2281 0.1845 0.1845 0.2012
v -6.4049 2.8963 0.2227 0.1834 0.1834 0.2001
v -6.3737 2.9828 0.2265 0.1838 0.1838 0.2005
v -6.3524 2.8774 0.2213 0.1825 0.1825 0.1991
v -6.3213 2.9640 0.2253 0.1829 0.1829 0.1995
v -6.2997 2.8586 0.2202 0.1815 0.1815 0.1980
v -6.2689 2.9453 0.2243 0.1819 0.1819 0.1984
v -6.2469 2.8399 0.2195 0.1804 0.1804 0.1968
v -6.2164 2.9268 0.2238 0.1808 0.1808 0.1973
v -6.1940 2.8215 0.2191 0.1795 0.1795 0.1958
v -6.1638 2.9084 0.2235 0.1798 0.1798 0.1962
v -6.1410 2.8032 0.2190 0.1787 0.1787 0.1950
v -6.1111 2.8902 0.2235 0.1790 0.1790 0.1953
v -6.0878 2.7850 0.2192 0.1782 0.1782 0.1944
v -6.0583 2.8721 0.2238 0.1783 0.1783 0.1946
v -6.0346 2.7671 0.2197 0.1779 0.1779 0.1940
v -6.0054 2.8543 0.2243 0.1779 0.1779 0.1941
v -5.9811 2.7493 0.2202 0.1778 0.1778 0.1940
v -5.9523 2.8367 0.2248 0.1778 0.1778 0.1940
v -5.9275 2.7318 0.2209 0.1780 0.1780 0.1941
v -5.8991 2.8193 0.2254 0.1779 0.1779 0.1941
v -5.8738 2.7144 0.2216 0.1782 0.1782 0.1944
v -5.8458 2.8021 0.2260 0.1781 0.1781 0.1943
v -5.8198 2.6973 0.2222 0.1786 0.1786 0.1948
v -5.7923 2.7851 0.2266 0.1784 0.1784 0.1946
v -5.7657 2.6805 0.2229 0.1791 0.1791 0.1953
v -5.7386 2.7684 0.2271 0.1789 0.1789 0.1951
v -5.7116 2.6640 0.2234 0.1796 0.1796 0.1959
v -5.6850 2.7521 0.2275 0.1794 0.1794 0.1957
v -5.6584 2.6481 0.2238 0.1817 0.1817 0.1982
v -5.6319 2.7362 0.2278 0.1806 0.1806 0.1971
v -5.6062 2.6324 0.2236 0.1843 0.1843 0.2010
v -5.5796 2.7204 0.2270 0.1834 0.1834 0.2001
v -5.5541 2.6166 0.2225 0.1853 0.1853 0.2021
v -5.5273 2.7046 0.2258 0.1851 0.1851 0.2019
v -5.5019 2.6007 0.2213 0.1856 0.1856 0.2024
v -5.4750 2.6886 0.2245 0.1855 0.1855 0.2023
v -5.4497 2.5847 0.2200 0.1856 0.1856 0.2025
v -5.4227 2.6726 0.2232 0.1856 0.1856 0.2025
v -5.3975 2.5686 0.2186 0.1855 0.1855 0.2023
v -5.3704 2.6565 0.2219 0.1856 0.1856 0.2024
v -5.3452 2.5524 0.2173 0.1854 0.1854 0.2023
v -5.3180 2.6403 0.2206 0.1854 0.1854 0.2023
v -5.2928 2.5362 0.2159 0.1855 0.1855 0.2024
v -5.2656 2.6241 0.2192 0.1855 0.1855 0.2023
v -5.2404 2.5199 0.2143 0.1858 0.1858 0.2027
v -5.2131 2.6078 0.2177 0.1857 0.1857 0.2026
v -5.1879 2.5036 0.2126 0.1862 0.1862 0.2031
v -5.1606 2.5915 0.2160 0.1861 0.1861 0.2030
v -5.1353 2.4873 0.2106 0.1866 0.1866 0.2035
v -5.1081 2.5752 0.2140 0.1865 0.1865 0.2034
v -5.0827 2.4710 0.2082 0.1869 0.1869 0.2039
v -5.0554 2.5589 0.2118 0.1868 0.1868 0.2038
v -5.0299 2.4547 0.2056 0.1871 0.1871 0.2041
v -5.0028 2.5426 0.2092 0.1871 0.1871 0.2041
v -4.9771 2.4384 0.2027 0.1872 0.1872 0.2042
v -4.9500 2.5263 0.2064 0.1872 0.1872 0.2042
v -4.9242 2.4221 0.1995 0.1871 0.1871 0.2042
v -4.8972 2.5101 0.2034 0.1872 0.1872 0.2043
v -4.8712 2.4059 0.1960 0.1870 0.1870 0.2040
v -4.8444 2.4939 0.2001 0.1871 0.1871 0.2041
v -4.8182 2.3897 0.1924 0.1866 0.1866 0.2036
v -4.7914 2.4777 0.1968 0.1868 0.1868 0.2038
v -4.7650 2.3736 0.1887 0.1862 0.1862 0.2031
v -4.7384 2.4617 0.1933 0.1864 0.1864 0.2033
v -4.7117 2.3576 0.1850 0.1856 0.1856 0.2024
v -4.6853 2.4457 0.1898 0.1858 0.1858 0.2027
v -4.6583 2.3417 0.1814 0.1849 0.1849 0.2017
v -4.6321 2.4299 0.1863 0.1852 0.1852 0.2020
v -4.6048 2.3259 0.1779 0.1842 0.1842 0.2010
v -4.5789 2.4141 0.1830 0.1845 0.1845 0.2013
v -4.5512 2.3102 0.1745 0.1835 0.1835 0.2002
v -4.5255 2.3985 0.1798 0.1838 0.1838 0.2005
v -4.4975 2.2946 0.1713 0.1829 0.1829 0.1995
v -4.4720 2.3830 0.1767 0.1831 0.1831 0.1998
v -4.4436 2.2792 0.1684 0.1826 0.1826 0.1992
v -4.4185 2.3677 0.1738 0.1827 0.1827 0.1993
v -4.3897 2.2640 0.1656 0.1834 0.1834 0.2001
v -4.3648 2.3526 0.1710 0.1830 0.1830 0.1996
v -4.3356 2.2489 0.1626 0.1843 0.1843 0.2011
v -4.3111 2.3376 0.1677 0.1840 0.1840 0.2008
v -4.2814 2.2341 0.1593 0.1848 0.1848 0.2016
v -4.2572 2.3228 0.1644 0.1846 0.1846 0.2014
v -4.2270 2.2194 0.1561 0.1849 0.1849 0.2017
v -4.2033 2.3083 0.1611 0.1849 0.1849 0.2017
v -4.1726 2.2049 0.1530 0.1846 0.1846 0.2014
v -4.1492 2.2939 0.1579 0.1847 0.1847 0.2015
v -4.1179 2.1907 0.1500 0.1842 0.1842 0.2009
v -4.0950 2.2798 0.1550 0.1844 0.1844 0.2011
v -4.0632 2.1767 0.1474 0.1836 0.1836 0.2003
v -4.0406 2.2659 0.1523 0.1838 0.1838 0.2005
v -4.0083 2.1630 0.1451 0.1830 0.1830 0.1997
v -3.9862 2.2523 0.1500 0.1832 0.1832 0.1999
v -3.9533 2.1496 0.1431 0.1825 0.1825 0.1991
v -3.9317 2.2390 0.1480 0.1827 0.1827 0.1993
v -3.8981 2.1364 0.1414 0.1821 0.1821 0.1987
v -3.8770 2.2260 0.1463 0.1822 0.1822 0.1988
v -3.8427 2.1236 0.1399 0.1819 0.1819 0.1984
v -3.8222 2.2133 0.1448 0.1819 0.1819 0.1985
v -3.7873 2.1110 0.1386 0.1819 0.1819 0.1984
v -3.7673 2.2008 0.1434 0.1819 0.1819 0.1984
v -3.7316 2.0988 0.1374 0.1821 0.1821 0.1987
v -3.7122 2.1888 0.1421 0.1820 0.1820 0.1986
v -3.6758 2.0870 0.1362 0.1826 0.1826 0.1992
v -3.6570 2.1770 0.1408 0.1824 0.1824 0.1990
v -3.6199 2.0755 0.1349 0.1805 0.1805 0.1969
v -3.6017 2.1657 0.1394 0.1831 0.1831 0.1998
v -3.5638 2.0644 0.1207 0.1579 0.1579 0.1723
v -3.5463 2.1547 0.1378 0.1692 0.1692 0.1846
v -3.5076 2.0536 0.1204 0.1715 0.1715 0.1871
v -3.4907 2.1441 0.1359 0.1592 0.1592 0.1737
v -3.4512 2.0433 0.1294 0.2099 0.2099 0.2290
v -3.4350 2.1339 0.1226 0.1954 0.1954 0.2132
v -3.3947 2.0334 0.1269 0.2046 0.2046 0.2232
v -3.3792 2.1241 0.1173 0.2131 0.2131 0.2324
v -3.3380 2.0240 0.1239 0.1925 0.1925 0.2100
v -3.3232 2.1148 0.1251 0.1942 0.1942 0.2118
v -3.2812 2.0149 0.1206 0.1910 0.1910 0.2084
v -3.2671 2.1059 0.1244 0.1909 0.1909 0.2082
v -3.2242 2.0064 0.1169 0.1916 0.1916 0.2091
v -3.2110 2.0974 0.1207 0.1915 0.1915 0.2089
v -3.1671 1.9983 0.1132 0.1919 0.1919 0.2093
v -3.1547 2.0895 0.1170 0.1918 0.1918 0.2093
v -3.1099 1.9908 0.1094 0.1921 0.1921 0.2095
v -3.0982 2.0820 0.1132 0.1920 0.1920 0.2095
v -3.0525 1.9837 0.1056 0.1924 0.1924 0.2099
v -3.0417 2.0751 0.1094 0.1923 0.1923 0.2097
v -2.9950 1.9772 0.1017 0.1927 0.1927 0.2103
v -2.9850 2.0687 0.1056 0.1926 0.1926 0.2101
v -2.9373 1.9712 0.0977 0.1931 0.1931 0.2107
v -2.9283 2.0628 0.1016 0.1930 0.1930 0.2105
v -2.8795 1.9658 0.0936 0.1934 0.1934 0.2110
v -2.8714 2.0574 0.0975 0.1933 0.1933 0.2109
v -2.8217 1.9609 0.0894 0.1937 0.1937 0.2113
v -2.8145 2.0526 0.0934 0.1936 0.1936 0.2112
v -2.7637 1.9567 0.0852 0.1939 0.1939 0.2115
v -2.7574 2.0484 0.0892 0.1938 0.1938 0.2114
v -2.7056 1.9530 0.0810 0.1939 0.1939 0.2116
v -2.7003 2.0448 0.0851 0.1939 0.1939 0.2116
v -2.6474 1.9499 0.0767 0.1939 0.1939 0.2115
v -2.6431 2.0418 0.0809 0.1939 0.1939 0.2116
v -2.5892 1.9475 0.0726 0.1942 0.1942 0.2119
v -2.5858 2.0394 0.0768 0.1938 0.1938 0.2114
v -2.5308 1.9457 0.0609 0.1818 0.1818 0.1983
v -2.5285 2.0376 0.0728 0.1877 0.1877 0.2048
v -2.4723 1.9445 0.0510 0.1644 0.1644 0.1793
v -2.4711 2.0365 0.0689 0.1697 0.1697 0.1851
v -2.4141 1.9440 0.0483 0.1586 0.1586 0.1730
v -2.4138 2.0360 0.0653 0.1596 0.1596 0.1741
v -2.3563 1.9441 0.0528 0.1809 0.1809 0.1974
v -2.3568 2.0361 0.0618 0.1714 0.1714 0.1870
v -2.2989 1.9447 0.0540 0.1891 0.1891 0.2063
v -2.3001 2.0367 0.0531 0.1910 0.1910 0.2084
v -2.2415 1.9457 0.0510 0.1909 0.1909 0.2082
v -2.2435 2.0377 0.0555 0.1894 0.1894 0.2066
v -2.1842 1.9472 0.0481 0.1903 0.1903 0.2076
v -2.1869 2.0391 0.0527 0.1905 0.1905 0.2078
v -2.1269 1.9490 0.0454 0.1898 0.1898 0.2071
v -2.1303 2.0410 0.0501 0.1900 0.1900 0.2072
v -2.0697 1.9513 0.0429 0.1895 0.1895 0.2067
v -2.0737 2.0433 0.0476 0.1896 0.1896 0.2068
v -2.0125 1.9541 0.0405 0.1893 0.1893 0.2065
v -2.0172 2.0460 0.0452 0.1894 0.1894 0.2066
v -1.9553 1.9572 0.0381 0.1892 0.1892 0.2064
v -1.9607 2.0491 0.0429 0.1892 0.1892 0.2064
v -1.8982 1.9608 0.0358 0.1885 0.1885 0.2057
v -1.9043 2.0526 0.0406 0.1889 0.1889 0.2060
v -1.8412 1.9648 0.0339 0.1876 0.1876 0.2047
v -1.8479 2.0566 0.0387 0.1879 0.1879 0.2050
v -1.7842 1.9692 0.0322 0.1873 0.1873 0.2043
v -1.7915 2.0609 0.0370 0.1873 0.1873 0.2043
v -1.7272 1.9740 0.0305 0.1873 0.1873 0.2043
v -1.7352 2.0656 0.0354 0.1873 0.1873 0.2043
v -1.6703 1.9792 0.0288 0.1872 0.1872 0.2042
v -1.6790 2.0708 0.0337 0.1872 0.1872 0.2042
v -1.6135 1.9847 0.0272 0.1871 0.1871 0.2041
v -1.6228 2.0763 0.0321 0.1871 0.1871 0.2041
v -1.5567 1.9907 0.0256 0.1870 0.1870 0.2040
v -1.5666 2.0822 0.0306 0.1870 0.1870 0.2040
v -1.5000 1.9970 0.0241 0.1868 0.1868 0.2038
v -1.5106 2.0884 0.0291 0.1868 0.1868 0.2038
v -1.4434 2.0037 0.0227 0.1866 0.1866 0.2035
v -1.4546 2.0951 0.0277 0.1866 0.1866 0.2036
v -1.3869 2.0108 0.0213 0.1863 0.1863 0.2032
v -1.3986 2.1021 0.0263 0.1864 0.1864 0.2033
v -1.3304 2.0183 0.0200 0.1860 0.1860 0.2029
v -1.3427 2.1094 0.0251 0.1861 0.1861 0.2030
v -1.2740 2.0260 0.0188 0.1856 0.1856 0.2025
v -1.2869 2.1171 0.0239 0.1857 0.1857 0.2026
v -1.2177 2.0342 0.0178 0.1852 0.1852 0.2020
v -1.2311 2.1252 0.0229 0.1853 0.1853 0.2022
v -1.1615 2.0427 0.0169 0.1847 0.1847 0.2015
v -1.1755 2.1336 0.0220 0.1849 0.1849 0.2017
v -1.1053 2.0515 0.0161 0.1843 0.1843 0.2011
v -1.1199 2.1423 0.0212 0.1845 0.1845 0.2012
v -1.0492 2.0606 0.0155 0.1840 0.1840 0.2007
v -1.0643 2.1514 0.0206 0.1841 0.1841 0.2008
v -0.9933 2.0701 0.0150 0.1838 0.1838 0.2005
v -1.0089 2.1608 0.0201 0.1838 0.1838 0.2006
v -0.9373 2.0799 0.0146 0.1836 0.1836 0.2003
v -0.9535 2.1705 0.0196 0.1837 0.1837 0.2004
v -0.8815 2.0900 0.0142 0.1835 0.1835 0.2001
v -0.8982 2.1805 0.0193 0.1835 0.1835 0.2002
v -0.8258 2.1004 0.0139 0.1833 0.1833 0.2000
v -0.8429 2.1908 0.0189 0.1834 0.1834 0.2001
v -0.7701 2.1112 0.0137 0.1832 0.1832 0.1998
v -0.7878 2.2014 0.0187 0.1832 0.1832 0.1999
v -0.7146 2.1222 0.0136 0.1830 0.1830 0.1997
v -0.7327 2.2124 0.0185 0.1831 0.1831 0.1998
v -0.6591 2.1335 0.0136 0.1827 0.1827 0.1993
v -0.6777 2.2236 0.0184 0.1830 0.1830 0.1996
v -0.6037 2.1451 0.0139 0.1808 0.1808 0.1973
v -0.6228 2.2351 0.0184 0.1817 0.1817 0.1983
v -0.5484 2.1569 0.0148 0.1800 0.1800 0.1964
v -0.5679 2.2468 0.0193 0.1801 0.1801 0.1965
v -0.4932 2.1691 0.0158 0.1799 0.1799 0.1962
v -0.5132 2.2589 0.0202 0.1800 0.1800 0.1963
v -0.4381 2.1815 0.0168 0.1798 0.1798 0.1961
v -0.4585 2.2712 0.0212 0.1798 0.1798 0.1962
v -0.3830 2.1941 0.0179 0.1797 0.1797 0.1960
v -0.4039 2.2838 0.0222 0.1797 0.1797 0.1961
v -0.3281 2.2071 0.0191 0.1796 0.1796 0.1959
v -0.3494 2.2966 0.0233 0.1796 0.1796 0.1960
v -0.2732 2.2202 0.0203 0.1795 0.1795 0.1958
v -0.2949 2.3097 0.0245 0.1795 0.1795 0.1959
v -0.2184 2.2337 0.0216 0.1794 0.1794 0.1957
v -0.2405 2.3230 0.0257 0.1795 0.1795 0.1958
v -0.1638 2.2473 0.0229 0.1794 0.1794 0.1957
v -0.1863 2.3365 0.0270 0.1795 0.1795 0.1958
v -0.1092 2.2612 0.0243 0.1794 0.1794 0.1957
v -0.1321 2.3503 0.0283 0.1794 0.1794 0.1957
v -0.0546 2.2754 0.0257 0.1794 0.1794 0.1957
v -0.0779 2.3644 0.0296 0.1794 0.1794 0.1957
v -0.0002 2.2897 0.0272 0.1794 0.1794 0.1957
v -0.0239 2.3786 0.0310 0.1794 0.1794 0.1958
v 0.0541 2.3043 0.0287 0.1794 0.1794 0.1957
v 0.0301 2.3931 0.0324 0.1795 0.1795 0.1958
v 0.1084 2.3191 0.0302 0.1794 0.1794 0.1957
v 0.0840 2.4078 0.0338 0.1795 0.1795 0.1958
v 0.1625 2.3341 0.0318 0.1796 0.1796 0.1959
v 0.1378 2.4227 0.0353 0.1796 0.1796 0.1959
v 0.2166 2.3493 0.0334 0.1800 0.1800 0.1964
v 0.1916 2.4378 0.0368 0.1799 0.1799 0.1962
v 0.2706 2.3647 0.0348 0.1805 0.1805 0.1970
v 0.2452 2.4531 0.0382 0.1803 0.1803 0.1967
v 0.3246 2.3803 0.0361 0.1812 0.1812 0.1976
v 0.2988 2.4686 0.0395 0.1809 0.1809 0.1974
v 0.3784 2.3961 0.0372 0.1818 0.1818 0.1983
v 0.3524 2.4843 0.0407 0.1815 0.1815 0.1981
v 0.4322 2.4120 0.0382 0.1823 0.1823 0.1989
v 0.4058 2.5002 0.0417 0.1821 0.1821 0.1987
v 0.4859 2.4282 0.0390 0.1828 0.1828 0.1994
v 0.4592 2.5162 0.0426 0.1826 0.1826 0.1992
v 0.5395 2.4445 0.0398 0.1830 0.1830 0.1997
v 0.5125 2.5325 0.0433 0.1829 0.1829 0.1996
v 0.5930 2.4610 0.0404 0.1829 0.1829 0.1995
v 0.5657 2.5489 0.0441 0.1831 0.1831 0.1998
v 0.6464 2.4777 0.0414 0.1812 0.1812 0.1977
v 0.6189 2.5655 0.0447 0.1821 0.1821 0.1987
v 0.6998 2.4945 0.0428 0.1803 0.1803 0.1967
v 0.6720 2.5822 0.0461 0.1805 0.1805 0.1969
v 0.7531 2.5115 0.0444 0.1798 0.1798 0.1962
v 0.7250 2.5991 0.0476 0.1800 0.1800 0.1964
v 0.8063 2.5287 0.0460 0.1792 0.1792 0.1955
v 0.7780 2.6162 0.0493 0.1795 0.1795 0.1958
v 0.8595 2.5460 0.0478 0.1786 0.1786 0.1948
v 0.8309 2.6334 0.0510 0.1788 0.1788 0.1951
v 0.9126 2.5635 0.0498 0.1779 0.1779 0.1940
v 0.8837 2.6508 0.0530 0.1781 0.1781 0.1943
v 0.9656 2.5811 0.0520 0.1772 0.1772 0.1933
v 0.9365 2.6683 0.0551 0.1775 0.1775 0.1936
v 1.0186 2.5988 0.0544 0.1766 0.1766 0.1927
v 0.9892 2.6860 0.0574 0.1769 0.1769 0.1929
v 1.0714 2.6167 0.0569 0.1762 0.1762 0.1923
v 1.0419 2.7038 0.0598 0.1764 0.1764 0.1924
v 1.1243 2.6347 0.0595 0.1761 0.1761 0.1921
v 1.0944 2.7217 0.0624 0.1762 0.1762 0.1922
v 1.1771 2.6529 0.0622 0.1762 0.1762 0.1922
v 1.1470 2.7398 0.0650 0.1761 0.1761 0.1922
v 1.2305 2.6715 0.0648 0.1765 0.1765 0.1926
v 1.2000 2.7583 0.0676 0.1764 0.1764 0.1924
v 1.2843 2.6906 0.0674 0.1766 0.1766 0.1927
v 1.2532 2.7772 0.0701 0.1767 0.1767 0.1927
v 1.3380 2.7101 0.0700 0.1764 0.1764 0.1924
v 1.3063 2.7964 0.0726 0.1766 0.1766 0.1926
v 1.3915 2.7299 0.0727 0.1758 0.1758 0.1918
v 1.3592 2.8161 0.0753 0.1761 0.1761 0.1921
v 1.4448 2.7501 0.0757 0.1750 0.1750 0.1909
v 1.4119 2.8360 0.0781 0.1754 0.1754 0.1913
v 1.4979 2.7706 0.0789 0.1741 0.1741 0.1899
v 1.4645 2.8563 0.0812 0.1745 0.1745 0.1904
v 1.5508 2.7913 0.0823 0.1732 0.1732 0.1889
v 1.5169 2.8769 0.0845 0.1735 0.1735 0.1893
v 1.6035 2.8124 0.0859 0.1723 0.1723 0.1880
v 1.5691 2.8977 0.0880 0.1727 0.1727 0.1883
v 1.6560 2.8337 0.0897 0.1717 0.1717 0.1873
v 1.6212 2.9189 0.0917 0.1719 0.1719 0.1876
v 1.7084 2.8553 0.0936 0.1714 0.1714 0.1870
v 1.6731 2.9403 0.0956 0.1715 0.1715 0.1871
v 1.7606 2.8772 0.0976 0.1715 0.1715 0.1871
v 1.7248 2.9619 0.0995 0.1715 0.1715 0.1871
v 1.8126 2.8992 0.1016 0.1721 0.1721 0.1877
v 1.7764 2.9838 0.1034 0.1719 0.1719 0.1875
v 1.8644 2.9216 0.1055 0.1726 0.1726 0.1883
v 1.8279 3.0060 0.1071 0.1727 0.1727 0.1884
v 1.9161 2.9441 0.1094 0.1731 0.1731 0.1888
v 1.8792 3.0283 0.1106 0.1732 0.1732 0.1889
v 1.9677 2.9668 0.1132 0.1748 0.1748 0.1906
v 1.9304 3.0509 0.1143 0.1743 0.1743 0.1901
v 2.0191 2.9898 0.1167 0.1769 0.1769 0.1930
v 1.9814 3.0737 0.1175 0.1764 0.1764 0.1924
v 2.0703 3.0129 0.1197 0.1792 0.1792 0.1955
v 2.0323 3.0967 0.1203 0.1787 0.1787 0.1949
v 2.1214 3.0362 0.1223 0.1817 0.1817 0.1982
v 2.0831 3.1198 0.1226 0.1812 0.1812 0.1976
v 2.1724 3.0597 0.1245 0.1840 0.1840 0.2007
v 2.1338 3.1432 0.1244 0.1837 0.1837 0.2004
v 2.2233 3.0833 0.1263 0.1860 0.1860 0.2030
v 2.1844 3.1666 0.1258 0.1859 0.1859 0.2028
v 2.2740 3.1071 0.1279 0.1876 0.1876 0.2047
v 2.2348 3.1903 0.1269 0.1877 0.1877 0.2048
v 2.3246 3.1310 0.1293 0.1887 0.1887 0.2058
v 2.2851 3.2141 0.1278 0.1890 0.1890 0.2062
v 2.3751 3.1551 0.1306 0.1894 0.1894 0.2066
v 2.3354 3.2380 0.1286 0.1898 0.1898 0.2070
v 2.4254 3.1792 0.1320 0.1900 0.1900 0.2072
v 2.3855 3.2621 0.1294 0.1904 0.1904 0.2077
v 2.4757 3.2035 0.1333 0.1905 0.1905 0.2078
v 2.4355 3.2863 0.1303 0.1909 0.1909 0.2083
v 2.5258 3.2280 0.1347 0.1911 0.1911 0.2085
v 2.4855 3.3106 0.1311 0.1915 0.1915 0.2089
v 2.5759 3.2525 0.1360 0.1918 0.1918 0.2092
v 2.5353 3.3351 0.1319 0.1920 0.1920 0.2095
v 2.6258 3.2771 0.1372 0.1924 0.1924 0.2099
v 2.5851 3.3596 0.1328 0.1926 0.1926 0.2101
v 2.6757 3.3018 0.1383 0.1931 0.1931 0.2107
v 2.6348 3.3842 0.1336 0.1932 0.1932 0.2108
v 2.7255 3.3266 0.1393 0.1938 0.1938 0.2114
v 2.6844 3.4089 0.1343 0.1938 0.1938 0.2114
v 2.7752 3.3515 0.1402 0.1945 0.1945 0.2121
v 2.7339 3.4337 0.1351 0.1944 0.1944 0.2121
v 2.8248 3.3764 0.1409 0.1950 0.1950 0.2128
v 2.7834 3.4586 0.1357 0.1949 0.1949 0.2126
v 2.8743 3.4014 0.1415 0.1955 0.1955 0.2133
v 2.8328 3.4835 0.1363 0.1953 0.1953 0.2131
v 2.9237 3.4265 0.1419 0.1958 0.1958 0.2136
v 2.8821 3.5085 0.1369 0.1956 0.1956 0.2133
v 2.9731 3.4516 0.1422 0.1960 0.1960 0.2138
v 2.9314 3.5336 0.1374 0.1957 0.1957 0.2135
v 3.0225 3.4767 0.1424 0.1959 0.1959 0.2137
v 2.9806 3.5587 0.1378 0.1956 0.1956 0.2134
v 3.0717 3.5019 0.1426 0.1955 0.1955 0.2133
v 3.0298 3.5838 0.1383 0.1953 0.1953 0.2130
v 3.1209 3.5271 0.1427 0.1952 0.1952 0.2129
v 3.0789 3.6090 0.1388 0.1948 0.1948 0.2125
v 3.1701 3.5524 0.1428 0.1948 0.1948 0.2125
v 3.1280 3.6342 0.1393 0.1945 0.1945 0.2122
v 3.2191 3.5776 0.1430 0.1939 0.1939 0.2115
v 3.1770 3.6594 0.1398 0.1938 0.1938 0.2115
v 3.2682 3.6029 0.1433 0.1930 0.1930 0.2105
v 3.2260 3.6847 0.1404 0.1930 0.1930 0.2105
v 3.3172 3.6282 0.1437 0.1919 0.1919 0.2094
v 3.2750 3.7100 0.1411 0.1920 0.1920 0.2095
v 3.3662 3.6535 0.1444 0.1909 0.1909 0.2083
v 3.3239 3.7353 0.1419 0.1910 0.1910 0.2084
v 3.4151 3.6788 0.1452 0.1900 0.1900 0.2073
v 3.3728 3.7605 0.1429 0.1901 0.1901 0.2074
v 3.4640 3.7041 0.1461 0.1894 0.1894 0.2066
v 3.4217 3.7858 0.1440 0.1893 0.1893 0.2065
v 3.5128 3.7294 0.1471 0.1888 0.1888 0.2060
v 3.4705 3.8111 0.1453 0.1887 0.1887 0.2059
v 3.5616 3.7547 0.1481 0.1883 0.1883 0.2054
v 3.5194 3.8364 0.1466 0.1881 0.1881 0.2052
v 3.6104 3.7799 0.1492 0.1876 0.1876 0.2046
v 3.5682 3.8616 0.1479 0.1874 0.1874 0.2044
v 3.6592 3.8051 0.1503 0.1866 0.1866 0.2036
v 3.6170 3.8868 0.1494 0.1865 0.1865 0.2034
v 3.7080 3.8303 0.1515 0.1854 0.1854 0.2023
v 3.6658 3.9120 0.1511 0.1853 0.1853 0.2022
v 3.7567 3.8554 0.1529 0.1839 0.1839 0.2007
v 3.7146 3.9372 0.1529 0.1839 0.1839 0.2006
v 3.8055 3.8806 0.1545 0.1823 0.1823 0.1989
v 3.7633 3.9623 0.1549 0.1823 0.1823 0.1989
v 3.8542 3.9056 0.1563 0.1805 0.1805 0.1969
v 3.8121 3.9874 0.1572 0.1806 0.1806 0.1970
v 3.9029 3.9306 0.1584 0.1787 0.1787 0.1949
v 3.8609 4.0125 0.1597 0.1788 0.1788 0.1950
v 3.9516 3.9556 0.1608 0.1769 0.1769 0.1929
v 3.9097 4.0375 0.1625 0.1770 0.1770 0.1931
v 4.0003 3.9805 0.1634 0.1751 0.1751 0.1910
v 3.9585 4.0624 0.1656 0.1752 0.1752 0.1912
v 4.0490 4.0053 0.1664 0.1735 0.1735 0.1893
v 4.0072 4.0873 0.1688 0.1737 0.1737 0.1894
v 4.0977 4.0301 0.1696 0.1723 0.1723 0.1880
v 4.0560 4.1121 0.1723 0.1723 0.1723 0.1880
v 4.1464 4.0547 0.1730 0.1714 0.1714 0.1869
v 4.1049 4.1368 0.1759 0.1714 0.1714 0.1869
v 4.1951 4.0793 0.1765 0.1707 0.1707 0.1863
v 4.1537 4.1615 0.1796 0.1707 0.1707 0.1862
v 4.2438 4.1039 0.1800 0.1703 0.1703 0.1858
v 4.2025 4.1861 0.1834 0.1702 0.1702 0.1857
v 4.2926 4.1283 0.1836 0.1701 0.1701 0.1855
v 4.2514 4.2106 0.1871 0.1700 0.1700 0.1854
v 4.3413 4.1526 0.1872 0.1702 0.1702 0.1857
v 4.3003 4.2350 0.1909 0.1698 0.1698 0.1852
v 4.3901 4.1769 0.1905 0.1718 0.1718 0.1874
v 4.3492 4.2593 0.1946 0.1706 0.1706 0.1861
v 4.4388 4.2010 0.1933 0.1730 0.1730 0.1887
v 4.3981 4.2835 0.1979 0.1724 0.1724 0.1880
v 4.4877 4.2251 0.1960 0.1728 0.1728 0.1885
v 4.4471 4.3076 0.2007 0.1728 0.1728 0.1885
v 4.5365 4.2490 0.1987 0.1726 0.1726 0.1883
v 4.4961 4.3317 0.2035 0.1726 0.1726 0.1883
v 4.5853 4.2728 0.2015 0.1725 0.1725 0.1882
v 4.5451 4.3556 0.2064 0.1726 0.1726 0.1882
v 4.6342 4.2965 0.2043 0.1734 0.1734 0.1892
v 4.5942 4.3793 0.2091 0.1734 0.1734 0.1892
v 4.6831 4.3201 0.2073 0.1738 0.1738 0.1896
v 4.6433 4.4030 0.2113 0.1745 0.1745 0.1904
v 4.7321 4.3435 0.2103 0.1740 0.1740 0.1898
v 4.6924 4.4266 0.2137 0.1748 0.1748 0.1907
v 4.7810 4.3668 0.2136 0.1748 0.1748 0.1906
v 4.7416 4.4500 0.2162 0.1751 0.1751 0.1910
v 4.8300 4.3900 0.2165 0.1753 0.1753 0.1913
v 4.7908 4.4732 0.2188 0.1756 0.1756 0.1916
v 4.8791 4.4131 0.2194 0.1750 0.1750 0.1909
v 4.8401 4.4964 0.2216 0.1754 0.1754 0.1913
v 4.9281 4.4360 0.2226 0.1743 0.1743 0.1901
v 4.8894 4.5194 0.2246 0.1747 0.1747 0.1906
v 4.9773 4.4587 0.2258 0.1738 0.1738 0.1896
v 4.9387 4.5422 0.2277 0.1742 0.1742 0.1900
v 5.0264 4.4813 0.2293 0.1736 0.1736 0.1894
v 4.9881 4.5649 0.2310 0.1740 0.1740 0.1898
v 5.0756 4.5037 0.2328 0.1739 0.1739 0.1897
v 5.0376 4.5875 0.2342 0.1741 0.1741 0.1899
v 5.1249 4.5260 0.2364 0.1746 0.1746 0.1905
v 5.0871 4.6099 0.2375 0.1747 0.1747 0.1906
v 5.1742 4.5481 0.2398 0.1758 0.1758 0.1918
v 5.1367 4.6321 0.2406 0.1757 0.1757 0.1917
v 5.2236 4.5701 0.2431 0.1774 0.1774 0.1935
v 5.1864 4.6542 0.2436 0.1772 0.1772 0.1933
v 5.2734 4.5921 0.2462 0.1792 0.1792 0.1954
v 5.2363 4.6763 0.2463 0.1788 0.1788 0.1951
v 5.3234 4.6141 0.2488 0.1808 0.1808 0.1973
v 5.2864 4.6983 0.2488 0.1805 0.1805 0.1969
v 5.3734 4.6360 0.2512 0.1821 0.1821 0.1986
v 5.3365 4.7203 0.2510 0.1818 0.1818 0.1983
v 5.4235 4.6579 0.2533 0.1830 0.1830 0.1996
v 5.3867 4.7422 0.2531 0.1827 0.1827 0.1993
v 5.4736 4.6797 0.2552 0.1837 0.1837 0.2004
v 5.4369 4.7641 0.2551 0.1835 0.1835 0.2002
v 5.5238 4.7015 0.2570 0.1841 0.1841 0.2009
v 5.4871 4.7859 0.2569 0.1840 0.1840 0.2007
v 5.5739 4.7233 0.2587 0.1843 0.1843 0.2010
v 5.5374 4.8077 0.2586 0.1842 0.1842 0.2010
v 5.6242 4.7450 0.2604 0.1866 0.1866 0.2035
v 5.5877 4.8295 0.2603 0.1848 0.1848 0.2016
v 5.6744 4.7667 0.2606 0.1894 0.1894 0.2066
v 5.6380 4.8512 0.2617 0.1882 0.1882 0.2053
v 5.7247 4.7883 0.2609 0.1889 0.1889 0.2061
v 5.6884 4.8728 0.2620 0.1891 0.1891 0.2062
v 5.7750 4.8099 0.2613 0.1882 0.1882 0.2053
v 5.7388 4.8944 0.2624 0.1884 0.1884 0.2055
v 5.8254 4.8314 0.2619 0.1873 0.1873 0.2043
v 5.7892 4.9160 0.2630 0.1876 0.1876 0.2046
v 5.8757 4.8530 0.2626 0.1863 0.1863 0.2032
v 5.8396 4.9376 0.2638 0.1865 0.1865 0.2035
v 5.9261 4.8744 0.2635 0.1851 0.1851 0.2019
v 5.8901 4.9591 0.2648 0.1854 0.1854 0.2022
v 5.9766 4.8959 0.2646 0.1838 0.1838 0.2005
v 5.9405 4.9806 0.2661 0.1841 0.1841 0.2008
v 6.0270 4.9173 0.2660 0.1824 0.1824 0.1990
v 5.9910 5.0020 0.2676 0.1827 0.1827 0.1993
v 6.0774 4.9387 0.2676 0.1810 0.1810 0.1975
v 6.0416 5.0234 0.2694 0.1813 0.1813 0.1977
v 6.1279 4.9601 0.2695 0.1796 0.1796 0.1960
v 6.0921 5.0448 0.2715 0.1798 0.1798 0.1962
v 6.1784 4.9815 0.2715 0.1783 0.1783 0.1945
v 6.1426 5.0662 0.2738 0.1785 0.1785 0.1947
v 6.2289 5.0028 0.2738 0.1771 0.1771 0.1932
v 6.1932 5.0875 0.2763 0.1773 0.1773 0.1934
v 6.2795 5.0241 0.2762 0.1761 0.1761 0.1921
v 6.2438 5.1089 0.2789 0.1761 0.1761 0.1922
v 6.3300 5.0453 0.2787 0.1752 0.1752 0.1911
v 6.2944 5.1301 0.2817 0.1752 0.1752 0.1911
v 6.3806 5.0666 0.2814 0.1745 0.1745 0.1903
v 6.3450 5.1514 0.2846 0.1744 0.1744 0.1903
v 6.4312 5.0878 0.2841 0.1739 0.1739 0.1897
v 6.3956 5.1727 0.2876 0.1738 0.1738 0.1896
v 6.4818 5.1090 0.2869 0.1735 0.1735 0.1892
v 6.4462 5.1939 0.2906 0.1733 0.1733 0.1891
v 6.5324 5.1302 0.2897 0.1731 0.1731 0.1889
v 6.4969 5.2151 0.2936 0.1730 0.1730 0.1887
v 6.5830 5.1514 0.2924 0.1729 0.1729 0.1886
v 6.5475 5.2362 0.2966 0.1727 0.1727 0.1884
v 6.6336 5.1725 0.2952 0.1726 0.1726 0.1883
v 6.5982 5.2574 0.2996 0.1725 0.1725 0.1882
v 6.6843 5.1936 0.2979 0.1724 0.1724 0.1880
v 6.6489 5.2785 0.3025 0.1723 0.1723 0.1879
v 6.7349 5.2147 0.3007 0.1720 0.1720 0.1877
v 6.6996 5.2997 0.3055 0.1720 0.1720 0.1876
v 6.7856 5.2358 0.3035 0.1718 0.1718 0.1874
v 6.7503 5.3208 0.3084 0.1717 0.1717 0.1873
v 6.8363 5.2569 0.3063 0.1722 0.1722 0.1879
v 6.8010 5.3418 0.3114 0.1716 0.1716 0.1872
v 6.8870 5.2779 0.3086 0.1759 0.1759 0.1919
v 6.8517 5.3629 0.3143 0.1734 0.1734 0.1892
v 6.9377 5.2990 0.3093 0.1789 0.1789 0.1952
v 6.9025 5.3839 0.3161 0.1777 0.1777 0.1939
v 6.9884 5.3200 0.3100 0.1793 0.1793 0.1956
v 6.9532 5.4050 0.3169 0.1790 0.1790 0.1953
v 7.0391 5.3410 0.3105 0.1797 0.1797 0.1961
v 7.0040 5.4260 0.3175 0.1794 0.1794 0.1958
v 7.0899 5.3620 0.3109 0.1802 0.1802 0.1965
v 7.0547 5.4470 0.3180 0.1799 0.1799 0.1962
v 7.1406 5.3829 0.3112 0.1806 0.1806 0.1970
v 7.1055 5.4680 0.3184 0.1803 0.1803 0.1967
v 7.1914 5.4039 0.3113 0.1810 0.1810 0.1974
v 7.1563 5.4889 0.3187 0.1807 0.1807 0.1972
v 7.2421 5.4248 0.3114 0.1813 0.1813 0.1978
v 7.2070 5.5099 0.3188 0.1811 0.1811 0.1976
v 7.2929 5.4458 0.3113 0.1816 0.1816 0.1981
v 7.2578 5.5308 0.3188 0.1814 0.1814 0.1979
v 7.3437 5.4667 0.3111 0.1818 0.1818 0.1983
v 7.3086 5.5518 0.3187 0.1817 0.1817 0.1982
v 7.3945 5.4876 0.3109 0.1820 0.1820 0.1985
v 7.3594 5.5727 0.3186 0.1819 0.1819 0.1984
v 7.4452 5.5085 0.3107 0.1821 0.1821 0.1986
v 7.4103 5.5936 0.3184 0.1820 0.1820 0.1986
v 7.4960 5.5294 0.3105 0.1838 0.1838 0.2005
v 7.4611 5.6145 0.3181 0.1834 0.1834 0.2001
v 7.5469 5.5503 0.3102 0.1869 0.1869 0.2039
v 7.5119 5.6354 0.3170 0.1869 0.1869 0.2039
v 7.5977 5.5711 0.3100 0.1895 0.1895 0.2068
v 7.5627 5.6562 0.3150 0.1904 0.1904 0.2078
v 7.6485 5.5920 0.3097 0.1921 0.1921 0.2096
v 7.6136 5.6771 0.3129 0.1931 0.1931 0.2107
v 7.6993 5.6128 0.3095 0.1955 0.1955 0.2133
v 7.6644 5.6979 0.3109 0.1958 0.1958 0.2136
v 7.7502 5.6336 0.3086 0.1993 0.1993 0.2174
v 7.7153 5.7188 0.3088 0.1989 0.1989 0.2169
v 7.8010 5.6544 0.3066 0.2011 0.2011 0.2194
v 7.7661 5.7396 0.3067 0.2011 0.2011 0.2194
v 7.8518 5.6753 0.3046 0.2014 0.2014 0.2197
v 7.8170 5.7604 0.3046 0.2014 0.2014 0.2197
v 7.9027 5.6961 0.3025 0.2014 0.2014 0.2198
v 7.8679 5.7812 0.3025 0.2016 0.2016 0.2199
v 7.9535 5.7168 0.3005 0.2015 0.2015 0.2198
v 7.9187 5.8020 0.3003 0.2016 0.2016 0.2199
v 8.0044 5.7376 0.2986 0.2015 0.2015 0.2198
v 7.9696 5.8228 0.2982 0.2016 0.2016 0.2200
v 8.0553 5.7584 0.2968 0.2015 0.2015 0.2198
v 8.0205 5.8436 0.2962 0.2017 0.2017 0.2200
v 8.1062 5.7792 0.2949 0.2033 0.2033 0.2218
v 8.0714 5.8644 0.2941 0.2018 0.2018 0.2202
v 8.1570 5.7999 0.2915 0.2091 0.2091 0.2281
v 8.1223 5.8851 0.2921 0.2064 0.2064 0.2251
v 8.2079 5.8207 0.2872 0.2108 0.2108 0.2299
v 8.1732 5.9059 0.2877 0.2107 0.2107 0.2299
v 8.2588 5.8414 0.2828 0.2111 0.2111 0.2303
v 8.2241 5.9266 0.2832 0.2111 0.2111 0.2303
v 8.3097 5.8622 0.2785 0.2116 0.2116 0.2308
v 8.2750 5.9474 0.2786 0.2116 0.2116 0.2308
v 8.3606 5.8829 0.2740 0.2121 0.2121 0.2314
v 8.3259 5.9681 0.2740 0.2121 0.2121 0.2313
v 8.4115 5.9036 0.2695 0.2127 0.2127 0.2321
v 8.3768 5.9888 0.2693 0.2126 0.2126 0.2320
v 8.4624 5.9244 0.2648 0.2134 0.2134 0.2328
v 8.4277 6.0096 0.2645 0.2133 0.2133 0.2327
v 8.5133 5.9451 0.2600 0.2141 0.2141 0.2335
v 8.4787 6.0303 0.2596 0.2139 0.2139 0.2334
v 8.5643 5.9658 0.2551 0.2147 0.2147 0.2342
v 8.5296 6.0510 0.2546 0.2145 0.2145 0.2340
v 8.6152 5.9865 0.2500 0.2153 0.2153 0.2348
v 8.5805 6.0717 0.2495 0.2151 0.2151 0.2347
v 8.6661 6.0072 0.2448 0.2157 0.2157 0.2354
v 8.6314 6.0924 0.2443 0.2156 0.2156 0.2352
v 8.7170 6.0279 0.2394 0.2161 0.2161 0.2358
v 8.6824 6.1131 0.2390 0.2160 0.2160 0.2356
v 8.7680 6.0486 0.2340 0.2164 0.2164 0.2360
v 8.7333 6.1339 0.2336 0.2163 0.2163 0.2359
v 8.8189 6.0693 0.2285 0.2165 0.2165 0.2362
v 8.7843 6.1546 0.2281 0.2164 0.2164 0.2361
v 8.8698 6.0900 0.2229 0.2166 0.2166 0.2362
v 8.8352 6.1753 0.2226 0.2165 0.2165 0.2362
v 8.9208 6.1107 0.2174 0.2165 0.2165 0.2361
v 8.8862 6.1960 0.2171 0.2165 0.2165 0.2361
v 8.9717 6.1314 0.2118 0.2162 0.2162 0.2359
v 8.9371 6.2167 0.2116 0.2163 0.2163 0.2360
v 9.0227 6.1521 0.2064 0.2158 0.2158 0.2355
v 8.9881 6.2374 0.2061 0.2160 0.2160 0.2356
v 9.0737 6.1728 0.2010 0.2153 0.2153 0.2349
v 9.0390 6.2581 0.2008 0.2155 0.2155 0.2351
v 9.1246 6.1935 0.1958 0.2148 0.2148 0.2343
v 9.0900 6.2788 0.1955 0.2150 0.2150 0.2345
v 9.1756 6.2143 0.1907 0.2142 0.2142 0.2336
v 9.1410 6.2995 0.1904 0.2144 0.2144 0.2339
v 9.2266 6.2350 0.1859 0.2136 0.2136 0.2330
v 9.1919 6.3202 0.1855 0.2138 0.2138 0.2332
v 9.2775 6.2557 0.1811 0.2130 0.2130 0.2324
v 9.2429 6.3409 0.1807 0.2132 0.2132 0.2326
v 9.3285 6.2764 0.1765 0.2125 0.2125 0.2318
v 9.2939 6.3616 0.1761 0.2127 0.2127 0.2321
v 9.3795 6.2972 0.1721 0.2107 0.2107 0.2298
v 9.3448 6.3824 0.1716 0.2118 0.2118 0.2310
v 9.4305 6.3179 0.1685 0.2089 0.2089 0.2279
v 9.3958 6.4031 0.1675 0.2095 0.2095 0.2286
v 9.4815 6.3387 0.1650 0.2086 0.2086 0.2276
v 9.4468 6.4239 0.1640 0.2087 0.2087 0.2277
v 9.5325 6.3595 0.1616 0.2085 0.2085 0.2275
v 9.4978 6.4447 0.1606 0.2085 0.2085 0.2274
v 9.5836 6.3803 0.1581 0.2085 0.2085 0.2274
v 9.5488 6.4655 0.1572 0.2084 0.2084 0.2274
v 9.6346 6.4012 0.1546 0.2086 0.2086 0.2276
v 9.5998 6.4863 0.1538 0.2085 0.2085 0.2274
v 9.6857 6.4220 0.1510 0.2088 0.2088 0.2278
v 9.6508 6.5072 0.1503 0.2087 0.2087 0.2276
v 9.7367 6.4430 0.1474 0.2091 0.2091 0.2281
v 9.7018 6.5281 0.1468 0.2089 0.2089 0.2279
v 9.7878 6.4639 0.1437 0.2094 0.2094 0.2284
v 9.7529 6.5490 0.1431 0.2092 0.2092 0.2282
v 9.8390 6.4850 0.1398 0.2096 0.2096 0.2287
v 9.8039 6.5701 0.1394 0.2095 0.2095 0.2285
v 9.8900 6.5061 0.1359 0.2098 0.2098 0.2289
v 9.8549 6.5911 0.1356 0.2097 0.2097 0.2287
v -8.5225 4.2995 0.2210 0.1771 0.1771 0.1932
v -8.4892 4.3852 0.2245 0.1773 0.1773 0.1935
v -8.4706 4.2793 0.2231 0.1768 0.1768 0.1929
v -8.4370 4.3649 0.2271 0.1770 0.1770 0.1931
v -8.4183 4.2586 0.2252 0.1767 0.1767 0.1928
v -8.3842 4.3440 0.2292 0.1768 0.1768 0.1929
v -8.3665 4.2378 0.2272 0.1765 0.1765 0.1925
v -8.3321 4.3231 0.2313 0.1766 0.1766 0.1927
v -8.3150 4.2169 0.2292 0.1761 0.1761 0.1922
v -8.2803 4.3021 0.2334 0.1763 0.1763 0.1923
v -8.2636 4.1960 0.2314 0.1757 0.1757 0.1917
v -8.2288 4.2811 0.2357 0.1759 0.1759 0.1919
v -8.2125 4.1750 0.2337 0.1752 0.1752 0.1912
v -8.1775 4.2601 0.2380 0.1754 0.1754 0.1914
v -8.1614 4.1539 0.2362 0.1770 0.1770 0.1931
v -8.1263 4.2390 0.2406 0.1758 0.1758 0.1918
v -8.1104 4.1329 0.2384 0.1797 0.1797 0.1961
v -8.0753 4.2179 0.2418 0.1787 0.1787 0.1950
v -8.0595 4.1119 0.2398 0.1800 0.1800 0.1964
v -8.0243 4.1969 0.2431 0.1801 0.1801 0.1965
v -8.0086 4.0908 0.2413 0.1798 0.1798 0.1962
v -7.9734 4.1758 0.2446 0.1799 0.1799 0.1962
v -7.9578 4.0698 0.2430 0.1796 0.1796 0.1960
v -7.9226 4.1548 0.2463 0.1797 0.1797 0.1960
v -7.9069 4.0487 0.2449 0.1796 0.1796 0.1959
v -7.8718 4.1337 0.2481 0.1796 0.1796 0.1959
v -7.8562 4.0277 0.2470 0.1796 0.1796 0.1960
v -7.8210 4.1127 0.2501 0.1796 0.1796 0.1959
v -7.8054 4.0067 0.2491 0.1798 0.1798 0.1961
v -7.7702 4.0917 0.2521 0.1797 0.1797 0.1960
v -7.7546 3.9857 0.2513 0.1801 0.1801 0.1964
v -7.7195 4.0708 0.2542 0.1799 0.1799 0.1963
v -7.7039 3.9648 0.2536 0.1805 0.1805 0.1969
v -7.6688 4.0498 0.2564 0.1803 0.1803 0.1967
v -7.6531 3.9439 0.2558 0.1811 0.1811 0.1976
v -7.6181 4.0290 0.2585 0.1808 0.1808 0.1973
v -7.6024 3.9230 0.2581 0.1819 0.1819 0.1984
v -7.5674 4.0081 0.2605 0.1815 0.1815 0.1980
v -7.5517 3.9022 0.2601 0.1827 0.1827 0.1994
v -7.5167 3.9873 0.2623 0.1824 0.1824 0.1989
v -7.5009 3.8814 0.2621 0.1836 0.1836 0.2003
v -7.4661 3.9665 0.2641 0.1833 0.1833 0.1999
v -7.4502 3.8606 0.2638 0.1845 0.1845 0.2013
v -7.4154 3.9458 0.2656 0.1841 0.1841 0.2009
v -7.3994 3.8399 0.2653 0.1853 0.1853 0.2022
v -7.3647 3.9251 0.2670 0.1850 0.1850 0.2018
v -7.3487 3.8193 0.2666 0.1861 0.1861 0.2030
v -7.3141 3.9045 0.2681 0.1858 0.1858 0.2027
v -7.2979 3.7987 0.2675 0.1867 0.1867 0.2037
v -7.2634 3.8840 0.2690 0.1865 0.1865 0.2035
v -7.2471 3.7782 0.2681 0.1873 0.1873 0.2043
v -7.2127 3.8635 0.2695 0.1871 0.1871 0.2041
v -7.1964 3.7577 0.2684 0.1877 0.1877 0.2047
v -7.1620 3.8431 0.2698 0.1876 0.1876 0.2046
v -7.1456 3.7373 0.2682 0.1879 0.1879 0.2049
v -7.1113 3.8227 0.2698 0.1879 0.1879 0.2049
v -7.0947 3.7170 0.2677 0.1878 0.1878 0.2049
v -7.0606 3.8024 0.2695 0.1879 0.1879 0.2050
v -7.0439 3.6967 0.2670 0.1875 0.1875 0.2045
v -7.0099 3.7822 0.2689 0.1877 0.1877 0.2047
v -6.9931 3.6765 0.2661 0.1870 0.1870 0.2040
v -6.9592 3.7621 0.2683 0.1873 0.1873 0.2043
v -6.9422 3.6564 0.2652 0.1873 0.1873 0.2043
v -6.9085 3.7420 0.2675 0.1871 0.1871 0.2041
v -6.8914 3.6364 0.2642 0.1892 0.1892 0.2063
v -6.8577 3.7220 0.2663 0.1882 0.1882 0.2054
v -6.8405 3.6164 0.2621 0.1902 0.1902 0.2075
v -6.8070 3.7021 0.2640 0.1901 0.1901 0.2074
v -6.7896 3.5966 0.2596 0.1899 0.1899 0.2072
v -6.7562 3.6823 0.2617 0.1902 0.1902 0.2075
v -6.7386 3.5768 0.2572 0.1894 0.1894 0.2066
v -6.7054 3.6626 0.2594 0.1896 0.1896 0.2068
v -6.6877 3.5572 0.2549 0.1888 0.1888 0.2060
v -6.6546 3.6430 0.2573 0.1890 0.1890 0.2062
v -6.6367 3.5376 0.2527 0.1883 0.1883 0.2054
v -6.6038 3.6235 0.2552 0.1885 0.1885 0.2056
v -6.5857 3.5181 0.2506 0.1878 0.1878 0.2049
v -6.5530 3.6041 0.2532 0.1880 0.1880 0.2051
v -6.5347 3.4988 0.2487 0.1874 0.1874 0.2044
v -6.5022 3.5848 0.2514 0.1875 0.1875 0.2046
v -6.4837 3.4796 0.2469 0.1870 0.1870 0.2039
v -6.4514 3.5657 0.2497 0.1871 0.1871 0.2041
v -6.4326 3.4604 0.2453 0.1863 0.1863 0.2033
v -6.4005 3.5466 0.2481 0.1866 0.1866 0.2036
v -6.3816 3.4414 0.2439 0.1856 0.1856 0.2024
v -6.3496 3.5277 0.2468 0.1859 0.1859 0.2028
v -6.3305 3.4226 0.2428 0.1847 0.1847 0.2015
v -6.2987 3.5090 0.2458 0.1850 0.1850 0.2019
v -6.2793 3.4039 0.2420 0.1838 0.1838 0.2005
v -6.2478 3.4903 0.2452 0.1841 0.1841 0.2008
v -6.2282 3.3853 0.2415 0.1829 0.1829 0.1995
v -6.1969 3.4718 0.2448 0.1832 0.1832 0.1999
v -6.1770 3.3669 0.2413 0.1821 0.1821 0.1986
v -6.1460 3.4535 0.2447 0.1824 0.1824 0.1989
v -6.1258 3.3487 0.2414 0.1814 0.1814 0.1979
v -6.0951 3.4354 0.2449 0.1816 0.1816 0.1982
v -6.0746 3.3306 0.2418 0.1810 0.1810 0.1974
v -6.0441 3.4174 0.2453 0.1811 0.1811 0.1976
v -6.0234 3.3127 0.2423 0.1808 0.1808 0.1972
v -5.9932 3.3996 0.2458 0.1808 0.1808 0.1972
v -5.9721 3.2950 0.2429 0.1807 0.1807 0.1971
v -5.9422 3.3820 0.2465 0.1807 0.1807 0.1971
v -5.9208 3.2775 0.2436 0.1808 0.1808 0.1972
v -5.8913 3.3646 0.2471 0.1807 0.1807 0.1972
v -5.8695 3.2602 0.2443 0.1809 0.1809 0.1973
v -5.8403 3.3474 0.2478 0.1808 0.1808 0.1973
v -5.8182 3.2431 0.2450 0.1810 0.1810 0.1975
v -5.7894 3.3305 0.2484 0.1810 0.1810 0.1974
v -5.7668 3.2263 0.2457 0.1813 0.1813 0.1978
v -5.7384 3.3138 0.2491 0.1812 0.1812 0.1976
v -5.7155 3.2097 0.2463 0.1816 0.1816 0.1981
v -5.6875 3.2974 0.2496 0.1814 0.1814 0.1979
v -5.6641 3.1935 0.2469 0.1834 0.1834 0.2001
v -5.6365 3.2812 0.2502 0.1824 0.1824 0.1990
v -5.6127 3.1775 0.2471 0.1861 0.1861 0.2031
v -5.5856 3.2654 0.2496 0.1852 0.1852 0.2020
v -5.5612 3.1618 0.2462 0.1871 0.1871 0.2041
v -5.5346 3.2498 0.2487 0.1870 0.1870 0.2040
v -5.5088 3.1461 0.2453 0.1872 0.1872 0.2042
v -5.4824 3.2342 0.2477 0.1872 0.1872 0.2042
v -5.4558 3.1302 0.2443 0.1871 0.1871 0.2041
v -5.4292 3.2182 0.2467 0.1872 0.1872 0.2042
v -5.4028 3.1141 0.2431 0.1863 0.1863 0.2033
v -5.3761 3.2021 0.2458 0.1868 0.1868 0.2037
v -5.3499 3.0979 0.2419 0.1851 0.1851 0.2020
v -5.3230 3.1859 0.2449 0.1857 0.1857 0.2025
v -5.2970 3.0817 0.2407 0.1839 0.1839 0.2007
v -5.2700 3.1697 0.2442 0.1844 0.1844 0.2012
v -5.2443 3.0655 0.2396 0.1828 0.1828 0.1995
v -5.2171 3.1534 0.2434 0.1833 0.1833 0.2000
v -5.1915 3.0492 0.2385 0.1819 0.1819 0.1985
v -5.1644 3.1371 0.2427 0.1823 0.1823 0.1989
v -5.1389 3.0329 0.2374 0.1816 0.1816 0.1981
v -5.1116 3.1208 0.2419 0.1817 0.1817 0.1982
v -5.0863 3.0166 0.2362 0.1815 0.1815 0.1980
v -5.0590 3.1044 0.2408 0.1816 0.1816 0.1981
v -5.0337 3.0003 0.2350 0.1815 0.1815 0.1980
v -5.0065 3.0881 0.2396 0.1815 0.1815 0.1980
v -4.9812 2.9840 0.2337 0.1813 0.1813 0.1978
v -4.9540 3.0718 0.2384 0.1814 0.1814 0.1979
v -4.9288 2.9677 0.2322 0.1811 0.1811 0.1976
v -4.9016 3.0556 0.2371 0.1812 0.1812 0.1977
v -4.8764 2.9515 0.2307 0.1808 0.1808 0.1973
v -4.8492 3.0394 0.2357 0.1810 0.1810 0.1974
v -4.8240 2.9353 0.2290 0.1805 0.1805 0.1969
v -4.7969 3.0232 0.2342 0.1806 0.1806 0.1971
v -4.7717 2.9192 0.2273 0.1800 0.1800 0.1964
v -4.7447 3.0072 0.2327 0.1802 0.1802 0.1966
v -4.7194 2.9032 0.2254 0.1795 0.1795 0.1958
v -4.6925 2.9912 0.2310 0.1798 0.1798 0.1961
v -4.6671 2.8873 0.2234 0.1789 0.1789 0.1952
v -4.6403 2.9753 0.2293 0.1792 0.1792 0.1955
v -4.6148 2.8715 0.2214 0.1784 0.1784 0.1946
v -4.5882 2.9595 0.2275 0.1786 0.1786 0.1949
v -4.5626 2.8558 0.2193 0.1778 0.1778 0.1940
v -4.5362 2.9439 0.2257 0.1781 0.1781 0.1943
v -4.5103 2.8402 0.2171 0.1773 0.1773 0.1934
v -4.4841 2.9284 0.2237 0.1775 0.1775 0.1937
v -4.4581 2.8248 0.2148 0.1769 0.1769 0.1930
v -4.4321 2.9130 0.2217 0.1771 0.1771 0.1932
v -4.4059 2.8095 0.2125 0.1775 0.1775 0.1936
v -4.3802 2.8978 0.2196 0.1771 0.1771 0.1932
v -4.3537 2.7944 0.2099 0.1785 0.1785 0.1947
v -4.3282 2.8828 0.2168 0.1782 0.1782 0.1944
v -4.3015 2.7794 0.2068 0.1789 0.1789 0.1951
v -4.2763 2.8679 0.2138 0.1788 0.1788 0.1951
v -4.2493 2.7647 0.2035 0.1791 0.1791 0.1954
v -4.2244 2.8533 0.2106 0.1790 0.1790 0.1953
v -4.1971 2.7501 0.2001 0.1794 0.1794 0.1957
v -4.1725 2.8388 0.2072 0.1793 0.1793 0.1956
v -4.1448 2.7358 0.1966 0.1797 0.1797 0.1961
v -4.1207 2.8246 0.2037 0.1796 0.1796 0.1959
v -4.0926 2.7217 0.1930 0.1802 0.1802 0.1966
v -4.0688 2.8106 0.2001 0.1800 0.1800 0.1964
v -4.0404 2.7079 0.1894 0.1808 0.1808 0.1972
v -4.0170 2.7968 0.1964 0.1805 0.1805 0.1969
v -3.9881 2.6942 0.1859 0.1814 0.1814 0.1979
v -3.9652 2.7833 0.1926 0.1811 0.1811 0.1976
v -3.9359 2.6809 0.1824 0.1822 0.1822 0.1988
v -3.9133 2.7701 0.1888 0.1819 0.1819 0.1984
v -3.8836 2.6678 0.1790 0.1831 0.1831 0.1998
v -3.8615 2.7572 0.1851 0.1827 0.1827 0.1994
v -3.8313 2.6551 0.1757 0.1841 0.1841 0.2009
v -3.8097 2.7445 0.1815 0.1837 0.1837 0.2004
v -3.7789 2.6426 0.1726 0.1852 0.1852 0.2020
v -3.7579 2.7322 0.1779 0.1847 0.1847 0.2015
v -3.7266 2.6304 0.1696 0.1862 0.1862 0.2032
v -3.7061 2.7201 0.1745 0.1858 0.1858 0.2027
v -3.6742 2.6186 0.1667 0.1873 0.1873 0.2044
v -3.6542 2.7084 0.1712 0.1869 0.1869 0.2039
v -3.6218 2.6071 0.1639 0.1884 0.1884 0.2056
v -3.6024 2.6970 0.1680 0.1880 0.1880 0.2051
v -3.5694 2.5960 0.1612 0.1896 0.1896 0.2068
v -3.5506 2.6860 0.1648 0.1891 0.1891 0.2063
v -3.5170 2.5852 0.1585 0.1907 0.1907 0.2080
v -3.4988 2.6754 0.1617 0.1903 0.1903 0.2076
v -3.4645 2.5748 0.1557 0.1917 0.1917 0.2091
v -3.4470 2.6651 0.1587 0.1913 0.1913 0.2087
v -3.4121 2.5648 0.1528 0.1926 0.1926 0.2102
v -3.3952 2.6552 0.1555 0.1923 0.1923 0.2098
v -3.3596 2.5552 0.1498 0.1934 0.1934 0.2110
v -3.3433 2.6457 0.1524 0.1932 0.1932 0.2107
v -3.3070 2.5460 0.1466 0.1940 0.1940 0.2116
v -3.2915 2.6367 0.1491 0.1938 0.1938 0.2115
v -3.2545 2.5372 0.1433 0.1943 0.1943 0.2120
v -3.2397 2.6280 0.1458 0.1943 0.1943 0.2119
v -3.2019 2.5289 0.1399 0.1944 0.1944 0.2121
v -3.1879 2.6198 0.1425 0.1944 0.1944 0.2121
v -3.1493 2.5210 0.1366 0.1943 0.1943 0.2119
v -3.1361 2.6120 0.1392 0.1944 0.1944 0.2120
v -3.0967 2.5135 0.1332 0.1941 0.1941 0.2117
v -3.0842 2.6047 0.1360 0.1941 0.1941 0.2118
v -3.0441 2.5066 0.1299 0.1939 0.1939 0.2116
v -3.0324 2.5979 0.1328 0.1940 0.1940 0.2116
v -2.9915 2.5001 0.1266 0.1938 0.1938 0.2114
v -2.9807 2.5915 0.1296 0.1938 0.1938 0.2114
v -2.9388 2.4942 0.1232 0.1935 0.1935 0.2111
v -2.9289 2.5856 0.1264 0.1936 0.1936 0.2112
v -2.8861 2.4887 0.1198 0.1932 0.1932 0.2108
v -2.8771 2.5802 0.1232 0.1933 0.1933 0.2109
v -2.8335 2.4837 0.1164 0.1929 0.1929 0.2104
v -2.8254 2.5754 0.1200 0.1930 0.1930 0.2105
v -2.7808 2.4793 0.1130 0.1924 0.1924 0.2099
v -2.7736 2.5710 0.1168 0.1926 0.1926 0.2101
v -2.7282 2.4754 0.1095 0.1919 0.1919 0.2094
v -2.7219 2.5672 0.1137 0.1921 0.1921 0.2095
v -2.6755 2.4721 0.1061 0.1922 0.1922 0.2097
v -2.6702 2.5640 0.1106 0.1915 0.1915 0.2089
v -2.6229 2.4693 0.0953 0.1798 0.1798 0.1962
v -2.6185 2.5612 0.1075 0.1854 0.1854 0.2023
v -2.5702 2.4671 0.0859 0.1611 0.1611 0.1757
v -2.5669 2.5591 0.1045 0.1669 0.1669 0.1821
v -2.5176 2.4655 0.0843 0.1532 0.1532 0.1671
v -2.5153 2.5575 0.1015 0.1560 0.1560 0.1701
v -2.4651 2.4645 0.0931 0.1745 0.1745 0.1904
v -2.4638 2.5565 0.0987 0.1647 0.1647 0.1796
v -2.4124 2.4640 0.0901 0.1880 0.1880 0.2051
v -2.4121 2.5560 0.0959 0.1882 0.1882 0.2053
v -2.3593 2.4641 0.0873 0.1873 0.1873 0.2043
v -2.3599 2.5561 0.0932 0.1875 0.1875 0.2045
v -2.3060 2.4646 0.0845 0.1867 0.1867 0.2037
v -2.3073 2.5566 0.0906 0.1868 0.1868 0.2038
v -2.2527 2.4656 0.0819 0.1861 0.1861 0.2030
v -2.2546 2.5576 0.0881 0.1863 0.1863 0.2032
v -2.1993 2.4669 0.0794 0.1856 0.1856 0.2025
v -2.2020 2.5589 0.0857 0.1858 0.1858 0.2027
v -2.1460 2.4687 0.0770 0.1853 0.1853 0.2021
v -2.1493 2.5606 0.0835 0.1854 0.1854 0.2022
v -2.0926 2.4708 0.0748 0.1850 0.1850 0.2018
v -2.0967 2.5628 0.0813 0.1850 0.1850 0.2019
v -2.0393 2.4734 0.0726 0.1848 0.1848 0.2016
v -2.0440 2.5653 0.0792 0.1848 0.1848 0.2016
v -1.9859 2.4763 0.0705 0.1848 0.1848 0.2016
v -1.9913 2.5682 0.0771 0.1848 0.1848 0.2016
v -1.9326 2.4797 0.0684 0.1850 0.1850 0.2018
v -1.9386 2.5715 0.0750 0.1849 0.1849 0.2017
v -1.8792 2.4834 0.0663 0.1840 0.1840 0.2007
v -1.8860 2.5752 0.0729 0.1845 0.1845 0.2013
v -1.8259 2.4875 0.0647 0.1835 0.1835 0.2001
v -1.8333 2.5792 0.0713 0.1835 0.1835 0.2002
v -1.7726 2.4920 0.0631 0.1837 0.1837 0.2004
v -1.7806 2.5836 0.0697 0.1836 0.1836 0.2003
v -1.7193 2.4969 0.0615 0.1841 0.1841 0.2008
v -1.7280 2.5884 0.0680 0.1840 0.1840 0.2007
v -1.6660 2.5021 0.0599 0.1844 0.1844 0.2012
v -1.6753 2.5936 0.0664 0.1844 0.1844 0.2011
v -1.6128 2.5077 0.0583 0.1847 0.1847 0.2015
v -1.6227 2.5991 0.0647 0.1847 0.1847 0.2015
v -1.5595 2.5136 0.0566 0.1850 0.1850 0.2018
v -1.5700 2.6050 0.0629 0.1850 0.1850 0.2018
v -1.5063 2.5199 0.0550 0.1852 0.1852 0.2021
v -1.5174 2.6113 0.0612 0.1852 0.1852 0.2021
v -1.4531 2.5266 0.0534 0.1854 0.1854 0.2022
v -1.4648 2.6178 0.0596 0.1854 0.1854 0.2023
v -1.3999 2.5336 0.0519 0.1854 0.1854 0.2023
v -1.4122 2.6248 0.0579 0.1855 0.1855 0.2024
v -1.3468 2.5409 0.0505 0.1854 0.1854 0.2022
v -1.3597 2.6320 0.0564 0.1855 0.1855 0.2023
v -1.2937 2.5486 0.0492 0.1852 0.1852 0.2021
v -1.3071 2.6396 0.0550 0.1853 0.1853 0.2022
v -1.2406 2.5566 0.0480 0.1850 0.1850 0.2018
v -1.2546 2.6475 0.0537 0.1851 0.1851 0.2020
v -1.1875 2.5649 0.0469 0.1847 0.1847 0.2015
v -1.2021 2.6558 0.0526 0.1849 0.1849 0.2017
v -1.1345 2.5736 0.0460 0.1844 0.1844 0.2012
v -1.1496 2.6644 0.0515 0.1846 0.1846 0.2014
v -1.0815 2.5826 0.0452 0.1842 0.1842 0.2009
v -1.0971 2.6732 0.0507 0.1843 0.1843 0.2011
v -1.0285 2.5918 0.0445 0.1841 0.1841 0.2008
v -1.0447 2.6824 0.0499 0.1841 0.1841 0.2009
v -0.9756 2.6014 0.0439 0.1840 0.1840 0.2008
v -0.9923 2.6919 0.0493 0.1841 0.1841 0.2008
v -0.9227 2.6113 0.0433 0.1840 0.1840 0.2008
v -0.9399 2.7017 0.0486 0.1841 0.1841 0.2008
v -0.8699 2.6215 0.0427 0.1840 0.1840 0.2007
v -0.8875 2.7118 0.0480 0.1840 0.1840 0.2008
v -0.8170 2.6320 0.0422 0.1839 0.1839 0.2006
v -0.8352 2.7222 0.0475 0.1839 0.1839 0.2007
v -0.7642 2.6427 0.0418 0.1837 0.1837 0.2004
v -0.7829 2.7328 0.0470 0.1838 0.1838 0.2005
v -0.7115 2.6538 0.0415 0.1835 0.1835 0.2002
v -0.7306 2.7438 0.0467 0.1836 0.1836 0.2003
v -0.6588 2.6651 0.0412 0.1831 0.1831 0.1997
v -0.6783 2.7550 0.0464 0.1834 0.1834 0.2001
v -0.6061 2.6767 0.0414 0.1808 0.1808 0.1972
v -0.6261 2.7665 0.0461 0.1819 0.1819 0.1985
v -0.5535 2.6885 0.0422 0.1797 0.1797 0.1961
v -0.5739 2.7782 0.0469 0.1798 0.1798 0.1962
v -0.5009 2.7006 0.0430 0.1795 0.1795 0.1958
v -0.5218 2.7902 0.0478 0.1796 0.1796 0.1959
v -0.4483 2.7130 0.0440 0.1793 0.1793 0.1956
v -0.4696 2.8025 0.0487 0.1794 0.1794 0.1957
v -0.3958 2.7256 0.0450 0.1792 0.1792 0.1955
v -0.4175 2.8150 0.0497 0.1792 0.1792 0.1955
v -0.3434 2.7384 0.0460 0.1791 0.1791 0.1954
v -0.3655 2.8278 0.0507 0.1791 0.1791 0.1954
v -0.2909 2.7515 0.0471 0.1791 0.1791 0.1954
v -0.3134 2.8408 0.0517 0.1791 0.1791 0.1954
v -0.2385 2.7649 0.0481 0.1791 0.1791 0.1954
v -0.2614 2.8540 0.0528 0.1791 0.1791 0.1954
v -0.1862 2.7785 0.0492 0.1792 0.1792 0.1955
v -0.2095 2.8675 0.0538 0.1792 0.1792 0.1955
v -0.1339 2.7922 0.0503 0.1794 0.1794 0.1957
v -0.1575 2.8812 0.0549 0.1794 0.1794 0.1957
v -0.0816 2.8063 0.0514 0.1796 0.1796 0.1959
v -0.1056 2.8951 0.0559 0.1795 0.1795 0.1959
v -0.0294 2.8205 0.0524 0.1798 0.1798 0.1961
v -0.0537 2.9092 0.0569 0.1797 0.1797 0.1961
v 0.0228 2.8349 0.0535 0.1799 0.1799 0.1963
v -0.0019 2.9236 0.0579 0.1799 0.1799 0.1963
v 0.0750 2.8496 0.0546 0.1800 0.1800 0.1964
v 0.0499 2.9381 0.0589 0.1800 0.1800 0.1964
v 0.1271 2.8645 0.0557 0.1801 0.1801 0.1964
v 0.1017 2.9529 0.0599 0.1801 0.1801 0.1965
v 0.1792 2.8795 0.0568 0.1802 0.1802 0.1966
v 0.1534 2.9679 0.0610 0.1802 0.1802 0.1966
v 0.2312 2.8948 0.0579 0.1805 0.1805 0.1969
v 0.2052 2.9830 0.0620 0.1804 0.1804 0.1968
v 0.2832 2.9102 0.0589 0.1809 0.1809 0.1973
v 0.2568 2.9984 0.0630 0.1807 0.1807 0.1972
v 0.3352 2.9259 0.0599 0.1813 0.1813 0.1978
v 0.3085 3.0139 0.0640 0.1811 0.1811 0.1976
v 0.3871 2.9417 0.0608 0.1817 0.1817 0.1982
v 0.3601 3.0296 0.0648 0.1816 0.1816 0.1981
v 0.4389 2.9577 0.0616 0.1821 0.1821 0.1986
v 0.4117 3.0456 0.0656 0.1820 0.1820 0.1985
v 0.4908 2.9739 0.0623 0.1824 0.1824 0.1990
v 0.4632 3.0616 0.0663 0.1823 0.1823 0.1989
v 0.5426 2.9902 0.0630 0.1827 0.1827 0.1993
v 0.5148 3.0779 0.0670 0.1826 0.1826 0.1992
v 0.5944 3.0067 0.0637 0.1825 0.1825 0.1991
v 0.5663 3.0943 0.0676 0.1828 0.1828 0.1994
v 0.6461 3.0234 0.0647 0.1806 0.1806 0.1970
v 0.6177 3.1109 0.0682 0.1817 0.1817 0.1982
v 0.6978 3.0402 0.0663 0.1799 0.1799 0.1962
v 0.6692 3.1276 0.0696 0.1801 0.1801 0.1965
v 0.7494 3.0572 0.0679 0.1799 0.1799 0.1962
v 0.7206 3.1446 0.0710 0.1801 0.1801 0.1964
v 0.8011 3.0743 0.0696 0.1798 0.1798 0.1961
v 0.7720 3.1616 0.0726 0.1800 0.1800 0.1964
v 0.8527 3.0916 0.0714 0.1796 0.1796 0.1959
v 0.8233 3.1788 0.0742 0.1799 0.1799 0.1962
v 0.9042 3.1091 0.0734 0.1794 0.1794 0.1957
v 0.8746 3.1962 0.0759 0.1797 0.1797 0.1960
v 0.9557 3.1266 0.0755 0.1793 0.1793 0.1956
v 0.9259 3.2137 0.0778 0.1795 0.1795 0.1958
v 1.0072 3.1443 0.0775 0.1792 0.1792 0.1955
v 0.9771 3.2313 0.0797 0.1794 0.1794 0.1957
v 1.0581 3.1620 0.0797 0.1791 0.1791 0.1954
v 1.0276 3.2488 0.0818 0.1792 0.1792 0.1955
v 1.1085 3.1800 0.0819 0.1791 0.1791 0.1954
v 1.0774 3.2665 0.0838 0.1791 0.1791 0.1954
v 1.1588 3.1982 0.0840 0.1792 0.1792 0.1955
v 1.1271 3.2846 0.0860 0.1792 0.1792 0.1955
v 1.2091 3.2169 0.0862 0.1796 0.1796 0.1959
v 1.1768 3.3030 0.0881 0.1794 0.1794 0.1957
v 1.2592 3.2358 0.0882 0.1797 0.1797 0.1961
v 1.2264 3.3218 0.0901 0.1797 0.1797 0.1960
v 1.3093 3.2551 0.0903 0.1795 0.1795 0.1958
v 1.2759 3.3409 0.0921 0.1797 0.1797 0.1960
v 1.3593 3.2748 0.0924 0.1789 0.1789 0.1952
v 1.3254 3.3603 0.0942 0.1793 0.1793 0.1956
v 1.4092 3.2947 0.0948 0.1782 0.1782 0.1944
v 1.3748 3.3801 0.0964 0.1786 0.1786 0.1948
v 1.4591 3.3150 0.0974 0.1774 0.1774 0.1935
v 1.4242 3.4001 0.0989 0.1778 0.1778 0.1940
v 1.5088 3.3355 0.1003 0.1767 0.1767 0.1928
v 1.4735 3.4205 0.1015 0.1771 0.1771 0.1932
v 1.5586 3.3563 0.1033 0.1762 0.1762 0.1922
v 1.5228 3.4411 0.1043 0.1766 0.1766 0.1926
v 1.6082 3.3774 0.1065 0.1760 0.1760 0.1920
v 1.5721 3.4620 0.1073 0.1763 0.1763 0.1923
v 1.6578 3.3987 0.1097 0.1762 0.1762 0.1922
v 1.6212 3.4832 0.1104 0.1763 0.1763 0.1923
v 1.7073 3.4203 0.1129 0.1767 0.1767 0.1927
v 1.6704 3.5046 0.1134 0.1766 0.1766 0.1927
v 1.7568 3.4421 0.1161 0.1776 0.1776 0.1937
v 1.7195 3.5262 0.1164 0.1774 0.1774 0.1935
v 1.8062 3.4642 0.1190 0.1788 0.1788 0.1951
v 1.7685 3.5481 0.1192 0.1785 0.1785 0.1947
v 1.8556 3.4865 0.1217 0.1800 0.1800 0.1963
v 1.8176 3.5702 0.1218 0.1799 0.1799 0.1962
v 1.9049 3.5089 0.1244 0.1804 0.1804 0.1968
v 1.8665 3.5926 0.1241 0.1805 0.1805 0.1970
v 1.9541 3.5316 0.1269 0.1818 0.1818 0.1984
v 1.9155 3.6151 0.1265 0.1813 0.1813 0.1978
v 2.0033 3.5545 0.1290 0.1837 0.1837 0.2004
v 1.9644 3.6378 0.1286 0.1830 0.1830 0.1997
v 2.0525 3.5775 0.1306 0.1856 0.1856 0.2024
v 2.0133 3.6608 0.1304 0.1848 0.1848 0.2016
v 2.1016 3.6007 0.1319 0.1872 0.1872 0.2042
v 2.0621 3.6839 0.1317 0.1866 0.1866 0.2035
v 2.1506 3.6241 0.1328 0.1886 0.1886 0.2058
v 2.1109 3.7071 0.1328 0.1880 0.1880 0.2051
v 2.1997 3.6477 0.1334 0.1897 0.1897 0.2069
v 2.1597 3.7306 0.1335 0.1892 0.1892 0.2064
v 2.2487 3.6714 0.1337 0.1903 0.1903 0.2076
v 2.2085 3.7541 0.1339 0.1900 0.1900 0.2073
v 2.2976 3.6952 0.1340 0.1905 0.1905 0.2078
v 2.2572 3.7779 0.1343 0.1904 0.1904 0.2077
v 2.3465 3.7192 0.1343 0.1903 0.1903 0.2076
v 2.3060 3.8018 0.1346 0.1903 0.1903 0.2076
v 2.3955 3.7433 0.1345 0.1901 0.1901 0.2074
v 2.3547 3.8258 0.1349 0.1901 0.1901 0.2074
v 2.4443 3.7675 0.1348 0.1901 0.1901 0.2074
v 2.4034 3.8499 0.1353 0.1900 0.1900 0.2072
v 2.4932 3.7918 0.1351 0.1901 0.1901 0.2074
v 2.4521 3.8741 0.1356 0.1900 0.1900 0.2072
v 2.5420 3.8163 0.1353 0.1902 0.1902 0.2075
v 2.5008 3.8985 0.1360 0.1900 0.1900 0.2073
v 2.5908 3.8408 0.1354 0.1904 0.1904 0.2077
v 2.5494 3.9230 0.1363 0.1901 0.1901 0.2074
v 2.6396 3.8654 0.1354 0.1904 0.1904 0.2078
v 2.5981 3.9475 0.1365 0.1902 0.1902 0.2075
v 2.6884 3.8902 0.1354 0.1904 0.1904 0.2078
v 2.6468 3.9722 0.1366 0.1903 0.1903 0.2076
v 2.7372 3.9150 0.1354 0.1903 0.1903 0.2076
v 2.6954 3.9969 0.1368 0.1902 0.1902 0.2075
v 2.7860 3.9398 0.1354 0.1900 0.1900 0.2072
v 2.7441 4.0218 0.1369 0.1899 0.1899 0.2072
v 2.8347 3.9648 0.1354 0.1894 0.1894 0.2066
v 2.7928 4.0467 0.1371 0.1894 0.1894 0.2066
v 2.8835 3.9898 0.1355 0.1886 0.1886 0.2057
v 2.8415 4.0716 0.1374 0.1887 0.1887 0.2058
v 2.9323 4.0148 0.1358 0.1875 0.1875 0.2045
v 2.8902 4.0966 0.1378 0.1877 0.1877 0.2048
v 2.9810 4.0399 0.1362 0.1862 0.1862 0.2031
v 2.9389 4.1217 0.1384 0.1864 0.1864 0.2034
v 3.0298 4.0651 0.1370 0.1846 0.1846 0.2014
v 2.9876 4.1468 0.1393 0.1850 0.1850 0.2018
v 3.0786 4.0902 0.1380 0.1828 0.1828 0.1995
v 3.0364 4.1720 0.1405 0.1833 0.1833 0.1999
v 3.1274 4.1155 0.1394 0.1810 0.1810 0.1975
v 3.0851 4.1972 0.1420 0.1815 0.1815 0.1980
v 3.1762 4.1407 0.1412 0.1791 0.1791 0.1954
v 3.1339 4.2224 0.1439 0.1796 0.1796 0.1959
v 3.2250 4.1660 0.1433 0.1773 0.1773 0.1934
v 3.1827 4.2477 0.1461 0.1777 0.1777 0.1939
v 3.2739 4.1912 0.1457 0.1755 0.1755 0.1915
v 3.2316 4.2729 0.1487 0.1760 0.1760 0.1920
v 3.3227 4.2165 0.1485 0.1740 0.1740 0.1899
v 3.2804 4.2982 0.1516 0.1744 0.1744 0.1903
v 3.3716 4.2418 0.1516 0.1728 0.1728 0.1885
v 3.3293 4.3235 0.1547 0.1731 0.1731 0.1888
v 3.4205 4.2671 0.1548 0.1719 0.1719 0.1875
v 3.3783 4.3488 0.1581 0.1720 0.1720 0.1876
v 3.4695 4.2924 0.1582 0.1723 0.1723 0.1880
v 3.4273 4.3741 0.1616 0.1721 0.1721 0.1878
v 3.5184 4.3176 0.1616 0.1723 0.1723 0.1880
v 3.4763 4.3994 0.1647 0.1728 0.1728 0.1885
v 3.5674 4.3429 0.1652 0.1724 0.1724 0.1880
v 3.5253 4.4247 0.1678 0.1729 0.1729 0.1886
v 3.6165 4.3681 0.1689 0.1730 0.1730 0.1887
v 3.5744 4.4499 0.1711 0.1729 0.1729 0.1887
v 3.6656 4.3933 0.1722 0.1735 0.1735 0.1892
v 3.6236 4.4752 0.1744 0.1734 0.1734 0.1892
v 3.7147 4.4185 0.1755 0.1733 0.1733 0.1890
v 3.6728 4.5004 0.1778 0.1732 0.1732 0.1890
v 3.7638 4.4436 0.1788 0.1729 0.1729 0.1886
v 3.7220 4.5255 0.1813 0.1728 0.1728 0.1886
v 3.8131 4.4687 0.1822 0.1726 0.1726 0.1883
v 3.7713 4.5507 0.1847 0.1726 0.1726 0.1882
v 3.8623 4.4937 0.1856 0.1725 0.1725 0.1882
v 3.8207 4.5758 0.1882 0.1724 0.1724 0.1881
v 3.9116 4.5187 0.1891 0.1725 0.1725 0.1882
v 3.8701 4.6008 0.1917 0.1724 0.1724 0.1881
v 3.9610 4.5437 0.1925 0.1727 0.1727 0.1884
v 3.9196 4.6258 0.1952 0.1726 0.1726 0.1883
v 4.0104 4.5685 0.1958 0.1729 0.1729 0.1887
v 3.9691 4.6507 0.1985 0.1729 0.1729 0.1886
v 4.0599 4.5933 0.1992 0.1733 0.1733 0.1891
v 4.0187 4.6756 0.2018 0.1732 0.1732 0.1890
v 4.1094 4.6181 0.2024 0.1738 0.1738 0.1895
v 4.0684 4.7004 0.2051 0.1737 0.1737 0.1895
v 4.1590 4.6427 0.2056 0.1742 0.1742 0.1901
v 4.1181 4.7251 0.2082 0.1742 0.1742 0.1900
v 4.2086 4.6673 0.2087 0.1747 0.1747 0.1906
v 4.1679 4.7498 0.2112 0.1746 0.1746 0.1905
v 4.2583 4.6918 0.2118 0.1751 0.1751 0.1910
v 4.2178 4.7744 0.2142 0.1751 0.1751 0.1910
v 4.3081 4.7162 0.2148 0.1755 0.1755 0.1914
v 4.2677 4.7988 0.2171 0.1755 0.1755 0.1914
v 4.3580 4.7405 0.2177 0.1764 0.1764 0.1925
v 4.3177 4.8232 0.2199 0.1758 0.1758 0.1918
v 4.4079 4.7647 0.2200 0.1786 0.1786 0.1949
v 4.3678 4.8475 0.2227 0.1776 0.1776 0.1937
v 4.4579 4.7888 0.2221 0.1793 0.1793 0.1956
v 4.4180 4.8717 0.2248 0.1792 0.1792 0.1955
v 4.5079 4.8128 0.2241 0.1795 0.1795 0.1958
v 4.4683 4.8958 0.2268 0.1795 0.1795 0.1958
v 4.5581 4.8366 0.2261 0.1796 0.1796 0.1959
v 4.5186 4.9198 0.2287 0.1796 0.1796 0.1959
v 4.6083 4.8604 0.2281 0.1796 0.1796 0.1959
v 4.5691 4.9436 0.2306 0.1797 0.1797 0.1960
v 4.6586 4.8840 0.2301 0.1796 0.1796 0.1959
v 4.6196 4.9673 0.2326 0.1797 0.1797 0.1960
v 4.7090 4.9075 0.2322 0.1796 0.1796 0.1959
v 4.6702 4.9909 0.2345 0.1797 0.1797 0.1961
v 4.7594 4.9309 0.2343 0.1797 0.1797 0.1960
v 4.7209 5.0144 0.2365 0.1798 0.1798 0.1962
v 4.8100 4.9541 0.2364 0.1798 0.1798 0.1962
v 4.7717 5.0378 0.2385 0.1799 0.1799 0.1963
v 4.8606 4.9772 0.2385 0.1800 0.1800 0.1964
v 4.8226 5.0610 0.2405 0.1801 0.1801 0.1965
v 4.9114 5.0001 0.2406 0.1802 0.1802 0.1966
v 4.8736 5.0840 0.2425 0.1803 0.1803 0.1967
v 4.9622 5.0229 0.2427 0.1804 0.1804 0.1968
v 4.9247 5.1069 0.2444 0.1805 0.1805 0.1969
v 5.0130 5.0455 0.2448 0.1805 0.1805 0.1969
v 4.9757 5.1296 0.2464 0.1806 0.1806 0.1970
v 5.0636 5.0679 0.2468 0.1805 0.1805 0.1969
v 5.0265 5.1521 0.2484 0.1805 0.1805 0.1969
v 5.1142 5.0902 0.2489 0.1803 0.1803 0.1967
v 5.0772 5.1744 0.2505 0.1804 0.1804 0.1968
v 5.1648 5.1123 0.2510 0.1800 0.1800 0.1963
v 5.1279 5.1966 0.2526 0.1801 0.1801 0.1964
v 5.2155 5.1345 0.2531 0.1795 0.1795 0.1958
v 5.1787 5.2188 0.2548 0.1796 0.1796 0.1959
v 5.2661 5.1565 0.2553 0.1789 0.1789 0.1951
v 5.2294 5.2409 0.2571 0.1790 0.1790 0.1952
v 5.3168 5.1786 0.2576 0.1781 0.1781 0.1943
v 5.2801 5.2629 0.2595 0.1782 0.1782 0.1944
v 5.3674 5.2005 0.2601 0.1773 0.1773 0.1934
v 5.3309 5.2849 0.2621 0.1774 0.1774 0.1935
v 5.4181 5.2224 0.2626 0.1764 0.1764 0.1925
v 5.3816 5.3069 0.2649 0.1765 0.1765 0.1926
v 5.4688 5.2443 0.2653 0.1756 0.1756 0.1915
v 5.4324 5.3288 0.2677 0.1757 0.1757 0.1916
v 5.5195 5.2661 0.2681 0.1748 0.1748 0.1907
v 5.4831 5.3506 0.2707 0.1749 0.1749 0.1908
v 5.5702 5.2878 0.2710 0.1741 0.1741 0.1900
v 5.5339 5.3724 0.2738 0.1742 0.1742 0.1900
v 5.6209 5.3095 0.2740 0.1758 0.1758 0.1918
v 5.5847 5.3941 0.2769 0.1741 0.1741 0.1899
v 5.6716 5.3312 0.2757 0.1785 0.1785 0.1948
v 5.6355 5.4158 0.2798 0.1772 0.1772 0.1933
v 5.7223 5.3528 0.2773 0.1778 0.1778 0.1940
v 5.6863 5.4375 0.2815 0.1781 0.1781 0.1943
v 5.7731 5.3744 0.2792 0.1768 0.1768 0.1928
v 5.7371 5.4591 0.2834 0.1771 0.1771 0.1932
v 5.8238 5.3960 0.2813 0.1756 0.1756 0.1916
v 5.7879 5.4807 0.2856 0.1760 0.1760 0.1920
v 5.8746 5.4175 0.2836 0.1743 0.1743 0.1902
v 5.8387 5.5022 0.2880 0.1747 0.1747 0.1906
v 5.9253 5.4390 0.2862 0.1730 0.1730 0.1887
v 5.8895 5.5237 0.2906 0.1734 0.1734 0.1891
v 5.9761 5.4605 0.2890 0.1717 0.1717 0.1873
v 5.9403 5.5452 0.2935 0.1720 0.1720 0.1877
v 6.0269 5.4819 0.2921 0.1705 0.1705 0.1860
v 5.9911 5.5667 0.2967 0.1708 0.1708 0.1863
v 6.0777 5.5033 0.2954 0.1694 0.1694 0.1848
v 6.0420 5.5881 0.3001 0.1697 0.1697 0.1851
v 6.1285 5.5247 0.2988 0.1694 0.1694 0.1847
v 6.0928 5.6095 0.3036 0.1693 0.1693 0.1847
v 6.1793 5.5460 0.3024 0.1713 0.1713 0.1869
v 6.1436 5.6309 0.3069 0.1711 0.1711 0.1867
v 6.2301 5.5674 0.3061 0.1729 0.1729 0.1886
v 6.1945 5.6522 0.3093 0.1738 0.1738 0.1896
v 6.2809 5.5886 0.3098 0.1747 0.1747 0.1905
v 6.2454 5.6735 0.3117 0.1755 0.1755 0.1915
v 6.3317 5.6099 0.3136 0.1771 0.1771 0.1932
v 6.2962 5.6948 0.3142 0.1774 0.1774 0.1936
v 6.3825 5.6312 0.3169 0.1803 0.1803 0.1967
v 6.3471 5.7161 0.3165 0.1798 0.1798 0.1961
v 6.4334 5.6524 0.3192 0.1821 0.1821 0.1986
v 6.3980 5.7373 0.3189 0.1820 0.1820 0.1985
v 6.4842 5.6736 0.3214 0.1823 0.1823 0.1989
v 6.4488 5.7585 0.3211 0.1822 0.1822 0.1988
v 6.5351 5.6948 0.3236 0.1825 0.1825 0.1991
v 6.4997 5.7797 0.3234 0.1824 0.1824 0.1990
v 6.5859 5.7159 0.3257 0.1826 0.1826 0.1992
v 6.5506 5.8009 0.3255 0.1825 0.1825 0.1991
v 6.6368 5.7371 0.3278 0.1826 0.1826 0.1992
v 6.6015 5.8220 0.3277 0.1826 0.1826 0.1992
v 6.6877 5.7582 0.3299 0.1826 0.1826 0.1992
v 6.6524 5.8432 0.3298 0.1825 0.1825 0.1991
v 6.7385 5.7793 0.3320 0.1825 0.1825 0.1991
v 6.7033 5.8643 0.3319 0.1825 0.1825 0.1990
v 6.7894 5.8004 0.3340 0.1827 0.1827 0.1993
v 6.7542 5.8854 0.3341 0.1825 0.1825 0.1991
v 6.8403 5.8215 0.3359 0.1838 0.1838 0.2005
v 6.8051 5.9065 0.3361 0.1828 0.1828 0.1994
v 6.8912 5.8425 0.3370 0.1891 0.1891 0.2063
v 6.8560 5.9275 0.3381 0.1860 0.1860 0.2029
v 6.9421 5.8635 0.3364 0.1930 0.1930 0.2106
v 6.9069 5.9486 0.3383 0.1917 0.1917 0.2091
v 6.9929 5.8846 0.3355 0.1941 0.1941 0.2117
v 6.9578 5.9696 0.3375 0.1937 0.1937 0.2113
v 7.0438 5.9056 0.3343 0.1953 0.1953 0.2130
v 7.0088 5.9906 0.3363 0.1949 0.1949 0.2126
v 7.0948 5.9265 0.3329 0.1964 0.1964 0.2143
v 7.0597 6.0116 0.3349 0.1961 0.1961 0.2139
v 7.1457 5.9475 0.3312 0.1976 0.1976 0.2156
v 7.1106 6.0326 0.3332 0.1972 0.1972 0.2152
v 7.1966 5.9685 0.3293 0.1987 0.1987 0.2168
v 7.1616 6.0536 0.3312 0.1984 0.1984 0.2164
v 7.2475 5.9894 0.3272 0.1997 0.1997 0.2179
v 7.2125 6.0745 0.3290 0.1995 0.1995 0.2176
v 7.2984 6.0104 0.3248 0.2006 0.2006 0.2189
v 7.2634 6.0955 0.3266 0.2004 0.2004 0.2186
v 7.3493 6.0313 0.3224 0.2014 0.2014 0.2197
v 7.3144 6.1164 0.3240 0.2012 0.2012 0.2195
v 7.4003 6.0522 0.3198 0.2020 0.2020 0.2203
v 7.3653 6.1373 0.3213 0.2019 0.2019 0.2203
v 7.4512 6.0731 0.3171 0.2024 0.2024 0.2208
v 7.4163 6.1582 0.3185 0.2024 0.2024 0.2208
v 7.5021 6.0940 0.3144 0.2027 0.2027 0.2212
v 7.4672 6.1791 0.3156 0.2028 0.2028 0.2212
v 7.5530 6.1148 0.3116 0.2029 0.2029 0.2214
v 7.5182 6.2000 0.3127 0.2030 0.2030 0.2215
v 7.6040 6.1357 0.3089 0.2030 0.2030 0.2215
v 7.5691 6.2208 0.3099 0.2031 0.2031 0.2216
v 7.6549 6.1565 0.3063 0.2030 0.2030 0.2215
v 7.6201 6.2417 0.3070 0.2032 0.2032 0.2216
v 7.7059 6.1774 0.3036 0.2030 0.2030 0.2215
v 7.6710 6.2625 0.3043 0.2032 0.2032 0.2216
v 7.7568 6.1982 0.3010 0.2031 0.2031 0.2216
v 7.7220 6.2834 0.3015 0.2032 0.2032 0.2216
v 7.8078 6.2190 0.2984 0.2033 0.2033 0.2217
v 7.7730 6.3042 0.2989 0.2033 0.2033 0.2218
v 7.8587 6.2398 0.2958 0.2035 0.2035 0.2220
v 7.8239 6.3250 0.2962 0.2035 0.2035 0.2220
v 7.9097 6.2606 0.2931 0.2037 0.2037 0.2223
v 7.8749 6.3458 0.2934 0.2037 0.2037 0.2223
v 7.9606 6.2814 0.2904 0.2040 0.2040 0.2225
v 7.9259 6.3666 0.2906 0.2040 0.2040 0.2225
v 8.0116 6.3022 0.2877 0.2042 0.2042 0.2228
v 7.9768 6.3874 0.2878 0.2042 0.2042 0.2228
v 8.0625 6.3230 0.2849 0.2044 0.2044 0.2230
v 8.0278 6.4082 0.2850 0.2044 0.2044 0.2230
v 8.1135 6.3437 0.2821 0.2067 0.2067 0.2255
v 8.0788 6.4289 0.2821 0.2050 0.2050 0.2236
v 8.1645 6.3645 0.2776 0.2114 0.2114 0.2306
v 8.1298 6.4497 0.2791 0.2093 0.2093 0.2283
v 8.2154 6.3852 0.2726 0.2121 0.2121 0.2314
v 8.1807 6.4705 0.2740 0.2121 0.2121 0.2314
v 8.2664 6.4060 0.2675 0.2122 0.2122 0.2315
v 8.2317 6.4912 0.2689 0.2122 0.2122 0.2314
v 8.3174 6.4267 0.2624 0.2122 0.2122 0.2315
v 8.2827 6.5119 0.2639 0.2122 0.2122 0.2315
v 8.3683 6.4475 0.2573 0.2123 0.2123 0.2316
v 8.3337 6.5327 0.2588 0.2123 0.2123 0.2316
v 8.4193 6.4682 0.2522 0.2124 0.2124 0.2317
v 8.3846 6.5534 0.2537 0.2124 0.2124 0.2317
v 8.4702 6.4889 0.2471 0.2125 0.2125 0.2319
v 8.4356 6.5741 0.2485 0.2125 0.2125 0.2318
v 8.5212 6.5096 0.2419 0.2127 0.2127 0.2320
v 8.4866 6.5949 0.2434 0.2126 0.2126 0.2319
v 8.5722 6.5304 0.2367 0.2128 0.2128 0.2321
v 8.5375 6.6156 0.2382 0.2127 0.2127 0.2321
v 8.6231 6.5511 0.2314 0.2129 0.2129 0.2323
v 8.5885 6.6363 0.2329 0.2128 0.2128 0.2322
v 8.6741 6.5718 0.2261 0.2130 0.2130 0.2324
v 8.6395 6.6570 0.2277 0.2130 0.2130 0.2323
v 8.7251 6.5925 0.2208 0.2132 0.2132 0.2325
v 8.6904 6.6777 0.2224 0.2131 0.2131 0.2325
v 8.7760 6.6132 0.2154 0.2133 0.2133 0.2327
v 8.7414 6.6984 0.2170 0.2132 0.2132 0.2326
v 8.8270 6.6339 0.2099 0.2134 0.2134 0.2328
v 8.7923 6.7191 0.2116 0.2133 0.2133 0.2327
v 8.8779 6.6546 0.2045 0.2134 0.2134 0.2328
v 8.8433 6.7398 0.2062 0.2134 0.2134 0.2328
v 8.9289 6.6753 0.1990 0.2134 0.2134 0.2328
v 8.8942 6.7605 0.2007 0.2134 0.2134 0.2329
v 8.9798 6.6960 0.1936 0.2133 0.2133 0.2327
v 8.9452 6.7812 0.1953 0.2134 0.2134 0.2328
v 9.0307 6.7167 0.1882 0.2130 0.2130 0.2324
v 8.9961 6.8019 0.1898 0.2132 0.2132 0.2326
v 9.0817 6.7374 0.1829 0.2126 0.2126 0.2320
v 9.0470 6.8226 0.1845 0.2129 0.2129 0.2322
v 9.1326 6.7581 0.1778 0.2122 0.2122 0.2314
v 9.0979 6.8433 0.1793 0.2124 0.2124 0.2317
v 9.1835 6.7788 0.1728 0.2122 0.2122 0.2315
v 9.1488 6.8640 0.1742 0.2123 0.2123 0.2316
v 9.2344 6.7995 0.1680 0.2126 0.2126 0.2319
v 9.1997 6.8847 0.1690 0.2129 0.2129 0.2322
v 9.2853 6.8203 0.1634 0.2128 0.2128 0.2321
v 9.2506 6.9055 0.1637 0.2133 0.2133 0.2327
v 9.3362 6.8410 0.1588 0.2126 0.2126 0.2320
v 9.3014 6.9262 0.1585 0.2134 0.2134 0.2328
v 9.3870 6.8618 0.1547 0.2107 0.2107 0.2298
v 9.3523 6.9469 0.1536 0.2123 0.2123 0.2316
v 9.4379 6.8825 0.1515 0.2094 0.2094 0.2284
v 9.4031 6.9677 0.1496 0.2099 0.2099 0.2290
v 9.4887 6.9033 0.1480 0.2092 0.2092 0.2282
v 9.4538 6.9884 0.1463 0.2093 0.2093 0.2283
v 9.5394 6.9241 0.1447 0.2086 0.2086 0.2276
v 9.5045 7.0092 0.1431 0.2087 0.2087 0.2276
v 9.5902 6.9449 0.1414 0.2082 0.2082 0.2272
v 9.5552 7.0300 0.1400 0.2082 0.2082 0.2271
v 9.6408 6.9658 0.1382 0.2079 0.2079 0.2268
v 9.6057 7.0508 0.1369 0.2078 0.2078 0.2267
v 9.6915 6.9867 0.1349 0.2080 0.2080 0.2270
v 9.6564 7.0717 0.1338 0.2078 0.2078 0.2267
v -7.3782 -2.7608 0.0348 0.2083 0.2083 0.2272
v -7.4449 -2.6974 0.0431 0.1954 0.1954 0.2131
v -7.3407 -2.7214 0.0280 0.2051 0.2051 0.2238
v -7.4073 -2.6579 0.0421 0.2035 0.2035 0.2220
v -7.3034 -2.6825 0.0255 0.1913 0.1913 0.2087
v -7.3698 -2.6187 0.0409 0.1961 0.1961 0.2139
v -7.2657 -2.6434 0.0272 0.1796 0.1796 0.1960
v -7.3319 -2.5795 0.0396 0.1899 0.1899 0.2072
v -7.2278 -2.6041 0.0325 0.1821 0.1821 0.1987
v -7.2939 -2.5401 0.0381 0.1860 0.1860 0.2030
v -7.1897 -2.5649 0.0339 0.1953 0.1953 0.2130
v -7.2558 -2.5008 0.0364 0.1944 0.1944 0.2121
v -7.1516 -2.5255 0.0319 0.2011 0.2011 0.2194
v -7.2176 -2.4614 0.0347 0.2006 0.2006 0.2189
v -7.1133 -2.4862 0.0299 0.2010 0.2010 0.2193
v -7.1793 -2.4220 0.0330 0.2007 0.2007 0.2190
v -7.0750 -2.4468 0.0279 0.2008 0.2008 0.2191
v -7.1410 -2.3826 0.0312 0.2006 0.2006 0.2189
v -7.0367 -2.4073 0.0260 0.2004 0.2004 0.2186
v -7.1026 -2.3432 0.0294 0.2004 0.2004 0.2186
v -6.9983 -2.3679 0.0243 0.1998 0.1998 0.2180
v -7.0643 -2.3038 0.0277 0.2000 0.2000 0.2181
v -6.9599 -2.3284 0.0226 0.1991 0.1991 0.2172
v -7.0259 -2.2643 0.0260 0.1994 0.1994 0.2175
v -6.9215 -2.2889 0.0212 0.1981 0.1981 0.2161
v -6.9875 -2.2248 0.0245 0.1985 0.1985 0.2166
v -6.8831 -2.2493 0.0199 0.1970 0.1970 0.2149
v -6.9492 -2.1853 0.0232 0.1974 0.1974 0.2153
v -6.8447 -2.2097 0.0188 0.1956 0.1956 0.2134
v -6.9108 -2.1457 0.0222 0.1961 0.1961 0.2139
v -6.8064 -2.1701 0.0181 0.1940 0.1940 0.2116
v -6.8724 -2.1061 0.0215 0.1945 0.1945 0.2122
v -6.7680 -2.1305 0.0177 0.1920 0.1920 0.2095
v -6.8341 -2.0665 0.0211 0.1927 0.1927 0.2103
v -6.7296 -2.0908 0.0177 0.1900 0.1900 0.2073
v -6.7958 -2.0269 0.0210 0.1907 0.1907 0.2081
v -6.6913 -2.0510 0.0181 0.1879 0.1879 0.2050
v -6.7575 -1.9872 0.0214 0.1887 0.1887 0.2058
v -6.6529 -2.0113 0.0189 0.1860 0.1860 0.2029
v -6.7192 -1.9474 0.0222 0.1867 0.1867 0.2036
v -6.6146 -1.9714 0.0201 0.1841 0.1841 0.2008
v -6.6809 -1.9077 0.0234 0.1847 0.1847 0.2015
v -6.5763 -1.9316 0.0216 0.1818 0.1818 0.1983
v -6.6427 -1.8679 0.0250 0.1822 0.1822 0.1988
v -6.5381 -1.8917 0.0234 0.1801 0.1801 0.1964
v -6.6045 -1.8280 0.0273 0.1801 0.1801 0.1965
v -6.4998 -1.8517 0.0257 0.1909 0.1909 0.2083
v -6.5663 -1.7881 0.0297 0.1907 0.1907 0.2080
v -6.4616 -1.8117 0.0283 0.1886 0.1886 0.2057
v -6.5282 -1.7482 0.0251 0.2002 0.2002 0.2184
v -6.4234 -1.7716 0.0310 0.1803 0.1803 0.1967
v -6.4901 -1.7082 0.0221 0.1898 0.1898 0.2071
v -6.3853 -1.7315 0.0337 0.1710 0.1710 0.1865
v -6.4520 -1.6682 0.0240 0.1724 0.1724 0.1881
v -6.3472 -1.6913 0.0365 0.1664 0.1664 0.1815
v -6.4140 -1.6281 0.0312 0.1545 0.1545 0.1685
v -6.3091 -1.6511 0.0364 0.1947 0.1947 0.2124
v -6.3760 -1.5879 0.0430 0.1662 0.1662 0.1813
v -6.2711 -1.6107 0.0308 0.1937 0.1937 0.2113
v -6.3381 -1.5477 0.0455 0.1896 0.1896 0.2068
v -6.2331 -1.5704 0.0302 0.1762 0.1762 0.1922
v -6.3002 -1.5074 0.0479 0.1806 0.1806 0.1970
v -6.1951 -1.5299 0.0351 0.1591 0.1591 0.1736
v -6.2623 -1.4670 0.0502 0.1720 0.1720 0.1876
v -6.1572 -1.4893 0.0452 0.1584 0.1584 0.1728
v -6.2245 -1.4266 0.0523 0.1650 0.1650 0.1800
v -6.1194 -1.4487 0.0518 0.1736 0.1736 0.1894
v -6.1868 -1.3861 0.0543 0.1735 0.1735 0.1892
v -6.0816 -1.4080 0.0539 0.1820 0.1820 0.1985
v -6.1491 -1.3455 0.0561 0.1821 0.1821 0.1987
v -6.0438 -1.3672 0.0558 0.1828 0.1828 0.1994
v -6.1115 -1.3048 0.0579 0.1829 0.1829 0.1995
v -6.0062 -1.3263 0.0576 0.1834 0.1834 0.2001
v -6.0739 -1.2640 0.0595 0.1835 0.1835 0.2002
v -5.9685 -1.2852 0.0593 0.1839 0.1839 0.2006
v -6.0364 -1.2231 0.0610 0.1839 0.1839 0.2007
v -5.9310 -1.2441 0.0608 0.1843 0.1843 0.2010
v -5.9990 -1.1821 0.0625 0.1843 0.1843 0.2010
v -5.8935 -1.2028 0.0623 0.1846 0.1846 0.2014
v -5.9616 -1.1410 0.0639 0.1846 0.1846 0.2014
v -5.8560 -1.1614 0.0638 0.1850 0.1850 0.2019
v -5.9244 -1.0998 0.0653 0.1851 0.1851 0.2019
v -5.8187 -1.1199 0.0652 0.1857 0.1857 0.2025
v -5.8872 -1.0585 0.0665 0.1857 0.1857 0.2026
v -5.7814 -1.0782 0.0665 0.1864 0.1864 0.2034
v -5.8501 -1.0170 0.0676 0.1865 0.1865 0.2034
v -5.7442 -1.0363 0.0676 0.1872 0.1872 0.2043
v -5.8131 -0.9753 0.0685 0.1873 0.1873 0.2043
v -5.7071 -0.9942 0.0686 0.1881 0.1881 0.2052
v -5.7762 -0.9335 0.0692 0.1881 0.1881 0.2052
v -5.6698 -0.9516 0.0694 0.1889 0.1889 0.2061
v -5.7393 -0.8913 0.0698 0.1890 0.1890 0.2062
v -5.6322 -0.9081 0.0700 0.1900 0.1900 0.2073
v -5.7022 -0.8483 0.0703 0.1898 0.1898 0.2070
v -5.5949 -0.8640 0.0703 0.1911 0.1911 0.2085
v -5.6654 -0.8049 0.0706 0.1908 0.1908 0.2081
v -5.5581 -0.8198 0.0704 0.1922 0.1922 0.2097
v -5.6291 -0.7612 0.0708 0.1918 0.1918 0.2092
v -5.5218 -0.7754 0.0704 0.1928 0.1928 0.2104
v -5.5932 -0.7174 0.0707 0.1927 0.1927 0.2102
v -5.4859 -0.7309 0.0702 0.1933 0.1933 0.2109
v -5.5577 -0.6734 0.0705 0.1932 0.1932 0.2108
v -5.4504 -0.6863 0.0699 0.1925 0.1925 0.2100
v -5.5226 -0.6293 0.0702 0.1924 0.1924 0.2099
v -5.4154 -0.6417 0.0696 0.1919 0.1919 0.2093
v -5.4879 -0.5851 0.0706 0.1914 0.1914 0.2088
v -5.3807 -0.5970 0.0697 0.1906 0.1906 0.2080
v -5.4534 -0.5407 0.0710 0.1905 0.1905 0.2079
v -5.3462 -0.5522 0.0701 0.1899 0.1899 0.2072
v -5.4193 -0.4963 0.0715 0.1899 0.1899 0.2071
v -5.3121 -0.5075 0.0706 0.1894 0.1894 0.2066
v -5.3854 -0.4519 0.0721 0.1895 0.1895 0.2067
v -5.2783 -0.4626 0.0712 0.1887 0.1887 0.2058
v -5.3518 -0.4073 0.0728 0.1888 0.1888 0.2060
v -5.2447 -0.4178 0.0719 0.1877 0.1877 0.2047
v -5.3184 -0.3628 0.0736 0.1879 0.1879 0.2050
v -5.2113 -0.3730 0.0729 0.1866 0.1866 0.2035
v -5.2852 -0.3182 0.0746 0.1869 0.1869 0.2039
v -5.1781 -0.3282 0.0742 0.1854 0.1854 0.2022
v -5.2521 -0.2735 0.0759 0.1858 0.1858 0.2027
v -5.1451 -0.2834 0.0757 0.1842 0.1842 0.2010
v -5.2192 -0.2289 0.0773 0.1847 0.1847 0.2015
v -5.1122 -0.2387 0.0774 0.1832 0.1832 0.1999
v -5.1864 -0.1843 0.0789 0.1837 0.1837 0.2004
v -5.0795 -0.1940 0.0793 0.1824 0.1824 0.1990
v -5.1538 -0.1397 0.0807 0.1829 0.1829 0.1995
v -5.0469 -0.1494 0.0813 0.1819 0.1819 0.1985
v -5.1212 -0.0951 0.0826 0.1824 0.1824 0.1989
v -5.0144 -0.1048 0.0835 0.1816 0.1816 0.1981
v -5.0887 -0.0506 0.0845 0.1820 0.1820 0.1985
v -4.9820 -0.0604 0.0856 0.1814 0.1814 0.1979
v -5.0563 -0.0062 0.0865 0.1817 0.1817 0.1983
v -4.9496 -0.0160 0.0878 0.1815 0.1815 0.1980
v -5.0239 0.0382 0.0886 0.1817 0.1817 0.1982
v -4.9173 0.0283 0.0899 0.1818 0.1818 0.1983
v -4.9916 0.0826 0.0906 0.1818 0.1818 0.1984
v -4.8850 0.0725 0.0919 0.1825 0.1825 0.1990
v -4.9593 0.1268 0.0925 0.1823 0.1823 0.1989
v -4.8528 0.1165 0.0937 0.1834 0.1834 0.2001
v -4.9269 0.1709 0.0943 0.1831 0.1831 0.1998
v -4.8205 0.1603 0.0953 0.1847 0.1847 0.2015
v -4.8946 0.2149 0.0960 0.1843 0.1843 0.2010
v -4.7882 0.2041 0.0967 0.1863 0.1863 0.2032
v -4.8622 0.2588 0.0973 0.1857 0.1857 0.2026
v -4.7559 0.2476 0.0977 0.1880 0.1880 0.2051
v -4.8297 0.3025 0.0984 0.1873 0.1873 0.2043
v -4.7236 0.2909 0.0983 0.1898 0.1898 0.2071
v -4.7972 0.3461 0.0992 0.1891 0.1891 0.2062
v -4.6912 0.3341 0.0986 0.1916 0.1916 0.2090
v -4.7646 0.3895 0.0996 0.1908 0.1908 0.2082
v -4.6587 0.3770 0.0986 0.1933 0.1933 0.2108
v -4.7319 0.4327 0.0997 0.1925 0.1925 0.2100
v -4.6261 0.4197 0.0983 0.1947 0.1947 0.2124
v -4.6991 0.4757 0.0995 0.1939 0.1939 0.2116
v -4.5934 0.4621 0.0977 0.1957 0.1957 0.2135
v -4.6662 0.5184 0.0991 0.1951 0.1951 0.2128
v -4.5607 0.5042 0.0969 0.1965 0.1965 0.2143
v -4.6331 0.5609 0.0985 0.1959 0.1959 0.2137
v -4.5277 0.5460 0.0960 0.1964 0.1964 0.2142
v -4.5998 0.6031 0.0978 0.1959 0.1959 0.2137
v -4.4946 0.5874 0.0950 0.1958 0.1958 0.2136
v -4.5664 0.6450 0.0973 0.1951 0.1951 0.2128
v -4.4614 0.6285 0.0941 0.1945 0.1945 0.2122
v -4.5327 0.6866 0.0971 0.1943 0.1943 0.2119
v -4.4280 0.6692 0.0938 0.1930 0.1930 0.2106
v -4.4989 0.7279 0.0970 0.1928 0.1928 0.2104
v -4.3944 0.7095 0.0936 0.1923 0.1923 0.2098
v -4.4648 0.7687 0.0971 0.1920 0.1920 0.2095
v -4.3606 0.7493 0.0934 0.1919 0.1919 0.2093
v -4.4304 0.8092 0.0973 0.1913 0.1913 0.2087
v -4.3266 0.7886 0.0933 0.1915 0.1915 0.2089
v -4.3958 0.8491 0.0976 0.1908 0.1908 0.2081
v -4.2923 0.8273 0.0932 0.1910 0.1910 0.2084
v -4.3609 0.8886 0.0980 0.1905 0.1905 0.2078
v -4.2579 0.8654 0.0933 0.1904 0.1904 0.2077
v -4.3257 0.9276 0.0983 0.1902 0.1902 0.2075
v -4.2231 0.9029 0.0934 0.1899 0.1899 0.2072
v -4.2902 0.9659 0.0986 0.1898 0.1898 0.2071
v -4.1881 0.9397 0.0936 0.1895 0.1895 0.2067
v -4.2543 1.0036 0.0989 0.1896 0.1896 0.2068
v -4.1528 0.9757 0.0939 0.1891 0.1891 0.2063
v -4.2181 1.0406 0.0991 0.1893 0.1893 0.2066
v -4.1173 1.0109 0.0942 0.1887 0.1887 0.2058
v -4.1815 1.0769 0.0993 0.1891 0.1891 0.2063
v -4.0815 1.0452 0.0946 0.1883 0.1883 0.2054
v -4.1445 1.1122 0.0996 0.1887 0.1887 0.2059
v -4.0454 1.0784 0.0950 0.1878 0.1878 0.2049
v -4.1071 1.1467 0.0998 0.1883 0.1883 0.2054
v -4.0092 1.1105 0.0955 0.1873 0.1873 0.2044
v -4.0693 1.1801 0.1001 0.1878 0.1878 0.2049
v -3.9726 1.1414 0.0960 0.1868 0.1868 0.2038
v -4.0312 1.2124 0.1004 0.1873 0.1873 0.2043
v -3.9354 1.1714 0.0965 0.1863 0.1863 0.2033
v -3.9922 1.2437 0.1008 0.1868 0.1868 0.2038
v -3.8970 1.2008 0.0971 0.1859 0.1859 0.2028
v -3.9523 1.2743 0.1013 0.1862 0.1862 0.2032
v -3.8579 1.2296 0.0978 0.1854 0.1854 0.2023
v -3.9116 1.3043 0.1018 0.1858 0.1858 0.2026
v -3.8179 1.2577 0.0985 0.1851 0.1851 0.2019
v -3.8701 1.3335 0.1024 0.1853 0.1853 0.2022
v -3.7769 1.2854 0.0992 0.1848 0.1848 0.2016
v -3.8277 1.3621 0.1031 0.1850 0.1850 0.2018
v -3.7353 1.3124 0.0999 0.1847 0.1847 0.2015
v -3.7848 1.3900 0.1038 0.1847 0.1847 0.2015
v -3.6930 1.3389 0.1005 0.1847 0.1847 0.2015
v -3.7412 1.4173 0.1045 0.1846 0.1846 0.2014
v -3.6500 1.3649 0.1012 0.1848 0.1848 0.2016
v -3.6969 1.4440 0.1052 0.1846 0.1846 0.2014
v -3.6064 1.3903 0.1017 0.1851 0.1851 0.2020
v -3.6521 1.4701 0.1059 0.1848 0.1848 0.2016
v -3.5622 1.4152 0.1020 0.1856 0.1856 0.2025
v -3.6069 1.4956 0.1064 0.1852 0.1852 0.2020
v -3.5175 1.4396 0.1021 0.1863 0.1863 0.2033
v -3.5611 1.5207 0.1068 0.1858 0.1858 0.2027
v -3.4722 1.4636 0.1020 0.1872 0.1872 0.2042
v -3.5148 1.5452 0.1069 0.1866 0.1866 0.2035
v -3.4266 1.4871 0.1017 0.1881 0.1881 0.2052
v -3.4682 1.5692 0.1068 0.1875 0.1875 0.2045
v -3.3804 1.5102 0.1010 0.1892 0.1892 0.2063
v -3.4211 1.5927 0.1064 0.1885 0.1885 0.2056
v -3.3338 1.5328 0.1000 0.1901 0.1901 0.2074
v -3.3737 1.6158 0.1056 0.1895 0.1895 0.2068
v -3.2869 1.5551 0.0987 0.1910 0.1910 0.2084
v -3.3259 1.6384 0.1046 0.1905 0.1905 0.2078
v -3.2396 1.5770 0.0972 0.1917 0.1917 0.2092
v -3.2778 1.6606 0.1032 0.1914 0.1914 0.2088
v -3.1919 1.5985 0.0955 0.1921 0.1921 0.2096
v -3.2294 1.6825 0.1016 0.1919 0.1919 0.2094
v -3.1439 1.6196 0.0937 0.1923 0.1923 0.2098
v -3.1807 1.7040 0.0998 0.1922 0.1922 0.2097
v -3.0955 1.6405 0.0919 0.1924 0.1924 0.2099
v -3.1317 1.7251 0.0980 0.1924 0.1924 0.2098
v -3.0469 1.6611 0.0900 0.1927 0.1927 0.2102
v -3.0824 1.7459 0.0960 0.1925 0.1925 0.2100
v -2.9979 1.6814 0.0879 0.1930 0.1930 0.2105
v -3.0329 1.7665 0.0940 0.1928 0.1928 0.2104
v -2.9487 1.7014 0.0858 0.1933 0.1933 0.2109
v -2.9831 1.7867 0.0919 0.1932 0.1932 0.2107
v -2.8991 1.7213 0.0835 0.1937 0.1937 0.2113
v -2.9331 1.8068 0.0897 0.1935 0.1935 0.2111
v -2.8493 1.7410 0.0812 0.1940 0.1940 0.2116
v -2.8829 1.8266 0.0873 0.1939 0.1939 0.2115
v -2.7991 1.7606 0.0787 0.1943 0.1943 0.2119
v -2.8324 1.8463 0.0848 0.1942 0.1942 0.2118
v -2.7487 1.7801 0.0762 0.1945 0.1945 0.2122
v -2.7817 1.8659 0.0823 0.1944 0.1944 0.2121
v -2.6979 1.7995 0.0735 0.1947 0.1947 0.2124
v -2.7308 1.8855 0.0796 0.1947 0.1947 0.2124
v -2.6468 1.8190 0.0709 0.1948 0.1948 0.2125
v -2.6796 1.9050 0.0769 0.1948 0.1948 0.2125
v -2.5952 1.8387 0.0682 0.1947 0.1947 0.2124
v -2.6280 1.9247 0.0742 0.1948 0.1948 0.2125
v -2.5431 1.8587 0.0655 0.2112 0.2112 0.2304
v -2.5762 1.9445 0.0715 0.2068 0.2068 0.2256
v -2.4903 1.8791 0.0629 0.2163 0.2163 0.2360
v -2.5238 1.9648 0.0596 0.2220 0.2220 0.2422
v -2.4366 1.9004 0.0603 0.2094 0.2094 0.2284
v -2.4709 1.9857 0.0521 0.2150 0.2150 0.2345
v -2.3814 1.9229 0.0579 0.1923 0.1923 0.2097
v -2.4170 2.0078 0.0519 0.1945 0.1945 0.2121
v -2.3282 1.9458 0.0557 0.1975 0.1975 0.2154
v -2.3646 2.0303 0.0586 0.1833 0.1833 0.2000
v -7.7551 -2.4026 0.0415 0.1729 0.1729 0.1886
v -7.8218 -2.3392 0.0294 0.1476 0.1476 0.1610
v -7.7169 -2.3624 0.0404 0.2048 0.2048 0.2234
v -7.7835 -2.2989 0.0381 0.1770 0.1770 0.1931
v -7.6783 -2.3221 0.0317 0.2108 0.2108 0.2300
v -7.7447 -2.2584 0.0395 0.2024 0.2024 0.2208
v -7.6399 -2.2822 0.0272 0.1964 0.1964 0.2143
v -7.7060 -2.2183 0.0393 0.1972 0.1972 0.2151
v -7.6014 -2.2424 0.0271 0.1821 0.1821 0.1986
v -7.6675 -2.1784 0.0391 0.1896 0.1896 0.2068
v -7.5630 -2.2028 0.0316 0.1701 0.1701 0.1856
v -7.6290 -2.1387 0.0388 0.1831 0.1831 0.1997
v -7.5246 -2.1632 0.0393 0.1797 0.1797 0.1960
v -7.5906 -2.0991 0.0385 0.1788 0.1788 0.1950
v -7.4862 -2.1237 0.0389 0.1939 0.1939 0.2115
v -7.5522 -2.0596 0.0383 0.1936 0.1936 0.2112
v -7.4478 -2.0843 0.0385 0.1938 0.1938 0.2115
v -7.5138 -2.0201 0.0381 0.1934 0.1934 0.2110
v -7.4095 -2.0448 0.0380 0.1938 0.1938 0.2114
v -7.4754 -1.9807 0.0380 0.1933 0.1933 0.2109
v -7.3712 -2.0054 0.0376 0.1936 0.1936 0.2112
v -7.4371 -1.9413 0.0379 0.1931 0.1931 0.2107
v -7.3329 -1.9660 0.0372 0.1931 0.1931 0.2107
v -7.3988 -1.9019 0.0378 0.1927 0.1927 0.2102
v -7.2946 -1.9266 0.0368 0.1921 0.1921 0.2096
v -7.3606 -1.8625 0.0379 0.1915 0.1915 0.2090
v -7.2563 -1.8872 0.0365 0.1909 0.1909 0.2083
v -7.3224 -1.8231 0.0384 0.1905 0.1905 0.2078
v -7.2181 -1.8478 0.0367 0.1894 0.1894 0.2066
v -7.2842 -1.7838 0.0389 0.1893 0.1893 0.2065
v -7.1799 -1.8084 0.0371 0.1883 0.1883 0.2055
v -7.2460 -1.7444 0.0396 0.1883 0.1883 0.2054
v -7.1418 -1.7690 0.0377 0.1875 0.1875 0.2045
v -7.2079 -1.7050 0.0404 0.1875 0.1875 0.2046
v -7.1036 -1.7295 0.0385 0.1865 0.1865 0.2035
v -7.1698 -1.6656 0.0413 0.1867 0.1867 0.2036
v -7.0655 -1.6901 0.0396 0.1856 0.1856 0.2025
v -7.1318 -1.6262 0.0424 0.1858 0.1858 0.2027
v -7.0275 -1.6506 0.0408 0.1848 0.1848 0.2016
v -7.0938 -1.5868 0.0436 0.1851 0.1851 0.2019
v -6.9895 -1.6111 0.0422 0.1840 0.1840 0.2008
v -7.0558 -1.5473 0.0449 0.1844 0.1844 0.2011
v -6.9515 -1.5715 0.0437 0.1835 0.1835 0.2001
v -7.0179 -1.5078 0.0464 0.1838 0.1838 0.2005
v -6.9136 -1.5320 0.0453 0.1831 0.1831 0.1997
v -6.9800 -1.4683 0.0479 0.1834 0.1834 0.2001
v -6.8757 -1.4924 0.0471 0.1831 0.1831 0.1997
v -6.9422 -1.4288 0.0495 0.1832 0.1832 0.1998
v -6.8379 -1.4528 0.0487 0.1833 0.1833 0.1999
v -6.9045 -1.3893 0.0511 0.1834 0.1834 0.2001
v -6.8001 -1.4131 0.0504 0.1836 0.1836 0.2003
v -6.8668 -1.3497 0.0526 0.1837 0.1837 0.2004
v -6.7624 -1.3735 0.0520 0.1838 0.1838 0.2005
v -6.8291 -1.3101 0.0540 0.1840 0.1840 0.2008
v -6.7247 -1.3337 0.0536 0.1840 0.1840 0.2007
v -6.7915 -1.2705 0.0554 0.1842 0.1842 0.2009
v -6.6871 -1.2940 0.0552 0.1841 0.1841 0.2008
v -6.7540 -1.2308 0.0568 0.1843 0.1843 0.2010
v -6.6496 -1.2542 0.0567 0.1842 0.1842 0.2009
v -6.7166 -1.1911 0.0582 0.1843 0.1843 0.2011
v -6.6121 -1.2144 0.0582 0.1843 0.1843 0.2011
v -6.6792 -1.1514 0.0597 0.1844 0.1844 0.2012
v -6.5747 -1.1745 0.0597 0.1846 0.1846 0.2014
v -6.6419 -1.1116 0.0611 0.1847 0.1847 0.2015
v -6.5374 -1.1346 0.0611 0.1851 0.1851 0.2019
v -6.6047 -1.0718 0.0623 0.1852 0.1852 0.2020
v -6.5002 -1.0946 0.0625 0.1858 0.1858 0.2027
v -6.5676 -1.0319 0.0635 0.1859 0.1859 0.2028
v -6.4630 -1.0546 0.0637 0.1867 0.1867 0.2037
v -6.5305 -0.9920 0.0645 0.1868 0.1868 0.2037
v -6.4260 -1.0145 0.0647 0.1877 0.1877 0.2048
v -6.4936 -0.9521 0.0653 0.1877 0.1877 0.2048
v -6.3890 -0.9744 0.0656 0.1886 0.1886 0.2058
v -6.4567 -0.9121 0.0659 0.1887 0.1887 0.2059
v -6.3521 -0.9342 0.0663 0.1895 0.1895 0.2068
v -6.4200 -0.8721 0.0664 0.1896 0.1896 0.2069
v -6.3154 -0.8939 0.0668 0.1903 0.1903 0.2076
v -6.3834 -0.8320 0.0667 0.1904 0.1904 0.2077
v -6.2788 -0.8536 0.0672 0.1910 0.1910 0.2083
v -6.3469 -0.7918 0.0668 0.1911 0.1911 0.2085
v -6.2423 -0.8132 0.0674 0.1915 0.1915 0.2089
v -6.3106 -0.7516 0.0669 0.1916 0.1916 0.2090
v -6.2059 -0.7728 0.0675 0.1918 0.1918 0.2093
v -6.2744 -0.7114 0.0669 0.1920 0.1920 0.2094
v -6.1697 -0.7323 0.0676 0.1920 0.1920 0.2095
v -6.2384 -0.6711 0.0669 0.1921 0.1921 0.2096
v -6.1336 -0.6917 0.0677 0.1910 0.1910 0.2084
v -6.2025 -0.6307 0.0668 0.1911 0.1911 0.2085
v -6.0977 -0.6510 0.0677 0.1903 0.1903 0.2076
v -6.1669 -0.5903 0.0674 0.1898 0.1898 0.2070
v -6.0623 -0.6105 0.0680 0.1888 0.1888 0.2059
v -6.1317 -0.5501 0.0681 0.1888 0.1888 0.2060
v -6.0275 -0.5702 0.0687 0.1876 0.1876 0.2046
v -6.0974 -0.5104 0.0690 0.1876 0.1876 0.2047
v -5.9932 -0.5297 0.0696 0.1870 0.1870 0.2040
v -6.0637 -0.4705 0.0699 0.1870 0.1870 0.2040
v -5.9592 -0.4888 0.0705 0.1864 0.1864 0.2033
v -6.0301 -0.4302 0.0710 0.1863 0.1863 0.2033
v -5.9253 -0.4475 0.0716 0.1857 0.1857 0.2025
v -5.9967 -0.3895 0.0722 0.1856 0.1856 0.2025
v -5.8918 -0.4058 0.0728 0.1849 0.1849 0.2017
v -5.9636 -0.3483 0.0736 0.1848 0.1848 0.2016
v -5.8584 -0.3639 0.0742 0.1842 0.1842 0.2009
v -5.9306 -0.3068 0.0751 0.1840 0.1840 0.2008
v -5.8252 -0.3216 0.0757 0.1835 0.1835 0.2002
v -5.8977 -0.2649 0.0768 0.1833 0.1833 0.2000
v -5.7921 -0.2790 0.0773 0.1829 0.1829 0.1996
v -5.8649 -0.2228 0.0786 0.1827 0.1827 0.1993
v -5.7592 -0.2362 0.0790 0.1825 0.1825 0.1991
v -5.8323 -0.1803 0.0806 0.1823 0.1823 0.1989
v -5.7264 -0.1932 0.0809 0.1823 0.1823 0.1988
v -5.7997 -0.1376 0.0826 0.1821 0.1821 0.1986
v -5.6938 -0.1500 0.0828 0.1822 0.1822 0.1988
v -5.7673 -0.0946 0.0846 0.1821 0.1821 0.1986
v -5.6612 -0.1065 0.0848 0.1823 0.1823 0.1989
v -5.7349 -0.0515 0.0866 0.1821 0.1821 0.1987
v -5.6287 -0.0629 0.0866 0.1829 0.1829 0.1996
v -5.7026 -0.0080 0.0886 0.1823 0.1823 0.1988
v -5.5963 -0.0191 0.0883 0.1836 0.1836 0.2003
v -5.6703 0.0355 0.0905 0.1828 0.1828 0.1994
v -5.5639 0.0248 0.0898 0.1840 0.1840 0.2008
v -5.6380 0.0793 0.0925 0.1832 0.1832 0.1999
v -5.5316 0.0688 0.0914 0.1843 0.1843 0.2010
v -5.6057 0.1232 0.0944 0.1838 0.1838 0.2005
v -5.4992 0.1130 0.0930 0.1843 0.1843 0.2010
v -5.5735 0.1673 0.0961 0.1840 0.1840 0.2008
v -5.4669 0.1572 0.0946 0.1842 0.1842 0.2010
v -5.5412 0.2115 0.0978 0.1840 0.1840 0.2008
v -5.4345 0.2016 0.0962 0.1842 0.1842 0.2009
v -5.5089 0.2558 0.0996 0.1840 0.1840 0.2007
v -5.4022 0.2460 0.0979 0.1841 0.1841 0.2008
v -5.4765 0.3002 0.1013 0.1840 0.1840 0.2007
v -5.3697 0.2905 0.0996 0.1840 0.1840 0.2007
v -5.4440 0.3447 0.1031 0.1839 0.1839 0.2006
v -5.3372 0.3350 0.1013 0.1839 0.1839 0.2006
v -5.4115 0.3893 0.1048 0.1839 0.1839 0.2006
v -5.3046 0.3796 0.1031 0.1838 0.1838 0.2006
v -5.3789 0.4339 0.1066 0.1838 0.1838 0.2006
v -5.2719 0.4242 0.1048 0.1840 0.1840 0.2007
v -5.3461 0.4786 0.1083 0.1839 0.1839 0.2006
v -5.2391 0.4688 0.1065 0.1843 0.1843 0.2010
v -5.3132 0.5234 0.1100 0.1841 0.1841 0.2009
v -5.2062 0.5134 0.1082 0.1848 0.1848 0.2016
v -5.2802 0.5681 0.1117 0.1845 0.1845 0.2013
v -5.1731 0.5580 0.1097 0.1848 0.1848 0.2016
v -5.2469 0.6130 0.1133 0.1844 0.1844 0.2012
v -5.1398 0.6026 0.1110 0.1850 0.1850 0.2018
v -5.2135 0.6578 0.1151 0.1843 0.1843 0.2010
v -5.1063 0.6472 0.1124 0.1850 0.1850 0.2018
v -5.1798 0.7026 0.1169 0.1845 0.1845 0.2012
v -5.0727 0.6917 0.1139 0.1855 0.1855 0.2024
v -5.1459 0.7474 0.1186 0.1850 0.1850 0.2018
v -5.0387 0.7361 0.1152 0.1865 0.1865 0.2034
v -5.1117 0.7921 0.1201 0.1859 0.1859 0.2028
v -5.0045 0.7805 0.1164 0.1873 0.1873 0.2043
v -5.0772 0.8369 0.1213 0.1868 0.1868 0.2037
v -4.9700 0.8248 0.1173 0.1880 0.1880 0.2050
v -5.0424 0.8815 0.1225 0.1875 0.1875 0.2045
v -4.9352 0.8690 0.1181 0.1884 0.1884 0.2055
v -5.0073 0.9262 0.1235 0.1880 0.1880 0.2051
v -4.9001 0.9131 0.1188 0.1887 0.1887 0.2059
v -4.9718 0.9707 0.1243 0.1884 0.1884 0.2055
v -4.8645 0.9570 0.1195 0.1889 0.1889 0.2061
v -4.9358 1.0151 0.1251 0.1886 0.1886 0.2058
v -4.8286 1.0008 0.1201 0.1890 0.1890 0.2062
v -4.8994 1.0595 0.1259 0.1888 0.1888 0.2060
v -4.7922 1.0444 0.1207 0.1890 0.1890 0.2062
v -4.8626 1.1036 0.1265 0.1889 0.1889 0.2061
v -4.7553 1.0878 0.1212 0.1890 0.1890 0.2062
v -4.8252 1.1477 0.1271 0.1890 0.1890 0.2061
v -4.7179 1.1310 0.1218 0.1890 0.1890 0.2062
v -4.7872 1.1915 0.1277 0.1890 0.1890 0.2062
v -4.6800 1.1739 0.1223 0.1890 0.1890 0.2062
v -4.7486 1.2352 0.1282 0.1890 0.1890 0.2062
v -4.6414 1.2165 0.1227 0.1890 0.1890 0.2062
v -4.7093 1.2787 0.1287 0.1890 0.1890 0.2062
v -4.6022 1.2589 0.1232 0.1890 0.1890 0.2061
v -4.6693 1.3219 0.1291 0.1891 0.1891 0.2063
v -4.5622 1.3009 0.1236 0.1889 0.1889 0.2061
v -4.6284 1.3648 0.1294 0.1891 0.1891 0.2063
v -4.5215 1.3424 0.1240 0.1888 0.1888 0.2060
v -4.5867 1.4073 0.1297 0.1891 0.1891 0.2062
v -4.4799 1.3836 0.1244 0.1887 0.1887 0.2059
v -4.5441 1.4495 0.1300 0.1890 0.1890 0.2061
v -4.4374 1.4243 0.1247 0.1885 0.1885 0.2057
v -4.5004 1.4913 0.1302 0.1888 0.1888 0.2060
v -4.3939 1.4644 0.1251 0.1887 0.1887 0.2058
v -4.4556 1.5326 0.1304 0.1886 0.1886 0.2057
v -4.3493 1.5038 0.1252 0.1892 0.1892 0.2064
v -4.4095 1.5734 0.1306 0.1888 0.1888 0.2060
v -4.3035 1.5426 0.1250 0.1898 0.1898 0.2071
v -4.3620 1.6135 0.1307 0.1894 0.1894 0.2066
v -4.2567 1.5802 0.1247 0.1899 0.1899 0.2071
v -4.3136 1.6525 0.1305 0.1898 0.1898 0.2071
v -4.2094 1.6165 0.1243 0.1896 0.1896 0.2069
v -4.2646 1.6901 0.1301 0.1898 0.1898 0.2070
v -4.1615 1.6517 0.1240 0.1891 0.1891 0.2063
v -4.2152 1.7264 0.1297 0.1894 0.1894 0.2067
v -4.1130 1.6858 0.1237 0.1883 0.1883 0.2054
v -4.1652 1.7616 0.1293 0.1888 0.1888 0.2059
v -4.0642 1.7188 0.1237 0.1873 0.1873 0.2043
v -4.1150 1.7955 0.1290 0.1878 0.1878 0.2049
v -4.0149 1.7508 0.1239 0.1862 0.1862 0.2031
v -4.0644 1.8284 0.1290 0.1868 0.1868 0.2038
v -3.9653 1.7819 0.1242 0.1852 0.1852 0.2020
v -4.0134 1.8603 0.1292 0.1857 0.1857 0.2026
v -3.9154 1.8120 0.1248 0.1843 0.1843 0.2010
v -3.9623 1.8911 0.1296 0.1848 0.1848 0.2016
v -3.8651 1.8413 0.1256 0.1836 0.1836 0.2002
v -3.9109 1.9211 0.1302 0.1840 0.1840 0.2007
v -3.8146 1.8698 0.1265 0.1831 0.1831 0.1997
v -3.8592 1.9503 0.1309 0.1833 0.1833 0.2000
v -3.7639 1.8976 0.1273 0.1829 0.1829 0.1995
v -3.8075 1.9786 0.1318 0.1830 0.1830 0.1996
v -3.7129 1.9246 0.1282 0.1828 0.1828 0.1995
v -3.7555 2.0061 0.1327 0.1828 0.1828 0.1994
v -3.6617 1.9509 0.1290 0.1831 0.1831 0.1997
v -3.7033 2.0329 0.1336 0.1829 0.1829 0.1995
v -3.6104 1.9765 0.1297 0.1956 0.1956 0.2133
v -3.6511 2.0590 0.1344 0.1925 0.1925 0.2100
v -3.5589 2.0016 0.1301 0.2065 0.2065 0.2253
v -3.5988 2.0845 0.1285 0.2095 0.2095 0.2286
v -3.5073 2.0261 0.1302 0.1902 0.1902 0.2075
v -3.5463 2.1094 0.1211 0.1973 0.1973 0.2152
v -3.4556 2.0500 0.1266 0.1921 0.1921 0.2096
v -3.4938 2.1336 0.1295 0.1772 0.1772 0.1933
v -3.4037 2.0734 0.1156 0.1777 0.1777 0.1939
v -3.4412 2.1574 0.1350 0.1798 0.1798 0.1961
v -3.3518 2.0963 0.1183 0.1583 0.1583 0.1726
v -3.3886 2.1806 0.1342 0.1660 0.1660 0.1811
v -3.2998 2.1187 0.1268 0.1749 0.1749 0.1908
v -3.3359 2.2033 0.1330 0.1694 0.1694 0.1848
v -3.2477 2.1407 0.1251 0.1911 0.1911 0.2084
v -3.2833 2.2256 0.1314 0.1907 0.1907 0.2080
v -3.1956 2.1623 0.1232 0.1916 0.1916 0.2090
v -3.2306 2.2474 0.1295 0.1914 0.1914 0.2088
v -3.1435 2.1836 0.1211 0.1918 0.1918 0.2093
v -3.1780 2.2688 0.1275 0.1918 0.1918 0.2092
v -3.0914 2.2044 0.1191 0.1920 0.1920 0.2094
v -3.1255 2.2899 0.1254 0.1920 0.1920 0.2094
v -3.0394 2.2250 0.1170 0.1923 0.1923 0.2098
v -3.0730 2.3107 0.1232 0.1922 0.1922 0.2097
v -2.9873 2.2453 0.1148 0.1926 0.1926 0.2101
v -3.0206 2.3311 0.1210 0.1925 0.1925 0.2100
v -2.9354 2.2654 0.1125 0.1928 0.1928 0.2104
v -2.9685 2.3512 0.1188 0.1927 0.1927 0.2103
v -2.8837 2.2852 0.1102 0.1930 0.1930 0.2105
v -2.9166 2.3711 0.1164 0.1929 0.1929 0.2105
v -2.8321 2.3049 0.1078 0.1930 0.1930 0.2106
v -2.8649 2.3908 0.1141 0.1930 0.1930 0.2105
v -2.7809 2.3244 0.1054 0.1929 0.1929 0.2104
v -2.8137 2.4104 0.1118 0.1929 0.1929 0.2104
v -2.7300 2.3439 0.1030 0.1926 0.1926 0.2101
v -2.7631 2.4298 0.1095 0.1926 0.1926 0.2101
v -2.6798 2.3634 0.1007 0.1922 0.1922 0.2096
v -2.7133 2.4490 0.1073 0.1922 0.1922 0.2097
v -2.6305 2.3829 0.0986 0.2091 0.2091 0.2281
v -2.6648 2.4682 0.1053 0.2049 0.2049 0.2235
v -2.5825 2.4024 0.0966 0.2135 0.2135 0.2329
v -2.6181 2.4873 0.0945 0.2205 0.2205 0.2405
v -2.5339 2.4234 0.0948 0.2098 0.2098 0.2289
v -2.5703 2.5079 0.0875 0.2181 0.2181 0.2379
vn 0.00867 -0.00243 0.99996
vn 0.00822 -0.00240 0.99996
vn 0.00809 -0.00314 0.99996
vn 0.00817 -0.00277 0.99996
vn 0.00679 -0.00425 0.99997
vn 0.00699 -0.00385 0.99997
vn 0.00530 -0.00540 0.99997
vn 0.00558 -0.00499 0.99997
vn 0.00373 -0.00656 0.99997
vn 0.00404 -0.00616 0.99997
vn 0.00223 -0.00771 0.99997
vn 0.00248 -0.00731 0.99997
vn 0.00076 -0.00885 0.99996
vn 0.00103 -0.00846 0.99996
vn -0.00102 -0.00998 0.99995
vn -0.00051 -0.00959 0.99995
vn -0.00335 -0.01111 0.99993
vn -0.00249 -0.01073 0.99994
vn -0.00619 -0.01224 0.99991
vn -0.00502 -0.01187 0.99992
vn -0.00948 -0.01336 0.99987
vn -0.00804 -0.01301 0.99988
vn -0.01311 -0.01446 0.99981
vn -0.01145 -0.01413 0.99983
vn -0.01695 -0.01550 0.99974
vn -0.01514 -0.01520 0.99977
vn -0.02088 -0.01645 0.99965
vn -0.01899 -0.01619 0.99969
vn -0.02457 -0.01727 0.99955
vn -0.02281 -0.01706 0.99959
vn -0.02793 -0.01793 0.99945
vn -0.02621 -0.01778 0.99950
vn -0.03117 -0.01837 0.99935
vn -0.02946 -0.01830 0.99940
vn -0.03388 -0.01858 0.99925
vn -0.03238 -0.01859 0.99930
vn -0.03596 -0.01853 0.99918
vn -0.03472 -0.01862 0.99922
vn -0.03731 -0.01821 0.99914
vn -0.03637 -0.01839 0.99917
vn -0.03788 -0.01763 0.99913
vn -0.03728 -0.01789 0.99914
vn -0.03767 -0.01682 0.99915
vn -0.03742 -0.01715 0.99915
vn -0.03671 -0.01582 0.99920
vn -0.03681 -0.01619 0.99919
vn -0.03510 -0.01468 0.99928
vn -0.03551 -0.01509 0.99926
vn -0.03301 -0.01350 0.99936
vn -0.03367 -0.01390 0.99934
vn -0.03064 -0.01235 0.99945
vn -0.03147 -0.01272 0.99942
vn -0.02824 -0.01127 0.99954
vn -0.02909 -0.01162 0.99951
vn -0.02612 -0.01018 0.99961
vn -0.02673 -0.01056 0.99959
vn -0.02469 -0.00894 0.99966
vn -0.02476 -0.00940 0.99965
vn -0.02385 -0.00736 0.99969
vn -0.02343 -0.00798 0.99969
vn -0.02305 -0.00533 0.99972
vn -0.02239 -0.00613 0.99973
vn -0.02217 -0.00288 0.99975
vn -0.02132 -0.00383 0.99977
vn -0.02123 -0.00015 0.99977
vn -0.02025 -0.00118 0.99979
vn -0.02031 0.00267 0.99979
vn -0.01925 0.00163 0.99981
vn -0.01948 0.00542 0.99980
vn -0.01841 0.00442 0.99982
vn -0.01883 0.00793 0.99979
vn -0.01776 0.00703 0.99982
vn -0.01842 0.01009 0.99978
vn -0.01739 0.00933 0.99981
vn -0.01857 0.01118 0.99977
vn -0.01792 0.01094 0.99978
vn -0.01772 0.01115 0.99978
vn -0.01833 0.01128 0.99977
vn -0.01607 0.01045 0.99982
vn -0.01759 0.01081 0.99979
vn -0.01461 0.00913 0.99985
vn -0.01610 0.00972 0.99982
vn -0.01431 0.00764 0.99987
vn -0.01522 0.00820 0.99985
vn -0.01383 0.00656 0.99988
vn -0.01496 0.00692 0.99986
vn -0.01237 0.00558 0.99991
vn -0.01389 0.00600 0.99989
vn -0.01039 0.00460 0.99994
vn -0.01225 0.00501 0.99991
vn -0.00788 0.00373 0.99996
vn -0.01000 0.00409 0.99994
vn -0.00488 0.00310 0.99998
vn -0.00716 0.00337 0.99997
vn -0.00153 0.00277 0.99999
vn -0.00385 0.00293 0.99999
vn 0.00195 0.00274 0.99999
vn -0.00024 0.00279 1.00000
vn 0.00523 0.00298 0.99998
vn 0.00336 0.00293 0.99999
vn 0.00792 0.00336 0.99996
vn 0.00653 0.00326 0.99997
vn 0.01027 0.00371 0.99994
vn 0.00893 0.00364 0.99995
vn 0.01346 0.00399 0.99990
vn 0.01149 0.00396 0.99993
vn 0.02965 0.02327 0.99929
vn 0.03226 0.01299 0.99939
vn 0.03537 0.08046 0.99613
vn 0.06712 0.05454 0.99625
vn -0.01266 0.12766 0.99174
vn 0.04251 0.11373 0.99260
vn -0.04045 0.13153 0.99049
vn -0.02319 0.13447 0.99065
vn -0.04473 0.09307 0.99465
vn -0.06679 0.11180 0.99148
vn -0.01631 0.03109 0.99938
vn -0.07066 0.05596 0.99593
vn 0.04764 0.00543 0.99885
vn -0.00344 0.00884 0.99996
vn 0.05047 0.00503 0.99871
vn 0.04859 0.00527 0.99880
vn 0.05207 0.00430 0.99863
vn 0.05079 0.00464 0.99870
vn 0.05233 0.00318 0.99862
vn 0.05168 0.00364 0.99866
vn 0.05120 0.00169 0.99869
vn 0.05121 0.00226 0.99869
vn 0.04878 -0.00016 0.99881
vn 0.04935 0.00052 0.99878
vn 0.04574 -0.00226 0.99895
vn 0.04644 -0.00151 0.99892
vn 0.04181 -0.00457 0.99912
vn 0.04320 -0.00377 0.99906
vn 0.03614 -0.00693 0.99932
vn 0.03840 -0.00616 0.99924
vn 0.02994 -0.00926 0.99951
vn 0.03252 -0.00853 0.99943
vn 0.02361 -0.01142 0.99966
vn 0.02632 -0.01077 0.99960
vn 0.01757 -0.01331 0.99976
vn 0.02019 -0.01276 0.99971
vn 0.01228 -0.01495 0.99981
vn 0.01450 -0.01447 0.99979
vn 0.00836 -0.01647 0.99983
vn 0.00971 -0.01599 0.99983
vn 0.00620 -0.01802 0.99982
vn 0.00647 -0.01748 0.99983
vn 0.00496 -0.01976 0.99979
vn 0.00472 -0.01911 0.99981
vn 0.00363 -0.02175 0.99976
vn 0.00332 -0.02100 0.99977
vn 0.00218 -0.02394 0.99971
vn 0.00181 -0.02312 0.99973
vn 0.00069 -0.02628 0.99965
vn 0.00025 -0.02542 0.99968
vn -0.00074 -0.02872 0.99959
vn -0.00128 -0.02782 0.99961
vn -0.00204 -0.03119 0.99951
vn -0.00270 -0.03028 0.99954
vn -0.00311 -0.03367 0.99943
vn -0.00392 -0.03276 0.99946
vn -0.00392 -0.03612 0.99934
vn -0.00488 -0.03521 0.99937
vn -0.00445 -0.03851 0.99925
vn -0.00555 -0.03762 0.99928
vn -0.00469 -0.04082 0.99916
vn -0.00592 -0.03995 0.99918
vn -0.00472 -0.04302 0.99906
vn -0.00601 -0.04219 0.99909
vn -0.00468 -0.04511 0.99897
vn -0.00594 -0.04432 0.99900
vn -0.00458 -0.04705 0.99888
vn -0.00579 -0.04632 0.99891
vn -0.00440 -0.04882 0.99880
vn -0.00556 -0.04815 0.99882
vn -0.00518 -0.05191 0.99864
vn -0.00666 -0.05047 0.99870
vn -0.00378 -0.05596 0.99843
vn -0.00704 -0.05434 0.99850
vn -0.00156 -0.05996 0.99820
vn -0.00545 -0.05834 0.99828
vn 0.00105 -0.06351 0.99798
vn -0.00231 -0.06214 0.99806
vn 0.00081 -0.06596 0.99782
vn -0.00012 -0.06515 0.99788
vn 0.00003 -0.06669 0.99777
vn -0.00026 -0.06662 0.99778
vn 0.00012 -0.06666 0.99778
vn 0.00011 -0.06670 0.99777
vn 0.00001 -0.06637 0.99780
vn 0.00027 -0.06651 0.99779
vn -0.00002 -0.06578 0.99783
vn 0.00029 -0.06604 0.99782
vn 0.00062 -0.06481 0.99790
vn 0.00072 -0.06523 0.99787
vn 0.00205 -0.06333 0.99799
vn 0.00198 -0.06393 0.99795
vn 0.00420 -0.06127 0.99811
vn 0.00403 -0.06209 0.99806
vn 0.00695 -0.05866 0.99825
vn 0.00676 -0.05967 0.99820
vn 0.01011 -0.05554 0.99841
vn 0.00999 -0.05673 0.99834
vn 0.01349 -0.05203 0.99855
vn 0.01349 -0.05336 0.99848
vn 0.01686 -0.04827 0.99869
vn 0.01704 -0.04968 0.99862
vn 0.01998 -0.04442 0.99881
vn 0.02039 -0.04586 0.99874
vn 0.02265 -0.04063 0.99892
vn 0.02332 -0.04204 0.99884
vn 0.02470 -0.03705 0.99901
vn 0.02565 -0.03838 0.99893
vn 0.02597 -0.03379 0.99909
vn 0.02721 -0.03500 0.99902
vn 0.02639 -0.03094 0.99917
vn 0.02791 -0.03201 0.99910
vn 0.02595 -0.02856 0.99926
vn 0.02772 -0.02947 0.99918
vn 0.02469 -0.02664 0.99934
vn 0.02667 -0.02739 0.99927
vn 0.02273 -0.02516 0.99942
vn 0.02486 -0.02576 0.99936
vn 0.02026 -0.02405 0.99951
vn 0.02245 -0.02453 0.99945
vn 0.01753 -0.02323 0.99958
vn 0.01967 -0.02361 0.99953
vn 0.01486 -0.02262 0.99963
vn 0.01680 -0.02293 0.99960
vn 0.01312 -0.02219 0.99967
vn 0.01418 -0.02238 0.99965
vn 0.01343 -0.02165 0.99968
vn 0.01346 -0.02190 0.99967
vn 0.01404 -0.02106 0.99968
vn 0.01401 -0.02127 0.99968
vn 0.01529 -0.02049 0.99967
vn 0.01476 -0.02068 0.99968
vn 0.01743 -0.02000 0.99965
vn 0.01638 -0.02012 0.99966
vn 0.02013 -0.01964 0.99960
vn 0.01869 -0.01968 0.99963
vn 0.02321 -0.01947 0.99954
vn 0.02146 -0.01942 0.99958
vn 0.02644 -0.01951 0.99946
vn 0.02451 -0.01937 0.99951
vn 0.02960 -0.01973 0.99937
vn 0.02763 -0.01952 0.99943
vn 0.03254 -0.02005 0.99927
vn 0.03066 -0.01981 0.99933
vn 0.03513 -0.02041 0.99917
vn 0.03345 -0.02017 0.99924
vn 0.03727 -0.02076 0.99909
vn 0.03588 -0.02054 0.99914
vn 0.03887 -0.02103 0.99902
vn 0.03784 -0.02087 0.99907
vn 0.03987 -0.02120 0.99898
vn 0.03926 -0.02111 0.99901
vn 0.04021 -0.02125 0.99897
vn 0.04005 -0.02123 0.99897
vn 0.03988 -0.02119 0.99898
vn 0.04018 -0.02124 0.99897
vn 0.03896 -0.02101 0.99902
vn 0.03965 -0.02113 0.99899
vn 0.03749 -0.02075 0.99908
vn 0.03854 -0.02093 0.99904
vn 0.03555 -0.02044 0.99916
vn 0.03688 -0.02066 0.99911
vn 0.03323 -0.02011 0.99925
vn 0.03477 -0.02035 0.99919
vn 0.03068 -0.01980 0.99933
vn 0.03232 -0.02003 0.99928
vn 0.02806 -0.01952 0.99942
vn 0.02969 -0.01974 0.99936
vn 0.02559 -0.01929 0.99949
vn 0.02707 -0.01948 0.99944
vn 0.02352 -0.01910 0.99954
vn 0.02471 -0.01926 0.99951
vn 0.02211 -0.01892 0.99958
vn 0.02293 -0.01906 0.99956
vn 0.02086 -0.01870 0.99961
vn 0.02173 -0.01887 0.99959
vn 0.01889 -0.01835 0.99965
vn 0.02029 -0.01862 0.99962
vn 0.01594 -0.01785 0.99971
vn 0.01792 -0.01822 0.99967
vn 0.01248 -0.01721 0.99977
vn 0.01476 -0.01767 0.99973
vn 0.00891 -0.01639 0.99983
vn 0.01131 -0.01694 0.99979
vn 0.00549 -0.01539 0.99987
vn 0.00788 -0.01603 0.99984
vn 0.00242 -0.01422 0.99990
vn 0.00471 -0.01492 0.99988
vn -0.00065 -0.01348 0.99991
vn 0.00131 -0.01385 0.99990
vn -0.00254 -0.01352 0.99991
vn -0.00168 -0.01352 0.99991
vn -0.00318 -0.01379 0.99990
vn -0.00309 -0.01370 0.99990
vn -0.00314 -0.01395 0.99990
vn -0.00334 -0.01388 0.99990
vn -0.00242 -0.01404 0.99990
vn -0.00292 -0.01397 0.99990
vn -0.00108 -0.01410 0.99990
vn -0.00187 -0.01401 0.99990
vn -0.00005 -0.01394 0.99990
vn -0.00026 -0.01405 0.99990
vn 0.00094 -0.01291 0.99992
vn 0.00087 -0.01346 0.99991
vn 0.00290 -0.01151 0.99993
vn 0.00268 -0.01213 0.99992
vn 0.00520 -0.01017 0.99993
vn 0.00488 -0.01073 0.99993
vn 0.00744 -0.00893 0.99993
vn 0.00711 -0.00944 0.99993
vn 0.00939 -0.00780 0.99993
vn 0.00917 -0.00828 0.99992
vn 0.01085 -0.00677 0.99992
vn 0.01085 -0.00722 0.99992
vn 0.01159 -0.00580 0.99992
vn 0.01192 -0.00626 0.99991
vn 0.01151 -0.00488 0.99992
vn 0.01220 -0.00535 0.99991
vn 0.01091 -0.00395 0.99993
vn 0.01181 -0.00446 0.99992
vn 0.01008 -0.00299 0.99994
vn 0.01109 -0.00354 0.99993
vn 0.00872 -0.00181 0.99996
vn 0.01023 -0.00255 0.99994
vn 0.00486 -0.00083 0.99999
vn 0.00747 -0.00142 0.99997
vn 0.00279 0.00010 1.00000
vn 0.00395 -0.00054 0.99999
vn 0.00215 0.00112 1.00000
vn 0.00305 0.00055 1.00000
vn 0.00170 0.00213 1.00000
vn 0.00250 0.00157 1.00000
vn 0.00146 0.00309 0.99999
vn 0.00213 0.00256 0.99999
vn 0.00140 0.00396 0.99999
vn 0.00194 0.00349 0.99999
vn 0.00154 0.00474 0.99999
vn 0.00193 0.00433 0.99999
vn 0.00183 0.00539 0.99998
vn 0.00208 0.00506 0.99999
vn 0.00224 0.00592 0.99998
vn 0.00237 0.00566 0.99998
vn 0.00270 0.00632 0.99998
vn 0.00274 0.00613 0.99998
vn 0.00321 0.00659 0.99997
vn 0.00315 0.00647 0.99997
vn 0.00383 0.00675 0.99997
vn 0.00365 0.00670 0.99997
vn 0.00452 0.00681 0.99997
vn 0.00426 0.00681 0.99997
vn 0.00522 0.00677 0.99996
vn 0.00491 0.00683 0.99996
vn 0.00586 0.00666 0.99996
vn 0.00554 0.00675 0.99996
vn 0.00640 0.00648 0.99996
vn 0.00609 0.00661 0.99996
vn 0.00679 0.00627 0.99996
vn 0.00652 0.00641 0.99996
vn 0.00693 0.00602 0.99996
vn 0.00676 0.00618 0.99996
vn 0.00670 0.00575 0.99996
vn 0.00666 0.00592 0.99996
vn 0.00437 0.00421 0.99998
vn 0.00434 0.00547 0.99998
vn 0.00257 0.00073 1.00000
vn 0.00145 0.00283 0.99999
vn 0.00025 -0.00185 1.00000
vn -0.00036 -0.00047 1.00000
vn -0.00114 -0.00315 0.99999
vn -0.00177 -0.00238 1.00000
vn -0.00233 -0.00426 0.99999
vn -0.00239 -0.00360 0.99999
vn -0.00585 -0.00533 0.99997
vn -0.00498 -0.00465 0.99998
vn -0.00677 -0.00641 0.99996
vn -0.00759 -0.00576 0.99995
vn -0.00601 -0.00729 0.99996
vn -0.00681 -0.00673 0.99995
vn -0.00506 -0.00800 0.99996
vn -0.00582 -0.00754 0.99995
vn -0.00400 -0.00856 0.99996
vn -0.00469 -0.00821 0.99996
vn -0.00288 -0.00898 0.99996
vn -0.00350 -0.00872 0.99996
vn -0.00177 -0.00926 0.99996
vn -0.00230 -0.00909 0.99996
vn -0.00071 -0.00943 0.99996
vn -0.00115 -0.00933 0.99996
vn 0.00028 -0.00950 0.99995
vn -0.00007 -0.00947 0.99996
vn 0.00118 -0.00949 0.99995
vn 0.00091 -0.00952 0.99995
vn 0.00198 -0.00943 0.99995
vn 0.00178 -0.00949 0.99995
vn 0.00267 -0.00931 0.99995
vn 0.00254 -0.00941 0.99995
vn 0.00324 -0.00918 0.99995
vn 0.00317 -0.00929 0.99995
vn 0.00367 -0.00904 0.99995
vn 0.00366 -0.00916 0.99995
vn 0.00396 -0.00891 0.99995
vn 0.00398 -0.00902 0.99995
vn 0.00411 -0.00880 0.99995
vn 0.00415 -0.00889 0.99995
vn 0.00416 -0.00874 0.99995
vn 0.00419 -0.00879 0.99995
vn 0.00410 -0.00875 0.99995
vn 0.00412 -0.00872 0.99995
vn 0.00298 -0.00779 0.99997
vn 0.00393 -0.00872 0.99995
vn 0.00094 -0.00581 0.99998
vn 0.00187 -0.00675 0.99998
vn 0.00091 -0.00591 0.99998
vn 0.00085 -0.00579 0.99998
vn 0.00100 -0.00614 0.99998
vn 0.00091 -0.00597 0.99998
vn 0.00106 -0.00633 0.99998
vn 0.00099 -0.00619 0.99998
vn 0.00108 -0.00645 0.99998
vn 0.00104 -0.00636 0.99998
vn 0.00095 -0.00653 0.99998
vn 0.00096 -0.00643 0.99998
vn -0.00039 -0.00656 0.99998
vn -0.00005 -0.00618 0.99998
vn -0.00168 -0.00696 0.99997
vn -0.00157 -0.00652 0.99998
vn -0.00242 -0.00679 0.99997
vn -0.00244 -0.00667 0.99997
vn -0.00258 -0.00689 0.99997
vn -0.00258 -0.00677 0.99997
vn -0.00280 -0.00697 0.99997
vn -0.00278 -0.00685 0.99997
vn -0.00361 -0.00617 0.99997
vn -0.00305 -0.00692 0.99997
vn -0.00420 -0.00409 0.99998
vn -0.00365 -0.00564 0.99998
vn -0.00395 -0.00195 0.99999
vn -0.00347 -0.00370 0.99999
vn -0.00422 -0.00002 0.99999
vn -0.00354 -0.00140 0.99999
vn -0.00498 0.00091 0.99999
vn -0.00449 0.00041 0.99999
vn -0.00561 0.00104 0.99998
vn -0.00545 0.00106 0.99998
vn -0.00627 0.00121 0.99998
vn -0.00609 0.00120 0.99998
vn -0.00688 0.00141 0.99998
vn -0.00669 0.00135 0.99998
vn -0.00732 0.00167 0.99997
vn -0.00717 0.00154 0.99997
vn -0.00753 0.00196 0.99997
vn -0.00741 0.00177 0.99997
vn -0.00751 0.00227 0.99997
vn -0.00742 0.00202 0.99997
vn -0.00737 0.00260 0.99997
vn -0.00727 0.00231 0.99997
vn -0.00715 0.00297 0.99997
vn -0.00705 0.00265 0.99997
vn -0.00692 0.00339 0.99997
vn -0.00680 0.00303 0.99997
vn -0.00673 0.00385 0.99997
vn -0.00657 0.00346 0.99997
vn -0.00661 0.00433 0.99997
vn -0.00643 0.00393 0.99997
vn -0.00661 0.00482 0.99997
vn -0.00639 0.00444 0.99997
vn -0.00676 0.00529 0.99996
vn -0.00651 0.00494 0.99997
vn -0.00703 0.00574 0.99996
vn -0.00677 0.00542 0.99996
vn -0.00732 0.00617 0.99995
vn -0.00708 0.00587 0.99996
vn -0.00789 0.00660 0.99995
vn -0.00754 0.00634 0.99995
vn -0.00867 0.00693 0.99994
vn -0.00834 0.00677 0.99994
vn -0.00956 0.00716 0.99993
vn -0.00925 0.00710 0.99993
vn -0.01047 0.00728 0.99992
vn -0.01022 0.00731 0.99992
vn -0.01133 0.00730 0.99991
vn -0.01115 0.00740 0.99991
vn -0.01205 0.00722 0.99990
vn -0.01195 0.00737 0.99990
vn -0.01251 0.00707 0.99990
vn -0.01251 0.00725 0.99990
vn -0.01259 0.00686 0.99990
vn -0.01271 0.00704 0.99989
vn -0.01233 0.00659 0.99990
vn -0.01254 0.00678 0.99990
vn -0.01180 0.00624 0.99991
vn -0.01209 0.00646 0.99991
vn -0.01108 0.00583 0.99992
vn -0.01144 0.00608 0.99992
vn -0.01021 0.00538 0.99993
vn -0.01061 0.00563 0.99993
vn -0.00922 0.00489 0.99995
vn -0.00966 0.00515 0.99994
vn -0.00819 0.00439 0.99996
vn -0.00863 0.00465 0.99995
vn -0.00714 0.00390 0.99997
vn -0.00758 0.00416 0.99996
vn -0.00613 0.00344 0.99998
vn -0.00655 0.00368 0.99997
vn -0.00521 0.00301 0.99998
vn -0.00558 0.00323 0.99998
vn -0.00440 0.00263 0.99999
vn -0.00473 0.00282 0.99998
vn -0.00376 0.00232 0.99999
vn -0.00401 0.00247 0.99999
vn -0.00329 0.00211 0.99999
vn -0.00346 0.00220 0.99999
vn -0.00301 0.00206 0.99999
vn -0.00307 0.00204 0.99999
vn -0.00290 0.00219 0.99999
vn -0.00284 0.00204 0.99999
vn -0.00162 0.00266 1.00000
vn -0.00178 0.00197 1.00000
vn 0.00033 0.00373 0.99999
vn 0.00013 0.00282 1.00000
vn 0.00113 0.00453 0.99999
vn 0.00171 0.00367 0.99999
vn 0.00058 0.00582 0.99998
vn 0.00127 0.00486 0.99999
vn 0.00094 0.00595 0.99998
vn 0.00056 0.00620 0.99998
vn 0.00263 0.00226 0.99999
vn 0.00051 0.00555 0.99998
vn 0.00466 -0.00332 0.99998
vn 0.00253 0.00016 1.00000
vn 0.00319 -0.00452 0.99998
vn 0.00303 -0.00355 0.99999
vn 0.00010 -0.00436 0.99999
vn 0.00090 -0.00404 0.99999
vn -0.00360 -0.00448 0.99998
vn -0.00284 -0.00383 0.99999
vn -0.00756 -0.00498 0.99996
vn -0.00695 -0.00398 0.99997
vn -0.01156 -0.00591 0.99992
vn -0.01114 -0.00455 0.99993
vn -0.01549 -0.00727 0.99985
vn -0.01526 -0.00558 0.99987
vn -0.01934 -0.00900 0.99977
vn -0.01928 -0.00703 0.99979
vn -0.02314 -0.01099 0.99967
vn -0.02319 -0.00882 0.99969
vn -0.02697 -0.01310 0.99955
vn -0.02706 -0.01085 0.99958
vn -0.03086 -0.01520 0.99941
vn -0.03092 -0.01296 0.99944
vn -0.03484 -0.01710 0.99925
vn -0.03480 -0.01502 0.99928
vn -0.03888 -0.01869 0.99907
vn -0.03870 -0.01686 0.99911
vn -0.04293 -0.01981 0.99888
vn -0.04257 -0.01836 0.99892
vn -0.04687 -0.02039 0.99869
vn -0.04632 -0.01940 0.99874
vn -0.05059 -0.02036 0.99851
vn -0.04986 -0.01989 0.99856
vn -0.05397 -0.01969 0.99835
vn -0.05306 -0.01978 0.99840
vn -0.05692 -0.01837 0.99821
vn -0.05584 -0.01904 0.99826
vn -0.05754 -0.01633 0.99821
vn -0.05680 -0.01811 0.99822
vn -0.05674 -0.01324 0.99830
vn -0.05605 -0.01556 0.99831
vn -0.05675 -0.01052 0.99833
vn -0.05520 -0.01289 0.99839
vn -0.05776 -0.00699 0.99831
vn -0.05618 -0.00968 0.99837
vn -0.05782 -0.00331 0.99832
vn -0.05644 -0.00625 0.99839
vn -0.05639 0.00032 0.99841
vn -0.05540 -0.00278 0.99846
vn -0.05311 0.00367 0.99858
vn -0.05263 0.00054 0.99861
vn -0.04784 0.00659 0.99883
vn -0.04795 0.00352 0.99884
vn -0.04055 0.00900 0.99914
vn -0.04128 0.00605 0.99913
vn -0.02997 0.01116 0.99949
vn -0.03152 0.00769 0.99947
vn -0.02013 0.01604 0.99967
vn -0.01984 0.01027 0.99975
vn -0.01020 0.02037 0.99974
vn -0.01131 0.01652 0.99980
vn -0.00214 0.02043 0.99979
vn -0.00253 0.01881 0.99982
vn 0.00198 0.02172 0.99976
vn 0.00172 0.02007 0.99980
vn 0.00555 0.02323 0.99971
vn 0.00552 0.02146 0.99975
vn 0.00681 0.02475 0.99967
vn 0.00735 0.02358 0.99970
vn 0.00734 0.02454 0.99967
vn 0.00729 0.02469 0.99967
vn 0.00740 0.02396 0.99969
vn 0.00725 0.02434 0.99968
vn 0.00660 0.02400 0.99969
vn 0.00688 0.02401 0.99969
vn 0.00503 0.02467 0.99968
vn 0.00571 0.02429 0.99969
vn 0.00283 0.02595 0.99966
vn 0.00387 0.02518 0.99968
vn 0.00025 0.02775 0.99961
vn 0.00156 0.02663 0.99964
vn -0.00238 0.02997 0.99955
vn -0.00092 0.02853 0.99959
vn -0.00438 0.03248 0.99946
vn -0.00301 0.03073 0.99952
vn -0.00286 0.03494 0.99939
vn -0.00261 0.03271 0.99946
vn -0.00162 0.03808 0.99927
vn -0.00056 0.03563 0.99936
vn -0.00239 0.04052 0.99918
vn -0.00075 0.03855 0.99926
vn -0.00504 0.04352 0.99904
vn -0.00315 0.04148 0.99913
vn -0.00822 0.04672 0.99887
vn -0.00616 0.04460 0.99899
vn -0.01157 0.05005 0.99868
vn -0.00946 0.04786 0.99881
vn -0.01479 0.05341 0.99846
vn -0.01272 0.05119 0.99861
vn -0.01759 0.05669 0.99824
vn -0.01567 0.05448 0.99839
vn -0.01977 0.05981 0.99801
vn -0.01806 0.05765 0.99817
vn -0.02113 0.06274 0.99781
vn -0.01970 0.06063 0.99797
vn -0.02158 0.06544 0.99762
vn -0.02044 0.06340 0.99778
vn -0.02106 0.06794 0.99747
vn -0.02022 0.06593 0.99762
vn -0.01961 0.07026 0.99734
vn -0.01903 0.06827 0.99749
vn -0.01729 0.07248 0.99722
vn -0.01692 0.07046 0.99737
vn -0.01423 0.07464 0.99711
vn -0.01404 0.07257 0.99726
vn -0.01063 0.07677 0.99699
vn -0.01054 0.07466 0.99715
vn -0.00674 0.07888 0.99686
vn -0.00669 0.07675 0.99703
vn -0.00286 0.08096 0.99671
vn -0.00278 0.07886 0.99688
vn 0.00063 0.08296 0.99655
vn 0.00080 0.08098 0.99672
vn 0.00329 0.08486 0.99639
vn 0.00364 0.08307 0.99654
vn 0.00466 0.08661 0.99623
vn 0.00529 0.08509 0.99636
vn 0.00476 0.08823 0.99609
vn 0.00560 0.08694 0.99620
vn 0.00417 0.08976 0.99595
vn 0.00501 0.08863 0.99605
vn 0.00430 0.09144 0.99580
vn 0.00498 0.08996 0.99593
vn 0.00682 0.09272 0.99567
vn 0.00620 0.09181 0.99576
vn 0.00804 0.09295 0.99564
vn 0.00855 0.09247 0.99568
vn 0.00719 0.09357 0.99559
vn 0.00767 0.09319 0.99562
vn 0.00630 0.09412 0.99554
vn 0.00674 0.09380 0.99557
vn 0.00543 0.09461 0.99550
vn 0.00583 0.09434 0.99552
vn 0.00461 0.09503 0.99546
vn 0.00497 0.09480 0.99548
vn 0.00387 0.09541 0.99543
vn 0.00418 0.09521 0.99545
vn 0.00322 0.09573 0.99540
vn 0.00349 0.09556 0.99542
vn 0.00269 0.09599 0.99538
vn 0.00291 0.09585 0.99539
vn 0.00230 0.09619 0.99536
vn 0.00246 0.09609 0.99537
vn 0.00205 0.09632 0.99535
vn 0.00214 0.09626 0.99535
vn 0.00194 0.09636 0.99534
vn 0.00197 0.09635 0.99535
vn 0.00197 0.09630 0.99535
vn 0.00193 0.09635 0.99535
vn 0.00212 0.09614 0.99537
vn 0.00201 0.09626 0.99535
vn 0.00237 0.09587 0.99539
vn 0.00219 0.09607 0.99537
vn 0.00265 0.09551 0.99543
vn 0.00243 0.09577 0.99540
vn 0.00292 0.09507 0.99547
vn 0.00267 0.09539 0.99544
vn 0.00316 0.09459 0.99551
vn 0.00291 0.09493 0.99548
vn 0.00391 0.09413 0.99555
vn 0.00347 0.09439 0.99553
vn 0.00563 0.09371 0.99558
vn 0.00493 0.09385 0.99557
vn 0.00826 0.09324 0.99561
vn 0.00738 0.09332 0.99561
vn 0.01146 0.09271 0.99563
vn 0.01047 0.09277 0.99563
vn 0.01489 0.09212 0.99564
vn 0.01386 0.09220 0.99564
vn 0.02239 0.09095 0.99560
vn 0.01967 0.09098 0.99566
vn 0.02878 0.09026 0.99550
vn 0.02724 0.09029 0.99554
vn 0.03291 0.08849 0.99553
vn 0.03168 0.08930 0.99550
vn 0.03529 0.08702 0.99558
vn 0.03418 0.08790 0.99554
vn 0.03706 0.08555 0.99564
vn 0.03609 0.08650 0.99560
vn 0.03814 0.08410 0.99573
vn 0.03734 0.08511 0.99567
vn 0.03850 0.08268 0.99583
vn 0.03787 0.08374 0.99577
vn 0.03816 0.08133 0.99596
vn 0.03771 0.08242 0.99588
vn 0.03719 0.08007 0.99610
vn 0.03691 0.08115 0.99602
vn 0.03571 0.07890 0.99624
vn 0.03557 0.07997 0.99616
vn 0.03390 0.07785 0.99639
vn 0.03386 0.07886 0.99631
vn 0.03197 0.07693 0.99652
vn 0.03199 0.07785 0.99645
vn 0.03022 0.07613 0.99664
vn 0.03022 0.07693 0.99658
vn 0.02898 0.07545 0.99673
vn 0.02889 0.07610 0.99668
vn 0.02865 0.07488 0.99678
vn 0.02836 0.07535 0.99675
vn 0.02915 0.07438 0.99680
vn 0.02870 0.07474 0.99679
vn 0.02923 0.07396 0.99683
vn 0.02914 0.07426 0.99681
vn 0.02810 0.07378 0.99688
vn 0.02843 0.07399 0.99685
vn 0.02586 0.07400 0.99692
vn 0.02657 0.07403 0.99690
vn 0.02290 0.07466 0.99695
vn 0.02391 0.07443 0.99694
vn 0.01963 0.07572 0.99694
vn 0.02085 0.07521 0.99695
vn 0.01642 0.07712 0.99689
vn 0.01773 0.07635 0.99692
vn 0.01358 0.07876 0.99680
vn 0.01489 0.07777 0.99686
vn 0.01544 0.08085 0.99661
vn 0.01551 0.07866 0.99678
vn 0.02304 0.08266 0.99631
vn 0.02077 0.08130 0.99647
vn 0.02888 0.08105 0.99629
vn 0.02810 0.08153 0.99627
vn 0.03073 0.07928 0.99638
vn 0.02971 0.08041 0.99632
vn 0.03283 0.07741 0.99646
vn 0.03139 0.07868 0.99641
vn 0.03609 0.07514 0.99652
vn 0.03422 0.07660 0.99647
vn 0.04038 0.07243 0.99656
vn 0.03810 0.07412 0.99652
vn 0.04546 0.06927 0.99656
vn 0.04284 0.07121 0.99654
vn 0.05152 0.06582 0.99650
vn 0.04857 0.06779 0.99652
vn 0.05821 0.06287 0.99632
vn 0.05538 0.06432 0.99639
vn 0.06399 0.06068 0.99610
vn 0.06179 0.06177 0.99618
vn 0.06877 0.05830 0.99593
vn 0.06678 0.05964 0.99598
vn 0.07193 0.05583 0.99585
vn 0.07034 0.05741 0.99587
vn 0.07372 0.05337 0.99585
vn 0.07239 0.05505 0.99586
vn 0.07506 0.05102 0.99587
vn 0.07371 0.05269 0.99589
vn 0.07655 0.04870 0.99588
vn 0.07516 0.05033 0.99590
vn 0.07823 0.04640 0.99585
vn 0.07681 0.04800 0.99589
vn 0.08006 0.04414 0.99581
vn 0.07863 0.04569 0.99586
vn 0.08196 0.04193 0.99575
vn 0.08054 0.04343 0.99580
vn 0.08386 0.03977 0.99568
vn 0.08248 0.04123 0.99574
vn 0.08569 0.03768 0.99561
vn 0.08436 0.03910 0.99567
vn 0.08742 0.03567 0.99553
vn 0.08615 0.03703 0.99559
vn 0.08898 0.03373 0.99546
vn 0.08779 0.03505 0.99552
vn 0.08994 0.03174 0.99544
vn 0.08888 0.03325 0.99549
vn 0.08670 0.03031 0.99577
vn 0.08750 0.03162 0.99566
vn 0.08456 0.02897 0.99600
vn 0.08401 0.03021 0.99601
vn 0.08443 0.02804 0.99603
vn 0.08381 0.02884 0.99606
vn 0.08485 0.02689 0.99603
vn 0.08427 0.02774 0.99606
vn 0.08508 0.02568 0.99604
vn 0.08451 0.02660 0.99607
vn 0.08514 0.02440 0.99607
vn 0.08457 0.02540 0.99609
vn 0.08505 0.02301 0.99611
vn 0.08447 0.02411 0.99613
vn 0.08487 0.02152 0.99616
vn 0.08425 0.02271 0.99619
vn 0.08465 0.01993 0.99621
vn 0.08399 0.02120 0.99624
vn 0.08468 0.01828 0.99624
vn 0.08392 0.01955 0.99628
vn 0.08596 0.01660 0.99616
vn 0.08475 0.01776 0.99624
vn 0.08887 0.01496 0.99593
vn 0.08730 0.01592 0.99606
vn 0.09299 0.01338 0.99558
vn 0.09126 0.01415 0.99573
vn 0.09761 0.01197 0.99515
vn 0.09592 0.01253 0.99531
vn 0.10214 0.01085 0.99471
vn 0.10067 0.01118 0.99486
vn 0.10607 0.01014 0.99431
vn 0.10496 0.01021 0.99442
vn 0.10901 0.00993 0.99399
vn 0.10839 0.00971 0.99406
vn 0.11068 0.01027 0.99380
vn 0.11061 0.00976 0.99382
vn 0.11090 0.01119 0.99377
vn 0.11143 0.01039 0.99372
vn 0.10959 0.01266 0.99390
vn 0.11071 0.01160 0.99379
vn 0.10677 0.01460 0.99418
vn 0.10843 0.01335 0.99401
vn 0.10255 0.01693 0.99458
vn 0.10467 0.01555 0.99439
vn 0.09712 0.01949 0.99508
vn 0.09959 0.01808 0.99486
vn 0.08154 0.02248 0.99642
vn 0.08755 0.02223 0.99591
vn 0.06351 0.02417 0.99769
vn 0.06900 0.02397 0.99733
vn 0.05084 0.02855 0.99830
vn 0.05389 0.02699 0.99818
vn 0.04363 0.03124 0.99856
vn 0.04641 0.02998 0.99847
vn 0.03708 0.03346 0.99875
vn 0.03946 0.03250 0.99869
vn 0.03165 0.03521 0.99888
vn 0.03352 0.03448 0.99884
vn 0.02771 0.03660 0.99895
vn 0.02904 0.03597 0.99893
vn 0.02462 0.03776 0.99898
vn 0.02574 0.03726 0.99897
vn 0.02105 0.03856 0.99903
vn 0.02231 0.03838 0.99901
vn 0.01668 0.03884 0.99911
vn 0.01786 0.03916 0.99907
vn 0.01208 0.03841 0.99919
vn 0.01292 0.03932 0.99914
vn 0.00777 0.03713 0.99928
vn 0.00810 0.03868 0.99922
vn 0.00414 0.03493 0.99938
vn 0.00388 0.03712 0.99930
vn 0.00144 0.03183 0.99949
vn 0.00054 0.03461 0.99940
vn -0.00022 0.02791 0.99961
vn -0.00173 0.03120 0.99951
vn -0.00080 0.02333 0.99973
vn -0.00285 0.02700 0.99963
vn -0.00033 0.01827 0.99983
vn -0.00282 0.02218 0.99975
vn 0.00106 0.01298 0.99992
vn -0.00172 0.01694 0.99985
vn 0.00323 0.00771 0.99997
vn 0.00030 0.01155 0.99993
vn 0.00597 0.00271 0.99998
vn 0.00306 0.00625 0.99998
vn 0.00908 -0.00178 0.99996
vn 0.00633 0.00130 0.99998
vn 0.01226 -0.00555 0.99991
vn 0.00985 -0.00306 0.99995
vn 0.01514 -0.00845 0.99985
vn 0.01324 -0.00662 0.99989
vn 0.01628 -0.01076 0.99981
vn 0.01511 -0.00899 0.99985
vn 0.01327 -0.01193 0.99984
vn 0.01434 -0.01122 0.99983
vn 0.01143 -0.01136 0.99987
vn 0.01130 -0.01149 0.99987
vn 0.01152 -0.01065 0.99988
vn 0.01187 -0.01127 0.99987
vn 0.01099 -0.00950 0.99989
vn 0.01168 -0.01035 0.99988
vn 0.00966 -0.00815 0.99992
vn 0.01066 -0.00907 0.99990
vn 0.00736 -0.00661 0.99995
vn 0.00869 -0.00759 0.99993
vn 0.00415 -0.00479 0.99998
vn 0.00579 -0.00589 0.99997
vn 0.00029 -0.00266 1.00000
vn 0.00218 -0.00393 0.99999
vn -0.00396 -0.00025 0.99999
vn -0.00188 -0.00170 1.00000
vn -0.00836 0.00240 0.99996
vn -0.00617 0.00079 0.99998
vn -0.01268 0.00524 0.99991
vn -0.01045 0.00348 0.99994
vn -0.01672 0.00817 0.99983
vn -0.01452 0.00632 0.99987
vn -0.02030 0.01113 0.99973
vn -0.01822 0.00922 0.99979
vn -0.02330 0.01402 0.99963
vn -0.02140 0.01211 0.99970
vn -0.02561 0.01675 0.99953
vn -0.02394 0.01490 0.99960
vn -0.02719 0.01927 0.99944
vn -0.02579 0.01752 0.99951
vn -0.02802 0.02150 0.99938
vn -0.02691 0.01989 0.99944
vn -0.02815 0.02339 0.99933
vn -0.02735 0.02198 0.99938
vn -0.02769 0.02494 0.99931
vn -0.02716 0.02374 0.99935
vn -0.02678 0.02611 0.99930
vn -0.02650 0.02515 0.99933
vn -0.02563 0.02693 0.99931
vn -0.02554 0.02622 0.99933
vn -0.02453 0.02742 0.99932
vn -0.02454 0.02696 0.99934
vn -0.02376 0.02762 0.99934
vn -0.02379 0.02741 0.99934
vn -0.02045 0.02727 0.99942
vn -0.02171 0.02718 0.99939
vn -0.01876 0.02739 0.99945
vn -0.01882 0.02722 0.99945
vn -0.01806 0.02680 0.99948
vn -0.01832 0.02712 0.99946
vn -0.01709 0.02627 0.99951
vn -0.01768 0.02661 0.99949
vn -0.01522 0.02548 0.99956
vn -0.01609 0.02594 0.99953
vn -0.01294 0.02445 0.99962
vn -0.01393 0.02502 0.99959
vn -0.01062 0.02334 0.99967
vn -0.01165 0.02397 0.99964
vn -0.00840 0.02214 0.99972
vn -0.00942 0.02285 0.99969
vn -0.00648 0.02083 0.99976
vn -0.00747 0.02166 0.99974
vn -0.00501 0.01940 0.99980
vn -0.00593 0.02037 0.99977
vn -0.00403 0.01785 0.99983
vn -0.00489 0.01895 0.99981
vn -0.00358 0.01628 0.99986
vn -0.00433 0.01744 0.99984
vn -0.00387 0.01474 0.99988
vn -0.00443 0.01598 0.99986
vn -0.00478 0.01305 0.99990
vn -0.00526 0.01447 0.99988
vn -0.00626 0.01123 0.99992
vn -0.00669 0.01281 0.99990
vn -0.00820 0.00928 0.99992
vn -0.00860 0.01101 0.99990
vn -0.01042 0.00718 0.99992
vn -0.01084 0.00906 0.99990
vn -0.01274 0.00494 0.99991
vn -0.01323 0.00694 0.99989
vn -0.01491 0.00254 0.99989
vn -0.01552 0.00464 0.99987
vn -0.01663 -0.00002 0.99986
vn -0.01745 0.00216 0.99985
vn -0.01759 -0.00272 0.99984
vn -0.01869 -0.00051 0.99983
vn -0.01748 -0.00560 0.99983
vn -0.01894 -0.00336 0.99982
vn -0.01686 -0.00865 0.99982
vn -0.01842 -0.00631 0.99981
vn -0.01276 -0.01181 0.99985
vn -0.01544 -0.01002 0.99983
vn -0.00698 -0.01466 0.99987
vn -0.01014 -0.01256 0.99987
vn -0.00440 -0.01897 0.99981
vn -0.00586 -0.01615 0.99985
vn -0.00506 -0.02255 0.99973
vn -0.00651 -0.01971 0.99978
vn -0.00571 -0.02607 0.99964
vn -0.00716 -0.02328 0.99970
vn -0.00622 -0.02950 0.99955
vn -0.00767 -0.02680 0.99961
vn -0.00647 -0.03280 0.99944
vn -0.00794 -0.03023 0.99951
vn -0.00637 -0.03594 0.99933
vn -0.00785 -0.03354 0.99941
vn -0.00587 -0.03889 0.99923
vn -0.00736 -0.03667 0.99930
vn -0.00491 -0.04165 0.99912
vn -0.00643 -0.03963 0.99919
vn -0.00349 -0.04423 0.99902
vn -0.00503 -0.04240 0.99909
vn -0.00161 -0.04665 0.99891
vn -0.00318 -0.04499 0.99898
vn 0.00068 -0.04892 0.99880
vn -0.00092 -0.04741 0.99887
vn 0.00330 -0.05110 0.99869
vn 0.00169 -0.04970 0.99876
vn 0.00615 -0.05320 0.99856
vn 0.00453 -0.05187 0.99864
vn 0.00909 -0.05527 0.99843
vn 0.00749 -0.05398 0.99851
vn 0.01193 -0.05734 0.99828
vn 0.01037 -0.05604 0.99837
vn 0.01443 -0.05941 0.99813
vn 0.01298 -0.05807 0.99823
vn 0.01631 -0.06146 0.99798
vn 0.01503 -0.06007 0.99808
vn 0.01776 -0.06341 0.99783
vn 0.01662 -0.06210 0.99793
vn 0.02021 -0.06516 0.99767
vn 0.01869 -0.06410 0.99777
vn 0.02141 -0.06592 0.99759
vn 0.02093 -0.06545 0.99764
vn 0.00200 0.00316 0.99999
vn 0.00189 0.00316 0.99999
vn 0.00168 0.00293 0.99999
vn 0.00182 0.00305 0.99999
vn 0.00103 0.00264 1.00000
vn 0.00128 0.00273 1.00000
vn 0.00024 0.00241 1.00000
vn 0.00061 0.00247 1.00000
vn -0.00066 0.00223 1.00000
vn -0.00019 0.00227 1.00000
vn -0.00167 0.00208 1.00000
vn -0.00112 0.00211 1.00000
vn -0.00278 0.00193 0.99999
vn -0.00217 0.00197 1.00000
vn -0.00397 0.00175 0.99999
vn -0.00333 0.00180 0.99999
vn -0.00521 0.00155 0.99999
vn -0.00455 0.00160 0.99999
vn -0.00652 0.00136 0.99998
vn -0.00580 0.00140 0.99998
vn -0.00793 0.00126 0.99997
vn -0.00709 0.00125 0.99997
vn -0.00960 0.00129 0.99995
vn -0.00848 0.00122 0.99996
vn -0.01187 0.00148 0.99993
vn -0.01027 0.00134 0.99995
vn -0.01475 0.00183 0.99989
vn -0.01270 0.00162 0.99992
vn -0.01809 0.00234 0.99983
vn -0.01568 0.00206 0.99987
vn -0.02170 0.00303 0.99976
vn -0.01903 0.00267 0.99982
vn -0.02538 0.00394 0.99967
vn -0.02256 0.00349 0.99974
vn -0.02896 0.00513 0.99957
vn -0.02607 0.00457 0.99965
vn -0.03247 0.00621 0.99945
vn -0.02976 0.00577 0.99954
vn -0.03477 0.00717 0.99937
vn -0.03290 0.00675 0.99944
vn -0.03614 0.00839 0.99931
vn -0.03461 0.00786 0.99937
vn -0.03733 0.01005 0.99925
vn -0.03563 0.00935 0.99932
vn -0.03846 0.01238 0.99918
vn -0.03637 0.01139 0.99927
vn -0.03889 0.01570 0.99912
vn -0.03695 0.01433 0.99921
vn -0.03812 0.01950 0.99908
vn -0.03649 0.01806 0.99917
vn -0.03669 0.02345 0.99905
vn -0.03537 0.02198 0.99913
vn -0.03471 0.02741 0.99902
vn -0.03370 0.02597 0.99909
vn -0.03235 0.03126 0.99899
vn -0.03164 0.02988 0.99905
vn -0.02979 0.03484 0.99895
vn -0.02933 0.03358 0.99901
vn -0.02721 0.03805 0.99891
vn -0.02695 0.03695 0.99895
vn -0.02478 0.04079 0.99886
vn -0.02468 0.03986 0.99890
vn -0.02266 0.04300 0.99882
vn -0.02266 0.04227 0.99885
vn -0.02098 0.04468 0.99878
vn -0.02100 0.04414 0.99880
vn -0.01990 0.04586 0.99875
vn -0.01979 0.04549 0.99877
vn -0.01988 0.04652 0.99872
vn -0.01937 0.04633 0.99874
vn -0.02122 0.04655 0.99869
vn -0.02024 0.04659 0.99871
vn -0.02377 0.04582 0.99867
vn -0.02249 0.04613 0.99868
vn -0.02728 0.04433 0.99864
vn -0.02587 0.04490 0.99866
vn -0.03144 0.04214 0.99862
vn -0.03006 0.04295 0.99862
vn -0.03591 0.03936 0.99858
vn -0.03471 0.04037 0.99858
vn -0.04043 0.03615 0.99853
vn -0.03946 0.03730 0.99852
vn -0.04463 0.03277 0.99847
vn -0.04403 0.03396 0.99845
vn -0.04799 0.02945 0.99841
vn -0.04794 0.03061 0.99838
vn -0.05008 0.02633 0.99840
vn -0.05072 0.02743 0.99834
vn -0.05041 0.02353 0.99845
vn -0.05209 0.02454 0.99834
vn -0.04883 0.02118 0.99858
vn -0.05126 0.02202 0.99844
vn -0.04647 0.01932 0.99873
vn -0.04918 0.02002 0.99859
vn -0.04278 0.01787 0.99892
vn -0.04608 0.01844 0.99877
vn -0.03790 0.01682 0.99914
vn -0.04170 0.01727 0.99898
vn -0.03209 0.01608 0.99936
vn -0.03625 0.01644 0.99921
vn 0.04918 0.01052 0.99873
vn -0.03005 0.01586 0.99942
vn 0.03682 -0.05473 0.99782
vn 0.06876 -0.02383 0.99735
vn -0.02873 0.01659 0.99945
vn 0.01458 -0.03634 0.99923
vn -0.04569 0.11683 0.99210
vn 0.02283 0.08781 0.99588
vn -0.06665 0.14555 0.98710
vn -0.03341 0.14202 0.98930
vn -0.08393 0.12379 0.98875
vn -0.08794 0.13618 0.98677
vn -0.07836 0.06183 0.99501
vn -0.11996 0.08904 0.98878
vn -0.01518 0.01827 0.99972
vn -0.07716 0.02962 0.99658
vn 0.00805 0.00848 0.99993
vn -0.01108 0.01025 0.99989
vn 0.01287 0.00652 0.99990
vn 0.00868 0.00737 0.99994
vn 0.01787 0.00425 0.99983
vn 0.01343 0.00523 0.99990
vn 0.02263 0.00162 0.99974
vn 0.01818 0.00274 0.99983
vn 0.02680 -0.00138 0.99964
vn 0.02254 -0.00014 0.99975
vn 0.03010 -0.00479 0.99954
vn 0.02618 -0.00341 0.99965
vn 0.03233 -0.00859 0.99944
vn 0.02888 -0.00709 0.99956
vn 0.03337 -0.01275 0.99936
vn 0.03047 -0.01114 0.99947
vn 0.03317 -0.01719 0.99930
vn 0.03088 -0.01551 0.99940
vn 0.03177 -0.02184 0.99926
vn 0.03011 -0.02011 0.99934
vn 0.02907 -0.02685 0.99922
vn 0.02796 -0.02497 0.99930
vn 0.02516 -0.03359 0.99912
vn 0.02357 -0.03086 0.99925
vn 0.02374 -0.04103 0.99888
vn 0.02033 -0.03831 0.99906
vn 0.02154 -0.04813 0.99861
vn 0.01902 -0.04555 0.99878
vn 0.01638 -0.05460 0.99837
vn 0.01648 -0.05238 0.99849
vn 0.01013 -0.05876 0.99822
vn 0.01122 -0.05764 0.99827
vn 0.00555 -0.06126 0.99811
vn 0.00680 -0.06053 0.99814
vn 0.00195 -0.06297 0.99801
vn 0.00310 -0.06248 0.99804
vn 0.05998 -0.06885 0.99582
vn 0.00020 -0.06376 0.99797
vn 0.12038 -0.12705 0.98456
vn 0.07261 -0.09706 0.99263
vn 0.08915 -0.18149 0.97934
vn 0.08174 -0.16595 0.98274
vn 0.02625 -0.19164 0.98111
vn 0.06229 -0.19448 0.97893
vn -0.03459 -0.13075 0.99081
vn 0.03973 -0.16500 0.98549
vn -0.03974 -0.00138 0.99921
vn 0.01464 -0.05669 0.99828
vn -0.04926 0.06637 0.99658
vn 0.00849 0.05311 0.99855
vn -0.08282 0.05903 0.99481
vn -0.06936 0.06709 0.99533
vn -0.08855 -0.00078 0.99607
vn -0.12203 0.02788 0.99213
vn -0.02599 -0.04587 0.99861
vn -0.08706 -0.03319 0.99565
vn -0.00572 -0.05308 0.99857
vn -0.02103 -0.05234 0.99841
vn -0.00584 -0.05076 0.99869
vn -0.00444 -0.05168 0.99865
vn -0.00585 -0.04839 0.99881
vn -0.00448 -0.04933 0.99877
vn -0.00577 -0.04603 0.99892
vn -0.00445 -0.04695 0.99889
vn -0.00558 -0.04371 0.99903
vn -0.00435 -0.04461 0.99900
vn -0.00528 -0.04146 0.99913
vn -0.00416 -0.04232 0.99910
vn -0.00487 -0.03932 0.99921
vn -0.00388 -0.04013 0.99919
vn -0.00437 -0.03733 0.99929
vn -0.00353 -0.03808 0.99927
vn -0.00347 -0.03558 0.99936
vn -0.00310 -0.03621 0.99934
vn -0.00087 -0.03393 0.99942
vn -0.00174 -0.03451 0.99940
vn 0.00173 -0.03265 0.99947
vn 0.00126 -0.03304 0.99945
vn 0.00241 -0.03157 0.99950
vn 0.00265 -0.03194 0.99949
vn 0.00299 -0.03065 0.99953
vn 0.00321 -0.03098 0.99951
vn 0.00331 -0.02975 0.99955
vn 0.00369 -0.03010 0.99954
vn 0.00362 -0.02873 0.99958
vn 0.00397 -0.02914 0.99957
vn 0.00492 -0.02746 0.99961
vn 0.00472 -0.02795 0.99960
vn 0.00749 -0.02596 0.99964
vn 0.00669 -0.02650 0.99963
vn 0.01088 -0.02434 0.99964
vn 0.00970 -0.02489 0.99964
vn 0.01468 -0.02278 0.99963
vn 0.01327 -0.02327 0.99964
vn 0.01849 -0.02145 0.99960
vn 0.01698 -0.02183 0.99962
vn 0.02198 -0.02054 0.99955
vn 0.02045 -0.02075 0.99958
vn 0.02489 -0.02022 0.99949
vn 0.02340 -0.02019 0.99952
vn 0.02702 -0.02061 0.99942
vn 0.02561 -0.02031 0.99947
vn 0.02826 -0.02176 0.99936
vn 0.02694 -0.02118 0.99941
vn 0.02857 -0.02369 0.99931
vn 0.02736 -0.02282 0.99937
vn 0.02802 -0.02630 0.99926
vn 0.02692 -0.02520 0.99932
vn 0.02671 -0.02948 0.99921
vn 0.02572 -0.02819 0.99927
vn 0.02485 -0.03301 0.99915
vn 0.02396 -0.03161 0.99921
vn 0.02266 -0.03669 0.99907
vn 0.02185 -0.03527 0.99914
vn 0.02040 -0.04026 0.99898
vn 0.01966 -0.03891 0.99905
vn 0.01833 -0.04349 0.99889
vn 0.01764 -0.04229 0.99895
vn 0.01668 -0.04619 0.99879
vn 0.01602 -0.04521 0.99885
vn 0.01563 -0.04820 0.99872
vn 0.01500 -0.04749 0.99876
vn 0.01580 -0.04953 0.99865
vn 0.01467 -0.04904 0.99869
vn 0.01843 -0.04995 0.99858
vn 0.01644 -0.04982 0.99862
vn 0.02082 -0.04980 0.99854
vn 0.01972 -0.04982 0.99856
vn 0.02121 -0.05097 0.99848
vn 0.02004 -0.05016 0.99854
vn 0.02515 -0.05317 0.99827
vn 0.02144 -0.05214 0.99841
vn 0.03011 -0.05506 0.99803
vn 0.02603 -0.05413 0.99819
vn 0.03560 -0.05653 0.99777
vn 0.03153 -0.05577 0.99795
vn 0.03947 -0.05723 0.99758
vn 0.03742 -0.05695 0.99768
vn 0.04273 -0.05566 0.99753
vn 0.04126 -0.05646 0.99755
vn 0.04732 -0.05318 0.99746
vn 0.04619 -0.05409 0.99747
vn 0.05141 -0.05048 0.99740
vn 0.05073 -0.05150 0.99738
vn 0.05477 -0.04763 0.99736
vn 0.05462 -0.04874 0.99732
vn 0.05719 -0.04471 0.99736
vn 0.05764 -0.04588 0.99728
vn 0.05852 -0.04180 0.99741
vn 0.05960 -0.04301 0.99730
vn 0.05866 -0.03896 0.99752
vn 0.06037 -0.04019 0.99737
vn 0.05761 -0.03626 0.99768
vn 0.05990 -0.03748 0.99750
vn 0.05547 -0.03372 0.99789
vn 0.05825 -0.03492 0.99769
vn 0.05240 -0.03137 0.99813
vn 0.05556 -0.03253 0.99792
vn 0.04859 -0.02921 0.99839
vn 0.05201 -0.03033 0.99819
vn 0.04430 -0.02723 0.99865
vn 0.04783 -0.02830 0.99845
vn 0.03989 -0.02540 0.99888
vn 0.04335 -0.02642 0.99871
vn 0.03575 -0.02370 0.99908
vn 0.03893 -0.02466 0.99894
vn 0.03236 -0.02208 0.99923
vn 0.03502 -0.02298 0.99912
vn 0.03022 -0.02051 0.99933
vn 0.03213 -0.02134 0.99926
vn 0.02913 -0.01895 0.99940
vn 0.03059 -0.01975 0.99934
vn 0.02790 -0.01735 0.99946
vn 0.02957 -0.01817 0.99940
vn 0.02582 -0.01577 0.99954
vn 0.02794 -0.01661 0.99947
vn 0.02321 -0.01421 0.99963
vn 0.02552 -0.01507 0.99956
vn 0.02045 -0.01268 0.99971
vn 0.02278 -0.01354 0.99965
vn 0.01774 -0.01120 0.99978
vn 0.01999 -0.01204 0.99973
vn 0.01526 -0.00977 0.99984
vn 0.01734 -0.01058 0.99979
vn 0.01315 -0.00841 0.99988
vn 0.01498 -0.00917 0.99985
vn 0.01152 -0.00711 0.99991
vn 0.01306 -0.00782 0.99988
vn 0.01044 -0.00588 0.99993
vn 0.01165 -0.00654 0.99991
vn 0.00994 -0.00471 0.99994
vn 0.01082 -0.00531 0.99993
vn 0.01001 -0.00359 0.99994
vn 0.01058 -0.00415 0.99994
vn 0.01061 -0.00251 0.99994
vn 0.01090 -0.00303 0.99994
vn 0.01166 -0.00146 0.99993
vn 0.01172 -0.00195 0.99993
vn 0.01305 -0.00045 0.99991
vn 0.01295 -0.00090 0.99992
vn 0.01464 0.00054 0.99989
vn 0.01444 0.00011 0.99990
vn 0.01625 0.00150 0.99987
vn 0.01605 0.00108 0.99987
vn 0.01769 0.00242 0.99984
vn 0.01757 0.00201 0.99984
vn 0.01874 0.00329 0.99982
vn 0.01881 0.00289 0.99982
vn 0.01915 0.00411 0.99981
vn 0.01952 0.00370 0.99980
vn 0.01878 0.00486 0.99981
vn 0.01949 0.00445 0.99980
vn 0.01789 0.00556 0.99982
vn 0.01875 0.00516 0.99981
vn 0.01678 0.00618 0.99984
vn 0.01767 0.00580 0.99983
vn 0.01510 0.00688 0.99986
vn 0.01646 0.00638 0.99984
vn 0.01011 0.00718 0.99992
vn 0.01290 0.00693 0.99989
vn 0.00714 0.00732 0.99995
vn 0.00807 0.00707 0.99994
vn 0.00601 0.00743 0.99995
vn 0.00657 0.00733 0.99995
vn 0.00502 0.00745 0.99996
vn 0.00545 0.00741 0.99996
vn 0.00422 0.00738 0.99996
vn 0.00451 0.00739 0.99996
vn 0.00363 0.00723 0.99997
vn 0.00378 0.00729 0.99997
vn 0.00328 0.00704 0.99997
vn 0.00329 0.00714 0.99997
vn 0.00318 0.00682 0.99997
vn 0.00307 0.00694 0.99997
vn 0.00331 0.00660 0.99997
vn 0.00312 0.00673 0.99997
vn 0.00359 0.00643 0.99997
vn 0.00336 0.00653 0.99997
vn 0.00398 0.00631 0.99997
vn 0.00374 0.00639 0.99997
vn 0.00448 0.00625 0.99997
vn 0.00423 0.00630 0.99997
vn 0.00500 0.00624 0.99997
vn 0.00478 0.00626 0.99997
vn 0.00236 0.00504 0.99998
vn 0.00302 0.00600 0.99998
vn -0.00363 0.00259 0.99999
vn -0.00177 0.00373 0.99999
vn -0.00707 0.00202 0.99997
vn -0.00712 0.00215 0.99997
vn -0.00743 0.00181 0.99997
vn -0.00739 0.00193 0.99997
vn -0.00798 0.00166 0.99997
vn -0.00784 0.00174 0.99997
vn -0.00854 0.00156 0.99996
vn -0.00840 0.00160 0.99996
vn -0.00888 0.00152 0.99996
vn -0.00880 0.00153 0.99996
vn -0.00886 0.00155 0.99996
vn -0.00890 0.00153 0.99996
vn -0.00841 0.00160 0.99996
vn -0.00859 0.00157 0.99996
vn -0.01229 0.00153 0.99992
vn -0.01021 0.00154 0.99995
vn -0.01389 0.00150 0.99990
vn -0.01413 0.00151 0.99990
vn -0.01241 0.00134 0.99992
vn -0.01310 0.00146 0.99991
vn -0.01051 0.00115 0.99994
vn -0.01129 0.00129 0.99994
vn -0.00846 0.00090 0.99996
vn -0.00929 0.00107 0.99996
vn -0.00634 0.00061 0.99998
vn -0.00720 0.00081 0.99997
vn -0.00425 0.00029 0.99999
vn -0.00510 0.00050 0.99999
vn -0.00227 -0.00005 1.00000
vn -0.00308 0.00017 1.00000
vn -0.00044 -0.00041 1.00000
vn -0.00119 -0.00018 1.00000
vn 0.00118 -0.00077 1.00000
vn 0.00051 -0.00054 1.00000
vn 0.00259 -0.00114 1.00000
vn 0.00199 -0.00090 1.00000
vn 0.00376 -0.00154 0.99999
vn 0.00323 -0.00128 0.99999
vn 0.00463 -0.00200 0.99999
vn 0.00419 -0.00169 0.99999
vn 0.00517 -0.00254 0.99998
vn 0.00482 -0.00217 0.99999
vn 0.00536 -0.00311 0.99998
vn 0.00512 -0.00271 0.99998
vn 0.00524 -0.00366 0.99998
vn 0.00510 -0.00325 0.99998
vn 0.00480 -0.00412 0.99998
vn 0.00479 -0.00374 0.99998
vn 0.00407 -0.00444 0.99998
vn 0.00418 -0.00411 0.99998
vn 0.00302 -0.00461 0.99998
vn 0.00325 -0.00432 0.99999
vn 0.00169 -0.00467 0.99999
vn 0.00200 -0.00438 0.99999
vn -0.00042 -0.00472 0.99999
vn 0.00007 -0.00416 0.99999
vn -0.00331 -0.00506 0.99998
vn -0.00272 -0.00419 0.99999
vn -0.00515 -0.00552 0.99997
vn -0.00525 -0.00469 0.99998
vn -0.00580 -0.00589 0.99997
vn -0.00604 -0.00533 0.99997
vn -0.00597 -0.00662 0.99996
vn -0.00620 -0.00598 0.99996
vn -0.00616 -0.00746 0.99995
vn -0.00637 -0.00675 0.99996
vn -0.00637 -0.00830 0.99995
vn -0.00657 -0.00759 0.99995
vn -0.00659 -0.00904 0.99994
vn -0.00676 -0.00841 0.99994
vn -0.00684 -0.00963 0.99993
vn -0.00696 -0.00911 0.99993
vn -0.00711 -0.01008 0.99992
vn -0.00719 -0.00966 0.99993
vn -0.00741 -0.01040 0.99992
vn -0.00745 -0.01007 0.99992
vn -0.00773 -0.01064 0.99991
vn -0.00775 -0.01037 0.99992
vn -0.00807 -0.01081 0.99991
vn -0.00808 -0.01058 0.99991
vn -0.00836 -0.01094 0.99991
vn -0.00837 -0.01077 0.99991
vn -0.00849 -0.01101 0.99990
vn -0.00852 -0.01093 0.99990
vn -0.00837 -0.01100 0.99990
vn -0.00842 -0.01105 0.99990
vn -0.00805 -0.01088 0.99991
vn -0.00809 -0.01105 0.99991
vn -0.00757 -0.01071 0.99991
vn -0.00758 -0.01095 0.99991
vn -0.00693 -0.01052 0.99992
vn -0.00694 -0.01081 0.99992
vn -0.00616 -0.01027 0.99993
vn -0.00619 -0.01061 0.99992
vn -0.00529 -0.00994 0.99994
vn -0.00532 -0.01034 0.99993
vn -0.00438 -0.00954 0.99994
vn -0.00439 -0.00999 0.99994
vn -0.00350 -0.00907 0.99995
vn -0.00347 -0.00956 0.99995
vn -0.00281 -0.00855 0.99996
vn -0.00271 -0.00905 0.99996
vn -0.00242 -0.00805 0.99996
vn -0.00225 -0.00848 0.99996
vn -0.00244 -0.00770 0.99997
vn -0.00224 -0.00795 0.99997
vn -0.00250 -0.00760 0.99997
vn -0.00244 -0.00766 0.99997
vn -0.00313 -0.00771 0.99997
vn -0.00300 -0.00746 0.99997
vn -0.00461 -0.00833 0.99995
vn -0.00442 -0.00763 0.99996
vn -0.00689 -0.00930 0.99993
vn -0.00677 -0.00821 0.99994
vn -0.00957 -0.01073 0.99990
vn -0.00958 -0.00924 0.99991
vn -0.01247 -0.01258 0.99984
vn -0.01263 -0.01074 0.99986
vn -0.01530 -0.01478 0.99977
vn -0.01567 -0.01269 0.99980
vn -0.01773 -0.01722 0.99969
vn -0.01833 -0.01501 0.99972
vn -0.01939 -0.01974 0.99962
vn -0.02023 -0.01759 0.99964
vn -0.02028 -0.02216 0.99955
vn -0.02124 -0.02017 0.99957
vn -0.02081 -0.02438 0.99949
vn -0.02168 -0.02262 0.99951
vn -0.02118 -0.02627 0.99943
vn -0.02193 -0.02479 0.99945
vn -0.02142 -0.02763 0.99939
vn -0.02195 -0.02662 0.99940
vn -0.02199 -0.02770 0.99937
vn -0.02175 -0.02784 0.99938
vn -0.02192 -0.02633 0.99941
vn -0.02162 -0.02741 0.99939
vn -0.02081 -0.02458 0.99948
vn -0.02032 -0.02615 0.99945
vn -0.01941 -0.02228 0.99956
vn -0.01875 -0.02430 0.99953
vn -0.01778 -0.01953 0.99965
vn -0.01697 -0.02192 0.99962
vn -0.01597 -0.01644 0.99974
vn -0.01505 -0.01910 0.99970
vn -0.01514 -0.01347 0.99979
vn -0.01401 -0.01572 0.99978
vn -0.01373 -0.01187 0.99984
vn -0.01335 -0.01327 0.99982
vn -0.01229 -0.01051 0.99987
vn -0.01202 -0.01173 0.99986
vn -0.01090 -0.00941 0.99990
vn -0.01072 -0.01042 0.99989
vn -0.00864 -0.00835 0.99993
vn -0.00870 -0.00960 0.99992
vn -0.00319 -0.00761 0.99997
vn -0.00469 -0.00861 0.99995
vn 0.00043 -0.00721 0.99997
vn 0.00044 -0.00804 0.99997
vn 0.00153 -0.00689 0.99998
vn 0.00160 -0.00730 0.99997
vn 0.00175 -0.00656 0.99998
vn 0.00191 -0.00684 0.99997
vn 0.00141 -0.00624 0.99998
vn 0.00168 -0.00645 0.99998
vn 0.00057 -0.00590 0.99998
vn 0.00095 -0.00606 0.99998
vn -0.00108 -0.00547 0.99998
vn -0.00045 -0.00559 0.99998
vn -0.00380 -0.00491 0.99998
vn -0.00286 -0.00501 0.99998
vn -0.00753 -0.00414 0.99996
vn -0.00632 -0.00428 0.99997
vn -0.01198 -0.00313 0.99992
vn -0.01056 -0.00335 0.99994
vn -0.01686 -0.00188 0.99986
vn -0.01529 -0.00222 0.99988
vn -0.02185 -0.00046 0.99976
vn -0.02022 -0.00091 0.99980
vn -0.02668 0.00110 0.99964
vn -0.02507 0.00053 0.99969
vn -0.03110 0.00272 0.99951
vn -0.02958 0.00206 0.99956
vn -0.03489 0.00434 0.99938
vn -0.03353 0.00360 0.99943
vn -0.03788 0.00589 0.99926
vn -0.03673 0.00510 0.99931
vn -0.03996 0.00733 0.99917
vn -0.03905 0.00650 0.99922
vn -0.04104 0.00862 0.99912
vn -0.04041 0.00777 0.99915
vn -0.04112 0.00973 0.99911
vn -0.04076 0.00888 0.99913
vn -0.04024 0.01067 0.99913
vn -0.04014 0.00982 0.99915
vn -0.03853 0.01144 0.99919
vn -0.03865 0.01059 0.99920
vn -0.03614 0.01207 0.99927
vn -0.03644 0.01123 0.99927
vn -0.03331 0.01257 0.99937
vn -0.03372 0.01176 0.99936
vn -0.02718 0.01302 0.99955
vn -0.02855 0.01150 0.99953
vn -0.02043 0.01431 0.99969
vn -0.02163 0.01273 0.99968
vn -0.01621 0.01425 0.99977
vn -0.01630 0.01344 0.99978
vn -0.01507 0.01488 0.99978
vn -0.01493 0.01420 0.99979
vn -0.01483 0.01554 0.99977
vn -0.01451 0.01496 0.99978
vn -0.01519 0.01629 0.99975
vn -0.01476 0.01574 0.99977
vn -0.01587 0.01710 0.99973
vn -0.01537 0.01654 0.99974
vn -0.01663 0.01797 0.99970
vn -0.01612 0.01739 0.99972
vn -0.01731 0.01886 0.99967
vn -0.01683 0.01825 0.99969
vn -0.01773 0.01972 0.99965
vn -0.01733 0.01911 0.99967
vn -0.01779 0.02048 0.99963
vn -0.01751 0.01990 0.99965
vn -0.01737 0.02107 0.99963
vn -0.01727 0.02056 0.99964
vn -0.01642 0.02144 0.99964
vn -0.01652 0.02104 0.99964
vn -0.01493 0.02154 0.99966
vn -0.01525 0.02127 0.99966
vn -0.01291 0.02134 0.99969
vn -0.01345 0.02123 0.99968
vn -0.01043 0.02087 0.99973
vn -0.01118 0.02091 0.99972
vn -0.00760 0.02015 0.99977
vn -0.00851 0.02033 0.99976
vn -0.00455 0.01924 0.99980
vn -0.00556 0.01953 0.99979
vn -0.00144 0.01823 0.99983
vn -0.00249 0.01859 0.99982
vn 0.00152 0.01720 0.99985
vn 0.00051 0.01758 0.99985
vn 0.00413 0.01624 0.99986
vn 0.00325 0.01661 0.99986
vn 0.00620 0.01543 0.99986
vn 0.00551 0.01576 0.99986
vn 0.00754 0.01483 0.99986
vn 0.00710 0.01509 0.99986
vn 0.00831 0.01443 0.99986
vn 0.00805 0.01460 0.99986
vn 0.01089 0.01419 0.99984
vn 0.01006 0.01387 0.99985
vn 0.01455 0.01461 0.99979
vn 0.01371 0.01394 0.99981
vn 0.01827 0.01472 0.99972
vn 0.01780 0.01395 0.99974
vn 0.02166 0.01576 0.99964
vn 0.02134 0.01439 0.99967
vn 0.02531 0.01756 0.99953
vn 0.02531 0.01553 0.99956
vn 0.02881 0.02025 0.99938
vn 0.02926 0.01753 0.99942
vn 0.03186 0.02390 0.99921
vn 0.03284 0.02048 0.99925
vn 0.03429 0.02850 0.99901
vn 0.03582 0.02442 0.99906
vn 0.03599 0.03396 0.99877
vn 0.03805 0.02931 0.99885
vn 0.03696 0.04015 0.99851
vn 0.03949 0.03505 0.99861
vn 0.03724 0.04690 0.99821
vn 0.04015 0.04147 0.99833
vn 0.03696 0.05397 0.99786
vn 0.04012 0.04839 0.99802
vn 0.03625 0.06114 0.99747
vn 0.03953 0.05557 0.99767
vn 0.03527 0.06815 0.99705
vn 0.03854 0.06276 0.99728
vn 0.03420 0.07478 0.99661
vn 0.03731 0.06973 0.99687
vn 0.03317 0.08083 0.99618
vn 0.03602 0.07626 0.99644
vn 0.03232 0.08617 0.99576
vn 0.03481 0.08215 0.99601
vn 0.03169 0.09070 0.99537
vn 0.03378 0.08730 0.99561
vn 0.03130 0.09441 0.99504
vn 0.03299 0.09162 0.99525
vn 0.03108 0.09737 0.99476
vn 0.03242 0.09514 0.99494
vn 0.03050 0.10011 0.99451
vn 0.03197 0.09794 0.99468
vn 0.02859 0.10418 0.99415
vn 0.03109 0.10088 0.99441
vn 0.02685 0.10955 0.99362
vn 0.02923 0.10569 0.99397
vn 0.02583 0.11428 0.99311
vn 0.02821 0.11072 0.99345
vn 0.02512 0.11849 0.99264
vn 0.02707 0.11532 0.99296
vn 0.02423 0.12221 0.99221
vn 0.02610 0.11950 0.99249
vn 0.02284 0.12524 0.99186
vn 0.02458 0.12307 0.99209
vn 0.01943 0.12729 0.99168
vn 0.02115 0.12645 0.99175
vn 0.01733 0.12665 0.99180
vn 0.01747 0.12743 0.99169
vn 0.01544 0.12579 0.99194
vn 0.01544 0.12671 0.99182
vn 0.01380 0.12479 0.99209
vn 0.01368 0.12578 0.99196
vn 0.01240 0.12372 0.99224
vn 0.01220 0.12472 0.99212
vn 0.01121 0.12266 0.99238
vn 0.01098 0.12363 0.99227
vn 0.01023 0.12169 0.99252
vn 0.00999 0.12256 0.99241
vn 0.00943 0.12083 0.99263
vn 0.00920 0.12158 0.99254
vn 0.00877 0.12014 0.99272
vn 0.00859 0.12074 0.99265
vn 0.00823 0.11962 0.99279
vn 0.00810 0.12007 0.99273
vn 0.00780 0.11927 0.99283
vn 0.00773 0.11958 0.99279
vn 0.00745 0.11907 0.99286
vn 0.00743 0.11926 0.99284
vn 0.00718 0.11899 0.99287
vn 0.00719 0.11908 0.99286
vn 0.00697 0.11899 0.99287
vn 0.00700 0.11901 0.99287
vn 0.00683 0.11902 0.99287
vn 0.00686 0.11901 0.99287
vn 0.00701 0.11906 0.99286
vn 0.00696 0.11899 0.99287
vn 0.00803 0.11914 0.99284
vn 0.00773 0.11896 0.99287
vn 0.01000 0.11923 0.99282
vn 0.00951 0.11894 0.99286
vn 0.01264 0.11930 0.99278
vn 0.01203 0.11895 0.99283
vn 0.01562 0.11934 0.99273
vn 0.01496 0.11898 0.99278
vn 0.01873 0.11937 0.99267
vn 0.01806 0.11898 0.99273
vn 0.02233 0.11900 0.99264
vn 0.02122 0.11901 0.99267
vn 0.02551 0.11807 0.99268
vn 0.02460 0.11840 0.99266
vn 0.02777 0.11720 0.99272
vn 0.02693 0.11763 0.99269
vn 0.02950 0.11627 0.99278
vn 0.02876 0.11680 0.99274
vn 0.03064 0.11529 0.99286
vn 0.03002 0.11593 0.99280
vn 0.03115 0.11429 0.99296
vn 0.03066 0.11502 0.99289
vn 0.03106 0.11325 0.99308
vn 0.03068 0.11407 0.99300
vn 0.03041 0.11218 0.99322
vn 0.03013 0.11309 0.99313
vn 0.02928 0.11107 0.99338
vn 0.02907 0.11207 0.99328
vn 0.02779 0.10992 0.99355
vn 0.02763 0.11099 0.99344
vn 0.02613 0.10872 0.99373
vn 0.02597 0.10985 0.99361
vn 0.02451 0.10745 0.99391
vn 0.02428 0.10863 0.99379
vn 0.02320 0.10611 0.99408
vn 0.02284 0.10731 0.99396
vn 0.02250 0.10473 0.99425
vn 0.02195 0.10589 0.99414
vn 0.02275 0.10330 0.99439
vn 0.02193 0.10439 0.99429
vn 0.02377 0.10182 0.99452
vn 0.02279 0.10288 0.99443
vn 0.02497 0.10028 0.99465
vn 0.02402 0.10135 0.99456
vn 0.02604 0.09877 0.99477
vn 0.02515 0.09982 0.99469
vn 0.02695 0.09736 0.99488
vn 0.02614 0.09834 0.99481
vn 0.02774 0.09613 0.99498
vn 0.02702 0.09698 0.99492
vn 0.02841 0.09512 0.99506
vn 0.02782 0.09580 0.99501
vn 0.02902 0.09438 0.99511
vn 0.02856 0.09485 0.99508
vn 0.02959 0.09396 0.99514
vn 0.02927 0.09419 0.99512
vn 0.03290 0.09342 0.99508
vn 0.03152 0.09345 0.99512
vn 0.03622 0.09309 0.99500
vn 0.03535 0.09313 0.99503
vn 0.03828 0.09220 0.99500
vn 0.03776 0.09255 0.99499
vn 0.03943 0.09180 0.99500
vn 0.03898 0.09197 0.99500
vn 0.04077 0.09155 0.99497
vn 0.04033 0.09159 0.99498
vn 0.04231 0.09136 0.99492
vn 0.04186 0.09133 0.99494
vn 0.04408 0.09114 0.99486
vn 0.04357 0.09112 0.99489
vn 0.04607 0.09080 0.99480
vn 0.04545 0.09086 0.99483
vn 0.04823 0.09027 0.99475
vn 0.04749 0.09047 0.99477
vn 0.05047 0.08948 0.99471
vn 0.04962 0.08987 0.99472
vn 0.05267 0.08844 0.99469
vn 0.05173 0.08904 0.99468
vn 0.05464 0.08715 0.99470
vn 0.05367 0.08795 0.99468
vn 0.05616 0.08572 0.99474
vn 0.05524 0.08667 0.99470
vn 0.05723 0.08424 0.99480
vn 0.05637 0.08527 0.99476
vn 0.05806 0.08270 0.99488
vn 0.05720 0.08381 0.99484
vn 0.05886 0.08105 0.99497
vn 0.05794 0.08226 0.99493
vn 0.05972 0.07926 0.99506
vn 0.05871 0.08058 0.99502
vn 0.06069 0.07730 0.99516
vn 0.05958 0.07874 0.99511
vn 0.06179 0.07515 0.99526
vn 0.06057 0.07672 0.99521
vn 0.06302 0.07283 0.99535
vn 0.06169 0.07452 0.99531
vn 0.06436 0.07035 0.99544
vn 0.06294 0.07215 0.99541
vn 0.06579 0.06773 0.99553
vn 0.06429 0.06962 0.99550
vn 0.06728 0.06502 0.99561
vn 0.06573 0.06698 0.99559
vn 0.06777 0.06209 0.99577
vn 0.06642 0.06445 0.99571
vn 0.06660 0.05917 0.99602
vn 0.06598 0.06133 0.99593
vn 0.06648 0.05688 0.99617
vn 0.06499 0.05880 0.99615
vn 0.06775 0.05426 0.99623
vn 0.06631 0.05615 0.99622
vn 0.06886 0.05173 0.99628
vn 0.06750 0.05357 0.99628
vn 0.06979 0.04932 0.99634
vn 0.06853 0.05108 0.99634
vn 0.07052 0.04705 0.99640
vn 0.06936 0.04872 0.99640
vn 0.07104 0.04490 0.99646
vn 0.06999 0.04650 0.99646
vn 0.07135 0.04288 0.99653
vn 0.07040 0.04441 0.99653
vn 0.07149 0.04096 0.99660
vn 0.07062 0.04243 0.99660
vn 0.07187 0.03911 0.99665
vn 0.07092 0.04049 0.99666
vn 0.07330 0.03724 0.99661
vn 0.07198 0.03855 0.99666
vn 0.07606 0.03519 0.99648
vn 0.07438 0.03652 0.99656
vn 0.07978 0.03284 0.99627
vn 0.07781 0.03430 0.99638
vn 0.08399 0.03020 0.99601
vn 0.08183 0.03183 0.99614
vn 0.08823 0.02728 0.99573
vn 0.08599 0.02911 0.99587
vn 0.09211 0.02415 0.99546
vn 0.08991 0.02617 0.99561
vn 0.09529 0.02089 0.99523
vn 0.09322 0.02308 0.99538
vn 0.09746 0.01761 0.99508
vn 0.09563 0.01992 0.99522
vn 0.09905 0.01374 0.99499
vn 0.09690 0.01678 0.99515
vn 0.09905 0.00910 0.99504
vn 0.09739 0.01262 0.99517
vn 0.09675 0.00492 0.99530
vn 0.09559 0.00837 0.99539
vn 0.09295 0.00116 0.99567
vn 0.09229 0.00444 0.99572
vn 0.08742 -0.00227 0.99617
vn 0.08729 0.00101 0.99618
vn 0.07228 -0.00433 0.99737
vn 0.07616 -0.00121 0.99710
vn 0.05889 -0.00681 0.99824
vn 0.06022 -0.00374 0.99818
vn 0.04976 -0.00719 0.99874
vn 0.05101 -0.00593 0.99868
vn 0.04202 -0.00680 0.99909
vn 0.04392 -0.00630 0.99902
vn 0.03481 -0.00618 0.99937
vn 0.03662 -0.00591 0.99931
vn 0.02884 -0.00542 0.99957
vn 0.03037 -0.00539 0.99952
vn 0.02469 -0.00462 0.99968
vn 0.02574 -0.00478 0.99966
vn 0.02105 -0.00388 0.99977
vn 0.02216 -0.00400 0.99975
vn 0.01620 -0.00333 0.99986
vn 0.01776 -0.00324 0.99984
vn 0.00981 -0.00278 0.99995
vn 0.01165 -0.00253 0.99993
vn 0.00259 -0.00222 0.99999
vn 0.00453 -0.00189 0.99999
vn -0.00475 -0.00167 0.99999
vn -0.00287 -0.00132 1.00000
vn -0.01162 -0.00116 0.99993
vn -0.00992 -0.00082 0.99995
vn -0.01755 -0.00070 0.99985
vn -0.01613 -0.00042 0.99987
vn -0.02218 -0.00032 0.99975
vn -0.02112 -0.00011 0.99978
vn -0.02525 -0.00003 0.99968
vn -0.02461 0.00008 0.99970
vn -0.02658 0.00017 0.99965
vn -0.02639 0.00016 0.99965
vn -0.02611 0.00029 0.99966
vn -0.02636 0.00015 0.99965
vn -0.02383 0.00033 0.99972
vn -0.02452 0.00006 0.99970
vn -0.01985 0.00032 0.99980
vn -0.02094 -0.00009 0.99978
vn -0.01437 0.00025 0.99990
vn -0.01579 -0.00027 0.99988
vn -0.00778 0.00012 0.99997
vn -0.00943 -0.00047 0.99996
vn -0.00062 -0.00010 1.00000
vn -0.00237 -0.00068 1.00000
vn 0.00392 -0.00043 0.99999
vn 0.00305 -0.00049 1.00000
vn 0.00667 -0.00122 0.99998
vn 0.00615 -0.00121 0.99998
vn 0.01011 -0.00114 0.99995
vn 0.00887 -0.00139 0.99996
vn 0.01359 -0.00159 0.99991
vn 0.01284 -0.00160 0.99992
vn 0.01473 -0.00204 0.99989
vn 0.01455 -0.00183 0.99989
vn 0.01438 -0.00244 0.99989
vn 0.01441 -0.00212 0.99989
vn 0.01340 -0.00275 0.99991
vn 0.01352 -0.00241 0.99991
vn 0.01206 -0.00300 0.99992
vn 0.01229 -0.00268 0.99992
vn 0.01042 -0.00315 0.99994
vn 0.01076 -0.00287 0.99994
vn 0.00850 -0.00316 0.99996
vn 0.00895 -0.00296 0.99996
vn 0.00636 -0.00302 0.99998
vn 0.00693 -0.00292 0.99997
vn 0.00402 -0.00270 0.99999
vn 0.00471 -0.00272 0.99999
vn 0.00155 -0.00218 1.00000
vn 0.00235 -0.00234 0.99999
vn -0.00102 -0.00148 1.00000
vn -0.00011 -0.00177 1.00000
vn -0.00364 -0.00060 0.99999
vn -0.00265 -0.00102 1.00000
vn -0.00626 0.00043 0.99998
vn -0.00521 -0.00011 0.99999
vn -0.00884 0.00156 0.99996
vn -0.00776 0.00095 0.99997
vn -0.01135 0.00276 0.99993
vn -0.01026 0.00209 0.99995
vn -0.01375 0.00396 0.99990
vn -0.01268 0.00329 0.99991
vn -0.01602 0.00511 0.99986
vn -0.01501 0.00447 0.99988
vn -0.01817 0.00615 0.99982
vn -0.01723 0.00559 0.99984
vn -0.02020 0.00705 0.99977
vn -0.01935 0.00659 0.99979
vn -0.02217 0.00778 0.99972
vn -0.02141 0.00744 0.99974
vn -0.02365 0.00848 0.99968
vn -0.02302 0.00803 0.99970
vn -0.02306 0.00888 0.99969
vn -0.02345 0.00869 0.99969
vn -0.02303 0.00893 0.99969
vn -0.02265 0.00881 0.99970
vn -0.02330 0.00912 0.99969
vn -0.02326 0.00899 0.99969
vn -0.02250 0.00933 0.99970
vn -0.02272 0.00909 0.99970
vn -0.02080 0.00952 0.99974
vn -0.02118 0.00920 0.99973
vn -0.01858 0.00971 0.99978
vn -0.01904 0.00933 0.99978
vn -0.01617 0.00990 0.99982
vn -0.01664 0.00950 0.99982
vn -0.01396 0.01010 0.99985
vn -0.01433 0.00971 0.99985
vn -0.01228 0.01030 0.99987
vn -0.01250 0.00997 0.99987
vn -0.01136 0.01047 0.99988
vn -0.01140 0.01024 0.99988
vn -0.01126 0.01060 0.99988
vn -0.01113 0.01050 0.99988
vn -0.01202 0.01066 0.99987
vn -0.01173 0.01070 0.99987
vn -0.01363 0.01062 0.99985
vn -0.01320 0.01083 0.99985
vn -0.01601 0.01046 0.99982
vn -0.01547 0.01085 0.99982
vn -0.01905 0.01015 0.99977
vn -0.01843 0.01073 0.99977
vn -0.02257 0.00968 0.99970
vn -0.02194 0.01044 0.99970
vn -0.02636 0.00904 0.99961
vn -0.02577 0.00996 0.99962
vn -0.03016 0.00821 0.99951
vn -0.02968 0.00927 0.99952
vn -0.03367 0.00720 0.99941
vn -0.03337 0.00837 0.99941
vn -0.03653 0.00601 0.99931
vn -0.03650 0.00725 0.99931
vn -0.03836 0.00467 0.99925
vn -0.03868 0.00591 0.99923
vn -0.03887 0.00319 0.99924
vn -0.03958 0.00441 0.99921
vn -0.03849 0.00166 0.99926
vn -0.03934 0.00281 0.99922
vn -0.03262 -0.00018 0.99947
vn -0.03544 0.00047 0.99937
vn -0.02769 -0.00071 0.99962
vn -0.02894 -0.00057 0.99958
vn -0.02541 -0.00213 0.99967
vn -0.02596 -0.00145 0.99966
vn -0.02500 -0.00279 0.99968
vn -0.02538 -0.00236 0.99967
vn -0.02467 -0.00316 0.99969
vn -0.02491 -0.00294 0.99969
vn -0.02434 -0.00331 0.99970
vn -0.02449 -0.00325 0.99969
vn -0.02395 -0.00335 0.99971
vn -0.02407 -0.00337 0.99970
vn -0.02340 -0.00339 0.99972
vn -0.02356 -0.00341 0.99972
vn -0.02260 -0.00355 0.99974
vn -0.02289 -0.00349 0.99973
vn -0.02150 -0.00394 0.99976
vn -0.02196 -0.00372 0.99975
vn -0.02003 -0.00464 0.99979
vn -0.02072 -0.00421 0.99978
vn -0.01816 -0.00573 0.99982
vn -0.01912 -0.00504 0.99980
vn -0.01589 -0.00726 0.99985
vn -0.01713 -0.00627 0.99983
vn -0.01326 -0.00923 0.99987
vn -0.01478 -0.00793 0.99986
vn -0.01035 -0.01161 0.99988
vn -0.01211 -0.01003 0.99988
vn -0.00726 -0.01437 0.99987
vn -0.00921 -0.01252 0.99988
vn -0.00417 -0.01741 0.99984
vn -0.00623 -0.01536 0.99986
vn -0.00127 -0.02064 0.99979
vn -0.00335 -0.01843 0.99982
vn 0.00120 -0.02394 0.99971
vn -0.00078 -0.02165 0.99977
vn 0.00378 -0.02717 0.99962
vn 0.00174 -0.02499 0.99969
vn 0.00771 -0.03029 0.99951
vn 0.00520 -0.02829 0.99959
vn 0.01339 -0.03344 0.99935
vn 0.01050 -0.03158 0.99945
vn 0.02060 -0.03695 0.99910
vn 0.01717 -0.03488 0.99924
vn 0.02425 -0.03925 0.99894
vn 0.02281 -0.03784 0.99902
vn -0.04940 0.00335 0.99877
vn -0.04834 0.00201 0.99883
vn -0.04823 0.00446 0.99883
vn -0.04827 0.00322 0.99883
vn -0.04639 0.00567 0.99891
vn -0.04621 0.00431 0.99892
vn -0.04531 0.00711 0.99895
vn -0.04489 0.00570 0.99898
vn -0.04502 0.00873 0.99895
vn -0.04439 0.00733 0.99899
vn -0.04550 0.01048 0.99891
vn -0.04469 0.00914 0.99896
vn -0.04672 0.01228 0.99883
vn -0.04577 0.01105 0.99889
vn -0.04859 0.01408 0.99872
vn -0.04752 0.01299 0.99879
vn -0.05097 0.01582 0.99857
vn -0.04985 0.01489 0.99865
vn -0.05367 0.01744 0.99841
vn -0.05256 0.01668 0.99848
vn -0.05580 0.01895 0.99826
vn -0.05491 0.01808 0.99833
vn -0.04769 0.01953 0.99867
vn -0.05023 0.01703 0.99859
vn -0.04095 0.02302 0.99890
vn -0.04117 0.01999 0.99895
vn -0.03871 0.02187 0.99901
vn -0.03813 0.02182 0.99903
vn -0.04026 0.02188 0.99895
vn -0.04004 0.02225 0.99895
vn -0.04106 0.02116 0.99893
vn -0.04126 0.02199 0.99891
vn -0.04100 0.01965 0.99897
vn -0.04165 0.02096 0.99891
vn -0.03999 0.01729 0.99905
vn -0.04113 0.01910 0.99897
vn -0.03799 0.01410 0.99918
vn -0.03962 0.01639 0.99908
vn -0.03501 0.01011 0.99934
vn -0.03710 0.01285 0.99923
vn -0.03110 0.00541 0.99950
vn -0.03361 0.00854 0.99940
vn -0.02638 0.00012 0.99965
vn -0.02924 0.00355 0.99957
vn -0.02083 -0.00560 0.99977
vn -0.02400 -0.00201 0.99971
vn -0.01431 -0.01159 0.99983
vn -0.01780 -0.00797 0.99981
vn -0.00687 -0.01774 0.99982
vn -0.01058 -0.01417 0.99984
vn 0.00089 -0.02358 0.99972
vn -0.00265 -0.02044 0.99979
vn 0.00704 -0.02745 0.99960
vn 0.00482 -0.02588 0.99965
vn 0.01099 -0.02887 0.99952
vn 0.00981 -0.02853 0.99954
vn 0.01440 -0.02988 0.99945
vn 0.01344 -0.02974 0.99947
vn 0.01727 -0.03057 0.99938
vn 0.01654 -0.03059 0.99940
vn 0.01947 -0.03092 0.99933
vn 0.01900 -0.03109 0.99934
vn 0.02094 -0.03099 0.99930
vn 0.02072 -0.03124 0.99930
vn 0.02162 -0.03084 0.99929
vn 0.02163 -0.03110 0.99928
vn 0.02272 -0.03216 0.99922
vn 0.02170 -0.03077 0.99929
vn 0.02293 -0.03624 0.99908
vn 0.02178 -0.03289 0.99922
vn 0.02653 -0.03979 0.99886
vn 0.02451 -0.03866 0.99895
vn 0.03486 -0.04199 0.99851
vn 0.03044 -0.03982 0.99874
vn 0.03860 -0.04869 0.99807
vn 0.03790 -0.04509 0.99826
vn 0.03592 -0.05081 0.99806
vn 0.03558 -0.04894 0.99817
vn 0.03209 -0.05040 0.99821
vn 0.03301 -0.05005 0.99820
vn 0.02817 -0.05000 0.99835
vn 0.02909 -0.04963 0.99834
vn 0.02440 -0.04958 0.99847
vn 0.02526 -0.04926 0.99847
vn 0.02105 -0.04914 0.99857
vn 0.02181 -0.04892 0.99856
vn 0.01809 -0.04873 0.99865
vn 0.01877 -0.04851 0.99865
vn 0.01463 -0.04839 0.99872
vn 0.01552 -0.04804 0.99873
vn 0.01004 -0.04816 0.99879
vn 0.01118 -0.04758 0.99880
vn 0.00446 -0.04786 0.99884
vn 0.00577 -0.04718 0.99887
vn -0.00163 -0.04750 0.99887
vn -0.00024 -0.04679 0.99890
vn -0.00775 -0.04705 0.99886
vn -0.00638 -0.04642 0.99890
vn -0.01346 -0.04652 0.99883
vn -0.01218 -0.04603 0.99887
vn -0.01837 -0.04590 0.99878
vn -0.01725 -0.04562 0.99881
vn -0.02216 -0.04521 0.99873
vn -0.02126 -0.04517 0.99875
vn -0.02459 -0.04446 0.99871
vn -0.02396 -0.04469 0.99871
vn -0.02572 -0.04367 0.99871
vn -0.02534 -0.04411 0.99871
vn -0.02593 -0.04292 0.99874
vn -0.02567 -0.04348 0.99872
vn -0.02541 -0.04221 0.99879
vn -0.02531 -0.04284 0.99876
vn -0.02420 -0.04158 0.99884
vn -0.02428 -0.04224 0.99881
vn -0.02232 -0.04107 0.99891
vn -0.02258 -0.04172 0.99887
vn -0.01990 -0.04072 0.99897
vn -0.02032 -0.04131 0.99894
vn -0.00812 -0.04099 0.99913
vn -0.01174 -0.04283 0.99901
vn 0.00364 -0.03902 0.99923
vn 0.00166 -0.04132 0.99914
vn 0.01047 -0.04029 0.99913
vn 0.01001 -0.04064 0.99912
vn 0.01231 -0.04046 0.99911
vn 0.01194 -0.04056 0.99911
vn 0.01307 -0.04082 0.99908
vn 0.01290 -0.04061 0.99909
vn 0.01290 -0.04131 0.99906
vn 0.01286 -0.04093 0.99908
vn 0.01323 -0.04189 0.99903
vn 0.01280 -0.04146 0.99906
vn 0.01500 -0.04272 0.99897
vn 0.01410 -0.04225 0.99901
vn 0.01812 -0.04398 0.99887
vn 0.01681 -0.04337 0.99892
vn 0.02221 -0.04570 0.99871
vn 0.02057 -0.04487 0.99878
vn 0.02687 -0.04784 0.99849
vn 0.02498 -0.04676 0.99859
vn 0.03172 -0.05033 0.99823
vn 0.02968 -0.04900 0.99836
vn 0.03639 -0.05308 0.99793
vn 0.03433 -0.05154 0.99808
vn 0.04058 -0.05597 0.99761
vn 0.03859 -0.05426 0.99778
vn 0.04401 -0.05887 0.99730
vn 0.04219 -0.05706 0.99748
vn 0.04646 -0.06166 0.99702
vn 0.04492 -0.05981 0.99720
vn 0.04781 -0.06421 0.99679
vn 0.04661 -0.06241 0.99696
vn 0.04798 -0.06644 0.99664
vn 0.04716 -0.06475 0.99679
vn 0.04699 -0.06826 0.99656
vn 0.04658 -0.06674 0.99668
vn 0.04496 -0.06963 0.99656
vn 0.04494 -0.06834 0.99665
vn 0.04210 -0.07052 0.99662
vn 0.04242 -0.06950 0.99668
vn 0.03870 -0.07095 0.99673
vn 0.03930 -0.07023 0.99676
vn 0.03521 -0.07093 0.99686
vn 0.03596 -0.07054 0.99686
vn 0.03292 -0.07032 0.99698
vn 0.03356 -0.07069 0.99693
vn 0.03664 -0.06969 0.99690
vn 0.03511 -0.07052 0.99689
vn 0.04011 -0.06848 0.99685
vn 0.04023 -0.06983 0.99675
vn 0.04156 -0.06760 0.99685
vn 0.04183 -0.06848 0.99678
vn 0.04082 -0.06653 0.99695
vn 0.04170 -0.06730 0.99686
vn 0.03800 -0.06531 0.99714
vn 0.03938 -0.06597 0.99704
vn 0.03370 -0.06390 0.99739
vn 0.03541 -0.06453 0.99729
vn 0.02861 -0.06238 0.99764
vn 0.03048 -0.06301 0.99755
vn 0.02339 -0.06082 0.99787
vn 0.02525 -0.06147 0.99779
vn 0.01858 -0.05930 0.99807
vn 0.02028 -0.05996 0.99799
vn 0.01462 -0.05787 0.99822
vn 0.01605 -0.05855 0.99816
vn 0.01183 -0.05659 0.99833
vn 0.01291 -0.05728 0.99827
vn 0.01044 -0.05546 0.99841
vn 0.01111 -0.05617 0.99836
vn 0.01055 -0.05448 0.99846
vn 0.01079 -0.05522 0.99842
vn 0.01225 -0.05364 0.99849
vn 0.01205 -0.05442 0.99845
vn 0.07884 -0.11130 0.99065
vn 0.01502 -0.05375 0.99844
vn 0.05867 -0.19074 0.97989
vn 0.07410 -0.15537 0.98507
vn 0.00987 -0.09014 0.99588
vn 0.05597 -0.18396 0.98134
vn 0.00791 0.08385 0.99645
vn 0.05344 -0.01634 0.99844
vn -0.00173 0.06591 0.99782
vn 0.01633 0.09185 0.99564
vn 0.03694 -0.02853 0.99891
vn -0.01900 0.02963 0.99938
vn 0.05484 -0.04998 0.99724
vn 0.03972 -0.03844 0.99847
vn 0.05801 -0.04972 0.99708
vn 0.05761 -0.05010 0.99708
vn 0.05920 -0.04951 0.99702
vn 0.05919 -0.04974 0.99701
vn 0.06002 -0.04932 0.99698
vn 0.05987 -0.04951 0.99698
vn 0.06155 -0.04914 0.99689
vn 0.06110 -0.04933 0.99691
vn 0.06352 -0.04901 0.99678
vn 0.06301 -0.04918 0.99680
vn 0.06549 -0.04891 0.99665
vn 0.06499 -0.04906 0.99668
vn 0.06725 -0.04880 0.99654
vn 0.06682 -0.04894 0.99656
vn 0.06864 -0.04870 0.99645
vn 0.06833 -0.04881 0.99647
vn 0.06952 -0.04859 0.99640
vn 0.06938 -0.04869 0.99640
vn 0.06981 -0.04848 0.99638
vn 0.06985 -0.04856 0.99637
vn 0.06943 -0.04838 0.99641
vn 0.06968 -0.04844 0.99639
vn 0.11065 -0.07673 0.99089
vn 0.06884 -0.04833 0.99646
vn 0.13950 -0.15143 0.97857
vn 0.10903 -0.10387 0.98860
vn 0.08865 -0.18832 0.97810
vn 0.09599 -0.17175 0.98045
vn 0.00915 -0.15362 0.98809
vn 0.05455 -0.18449 0.98132
vn 0.01765 -0.06194 0.99792
vn 0.04507 -0.12543 0.99108
vn -0.00342 -0.00996 0.99994
vn 0.02940 -0.02598 0.99923
vn 0.05199 -0.04846 0.99747
vn 0.02096 -0.02933 0.99935
vn 0.04902 -0.04862 0.99761
vn 0.04993 -0.04854 0.99757
vn 0.04659 -0.04880 0.99772
vn 0.04728 -0.04871 0.99769
vn 0.04494 -0.04897 0.99779
vn 0.04534 -0.04888 0.99777
vn 0.04401 -0.04913 0.99782
vn 0.04418 -0.04905 0.99782
vn 0.04359 -0.04926 0.99783
vn 0.04362 -0.04919 0.99784
vn 0.03988 -0.04940 0.99798
vn 0.04182 -0.04941 0.99790
vn 0.03482 -0.04949 0.99817
vn 0.03644 -0.04947 0.99811
vn 0.03356 -0.04982 0.99819
vn 0.03340 -0.04968 0.99821
vn 0.03358 -0.05002 0.99818
vn 0.03347 -0.04990 0.99819
vn 0.03345 -0.05022 0.99818
vn 0.03341 -0.05010 0.99819
vn 0.03313 -0.05042 0.99818
vn 0.03317 -0.05031 0.99818
vn 0.03260 -0.05063 0.99819
vn 0.03272 -0.05052 0.99819
vn 0.03188 -0.05086 0.99820
vn 0.03206 -0.05074 0.99820
vn 0.03099 -0.05110 0.99821
vn 0.03123 -0.05098 0.99821
vn 0.02986 -0.05137 0.99823
vn 0.03020 -0.05125 0.99823
vn 0.02838 -0.05165 0.99826
vn 0.02887 -0.05153 0.99825
vn 0.02655 -0.05193 0.99830
vn 0.02718 -0.05183 0.99829
vn 0.02448 -0.05219 0.99834
vn 0.02521 -0.05211 0.99832
vn 0.02234 -0.05241 0.99838
vn 0.02311 -0.05236 0.99836
vn 0.02031 -0.05258 0.99841
vn 0.02105 -0.05257 0.99840
vn 0.01862 -0.05269 0.99844
vn 0.01923 -0.05270 0.99843
vn 0.01742 -0.05272 0.99846
vn 0.01786 -0.05276 0.99845
vn 0.01647 -0.05267 0.99848
vn 0.01691 -0.05275 0.99846
vn 0.01545 -0.05252 0.99850
vn 0.01599 -0.05265 0.99848
vn 0.01434 -0.05229 0.99853
vn 0.01497 -0.05248 0.99851
vn 0.01318 -0.05199 0.99856
vn 0.01388 -0.05221 0.99854
vn 0.01198 -0.05161 0.99860
vn 0.01275 -0.05187 0.99857
vn 0.00869 -0.05062 0.99868
vn 0.01141 -0.05150 0.99861
vn -0.00178 -0.05022 0.99874
vn 0.00353 -0.05049 0.99872
vn -0.00572 -0.05054 0.99871
vn -0.00501 -0.05074 0.99870
vn -0.00687 -0.05024 0.99871
vn -0.00616 -0.05045 0.99871
vn -0.00796 -0.04990 0.99872
vn -0.00726 -0.05013 0.99872
vn -0.00898 -0.04955 0.99873
vn -0.00830 -0.04979 0.99873
vn -0.00994 -0.04916 0.99874
vn -0.00927 -0.04941 0.99874
vn -0.01083 -0.04875 0.99875
vn -0.01017 -0.04901 0.99875
vn -0.01166 -0.04831 0.99876
vn -0.01101 -0.04858 0.99876
vn -0.01243 -0.04782 0.99878
vn -0.01178 -0.04811 0.99877
vn -0.01317 -0.04728 0.99879
vn -0.01249 -0.04760 0.99879
vn -0.01388 -0.04668 0.99881
vn -0.01318 -0.04703 0.99881
vn -0.01460 -0.04603 0.99883
vn -0.01385 -0.04640 0.99883
vn -0.01536 -0.04532 0.99885
vn -0.01456 -0.04572 0.99885
vn -0.01611 -0.04460 0.99888
vn -0.01533 -0.04499 0.99887
vn -0.01608 -0.04387 0.99891
vn -0.01581 -0.04423 0.99890
vn -0.01475 -0.04320 0.99896
vn -0.01515 -0.04347 0.99894
vn -0.01251 -0.04258 0.99901
vn -0.01335 -0.04278 0.99900
vn -0.00978 -0.04205 0.99907
vn -0.01087 -0.04217 0.99905
vn -0.00696 -0.04162 0.99911
vn -0.00813 -0.04169 0.99910
vn -0.00436 -0.04133 0.99914
vn -0.00547 -0.04134 0.99913
vn -0.00222 -0.04116 0.99915
vn -0.00315 -0.04113 0.99915
vn -0.00073 -0.04111 0.99915
vn -0.00139 -0.04105 0.99916
vn -0.00194 -0.04070 0.99917
vn -0.00033 -0.04110 0.99915
vn -0.01051 -0.04113 0.99910
vn -0.00602 -0.04096 0.99914
vn -0.01461 -0.04199 0.99901
vn -0.01373 -0.04192 0.99903
vn -0.01643 -0.04256 0.99896
vn -0.01573 -0.04237 0.99898
vn -0.01892 -0.04311 0.99889
vn -0.01787 -0.04296 0.99892
vn -0.02191 -0.04361 0.99881
vn -0.02058 -0.04351 0.99884
vn -0.02520 -0.04402 0.99871
vn -0.02369 -0.04398 0.99875
vn -0.02843 -0.04431 0.99861
vn -0.02693 -0.04433 0.99865
vn -0.03119 -0.04447 0.99852
vn -0.02988 -0.04454 0.99856
vn -0.03322 -0.04448 0.99846
vn -0.03224 -0.04458 0.99849
vn -0.03425 -0.04433 0.99843
vn -0.03374 -0.04446 0.99844
vn -0.03397 -0.04405 0.99845
vn -0.03411 -0.04418 0.99844
vn -0.03277 -0.04363 0.99851
vn -0.03317 -0.04381 0.99849
vn -0.03259 -0.04321 0.99853
vn -0.03223 -0.04339 0.99854
vn -0.03419 -0.04297 0.99849
vn -0.03300 -0.04312 0.99852
vn -0.03714 -0.04303 0.99838
vn -0.03543 -0.04309 0.99844
vn -0.04090 -0.04342 0.99822
vn -0.03898 -0.04337 0.99830
vn -0.04497 -0.04408 0.99802
vn -0.04307 -0.04393 0.99811
vn -0.04888 -0.04490 0.99779
vn -0.04720 -0.04469 0.99789
vn -0.05227 -0.04572 0.99759
vn -0.05089 -0.04551 0.99767
vn -0.05483 -0.04630 0.99742
vn -0.05381 -0.04619 0.99748
vn -0.05629 -0.04639 0.99734
vn -0.05563 -0.04647 0.99737
vn -0.05649 -0.04578 0.99735
vn -0.05617 -0.04613 0.99736
vn -0.05534 -0.04435 0.99748
vn -0.05533 -0.04501 0.99745
vn -0.05517 -0.04186 0.99760
vn -0.05325 -0.04306 0.99765
vn -0.05658 -0.03861 0.99765
vn -0.05456 -0.03996 0.99771
vn -0.05227 -0.03483 0.99803
vn -0.05287 -0.03640 0.99794
vn -0.04675 -0.03003 0.99846
vn -0.04731 -0.03189 0.99837
vn -0.04087 -0.02457 0.99886
vn -0.04123 -0.02666 0.99879
vn -0.03495 -0.01837 0.99922
vn -0.03482 -0.02078 0.99918
vn -0.03022 -0.01167 0.99948
vn -0.02905 -0.01423 0.99948
vn -0.02706 -0.00497 0.99962
vn -0.02489 -0.00752 0.99966
vn -0.02601 0.00146 0.99966
vn -0.02268 -0.00101 0.99974
vn -0.02707 0.00738 0.99961
vn -0.02284 0.00509 0.99973
vn -0.02935 0.01267 0.99949
vn -0.02481 0.01061 0.99964
vn -0.03188 0.01761 0.99934
vn -0.02748 0.01564 0.99950
vn -0.03424 0.02242 0.99916
vn -0.03005 0.02051 0.99934
vn -0.03626 0.02706 0.99898
vn -0.03240 0.02524 0.99916
vn -0.03777 0.03145 0.99879
vn -0.03438 0.02976 0.99897
vn -0.03867 0.03546 0.99862
vn -0.03588 0.03395 0.99878
vn -0.03889 0.03895 0.99848
vn -0.03682 0.03768 0.99861
vn -0.03840 0.04182 0.99839
vn -0.03714 0.04082 0.99848
vn -0.03724 0.04394 0.99834
vn -0.03682 0.04325 0.99839
vn -0.03551 0.04520 0.99835
vn -0.03592 0.04486 0.99835
vn -0.03334 0.04555 0.99841
vn -0.03453 0.04557 0.99836
vn -0.03097 0.04495 0.99851
vn -0.03280 0.04533 0.99843
vn -0.02861 0.04344 0.99865
vn -0.03093 0.04415 0.99855
vn -0.02652 0.04109 0.99880
vn -0.02912 0.04209 0.99869
vn -0.02489 0.03809 0.99896
vn -0.02757 0.03930 0.99885
vn -0.02288 0.03459 0.99914
vn -0.02638 0.03598 0.99900
vn -0.02068 0.03071 0.99931
vn -0.02392 0.03221 0.99919
vn -0.02089 0.02677 0.99942
vn -0.02293 0.02823 0.99934
vn -0.02177 0.02296 0.99950
vn -0.02332 0.02433 0.99943
vn -0.02328 0.01941 0.99954
vn -0.02432 0.02066 0.99949
vn -0.02504 0.01617 0.99956
vn -0.02581 0.01730 0.99952
vn -0.02644 0.01322 0.99956
vn -0.02735 0.01425 0.99952
vn -0.02692 0.01048 0.99958
vn -0.02833 0.01146 0.99953
vn -0.02657 0.00768 0.99962
vn -0.02848 0.00874 0.99956
vn -0.02592 0.00449 0.99965
vn -0.02819 0.00573 0.99959
vn -0.02534 0.00064 0.99968
vn -0.02790 0.00215 0.99961
vn -0.02508 -0.00398 0.99968
vn -0.02785 -0.00218 0.99961
vn -0.02537 -0.00937 0.99963
vn -0.02821 -0.00731 0.99958
vn -0.02626 -0.01536 0.99954
vn -0.02907 -0.01310 0.99949
vn -0.02770 -0.02173 0.99938
vn -0.03040 -0.01937 0.99935
vn -0.02957 -0.02822 0.99916
vn -0.03209 -0.02585 0.99915
vn -0.03179 -0.03459 0.99890
vn -0.03402 -0.03230 0.99890
vn -0.03445 -0.04066 0.99858
vn -0.03623 -0.03850 0.99860
vn -0.03727 -0.04625 0.99823
vn -0.03874 -0.04428 0.99827
vn -0.03968 -0.05114 0.99790
vn -0.04105 -0.04945 0.99793
vn -0.04146 -0.05519 0.99761
vn -0.04277 -0.05381 0.99763
vn -0.04252 -0.05840 0.99739
vn -0.04381 -0.05731 0.99739
vn -0.04292 -0.06087 0.99722
vn -0.04419 -0.06003 0.99722
vn -0.04280 -0.06277 0.99711
vn -0.04404 -0.06211 0.99710
vn -0.04233 -0.06426 0.99704
vn -0.04353 -0.06373 0.99702
vn -0.03982 -0.06564 0.99705
vn -0.04283 -0.06504 0.99696
vn -0.03064 -0.06651 0.99731
vn -0.03756 -0.06608 0.99711
vn -0.02290 -0.06766 0.99745
vn -0.02704 -0.06702 0.99739
vn -0.02259 -0.06865 0.99739
vn -0.02333 -0.06827 0.99739
vn -0.02265 -0.06956 0.99732
vn -0.02308 -0.06922 0.99733
vn -0.02292 -0.06967 0.99731
vn -0.02266 -0.06978 0.99731
vn -0.02275 -0.06582 0.99757
vn -0.02022 -0.06792 0.99749
vn -0.02822 -0.05971 0.99782
vn -0.02119 -0.06220 0.99784
vn -0.03424 -0.05355 0.99798
vn -0.02685 -0.05608 0.99806
vn -0.03742 -0.04761 0.99816
vn -0.03302 -0.04990 0.99821
vn -0.03771 -0.04473 0.99829
vn -0.03553 -0.04541 0.99834
vn -0.04004 -0.04443 0.99821
vn -0.03794 -0.04443 0.99829
vn -0.04382 -0.04429 0.99806
vn -0.04144 -0.04451 0.99815
vn -0.04731 -0.04343 0.99794
vn -0.04473 -0.04395 0.99803
vn -0.05015 -0.04168 0.99787
vn -0.04749 -0.04256 0.99796
vn -0.05198 -0.03896 0.99789
vn -0.04940 -0.04020 0.99797
vn -0.05252 -0.03528 0.99800
vn -0.05018 -0.03687 0.99806
vn -0.05157 -0.03080 0.99819
vn -0.04966 -0.03265 0.99823
vn -0.04910 -0.02578 0.99846
vn -0.04779 -0.02777 0.99847
vn -0.04539 -0.02081 0.99875
vn -0.04485 -0.02267 0.99874
vn -0.04107 -0.01695 0.99901
vn -0.04142 -0.01821 0.99898
vn -0.03705 -0.01460 0.99921
vn -0.03782 -0.01527 0.99917
vn -0.03396 -0.01308 0.99934
vn -0.03484 -0.01354 0.99930
vn -0.03138 -0.01211 0.99943
vn -0.03226 -0.01236 0.99940
vn -0.02952 -0.01165 0.99950
vn -0.03025 -0.01172 0.99947
vn -0.02871 -0.01166 0.99952
vn -0.02905 -0.01158 0.99951
vn -0.01694 -0.01114 0.99979
vn -0.02676 -0.01090 0.99958
vn -0.00008 -0.01268 0.99992
vn -0.00761 -0.01150 0.99990
vn -0.00165 -0.01353 0.99991
vn -0.00113 -0.01317 0.99991
vn -0.00385 -0.01487 0.99988
vn -0.00330 -0.01434 0.99989
vn -0.00650 -0.01668 0.99984
vn -0.00598 -0.01597 0.99985
vn -0.00951 -0.01897 0.99977
vn -0.00907 -0.01808 0.99980
vn -0.01278 -0.02170 0.99968
vn -0.01246 -0.02064 0.99971
vn -0.01617 -0.02482 0.99956
vn -0.01602 -0.02360 0.99959
vn -0.01954 -0.02824 0.99941
vn -0.01960 -0.02690 0.99945
vn -0.02277 -0.03187 0.99923
vn -0.02306 -0.03045 0.99927
vn -0.02570 -0.03561 0.99904
vn -0.02624 -0.03415 0.99907
vn -0.02822 -0.03935 0.99883
vn -0.02902 -0.03789 0.99886
vn -0.03023 -0.04302 0.99862
vn -0.03129 -0.04158 0.99865
vn -0.03167 -0.04653 0.99841
vn -0.03298 -0.04514 0.99844
vn -0.03251 -0.04983 0.99823
vn -0.03405 -0.04851 0.99824
vn -0.03276 -0.05287 0.99806
vn -0.03449 -0.05164 0.99807
vn -0.03246 -0.05565 0.99792
vn -0.03434 -0.05451 0.99792
vn -0.03173 -0.05817 0.99780
vn -0.03370 -0.05712 0.99780
vn -0.03071 -0.06046 0.99770
vn -0.03269 -0.05949 0.99769
vn -0.02959 -0.06254 0.99760
vn -0.03148 -0.06165 0.99760
vn -0.02860 -0.06445 0.99751
vn -0.03028 -0.06363 0.99751
vn -0.02800 -0.06623 0.99741
vn -0.02935 -0.06547 0.99742
vn -0.02771 -0.06791 0.99731
vn -0.02890 -0.06720 0.99732
vn -0.02698 -0.06951 0.99722
vn -0.02844 -0.06882 0.99722
vn -0.02249 -0.07144 0.99719
vn -0.02731 -0.07033 0.99715
vn -0.00208 -0.07178 0.99742
vn -0.01617 -0.07125 0.99733
vn 0.01550 -0.07293 0.99722
vn 0.00758 -0.07172 0.99740
vn 0.01827 -0.07339 0.99714
vn 0.01637 -0.07311 0.99719
vn 0.02108 -0.07374 0.99706
vn 0.01924 -0.07350 0.99711
vn 0.02384 -0.07401 0.99697
vn 0.02208 -0.07380 0.99703
vn 0.02648 -0.07426 0.99689
vn 0.02482 -0.07406 0.99694
vn 0.02890 -0.07449 0.99680
vn 0.02739 -0.07431 0.99686
vn 0.03100 -0.07470 0.99672
vn 0.02970 -0.07454 0.99678
vn 0.03275 -0.07486 0.99666
vn 0.03168 -0.07474 0.99670
vn 0.03410 -0.07496 0.99660
vn 0.03330 -0.07488 0.99664
vn 0.03505 -0.07498 0.99657
vn 0.03453 -0.07495 0.99659
vn 0.03562 -0.07493 0.99655
vn 0.03537 -0.07494 0.99656
vn 0.03942 -0.07005 0.99676
vn 0.04056 -0.07291 0.99651
vn 0.03961 -0.05640 0.99762
vn 0.04807 -0.06313 0.99685
vn 0.03229 -0.03857 0.99873
vn 0.04718 -0.04640 0.99781
vn 0.02462 -0.02030 0.99949
vn 0.03995 -0.02834 0.99880
vn 0.02195 -0.00240 0.99976
vn 0.03240 -0.00984 0.99943
vn 0.02885 0.00972 0.99954
vn 0.03093 0.00576 0.99950
vn 0.03488 0.01318 0.99930
vn 0.03539 0.01273 0.99929
vn 0.03489 0.01424 0.99929
vn 0.03561 0.01378 0.99927
vn 0.03408 0.01538 0.99930
vn 0.03531 0.01486 0.99927
vn 0.03264 0.01665 0.99933
vn 0.03427 0.01604 0.99928
vn 0.03091 0.01810 0.99936
vn 0.03278 0.01740 0.99931
vn 0.02917 0.01979 0.99938
vn 0.03116 0.01898 0.99933
vn 0.03909 0.02000 0.99904
vn 0.02966 0.02084 0.99934
vn 0.07049 0.02195 0.99727
vn 0.05551 0.02118 0.99823
vn 0.07608 0.02530 0.99678
vn 0.07665 0.02465 0.99675
vn 0.07569 0.02725 0.99676
vn 0.07700 0.02639 0.99668
vn 0.07585 0.02932 0.99669
vn 0.07691 0.02843 0.99663
vn 0.07653 0.03144 0.99657
vn 0.07733 0.03056 0.99654
vn 0.07768 0.03353 0.99641
vn 0.07820 0.03269 0.99640
vn 0.07920 0.03550 0.99623
vn 0.07945 0.03473 0.99623
vn 0.08100 0.03725 0.99602
vn 0.08098 0.03660 0.99604
vn 0.08296 0.03873 0.99580
vn 0.08270 0.03821 0.99584
vn 0.08496 0.03988 0.99559
vn 0.08449 0.03950 0.99564
vn 0.08687 0.04067 0.99539
vn 0.08626 0.04045 0.99545
vn 0.08859 0.04111 0.99522
vn 0.08789 0.04103 0.99528
vn 0.09002 0.04123 0.99509
vn 0.08931 0.04127 0.99515
vn 0.09108 0.04106 0.99500
vn 0.09043 0.04120 0.99505
vn 0.09171 0.04069 0.99495
vn 0.09119 0.04089 0.99499
vn 0.09180 0.04021 0.99497
vn 0.09154 0.04042 0.99498
vn 0.09108 0.03966 0.99505
vn 0.09128 0.03987 0.99503
vn 0.08948 0.03906 0.99522
vn 0.09013 0.03926 0.99516
vn 0.08724 0.03841 0.99545
vn 0.08820 0.03861 0.99535
vn 0.08461 0.03774 0.99570
vn 0.08574 0.03793 0.99559
vn 0.08181 0.03705 0.99596
vn 0.08302 0.03724 0.99585
vn 0.07907 0.03639 0.99620
vn 0.08024 0.03657 0.99610
vn 0.07654 0.03580 0.99642
vn 0.07760 0.03595 0.99634
vn 0.07389 0.03538 0.99664
vn 0.07528 0.03542 0.99653
vn 0.06466 0.03433 0.99732
vn 0.07075 0.03449 0.99690
vn 0.05483 0.03403 0.99792
vn 0.05862 0.03380 0.99771
vn 0.05410 0.03323 0.99798
vn 0.05397 0.03352 0.99798
vn 0.05402 0.03258 0.99801
vn 0.05361 0.03283 0.99802
vn 0.05456 0.03209 0.99799
vn 0.05389 0.03230 0.99802
vn 0.05565 0.03174 0.99795
vn 0.05476 0.03191 0.99799
vn 0.05719 0.03148 0.99787
vn 0.05611 0.03164 0.99792
vn 0.05906 0.03124 0.99777
vn 0.05781 0.03141 0.99783
vn 0.06112 0.03093 0.99765
vn 0.05973 0.03115 0.99773
vn 0.06321 0.03047 0.99753
vn 0.06174 0.03076 0.99762
vn 0.06476 0.03017 0.99744
vn 0.06351 0.03036 0.99752
vn -0.05396 -0.02275 0.99828
vn -0.05662 -0.01926 0.99821
vn -0.05080 -0.02668 0.99835
vn -0.05295 -0.02397 0.99831
vn -0.05046 -0.02753 0.99835
vn -0.05070 -0.02695 0.99835
vn -0.05121 -0.02794 0.99830
vn -0.05110 -0.02751 0.99831
vn -0.05296 -0.02795 0.99821
vn -0.05253 -0.02765 0.99824
vn -0.05557 -0.02758 0.99807
vn -0.05485 -0.02741 0.99812
vn -0.05885 -0.02687 0.99791
vn -0.05792 -0.02684 0.99796
vn -0.04958 -0.02687 0.99841
vn -0.05264 -0.02964 0.99817
vn -0.04111 -0.02186 0.99892
vn -0.04163 -0.02592 0.99880
vn -0.03822 -0.02293 0.99901
vn -0.03707 -0.02351 0.99904
vn -0.04127 -0.02140 0.99892
vn -0.04020 -0.02204 0.99895
vn -0.04390 -0.01985 0.99884
vn -0.04291 -0.02059 0.99887
vn -0.04605 -0.01828 0.99877
vn -0.04514 -0.01913 0.99880
vn -0.04766 -0.01669 0.99872
vn -0.04685 -0.01766 0.99875
vn -0.04866 -0.01509 0.99870
vn -0.04797 -0.01619 0.99872
vn -0.04895 -0.01351 0.99871
vn -0.04841 -0.01474 0.99872
vn -0.04840 -0.01197 0.99876
vn -0.04805 -0.01333 0.99876
vn -0.04686 -0.01051 0.99885
vn -0.04674 -0.01200 0.99884
vn -0.04432 -0.00918 0.99898
vn -0.04443 -0.01074 0.99895
vn -0.04104 -0.00807 0.99912
vn -0.04132 -0.00959 0.99910
vn -0.03726 -0.00727 0.99928
vn -0.03773 -0.00862 0.99925
vn -0.03305 -0.00691 0.99943
vn -0.03375 -0.00798 0.99940
vn -0.02840 -0.00711 0.99957
vn -0.02939 -0.00779 0.99954
vn -0.02333 -0.00800 0.99970
vn -0.02464 -0.00819 0.99966
vn -0.01790 -0.00963 0.99979
vn -0.01954 -0.00927 0.99977
vn -0.01224 -0.01202 0.99985
vn -0.01419 -0.01109 0.99984
vn -0.00654 -0.01511 0.99986
vn -0.00873 -0.01363 0.99987
vn -0.00108 -0.01875 0.99982
vn -0.00339 -0.01679 0.99985
vn 0.00266 -0.02223 0.99975
vn 0.00096 -0.02019 0.99980
vn 0.00451 -0.02527 0.99967
vn 0.00323 -0.02321 0.99973
vn 0.00555 -0.02815 0.99959
vn 0.00434 -0.02602 0.99965
vn 0.00955 -0.03036 0.99949
vn 0.00782 -0.02989 0.99952
vn 0.02232 -0.03226 0.99923
vn 0.01747 -0.03242 0.99932
vn 0.03101 -0.03438 0.99893
vn 0.02983 -0.03420 0.99897
vn 0.03239 -0.03700 0.99879
vn 0.03208 -0.03552 0.99885
vn 0.03062 -0.03815 0.99880
vn 0.03058 -0.03695 0.99885
vn 0.02837 -0.03885 0.99884
vn 0.02858 -0.03792 0.99887
vn 0.02580 -0.03914 0.99890
vn 0.02621 -0.03848 0.99892
vn 0.02312 -0.03910 0.99897
vn 0.02364 -0.03867 0.99897
vn 0.02051 -0.03886 0.99903
vn 0.02108 -0.03860 0.99903
vn 0.01767 -0.03853 0.99910
vn 0.01835 -0.03825 0.99910
vn 0.01393 -0.03822 0.99917
vn 0.01489 -0.03782 0.99917
vn 0.00912 -0.03781 0.99924
vn 0.01031 -0.03732 0.99925
vn 0.00357 -0.03724 0.99930
vn 0.00492 -0.03675 0.99931
vn -0.00228 -0.03656 0.99933
vn -0.00088 -0.03611 0.99935
vn -0.00804 -0.03580 0.99933
vn -0.00666 -0.03544 0.99935
vn -0.01329 -0.03499 0.99930
vn -0.01203 -0.03475 0.99932
vn -0.01770 -0.03418 0.99926
vn -0.01664 -0.03408 0.99928
vn -0.02101 -0.03342 0.99922
vn -0.02020 -0.03347 0.99924
vn -0.02302 -0.03273 0.99920
vn -0.02251 -0.03294 0.99920
vn -0.02395 -0.03215 0.99920
vn -0.02366 -0.03243 0.99919
vn -0.02420 -0.03173 0.99920
vn -0.02403 -0.03201 0.99920
vn -0.02400 -0.03141 0.99922
vn -0.02396 -0.03169 0.99921
vn -0.02335 -0.03118 0.99924
vn -0.02343 -0.03146 0.99923
vn -0.02228 -0.03102 0.99927
vn -0.02247 -0.03130 0.99926
vn -0.02088 -0.03091 0.99930
vn -0.02115 -0.03120 0.99929
vn -0.01087 -0.03086 0.99946
vn -0.01371 -0.03297 0.99936
vn 0.00150 -0.02887 0.99958
vn -0.00120 -0.03105 0.99952
vn 0.00859 -0.03048 0.99950
vn 0.00843 -0.03078 0.99949
vn 0.00931 -0.03036 0.99950
vn 0.00928 -0.03054 0.99949
vn 0.01011 -0.03152 0.99945
vn 0.00922 -0.03029 0.99950
vn 0.00986 -0.03494 0.99934
vn 0.00891 -0.03216 0.99944
vn 0.00782 -0.03873 0.99922
vn 0.00687 -0.03552 0.99935
vn 0.00568 -0.04234 0.99909
vn 0.00454 -0.03916 0.99922
vn 0.00419 -0.04607 0.99893
vn 0.00288 -0.04288 0.99908
vn 0.00383 -0.04983 0.99875
vn 0.00226 -0.04687 0.99890
vn 0.00527 -0.05262 0.99860
vn 0.00368 -0.05086 0.99870
vn 0.00610 -0.05352 0.99855
vn 0.00553 -0.05289 0.99859
vn 0.00716 -0.05476 0.99847
vn 0.00641 -0.05388 0.99853
vn 0.00836 -0.05635 0.99838
vn 0.00743 -0.05521 0.99845
vn 0.00962 -0.05831 0.99825
vn 0.00854 -0.05689 0.99834
vn 0.01088 -0.06062 0.99810
vn 0.00966 -0.05893 0.99822
vn 0.01209 -0.06325 0.99792
vn 0.01075 -0.06130 0.99806
vn 0.01320 -0.06613 0.99772
vn 0.01178 -0.06397 0.99788
vn 0.01418 -0.06918 0.99750
vn 0.01271 -0.06688 0.99768
vn 0.01502 -0.07231 0.99727
vn 0.01354 -0.06994 0.99746
vn 0.01574 -0.07542 0.99703
vn 0.01428 -0.07306 0.99723
vn 0.01637 -0.07841 0.99679
vn 0.01498 -0.07615 0.99698
vn 0.01703 -0.08118 0.99655
vn 0.01570 -0.07910 0.99674
vn 0.01783 -0.08369 0.99633
vn 0.01657 -0.08185 0.99651
vn 0.02435 -0.08620 0.99598
vn 0.02123 -0.08533 0.99613
vn 0.03095 -0.08699 0.99573
vn 0.02902 -0.08683 0.99580
vn 0.03572 -0.08917 0.99538
vn 0.03442 -0.08828 0.99550
vn 0.03860 -0.09045 0.99515
vn 0.03742 -0.08984 0.99525
vn 0.04127 -0.09127 0.99497
vn 0.04040 -0.09103 0.99503
vn 0.04345 -0.09136 0.99487
vn 0.04301 -0.09164 0.99486
vn 0.04507 -0.09060 0.99487
vn 0.04513 -0.09149 0.99478
vn 0.04610 -0.08891 0.99497
vn 0.04670 -0.09046 0.99480
vn 0.04658 -0.08628 0.99518
vn 0.04773 -0.08849 0.99493
vn 0.04660 -0.08279 0.99548
vn 0.04824 -0.08561 0.99516
vn 0.04626 -0.07854 0.99584
vn 0.04832 -0.08188 0.99547
vn 0.04567 -0.07370 0.99623
vn 0.04806 -0.07745 0.99584
vn 0.04495 -0.06848 0.99664
vn 0.04755 -0.07248 0.99624
vn 0.04421 -0.06311 0.99703
vn 0.04690 -0.06719 0.99664
vn 0.04367 -0.05781 0.99737
vn 0.04628 -0.06183 0.99701
vn 0.04367 -0.05279 0.99765
vn 0.04599 -0.05661 0.99734
vn 0.04441 -0.04828 0.99785
vn 0.04633 -0.05174 0.99759
vn 0.04589 -0.04443 0.99796
vn 0.04733 -0.04742 0.99775
vn 0.04799 -0.04136 0.99799
vn 0.04892 -0.04378 0.99784
vn 0.05052 -0.03914 0.99796
vn 0.05098 -0.04094 0.99786
vn 0.05323 -0.03773 0.99787
vn 0.05327 -0.03891 0.99782
vn 0.05572 -0.03706 0.99776
vn 0.05548 -0.03768 0.99775
vn 0.05754 -0.03696 0.99766
vn 0.05724 -0.03712 0.99767
vn 0.05830 -0.03717 0.99761
vn 0.05815 -0.03706 0.99762
vn 0.05785 -0.03751 0.99762
vn 0.05791 -0.03721 0.99763
vn 0.05748 -0.03813 0.99762
vn 0.05721 -0.03764 0.99765
vn 0.05765 -0.03895 0.99758
vn 0.05708 -0.03831 0.99763
vn 0.05815 -0.04009 0.99750
vn 0.05739 -0.03924 0.99758
vn 0.05869 -0.04154 0.99741
vn 0.05776 -0.04048 0.99751
vn 0.05920 -0.04328 0.99731
vn 0.05812 -0.04202 0.99743
vn 0.05961 -0.04527 0.99719
vn 0.05841 -0.04384 0.99733
vn 0.05984 -0.04746 0.99708
vn 0.05859 -0.04589 0.99723
vn 0.05985 -0.04979 0.99696
vn 0.05858 -0.04814 0.99712
vn 0.10484 -0.08103 0.99118
vn 0.05836 -0.05050 0.99702
vn 0.13793 -0.15819 0.97773
vn 0.10208 -0.10828 0.98887
vn 0.08006 -0.19539 0.97745
vn 0.09005 -0.17882 0.97975
vn -0.03134 -0.14260 0.98928
vn 0.04113 -0.18951 0.98102
vn -0.02010 -0.06022 0.99798
vn -0.02214 -0.10128 0.99461
vn 0.05398 -0.06302 0.99655
vn 0.05349 -0.06183 0.99665
vn 0.05216 -0.06460 0.99655
vn 0.05187 -0.06359 0.99663
vn 0.05025 -0.06589 0.99656
vn 0.05016 -0.06508 0.99662
vn 0.04834 -0.06688 0.99659
vn 0.04841 -0.06628 0.99663
vn 0.04654 -0.06761 0.99663
vn 0.04672 -0.06718 0.99665
vn 0.04496 -0.06812 0.99666
vn 0.04519 -0.06783 0.99667
vn 0.04378 -0.06849 0.99669
vn 0.04393 -0.06828 0.99670
vn 0.04330 -0.06876 0.99669
vn 0.04323 -0.06861 0.99671
vn 0.04355 -0.06890 0.99667
vn 0.04331 -0.06883 0.99669
vn 0.04434 -0.06886 0.99664
vn 0.04402 -0.06889 0.99665
vn 0.03871 -0.06888 0.99687
vn 0.04201 -0.06901 0.99673
vn 0.03519 -0.06835 0.99704
vn 0.03574 -0.06876 0.99699
vn 0.03608 -0.06786 0.99704
vn 0.03594 -0.06817 0.99703
vn 0.03714 -0.06714 0.99705
vn 0.03718 -0.06757 0.99702
vn 0.03794 -0.06624 0.99708
vn 0.03820 -0.06678 0.99704
vn 0.03841 -0.06520 0.99713
vn 0.03890 -0.06582 0.99707
vn 0.03850 -0.06405 0.99720
vn 0.03920 -0.06474 0.99713
vn 0.03819 -0.06285 0.99729
vn 0.03909 -0.06357 0.99721
vn 0.03748 -0.06165 0.99739
vn 0.03855 -0.06238 0.99731
vn 0.03631 -0.06049 0.99751
vn 0.03755 -0.06120 0.99742
vn 0.03467 -0.05943 0.99763
vn 0.03606 -0.06009 0.99754
vn 0.03265 -0.05849 0.99775
vn 0.03412 -0.05909 0.99767
vn 0.03037 -0.05768 0.99787
vn 0.03186 -0.05821 0.99780
vn 0.02800 -0.05700 0.99798
vn 0.02944 -0.05746 0.99791
vn 0.02574 -0.05646 0.99807
vn 0.02704 -0.05684 0.99802
vn 0.02383 -0.05601 0.99815
vn 0.02489 -0.05633 0.99810
vn 0.02256 -0.05563 0.99820
vn 0.02328 -0.05589 0.99817
vn 0.02199 -0.05524 0.99823
vn 0.02242 -0.05549 0.99821
vn 0.02145 -0.05483 0.99827
vn 0.02198 -0.05508 0.99824
vn 0.02063 -0.05443 0.99830
vn 0.02128 -0.05468 0.99828
vn 0.01956 -0.05407 0.99835
vn 0.02029 -0.05430 0.99832
vn 0.01832 -0.05378 0.99838
vn 0.01909 -0.05398 0.99836
vn 0.01701 -0.05355 0.99842
vn 0.01776 -0.05372 0.99840
vn 0.01353 -0.05269 0.99852
vn 0.01640 -0.05352 0.99843
vn 0.00109 -0.05274 0.99861
vn 0.00732 -0.05277 0.99858
vn -0.00367 -0.05356 0.99856
vn -0.00309 -0.05356 0.99856
vn -0.00473 -0.05374 0.99854
vn -0.00435 -0.05369 0.99855
vn -0.00558 -0.05389 0.99853
vn -0.00529 -0.05385 0.99853
vn -0.00621 -0.05399 0.99852
vn -0.00600 -0.05398 0.99852
vn -0.00660 -0.05402 0.99852
vn -0.00646 -0.05403 0.99852
vn -0.00676 -0.05395 0.99852
vn -0.00667 -0.05400 0.99852
vn -0.00672 -0.05377 0.99853
vn -0.00665 -0.05387 0.99853
vn -0.00650 -0.05346 0.99855
vn -0.00644 -0.05362 0.99854
vn -0.00619 -0.05304 0.99857
vn -0.00609 -0.05325 0.99856
vn -0.00586 -0.05251 0.99860
vn -0.00569 -0.05277 0.99859
vn -0.00562 -0.05188 0.99864
vn -0.00534 -0.05219 0.99862
vn -0.00562 -0.05118 0.99867
vn -0.00516 -0.05153 0.99866
vn -0.00601 -0.05043 0.99871
vn -0.00530 -0.05082 0.99869
vn -0.00664 -0.04969 0.99874
vn -0.00588 -0.05007 0.99873
vn -0.00672 -0.04898 0.99878
vn -0.00635 -0.04933 0.99876
vn -0.00596 -0.04831 0.99881
vn -0.00601 -0.04860 0.99880
vn -0.00467 -0.04768 0.99885
vn -0.00499 -0.04793 0.99884
vn -0.00312 -0.04708 0.99889
vn -0.00357 -0.04730 0.99887
vn -0.00156 -0.04651 0.99892
vn -0.00201 -0.04671 0.99891
vn -0.00017 -0.04594 0.99894
vn -0.00052 -0.04615 0.99893
vn 0.00090 -0.04536 0.99897
vn 0.00074 -0.04559 0.99896
vn 0.00154 -0.04475 0.99900
vn 0.00163 -0.04501 0.99899
vn -0.00075 -0.04356 0.99905
vn 0.00207 -0.04441 0.99901
vn -0.01149 -0.04310 0.99900
vn -0.00522 -0.04342 0.99904
vn -0.01617 -0.04245 0.99897
vn -0.01423 -0.04323 0.99896
vn -0.01801 -0.04104 0.99900
vn -0.01612 -0.04178 0.99900
vn -0.02026 -0.03959 0.99901
vn -0.01813 -0.04036 0.99902
vn -0.02282 -0.03812 0.99901
vn -0.02052 -0.03891 0.99903
vn -0.02549 -0.03664 0.99900
vn -0.02317 -0.03743 0.99903
vn -0.02751 -0.03534 0.99900
vn -0.02583 -0.03598 0.99902
vn -0.02898 -0.03464 0.99898
vn -0.02766 -0.03497 0.99901
vn -0.03027 -0.03416 0.99896
vn -0.02935 -0.03443 0.99898
vn -0.03076 -0.03377 0.99896
vn -0.03035 -0.03395 0.99896
vn -0.03026 -0.03348 0.99898
vn -0.03048 -0.03357 0.99897
vn -0.02883 -0.03327 0.99903
vn -0.02956 -0.03331 0.99901
vn -0.02800 -0.03316 0.99906
vn -0.02816 -0.03318 0.99905
vn -0.02934 -0.03309 0.99902
vn -0.02831 -0.03316 0.99905
vn -0.03239 -0.03307 0.99893
vn -0.03048 -0.03319 0.99898
vn -0.03640 -0.03302 0.99879
vn -0.03398 -0.03319 0.99887
vn -0.04073 -0.03284 0.99863
vn -0.03811 -0.03308 0.99873
vn -0.04480 -0.03244 0.99847
vn -0.04224 -0.03277 0.99857
vn -0.04817 -0.03174 0.99833
vn -0.04587 -0.03218 0.99843
vn -0.05047 -0.03067 0.99825
vn -0.04861 -0.03123 0.99833
vn -0.05145 -0.02919 0.99825
vn -0.05014 -0.02987 0.99830
vn -0.05096 -0.02729 0.99833
vn -0.05028 -0.02809 0.99834
vn -0.04893 -0.02498 0.99849
vn -0.04894 -0.02589 0.99847
vn -0.04541 -0.02233 0.99872
vn -0.04611 -0.02332 0.99866
vn -0.04292 -0.01920 0.99889
vn -0.04190 -0.02047 0.99891
vn -0.04387 -0.01639 0.99890
vn -0.04207 -0.01735 0.99896
vn -0.03925 -0.01385 0.99913
vn -0.04108 -0.01479 0.99905
vn -0.03211 -0.01131 0.99942
vn -0.03499 -0.01209 0.99931
vn -0.02491 -0.00908 0.99965
vn -0.02797 -0.00972 0.99956
vn -0.01808 -0.00725 0.99981
vn -0.02112 -0.00773 0.99975
vn -0.01207 -0.00592 0.99991
vn -0.01486 -0.00622 0.99987
vn -0.00731 -0.00512 0.99996
vn -0.00960 -0.00525 0.99994
vn -0.00420 -0.00486 0.99998
vn -0.00575 -0.00483 0.99997
vn -0.00305 -0.00507 0.99998
vn -0.00366 -0.00492 0.99998
vn -0.00323 -0.00564 0.99998
vn -0.00342 -0.00539 0.99998
vn -0.00317 -0.00642 0.99997
vn -0.00374 -0.00610 0.99997
vn -0.00242 -0.00729 0.99997
vn -0.00347 -0.00694 0.99997
vn -0.00112 -0.00820 0.99997
vn -0.00251 -0.00783 0.99997
vn 0.00054 -0.00914 0.99996
vn -0.00107 -0.00875 0.99996
vn 0.00237 -0.01012 0.99995
vn 0.00065 -0.00971 0.99995
vn 0.00413 -0.01120 0.99993
vn 0.00241 -0.01075 0.99994
vn 0.00561 -0.01245 0.99991
vn 0.00399 -0.01193 0.99992
vn 0.00661 -0.01395 0.99988
vn 0.00517 -0.01334 0.99990
vn 0.00696 -0.01578 0.99985
vn 0.00576 -0.01506 0.99987
vn 0.00650 -0.01801 0.99982
vn 0.00559 -0.01715 0.99984
vn 0.00515 -0.02067 0.99977
vn 0.00456 -0.01966 0.99980
vn 0.00287 -0.02376 0.99971
vn 0.00262 -0.02261 0.99974
vn -0.00031 -0.02727 0.99963
vn -0.00023 -0.02599 0.99966
vn -0.00429 -0.03112 0.99951
vn -0.00391 -0.02974 0.99955
vn -0.00889 -0.03520 0.99934
vn -0.00828 -0.03375 0.99940
vn -0.01381 -0.03939 0.99913
vn -0.01313 -0.03793 0.99919
vn -0.01891 -0.04368 0.99887
vn -0.01812 -0.04218 0.99895
vn -0.02394 -0.04780 0.99857
vn -0.02317 -0.04640 0.99865
vn -0.02860 -0.05153 0.99826
vn -0.02785 -0.05029 0.99835
vn -0.03276 -0.05477 0.99796
vn -0.03209 -0.05370 0.99804
vn -0.03598 -0.05756 0.99769
vn -0.03572 -0.05663 0.99776
vn -0.03784 -0.06007 0.99748
vn -0.03827 -0.05920 0.99751
vn -0.03674 -0.05916 0.99757
vn -0.03663 -0.06007 0.99752
vn -0.04023 -0.05603 0.99762
vn -0.03621 -0.05729 0.99770
vn -0.04400 -0.05272 0.99764
vn -0.03972 -0.05404 0.99775
vn -0.04474 -0.04944 0.99777
vn -0.04341 -0.05063 0.99777
vn -0.04274 -0.04880 0.99789
vn -0.04326 -0.04860 0.99788
vn -0.04233 -0.05017 0.99784
vn -0.04309 -0.04953 0.99784
vn -0.04259 -0.05168 0.99776
vn -0.04331 -0.05115 0.99775
vn -0.04262 -0.05282 0.99769
vn -0.04328 -0.05244 0.99769
vn -0.04241 -0.05354 0.99766
vn -0.04298 -0.05331 0.99765
vn -0.04198 -0.05381 0.99767
vn -0.04243 -0.05375 0.99765
vn -0.04134 -0.05365 0.99770
vn -0.04166 -0.05375 0.99769
vn -0.04054 -0.05307 0.99777
vn -0.04072 -0.05332 0.99775
vn -0.03967 -0.05214 0.99785
vn -0.03969 -0.05251 0.99783
vn -0.03877 -0.05094 0.99795
vn -0.03864 -0.05141 0.99793
vn -0.03795 -0.04956 0.99805
vn -0.03765 -0.05008 0.99804
vn -0.03726 -0.04808 0.99815
vn -0.03682 -0.04864 0.99814
vn -0.03676 -0.04661 0.99824
vn -0.03620 -0.04716 0.99823
vn -0.03648 -0.04523 0.99831
vn -0.03583 -0.04574 0.99831
vn -0.03246 -0.04436 0.99849
vn -0.03572 -0.04445 0.99837
vn -0.02198 -0.04326 0.99882
vn -0.02703 -0.04363 0.99868
vn -0.01952 -0.04215 0.99892
vn -0.01979 -0.04237 0.99891
vn -0.01964 -0.04145 0.99895
vn -0.01916 -0.04172 0.99895
vn -0.01993 -0.04082 0.99897
vn -0.01932 -0.04107 0.99897
vn -0.02071 -0.04011 0.99898
vn -0.01978 -0.04042 0.99899
vn -0.02176 -0.03925 0.99899
vn -0.02061 -0.03964 0.99900
vn -0.02284 -0.03818 0.99901
vn -0.02158 -0.03866 0.99902
vn -0.02381 -0.03693 0.99903
vn -0.02253 -0.03748 0.99904
vn -0.02460 -0.03556 0.99906
vn -0.02336 -0.03614 0.99907
vn -0.02520 -0.03416 0.99910
vn -0.02406 -0.03474 0.99911
vn -0.02566 -0.03285 0.99913
vn -0.02465 -0.03338 0.99914
vn -0.02604 -0.03178 0.99916
vn -0.02520 -0.03220 0.99916
vn -0.02643 -0.03105 0.99917
vn -0.02578 -0.03131 0.99918
vn -0.02689 -0.03076 0.99916
vn -0.02644 -0.03084 0.99917
vn -0.02751 -0.03100 0.99914
vn -0.02726 -0.03086 0.99915
vn -0.02832 -0.03177 0.99909
vn -0.02828 -0.03142 0.99911
vn -0.02936 -0.03308 0.99902
vn -0.02949 -0.03252 0.99904
vn -0.03059 -0.03488 0.99892
vn -0.03090 -0.03413 0.99894
vn -0.03199 -0.03708 0.99880
vn -0.03244 -0.03618 0.99882
vn -0.03348 -0.03957 0.99866
vn -0.03406 -0.03857 0.99868
vn -0.03494 -0.04221 0.99850
vn -0.03564 -0.04115 0.99852
vn -0.03626 -0.04486 0.99834
vn -0.03707 -0.04381 0.99835
vn -0.03733 -0.04738 0.99818
vn -0.03821 -0.04639 0.99819
vn -0.03827 -0.04967 0.99803
vn -0.03905 -0.04878 0.99805
vn -0.02768 -0.05117 0.99831
vn -0.03801 -0.05010 0.99802
vn -0.01009 -0.05367 0.99851
vn -0.01869 -0.05226 0.99846
vn -0.01229 -0.05497 0.99841
vn -0.01146 -0.05439 0.99845
vn -0.01582 -0.05675 0.99826
vn -0.01478 -0.05610 0.99832
vn -0.01963 -0.05882 0.99808
vn -0.01862 -0.05805 0.99814
vn -0.02354 -0.06123 0.99785
vn -0.02267 -0.06033 0.99792
vn -0.02742 -0.06386 0.99758
vn -0.02673 -0.06288 0.99766
vn -0.03107 -0.06655 0.99730
vn -0.03057 -0.06556 0.99738
vn -0.03432 -0.06916 0.99702
vn -0.03402 -0.06820 0.99709
vn -0.03703 -0.07153 0.99675
vn -0.03692 -0.07066 0.99682
vn -0.03756 -0.07147 0.99674
vn -0.03711 -0.07197 0.99672
vn -0.03642 -0.06375 0.99730
vn -0.03211 -0.06810 0.99716
vn -0.04294 -0.05119 0.99777
vn -0.03178 -0.05676 0.99788
vn -0.04892 -0.03807 0.99808
vn -0.03775 -0.04385 0.99832
vn -0.05161 -0.02490 0.99836
vn -0.04325 -0.03044 0.99860
vn -0.04586 -0.01509 0.99883
vn -0.04500 -0.01838 0.99882
vn -0.03930 -0.01268 0.99915
vn -0.03988 -0.01269 0.99912
vn -0.03816 -0.01260 0.99919
vn -0.03878 -0.01259 0.99917
vn -0.03710 -0.01264 0.99923
vn -0.03773 -0.01257 0.99921
vn -0.03623 -0.01288 0.99926
vn -0.03685 -0.01272 0.99924
vn -0.03562 -0.01331 0.99928
vn -0.03620 -0.01309 0.99926
vn -0.03524 -0.01391 0.99928
vn -0.03578 -0.01363 0.99927
vn -0.03473 -0.01454 0.99929
vn -0.03546 -0.01425 0.99927
vn -0.03338 -0.01508 0.99933
vn -0.03459 -0.01482 0.99929
vn -0.02599 -0.01621 0.99953
vn -0.03272 -0.01524 0.99935
vn 0.00171 -0.01508 0.99988
vn -0.01538 -0.01516 0.99977
vn 0.02190 -0.01417 0.99966
vn 0.01402 -0.01365 0.99981
vn 0.02626 -0.01268 0.99957
vn 0.02460 -0.01318 0.99961
vn 0.03072 -0.01098 0.99947
vn 0.02916 -0.01156 0.99951
vn 0.03509 -0.00908 0.99934
vn 0.03371 -0.00974 0.99938
vn 0.03920 -0.00703 0.99921
vn 0.03807 -0.00776 0.99924
vn 0.04289 -0.00490 0.99907
vn 0.04207 -0.00567 0.99910
vn 0.04605 -0.00273 0.99894
vn 0.04558 -0.00353 0.99895
vn 0.04857 -0.00057 0.99882
vn 0.04846 -0.00139 0.99882
vn 0.05038 0.00152 0.99873
vn 0.05065 0.00071 0.99872
vn 0.05146 0.00350 0.99867
vn 0.05209 0.00271 0.99864
vn 0.05184 0.00534 0.99864
vn 0.05279 0.00459 0.99860
vn 0.05157 0.00701 0.99864
vn 0.05278 0.00631 0.99859
vn 0.05077 0.00852 0.99867
vn 0.05217 0.00787 0.99861
vn 0.04959 0.00986 0.99872
vn 0.05109 0.00927 0.99865
vn 0.04826 0.01105 0.99877
vn 0.04973 0.01051 0.99871
vn 0.04703 0.01210 0.99882
vn 0.04833 0.01162 0.99876
vn 0.04624 0.01306 0.99885
vn 0.04720 0.01264 0.99881
vn 0.04614 0.01397 0.99884
vn 0.04665 0.01358 0.99882
vn 0.04648 0.01486 0.99881
vn 0.04682 0.01449 0.99880
vn 0.04675 0.01578 0.99878
vn 0.04715 0.01540 0.99877
vn 0.04694 0.01671 0.99876
vn 0.04739 0.01632 0.99874
vn 0.04713 0.01766 0.99873
vn 0.04758 0.01726 0.99872
vn 0.04735 0.01861 0.99871
vn 0.04777 0.01821 0.99869
vn 0.06032 0.01882 0.99800
vn 0.04912 0.01961 0.99860
vn 0.08764 0.01878 0.99598
vn 0.07488 0.01914 0.99701
vn 0.09054 0.02006 0.99569
vn 0.09055 0.02001 0.99569
vn 0.09075 0.02021 0.99567
vn 0.09071 0.02016 0.99567
vn 0.09102 0.02035 0.99564
vn 0.09094 0.02030 0.99565
vn 0.09138 0.02046 0.99561
vn 0.09123 0.02043 0.99562
vn 0.09186 0.02055 0.99556
vn 0.09162 0.02053 0.99558
vn 0.09248 0.02059 0.99550
vn 0.09214 0.02060 0.99553
vn 0.09322 0.02058 0.99543
vn 0.09279 0.02062 0.99547
vn 0.09403 0.02054 0.99536
vn 0.09354 0.02059 0.99540
vn 0.09487 0.02048 0.99528
vn 0.09435 0.02054 0.99533
vn 0.09572 0.02042 0.99520
vn 0.09520 0.02048 0.99525
vn 0.09653 0.02037 0.99512
vn 0.09604 0.02043 0.99517
vn 0.09727 0.02033 0.99505
vn 0.09683 0.02038 0.99509
vn 0.09788 0.02028 0.99499
vn 0.09752 0.02032 0.99503
vn 0.09832 0.02024 0.99495
vn 0.09806 0.02027 0.99497
vn 0.09840 0.02022 0.99494
vn 0.09841 0.02022 0.99494
vn 0.09763 0.02022 0.99502
vn 0.09819 0.02019 0.99496
vn 0.09590 0.02024 0.99518
vn 0.09699 0.02017 0.99508
vn 0.09350 0.02023 0.99541
vn 0.09493 0.02015 0.99528
vn 0.09067 0.02019 0.99568
vn 0.09230 0.02011 0.99553
vn 0.08890 0.02176 0.99580
vn 0.09098 0.02070 0.99564
vn 0.08590 0.02621 0.99596
vn 0.09037 0.02389 0.99562
vn 0.08044 0.03154 0.99626
vn 0.08667 0.02914 0.99581
vn 0.07356 0.03649 0.99662
vn 0.08105 0.03410 0.99613
vn 0.05829 0.03966 0.99751
vn 0.06980 0.03810 0.99683
vn 0.04856 0.04147 0.99796
vn 0.05282 0.04055 0.99778
vn 0.04900 0.04017 0.99799
vn 0.04852 0.04099 0.99798
vn 0.04825 0.03813 0.99811
vn 0.04740 0.03896 0.99812
vn 0.04818 0.03617 0.99818
vn 0.04698 0.03699 0.99821
vn 0.04873 0.03431 0.99822
vn 0.04724 0.03510 0.99827
vn 0.05029 0.03350 0.99817
vn 0.04836 0.03379 0.99826
vn 0.13594 -0.03112 0.99023
vn 0.07750 -0.04805 0.99583
vn 0.15606 -0.06122 0.98585
vn 0.13188 -0.05036 0.98999
vn 0.11999 -0.09747 0.98798
vn 0.13650 -0.08888 0.98664
vn 0.05524 -0.09935 0.99352
vn 0.10786 -0.09471 0.98964
vn 0.01454 -0.05659 0.99829
vn 0.05205 -0.06825 0.99631
vn 0.03035 -0.01022 0.99949
vn 0.03602 -0.01872 0.99918
vn 0.04691 0.00296 0.99889
vn 0.04443 0.00296 0.99901
vn 0.04863 0.00138 0.99882
vn 0.04670 0.00155 0.99891
vn 0.04941 -0.00041 0.99878
vn 0.04814 -0.00009 0.99884
vn 0.04920 -0.00222 0.99879
vn 0.04870 -0.00181 0.99881
vn 0.04800 -0.00392 0.99884
vn 0.04831 -0.00343 0.99883
vn 0.04591 -0.00567 0.99893
vn 0.04683 -0.00504 0.99889
vn 0.04319 -0.00784 0.99904
vn 0.04442 -0.00698 0.99899
vn 0.04023 -0.01069 0.99913
vn 0.04125 -0.00966 0.99910
vn 0.03703 -0.01459 0.99921
vn 0.03796 -0.01320 0.99919
vn 0.03316 -0.01896 0.99927
vn 0.03444 -0.01752 0.99925
vn 0.02808 -0.02379 0.99932
vn 0.03000 -0.02209 0.99931
vn 0.02278 -0.02885 0.99932
vn 0.02475 -0.02710 0.99933
vn 0.01751 -0.03388 0.99927
vn 0.01944 -0.03216 0.99929
vn 0.01252 -0.03865 0.99917
vn 0.01431 -0.03705 0.99921
vn 0.00790 -0.04356 0.99902
vn 0.00924 -0.04192 0.99908
vn 0.00423 -0.05070 0.99870
vn 0.00356 -0.04845 0.99882
vn 0.00335 -0.05788 0.99832
vn 0.00148 -0.05614 0.99842
vn 0.01181 -0.01330 0.99984
vn 0.03075 -0.03039 0.99906
vn -0.04970 0.02828 0.99836
vn 0.01480 0.02794 0.99950
vn -0.10239 0.03621 0.99409
vn -0.06189 0.04523 0.99706
vn -0.11656 0.00635 0.99316
vn -0.12259 0.01872 0.99228
vn -0.07028 -0.05317 0.99611
vn -0.14202 -0.04391 0.98889
vn 0.08624 -0.05536 0.99474
vn -0.03790 -0.08171 0.99594
vn 0.13807 -0.09888 0.98547
vn 0.09688 -0.08588 0.99158
vn 0.10506 -0.15143 0.98287
vn 0.11407 -0.13977 0.98359
vn 0.02793 -0.16543 0.98583
vn 0.08717 -0.15705 0.98374
vn -0.03182 -0.12249 0.99196
vn 0.01902 -0.13392 0.99081
vn -0.02329 -0.06418 0.99767
vn -0.01013 -0.07554 0.99709
vn -0.00588 -0.04157 0.99912
vn -0.00420 -0.04234 0.99909
vn -0.00589 -0.03809 0.99926
vn -0.00445 -0.03878 0.99924
vn -0.00578 -0.03522 0.99936
vn -0.00469 -0.03577 0.99935
vn -0.00556 -0.03320 0.99943
vn -0.00491 -0.03356 0.99942
vn -0.00518 -0.03180 0.99948
vn -0.00485 -0.03208 0.99947
vn -0.00498 -0.03040 0.99953
vn -0.00447 -0.03074 0.99952
vn -0.00502 -0.02837 0.99958
vn -0.00416 -0.02889 0.99957
vn -0.00501 -0.02556 0.99966
vn -0.00389 -0.02623 0.99965
vn -0.00489 -0.02221 0.99974
vn -0.00363 -0.02298 0.99973
vn -0.00468 -0.01859 0.99982
vn -0.00339 -0.01939 0.99981
vn -0.00438 -0.01490 0.99988
vn -0.00315 -0.01571 0.99987
vn -0.00397 -0.01129 0.99993
vn -0.00287 -0.01209 0.99992
vn -0.00242 -0.00758 0.99997
vn -0.00256 -0.00867 0.99996
vn 0.00043 -0.00485 0.99999
vn -0.00068 -0.00560 0.99998
vn 0.00322 -0.00221 0.99999
vn 0.00222 -0.00321 0.99999
vn 0.00426 -0.00012 0.99999
vn 0.00424 -0.00066 0.99999
vn 0.00509 0.00132 0.99999
vn 0.00497 0.00097 0.99999
vn 0.00535 -0.00242 0.99998
vn 0.00315 -0.00116 0.99999
vn 0.00864 -0.00835 0.99993
vn 0.00474 -0.00726 0.99996
vn 0.00810 -0.01361 0.99987
vn 0.00666 -0.01289 0.99989
vn 0.00736 -0.01630 0.99984
vn 0.00671 -0.01599 0.99985
vn 0.00709 -0.01841 0.99981
vn 0.00662 -0.01788 0.99982
vn 0.00615 -0.02111 0.99976
vn 0.00602 -0.02035 0.99977
vn 0.00452 -0.02426 0.99970
vn 0.00479 -0.02331 0.99972
vn 0.00230 -0.02762 0.99962
vn 0.00297 -0.02654 0.99964
vn -0.00033 -0.03089 0.99952
vn 0.00068 -0.02977 0.99956
vn -0.00317 -0.03376 0.99943
vn -0.00187 -0.03271 0.99946
vn -0.00600 -0.03593 0.99934
vn -0.00447 -0.03504 0.99938
vn -0.00868 -0.03716 0.99927
vn -0.00695 -0.03650 0.99931
vn -0.01112 -0.03748 0.99924
vn -0.00929 -0.03703 0.99927
vn -0.01321 -0.03724 0.99922
vn -0.01150 -0.03692 0.99925
vn -0.01473 -0.03665 0.99922
vn -0.01335 -0.03648 0.99925
vn -0.01561 -0.03570 0.99924
vn -0.01464 -0.03574 0.99925
vn -0.01568 -0.03417 0.99929
vn -0.01518 -0.03450 0.99929
vn -0.01482 -0.03195 0.99938
vn -0.01485 -0.03261 0.99936
vn -0.01299 -0.02900 0.99949
vn -0.01355 -0.03000 0.99946
vn -0.01021 -0.02540 0.99963
vn -0.01130 -0.02670 0.99958
vn -0.00659 -0.02130 0.99975
vn -0.00817 -0.02283 0.99971
vn -0.00232 -0.01691 0.99985
vn -0.00430 -0.01860 0.99982
vn 0.00238 -0.01250 0.99992
vn 0.00010 -0.01424 0.99990
vn 0.00726 -0.00835 0.99994
vn 0.00478 -0.01005 0.99994
vn 0.01205 -0.00476 0.99992
vn 0.00948 -0.00630 0.99994
vn 0.01651 -0.00196 0.99986
vn 0.01395 -0.00325 0.99990
vn 0.02043 -0.00017 0.99979
vn 0.01796 -0.00114 0.99984
vn 0.02365 0.00049 0.99972
vn 0.02134 -0.00013 0.99977
vn 0.02585 -0.00183 0.99966
vn 0.02302 -0.00150 0.99973
vn 0.02905 -0.00723 0.99955
vn 0.02429 -0.00647 0.99968
vn 0.03069 -0.01454 0.99942
vn 0.02755 -0.01308 0.99953
vn 0.02931 -0.02032 0.99936
vn 0.02759 -0.01967 0.99943
vn 0.03021 -0.02409 0.99925
vn 0.02773 -0.02359 0.99934
vn 0.03273 -0.02828 0.99906
vn 0.02876 -0.02786 0.99920
vn 0.03598 -0.03289 0.99881
vn 0.03171 -0.03243 0.99897
vn 0.03806 -0.03668 0.99860
vn 0.03490 -0.03649 0.99872
vn 0.03857 -0.03987 0.99846
vn 0.03685 -0.03940 0.99854
vn 0.03859 -0.04210 0.99837
vn 0.03771 -0.04179 0.99841
vn 0.03763 -0.04329 0.99835
vn 0.03796 -0.04305 0.99835
vn 0.03586 -0.04366 0.99840
vn 0.03714 -0.04344 0.99837
vn 0.03366 -0.04359 0.99848
vn 0.03548 -0.04336 0.99843
vn 0.03110 -0.04339 0.99857
vn 0.03326 -0.04313 0.99852
vn 0.02826 -0.04319 0.99867
vn 0.03062 -0.04291 0.99861
vn 0.02528 -0.04301 0.99875
vn 0.02771 -0.04274 0.99870
vn 0.02230 -0.04286 0.99883
vn 0.02468 -0.04262 0.99879
vn 0.01942 -0.04278 0.99890
vn 0.02165 -0.04256 0.99886
vn 0.01678 -0.04276 0.99894
vn 0.01874 -0.04258 0.99892
vn 0.01452 -0.04283 0.99898
vn 0.01611 -0.04268 0.99896
vn 0.01277 -0.04299 0.99899
vn 0.01389 -0.04286 0.99898
vn 0.01163 -0.04323 0.99900
vn 0.01224 -0.04311 0.99900
vn 0.01121 -0.04353 0.99899
vn 0.01125 -0.04342 0.99899
vn 0.01158 -0.04390 0.99897
vn 0.01102 -0.04379 0.99898
vn 0.01284 -0.04432 0.99893
vn 0.01162 -0.04420 0.99896
vn 0.01517 -0.04477 0.99888
vn 0.01321 -0.04463 0.99892
vn 0.01859 -0.04523 0.99880
vn 0.01593 -0.04507 0.99886
vn 0.02299 -0.04567 0.99869
vn 0.01974 -0.04550 0.99877
vn 0.02820 -0.04606 0.99854
vn 0.02451 -0.04588 0.99865
vn 0.03397 -0.04638 0.99835
vn 0.03004 -0.04620 0.99848
vn 0.03997 -0.04661 0.99811
vn 0.03603 -0.04644 0.99827
vn 0.04580 -0.04675 0.99786
vn 0.04212 -0.04660 0.99803
vn 0.05098 -0.04680 0.99760
vn 0.04785 -0.04668 0.99776
vn 0.05490 -0.04677 0.99740
vn 0.05268 -0.04669 0.99752
vn 0.05708 -0.04671 0.99728
vn 0.05599 -0.04668 0.99734
vn 0.05793 -0.04663 0.99723
vn 0.05753 -0.04664 0.99725
vn 0.05862 -0.04657 0.99719
vn 0.05820 -0.04657 0.99722
vn 0.05983 -0.04646 0.99713
vn 0.05914 -0.04648 0.99717
vn 0.06135 -0.04626 0.99704
vn 0.06056 -0.04630 0.99709
vn 0.06297 -0.04599 0.99696
vn 0.06218 -0.04605 0.99700
vn 0.06459 -0.04567 0.99687
vn 0.06385 -0.04575 0.99691
vn 0.06611 -0.04534 0.99678
vn 0.06545 -0.04542 0.99682
vn 0.06740 -0.04506 0.99671
vn 0.06686 -0.04512 0.99674
vn 0.06848 -0.04474 0.99665
vn 0.06811 -0.04485 0.99667
vn 0.06903 -0.04433 0.99663
vn 0.06902 -0.04449 0.99662
vn 0.06891 -0.04401 0.99665
vn 0.06923 -0.04413 0.99662
vn 0.06825 -0.04389 0.99670
vn 0.06875 -0.04395 0.99667
vn 0.10616 0.00762 0.99432
vn 0.11918 -0.02386 0.99259
vn 0.04846 0.07685 0.99586
vn 0.11890 0.04889 0.99170
vn -0.00242 0.08609 0.99628
vn 0.02841 0.08779 0.99573
vn -0.02391 0.02579 0.99938
vn -0.04924 0.05839 0.99708
vn 0.04754 -0.01456 0.99876
vn -0.04313 -0.00040 0.99907
vn -0.10292 0.00463 0.99468
vn -0.19863 -0.02202 0.97983
vn 0.04311 0.02794 0.99868
vn -0.08038 0.00270 0.99676
vn 0.12700 -0.01201 0.99183
vn 0.06521 -0.00150 0.99787
vn 0.11367 -0.06996 0.99105
vn 0.10373 -0.05911 0.99285
vn 0.06331 -0.09553 0.99341
vn 0.09548 -0.08765 0.99157
vn -0.01451 -0.08556 0.99623
vn 0.05227 -0.08275 0.99520
vn -0.03578 -0.02516 0.99904
vn -0.01596 -0.04548 0.99884
vn 0.00018 0.00840 0.99996
vn -0.00193 0.00865 0.99996
vn 0.00233 0.00626 0.99998
vn -0.00032 0.00650 0.99998
vn 0.00473 0.00384 0.99998
vn 0.00179 0.00411 0.99999
vn 0.00711 0.00115 0.99997
vn 0.00410 0.00148 0.99999
vn 0.00897 -0.00284 0.99996
vn 0.00569 -0.00204 0.99998
vn 0.01127 -0.00940 0.99989
vn 0.00638 -0.00796 0.99995
vn 0.01377 -0.01699 0.99976
vn 0.00931 -0.01543 0.99984
vn 0.01289 -0.02331 0.99965
vn 0.01077 -0.02222 0.99970
vn 0.01197 -0.02743 0.99955
vn 0.01076 -0.02666 0.99959
vn 0.01105 -0.03076 0.99947
vn 0.01038 -0.02996 0.99950
vn 0.00960 -0.03380 0.99938
vn 0.00947 -0.03301 0.99941
vn 0.00773 -0.03642 0.99931
vn 0.00810 -0.03568 0.99933
vn 0.00557 -0.03848 0.99924
vn 0.00639 -0.03784 0.99926
vn 0.00327 -0.03988 0.99920
vn 0.00447 -0.03937 0.99921
vn 0.00093 -0.04058 0.99918
vn 0.00246 -0.04022 0.99919
vn -0.00131 -0.04055 0.99918
vn 0.00045 -0.04036 0.99919
vn -0.00246 -0.03960 0.99921
vn -0.00148 -0.03982 0.99921
vn -0.00255 -0.03852 0.99925
vn -0.00185 -0.03863 0.99925
vn -0.00296 -0.03683 0.99932
vn -0.00184 -0.03726 0.99930
vn -0.00420 -0.03495 0.99938
vn -0.00245 -0.03520 0.99938
vn -0.00519 -0.03320 0.99944
vn -0.00370 -0.03342 0.99943
vn -0.00595 -0.03193 0.99947
vn -0.00484 -0.03204 0.99947
vn -0.00640 -0.03109 0.99950
vn -0.00567 -0.03115 0.99950
vn -0.00680 -0.03020 0.99952
vn -0.00603 -0.03034 0.99952
vn -0.00731 -0.02863 0.99956
vn -0.00625 -0.02900 0.99956
vn -0.00759 -0.02609 0.99963
vn -0.00634 -0.02670 0.99962
vn -0.00747 -0.02278 0.99971
vn -0.00620 -0.02356 0.99970
vn -0.00704 -0.01899 0.99979
vn -0.00579 -0.01987 0.99979
vn -0.00651 -0.01495 0.99987
vn -0.00521 -0.01587 0.99986
vn -0.00609 -0.01089 0.99992
vn -0.00469 -0.01178 0.99992
vn -0.00583 -0.00700 0.99996
vn -0.00438 -0.00781 0.99996
vn -0.00573 -0.00342 0.99998
vn -0.00429 -0.00413 0.99998
vn -0.00579 -0.00030 0.99998
vn -0.00442 -0.00088 0.99999
vn -0.00597 0.00225 0.99998
vn -0.00474 0.00183 0.99999
vn -0.00628 0.00415 0.99997
vn -0.00523 0.00389 0.99998
vn -0.00666 0.00532 0.99996
vn -0.00586 0.00523 0.99997
vn -0.00786 0.00171 0.99997
vn -0.00891 0.00315 0.99996
vn -0.00536 -0.00396 0.99998
vn -0.00925 -0.00289 0.99995
vn -0.00617 -0.01018 0.99993
vn -0.00744 -0.00880 0.99993
vn -0.00832 -0.01392 0.99987
vn -0.00872 -0.01347 0.99987
vn -0.00864 -0.01622 0.99983
vn -0.00932 -0.01568 0.99983
vn -0.00886 -0.01903 0.99978
vn -0.00981 -0.01842 0.99978
vn -0.00897 -0.02222 0.99971
vn -0.01015 -0.02157 0.99972
vn -0.00894 -0.02565 0.99963
vn -0.01031 -0.02500 0.99963
vn -0.00876 -0.02915 0.99954
vn -0.01027 -0.02854 0.99954
vn -0.00844 -0.03253 0.99944
vn -0.01000 -0.03200 0.99944
vn -0.00798 -0.03557 0.99934
vn -0.00950 -0.03515 0.99934
vn -0.00740 -0.03801 0.99925
vn -0.00878 -0.03775 0.99925
vn -0.00674 -0.03960 0.99919
vn -0.00786 -0.03954 0.99919
vn -0.00605 -0.04030 0.99917
vn -0.00690 -0.04042 0.99916
vn -0.00522 -0.04055 0.99916
vn -0.00607 -0.04073 0.99915
vn -0.00244 -0.04017 0.99919
vn -0.00514 -0.04101 0.99915
vn 0.00217 -0.04109 0.99915
vn -0.00171 -0.04145 0.99914
vn 0.00628 -0.04238 0.99908
vn 0.00267 -0.04304 0.99907
vn 0.00868 -0.04323 0.99903
vn 0.00655 -0.04364 0.99903
vn 0.00980 -0.04421 0.99897
vn 0.00856 -0.04426 0.99898
vn 0.01074 -0.04520 0.99892
vn 0.00965 -0.04521 0.99893
vn 0.01146 -0.04613 0.99887
vn 0.01058 -0.04611 0.99888
vn 0.01193 -0.04693 0.99883
vn 0.01129 -0.04689 0.99884
vn 0.01213 -0.04757 0.99879
vn 0.01177 -0.04751 0.99880
vn 0.01212 -0.04796 0.99878
vn 0.01200 -0.04792 0.99878
vn 0.01209 -0.04802 0.99877
vn 0.01208 -0.04805 0.99877
vn 0.01231 -0.04766 0.99879
vn 0.01221 -0.04782 0.99878
vn 0.01301 -0.04685 0.99882
vn 0.01266 -0.04719 0.99881
vn 0.01433 -0.04560 0.99886
vn 0.01363 -0.04614 0.99884
vn 0.01601 -0.04691 0.99877
vn 0.01369 -0.04673 0.99881
vn 0.02030 -0.04959 0.99856
vn 0.01627 -0.04957 0.99864
vn 0.02296 -0.05161 0.99840
vn 0.02032 -0.05194 0.99844
vn 0.02524 -0.05111 0.99837
vn 0.02322 -0.05206 0.99837
vn 0.02861 -0.04953 0.99836
vn 0.02648 -0.05041 0.99838
vn 0.03180 -0.04839 0.99832
vn 0.02968 -0.04913 0.99835
vn 0.03464 -0.04776 0.99826
vn 0.03264 -0.04832 0.99830
vn 0.03699 -0.04760 0.99818
vn 0.03523 -0.04798 0.99823
vn 0.03883 -0.04774 0.99811
vn 0.03738 -0.04799 0.99815
vn 0.04017 -0.04800 0.99804
vn 0.03904 -0.04816 0.99808
vn 0.04119 -0.04832 0.99798
vn 0.04027 -0.04841 0.99802
vn 0.04200 -0.04872 0.99793
vn 0.04124 -0.04874 0.99796
vn 0.04254 -0.04913 0.99789
vn 0.04199 -0.04913 0.99791
vn 0.04280 -0.04943 0.99786
vn 0.04251 -0.04942 0.99787
vn 0.04278 -0.04952 0.99786
vn 0.04279 -0.04952 0.99786
vn 0.04246 -0.04936 0.99788
vn 0.04281 -0.04938 0.99786
vn 0.04181 -0.04896 0.99793
vn 0.04251 -0.04900 0.99789
vn 0.04083 -0.04837 0.99799
vn 0.04186 -0.04842 0.99795
vn 0.03951 -0.04767 0.99808
vn 0.04084 -0.04772 0.99803
vn 0.03793 -0.04697 0.99818
vn 0.03944 -0.04700 0.99812
vn 0.03622 -0.04638 0.99827
vn 0.03775 -0.04638 0.99821
vn 0.03621 -0.04575 0.99830
vn 0.03592 -0.04596 0.99830
vn 0.03931 -0.04583 0.99818
vn 0.03695 -0.04579 0.99827
vn 0.04283 -0.04581 0.99803
vn 0.04069 -0.04603 0.99811
vn 0.04320 -0.04603 0.99801
vn 0.04292 -0.04594 0.99802
vn 0.04250 -0.04638 0.99802
vn 0.04303 -0.04625 0.99800
vn 0.03994 -0.04685 0.99810
vn 0.04164 -0.04666 0.99804
vn 0.03600 -0.04743 0.99823
vn 0.03851 -0.04720 0.99814
vn 0.03121 -0.04810 0.99835
vn 0.03415 -0.04785 0.99827
vn 0.02608 -0.04882 0.99847
vn 0.02913 -0.04858 0.99839
vn 0.02115 -0.04939 0.99856
vn 0.02408 -0.04925 0.99850
vn 0.01660 -0.04969 0.99863
vn 0.01934 -0.04966 0.99858
vn 0.01272 -0.04984 0.99868
vn 0.01502 -0.04985 0.99864
vn 0.01025 -0.04993 0.99870
vn 0.01155 -0.04994 0.99869
vn 0.00931 -0.05019 0.99870
vn 0.00966 -0.05008 0.99870
vn 0.00956 -0.05053 0.99868
vn 0.00908 -0.05040 0.99869
vn 0.01119 -0.05085 0.99864
vn 0.00985 -0.05069 0.99867
vn 0.03786 -0.01349 0.99919
vn 0.04556 -0.03441 0.99837
vn 0.01739 0.05724 0.99821
vn 0.06963 0.02711 0.99720
vn -0.04953 0.03796 0.99805
vn -0.03613 0.06234 0.99740
vn 0.08555 -0.06145 0.99444
vn -0.05941 -0.01450 0.99813
vn 0.12641 -0.15642 0.97957
vn 0.09382 -0.12189 0.98810
vn 0.00143 -0.14801 0.98898
vn 0.06975 -0.16892 0.98316
vn -0.00131 -0.07437 0.99723
vn 0.01000 -0.10695 0.99421
vn 0.05652 -0.05105 0.99710
vn 0.05448 -0.05112 0.99721
vn 0.05872 -0.05044 0.99700
vn 0.05806 -0.05062 0.99703
vn 0.05921 -0.04976 0.99700
vn 0.05942 -0.05003 0.99698
vn 0.05940 -0.04916 0.99702
vn 0.05954 -0.04938 0.99700
vn 0.06051 -0.04870 0.99698
vn 0.06010 -0.04886 0.99700
vn 0.06184 -0.04833 0.99692
vn 0.06131 -0.04842 0.99694
vn 0.06308 -0.04817 0.99685
vn 0.06249 -0.04816 0.99688
vn 0.06408 -0.04828 0.99678
vn 0.06348 -0.04816 0.99682
vn 0.06471 -0.04871 0.99671
vn 0.06414 -0.04846 0.99676
vn 0.06491 -0.04947 0.99666
vn 0.06440 -0.04909 0.99672
vn 0.06465 -0.05054 0.99663
vn 0.06420 -0.05005 0.99668
vn 0.06392 -0.05190 0.99660
vn 0.06356 -0.05132 0.99666
vn 0.10370 -0.00206 0.99461
vn 0.11529 -0.03133 0.99284
vn 0.04660 0.06473 0.99681
vn 0.12025 0.04022 0.99193
vn 0.00040 0.08551 0.99634
vn 0.05649 0.07889 0.99528
f 1//1 3//3 4//4
f 1//1 4//4 2//2
f 3//3 5//5 6//6
f 3//3 6//6 4//4
f 5//5 7//7 8//8
f 5//5 8//8 6//6
f 7//7 9//9 10//10
f 7//7 10//10 8//8
f 9//9 11//11 12//12
f 9//9 12//12 10//10
f 11//11 13//13 14//14
f 11//11 14//14 12//12
f 13//13 15//15 16//16
f 13//13 16//16 14//14
f 15//15 17//17 18//18
f 15//15 18//18 16//16
f 17//17 19//19 20//20
f 17//17 20//20 18//18
f 19//19 21//21 22//22
f 19//19 22//22 20//20
f 21//21 23//23 24//24
f 21//21 24//24 22//22
f 23//23 25//25 26//26
f 23//23 26//26 24//24
f 25//25 27//27 28//28
f 25//25 28//28 26//26
f 27//27 29//29 30//30
f 27//27 30//30 28//28
f 29//29 31//31 32//32
f 29//29 32//32 30//30
f 31//31 33//33 34//34
f 31//31 34//34 32//32
f 33//33 35//35 36//36
f 33//33 36//36 34//34
f 35//35 37//37 38//38
f 35//35 38//38 36//36
f 37//37 39//39 40//40
f 37//37 40//40 38//38
f 39//39 41//41 42//42
f 39//39 42//42 40//40
f 41//41 43//43 44//44
f 41//41 44//44 42//42
f 43//43 45//45 46//46
f 43//43 46//46 44//44
f 45//45 47//47 48//48
f 45//45 48//48 46//46
f 47//47 49//49 50//50
f 47//47 50//50 48//48
f 49//49 51//51 52//52
f 49//49 52//52 50//50
f 51//51 53//53 54//54
f 51//51 54//54 52//52
f 53//53 55//55 56//56
f 53//53 56//56 54//54
f 55//55 57//57 58//58
f 55//55 58//58 56//56
f 57//57 59//59 60//60
f 57//57 60//60 58//58
f 59//59 61//61 62//62
f 59//59 62//62 60//60
f 61//61 63//63 64//64
f 61//61 64//64 62//62
f 63//63 65//65 66//66
f 63//63 66//66 64//64
f 65//65 67//67 68//68
f 65//65 68//68 66//66
f 67//67 69//69 70//70
f 67//67 70//70 68//68
f 69//69 71//71 72//72
f 69//69 72//72 70//70
f 71//71 73//73 74//74
f 71//71 74//74 72//72
f 73//73 75//75 76//76
f 73//73 76//76 74//74
f 75//75 77//77 78//78
f 75//75 78//78 76//76
f 77//77 79//79 80//80
f 77//77 80//80 78//78
f 79//79 81//81 82//82
f 79//79 82//82 80//80
f 81//81 83//83 84//84
f 81//81 84//84 82//82
f 83//83 85//85 86//86
f 83//83 86//86 84//84
f 85//85 87//87 88//88
f 85//85 88//88 86//86
f 87//87 89//89 90//90
f 87//87 90//90 88//88
f 89//89 91//91 92//92
f 89//89 92//92 90//90
f 91//91 93//93 94//94
f 91//91 94//94 92//92
f 93//93 95//95 96//96
f 93//93 96//96 94//94
f 95//95 97//97 98//98
f 95//95 98//98 96//96
f 97//97 99//99 100//100
f 97//97 100//100 98//98
f 99//99 101//101 102//102
f 99//99 102//102 100//100
f 101//101 103//103 104//104
f 101//101 104//104 102//102
f 103//103 105//105 106//106
f 103//103 106//106 104//104
f 105//105 107//107 108//108
f 105//105 108//108 106//106
f 107//107 109//109 110//110
f 107//107 110//110 108//108
f 109//109 111//111 112//112
f 109//109 112//112 110//110
f 111//111 113//113 114//114
f 111//111 114//114 112//112
f 113//113 115//115 116//116
f 113//113 116//116 114//114
f 115//115 117//117 118//118
f 115//115 118//118 116//116
f 117//117 119//119 120//120
f 117//117 120//120 118//118
f 119//119 121//121 122//122
f 119//119 122//122 120//120
f 121//121 123//123 124//124
f 121//121 124//124 122//122
f 123//123 125//125 126//126
f 123//123 126//126 124//124
f 125//125 127//127 128//128
f 125//125 128//128 126//126
f 127//127 129//129 130//130
f 127//127 130//130 128//128
f 129//129 131//131 132//132
f 129//129 132//132 130//130
f 131//131 133//133 134//134
f 131//131 134//134 132//132
f 133//133 135//135 136//136
f 133//133 136//136 134//134
f 135//135 137//137 138//138
f 135//135 138//138 136//136
f 137//137 139//139 140//140
f 137//137 140//140 138//138
f 139//139 141//141 142//142
f 139//139 142//142 140//140
f 141//141 143//143 144//144
f 141//141 144//144 142//142
f 143//143 145//145 146//146
f 143//143 146//146 144//144
f 145//145 147//147 148//148
f 145//145 148//148 146//146
f 147//147 149//149 150//150
f 147//147 150//150 148//148
f 149//149 151//151 152//152
f 149//149 152//152 150//150
f 151//151 153//153 154//154
f 151//151 154//154 152//152
f 153//153 155//155 156//156
f 153//153 156//156 154//154
f 155//155 157//157 158//158
f 155//155 158//158 156//156
f 157//157 159//159 160//160
f 157//157 160//160 158//158
f 159//159 161//161 162//162
f 159//159 162//162 160//160
f 161//161 163//163 164//164
f 161//161 164//164 162//162
f 163//163 165//165 166//166
f 163//163 166//166 164//164
f 165//165 167//167 168//168
f 165//165 168//168 166//166
f 167//167 169//169 170//170
f 167//167 170//170 168//168
f 169//169 171//171 172//172
f 169//169 172//172 170//170
f 171//171 173//173 174//174
f 171//171 174//174 172//172
f 173//173 175//175 176//176
f 173//173 176//176 174//174
f 175//175 177//177 178//178
f 175//175 178//178 176//176
f 177//177 179//179 180//180
f 177//177 180//180 178//178
f 179//179 181//181 182//182
f 179//179 182//182 180//180
f 181//181 183//183 184//184
f 181//181 184//184 182//182
f 183//183 185//185 186//186
f 183//183 186//186 184//184
f 185//185 187//187 188//188
f 185//185 188//188 186//186
f 187//187 189//189 190//190
f 187//187 190//190 188//188
f 189//189 191//191 192//192
f 189//189 192//192 190//190
f 191//191 193//193 194//194
f 191//191 194//194 192//192
f 193//193 195//195 196//196
f 193//193 196//196 194//194
f 195//195 197//197 198//198
f 195//195 198//198 196//196
f 197//197 199//199 200//200
f 197//197 200//200 198//198
f 199//199 201//201 202//202
f 199//199 202//202 200//200
f 201//201 203//203 204//204
f 201//201 204//204 202//202
f 203//203 205//205 206//206
f 203//203 206//206 204//204
f 205//205 207//207 208//208
f 205//205 208//208 206//206
f 207//207 209//209 210//210
f 207//207 210//210 208//208
f 209//209 211//211 212//212
f 209//209 212//212 210//210
f 211//211 213//213 214//214
f 211//211 214//214 212//212
f 213//213 215//215 216//216
f 213//213 216//216 214//214
f 215//215 217//217 218//218
f 215//215 218//218 216//216
f 217//217 219//219 220//220
f 217//217 220//220 218//218
f 219//219 221//221 222//222
f 219//219 222//222 220//220
f 221//221 223//223 224//224
f 221//221 224//224 222//222
f 223//223 225//225 226//226
f 223//223 226//226 224//224
f 225//225 227//227 228//228
f 225//225 228//228 226//226
f 227//227 229//229 230//230
f 227//227 230//230 228//228
f 229//229 231//231 232//232
f 229//229 232//232 230//230
f 231//231 233//233 234//234
f 231//231 234//234 232//232
f 233//233 235//235 236//236
f 233//233 236//236 234//234
f 235//235 237//237 238//238
f 235//235 238//238 236//236
f 237//237 239//239 240//240
f 237//237 240//240 238//238
f 239//239 241//241 242//242
f 239//239 242//242 240//240
f 241//241 243//243 244//244
f 241//241 244//244 242//242
f 243//243 245//245 246//246
f 243//243 246//246 244//244
f 245//245 247//247 248//248
f 245//245 248//248 246//246
f 247//247 249//249 250//250
f 247//247 250//250 248//248
f 249//249 251//251 252//252
f 249//249 252//252 250//250
f 251//251 253//253 254//254
f 251//251 254//254 252//252
f 253//253 255//255 256//256
f 253//253 256//256 254//254
f 255//255 257//257 258//258
f 255//255 258//258 256//256
f 257//257 259//259 260//260
f 257//257 260//260 258//258
f 259//259 261//261 262//262
f 259//259 262//262 260//260
f 261//261 263//263 264//264
f 261//261 264//264 262//262
f 263//263 265//265 266//266
f 263//263 266//266 264//264
f 265//265 267//267 268//268
f 265//265 268//268 266//266
f 267//267 269//269 270//270
f 267//267 270//270 268//268
f 269//269 271//271 272//272
f 269//269 272//272 270//270
f 271//271 273//273 274//274
f 271//271 274//274 272//272
f 273//273 275//275 276//276
f 273//273 276//276 274//274
f 275//275 277//277 278//278
f 275//275 278//278 276//276
f 277//277 279//279 280//280
f 277//277 280//280 278//278
f 279//279 281//281 282//282
f 279//279 282//282 280//280
f 281//281 283//283 284//284
f 281//281 284//284 282//282
f 283//283 285//285 286//286
f 283//283 286//286 284//284
f 285//285 287//287 288//288
f 285//285 288//288 286//286
f 287//287 289//289 290//290
f 287//287 290//290 288//288
f 289//289 291//291 292//292
f 289//289 292//292 290//290
f 291//291 293//293 294//294
f 291//291 294//294 292//292
f 293//293 295//295 296//296
f 293//293 296//296 294//294
f 295//295 297//297 298//298
f 295//295 298//298 296//296
f 297//297 299//299 300//300
f 297//297 300//300 298//298
f 299//299 301//301 302//302
f 299//299 302//302 300//300
f 301//301 303//303 304//304
f 301//301 304//304 302//302
f 303//303 305//305 306//306
f 303//303 306//306 304//304
f 305//305 307//307 308//308
f 305//305 308//308 306//306
f 307//307 309//309 310//310
f 307//307 310//310 308//308
f 309//309 311//311 312//312
f 309//309 312//312 310//310
f 311//311 313//313 314//314
f 311//311 314//314 312//312
f 313//313 315//315 316//316
f 313//313 316//316 314//314
f 315//315 317//317 318//318
f 315//315 318//318 316//316
f 317//317 319//319 320//320
f 317//317 320//320 318//318
f 319//319 321//321 322//322
f 319//319 322//322 320//320
f 321//321 323//323 324//324
f 321//321 324//324 322//322
f 323//323 325//325 326//326
f 323//323 326//326 324//324
f 325//325 327//327 328//328
f 325//325 328//328 326//326
f 327//327 329//329 330//330
f 327//327 330//330 328//328
f 329//329 331//331 332//332
f 329//329 332//332 330//330
f 331//331 333//333 334//334
f 331//331 334//334 332//332
f 333//333 335//335 336//336
f 333//333 336//336 334//334
f 335//335 337//337 338//338
f 335//335 338//338 336//336
f 337//337 339//339 340//340
f 337//337 340//340 338//338
f 339//339 341//341 342//342
f 339//339 342//342 340//340
f 341//341 343//343 344//344
f 341//341 344//344 342//342
f 343//343 345//345 346//346
f 343//343 346//346 344//344
f 345//345 347//347 348//348
f 345//345 348//348 346//346
f 347//347 349//349 350//350
f 347//347 350//350 348//348
f 349//349 351//351 352//352
f 349//349 352//352 350//350
f 351//351 353//353 354//354
f 351//351 354//354 352//352
f 353//353 355//355 356//356
f 353//353 356//356 354//354
f 355//355 357//357 358//358
f 355//355 358//358 356//356
f 357//357 359//359 360//360
f 357//357 360//360 358//358
f 359//359 361//361 362//362
f 359//359 362//362 360//360
f 361//361 363//363 364//364
f 361//361 364//364 362//362
f 363//363 365//365 366//366
f 363//363 366//366 364//364
f 365//365 367//367 368//368
f 365//365 368//368 366//366
f 367//367 369//369 370//370
f 367//367 370//370 368//368
f 369//369 371//371 372//372
f 369//369 372//372 370//370
f 371//371 373//373 374//374
f 371//371 374//374 372//372
f 373//373 375//375 376//376
f 373//373 376//376 374//374
f 375//375 377//377 378//378
f 375//375 378//378 376//376
f 377//377 379//379 380//380
f 377//377 380//380 378//378
f 379//379 381//381 382//382
f 379//379 382//382 380//380
f 381//381 383//383 384//384
f 381//381 384//384 382//382
f 383//383 385//385 386//386
f 383//383 386//386 384//384
f 385//385 387//387 388//388
f 385//385 388//388 386//386
f 387//387 389//389 390//390
f 387//387 390//390 388//388
f 389//389 391//391 392//392
f 389//389 392//392 390//390
f 391//391 393//393 394//394
f 391//391 394//394 392//392
f 393//393 395//395 396//396
f 393//393 396//396 394//394
f 395//395 397//397 398//398
f 395//395 398//398 396//396
f 397//397 399//399 400//400
f 397//397 400//400 398//398
f 399//399 401//401 402//402
f 399//399 402//402 400//400
f 401//401 403//403 404//404
f 401//401 404//404 402//402
f 403//403 405//405 406//406
f 403//403 406//406 404//404
f 405//405 407//407 408//408
f 405//405 408//408 406//406
f 407//407 409//409 410//410
f 407//407 410//410 408//408
f 409//409 411//411 412//412
f 409//409 412//412 410//410
f 411//411 413//413 414//414
f 411//411 414//414 412//412
f 413//413 415//415 416//416
f 413//413 416//416 414//414
f 415//415 417//417 418//418
f 415//415 418//418 416//416
f 417//417 419//419 420//420
f 417//417 420//420 418//418
f 419//419 421//421 422//422
f 419//419 422//422 420//420
f 421//421 423//423 424//424
f 421//421 424//424 422//422
f 423//423 425//425 426//426
f 423//423 426//426 424//424
f 425//425 427//427 428//428
f 425//425 428//428 426//426
f 427//427 429//429 430//430
f 427//427 430//430 428//428
f 429//429 431//431 432//432
f 429//429 432//432 430//430
f 431//431 433//433 434//434
f 431//431 434//434 432//432
f 433//433 435//435 436//436
f 433//433 436//436 434//434
f 435//435 437//437 438//438
f 435//435 438//438 436//436
f 437//437 439//439 440//440
f 437//437 440//440 438//438
f 439//439 441//441 442//442
f 439//439 442//442 440//440
f 441//441 443//443 444//444
f 441//441 444//444 442//442
f 443//443 445//445 446//446
f 443//443 446//446 444//444
f 445//445 447//447 448//448
f 445//445 448//448 446//446
f 447//447 449//449 450//450
f 447//447 450//450 448//448
f 449//449 451//451 452//452
f 449//449 452//452 450//450
f 451//451 453//453 454//454
f 451//451 454//454 452//452
f 453//453 455//455 456//456
f 453//453 456//456 454//454
f 455//455 457//457 458//458
f 455//455 458//458 456//456
f 457//457 459//459 460//460
f 457//457 460//460 458//458
f 459//459 461//461 462//462
f 459//459 462//462 460//460
f 461//461 463//463 464//464
f 461//461 464//464 462//462
f 463//463 465//465 466//466
f 463//463 466//466 464//464
f 465//465 467//467 468//468
f 465//465 468//468 466//466
f 467//467 469//469 470//470
f 467//467 470//470 468//468
f 469//469 471//471 472//472
f 469//469 472//472 470//470
f 471//471 473//473 474//474
f 471//471 474//474 472//472
f 473//473 475//475 476//476
f 473//473 476//476 474//474
f 475//475 477//477 478//478
f 475//475 478//478 476//476
f 477//477 479//479 480//480
f 477//477 480//480 478//478
f 479//479 481//481 482//482
f 479//479 482//482 480//480
f 481//481 483//483 484//484
f 481//481 484//484 482//482
f 483//483 485//485 486//486
f 483//483 486//486 484//484
f 485//485 487//487 488//488
f 485//485 488//488 486//486
f 487//487 489//489 490//490
f 487//487 490//490 488//488
f 489//489 491//491 492//492
f 489//489 492//492 490//490
f 491//491 493//493 494//494
f 491//491 494//494 492//492
f 493//493 495//495 496//496
f 493//493 496//496 494//494
f 495//495 497//497 498//498
f 495//495 498//498 496//496
f 497//497 499//499 500//500
f 497//497 500//500 498//498
f 499//499 501//501 502//502
f 499//499 502//502 500//500
f 501//501 503//503 504//504
f 501//501 504//504 502//502
f 503//503 505//505 506//506
f 503//503 506//506 504//504
f 505//505 507//507 508//508
f 505//505 508//508 506//506
f 507//507 509//509 510//510
f 507//507 510//510 508//508
f 509//509 511//511 512//512
f 509//509 512//512 510//510
f 511//511 513//513 514//514
f 511//511 514//514 512//512
f 513//513 515//515 516//516
f 513//513 516//516 514//514
f 515//515 517//517 518//518
f 515//515 518//518 516//516
f 517//517 519//519 520//520
f 517//517 520//520 518//518
f 519//519 521//521 522//522
f 519//519 522//522 520//520
f 521//521 523//523 524//524
f 521//521 524//524 522//522
f 523//523 525//525 526//526
f 523//523 526//526 524//524
f 525//525 527//527 528//528
f 525//525 528//528 526//526
f 527//527 529//529 530//530
f 527//527 530//530 528//528
f 529//529 531//531 532//532
f 529//529 532//532 530//530
f 531//531 533//533 534//534
f 531//531 534//534 532//532
f 533//533 535//535 536//536
f 533//533 536//536 534//534
f 535//535 537//537 538//538
f 535//535 538//538 536//536
f 537//537 539//539 540//540
f 537//537 540//540 538//538
f 539//539 541//541 542//542
f 539//539 542//542 540//540
f 541//541 543//543 544//544
f 541//541 544//544 542//542
f 543//543 545//545 546//546
f 543//543 546//546 544//544
f 545//545 547//547 548//548
f 545//545 548//548 546//546
f 547//547 549//549 550//550
f 547//547 550//550 548//548
f 549//549 551//551 552//552
f 549//549 552//552 550//550
f 551//551 553//553 554//554
f 551//551 554//554 552//552
f 553//553 555//555 556//556
f 553//553 556//556 554//554
f 555//555 557//557 558//558
f 555//555 558//558 556//556
f 557//557 559//559 560//560
f 557//557 560//560 558//558
f 559//559 561//561 562//562
f 559//559 562//562 560//560
f 561//561 563//563 564//564
f 561//561 564//564 562//562
f 563//563 565//565 566//566
f 563//563 566//566 564//564
f 565//565 567//567 568//568
f 565//565 568//568 566//566
f 567//567 569//569 570//570
f 567//567 570//570 568//568
f 569//569 571//571 572//572
f 569//569 572//572 570//570
f 571//571 573//573 574//574
f 571//571 574//574 572//572
f 573//573 575//575 576//576
f 573//573 576//576 574//574
f 575//575 577//577 578//578
f 575//575 578//578 576//576
f 577//577 579//579 580//580
f 577//577 580//580 578//578
f 579//579 581//581 582//582
f 579//579 582//582 580//580
f 581//581 583//583 584//584
f 581//581 584//584 582//582
f 583//583 585//585 586//586
f 583//583 586//586 584//584
f 585//585 587//587 588//588
f 585//585 588//588 586//586
f 587//587 589//589 590//590
f 587//587 590//590 588//588
f 589//589 591//591 592//592
f 589//589 592//592 590//590
f 591//591 593//593 594//594
f 591//591 594//594 592//592
f 593//593 595//595 596//596
f 593//593 596//596 594//594
f 595//595 597//597 598//598
f 595//595 598//598 596//596
f 597//597 599//599 600//600
f 597//597 600//600 598//598
f 599//599 601//601 602//602
f 599//599 602//602 600//600
f 601//601 603//603 604//604
f 601//601 604//604 602//602
f 603//603 605//605 606//606
f 603//603 606//606 604//604
f 605//605 607//607 608//608
f 605//605 608//608 606//606
f 607//607 609//609 610//610
f 607//607 610//610 608//608
f 609//609 611//611 612//612
f 609//609 612//612 610//610
f 611//611 613//613 614//614
f 611//611 614//614 612//612
f 613//613 615//615 616//616
f 613//613 616//616 614//614
f 615//615 617//617 618//618
f 615//615 618//618 616//616
f 617//617 619//619 620//620
f 617//617 620//620 618//618
f 619//619 621//621 622//622
f 619//619 622//622 620//620
f 621//621 623//623 624//624
f 621//621 624//624 622//622
f 623//623 625//625 626//626
f 623//623 626//626 624//624
f 625//625 627//627 628//628
f 625//625 628//628 626//626
f 627//627 629//629 630//630
f 627//627 630//630 628//628
f 629//629 631//631 632//632
f 629//629 632//632 630//630
f 631//631 633//633 634//634
f 631//631 634//634 632//632
f 633//633 635//635 636//636
f 633//633 636//636 634//634
f 635//635 637//637 638//638
f 635//635 638//638 636//636
f 637//637 639//639 640//640
f 637//637 640//640 638//638
f 639//639 641//641 642//642
f 639//639 642//642 640//640
f 641//641 643//643 644//644
f 641//641 644//644 642//642
f 643//643 645//645 646//646
f 643//643 646//646 644//644
f 645//645 647//647 648//648
f 645//645 648//648 646//646
f 647//647 649//649 650//650
f 647//647 650//650 648//648
f 649//649 651//651 652//652
f 649//649 652//652 650//650
f 651//651 653//653 654//654
f 651//651 654//654 652//652
f 653//653 655//655 656//656
f 653//653 656//656 654//654
f 655//655 657//657 658//658
f 655//655 658//658 656//656
f 657//657 659//659 660//660
f 657//657 660//660 658//658
f 659//659 661//661 662//662
f 659//659 662//662 660//660
f 661//661 663//663 664//664
f 661//661 664//664 662//662
f 663//663 665//665 666//666
f 663//663 666//666 664//664
f 665//665 667//667 668//668
f 665//665 668//668 666//666
f 667//667 669//669 670//670
f 667//667 670//670 668//668
f 669//669 671//671 672//672
f 669//669 672//672 670//670
f 671//671 673//673 674//674
f 671//671 674//674 672//672
f 673//673 675//675 676//676
f 673//673 676//676 674//674
f 675//675 677//677 678//678
f 675//675 678//678 676//676
f 677//677 679//679 680//680
f 677//677 680//680 678//678
f 679//679 681//681 682//682
f 679//679 682//682 680//680
f 681//681 683//683 684//684
f 681//681 684//684 682//682
f 683//683 685//685 686//686
f 683//683 686//686 684//684
f 685//685 687//687 688//688
f 685//685 688//688 686//686
f 687//687 689//689 690//690
f 687//687 690//690 688//688
f 689//689 691//691 692//692
f 689//689 692//692 690//690
f 691//691 693//693 694//694
f 691//691 694//694 692//692
f 693//693 695//695 696//696
f 693//693 696//696 694//694
f 695//695 697//697 698//698
f 695//695 698//698 696//696
f 697//697 699//699 700//700
f 697//697 700//700 698//698
f 699//699 701//701 702//702
f 699//699 702//702 700//700
f 701//701 703//703 704//704
f 701//701 704//704 702//702
f 703//703 705//705 706//706
f 703//703 706//706 704//704
f 705//705 707//707 708//708
f 705//705 708//708 706//706
f 707//707 709//709 710//710
f 707//707 710//710 708//708
f 709//709 711//711 712//712
f 709//709 712//712 710//710
f 711//711 713//713 714//714
f 711//711 714//714 712//712
f 713//713 715//715 716//716
f 713//713 716//716 714//714
f 715//715 717//717 718//718
f 715//715 718//718 716//716
f 717//717 719//719 720//720
f 717//717 720//720 718//718
f 719//719 721//721 722//722
f 719//719 722//722 720//720
f 721//721 723//723 724//724
f 721//721 724//724 722//722
f 723//723 725//725 726//726
f 723//723 726//726 724//724
f 725//725 727//727 728//728
f 725//725 728//728 726//726
f 727//727 729//729 730//730
f 727//727 730//730 728//728
f 729//729 731//731 732//732
f 729//729 732//732 730//730
f 731//731 733//733 734//734
f 731//731 734//734 732//732
f 733//733 735//735 736//736
f 733//733 736//736 734//734
f 735//735 737//737 738//738
f 735//735 738//738 736//736
f 737//737 739//739 740//740
f 737//737 740//740 738//738
f 739//739 741//741 742//742
f 739//739 742//742 740//740
f 741//741 743//743 744//744
f 741//741 744//744 742//742
f 743//743 745//745 746//746
f 743//743 746//746 744//744
f 745//745 747//747 748//748
f 745//745 748//748 746//746
f 747//747 749//749 750//750
f 747//747 750//750 748//748
f 749//749 751//751 752//752
f 749//749 752//752 750//750
f 751//751 753//753 754//754
f 751//751 754//754 752//752
f 753//753 755//755 756//756
f 753//753 756//756 754//754
f 755//755 757//757 758//758
f 755//755 758//758 756//756
f 757//757 759//759 760//760
f 757//757 760//760 758//758
f 759//759 761//761 762//762
f 759//759 762//762 760//760
f 761//761 763//763 764//764
f 761//761 764//764 762//762
f 763//763 765//765 766//766
f 763//763 766//766 764//764
f 765//765 767//767 768//768
f 765//765 768//768 766//766
f 767//767 769//769 770//770
f 767//767 770//770 768//768
f 769//769 771//771 772//772
f 769//769 772//772 770//770
f 771//771 773//773 774//774
f 771//771 774//774 772//772
f 773//773 775//775 776//776
f 773//773 776//776 774//774
f 775//775 777//777 778//778
f 775//775 778//778 776//776
f 777//777 779//779 780//780
f 777//777 780//780 778//778
f 779//779 781//781 782//782
f 779//779 782//782 780//780
f 781//781 783//783 784//784
f 781//781 784//784 782//782
f 783//783 785//785 786//786
f 783//783 786//786 784//784
f 785//785 787//787 788//788
f 785//785 788//788 786//786
f 787//787 789//789 790//790
f 787//787 790//790 788//788
f 789//789 791//791 792//792
f 789//789 792//792 790//790
f 791//791 793//793 794//794
f 791//791 794//794 792//792
f 793//793 795//795 796//796
f 793//793 796//796 794//794
f 795//795 797//797 798//798
f 795//795 798//798 796//796
f 797//797 799//799 800//800
f 797//797 800//800 798//798
f 799//799 801//801 802//802
f 799//799 802//802 800//800
f 801//801 803//803 804//804
f 801//801 804//804 802//802
f 803//803 805//805 806//806
f 803//803 806//806 804//804
f 805//805 807//807 808//808
f 805//805 808//808 806//806
f 807//807 809//809 810//810
f 807//807 810//810 808//808
f 809//809 811//811 812//812
f 809//809 812//812 810//810
f 811//811 813//813 814//814
f 811//811 814//814 812//812
f 813//813 815//815 816//816
f 813//813 816//816 814//814
f 815//815 817//817 818//818
f 815//815 818//818 816//816
f 817//817 819//819 820//820
f 817//817 820//820 818//818
f 819//819 821//821 822//822
f 819//819 822//822 820//820
f 821//821 823//823 824//824
f 821//821 824//824 822//822
f 823//823 825//825 826//826
f 823//823 826//826 824//824
f 825//825 827//827 828//828
f 825//825 828//828 826//826
f 827//827 829//829 830//830
f 827//827 830//830 828//828
f 829//829 831//831 832//832
f 829//829 832//832 830//830
f 831//831 833//833 834//834
f 831//831 834//834 832//832
f 833//833 835//835 836//836
f 833//833 836//836 834//834
f 835//835 837//837 838//838
f 835//835 838//838 836//836
f 837//837 839//839 840//840
f 837//837 840//840 838//838
f 839//839 841//841 842//842
f 839//839 842//842 840//840
f 841//841 843//843 844//844
f 841//841 844//844 842//842
f 843//843 845//845 846//846
f 843//843 846//846 844//844
f 845//845 847//847 848//848
f 845//845 848//848 846//846
f 847//847 849//849 850//850
f 847//847 850//850 848//848
f 849//849 851//851 852//852
f 849//849 852//852 850//850
f 851//851 853//853 854//854
f 851//851 854//854 852//852
f 853//853 855//855 856//856
f 853//853 856//856 854//854
f 855//855 857//857 858//858
f 855//855 858//858 856//856
f 857//857 859//859 860//860
f 857//857 860//860 858//858
f 859//859 861//861 862//862
f 859//859 862//862 860//860
f 861//861 863//863 864//864
f 861//861 864//864 862//862
f 863//863 865//865 866//866
f 863//863 866//866 864//864
f 865//865 867//867 868//868
f 865//865 868//868 866//866
f 867//867 869//869 870//870
f 867//867 870//870 868//868
f 869//869 871//871 872//872
f 869//869 872//872 870//870
f 871//871 873//873 874//874
f 871//871 874//874 872//872
f 873//873 875//875 876//876
f 873//873 876//876 874//874
f 875//875 877//877 878//878
f 875//875 878//878 876//876
f 877//877 879//879 880//880
f 877//877 880//880 878//878
f 879//879 881//881 882//882
f 879//879 882//882 880//880
f 881//881 883//883 884//884
f 881//881 884//884 882//882
f 883//883 885//885 886//886
f 883//883 886//886 884//884
f 885//885 887//887 888//888
f 885//885 888//888 886//886
f 887//887 889//889 890//890
f 887//887 890//890 888//888
f 889//889 891//891 892//892
f 889//889 892//892 890//890
f 891//891 893//893 894//894
f 891//891 894//894 892//892
f 893//893 895//895 896//896
f 893//893 896//896 894//894
f 895//895 897//897 898//898
f 895//895 898//898 896//896
f 897//897 899//899 900//900
f 897//897 900//900 898//898
f 899//899 901//901 902//902
f 899//899 902//902 900//900
f 901//901 903//903 904//904
f 901//901 904//904 902//902
f 903//903 905//905 906//906
f 903//903 906//906 904//904
f 905//905 907//907 908//908
f 905//905 908//908 906//906
f 907//907 909//909 910//910
f 907//907 910//910 908//908
f 909//909 911//911 912//912
f 909//909 912//912 910//910
f 911//911 913//913 914//914
f 911//911 914//914 912//912
f 913//913 915//915 916//916
f 913//913 916//916 914//914
f 915//915 917//917 918//918
f 915//915 918//918 916//916
f 917//917 919//919 920//920
f 917//917 920//920 918//918
f 919//919 921//921 922//922
f 919//919 922//922 920//920
f 921//921 923//923 924//924
f 921//921 924//924 922//922
f 923//923 925//925 926//926
f 923//923 926//926 924//924
f 925//925 927//927 928//928
f 925//925 928//928 926//926
f 927//927 929//929 930//930
f 927//927 930//930 928//928
f 929//929 931//931 932//932
f 929//929 932//932 930//930
f 931//931 933//933 934//934
f 931//931 934//934 932//932
f 933//933 935//935 936//936
f 933//933 936//936 934//934
f 935//935 937//937 938//938
f 935//935 938//938 936//936
f 937//937 939//939 940//940
f 937//937 940//940 938//938
f 939//939 941//941 942//942
f 939//939 942//942 940//940
f 941//941 943//943 944//944
f 941//941 944//944 942//942
f 943//943 945//945 946//946
f 943//943 946//946 944//944
f 945//945 947//947 948//948
f 945//945 948//948 946//946
f 947//947 949//949 950//950
f 947//947 950//950 948//948
f 949//949 951//951 952//952
f 949//949 952//952 950//950
f 951//951 953//953 954//954
f 951//951 954//954 952//952
f 953//953 955//955 956//956
f 953//953 956//956 954//954
f 955//955 957//957 958//958
f 955//955 958//958 956//956
f 957//957 959//959 960//960
f 957//957 960//960 958//958
f 959//959 961//961 962//962
f 959//959 962//962 960//960
f 961//961 963//963 964//964
f 961//961 964//964 962//962
f 963//963 965//965 966//966
f 963//963 966//966 964//964
f 965//965 967//967 968//968
f 965//965 968//968 966//966
f 967//967 969//969 970//970
f 967//967 970//970 968//968
f 969//969 971//971 972//972
f 969//969 972//972 970//970
f 971//971 973//973 974//974
f 971//971 974//974 972//972
f 973//973 975//975 976//976
f 973//973 976//976 974//974
f 975//975 977//977 978//978
f 975//975 978//978 976//976
f 977//977 979//979 980//980
f 977//977 980//980 978//978
f 979//979 981//981 982//982
f 979//979 982//982 980//980
f 981//981 983//983 984//984
f 981//981 984//984 982//982
f 983//983 985//985 986//986
f 983//983 986//986 984//984
f 985//985 987//987 988//988
f 985//985 988//988 986//986
f 987//987 989//989 990//990
f 987//987 990//990 988//988
f 989//989 991//991 992//992
f 989//989 992//992 990//990
f 991//991 993//993 994//994
f 991//991 994//994 992//992
f 993//993 995//995 996//996
f 993//993 996//996 994//994
f 995//995 997//997 998//998
f 995//995 998//998 996//996
f 997//997 999//999 1000//1000
f 997//997 1000//1000 998//998
f 999//999 1001//1001 1002//1002
f 999//999 1002//1002 1000//1000
f 1001//1001 1003//1003 1004//1004
f 1001//1001 1004//1004 1002//1002
f 1003//1003 1005//1005 1006//1006
f 1003//1003 1006//1006 1004//1004
f 1005//1005 1007//1007 1008//1008
f 1005//1005 1008//1008 1006//1006
f 1007//1007 1009//1009 1010//1010
f 1007//1007 1010//1010 1008//1008
f 1009//1009 1011//1011 1012//1012
f 1009//1009 1012//1012 1010//1010
f 1011//1011 1013//1013 1014//1014
f 1011//1011 1014//1014 1012//1012
f 1013//1013 1015//1015 1016//1016
f 1013//1013 1016//1016 1014//1014
f 1015//1015 1017//1017 1018//1018
f 1015//1015 1018//1018 1016//1016
f 1017//1017 1019//1019 1020//1020
f 1017//1017 1020//1020 1018//1018
f 1019//1019 1021//1021 1022//1022
f 1019//1019 1022//1022 1020//1020
f 1021//1021 1023//1023 1024//1024
f 1021//1021 1024//1024 1022//1022
f 1023//1023 1025//1025 1026//1026
f 1023//1023 1026//1026 1024//1024
f 1025//1025 1027//1027 1028//1028
f 1025//1025 1028//1028 1026//1026
f 1027//1027 1029//1029 1030//1030
f 1027//1027 1030//1030 1028//1028
f 1029//1029 1031//1031 1032//1032
f 1029//1029 1032//1032 1030//1030
f 1031//1031 1033//1033 1034//1034
f 1031//1031 1034//1034 1032//1032
f 1033//1033 1035//1035 1036//1036
f 1033//1033 1036//1036 1034//1034
f 1037//1037 1039//1039 1040//1040
f 1037//1037 1040//1040 1038//1038
f 1039//1039 1041//1041 1042//1042
f 1039//1039 1042//1042 1040//1040
f 1041//1041 1043//1043 1044//1044
f 1041//1041 1044//1044 1042//1042
f 1043//1043 1045//1045 1046//1046
f 1043//1043 1046//1046 1044//1044
f 1045//1045 1047//1047 1048//1048
f 1045//1045 1048//1048 1046//1046
f 1047//1047 1049//1049 1050//1050
f 1047//1047 1050//1050 1048//1048
f 1049//1049 1051//1051 1052//1052
f 1049//1049 1052//1052 1050//1050
f 1051//1051 1053//1053 1054//1054
f 1051//1051 1054//1054 1052//1052
f 1053//1053 1055//1055 1056//1056
f 1053//1053 1056//1056 1054//1054
f 1055//1055 1057//1057 1058//1058
f 1055//1055 1058//1058 1056//1056
f 1057//1057 1059//1059 1060//1060
f 1057//1057 1060//1060 1058//1058
f 1059//1059 1061//1061 1062//1062
f 1059//1059 1062//1062 1060//1060
f 1061//1061 1063//1063 1064//1064
f 1061//1061 1064//1064 1062//1062
f 1063//1063 1065//1065 1066//1066
f 1063//1063 1066//1066 1064//1064
f 1065//1065 1067//1067 1068//1068
f 1065//1065 1068//1068 1066//1066
f 1067//1067 1069//1069 1070//1070
f 1067//1067 1070//1070 1068//1068
f 1069//1069 1071//1071 1072//1072
f 1069//1069 1072//1072 1070//1070
f 1071//1071 1073//1073 1074//1074
f 1071//1071 1074//1074 1072//1072
f 1073//1073 1075//1075 1076//1076
f 1073//1073 1076//1076 1074//1074
f 1075//1075 1077//1077 1078//1078
f 1075//1075 1078//1078 1076//1076
f 1077//1077 1079//1079 1080//1080
f 1077//1077 1080//1080 1078//1078
f 1079//1079 1081//1081 1082//1082
f 1079//1079 1082//1082 1080//1080
f 1081//1081 1083//1083 1084//1084
f 1081//1081 1084//1084 1082//1082
f 1083//1083 1085//1085 1086//1086
f 1083//1083 1086//1086 1084//1084
f 1085//1085 1087//1087 1088//1088
f 1085//1085 1088//1088 1086//1086
f 1087//1087 1089//1089 1090//1090
f 1087//1087 1090//1090 1088//1088
f 1089//1089 1091//1091 1092//1092
f 1089//1089 1092//1092 1090//1090
f 1091//1091 1093//1093 1094//1094
f 1091//1091 1094//1094 1092//1092
f 1093//1093 1095//1095 1096//1096
f 1093//1093 1096//1096 1094//1094
f 1095//1095 1097//1097 1098//1098
f 1095//1095 1098//1098 1096//1096
f 1097//1097 1099//1099 1100//1100
f 1097//1097 1100//1100 1098//1098
f 1099//1099 1101//1101 1102//1102
f 1099//1099 1102//1102 1100//1100
f 1101//1101 1103//1103 1104//1104
f 1101//1101 1104//1104 1102//1102
f 1103//1103 1105//1105 1106//1106
f 1103//1103 1106//1106 1104//1104
f 1105//1105 1107//1107 1108//1108
f 1105//1105 1108//1108 1106//1106
f 1107//1107 1109//1109 1110//1110
f 1107//1107 1110//1110 1108//1108
f 1109//1109 1111//1111 1112//1112
f 1109//1109 1112//1112 1110//1110
f 1111//1111 1113//1113 1114//1114
f 1111//1111 1114//1114 1112//1112
f 1113//1113 1115//1115 1116//1116
f 1113//1113 1116//1116 1114//1114
f 1115//1115 1117//1117 1118//1118
f 1115//1115 1118//1118 1116//1116
f 1117//1117 1119//1119 1120//1120
f 1117//1117 1120//1120 1118//1118
f 1119//1119 1121//1121 1122//1122
f 1119//1119 1122//1122 1120//1120
f 1121//1121 1123//1123 1124//1124
f 1121//1121 1124//1124 1122//1122
f 1123//1123 1125//1125 1126//1126
f 1123//1123 1126//1126 1124//1124
f 1125//1125 1127//1127 1128//1128
f 1125//1125 1128//1128 1126//1126
f 1127//1127 1129//1129 1130//1130
f 1127//1127 1130//1130 1128//1128
f 1129//1129 1131//1131 1132//1132
f 1129//1129 1132//1132 1130//1130
f 1131//1131 1133//1133 1134//1134
f 1131//1131 1134//1134 1132//1132
f 1133//1133 1135//1135 1136//1136
f 1133//1133 1136//1136 1134//1134
f 1135//1135 1137//1137 1138//1138
f 1135//1135 1138//1138 1136//1136
f 1137//1137 1139//1139 1140//1140
f 1137//1137 1140//1140 1138//1138
f 1139//1139 1141//1141 1142//1142
f 1139//1139 1142//1142 1140//1140
f 1141//1141 1143//1143 1144//1144
f 1141//1141 1144//1144 1142//1142
f 1143//1143 1145//1145 1146//1146
f 1143//1143 1146//1146 1144//1144
f 1145//1145 1147//1147 1148//1148
f 1145//1145 1148//1148 1146//1146
f 1147//1147 1149//1149 1150//1150
f 1147//1147 1150//1150 1148//1148
f 1149//1149 1151//1151 1152//1152
f 1149//1149 1152//1152 1150//1150
f 1151//1151 1153//1153 1154//1154
f 1151//1151 1154//1154 1152//1152
f 1153//1153 1155//1155 1156//1156
f 1153//1153 1156//1156 1154//1154
f 1155//1155 1157//1157 1158//1158
f 1155//1155 1158//1158 1156//1156
f 1157//1157 1159//1159 1160//1160
f 1157//1157 1160//1160 1158//1158
f 1159//1159 1161//1161 1162//1162
f 1159//1159 1162//1162 1160//1160
f 1161//1161 1163//1163 1164//1164
f 1161//1161 1164//1164 1162//1162
f 1163//1163 1165//1165 1166//1166
f 1163//1163 1166//1166 1164//1164
f 1165//1165 1167//1167 1168//1168
f 1165//1165 1168//1168 1166//1166
f 1167//1167 1169//1169 1170//1170
f 1167//1167 1170//1170 1168//1168
f 1169//1169 1171//1171 1172//1172
f 1169//1169 1172//1172 1170//1170
f 1171//1171 1173//1173 1174//1174
f 1171//1171 1174//1174 1172//1172
f 1173//1173 1175//1175 1176//1176
f 1173//1173 1176//1176 1174//1174
f 1175//1175 1177//1177 1178//1178
f 1175//1175 1178//1178 1176//1176
f 1177//1177 1179//1179 1180//1180
f 1177//1177 1180//1180 1178//1178
f 1179//1179 1181//1181 1182//1182
f 1179//1179 1182//1182 1180//1180
f 1181//1181 1183//1183 1184//1184
f 1181//1181 1184//1184 1182//1182
f 1183//1183 1185//1185 1186//1186
f 1183//1183 1186//1186 1184//1184
f 1185//1185 1187//1187 1188//1188
f 1185//1185 1188//1188 1186//1186
f 1187//1187 1189//1189 1190//1190
f 1187//1187 1190//1190 1188//1188
f 1189//1189 1191//1191 1192//1192
f 1189//1189 1192//1192 1190//1190
f 1191//1191 1193//1193 1194//1194
f 1191//1191 1194//1194 1192//1192
f 1193//1193 1195//1195 1196//1196
f 1193//1193 1196//1196 1194//1194
f 1195//1195 1197//1197 1198//1198
f 1195//1195 1198//1198 1196//1196
f 1197//1197 1199//1199 1200//1200
f 1197//1197 1200//1200 1198//1198
f 1199//1199 1201//1201 1202//1202
f 1199//1199 1202//1202 1200//1200
f 1201//1201 1203//1203 1204//1204
f 1201//1201 1204//1204 1202//1202
f 1203//1203 1205//1205 1206//1206
f 1203//1203 1206//1206 1204//1204
f 1205//1205 1207//1207 1208//1208
f 1205//1205 1208//1208 1206//1206
f 1207//1207 1209//1209 1210//1210
f 1207//1207 1210//1210 1208//1208
f 1209//1209 1211//1211 1212//1212
f 1209//1209 1212//1212 1210//1210
f 1211//1211 1213//1213 1214//1214
f 1211//1211 1214//1214 1212//1212
f 1213//1213 1215//1215 1216//1216
f 1213//1213 1216//1216 1214//1214
f 1215//1215 1217//1217 1218//1218
f 1215//1215 1218//1218 1216//1216
f 1217//1217 1219//1219 1220//1220
f 1217//1217 1220//1220 1218//1218
f 1219//1219 1221//1221 1222//1222
f 1219//1219 1222//1222 1220//1220
f 1221//1221 1223//1223 1224//1224
f 1221//1221 1224//1224 1222//1222
f 1223//1223 1225//1225 1226//1226
f 1223//1223 1226//1226 1224//1224
f 1225//1225 1227//1227 1228//1228
f 1225//1225 1228//1228 1226//1226
f 1227//1227 1229//1229 1230//1230
f 1227//1227 1230//1230 1228//1228
f 1229//1229 1231//1231 1232//1232
f 1229//1229 1232//1232 1230//1230
f 1231//1231 1233//1233 1234//1234
f 1231//1231 1234//1234 1232//1232
f 1233//1233 1235//1235 1236//1236
f 1233//1233 1236//1236 1234//1234
f 1235//1235 1237//1237 1238//1238
f 1235//1235 1238//1238 1236//1236
f 1237//1237 1239//1239 1240//1240
f 1237//1237 1240//1240 1238//1238
f 1239//1239 1241//1241 1242//1242
f 1239//1239 1242//1242 1240//1240
f 1241//1241 1243//1243 1244//1244
f 1241//1241 1244//1244 1242//1242
f 1243//1243 1245//1245 1246//1246
f 1243//1243 1246//1246 1244//1244
f 1245//1245 1247//1247 1248//1248
f 1245//1245 1248//1248 1246//1246
f 1247//1247 1249//1249 1250//1250
f 1247//1247 1250//1250 1248//1248
f 1249//1249 1251//1251 1252//1252
f 1249//1249 1252//1252 1250//1250
f 1251//1251 1253//1253 1254//1254
f 1251//1251 1254//1254 1252//1252
f 1253//1253 1255//1255 1256//1256
f 1253//1253 1256//1256 1254//1254
f 1255//1255 1257//1257 1258//1258
f 1255//1255 1258//1258 1256//1256
f 1257//1257 1259//1259 1260//1260
f 1257//1257 1260//1260 1258//1258
f 1259//1259 1261//1261 1262//1262
f 1259//1259 1262//1262 1260//1260
f 1261//1261 1263//1263 1264//1264
f 1261//1261 1264//1264 1262//1262
f 1263//1263 1265//1265 1266//1266
f 1263//1263 1266//1266 1264//1264
f 1265//1265 1267//1267 1268//1268
f 1265//1265 1268//1268 1266//1266
f 1267//1267 1269//1269 1270//1270
f 1267//1267 1270//1270 1268//1268
f 1269//1269 1271//1271 1272//1272
f 1269//1269 1272//1272 1270//1270
f 1271//1271 1273//1273 1274//1274
f 1271//1271 1274//1274 1272//1272
f 1273//1273 1275//1275 1276//1276
f 1273//1273 1276//1276 1274//1274
f 1275//1275 1277//1277 1278//1278
f 1275//1275 1278//1278 1276//1276
f 1277//1277 1279//1279 1280//1280
f 1277//1277 1280//1280 1278//1278
f 1279//1279 1281//1281 1282//1282
f 1279//1279 1282//1282 1280//1280
f 1281//1281 1283//1283 1284//1284
f 1281//1281 1284//1284 1282//1282
f 1283//1283 1285//1285 1286//1286
f 1283//1283 1286//1286 1284//1284
f 1285//1285 1287//1287 1288//1288
f 1285//1285 1288//1288 1286//1286
f 1287//1287 1289//1289 1290//1290
f 1287//1287 1290//1290 1288//1288
f 1289//1289 1291//1291 1292//1292
f 1289//1289 1292//1292 1290//1290
f 1291//1291 1293//1293 1294//1294
f 1291//1291 1294//1294 1292//1292
f 1293//1293 1295//1295 1296//1296
f 1293//1293 1296//1296 1294//1294
f 1295//1295 1297//1297 1298//1298
f 1295//1295 1298//1298 1296//1296
f 1297//1297 1299//1299 1300//1300
f 1297//1297 1300//1300 1298//1298
f 1299//1299 1301//1301 1302//1302
f 1299//1299 1302//1302 1300//1300
f 1301//1301 1303//1303 1304//1304
f 1301//1301 1304//1304 1302//1302
f 1303//1303 1305//1305 1306//1306
f 1303//1303 1306//1306 1304//1304
f 1305//1305 1307//1307 1308//1308
f 1305//1305 1308//1308 1306//1306
f 1307//1307 1309//1309 1310//1310
f 1307//1307 1310//1310 1308//1308
f 1309//1309 1311//1311 1312//1312
f 1309//1309 1312//1312 1310//1310
f 1311//1311 1313//1313 1314//1314
f 1311//1311 1314//1314 1312//1312
f 1313//1313 1315//1315 1316//1316
f 1313//1313 1316//1316 1314//1314
f 1315//1315 1317//1317 1318//1318
f 1315//1315 1318//1318 1316//1316
f 1317//1317 1319//1319 1320//1320
f 1317//1317 1320//1320 1318//1318
f 1319//1319 1321//1321 1322//1322
f 1319//1319 1322//1322 1320//1320
f 1321//1321 1323//1323 1324//1324
f 1321//1321 1324//1324 1322//1322
f 1323//1323 1325//1325 1326//1326
f 1323//1323 1326//1326 1324//1324
f 1325//1325 1327//1327 1328//1328
f 1325//1325 1328//1328 1326//1326
f 1327//1327 1329//1329 1330//1330
f 1327//1327 1330//1330 1328//1328
f 1329//1329 1331//1331 1332//1332
f 1329//1329 1332//1332 1330//1330
f 1331//1331 1333//1333 1334//1334
f 1331//1331 1334//1334 1332//1332
f 1333//1333 1335//1335 1336//1336
f 1333//1333 1336//1336 1334//1334
f 1335//1335 1337//1337 1338//1338
f 1335//1335 1338//1338 1336//1336
f 1337//1337 1339//1339 1340//1340
f 1337//1337 1340//1340 1338//1338
f 1339//1339 1341//1341 1342//1342
f 1339//1339 1342//1342 1340//1340
f 1341//1341 1343//1343 1344//1344
f 1341//1341 1344//1344 1342//1342
f 1343//1343 1345//1345 1346//1346
f 1343//1343 1346//1346 1344//1344
f 1345//1345 1347//1347 1348//1348
f 1345//1345 1348//1348 1346//1346
f 1347//1347 1349//1349 1350//1350
f 1347//1347 1350//1350 1348//1348
f 1349//1349 1351//1351 1352//1352
f 1349//1349 1352//1352 1350//1350
f 1351//1351 1353//1353 1354//1354
f 1351//1351 1354//1354 1352//1352
f 1353//1353 1355//1355 1356//1356
f 1353//1353 1356//1356 1354//1354
f 1355//1355 1357//1357 1358//1358
f 1355//1355 1358//1358 1356//1356
f 1357//1357 1359//1359 1360//1360
f 1357//1357 1360//1360 1358//1358
f 1359//1359 1361//1361 1362//1362
f 1359//1359 1362//1362 1360//1360
f 1361//1361 1363//1363 1364//1364
f 1361//1361 1364//1364 1362//1362
f 1363//1363 1365//1365 1366//1366
f 1363//1363 1366//1366 1364//1364
f 1365//1365 1367//1367 1368//1368
f 1365//1365 1368//1368 1366//1366
f 1367//1367 1369//1369 1370//1370
f 1367//1367 1370//1370 1368//1368
f 1369//1369 1371//1371 1372//1372
f 1369//1369 1372//1372 1370//1370
f 1371//1371 1373//1373 1374//1374
f 1371//1371 1374//1374 1372//1372
f 1373//1373 1375//1375 1376//1376
f 1373//1373 1376//1376 1374//1374
f 1375//1375 1377//1377 1378//1378
f 1375//1375 1378//1378 1376//1376
f 1377//1377 1379//1379 1380//1380
f 1377//1377 1380//1380 1378//1378
f 1379//1379 1381//1381 1382//1382
f 1379//1379 1382//1382 1380//1380
f 1381//1381 1383//1383 1384//1384
f 1381//1381 1384//1384 1382//1382
f 1383//1383 1385//1385 1386//1386
f 1383//1383 1386//1386 1384//1384
f 1385//1385 1387//1387 1388//1388
f 1385//1385 1388//1388 1386//1386
f 1387//1387 1389//1389 1390//1390
f 1387//1387 1390//1390 1388//1388
f 1389//1389 1391//1391 1392//1392
f 1389//1389 1392//1392 1390//1390
f 1391//1391 1393//1393 1394//1394
f 1391//1391 1394//1394 1392//1392
f 1393//1393 1395//1395 1396//1396
f 1393//1393 1396//1396 1394//1394
f 1395//1395 1397//1397 1398//1398
f 1395//1395 1398//1398 1396//1396
f 1397//1397 1399//1399 1400//1400
f 1397//1397 1400//1400 1398//1398
f 1399//1399 1401//1401 1402//1402
f 1399//1399 1402//1402 1400//1400
f 1401//1401 1403//1403 1404//1404
f 1401//1401 1404//1404 1402//1402
f 1403//1403 1405//1405 1406//1406
f 1403//1403 1406//1406 1404//1404
f 1405//1405 1407//1407 1408//1408
f 1405//1405 1408//1408 1406//1406
f 1407//1407 1409//1409 1410//1410
f 1407//1407 1410//1410 1408//1408
f 1409//1409 1411//1411 1412//1412
f 1409//1409 1412//1412 1410//1410
f 1411//1411 1413//1413 1414//1414
f 1411//1411 1414//1414 1412//1412
f 1413//1413 1415//1415 1416//1416
f 1413//1413 1416//1416 1414//1414
f 1415//1415 1417//1417 1418//1418
f 1415//1415 1418//1418 1416//1416
f 1417//1417 1419//1419 1420//1420
f 1417//1417 1420//1420 1418//1418
f 1419//1419 1421//1421 1422//1422
f 1419//1419 1422//1422 1420//1420
f 1421//1421 1423//1423 1424//1424
f 1421//1421 1424//1424 1422//1422
f 1423//1423 1425//1425 1426//1426
f 1423//1423 1426//1426 1424//1424
f 1425//1425 1427//1427 1428//1428
f 1425//1425 1428//1428 1426//1426
f 1427//1427 1429//1429 1430//1430
f 1427//1427 1430//1430 1428//1428
f 1429//1429 1431//1431 1432//1432
f 1429//1429 1432//1432 1430//1430
f 1431//1431 1433//1433 1434//1434
f 1431//1431 1434//1434 1432//1432
f 1433//1433 1435//1435 1436//1436
f 1433//1433 1436//1436 1434//1434
f 1435//1435 1437//1437 1438//1438
f 1435//1435 1438//1438 1436//1436
f 1437//1437 1439//1439 1440//1440
f 1437//1437 1440//1440 1438//1438
f 1439//1439 1441//1441 1442//1442
f 1439//1439 1442//1442 1440//1440
f 1441//1441 1443//1443 1444//1444
f 1441//1441 1444//1444 1442//1442
f 1443//1443 1445//1445 1446//1446
f 1443//1443 1446//1446 1444//1444
f 1445//1445 1447//1447 1448//1448
f 1445//1445 1448//1448 1446//1446
f 1447//1447 1449//1449 1450//1450
f 1447//1447 1450//1450 1448//1448
f 1449//1449 1451//1451 1452//1452
f 1449//1449 1452//1452 1450//1450
f 1451//1451 1453//1453 1454//1454
f 1451//1451 1454//1454 1452//1452
f 1453//1453 1455//1455 1456//1456
f 1453//1453 1456//1456 1454//1454
f 1455//1455 1457//1457 1458//1458
f 1455//1455 1458//1458 1456//1456
f 1457//1457 1459//1459 1460//1460
f 1457//1457 1460//1460 1458//1458
f 1459//1459 1461//1461 1462//1462
f 1459//1459 1462//1462 1460//1460
f 1461//1461 1463//1463 1464//1464
f 1461//1461 1464//1464 1462//1462
f 1463//1463 1465//1465 1466//1466
f 1463//1463 1466//1466 1464//1464
f 1465//1465 1467//1467 1468//1468
f 1465//1465 1468//1468 1466//1466
f 1467//1467 1469//1469 1470//1470
f 1467//1467 1470//1470 1468//1468
f 1469//1469 1471//1471 1472//1472
f 1469//1469 1472//1472 1470//1470
f 1471//1471 1473//1473 1474//1474
f 1471//1471 1474//1474 1472//1472
f 1473//1473 1475//1475 1476//1476
f 1473//1473 1476//1476 1474//1474
f 1475//1475 1477//1477 1478//1478
f 1475//1475 1478//1478 1476//1476
f 1477//1477 1479//1479 1480//1480
f 1477//1477 1480//1480 1478//1478
f 1479//1479 1481//1481 1482//1482
f 1479//1479 1482//1482 1480//1480
f 1481//1481 1483//1483 1484//1484
f 1481//1481 1484//1484 1482//1482
f 1483//1483 1485//1485 1486//1486
f 1483//1483 1486//1486 1484//1484
f 1485//1485 1487//1487 1488//1488
f 1485//1485 1488//1488 1486//1486
f 1487//1487 1489//1489 1490//1490
f 1487//1487 1490//1490 1488//1488
f 1489//1489 1491//1491 1492//1492
f 1489//1489 1492//1492 1490//1490
f 1491//1491 1493//1493 1494//1494
f 1491//1491 1494//1494 1492//1492
f 1493//1493 1495//1495 1496//1496
f 1493//1493 1496//1496 1494//1494
f 1495//1495 1497//1497 1498//1498
f 1495//1495 1498//1498 1496//1496
f 1497//1497 1499//1499 1500//1500
f 1497//1497 1500//1500 1498//1498
f 1499//1499 1501//1501 1502//1502
f 1499//1499 1502//1502 1500//1500
f 1501//1501 1503//1503 1504//1504
f 1501//1501 1504//1504 1502//1502
f 1503//1503 1505//1505 1506//1506
f 1503//1503 1506//1506 1504//1504
f 1505//1505 1507//1507 1508//1508
f 1505//1505 1508//1508 1506//1506
f 1507//1507 1509//1509 1510//1510
f 1507//1507 1510//1510 1508//1508
f 1509//1509 1511//1511 1512//1512
f 1509//1509 1512//1512 1510//1510
f 1511//1511 1513//1513 1514//1514
f 1511//1511 1514//1514 1512//1512
f 1513//1513 1515//1515 1516//1516
f 1513//1513 1516//1516 1514//1514
f 1515//1515 1517//1517 1518//1518
f 1515//1515 1518//1518 1516//1516
f 1517//1517 1519//1519 1520//1520
f 1517//1517 1520//1520 1518//1518
f 1519//1519 1521//1521 1522//1522
f 1519//1519 1522//1522 1520//1520
f 1521//1521 1523//1523 1524//1524
f 1521//1521 1524//1524 1522//1522
f 1523//1523 1525//1525 1526//1526
f 1523//1523 1526//1526 1524//1524
f 1525//1525 1527//1527 1528//1528
f 1525//1525 1528//1528 1526//1526
f 1527//1527 1529//1529 1530//1530
f 1527//1527 1530//1530 1528//1528
f 1529//1529 1531//1531 1532//1532
f 1529//1529 1532//1532 1530//1530
f 1531//1531 1533//1533 1534//1534
f 1531//1531 1534//1534 1532//1532
f 1533//1533 1535//1535 1536//1536
f 1533//1533 1536//1536 1534//1534
f 1535//1535 1537//1537 1538//1538
f 1535//1535 1538//1538 1536//1536
f 1537//1537 1539//1539 1540//1540
f 1537//1537 1540//1540 1538//1538
f 1539//1539 1541//1541 1542//1542
f 1539//1539 1542//1542 1540//1540
f 1541//1541 1543//1543 1544//1544
f 1541//1541 1544//1544 1542//1542
f 1543//1543 1545//1545 1546//1546
f 1543//1543 1546//1546 1544//1544
f 1545//1545 1547//1547 1548//1548
f 1545//1545 1548//1548 1546//1546
f 1547//1547 1549//1549 1550//1550
f 1547//1547 1550//1550 1548//1548
f 1549//1549 1551//1551 1552//1552
f 1549//1549 1552//1552 1550//1550
f 1551//1551 1553//1553 1554//1554
f 1551//1551 1554//1554 1552//1552
f 1553//1553 1555//1555 1556//1556
f 1553//1553 1556//1556 1554//1554
f 1555//1555 1557//1557 1558//1558
f 1555//1555 1558//1558 1556//1556
f 1557//1557 1559//1559 1560//1560
f 1557//1557 1560//1560 1558//1558
f 1559//1559 1561//1561 1562//1562
f 1559//1559 1562//1562 1560//1560
f 1561//1561 1563//1563 1564//1564
f 1561//1561 1564//1564 1562//1562
f 1563//1563 1565//1565 1566//1566
f 1563//1563 1566//1566 1564//1564
f 1565//1565 1567//1567 1568//1568
f 1565//1565 1568//1568 1566//1566
f 1567//1567 1569//1569 1570//1570
f 1567//1567 1570//1570 1568//1568
f 1569//1569 1571//1571 1572//1572
f 1569//1569 1572//1572 1570//1570
f 1571//1571 1573//1573 1574//1574
f 1571//1571 1574//1574 1572//1572
f 1573//1573 1575//1575 1576//1576
f 1573//1573 1576//1576 1574//1574
f 1575//1575 1577//1577 1578//1578
f 1575//1575 1578//1578 1576//1576
f 1577//1577 1579//1579 1580//1580
f 1577//1577 1580//1580 1578//1578
f 1579//1579 1581//1581 1582//1582
f 1579//1579 1582//1582 1580//1580
f 1581//1581 1583//1583 1584//1584
f 1581//1581 1584//1584 1582//1582
f 1583//1583 1585//1585 1586//1586
f 1583//1583 1586//1586 1584//1584
f 1585//1585 1587//1587 1588//1588
f 1585//1585 1588//1588 1586//1586
f 1587//1587 1589//1589 1590//1590
f 1587//1587 1590//1590 1588//1588
f 1589//1589 1591//1591 1592//1592
f 1589//1589 1592//1592 1590//1590
f 1591//1591 1593//1593 1594//1594
f 1591//1591 1594//1594 1592//1592
f 1593//1593 1595//1595 1596//1596
f 1593//1593 1596//1596 1594//1594
f 1595//1595 1597//1597 1598//1598
f 1595//1595 1598//1598 1596//1596
f 1597//1597 1599//1599 1600//1600
f 1597//1597 1600//1600 1598//1598
f 1599//1599 1601//1601 1602//1602
f 1599//1599 1602//1602 1600//1600
f 1601//1601 1603//1603 1604//1604
f 1601//1601 1604//1604 1602//1602
f 1603//1603 1605//1605 1606//1606
f 1603//1603 1606//1606 1604//1604
f 1605//1605 1607//1607 1608//1608
f 1605//1605 1608//1608 1606//1606
f 1607//1607 1609//1609 1610//1610
f 1607//1607 1610//1610 1608//1608
f 1609//1609 1611//1611 1612//1612
f 1609//1609 1612//1612 1610//1610
f 1611//1611 1613//1613 1614//1614
f 1611//1611 1614//1614 1612//1612
f 1613//1613 1615//1615 1616//1616
f 1613//1613 1616//1616 1614//1614
f 1615//1615 1617//1617 1618//1618
f 1615//1615 1618//1618 1616//1616
f 1617//1617 1619//1619 1620//1620
f 1617//1617 1620//1620 1618//1618
f 1619//1619 1621//1621 1622//1622
f 1619//1619 1622//1622 1620//1620
f 1621//1621 1623//1623 1624//1624
f 1621//1621 1624//1624 1622//1622
f 1623//1623 1625//1625 1626//1626
f 1623//1623 1626//1626 1624//1624
f 1625//1625 1627//1627 1628//1628
f 1625//1625 1628//1628 1626//1626
f 1627//1627 1629//1629 1630//1630
f 1627//1627 1630//1630 1628//1628
f 1629//1629 1631//1631 1632//1632
f 1629//1629 1632//1632 1630//1630
f 1631//1631 1633//1633 1634//1634
f 1631//1631 1634//1634 1632//1632
f 1633//1633 1635//1635 1636//1636
f 1633//1633 1636//1636 1634//1634
f 1635//1635 1637//1637 1638//1638
f 1635//1635 1638//1638 1636//1636
f 1637//1637 1639//1639 1640//1640
f 1637//1637 1640//1640 1638//1638
f 1639//1639 1641//1641 1642//1642
f 1639//1639 1642//1642 1640//1640
f 1641//1641 1643//1643 1644//1644
f 1641//1641 1644//1644 1642//1642
f 1643//1643 1645//1645 1646//1646
f 1643//1643 1646//1646 1644//1644
f 1645//1645 1647//1647 1648//1648
f 1645//1645 1648//1648 1646//1646
f 1647//1647 1649//1649 1650//1650
f 1647//1647 1650//1650 1648//1648
f 1649//1649 1651//1651 1652//1652
f 1649//1649 1652//1652 1650//1650
f 1651//1651 1653//1653 1654//1654
f 1651//1651 1654//1654 1652//1652
f 1653//1653 1655//1655 1656//1656
f 1653//1653 1656//1656 1654//1654
f 1655//1655 1657//1657 1658//1658
f 1655//1655 1658//1658 1656//1656
f 1657//1657 1659//1659 1660//1660
f 1657//1657 1660//1660 1658//1658
f 1659//1659 1661//1661 1662//1662
f 1659//1659 1662//1662 1660//1660
f 1661//1661 1663//1663 1664//1664
f 1661//1661 1664//1664 1662//1662
f 1663//1663 1665//1665 1666//1666
f 1663//1663 1666//1666 1664//1664
f 1665//1665 1667//1667 1668//1668
f 1665//1665 1668//1668 1666//1666
f 1667//1667 1669//1669 1670//1670
f 1667//1667 1670//1670 1668//1668
f 1669//1669 1671//1671 1672//1672
f 1669//1669 1672//1672 1670//1670
f 1671//1671 1673//1673 1674//1674
f 1671//1671 1674//1674 1672//1672
f 1673//1673 1675//1675 1676//1676
f 1673//1673 1676//1676 1674//1674
f 1675//1675 1677//1677 1678//1678
f 1675//1675 1678//1678 1676//1676
f 1677//1677 1679//1679 1680//1680
f 1677//1677 1680//1680 1678//1678
f 1679//1679 1681//1681 1682//1682
f 1679//1679 1682//1682 1680//1680
f 1681//1681 1683//1683 1684//1684
f 1681//1681 1684//1684 1682//1682
f 1683//1683 1685//1685 1686//1686
f 1683//1683 1686//1686 1684//1684
f 1685//1685 1687//1687 1688//1688
f 1685//1685 1688//1688 1686//1686
f 1687//1687 1689//1689 1690//1690
f 1687//1687 1690//1690 1688//1688
f 1689//1689 1691//1691 1692//1692
f 1689//1689 1692//1692 1690//1690
f 1691//1691 1693//1693 1694//1694
f 1691//1691 1694//1694 1692//1692
f 1693//1693 1695//1695 1696//1696
f 1693//1693 1696//1696 1694//1694
f 1695//1695 1697//1697 1698//1698
f 1695//1695 1698//1698 1696//1696
f 1697//1697 1699//1699 1700//1700
f 1697//1697 1700//1700 1698//1698
f 1699//1699 1701//1701 1702//1702
f 1699//1699 1702//1702 1700//1700
f 1701//1701 1703//1703 1704//1704
f 1701//1701 1704//1704 1702//1702
f 1703//1703 1705//1705 1706//1706
f 1703//1703 1706//1706 1704//1704
f 1705//1705 1707//1707 1708//1708
f 1705//1705 1708//1708 1706//1706
f 1707//1707 1709//1709 1710//1710
f 1707//1707 1710//1710 1708//1708
f 1709//1709 1711//1711 1712//1712
f 1709//1709 1712//1712 1710//1710
f 1711//1711 1713//1713 1714//1714
f 1711//1711 1714//1714 1712//1712
f 1713//1713 1715//1715 1716//1716
f 1713//1713 1716//1716 1714//1714
f 1715//1715 1717//1717 1718//1718
f 1715//1715 1718//1718 1716//1716
f 1717//1717 1719//1719 1720//1720
f 1717//1717 1720//1720 1718//1718
f 1719//1719 1721//1721 1722//1722
f 1719//1719 1722//1722 1720//1720
f 1721//1721 1723//1723 1724//1724
f 1721//1721 1724//1724 1722//1722
f 1723//1723 1725//1725 1726//1726
f 1723//1723 1726//1726 1724//1724
f 1725//1725 1727//1727 1728//1728
f 1725//1725 1728//1728 1726//1726
f 1727//1727 1729//1729 1730//1730
f 1727//1727 1730//1730 1728//1728
f 1729//1729 1731//1731 1732//1732
f 1729//1729 1732//1732 1730//1730
f 1731//1731 1733//1733 1734//1734
f 1731//1731 1734//1734 1732//1732
f 1733//1733 1735//1735 1736//1736
f 1733//1733 1736//1736 1734//1734
f 1735//1735 1737//1737 1738//1738
f 1735//1735 1738//1738 1736//1736
f 1737//1737 1739//1739 1740//1740
f 1737//1737 1740//1740 1738//1738
f 1739//1739 1741//1741 1742//1742
f 1739//1739 1742//1742 1740//1740
f 1741//1741 1743//1743 1744//1744
f 1741//1741 1744//1744 1742//1742
f 1743//1743 1745//1745 1746//1746
f 1743//1743 1746//1746 1744//1744
f 1745//1745 1747//1747 1748//1748
f 1745//1745 1748//1748 1746//1746
f 1747//1747 1749//1749 1750//1750
f 1747//1747 1750//1750 1748//1748
f 1749//1749 1751//1751 1752//1752
f 1749//1749 1752//1752 1750//1750
f 1751//1751 1753//1753 1754//1754
f 1751//1751 1754//1754 1752//1752
f 1753//1753 1755//1755 1756//1756
f 1753//1753 1756//1756 1754//1754
f 1755//1755 1757//1757 1758//1758
f 1755//1755 1758//1758 1756//1756
f 1757//1757 1759//1759 1760//1760
f 1757//1757 1760//1760 1758//1758
f 1759//1759 1761//1761 1762//1762
f 1759//1759 1762//1762 1760//1760
f 1761//1761 1763//1763 1764//1764
f 1761//1761 1764//1764 1762//1762
f 1763//1763 1765//1765 1766//1766
f 1763//1763 1766//1766 1764//1764
f 1765//1765 1767//1767 1768//1768
f 1765//1765 1768//1768 1766//1766
f 1767//1767 1769//1769 1770//1770
f 1767//1767 1770//1770 1768//1768
f 1769//1769 1771//1771 1772//1772
f 1769//1769 1772//1772 1770//1770
f 1771//1771 1773//1773 1774//1774
f 1771//1771 1774//1774 1772//1772
f 1773//1773 1775//1775 1776//1776
f 1773//1773 1776//1776 1774//1774
f 1775//1775 1777//1777 1778//1778
f 1775//1775 1778//1778 1776//1776
f 1777//1777 1779//1779 1780//1780
f 1777//1777 1780//1780 1778//1778
f 1779//1779 1781//1781 1782//1782
f 1779//1779 1782//1782 1780//1780
f 1781//1781 1783//1783 1784//1784
f 1781//1781 1784//1784 1782//1782
f 1783//1783 1785//1785 1786//1786
f 1783//1783 1786//1786 1784//1784
f 1785//1785 1787//1787 1788//1788
f 1785//1785 1788//1788 1786//1786
f 1787//1787 1789//1789 1790//1790
f 1787//1787 1790//1790 1788//1788
f 1789//1789 1791//1791 1792//1792
f 1789//1789 1792//1792 1790//1790
f 1791//1791 1793//1793 1794//1794
f 1791//1791 1794//1794 1792//1792
f 1793//1793 1795//1795 1796//1796
f 1793//1793 1796//1796 1794//1794
f 1795//1795 1797//1797 1798//1798
f 1795//1795 1798//1798 1796//1796
f 1797//1797 1799//1799 1800//1800
f 1797//1797 1800//1800 1798//1798
f 1799//1799 1801//1801 1802//1802
f 1799//1799 1802//1802 1800//1800
f 1801//1801 1803//1803 1804//1804
f 1801//1801 1804//1804 1802//1802
f 1803//1803 1805//1805 1806//1806
f 1803//1803 1806//1806 1804//1804
f 1805//1805 1807//1807 1808//1808
f 1805//1805 1808//1808 1806//1806
f 1807//1807 1809//1809 1810//1810
f 1807//1807 1810//1810 1808//1808
f 1809//1809 1811//1811 1812//1812
f 1809//1809 1812//1812 1810//1810
f 1811//1811 1813//1813 1814//1814
f 1811//1811 1814//1814 1812//1812
f 1813//1813 1815//1815 1816//1816
f 1813//1813 1816//1816 1814//1814
f 1815//1815 1817//1817 1818//1818
f 1815//1815 1818//1818 1816//1816
f 1817//1817 1819//1819 1820//1820
f 1817//1817 1820//1820 1818//1818
f 1819//1819 1821//1821 1822//1822
f 1819//1819 1822//1822 1820//1820
f 1821//1821 1823//1823 1824//1824
f 1821//1821 1824//1824 1822//1822
f 1823//1823 1825//1825 1826//1826
f 1823//1823 1826//1826 1824//1824
f 1825//1825 1827//1827 1828//1828
f 1825//1825 1828//1828 1826//1826
f 1827//1827 1829//1829 1830//1830
f 1827//1827 1830//1830 1828//1828
f 1829//1829 1831//1831 1832//1832
f 1829//1829 1832//1832 1830//1830
f 1831//1831 1833//1833 1834//1834
f 1831//1831 1834//1834 1832//1832
f 1833//1833 1835//1835 1836//1836
f 1833//1833 1836//1836 1834//1834
f 1835//1835 1837//1837 1838//1838
f 1835//1835 1838//1838 1836//1836
f 1837//1837 1839//1839 1840//1840
f 1837//1837 1840//1840 1838//1838
f 1839//1839 1841//1841 1842//1842
f 1839//1839 1842//1842 1840//1840
f 1841//1841 1843//1843 1844//1844
f 1841//1841 1844//1844 1842//1842
f 1843//1843 1845//1845 1846//1846
f 1843//1843 1846//1846 1844//1844
f 1845//1845 1847//1847 1848//1848
f 1845//1845 1848//1848 1846//1846
f 1847//1847 1849//1849 1850//1850
f 1847//1847 1850//1850 1848//1848
f 1849//1849 1851//1851 1852//1852
f 1849//1849 1852//1852 1850//1850
f 1851//1851 1853//1853 1854//1854
f 1851//1851 1854//1854 1852//1852
f 1853//1853 1855//1855 1856//1856
f 1853//1853 1856//1856 1854//1854
f 1855//1855 1857//1857 1858//1858
f 1855//1855 1858//1858 1856//1856
f 1857//1857 1859//1859 1860//1860
f 1857//1857 1860//1860 1858//1858
f 1859//1859 1861//1861 1862//1862
f 1859//1859 1862//1862 1860//1860
f 1861//1861 1863//1863 1864//1864
f 1861//1861 1864//1864 1862//1862
f 1863//1863 1865//1865 1866//1866
f 1863//1863 1866//1866 1864//1864
f 1865//1865 1867//1867 1868//1868
f 1865//1865 1868//1868 1866//1866
f 1867//1867 1869//1869 1870//1870
f 1867//1867 1870//1870 1868//1868
f 1869//1869 1871//1871 1872//1872
f 1869//1869 1872//1872 1870//1870
f 1871//1871 1873//1873 1874//1874
f 1871//1871 1874//1874 1872//1872
f 1873//1873 1875//1875 1876//1876
f 1873//1873 1876//1876 1874//1874
f 1875//1875 1877//1877 1878//1878
f 1875//1875 1878//1878 1876//1876
f 1877//1877 1879//1879 1880//1880
f 1877//1877 1880//1880 1878//1878
f 1879//1879 1881//1881 1882//1882
f 1879//1879 1882//1882 1880//1880
f 1881//1881 1883//1883 1884//1884
f 1881//1881 1884//1884 1882//1882
f 1883//1883 1885//1885 1886//1886
f 1883//1883 1886//1886 1884//1884
f 1885//1885 1887//1887 1888//1888
f 1885//1885 1888//1888 1886//1886
f 1887//1887 1889//1889 1890//1890
f 1887//1887 1890//1890 1888//1888
f 1889//1889 1891//1891 1892//1892
f 1889//1889 1892//1892 1890//1890
f 1891//1891 1893//1893 1894//1894
f 1891//1891 1894//1894 1892//1892
f 1893//1893 1895//1895 1896//1896
f 1893//1893 1896//1896 1894//1894
f 1895//1895 1897//1897 1898//1898
f 1895//1895 1898//1898 1896//1896
f 1897//1897 1899//1899 1900//1900
f 1897//1897 1900//1900 1898//1898
f 1899//1899 1901//1901 1902//1902
f 1899//1899 1902//1902 1900//1900
f 1901//1901 1903//1903 1904//1904
f 1901//1901 1904//1904 1902//1902
f 1903//1903 1905//1905 1906//1906
f 1903//1903 1906//1906 1904//1904
f 1905//1905 1907//1907 1908//1908
f 1905//1905 1908//1908 1906//1906
f 1907//1907 1909//1909 1910//1910
f 1907//1907 1910//1910 1908//1908
f 1909//1909 1911//1911 1912//1912
f 1909//1909 1912//1912 1910//1910
f 1911//1911 1913//1913 1914//1914
f 1911//1911 1914//1914 1912//1912
f 1913//1913 1915//1915 1916//1916
f 1913//1913 1916//1916 1914//1914
f 1915//1915 1917//1917 1918//1918
f 1915//1915 1918//1918 1916//1916
f 1917//1917 1919//1919 1920//1920
f 1917//1917 1920//1920 1918//1918
f 1919//1919 1921//1921 1922//1922
f 1919//1919 1922//1922 1920//1920
f 1921//1921 1923//1923 1924//1924
f 1921//1921 1924//1924 1922//1922
f 1923//1923 1925//1925 1926//1926
f 1923//1923 1926//1926 1924//1924
f 1925//1925 1927//1927 1928//1928
f 1925//1925 1928//1928 1926//1926
f 1927//1927 1929//1929 1930//1930
f 1927//1927 1930//1930 1928//1928
f 1929//1929 1931//1931 1932//1932
f 1929//1929 1932//1932 1930//1930
f 1931//1931 1933//1933 1934//1934
f 1931//1931 1934//1934 1932//1932
f 1933//1933 1935//1935 1936//1936
f 1933//1933 1936//1936 1934//1934
f 1935//1935 1937//1937 1938//1938
f 1935//1935 1938//1938 1936//1936
f 1937//1937 1939//1939 1940//1940
f 1937//1937 1940//1940 1938//1938
f 1939//1939 1941//1941 1942//1942
f 1939//1939 1942//1942 1940//1940
f 1941//1941 1943//1943 1944//1944
f 1941//1941 1944//1944 1942//1942
f 1943//1943 1945//1945 1946//1946
f 1943//1943 1946//1946 1944//1944
f 1945//1945 1947//1947 1948//1948
f 1945//1945 1948//1948 1946//1946
f 1947//1947 1949//1949 1950//1950
f 1947//1947 1950//1950 1948//1948
f 1949//1949 1951//1951 1952//1952
f 1949//1949 1952//1952 1950//1950
f 1951//1951 1953//1953 1954//1954
f 1951//1951 1954//1954 1952//1952
f 1953//1953 1955//1955 1956//1956
f 1953//1953 1956//1956 1954//1954
f 1955//1955 1957//1957 1958//1958
f 1955//1955 1958//1958 1956//1956
f 1957//1957 1959//1959 1960//1960
f 1957//1957 1960//1960 1958//1958
f 1959//1959 1961//1961 1962//1962
f 1959//1959 1962//1962 1960//1960
f 1961//1961 1963//1963 1964//1964
f 1961//1961 1964//1964 1962//1962
f 1963//1963 1965//1965 1966//1966
f 1963//1963 1966//1966 1964//1964
f 1965//1965 1967//1967 1968//1968
f 1965//1965 1968//1968 1966//1966
f 1967//1967 1969//1969 1970//1970
f 1967//1967 1970//1970 1968//1968
f 1969//1969 1971//1971 1972//1972
f 1969//1969 1972//1972 1970//1970
f 1971//1971 1973//1973 1974//1974
f 1971//1971 1974//1974 1972//1972
f 1973//1973 1975//1975 1976//1976
f 1973//1973 1976//1976 1974//1974
f 1975//1975 1977//1977 1978//1978
f 1975//1975 1978//1978 1976//1976
f 1977//1977 1979//1979 1980//1980
f 1977//1977 1980//1980 1978//1978
f 1979//1979 1981//1981 1982//1982
f 1979//1979 1982//1982 1980//1980
f 1981//1981 1983//1983 1984//1984
f 1981//1981 1984//1984 1982//1982
f 1983//1983 1985//1985 1986//1986
f 1983//1983 1986//1986 1984//1984
f 1985//1985 1987//1987 1988//1988
f 1985//1985 1988//1988 1986//1986
f 1987//1987 1989//1989 1990//1990
f 1987//1987 1990//1990 1988//1988
f 1989//1989 1991//1991 1992//1992
f 1989//1989 1992//1992 1990//1990
f 1991//1991 1993//1993 1994//1994
f 1991//1991 1994//1994 1992//1992
f 1993//1993 1995//1995 1996//1996
f 1993//1993 1996//1996 1994//1994
f 1995//1995 1997//1997 1998//1998
f 1995//1995 1998//1998 1996//1996
f 1997//1997 1999//1999 2000//2000
f 1997//1997 2000//2000 1998//1998
f 1999//1999 2001//2001 2002//2002
f 1999//1999 2002//2002 2000//2000
f 2001//2001 2003//2003 2004//2004
f 2001//2001 2004//2004 2002//2002
f 2003//2003 2005//2005 2006//2006
f 2003//2003 2006//2006 2004//2004
f 2005//2005 2007//2007 2008//2008
f 2005//2005 2008//2008 2006//2006
f 2007//2007 2009//2009 2010//2010
f 2007//2007 2010//2010 2008//2008
f 2009//2009 2011//2011 2012//2012
f 2009//2009 2012//2012 2010//2010
f 2011//2011 2013//2013 2014//2014
f 2011//2011 2014//2014 2012//2012
f 2013//2013 2015//2015 2016//2016
f 2013//2013 2016//2016 2014//2014
f 2015//2015 2017//2017 2018//2018
f 2015//2015 2018//2018 2016//2016
f 2017//2017 2019//2019 2020//2020
f 2017//2017 2020//2020 2018//2018
f 2019//2019 2021//2021 2022//2022
f 2019//2019 2022//2022 2020//2020
f 2021//2021 2023//2023 2024//2024
f 2021//2021 2024//2024 2022//2022
f 2023//2023 2025//2025 2026//2026
f 2023//2023 2026//2026 2024//2024
f 2025//2025 2027//2027 2028//2028
f 2025//2025 2028//2028 2026//2026
f 2027//2027 2029//2029 2030//2030
f 2027//2027 2030//2030 2028//2028
f 2029//2029 2031//2031 2032//2032
f 2029//2029 2032//2032 2030//2030
f 2031//2031 2033//2033 2034//2034
f 2031//2031 2034//2034 2032//2032
f 2033//2033 2035//2035 2036//2036
f 2033//2033 2036//2036 2034//2034
f 2035//2035 2037//2037 2038//2038
f 2035//2035 2038//2038 2036//2036
f 2037//2037 2039//2039 2040//2040
f 2037//2037 2040//2040 2038//2038
f 2039//2039 2041//2041 2042//2042
f 2039//2039 2042//2042 2040//2040
f 2041//2041 2043//2043 2044//2044
f 2041//2041 2044//2044 2042//2042
f 2043//2043 2045//2045 2046//2046
f 2043//2043 2046//2046 2044//2044
f 2045//2045 2047//2047 2048//2048
f 2045//2045 2048//2048 2046//2046
f 2047//2047 2049//2049 2050//2050
f 2047//2047 2050//2050 2048//2048
f 2049//2049 2051//2051 2052//2052
f 2049//2049 2052//2052 2050//2050
f 2051//2051 2053//2053 2054//2054
f 2051//2051 2054//2054 2052//2052
f 2053//2053 2055//2055 2056//2056
f 2053//2053 2056//2056 2054//2054
f 2055//2055 2057//2057 2058//2058
f 2055//2055 2058//2058 2056//2056
f 2057//2057 2059//2059 2060//2060
f 2057//2057 2060//2060 2058//2058
f 2059//2059 2061//2061 2062//2062
f 2059//2059 2062//2062 2060//2060
f 2061//2061 2063//2063 2064//2064
f 2061//2061 2064//2064 2062//2062
f 2063//2063 2065//2065 2066//2066
f 2063//2063 2066//2066 2064//2064
f 2065//2065 2067//2067 2068//2068
f 2065//2065 2068//2068 2066//2066
f 2067//2067 2069//2069 2070//2070
f 2067//2067 2070//2070 2068//2068
f 2069//2069 2071//2071 2072//2072
f 2069//2069 2072//2072 2070//2070
f 2073//2073 2075//2075 2076//2076
f 2073//2073 2076//2076 2074//2074
f 2075//2075 2077//2077 2078//2078
f 2075//2075 2078//2078 2076//2076
f 2077//2077 2079//2079 2080//2080
f 2077//2077 2080//2080 2078//2078
f 2079//2079 2081//2081 2082//2082
f 2079//2079 2082//2082 2080//2080
f 2081//2081 2083//2083 2084//2084
f 2081//2081 2084//2084 2082//2082
f 2083//2083 2085//2085 2086//2086
f 2083//2083 2086//2086 2084//2084
f 2085//2085 2087//2087 2088//2088
f 2085//2085 2088//2088 2086//2086
f 2087//2087 2089//2089 2090//2090
f 2087//2087 2090//2090 2088//2088
f 2089//2089 2091//2091 2092//2092
f 2089//2089 2092//2092 2090//2090
f 2091//2091 2093//2093 2094//2094
f 2091//2091 2094//2094 2092//2092
f 2093//2093 2095//2095 2096//2096
f 2093//2093 2096//2096 2094//2094
f 2095//2095 2097//2097 2098//2098
f 2095//2095 2098//2098 2096//2096
f 2097//2097 2099//2099 2100//2100
f 2097//2097 2100//2100 2098//2098
f 2099//2099 2101//2101 2102//2102
f 2099//2099 2102//2102 2100//2100
f 2101//2101 2103//2103 2104//2104
f 2101//2101 2104//2104 2102//2102
f 2103//2103 2105//2105 2106//2106
f 2103//2103 2106//2106 2104//2104
f 2105//2105 2107//2107 2108//2108
f 2105//2105 2108//2108 2106//2106
f 2107//2107 2109//2109 2110//2110
f 2107//2107 2110//2110 2108//2108
f 2109//2109 2111//2111 2112//2112
f 2109//2109 2112//2112 2110//2110
f 2111//2111 2113//2113 2114//2114
f 2111//2111 2114//2114 2112//2112
f 2113//2113 2115//2115 2116//2116
f 2113//2113 2116//2116 2114//2114
f 2115//2115 2117//2117 2118//2118
f 2115//2115 2118//2118 2116//2116
f 2117//2117 2119//2119 2120//2120
f 2117//2117 2120//2120 2118//2118
f 2119//2119 2121//2121 2122//2122
f 2119//2119 2122//2122 2120//2120
f 2121//2121 2123//2123 2124//2124
f 2121//2121 2124//2124 2122//2122
f 2123//2123 2125//2125 2126//2126
f 2123//2123 2126//2126 2124//2124
f 2125//2125 2127//2127 2128//2128
f 2125//2125 2128//2128 2126//2126
f 2127//2127 2129//2129 2130//2130
f 2127//2127 2130//2130 2128//2128
f 2129//2129 2131//2131 2132//2132
f 2129//2129 2132//2132 2130//2130
f 2131//2131 2133//2133 2134//2134
f 2131//2131 2134//2134 2132//2132
f 2133//2133 2135//2135 2136//2136
f 2133//2133 2136//2136 2134//2134
f 2135//2135 2137//2137 2138//2138
f 2135//2135 2138//2138 2136//2136
f 2137//2137 2139//2139 2140//2140
f 2137//2137 2140//2140 2138//2138
f 2139//2139 2141//2141 2142//2142
f 2139//2139 2142//2142 2140//2140
f 2141//2141 2143//2143 2144//2144
f 2141//2141 2144//2144 2142//2142
f 2143//2143 2145//2145 2146//2146
f 2143//2143 2146//2146 2144//2144
f 2145//2145 2147//2147 2148//2148
f 2145//2145 2148//2148 2146//2146
f 2147//2147 2149//2149 2150//2150
f 2147//2147 2150//2150 2148//2148
f 2149//2149 2151//2151 2152//2152
f 2149//2149 2152//2152 2150//2150
f 2151//2151 2153//2153 2154//2154
f 2151//2151 2154//2154 2152//2152
f 2153//2153 2155//2155 2156//2156
f 2153//2153 2156//2156 2154//2154
f 2155//2155 2157//2157 2158//2158
f 2155//2155 2158//2158 2156//2156
f 2157//2157 2159//2159 2160//2160
f 2157//2157 2160//2160 2158//2158
f 2159//2159 2161//2161 2162//2162
f 2159//2159 2162//2162 2160//2160
f 2161//2161 2163//2163 2164//2164
f 2161//2161 2164//2164 2162//2162
f 2163//2163 2165//2165 2166//2166
f 2163//2163 2166//2166 2164//2164
f 2165//2165 2167//2167 2168//2168
f 2165//2165 2168//2168 2166//2166
f 2167//2167 2169//2169 2170//2170
f 2167//2167 2170//2170 2168//2168
f 2169//2169 2171//2171 2172//2172
f 2169//2169 2172//2172 2170//2170
f 2171//2171 2173//2173 2174//2174
f 2171//2171 2174//2174 2172//2172
f 2173//2173 2175//2175 2176//2176
f 2173//2173 2176//2176 2174//2174
f 2175//2175 2177//2177 2178//2178
f 2175//2175 2178//2178 2176//2176
f 2177//2177 2179//2179 2180//2180
f 2177//2177 2180//2180 2178//2178
f 2179//2179 2181//2181 2182//2182
f 2179//2179 2182//2182 2180//2180
f 2181//2181 2183//2183 2184//2184
f 2181//2181 2184//2184 2182//2182
f 2183//2183 2185//2185 2186//2186
f 2183//2183 2186//2186 2184//2184
f 2185//2185 2187//2187 2188//2188
f 2185//2185 2188//2188 2186//2186
f 2187//2187 2189//2189 2190//2190
f 2187//2187 2190//2190 2188//2188
f 2189//2189 2191//2191 2192//2192
f 2189//2189 2192//2192 2190//2190
f 2191//2191 2193//2193 2194//2194
f 2191//2191 2194//2194 2192//2192
f 2193//2193 2195//2195 2196//2196
f 2193//2193 2196//2196 2194//2194
f 2195//2195 2197//2197 2198//2198
f 2195//2195 2198//2198 2196//2196
f 2197//2197 2199//2199 2200//2200
f 2197//2197 2200//2200 2198//2198
f 2199//2199 2201//2201 2202//2202
f 2199//2199 2202//2202 2200//2200
f 2201//2201 2203//2203 2204//2204
f 2201//2201 2204//2204 2202//2202
f 2203//2203 2205//2205 2206//2206
f 2203//2203 2206//2206 2204//2204
f 2205//2205 2207//2207 2208//2208
f 2205//2205 2208//2208 2206//2206
f 2207//2207 2209//2209 2210//2210
f 2207//2207 2210//2210 2208//2208
f 2209//2209 2211//2211 2212//2212
f 2209//2209 2212//2212 2210//2210
f 2211//2211 2213//2213 2214//2214
f 2211//2211 2214//2214 2212//2212
f 2213//2213 2215//2215 2216//2216
f 2213//2213 2216//2216 2214//2214
f 2215//2215 2217//2217 2218//2218
f 2215//2215 2218//2218 2216//2216
f 2217//2217 2219//2219 2220//2220
f 2217//2217 2220//2220 2218//2218
f 2219//2219 2221//2221 2222//2222
f 2219//2219 2222//2222 2220//2220
f 2221//2221 2223//2223 2224//2224
f 2221//2221 2224//2224 2222//2222
f 2223//2223 2225//2225 2226//2226
f 2223//2223 2226//2226 2224//2224
f 2225//2225 2227//2227 2228//2228
f 2225//2225 2228//2228 2226//2226
f 2227//2227 2229//2229 2230//2230
f 2227//2227 2230//2230 2228//2228
f 2229//2229 2231//2231 2232//2232
f 2229//2229 2232//2232 2230//2230
f 2231//2231 2233//2233 2234//2234
f 2231//2231 2234//2234 2232//2232
f 2233//2233 2235//2235 2236//2236
f 2233//2233 2236//2236 2234//2234
f 2235//2235 2237//2237 2238//2238
f 2235//2235 2238//2238 2236//2236
f 2237//2237 2239//2239 2240//2240
f 2237//2237 2240//2240 2238//2238
f 2239//2239 2241//2241 2242//2242
f 2239//2239 2242//2242 2240//2240
f 2241//2241 2243//2243 2244//2244
f 2241//2241 2244//2244 2242//2242
f 2243//2243 2245//2245 2246//2246
f 2243//2243 2246//2246 2244//2244
f 2245//2245 2247//2247 2248//2248
f 2245//2245 2248//2248 2246//2246
f 2247//2247 2249//2249 2250//2250
f 2247//2247 2250//2250 2248//2248
f 2249//2249 2251//2251 2252//2252
f 2249//2249 2252//2252 2250//2250
f 2251//2251 2253//2253 2254//2254
f 2251//2251 2254//2254 2252//2252
f 2253//2253 2255//2255 2256//2256
f 2253//2253 2256//2256 2254//2254
f 2255//2255 2257//2257 2258//2258
f 2255//2255 2258//2258 2256//2256
f 2257//2257 2259//2259 2260//2260
f 2257//2257 2260//2260 2258//2258
f 2259//2259 2261//2261 2262//2262
f 2259//2259 2262//2262 2260//2260
f 2261//2261 2263//2263 2264//2264
f 2261//2261 2264//2264 2262//2262
f 2263//2263 2265//2265 2266//2266
f 2263//2263 2266//2266 2264//2264
f 2265//2265 2267//2267 2268//2268
f 2265//2265 2268//2268 2266//2266
f 2267//2267 2269//2269 2270//2270
f 2267//2267 2270//2270 2268//2268
f 2269//2269 2271//2271 2272//2272
f 2269//2269 2272//2272 2270//2270
f 2271//2271 2273//2273 2274//2274
f 2271//2271 2274//2274 2272//2272
f 2273//2273 2275//2275 2276//2276
f 2273//2273 2276//2276 2274//2274
f 2275//2275 2277//2277 2278//2278
f 2275//2275 2278//2278 2276//2276
f 2277//2277 2279//2279 2280//2280
f 2277//2277 2280//2280 2278//2278
f 2279//2279 2281//2281 2282//2282
f 2279//2279 2282//2282 2280//2280
f 2281//2281 2283//2283 2284//2284
f 2281//2281 2284//2284 2282//2282
f 2283//2283 2285//2285 2286//2286
f 2283//2283 2286//2286 2284//2284
f 2285//2285 2287//2287 2288//2288
f 2285//2285 2288//2288 2286//2286
f 2287//2287 2289//2289 2290//2290
f 2287//2287 2290//2290 2288//2288
f 2289//2289 2291//2291 2292//2292
f 2289//2289 2292//2292 2290//2290
f 2291//2291 2293//2293 2294//2294
f 2291//2291 2294//2294 2292//2292
f 2293//2293 2295//2295 2296//2296
f 2293//2293 2296//2296 2294//2294
f 2295//2295 2297//2297 2298//2298
f 2295//2295 2298//2298 2296//2296
f 2297//2297 2299//2299 2300//2300
f 2297//2297 2300//2300 2298//2298
f 2299//2299 2301//2301 2302//2302
f 2299//2299 2302//2302 2300//2300
f 2301//2301 2303//2303 2304//2304
f 2301//2301 2304//2304 2302//2302
f 2303//2303 2305//2305 2306//2306
f 2303//2303 2306//2306 2304//2304
f 2305//2305 2307//2307 2308//2308
f 2305//2305 2308//2308 2306//2306
f 2307//2307 2309//2309 2310//2310
f 2307//2307 2310//2310 2308//2308
f 2309//2309 2311//2311 2312//2312
f 2309//2309 2312//2312 2310//2310
f 2311//2311 2313//2313 2314//2314
f 2311//2311 2314//2314 2312//2312
f 2313//2313 2315//2315 2316//2316
f 2313//2313 2316//2316 2314//2314
f 2315//2315 2317//2317 2318//2318
f 2315//2315 2318//2318 2316//2316
f 2317//2317 2319//2319 2320//2320
f 2317//2317 2320//2320 2318//2318
f 2319//2319 2321//2321 2322//2322
f 2319//2319 2322//2322 2320//2320
f 2321//2321 2323//2323 2324//2324
f 2321//2321 2324//2324 2322//2322
f 2323//2323 2325//2325 2326//2326
f 2323//2323 2326//2326 2324//2324
f 2325//2325 2327//2327 2328//2328
f 2325//2325 2328//2328 2326//2326
f 2327//2327 2329//2329 2330//2330
f 2327//2327 2330//2330 2328//2328
f 2329//2329 2331//2331 2332//2332
f 2329//2329 2332//2332 2330//2330
f 2331//2331 2333//2333 2334//2334
f 2331//2331 2334//2334 2332//2332
f 2333//2333 2335//2335 2336//2336
f 2333//2333 2336//2336 2334//2334
f 2335//2335 2337//2337 2338//2338
f 2335//2335 2338//2338 2336//2336
f 2337//2337 2339//2339 2340//2340
f 2337//2337 2340//2340 2338//2338
f 2339//2339 2341//2341 2342//2342
f 2339//2339 2342//2342 2340//2340
f 2341//2341 2343//2343 2344//2344
f 2341//2341 2344//2344 2342//2342
f 2343//2343 2345//2345 2346//2346
f 2343//2343 2346//2346 2344//2344
f 2345//2345 2347//2347 2348//2348
f 2345//2345 2348//2348 2346//2346
f 2347//2347 2349//2349 2350//2350
f 2347//2347 2350//2350 2348//2348
f 2349//2349 2351//2351 2352//2352
f 2349//2349 2352//2352 2350//2350
f 2351//2351 2353//2353 2354//2354
f 2351//2351 2354//2354 2352//2352
f 2353//2353 2355//2355 2356//2356
f 2353//2353 2356//2356 2354//2354
f 2355//2355 2357//2357 2358//2358
f 2355//2355 2358//2358 2356//2356
f 2357//2357 2359//2359 2360//2360
f 2357//2357 2360//2360 2358//2358
f 2359//2359 2361//2361 2362//2362
f 2359//2359 2362//2362 2360//2360
f 2361//2361 2363//2363 2364//2364
f 2361//2361 2364//2364 2362//2362
f 2363//2363 2365//2365 2366//2366
f 2363//2363 2366//2366 2364//2364
f 2365//2365 2367//2367 2368//2368
f 2365//2365 2368//2368 2366//2366
f 2367//2367 2369//2369 2370//2370
f 2367//2367 2370//2370 2368//2368
f 2369//2369 2371//2371 2372//2372
f 2369//2369 2372//2372 2370//2370
f 2371//2371 2373//2373 2374//2374
f 2371//2371 2374//2374 2372//2372
f 2373//2373 2375//2375 2376//2376
f 2373//2373 2376//2376 2374//2374
f 2375//2375 2377//2377 2378//2378
f 2375//2375 2378//2378 2376//2376
f 2377//2377 2379//2379 2380//2380
f 2377//2377 2380//2380 2378//2378
f 2379//2379 2381//2381 2382//2382
f 2379//2379 2382//2382 2380//2380
f 2381//2381 2383//2383 2384//2384
f 2381//2381 2384//2384 2382//2382
f 2383//2383 2385//2385 2386//2386
f 2383//2383 2386//2386 2384//2384
f 2385//2385 2387//2387 2388//2388
f 2385//2385 2388//2388 2386//2386
f 2387//2387 2389//2389 2390//2390
f 2387//2387 2390//2390 2388//2388
f 2389//2389 2391//2391 2392//2392
f 2389//2389 2392//2392 2390//2390
f 2391//2391 2393//2393 2394//2394
f 2391//2391 2394//2394 2392//2392
f 2393//2393 2395//2395 2396//2396
f 2393//2393 2396//2396 2394//2394
f 2395//2395 2397//2397 2398//2398
f 2395//2395 2398//2398 2396//2396
f 2397//2397 2399//2399 2400//2400
f 2397//2397 2400//2400 2398//2398
f 2399//2399 2401//2401 2402//2402
f 2399//2399 2402//2402 2400//2400
f 2401//2401 2403//2403 2404//2404
f 2401//2401 2404//2404 2402//2402
f 2403//2403 2405//2405 2406//2406
f 2403//2403 2406//2406 2404//2404
f 2405//2405 2407//2407 2408//2408
f 2405//2405 2408//2408 2406//2406
f 2407//2407 2409//2409 2410//2410
f 2407//2407 2410//2410 2408//2408
f 2409//2409 2411//2411 2412//2412
f 2409//2409 2412//2412 2410//2410
f 2411//2411 2413//2413 2414//2414
f 2411//2411 2414//2414 2412//2412
f 2413//2413 2415//2415 2416//2416
f 2413//2413 2416//2416 2414//2414
f 2415//2415 2417//2417 2418//2418
f 2415//2415 2418//2418 2416//2416
f 2417//2417 2419//2419 2420//2420
f 2417//2417 2420//2420 2418//2418
f 2419//2419 2421//2421 2422//2422
f 2419//2419 2422//2422 2420//2420
f 2421//2421 2423//2423 2424//2424
f 2421//2421 2424//2424 2422//2422
f 2423//2423 2425//2425 2426//2426
f 2423//2423 2426//2426 2424//2424
f 2425//2425 2427//2427 2428//2428
f 2425//2425 2428//2428 2426//2426
f 2427//2427 2429//2429 2430//2430
f 2427//2427 2430//2430 2428//2428
f 2429//2429 2431//2431 2432//2432
f 2429//2429 2432//2432 2430//2430
f 2431//2431 2433//2433 2434//2434
f 2431//2431 2434//2434 2432//2432
f 2433//2433 2435//2435 2436//2436
f 2433//2433 2436//2436 2434//2434
f 2435//2435 2437//2437 2438//2438
f 2435//2435 2438//2438 2436//2436
f 2437//2437 2439//2439 2440//2440
f 2437//2437 2440//2440 2438//2438
f 2439//2439 2441//2441 2442//2442
f 2439//2439 2442//2442 2440//2440
f 2441//2441 2443//2443 2444//2444
f 2441//2441 2444//2444 2442//2442
f 2443//2443 2445//2445 2446//2446
f 2443//2443 2446//2446 2444//2444
f 2445//2445 2447//2447 2448//2448
f 2445//2445 2448//2448 2446//2446
f 2447//2447 2449//2449 2450//2450
f 2447//2447 2450//2450 2448//2448
f 2449//2449 2451//2451 2452//2452
f 2449//2449 2452//2452 2450//2450
f 2451//2451 2453//2453 2454//2454
f 2451//2451 2454//2454 2452//2452
f 2453//2453 2455//2455 2456//2456
f 2453//2453 2456//2456 2454//2454
f 2455//2455 2457//2457 2458//2458
f 2455//2455 2458//2458 2456//2456
f 2457//2457 2459//2459 2460//2460
f 2457//2457 2460//2460 2458//2458
f 2459//2459 2461//2461 2462//2462
f 2459//2459 2462//2462 2460//2460
f 2461//2461 2463//2463 2464//2464
f 2461//2461 2464//2464 2462//2462
f 2463//2463 2465//2465 2466//2466
f 2463//2463 2466//2466 2464//2464
f 2465//2465 2467//2467 2468//2468
f 2465//2465 2468//2468 2466//2466
f 2467//2467 2469//2469 2470//2470
f 2467//2467 2470//2470 2468//2468
f 2469//2469 2471//2471 2472//2472
f 2469//2469 2472//2472 2470//2470
f 2471//2471 2473//2473 2474//2474
f 2471//2471 2474//2474 2472//2472
f 2473//2473 2475//2475 2476//2476
f 2473//2473 2476//2476 2474//2474
f 2475//2475 2477//2477 2478//2478
f 2475//2475 2478//2478 2476//2476
f 2477//2477 2479//2479 2480//2480
f 2477//2477 2480//2480 2478//2478
f 2479//2479 2481//2481 2482//2482
f 2479//2479 2482//2482 2480//2480
f 2481//2481 2483//2483 2484//2484
f 2481//2481 2484//2484 2482//2482
f 2483//2483 2485//2485 2486//2486
f 2483//2483 2486//2486 2484//2484
f 2485//2485 2487//2487 2488//2488
f 2485//2485 2488//2488 2486//2486
f 2487//2487 2489//2489 2490//2490
f 2487//2487 2490//2490 2488//2488
f 2489//2489 2491//2491 2492//2492
f 2489//2489 2492//2492 2490//2490
f 2491//2491 2493//2493 2494//2494
f 2491//2491 2494//2494 2492//2492
f 2493//2493 2495//2495 2496//2496
f 2493//2493 2496//2496 2494//2494
f 2495//2495 2497//2497 2498//2498
f 2495//2495 2498//2498 2496//2496
f 2497//2497 2499//2499 2500//2500
f 2497//2497 2500//2500 2498//2498
f 2499//2499 2501//2501 2502//2502
f 2499//2499 2502//2502 2500//2500
f 2501//2501 2503//2503 2504//2504
f 2501//2501 2504//2504 2502//2502
f 2503//2503 2505//2505 2506//2506
f 2503//2503 2506//2506 2504//2504
f 2505//2505 2507//2507 2508//2508
f 2505//2505 2508//2508 2506//2506
f 2507//2507 2509//2509 2510//2510
f 2507//2507 2510//2510 2508//2508
f 2509//2509 2511//2511 2512//2512
f 2509//2509 2512//2512 2510//2510
f 2511//2511 2513//2513 2514//2514
f 2511//2511 2514//2514 2512//2512
f 2513//2513 2515//2515 2516//2516
f 2513//2513 2516//2516 2514//2514
f 2515//2515 2517//2517 2518//2518
f 2515//2515 2518//2518 2516//2516
f 2517//2517 2519//2519 2520//2520
f 2517//2517 2520//2520 2518//2518
f 2519//2519 2521//2521 2522//2522
f 2519//2519 2522//2522 2520//2520
f 2521//2521 2523//2523 2524//2524
f 2521//2521 2524//2524 2522//2522
f 2523//2523 2525//2525 2526//2526
f 2523//2523 2526//2526 2524//2524
f 2525//2525 2527//2527 2528//2528
f 2525//2525 2528//2528 2526//2526
f 2527//2527 2529//2529 2530//2530
f 2527//2527 2530//2530 2528//2528
f 2529//2529 2531//2531 2532//2532
f 2529//2529 2532//2532 2530//2530
f 2531//2531 2533//2533 2534//2534
f 2531//2531 2534//2534 2532//2532
f 2533//2533 2535//2535 2536//2536
f 2533//2533 2536//2536 2534//2534
f 2535//2535 2537//2537 2538//2538
f 2535//2535 2538//2538 2536//2536
f 2537//2537 2539//2539 2540//2540
f 2537//2537 2540//2540 2538//2538
f 2539//2539 2541//2541 2542//2542
f 2539//2539 2542//2542 2540//2540
f 2541//2541 2543//2543 2544//2544
f 2541//2541 2544//2544 2542//2542
f 2543//2543 2545//2545 2546//2546
f 2543//2543 2546//2546 2544//2544
f 2545//2545 2547//2547 2548//2548
f 2545//2545 2548//2548 2546//2546
f 2547//2547 2549//2549 2550//2550
f 2547//2547 2550//2550 2548//2548
f 2549//2549 2551//2551 2552//2552
f 2549//2549 2552//2552 2550//2550
f 2551//2551 2553//2553 2554//2554
f 2551//2551 2554//2554 2552//2552
f 2553//2553 2555//2555 2556//2556
f 2553//2553 2556//2556 2554//2554
f 2555//2555 2557//2557 2558//2558
f 2555//2555 2558//2558 2556//2556
f 2557//2557 2559//2559 2560//2560
f 2557//2557 2560//2560 2558//2558
f 2559//2559 2561//2561 2562//2562
f 2559//2559 2562//2562 2560//2560
f 2561//2561 2563//2563 2564//2564
f 2561//2561 2564//2564 2562//2562
f 2563//2563 2565//2565 2566//2566
f 2563//2563 2566//2566 2564//2564
f 2565//2565 2567//2567 2568//2568
f 2565//2565 2568//2568 2566//2566
f 2567//2567 2569//2569 2570//2570
f 2567//2567 2570//2570 2568//2568
f 2569//2569 2571//2571 2572//2572
f 2569//2569 2572//2572 2570//2570
f 2571//2571 2573//2573 2574//2574
f 2571//2571 2574//2574 2572//2572
f 2573//2573 2575//2575 2576//2576
f 2573//2573 2576//2576 2574//2574
f 2575//2575 2577//2577 2578//2578
f 2575//2575 2578//2578 2576//2576
f 2577//2577 2579//2579 2580//2580
f 2577//2577 2580//2580 2578//2578
f 2579//2579 2581//2581 2582//2582
f 2579//2579 2582//2582 2580//2580
f 2581//2581 2583//2583 2584//2584
f 2581//2581 2584//2584 2582//2582
f 2583//2583 2585//2585 2586//2586
f 2583//2583 2586//2586 2584//2584
f 2585//2585 2587//2587 2588//2588
f 2585//2585 2588//2588 2586//2586
f 2587//2587 2589//2589 2590//2590
f 2587//2587 2590//2590 2588//2588
f 2589//2589 2591//2591 2592//2592
f 2589//2589 2592//2592 2590//2590
f 2591//2591 2593//2593 2594//2594
f 2591//2591 2594//2594 2592//2592
f 2593//2593 2595//2595 2596//2596
f 2593//2593 2596//2596 2594//2594
f 2595//2595 2597//2597 2598//2598
f 2595//2595 2598//2598 2596//2596
f 2597//2597 2599//2599 2600//2600
f 2597//2597 2600//2600 2598//2598
f 2599//2599 2601//2601 2602//2602
f 2599//2599 2602//2602 2600//2600
f 2601//2601 2603//2603 2604//2604
f 2601//2601 2604//2604 2602//2602
f 2603//2603 2605//2605 2606//2606
f 2603//2603 2606//2606 2604//2604
f 2605//2605 2607//2607 2608//2608
f 2605//2605 2608//2608 2606//2606
f 2607//2607 2609//2609 2610//2610
f 2607//2607 2610//2610 2608//2608
f 2609//2609 2611//2611 2612//2612
f 2609//2609 2612//2612 2610//2610
f 2611//2611 2613//2613 2614//2614
f 2611//2611 2614//2614 2612//2612
f 2613//2613 2615//2615 2616//2616
f 2613//2613 2616//2616 2614//2614
f 2615//2615 2617//2617 2618//2618
f 2615//2615 2618//2618 2616//2616
f 2617//2617 2619//2619 2620//2620
f 2617//2617 2620//2620 2618//2618
f 2619//2619 2621//2621 2622//2622
f 2619//2619 2622//2622 2620//2620
f 2621//2621 2623//2623 2624//2624
f 2621//2621 2624//2624 2622//2622
f 2623//2623 2625//2625 2626//2626
f 2623//2623 2626//2626 2624//2624
f 2625//2625 2627//2627 2628//2628
f 2625//2625 2628//2628 2626//2626
f 2627//2627 2629//2629 2630//2630
f 2627//2627 2630//2630 2628//2628
f 2629//2629 2631//2631 2632//2632
f 2629//2629 2632//2632 2630//2630
f 2631//2631 2633//2633 2634//2634
f 2631//2631 2634//2634 2632//2632
f 2633//2633 2635//2635 2636//2636
f 2633//2633 2636//2636 2634//2634
f 2635//2635 2637//2637 2638//2638
f 2635//2635 2638//2638 2636//2636
f 2637//2637 2639//2639 2640//2640
f 2637//2637 2640//2640 2638//2638
f 2639//2639 2641//2641 2642//2642
f 2639//2639 2642//2642 2640//2640
f 2641//2641 2643//2643 2644//2644
f 2641//2641 2644//2644 2642//2642
f 2643//2643 2645//2645 2646//2646
f 2643//2643 2646//2646 2644//2644
f 2645//2645 2647//2647 2648//2648
f 2645//2645 2648//2648 2646//2646
f 2647//2647 2649//2649 2650//2650
f 2647//2647 2650//2650 2648//2648
f 2649//2649 2651//2651 2652//2652
f 2649//2649 2652//2652 2650//2650
f 2651//2651 2653//2653 2654//2654
f 2651//2651 2654//2654 2652//2652
f 2653//2653 2655//2655 2656//2656
f 2653//2653 2656//2656 2654//2654
f 2655//2655 2657//2657 2658//2658
f 2655//2655 2658//2658 2656//2656
f 2657//2657 2659//2659 2660//2660
f 2657//2657 2660//2660 2658//2658
f 2659//2659 2661//2661 2662//2662
f 2659//2659 2662//2662 2660//2660
f 2661//2661 2663//2663 2664//2664
f 2661//2661 2664//2664 2662//2662
f 2663//2663 2665//2665 2666//2666
f 2663//2663 2666//2666 2664//2664
f 2665//2665 2667//2667 2668//2668
f 2665//2665 2668//2668 2666//2666
f 2667//2667 2669//2669 2670//2670
f 2667//2667 2670//2670 2668//2668
f 2669//2669 2671//2671 2672//2672
f 2669//2669 2672//2672 2670//2670
f 2671//2671 2673//2673 2674//2674
f 2671//2671 2674//2674 2672//2672
f 2673//2673 2675//2675 2676//2676
f 2673//2673 2676//2676 2674//2674
f 2675//2675 2677//2677 2678//2678
f 2675//2675 2678//2678 2676//2676
f 2677//2677 2679//2679 2680//2680
f 2677//2677 2680//2680 2678//2678
f 2679//2679 2681//2681 2682//2682
f 2679//2679 2682//2682 2680//2680
f 2681//2681 2683//2683 2684//2684
f 2681//2681 2684//2684 2682//2682
f 2683//2683 2685//2685 2686//2686
f 2683//2683 2686//2686 2684//2684
f 2685//2685 2687//2687 2688//2688
f 2685//2685 2688//2688 2686//2686
f 2687//2687 2689//2689 2690//2690
f 2687//2687 2690//2690 2688//2688
f 2689//2689 2691//2691 2692//2692
f 2689//2689 2692//2692 2690//2690
f 2691//2691 2693//2693 2694//2694
f 2691//2691 2694//2694 2692//2692
f 2693//2693 2695//2695 2696//2696
f 2693//2693 2696//2696 2694//2694
f 2695//2695 2697//2697 2698//2698
f 2695//2695 2698//2698 2696//2696
f 2697//2697 2699//2699 2700//2700
f 2697//2697 2700//2700 2698//2698
f 2699//2699 2701//2701 2702//2702
f 2699//2699 2702//2702 2700//2700
f 2701//2701 2703//2703 2704//2704
f 2701//2701 2704//2704 2702//2702
f 2703//2703 2705//2705 2706//2706
f 2703//2703 2706//2706 2704//2704
f 2705//2705 2707//2707 2708//2708
f 2705//2705 2708//2708 2706//2706
f 2707//2707 2709//2709 2710//2710
f 2707//2707 2710//2710 2708//2708
f 2709//2709 2711//2711 2712//2712
f 2709//2709 2712//2712 2710//2710
f 2711//2711 2713//2713 2714//2714
f 2711//2711 2714//2714 2712//2712
f 2713//2713 2715//2715 2716//2716
f 2713//2713 2716//2716 2714//2714
f 2715//2715 2717//2717 2718//2718
f 2715//2715 2718//2718 2716//2716
f 2717//2717 2719//2719 2720//2720
f 2717//2717 2720//2720 2718//2718
f 2719//2719 2721//2721 2722//2722
f 2719//2719 2722//2722 2720//2720
f 2721//2721 2723//2723 2724//2724
f 2721//2721 2724//2724 2722//2722
f 2723//2723 2725//2725 2726//2726
f 2723//2723 2726//2726 2724//2724
f 2725//2725 2727//2727 2728//2728
f 2725//2725 2728//2728 2726//2726
f 2727//2727 2729//2729 2730//2730
f 2727//2727 2730//2730 2728//2728
f 2729//2729 2731//2731 2732//2732
f 2729//2729 2732//2732 2730//2730
f 2731//2731 2733//2733 2734//2734
f 2731//2731 2734//2734 2732//2732
f 2733//2733 2735//2735 2736//2736
f 2733//2733 2736//2736 2734//2734
f 2735//2735 2737//2737 2738//2738
f 2735//2735 2738//2738 2736//2736
f 2737//2737 2739//2739 2740//2740
f 2737//2737 2740//2740 2738//2738
f 2739//2739 2741//2741 2742//2742
f 2739//2739 2742//2742 2740//2740
f 2741//2741 2743//2743 2744//2744
f 2741//2741 2744//2744 2742//2742
f 2743//2743 2745//2745 2746//2746
f 2743//2743 2746//2746 2744//2744
f 2745//2745 2747//2747 2748//2748
f 2745//2745 2748//2748 2746//2746
f 2747//2747 2749//2749 2750//2750
f 2747//2747 2750//2750 2748//2748
f 2749//2749 2751//2751 2752//2752
f 2749//2749 2752//2752 2750//2750
f 2751//2751 2753//2753 2754//2754
f 2751//2751 2754//2754 2752//2752
f 2753//2753 2755//2755 2756//2756
f 2753//2753 2756//2756 2754//2754
f 2755//2755 2757//2757 2758//2758
f 2755//2755 2758//2758 2756//2756
f 2757//2757 2759//2759 2760//2760
f 2757//2757 2760//2760 2758//2758
f 2759//2759 2761//2761 2762//2762
f 2759//2759 2762//2762 2760//2760
f 2761//2761 2763//2763 2764//2764
f 2761//2761 2764//2764 2762//2762
f 2763//2763 2765//2765 2766//2766
f 2763//2763 2766//2766 2764//2764
f 2765//2765 2767//2767 2768//2768
f 2765//2765 2768//2768 2766//2766
f 2767//2767 2769//2769 2770//2770
f 2767//2767 2770//2770 2768//2768
f 2769//2769 2771//2771 2772//2772
f 2769//2769 2772//2772 2770//2770
f 2771//2771 2773//2773 2774//2774
f 2771//2771 2774//2774 2772//2772
f 2773//2773 2775//2775 2776//2776
f 2773//2773 2776//2776 2774//2774
f 2775//2775 2777//2777 2778//2778
f 2775//2775 2778//2778 2776//2776
f 2777//2777 2779//2779 2780//2780
f 2777//2777 2780//2780 2778//2778
f 2779//2779 2781//2781 2782//2782
f 2779//2779 2782//2782 2780//2780
f 2781//2781 2783//2783 2784//2784
f 2781//2781 2784//2784 2782//2782
f 2783//2783 2785//2785 2786//2786
f 2783//2783 2786//2786 2784//2784
f 2787//2787 2789//2789 2790//2790
f 2787//2787 2790//2790 2788//2788
f 2789//2789 2791//2791 2792//2792
f 2789//2789 2792//2792 2790//2790
f 2791//2791 2793//2793 2794//2794
f 2791//2791 2794//2794 2792//2792
f 2793//2793 2795//2795 2796//2796
f 2793//2793 2796//2796 2794//2794
f 2795//2795 2797//2797 2798//2798
f 2795//2795 2798//2798 2796//2796
f 2797//2797 2799//2799 2800//2800
f 2797//2797 2800//2800 2798//2798
f 2799//2799 2801//2801 2802//2802
f 2799//2799 2802//2802 2800//2800
f 2801//2801 2803//2803 2804//2804
f 2801//2801 2804//2804 2802//2802
f 2803//2803 2805//2805 2806//2806
f 2803//2803 2806//2806 2804//2804
f 2805//2805 2807//2807 2808//2808
f 2805//2805 2808//2808 2806//2806
f 2807//2807 2809//2809 2810//2810
f 2807//2807 2810//2810 2808//2808
f 2809//2809 2811//2811 2812//2812
f 2809//2809 2812//2812 2810//2810
f 2811//2811 2813//2813 2814//2814
f 2811//2811 2814//2814 2812//2812
f 2813//2813 2815//2815 2816//2816
f 2813//2813 2816//2816 2814//2814
f 2815//2815 2817//2817 2818//2818
f 2815//2815 2818//2818 2816//2816
f 2817//2817 2819//2819 2820//2820
f 2817//2817 2820//2820 2818//2818
f 2819//2819 2821//2821 2822//2822
f 2819//2819 2822//2822 2820//2820
f 2821//2821 2823//2823 2824//2824
f 2821//2821 2824//2824 2822//2822
f 2823//2823 2825//2825 2826//2826
f 2823//2823 2826//2826 2824//2824
f 2825//2825 2827//2827 2828//2828
f 2825//2825 2828//2828 2826//2826
f 2827//2827 2829//2829 2830//2830
f 2827//2827 2830//2830 2828//2828
f 2829//2829 2831//2831 2832//2832
f 2829//2829 2832//2832 2830//2830
f 2831//2831 2833//2833 2834//2834
f 2831//2831 2834//2834 2832//2832
f 2833//2833 2835//2835 2836//2836
f 2833//2833 2836//2836 2834//2834
f 2835//2835 2837//2837 2838//2838
f 2835//2835 2838//2838 2836//2836
f 2837//2837 2839//2839 2840//2840
f 2837//2837 2840//2840 2838//2838
f 2839//2839 2841//2841 2842//2842
f 2839//2839 2842//2842 2840//2840
f 2841//2841 2843//2843 2844//2844
f 2841//2841 2844//2844 2842//2842
f 2843//2843 2845//2845 2846//2846
f 2843//2843 2846//2846 2844//2844
f 2845//2845 2847//2847 2848//2848
f 2845//2845 2848//2848 2846//2846
f 2847//2847 2849//2849 2850//2850
f 2847//2847 2850//2850 2848//2848
f 2849//2849 2851//2851 2852//2852
f 2849//2849 2852//2852 2850//2850
f 2851//2851 2853//2853 2854//2854
f 2851//2851 2854//2854 2852//2852
f 2853//2853 2855//2855 2856//2856
f 2853//2853 2856//2856 2854//2854
f 2855//2855 2857//2857 2858//2858
f 2855//2855 2858//2858 2856//2856
f 2857//2857 2859//2859 2860//2860
f 2857//2857 2860//2860 2858//2858
f 2859//2859 2861//2861 2862//2862
f 2859//2859 2862//2862 2860//2860
f 2861//2861 2863//2863 2864//2864
f 2861//2861 2864//2864 2862//2862
f 2863//2863 2865//2865 2866//2866
f 2863//2863 2866//2866 2864//2864
f 2865//2865 2867//2867 2868//2868
f 2865//2865 2868//2868 2866//2866
f 2867//2867 2869//2869 2870//2870
f 2867//2867 2870//2870 2868//2868
f 2869//2869 2871//2871 2872//2872
f 2869//2869 2872//2872 2870//2870
f 2871//2871 2873//2873 2874//2874
f 2871//2871 2874//2874 2872//2872
f 2873//2873 2875//2875 2876//2876
f 2873//2873 2876//2876 2874//2874
f 2875//2875 2877//2877 2878//2878
f 2875//2875 2878//2878 2876//2876
f 2877//2877 2879//2879 2880//2880
f 2877//2877 2880//2880 2878//2878
f 2879//2879 2881//2881 2882//2882
f 2879//2879 2882//2882 2880//2880
f 2881//2881 2883//2883 2884//2884
f 2881//2881 2884//2884 2882//2882
f 2883//2883 2885//2885 2886//2886
f 2883//2883 2886//2886 2884//2884
f 2885//2885 2887//2887 2888//2888
f 2885//2885 2888//2888 2886//2886
f 2887//2887 2889//2889 2890//2890
f 2887//2887 2890//2890 2888//2888
f 2889//2889 2891//2891 2892//2892
f 2889//2889 2892//2892 2890//2890
f 2891//2891 2893//2893 2894//2894
f 2891//2891 2894//2894 2892//2892
f 2893//2893 2895//2895 2896//2896
f 2893//2893 2896//2896 2894//2894
f 2895//2895 2897//2897 2898//2898
f 2895//2895 2898//2898 2896//2896
f 2897//2897 2899//2899 2900//2900
f 2897//2897 2900//2900 2898//2898
f 2899//2899 2901//2901 2902//2902
f 2899//2899 2902//2902 2900//2900
f 2901//2901 2903//2903 2904//2904
f 2901//2901 2904//2904 2902//2902
f 2903//2903 2905//2905 2906//2906
f 2903//2903 2906//2906 2904//2904
f 2905//2905 2907//2907 2908//2908
f 2905//2905 2908//2908 2906//2906
f 2907//2907 2909//2909 2910//2910
f 2907//2907 2910//2910 2908//2908
f 2909//2909 2911//2911 2912//2912
f 2909//2909 2912//2912 2910//2910
f 2911//2911 2913//2913 2914//2914
f 2911//2911 2914//2914 2912//2912
f 2913//2913 2915//2915 2916//2916
f 2913//2913 2916//2916 2914//2914
f 2915//2915 2917//2917 2918//2918
f 2915//2915 2918//2918 2916//2916
f 2917//2917 2919//2919 2920//2920
f 2917//2917 2920//2920 2918//2918
f 2919//2919 2921//2921 2922//2922
f 2919//2919 2922//2922 2920//2920
f 2921//2921 2923//2923 2924//2924
f 2921//2921 2924//2924 2922//2922
f 2923//2923 2925//2925 2926//2926
f 2923//2923 2926//2926 2924//2924
f 2925//2925 2927//2927 2928//2928
f 2925//2925 2928//2928 2926//2926
f 2927//2927 2929//2929 2930//2930
f 2927//2927 2930//2930 2928//2928
f 2929//2929 2931//2931 2932//2932
f 2929//2929 2932//2932 2930//2930
f 2931//2931 2933//2933 2934//2934
f 2931//2931 2934//2934 2932//2932
f 2933//2933 2935//2935 2936//2936
f 2933//2933 2936//2936 2934//2934
f 2935//2935 2937//2937 2938//2938
f 2935//2935 2938//2938 2936//2936
f 2937//2937 2939//2939 2940//2940
f 2937//2937 2940//2940 2938//2938
f 2939//2939 2941//2941 2942//2942
f 2939//2939 2942//2942 2940//2940
f 2941//2941 2943//2943 2944//2944
f 2941//2941 2944//2944 2942//2942
f 2943//2943 2945//2945 2946//2946
f 2943//2943 2946//2946 2944//2944
f 2945//2945 2947//2947 2948//2948
f 2945//2945 2948//2948 2946//2946
f 2947//2947 2949//2949 2950//2950
f 2947//2947 2950//2950 2948//2948
f 2949//2949 2951//2951 2952//2952
f 2949//2949 2952//2952 2950//2950
f 2951//2951 2953//2953 2954//2954
f 2951//2951 2954//2954 2952//2952
f 2953//2953 2955//2955 2956//2956
f 2953//2953 2956//2956 2954//2954
f 2955//2955 2957//2957 2958//2958
f 2955//2955 2958//2958 2956//2956
f 2957//2957 2959//2959 2960//2960
f 2957//2957 2960//2960 2958//2958
f 2959//2959 2961//2961 2962//2962
f 2959//2959 2962//2962 2960//2960
f 2961//2961 2963//2963 2964//2964
f 2961//2961 2964//2964 2962//2962
f 2963//2963 2965//2965 2966//2966
f 2963//2963 2966//2966 2964//2964
f 2965//2965 2967//2967 2968//2968
f 2965//2965 2968//2968 2966//2966
f 2967//2967 2969//2969 2970//2970
f 2967//2967 2970//2970 2968//2968
f 2969//2969 2971//2971 2972//2972
f 2969//2969 2972//2972 2970//2970
f 2971//2971 2973//2973 2974//2974
f 2971//2971 2974//2974 2972//2972
f 2973//2973 2975//2975 2976//2976
f 2973//2973 2976//2976 2974//2974
f 2975//2975 2977//2977 2978//2978
f 2975//2975 2978//2978 2976//2976
f 2977//2977 2979//2979 2980//2980
f 2977//2977 2980//2980 2978//2978
f 2979//2979 2981//2981 2982//2982
f 2979//2979 2982//2982 2980//2980
f 2981//2981 2983//2983 2984//2984
f 2981//2981 2984//2984 2982//2982
f 2983//2983 2985//2985 2986//2986
f 2983//2983 2986//2986 2984//2984
f 2985//2985 2987//2987 2988//2988
f 2985//2985 2988//2988 2986//2986
f 2987//2987 2989//2989 2990//2990
f 2987//2987 2990//2990 2988//2988
f 2989//2989 2991//2991 2992//2992
f 2989//2989 2992//2992 2990//2990
f 2991//2991 2993//2993 2994//2994
f 2991//2991 2994//2994 2992//2992
f 2993//2993 2995//2995 2996//2996
f 2993//2993 2996//2996 2994//2994
f 2995//2995 2997//2997 2998//2998
f 2995//2995 2998//2998 2996//2996
f 2997//2997 2999//2999 3000//3000
f 2997//2997 3000//3000 2998//2998
f 2999//2999 3001//3001 3002//3002
f 2999//2999 3002//3002 3000//3000
f 3001//3001 3003//3003 3004//3004
f 3001//3001 3004//3004 3002//3002
f 3003//3003 3005//3005 3006//3006
f 3003//3003 3006//3006 3004//3004
f 3005//3005 3007//3007 3008//3008
f 3005//3005 3008//3008 3006//3006
f 3007//3007 3009//3009 3010//3010
f 3007//3007 3010//3010 3008//3008
f 3009//3009 3011//3011 3012//3012
f 3009//3009 3012//3012 3010//3010
f 3011//3011 3013//3013 3014//3014
f 3011//3011 3014//3014 3012//3012
f 3013//3013 3015//3015 3016//3016
f 3013//3013 3016//3016 3014//3014
f 3015//3015 3017//3017 3018//3018
f 3015//3015 3018//3018 3016//3016
f 3017//3017 3019//3019 3020//3020
f 3017//3017 3020//3020 3018//3018
f 3019//3019 3021//3021 3022//3022
f 3019//3019 3022//3022 3020//3020
f 3021//3021 3023//3023 3024//3024
f 3021//3021 3024//3024 3022//3022
f 3023//3023 3025//3025 3026//3026
f 3023//3023 3026//3026 3024//3024
f 3025//3025 3027//3027 3028//3028
f 3025//3025 3028//3028 3026//3026
f 3027//3027 3029//3029 3030//3030
f 3027//3027 3030//3030 3028//3028
f 3029//3029 3031//3031 3032//3032
f 3029//3029 3032//3032 3030//3030
f 3031//3031 3033//3033 3034//3034
f 3031//3031 3034//3034 3032//3032
f 3033//3033 3035//3035 3036//3036
f 3033//3033 3036//3036 3034//3034
f 3035//3035 3037//3037 3038//3038
f 3035//3035 3038//3038 3036//3036
f 3037//3037 3039//3039 3040//3040
f 3037//3037 3040//3040 3038//3038
f 3039//3039 3041//3041 3042//3042
f 3039//3039 3042//3042 3040//3040
f 3041//3041 3043//3043 3044//3044
f 3041//3041 3044//3044 3042//3042
f 3043//3043 3045//3045 3046//3046
f 3043//3043 3046//3046 3044//3044
f 3045//3045 3047//3047 3048//3048
f 3045//3045 3048//3048 3046//3046
f 3047//3047 3049//3049 3050//3050
f 3047//3047 3050//3050 3048//3048
f 3049//3049 3051//3051 3052//3052
f 3049//3049 3052//3052 3050//3050
f 3051//3051 3053//3053 3054//3054
f 3051//3051 3054//3054 3052//3052
f 3053//3053 3055//3055 3056//3056
f 3053//3053 3056//3056 3054//3054
f 3055//3055 3057//3057 3058//3058
f 3055//3055 3058//3058 3056//3056
f 3057//3057 3059//3059 3060//3060
f 3057//3057 3060//3060 3058//3058
f 3059//3059 3061//3061 3062//3062
f 3059//3059 3062//3062 3060//3060
f 3061//3061 3063//3063 3064//3064
f 3061//3061 3064//3064 3062//3062
f 3063//3063 3065//3065 3066//3066
f 3063//3063 3066//3066 3064//3064
f 3065//3065 3067//3067 3068//3068
f 3065//3065 3068//3068 3066//3066
f 3067//3067 3069//3069 3070//3070
f 3067//3067 3070//3070 3068//3068
f 3069//3069 3071//3071 3072//3072
f 3069//3069 3072//3072 3070//3070
f 3071//3071 3073//3073 3074//3074
f 3071//3071 3074//3074 3072//3072
f 3073//3073 3075//3075 3076//3076
f 3073//3073 3076//3076 3074//3074
f 3075//3075 3077//3077 3078//3078
f 3075//3075 3078//3078 3076//3076
f 3077//3077 3079//3079 3080//3080
f 3077//3077 3080//3080 3078//3078
f 3079//3079 3081//3081 3082//3082
f 3079//3079 3082//3082 3080//3080
f 3081//3081 3083//3083 3084//3084
f 3081//3081 3084//3084 3082//3082
f 3083//3083 3085//3085 3086//3086
f 3083//3083 3086//3086 3084//3084
f 3085//3085 3087//3087 3088//3088
f 3085//3085 3088//3088 3086//3086
f 3087//3087 3089//3089 3090//3090
f 3087//3087 3090//3090 3088//3088
f 3089//3089 3091//3091 3092//3092
f 3089//3089 3092//3092 3090//3090
f 3091//3091 3093//3093 3094//3094
f 3091//3091 3094//3094 3092//3092
f 3093//3093 3095//3095 3096//3096
f 3093//3093 3096//3096 3094//3094
f 3095//3095 3097//3097 3098//3098
f 3095//3095 3098//3098 3096//3096
f 3097//3097 3099//3099 3100//3100
f 3097//3097 3100//3100 3098//3098
f 3099//3099 3101//3101 3102//3102
f 3099//3099 3102//3102 3100//3100
f 3101//3101 3103//3103 3104//3104
f 3101//3101 3104//3104 3102//3102
f 3103//3103 3105//3105 3106//3106
f 3103//3103 3106//3106 3104//3104
f 3105//3105 3107//3107 3108//3108
f 3105//3105 3108//3108 3106//3106
f 3107//3107 3109//3109 3110//3110
f 3107//3107 3110//3110 3108//3108
f 3109//3109 3111//3111 3112//3112
f 3109//3109 3112//3112 3110//3110
f 3111//3111 3113//3113 3114//3114
f 3111//3111 3114//3114 3112//3112
f 3113//3113 3115//3115 3116//3116
f 3113//3113 3116//3116 3114//3114
f 3115//3115 3117//3117 3118//3118
f 3115//3115 3118//3118 3116//3116
f 3117//3117 3119//3119 3120//3120
f 3117//3117 3120//3120 3118//3118
f 3119//3119 3121//3121 3122//3122
f 3119//3119 3122//3122 3120//3120
f 3121//3121 3123//3123 3124//3124
f 3121//3121 3124//3124 3122//3122
f 3123//3123 3125//3125 3126//3126
f 3123//3123 3126//3126 3124//3124
f 3125//3125 3127//3127 3128//3128
f 3125//3125 3128//3128 3126//3126
f 3127//3127 3129//3129 3130//3130
f 3127//3127 3130//3130 3128//3128
f 3129//3129 3131//3131 3132//3132
f 3129//3129 3132//3132 3130//3130
f 3131//3131 3133//3133 3134//3134
f 3131//3131 3134//3134 3132//3132
f 3133//3133 3135//3135 3136//3136
f 3133//3133 3136//3136 3134//3134
f 3135//3135 3137//3137 3138//3138
f 3135//3135 3138//3138 3136//3136
f 3137//3137 3139//3139 3140//3140
f 3137//3137 3140//3140 3138//3138
f 3139//3139 3141//3141 3142//3142
f 3139//3139 3142//3142 3140//3140
f 3141//3141 3143//3143 3144//3144
f 3141//3141 3144//3144 3142//3142
f 3143//3143 3145//3145 3146//3146
f 3143//3143 3146//3146 3144//3144
f 3145//3145 3147//3147 3148//3148
f 3145//3145 3148//3148 3146//3146
f 3147//3147 3149//3149 3150//3150
f 3147//3147 3150//3150 3148//3148
f 3149//3149 3151//3151 3152//3152
f 3149//3149 3152//3152 3150//3150
f 3151//3151 3153//3153 3154//3154
f 3151//3151 3154//3154 3152//3152
f 3153//3153 3155//3155 3156//3156
f 3153//3153 3156//3156 3154//3154
f 3155//3155 3157//3157 3158//3158
f 3155//3155 3158//3158 3156//3156
f 3157//3157 3159//3159 3160//3160
f 3157//3157 3160//3160 3158//3158
f 3159//3159 3161//3161 3162//3162
f 3159//3159 3162//3162 3160//3160
f 3161//3161 3163//3163 3164//3164
f 3161//3161 3164//3164 3162//3162
f 3163//3163 3165//3165 3166//3166
f 3163//3163 3166//3166 3164//3164
f 3165//3165 3167//3167 3168//3168
f 3165//3165 3168//3168 3166//3166
f 3167//3167 3169//3169 3170//3170
f 3167//3167 3170//3170 3168//3168
f 3169//3169 3171//3171 3172//3172
f 3169//3169 3172//3172 3170//3170
f 3171//3171 3173//3173 3174//3174
f 3171//3171 3174//3174 3172//3172
f 3173//3173 3175//3175 3176//3176
f 3173//3173 3176//3176 3174//3174
f 3175//3175 3177//3177 3178//3178
f 3175//3175 3178//3178 3176//3176
f 3177//3177 3179//3179 3180//3180
f 3177//3177 3180//3180 3178//3178
f 3179//3179 3181//3181 3182//3182
f 3179//3179 3182//3182 3180//3180
f 3181//3181 3183//3183 3184//3184
f 3181//3181 3184//3184 3182//3182
f 3183//3183 3185//3185 3186//3186
f 3183//3183 3186//3186 3184//3184
f 3185//3185 3187//3187 3188//3188
f 3185//3185 3188//3188 3186//3186
f 3187//3187 3189//3189 3190//3190
f 3187//3187 3190//3190 3188//3188
f 3189//3189 3191//3191 3192//3192
f 3189//3189 3192//3192 3190//3190
f 3191//3191 3193//3193 3194//3194
f 3191//3191 3194//3194 3192//3192
f 3193//3193 3195//3195 3196//3196
f 3193//3193 3196//3196 3194//3194
f 3195//3195 3197//3197 3198//3198
f 3195//3195 3198//3198 3196//3196
f 3197//3197 3199//3199 3200//3200
f 3197//3197 3200//3200 3198//3198
f 3199//3199 3201//3201 3202//3202
f 3199//3199 3202//3202 3200//3200
f 3201//3201 3203//3203 3204//3204
f 3201//3201 3204//3204 3202//3202
f 3203//3203 3205//3205 3206//3206
f 3203//3203 3206//3206 3204//3204
f 3205//3205 3207//3207 3208//3208
f 3205//3205 3208//3208 3206//3206
f 3207//3207 3209//3209 3210//3210
f 3207//3207 3210//3210 3208//3208
f 3209//3209 3211//3211 3212//3212
f 3209//3209 3212//3212 3210//3210
f 3211//3211 3213//3213 3214//3214
f 3211//3211 3214//3214 3212//3212
f 3213//3213 3215//3215 3216//3216
f 3213//3213 3216//3216 3214//3214
f 3215//3215 3217//3217 3218//3218
f 3215//3215 3218//3218 3216//3216
f 3217//3217 3219//3219 3220//3220
f 3217//3217 3220//3220 3218//3218
f 3219//3219 3221//3221 3222//3222
f 3219//3219 3222//3222 3220//3220
f 3221//3221 3223//3223 3224//3224
f 3221//3221 3224//3224 3222//3222
f 3223//3223 3225//3225 3226//3226
f 3223//3223 3226//3226 3224//3224
f 3225//3225 3227//3227 3228//3228
f 3225//3225 3228//3228 3226//3226
f 3227//3227 3229//3229 3230//3230
f 3227//3227 3230//3230 3228//3228
f 3229//3229 3231//3231 3232//3232
f 3229//3229 3232//3232 3230//3230
f 3231//3231 3233//3233 3234//3234
f 3231//3231 3234//3234 3232//3232
f 3233//3233 3235//3235 3236//3236
f 3233//3233 3236//3236 3234//3234
f 3235//3235 3237//3237 3238//3238
f 3235//3235 3238//3238 3236//3236
f 3237//3237 3239//3239 3240//3240
f 3237//3237 3240//3240 3238//3238
f 3239//3239 3241//3241 3242//3242
f 3239//3239 3242//3242 3240//3240
f 3241//3241 3243//3243 3244//3244
f 3241//3241 3244//3244 3242//3242
f 3243//3243 3245//3245 3246//3246
f 3243//3243 3246//3246 3244//3244
f 3245//3245 3247//3247 3248//3248
f 3245//3245 3248//3248 3246//3246
f 3247//3247 3249//3249 3250//3250
f 3247//3247 3250//3250 3248//3248
f 3249//3249 3251//3251 3252//3252
f 3249//3249 3252//3252 3250//3250
f 3251//3251 3253//3253 3254//3254
f 3251//3251 3254//3254 3252//3252
f 3253//3253 3255//3255 3256//3256
f 3253//3253 3256//3256 3254//3254
f 3255//3255 3257//3257 3258//3258
f 3255//3255 3258//3258 3256//3256
f 3257//3257 3259//3259 3260//3260
f 3257//3257 3260//3260 3258//3258
f 3259//3259 3261//3261 3262//3262
f 3259//3259 3262//3262 3260//3260
f 3261//3261 3263//3263 3264//3264
f 3261//3261 3264//3264 3262//3262
f 3263//3263 3265//3265 3266//3266
f 3263//3263 3266//3266 3264//3264
f 3265//3265 3267//3267 3268//3268
f 3265//3265 3268//3268 3266//3266
f 3267//3267 3269//3269 3270//3270
f 3267//3267 3270//3270 3268//3268
f 3269//3269 3271//3271 3272//3272
f 3269//3269 3272//3272 3270//3270
f 3271//3271 3273//3273 3274//3274
f 3271//3271 3274//3274 3272//3272
f 3273//3273 3275//3275 3276//3276
f 3273//3273 3276//3276 3274//3274
f 3275//3275 3277//3277 3278//3278
f 3275//3275 3278//3278 3276//3276
f 3277//3277 3279//3279 3280//3280
f 3277//3277 3280//3280 3278//3278
f 3279//3279 3281//3281 3282//3282
f 3279//3279 3282//3282 3280//3280
f 3281//3281 3283//3283 3284//3284
f 3281//3281 3284//3284 3282//3282
f 3283//3283 3285//3285 3286//3286
f 3283//3283 3286//3286 3284//3284
f 3285//3285 3287//3287 3288//3288
f 3285//3285 3288//3288 3286//3286
f 3287//3287 3289//3289 3290//3290
f 3287//3287 3290//3290 3288//3288
f 3289//3289 3291//3291 3292//3292
f 3289//3289 3292//3292 3290//3290
f 3291//3291 3293//3293 3294//3294
f 3291//3291 3294//3294 3292//3292
f 3293//3293 3295//3295 3296//3296
f 3293//3293 3296//3296 3294//3294
f 3295//3295 3297//3297 3298//3298
f 3295//3295 3298//3298 3296//3296
f 3297//3297 3299//3299 3300//3300
f 3297//3297 3300//3300 3298//3298
f 3299//3299 3301//3301 3302//3302
f 3299//3299 3302//3302 3300//3300
f 3301//3301 3303//3303 3304//3304
f 3301//3301 3304//3304 3302//3302
f 3303//3303 3305//3305 3306//3306
f 3303//3303 3306//3306 3304//3304
f 3305//3305 3307//3307 3308//3308
f 3305//3305 3308//3308 3306//3306
f 3307//3307 3309//3309 3310//3310
f 3307//3307 3310//3310 3308//3308
f 3309//3309 3311//3311 3312//3312
f 3309//3309 3312//3312 3310//3310
f 3311//3311 3313//3313 3314//3314
f 3311//3311 3314//3314 3312//3312
f 3313//3313 3315//3315 3316//3316
f 3313//3313 3316//3316 3314//3314
f 3315//3315 3317//3317 3318//3318
f 3315//3315 3318//3318 3316//3316
f 3317//3317 3319//3319 3320//3320
f 3317//3317 3320//3320 3318//3318
f 3319//3319 3321//3321 3322//3322
f 3319//3319 3322//3322 3320//3320
f 3321//3321 3323//3323 3324//3324
f 3321//3321 3324//3324 3322//3322
f 3323//3323 3325//3325 3326//3326
f 3323//3323 3326//3326 3324//3324
f 3325//3325 3327//3327 3328//3328
f 3325//3325 3328//3328 3326//3326
f 3327//3327 3329//3329 3330//3330
f 3327//3327 3330//3330 3328//3328
f 3329//3329 3331//3331 3332//3332
f 3329//3329 3332//3332 3330//3330
f 3331//3331 3333//3333 3334//3334
f 3331//3331 3334//3334 3332//3332
f 3333//3333 3335//3335 3336//3336
f 3333//3333 3336//3336 3334//3334
f 3335//3335 3337//3337 3338//3338
f 3335//3335 3338//3338 3336//3336
f 3337//3337 3339//3339 3340//3340
f 3337//3337 3340//3340 3338//3338
f 3339//3339 3341//3341 3342//3342
f 3339//3339 3342//3342 3340//3340
f 3341//3341 3343//3343 3344//3344
f 3341//3341 3344//3344 3342//3342
f 3343//3343 3345//3345 3346//3346
f 3343//3343 3346//3346 3344//3344
f 3345//3345 3347//3347 3348//3348
f 3345//3345 3348//3348 3346//3346
f 3347//3347 3349//3349 3350//3350
f 3347//3347 3350//3350 3348//3348
f 3349//3349 3351//3351 3352//3352
f 3349//3349 3352//3352 3350//3350
f 3351//3351 3353//3353 3354//3354
f 3351//3351 3354//3354 3352//3352
f 3353//3353 3355//3355 3356//3356
f 3353//3353 3356//3356 3354//3354
f 3355//3355 3357//3357 3358//3358
f 3355//3355 3358//3358 3356//3356
f 3357//3357 3359//3359 3360//3360
f 3357//3357 3360//3360 3358//3358
f 3359//3359 3361//3361 3362//3362
f 3359//3359 3362//3362 3360//3360
f 3361//3361 3363//3363 3364//3364
f 3361//3361 3364//3364 3362//3362
f 3363//3363 3365//3365 3366//3366
f 3363//3363 3366//3366 3364//3364
f 3365//3365 3367//3367 3368//3368
f 3365//3365 3368//3368 3366//3366
f 3367//3367 3369//3369 3370//3370
f 3367//3367 3370//3370 3368//3368
f 3369//3369 3371//3371 3372//3372
f 3369//3369 3372//3372 3370//3370
f 3371//3371 3373//3373 3374//3374
f 3371//3371 3374//3374 3372//3372
f 3373//3373 3375//3375 3376//3376
f 3373//3373 3376//3376 3374//3374
f 3375//3375 3377//3377 3378//3378
f 3375//3375 3378//3378 3376//3376
f 3377//3377 3379//3379 3380//3380
f 3377//3377 3380//3380 3378//3378
f 3379//3379 3381//3381 3382//3382
f 3379//3379 3382//3382 3380//3380
f 3381//3381 3383//3383 3384//3384
f 3381//3381 3384//3384 3382//3382
f 3383//3383 3385//3385 3386//3386
f 3383//3383 3386//3386 3384//3384
f 3385//3385 3387//3387 3388//3388
f 3385//3385 3388//3388 3386//3386
f 3387//3387 3389//3389 3390//3390
f 3387//3387 3390//3390 3388//3388
f 3389//3389 3391//3391 3392//3392
f 3389//3389 3392//3392 3390//3390
f 3391//3391 3393//3393 3394//3394
f 3391//3391 3394//3394 3392//3392
f 3393//3393 3395//3395 3396//3396
f 3393//3393 3396//3396 3394//3394
f 3395//3395 3397//3397 3398//3398
f 3395//3395 3398//3398 3396//3396
f 3397//3397 3399//3399 3400//3400
f 3397//3397 3400//3400 3398//3398
f 3399//3399 3401//3401 3402//3402
f 3399//3399 3402//3402 3400//3400
f 3401//3401 3403//3403 3404//3404
f 3401//3401 3404//3404 3402//3402
f 3403//3403 3405//3405 3406//3406
f 3403//3403 3406//3406 3404//3404
f 3405//3405 3407//3407 3408//3408
f 3405//3405 3408//3408 3406//3406
f 3407//3407 3409//3409 3410//3410
f 3407//3407 3410//3410 3408//3408
f 3409//3409 3411//3411 3412//3412
f 3409//3409 3412//3412 3410//3410
f 3411//3411 3413//3413 3414//3414
f 3411//3411 3414//3414 3412//3412
f 3413//3413 3415//3415 3416//3416
f 3413//3413 3416//3416 3414//3414
f 3415//3415 3417//3417 3418//3418
f 3415//3415 3418//3418 3416//3416
f 3417//3417 3419//3419 3420//3420
f 3417//3417 3420//3420 3418//3418
f 3419//3419 3421//3421 3422//3422
f 3419//3419 3422//3422 3420//3420
f 3421//3421 3423//3423 3424//3424
f 3421//3421 3424//3424 3422//3422
f 3423//3423 3425//3425 3426//3426
f 3423//3423 3426//3426 3424//3424
f 3425//3425 3427//3427 3428//3428
f 3425//3425 3428//3428 3426//3426
f 3427//3427 3429//3429 3430//3430
f 3427//3427 3430//3430 3428//3428
f 3429//3429 3431//3431 3432//3432
f 3429//3429 3432//3432 3430//3430
f 3431//3431 3433//3433 3434//3434
f 3431//3431 3434//3434 3432//3432
f 3433//3433 3435//3435 3436//3436
f 3433//3433 3436//3436 3434//3434
f 3435//3435 3437//3437 3438//3438
f 3435//3435 3438//3438 3436//3436
f 3437//3437 3439//3439 3440//3440
f 3437//3437 3440//3440 3438//3438
f 3439//3439 3441//3441 3442//3442
f 3439//3439 3442//3442 3440//3440
f 3441//3441 3443//3443 3444//3444
f 3441//3441 3444//3444 3442//3442
f 3443//3443 3445//3445 3446//3446
f 3443//3443 3446//3446 3444//3444
f 3445//3445 3447//3447 3448//3448
f 3445//3445 3448//3448 3446//3446
f 3447//3447 3449//3449 3450//3450
f 3447//3447 3450//3450 3448//3448
f 3449//3449 3451//3451 3452//3452
f 3449//3449 3452//3452 3450//3450
f 3451//3451 3453//3453 3454//3454
f 3451//3451 3454//3454 3452//3452
f 3453//3453 3455//3455 3456//3456
f 3453//3453 3456//3456 3454//3454
f 3455//3455 3457//3457 3458//3458
f 3455//3455 3458//3458 3456//3456
f 3457//3457 3459//3459 3460//3460
f 3457//3457 3460//3460 3458//3458
f 3459//3459 3461//3461 3462//3462
f 3459//3459 3462//3462 3460//3460
f 3461//3461 3463//3463 3464//3464
f 3461//3461 3464//3464 3462//3462
f 3463//3463 3465//3465 3466//3466
f 3463//3463 3466//3466 3464//3464
f 3465//3465 3467//3467 3468//3468
f 3465//3465 3468//3468 3466//3466
f 3467//3467 3469//3469 3470//3470
f 3467//3467 3470//3470 3468//3468
f 3469//3469 3471//3471 3472//3472
f 3469//3469 3472//3472 3470//3470
f 3471//3471 3473//3473 3474//3474
f 3471//3471 3474//3474 3472//3472
f 3473//3473 3475//3475 3476//3476
f 3473//3473 3476//3476 3474//3474
f 3475//3475 3477//3477 3478//3478
f 3475//3475 3478//3478 3476//3476
f 3477//3477 3479//3479 3480//3480
f 3477//3477 3480//3480 3478//3478
f 3479//3479 3481//3481 3482//3482
f 3479//3479 3482//3482 3480//3480
f 3481//3481 3483//3483 3484//3484
f 3481//3481 3484//3484 3482//3482
f 3483//3483 3485//3485 3486//3486
f 3483//3483 3486//3486 3484//3484
f 3485//3485 3487//3487 3488//3488
f 3485//3485 3488//3488 3486//3486
f 3487//3487 3489//3489 3490//3490
f 3487//3487 3490//3490 3488//3488
f 3489//3489 3491//3491 3492//3492
f 3489//3489 3492//3492 3490//3490
f 3491//3491 3493//3493 3494//3494
f 3491//3491 3494//3494 3492//3492
f 3493//3493 3495//3495 3496//3496
f 3493//3493 3496//3496 3494//3494
f 3495//3495 3497//3497 3498//3498
f 3495//3495 3498//3498 3496//3496
f 3497//3497 3499//3499 3500//3500
f 3497//3497 3500//3500 3498//3498
f 3501//3501 3503//3503 3504//3504
f 3501//3501 3504//3504 3502//3502
f 3503//3503 3505//3505 3506//3506
f 3503//3503 3506//3506 3504//3504
f 3505//3505 3507//3507 3508//3508
f 3505//3505 3508//3508 3506//3506
f 3507//3507 3509//3509 3510//3510
f 3507//3507 3510//3510 3508//3508
f 3509//3509 3511//3511 3512//3512
f 3509//3509 3512//3512 3510//3510
f 3511//3511 3513//3513 3514//3514
f 3511//3511 3514//3514 3512//3512
f 3513//3513 3515//3515 3516//3516
f 3513//3513 3516//3516 3514//3514
f 3515//3515 3517//3517 3518//3518
f 3515//3515 3518//3518 3516//3516
f 3517//3517 3519//3519 3520//3520
f 3517//3517 3520//3520 3518//3518
f 3519//3519 3521//3521 3522//3522
f 3519//3519 3522//3522 3520//3520
f 3521//3521 3523//3523 3524//3524
f 3521//3521 3524//3524 3522//3522
f 3523//3523 3525//3525 3526//3526
f 3523//3523 3526//3526 3524//3524
f 3525//3525 3527//3527 3528//3528
f 3525//3525 3528//3528 3526//3526
f 3527//3527 3529//3529 3530//3530
f 3527//3527 3530//3530 3528//3528
f 3529//3529 3531//3531 3532//3532
f 3529//3529 3532//3532 3530//3530
f 3531//3531 3533//3533 3534//3534
f 3531//3531 3534//3534 3532//3532
f 3533//3533 3535//3535 3536//3536
f 3533//3533 3536//3536 3534//3534
f 3535//3535 3537//3537 3538//3538
f 3535//3535 3538//3538 3536//3536
f 3537//3537 3539//3539 3540//3540
f 3537//3537 3540//3540 3538//3538
f 3539//3539 3541//3541 3542//3542
f 3539//3539 3542//3542 3540//3540
f 3541//3541 3543//3543 3544//3544
f 3541//3541 3544//3544 3542//3542
f 3543//3543 3545//3545 3546//3546
f 3543//3543 3546//3546 3544//3544
f 3545//3545 3547//3547 3548//3548
f 3545//3545 3548//3548 3546//3546
f 3547//3547 3549//3549 3550//3550
f 3547//3547 3550//3550 3548//3548
f 3549//3549 3551//3551 3552//3552
f 3549//3549 3552//3552 3550//3550
f 3551//3551 3553//3553 3554//3554
f 3551//3551 3554//3554 3552//3552
f 3553//3553 3555//3555 3556//3556
f 3553//3553 3556//3556 3554//3554
f 3555//3555 3557//3557 3558//3558
f 3555//3555 3558//3558 3556//3556
f 3557//3557 3559//3559 3560//3560
f 3557//3557 3560//3560 3558//3558
f 3559//3559 3561//3561 3562//3562
f 3559//3559 3562//3562 3560//3560
f 3561//3561 3563//3563 3564//3564
f 3561//3561 3564//3564 3562//3562
f 3563//3563 3565//3565 3566//3566
f 3563//3563 3566//3566 3564//3564
f 3565//3565 3567//3567 3568//3568
f 3565//3565 3568//3568 3566//3566
f 3567//3567 3569//3569 3570//3570
f 3567//3567 3570//3570 3568//3568
f 3569//3569 3571//3571 3572//3572
f 3569//3569 3572//3572 3570//3570
f 3571//3571 3573//3573 3574//3574
f 3571//3571 3574//3574 3572//3572
f 3573//3573 3575//3575 3576//3576
f 3573//3573 3576//3576 3574//3574
f 3575//3575 3577//3577 3578//3578
f 3575//3575 3578//3578 3576//3576
f 3577//3577 3579//3579 3580//3580
f 3577//3577 3580//3580 3578//3578
f 3579//3579 3581//3581 3582//3582
f 3579//3579 3582//3582 3580//3580
f 3581//3581 3583//3583 3584//3584
f 3581//3581 3584//3584 3582//3582
f 3583//3583 3585//3585 3586//3586
f 3583//3583 3586//3586 3584//3584
f 3585//3585 3587//3587 3588//3588
f 3585//3585 3588//3588 3586//3586
f 3587//3587 3589//3589 3590//3590
f 3587//3587 3590//3590 3588//3588
f 3589//3589 3591//3591 3592//3592
f 3589//3589 3592//3592 3590//3590
f 3591//3591 3593//3593 3594//3594
f 3591//3591 3594//3594 3592//3592
f 3593//3593 3595//3595 3596//3596
f 3593//3593 3596//3596 3594//3594
f 3595//3595 3597//3597 3598//3598
f 3595//3595 3598//3598 3596//3596
f 3597//3597 3599//3599 3600//3600
f 3597//3597 3600//3600 3598//3598
f 3599//3599 3601//3601 3602//3602
f 3599//3599 3602//3602 3600//3600
f 3601//3601 3603//3603 3604//3604
f 3601//3601 3604//3604 3602//3602
f 3603//3603 3605//3605 3606//3606
f 3603//3603 3606//3606 3604//3604
f 3605//3605 3607//3607 3608//3608
f 3605//3605 3608//3608 3606//3606
f 3607//3607 3609//3609 3610//3610
f 3607//3607 3610//3610 3608//3608
f 3609//3609 3611//3611 3612//3612
f 3609//3609 3612//3612 3610//3610
f 3611//3611 3613//3613 3614//3614
f 3611//3611 3614//3614 3612//3612
f 3613//3613 3615//3615 3616//3616
f 3613//3613 3616//3616 3614//3614
f 3615//3615 3617//3617 3618//3618
f 3615//3615 3618//3618 3616//3616
f 3617//3617 3619//3619 3620//3620
f 3617//3617 3620//3620 3618//3618
f 3619//3619 3621//3621 3622//3622
f 3619//3619 3622//3622 3620//3620
f 3621//3621 3623//3623 3624//3624
f 3621//3621 3624//3624 3622//3622
f 3623//3623 3625//3625 3626//3626
f 3623//3623 3626//3626 3624//3624
f 3625//3625 3627//3627 3628//3628
f 3625//3625 3628//3628 3626//3626
f 3627//3627 3629//3629 3630//3630
f 3627//3627 3630//3630 3628//3628
f 3629//3629 3631//3631 3632//3632
f 3629//3629 3632//3632 3630//3630
f 3631//3631 3633//3633 3634//3634
f 3631//3631 3634//3634 3632//3632
f 3633//3633 3635//3635 3636//3636
f 3633//3633 3636//3636 3634//3634
f 3635//3635 3637//3637 3638//3638
f 3635//3635 3638//3638 3636//3636
f 3637//3637 3639//3639 3640//3640
f 3637//3637 3640//3640 3638//3638
f 3639//3639 3641//3641 3642//3642
f 3639//3639 3642//3642 3640//3640
f 3641//3641 3643//3643 3644//3644
f 3641//3641 3644//3644 3642//3642
f 3643//3643 3645//3645 3646//3646
f 3643//3643 3646//3646 3644//3644
f 3645//3645 3647//3647 3648//3648
f 3645//3645 3648//3648 3646//3646
f 3647//3647 3649//3649 3650//3650
f 3647//3647 3650//3650 3648//3648
f 3649//3649 3651//3651 3652//3652
f 3649//3649 3652//3652 3650//3650
f 3651//3651 3653//3653 3654//3654
f 3651//3651 3654//3654 3652//3652
f 3653//3653 3655//3655 3656//3656
f 3653//3653 3656//3656 3654//3654
f 3655//3655 3657//3657 3658//3658
f 3655//3655 3658//3658 3656//3656
f 3657//3657 3659//3659 3660//3660
f 3657//3657 3660//3660 3658//3658
f 3659//3659 3661//3661 3662//3662
f 3659//3659 3662//3662 3660//3660
f 3661//3661 3663//3663 3664//3664
f 3661//3661 3664//3664 3662//3662
f 3663//3663 3665//3665 3666//3666
f 3663//3663 3666//3666 3664//3664
f 3665//3665 3667//3667 3668//3668
f 3665//3665 3668//3668 3666//3666
f 3667//3667 3669//3669 3670//3670
f 3667//3667 3670//3670 3668//3668
f 3669//3669 3671//3671 3672//3672
f 3669//3669 3672//3672 3670//3670
f 3671//3671 3673//3673 3674//3674
f 3671//3671 3674//3674 3672//3672
f 3673//3673 3675//3675 3676//3676
f 3673//3673 3676//3676 3674//3674
f 3675//3675 3677//3677 3678//3678
f 3675//3675 3678//3678 3676//3676
f 3677//3677 3679//3679 3680//3680
f 3677//3677 3680//3680 3678//3678
f 3679//3679 3681//3681 3682//3682
f 3679//3679 3682//3682 3680//3680
f 3681//3681 3683//3683 3684//3684
f 3681//3681 3684//3684 3682//3682
f 3683//3683 3685//3685 3686//3686
f 3683//3683 3686//3686 3684//3684
f 3685//3685 3687//3687 3688//3688
f 3685//3685 3688//3688 3686//3686
f 3687//3687 3689//3689 3690//3690
f 3687//3687 3690//3690 3688//3688
f 3689//3689 3691//3691 3692//3692
f 3689//3689 3692//3692 3690//3690
f 3691//3691 3693//3693 3694//3694
f 3691//3691 3694//3694 3692//3692
f 3693//3693 3695//3695 3696//3696
f 3693//3693 3696//3696 3694//3694
f 3695//3695 3697//3697 3698//3698
f 3695//3695 3698//3698 3696//3696
f 3697//3697 3699//3699 3700//3700
f 3697//3697 3700//3700 3698//3698
f 3699//3699 3701//3701 3702//3702
f 3699//3699 3702//3702 3700//3700
f 3701//3701 3703//3703 3704//3704
f 3701//3701 3704//3704 3702//3702
f 3703//3703 3705//3705 3706//3706
f 3703//3703 3706//3706 3704//3704
f 3705//3705 3707//3707 3708//3708
f 3705//3705 3708//3708 3706//3706
f 3707//3707 3709//3709 3710//3710
f 3707//3707 3710//3710 3708//3708
f 3709//3709 3711//3711 3712//3712
f 3709//3709 3712//3712 3710//3710
f 3711//3711 3713//3713 3714//3714
f 3711//3711 3714//3714 3712//3712
f 3713//3713 3715//3715 3716//3716
f 3713//3713 3716//3716 3714//3714
f 3715//3715 3717//3717 3718//3718
f 3715//3715 3718//3718 3716//3716
f 3717//3717 3719//3719 3720//3720
f 3717//3717 3720//3720 3718//3718
f 3719//3719 3721//3721 3722//3722
f 3719//3719 3722//3722 3720//3720
f 3721//3721 3723//3723 3724//3724
f 3721//3721 3724//3724 3722//3722
f 3723//3723 3725//3725 3726//3726
f 3723//3723 3726//3726 3724//3724
f 3725//3725 3727//3727 3728//3728
f 3725//3725 3728//3728 3726//3726
f 3727//3727 3729//3729 3730//3730
f 3727//3727 3730//3730 3728//3728
f 3729//3729 3731//3731 3732//3732
f 3729//3729 3732//3732 3730//3730
f 3731//3731 3733//3733 3734//3734
f 3731//3731 3734//3734 3732//3732
f 3733//3733 3735//3735 3736//3736
f 3733//3733 3736//3736 3734//3734
f 3735//3735 3737//3737 3738//3738
f 3735//3735 3738//3738 3736//3736
f 3737//3737 3739//3739 3740//3740
f 3737//3737 3740//3740 3738//3738
f 3739//3739 3741//3741 3742//3742
f 3739//3739 3742//3742 3740//3740
f 3741//3741 3743//3743 3744//3744
f 3741//3741 3744//3744 3742//3742
f 3743//3743 3745//3745 3746//3746
f 3743//3743 3746//3746 3744//3744
f 3745//3745 3747//3747 3748//3748
f 3745//3745 3748//3748 3746//3746
f 3747//3747 3749//3749 3750//3750
f 3747//3747 3750//3750 3748//3748
f 3749//3749 3751//3751 3752//3752
f 3749//3749 3752//3752 3750//3750
f 3751//3751 3753//3753 3754//3754
f 3751//3751 3754//3754 3752//3752
f 3753//3753 3755//3755 3756//3756
f 3753//3753 3756//3756 3754//3754
f 3755//3755 3757//3757 3758//3758
f 3755//3755 3758//3758 3756//3756
f 3757//3757 3759//3759 3760//3760
f 3757//3757 3760//3760 3758//3758
f 3759//3759 3761//3761 3762//3762
f 3759//3759 3762//3762 3760//3760
f 3763//3763 3765//3765 3766//3766
f 3763//3763 3766//3766 3764//3764
f 3765//3765 3767//3767 3768//3768
f 3765//3765 3768//3768 3766//3766
f 3767//3767 3769//3769 3770//3770
f 3767//3767 3770//3770 3768//3768
f 3769//3769 3771//3771 3772//3772
f 3769//3769 3772//3772 3770//3770
f 3771//3771 3773//3773 3774//3774
f 3771//3771 3774//3774 3772//3772
f 3773//3773 3775//3775 3776//3776
f 3773//3773 3776//3776 3774//3774
f 3775//3775 3777//3777 3778//3778
f 3775//3775 3778//3778 3776//3776
f 3777//3777 3779//3779 3780//3780
f 3777//3777 3780//3780 3778//3778
f 3779//3779 3781//3781 3782//3782
f 3779//3779 3782//3782 3780//3780
f 3781//3781 3783//3783 3784//3784
f 3781//3781 3784//3784 3782//3782
f 3783//3783 3785//3785 3786//3786
f 3783//3783 3786//3786 3784//3784
f 3785//3785 3787//3787 3788//3788
f 3785//3785 3788//3788 3786//3786
f 3787//3787 3789//3789 3790//3790
f 3787//3787 3790//3790 3788//3788
f 3789//3789 3791//3791 3792//3792
f 3789//3789 3792//3792 3790//3790
f 3791//3791 3793//3793 3794//3794
f 3791//3791 3794//3794 3792//3792
f 3793//3793 3795//3795 3796//3796
f 3793//3793 3796//3796 3794//3794
f 3795//3795 3797//3797 3798//3798
f 3795//3795 3798//3798 3796//3796
f 3797//3797 3799//3799 3800//3800
f 3797//3797 3800//3800 3798//3798
f 3799//3799 3801//3801 3802//3802
f 3799//3799 3802//3802 3800//3800
f 3801//3801 3803//3803 3804//3804
f 3801//3801 3804//3804 3802//3802
f 3803//3803 3805//3805 3806//3806
f 3803//3803 3806//3806 3804//3804
f 3805//3805 3807//3807 3808//3808
f 3805//3805 3808//3808 3806//3806
f 3807//3807 3809//3809 3810//3810
f 3807//3807 3810//3810 3808//3808
f 3809//3809 3811//3811 3812//3812
f 3809//3809 3812//3812 3810//3810
f 3811//3811 3813//3813 3814//3814
f 3811//3811 3814//3814 3812//3812
f 3813//3813 3815//3815 3816//3816
f 3813//3813 3816//3816 3814//3814
f 3815//3815 3817//3817 3818//3818
f 3815//3815 3818//3818 3816//3816
f 3817//3817 3819//3819 3820//3820
f 3817//3817 3820//3820 3818//3818
f 3819//3819 3821//3821 3822//3822
f 3819//3819 3822//3822 3820//3820
f 3821//3821 3823//3823 3824//3824
f 3821//3821 3824//3824 3822//3822
f 3823//3823 3825//3825 3826//3826
f 3823//3823 3826//3826 3824//3824
f 3825//3825 3827//3827 3828//3828
f 3825//3825 3828//3828 3826//3826
f 3827//3827 3829//3829 3830//3830
f 3827//3827 3830//3830 3828//3828
f 3829//3829 3831//3831 3832//3832
f 3829//3829 3832//3832 3830//3830
f 3831//3831 3833//3833 3834//3834
f 3831//3831 3834//3834 3832//3832
f 3833//3833 3835//3835 3836//3836
f 3833//3833 3836//3836 3834//3834
f 3835//3835 3837//3837 3838//3838
f 3835//3835 3838//3838 3836//3836
f 3837//3837 3839//3839 3840//3840
f 3837//3837 3840//3840 3838//3838
f 3839//3839 3841//3841 3842//3842
f 3839//3839 3842//3842 3840//3840
f 3841//3841 3843//3843 3844//3844
f 3841//3841 3844//3844 3842//3842
f 3843//3843 3845//3845 3846//3846
f 3843//3843 3846//3846 3844//3844
f 3845//3845 3847//3847 3848//3848
f 3845//3845 3848//3848 3846//3846
f 3847//3847 3849//3849 3850//3850
f 3847//3847 3850//3850 3848//3848
f 3849//3849 3851//3851 3852//3852
f 3849//3849 3852//3852 3850//3850
f 3851//3851 3853//3853 3854//3854
f 3851//3851 3854//3854 3852//3852
f 3853//3853 3855//3855 3856//3856
f 3853//3853 3856//3856 3854//3854
f 3855//3855 3857//3857 3858//3858
f 3855//3855 3858//3858 3856//3856
f 3857//3857 3859//3859 3860//3860
f 3857//3857 3860//3860 3858//3858
f 3859//3859 3861//3861 3862//3862
f 3859//3859 3862//3862 3860//3860
f 3861//3861 3863//3863 3864//3864
f 3861//3861 3864//3864 3862//3862
f 3863//3863 3865//3865 3866//3866
f 3863//3863 3866//3866 3864//3864
f 3865//3865 3867//3867 3868//3868
f 3865//3865 3868//3868 3866//3866
f 3867//3867 3869//3869 3870//3870
f 3867//3867 3870//3870 3868//3868
f 3869//3869 3871//3871 3872//3872
f 3869//3869 3872//3872 3870//3870
f 3871//3871 3873//3873 3874//3874
f 3871//3871 3874//3874 3872//3872
f 3873//3873 3875//3875 3876//3876
f 3873//3873 3876//3876 3874//3874
f 3875//3875 3877//3877 3878//3878
f 3875//3875 3878//3878 3876//3876
f 3877//3877 3879//3879 3880//3880
f 3877//3877 3880//3880 3878//3878
f 3879//3879 3881//3881 3882//3882
f 3879//3879 3882//3882 3880//3880
f 3881//3881 3883//3883 3884//3884
f 3881//3881 3884//3884 3882//3882
f 3883//3883 3885//3885 3886//3886
f 3883//3883 3886//3886 3884//3884
f 3885//3885 3887//3887 3888//3888
f 3885//3885 3888//3888 3886//3886
f 3887//3887 3889//3889 3890//3890
f 3887//3887 3890//3890 3888//3888
f 3889//3889 3891//3891 3892//3892
f 3889//3889 3892//3892 3890//3890
f 3891//3891 3893//3893 3894//3894
f 3891//3891 3894//3894 3892//3892
f 3893//3893 3895//3895 3896//3896
f 3893//3893 3896//3896 3894//3894
f 3895//3895 3897//3897 3898//3898
f 3895//3895 3898//3898 3896//3896
f 3897//3897 3899//3899 3900//3900
f 3897//3897 3900//3900 3898//3898
f 3899//3899 3901//3901 3902//3902
f 3899//3899 3902//3902 3900//3900
f 3901//3901 3903//3903 3904//3904
f 3901//3901 3904//3904 3902//3902
f 3903//3903 3905//3905 3906//3906
f 3903//3903 3906//3906 3904//3904
f 3905//3905 3907//3907 3908//3908
f 3905//3905 3908//3908 3906//3906
f 3907//3907 3909//3909 3910//3910
f 3907//3907 3910//3910 3908//3908
f 3909//3909 3911//3911 3912//3912
f 3909//3909 3912//3912 3910//3910
f 3911//3911 3913//3913 3914//3914
f 3911//3911 3914//3914 3912//3912
f 3913//3913 3915//3915 3916//3916
f 3913//3913 3916//3916 3914//3914
f 3915//3915 3917//3917 3918//3918
f 3915//3915 3918//3918 3916//3916
f 3917//3917 3919//3919 3920//3920
f 3917//3917 3920//3920 3918//3918
f 3919//3919 3921//3921 3922//3922
f 3919//3919 3922//3922 3920//3920
f 3921//3921 3923//3923 3924//3924
f 3921//3921 3924//3924 3922//3922
f 3923//3923 3925//3925 3926//3926
f 3923//3923 3926//3926 3924//3924
f 3925//3925 3927//3927 3928//3928
f 3925//3925 3928//3928 3926//3926
f 3927//3927 3929//3929 3930//3930
f 3927//3927 3930//3930 3928//3928
f 3929//3929 3931//3931 3932//3932
f 3929//3929 3932//3932 3930//3930
f 3931//3931 3933//3933 3934//3934
f 3931//3931 3934//3934 3932//3932
f 3933//3933 3935//3935 3936//3936
f 3933//3933 3936//3936 3934//3934
f 3935//3935 3937//3937 3938//3938
f 3935//3935 3938//3938 3936//3936
f 3937//3937 3939//3939 3940//3940
f 3937//3937 3940//3940 3938//3938
f 3939//3939 3941//3941 3942//3942
f 3939//3939 3942//3942 3940//3940
f 3941//3941 3943//3943 3944//3944
f 3941//3941 3944//3944 3942//3942
f 3943//3943 3945//3945 3946//3946
f 3943//3943 3946//3946 3944//3944
f 3945//3945 3947//3947 3948//3948
f 3945//3945 3948//3948 3946//3946
f 3947//3947 3949//3949 3950//3950
f 3947//3947 3950//3950 3948//3948
f 3949//3949 3951//3951 3952//3952
f 3949//3949 3952//3952 3950//3950
f 3951//3951 3953//3953 3954//3954
f 3951//3951 3954//3954 3952//3952
f 3953//3953 3955//3955 3956//3956
f 3953//3953 3956//3956 3954//3954
f 3955//3955 3957//3957 3958//3958
f 3955//3955 3958//3958 3956//3956
f 3957//3957 3959//3959 3960//3960
f 3957//3957 3960//3960 3958//3958
f 3959//3959 3961//3961 3962//3962
f 3959//3959 3962//3962 3960//3960
f 3961//3961 3963//3963 3964//3964
f 3961//3961 3964//3964 3962//3962
f 3963//3963 3965//3965 3966//3966
f 3963//3963 3966//3966 3964//3964
f 3965//3965 3967//3967 3968//3968
f 3965//3965 3968//3968 3966//3966
f 3967//3967 3969//3969 3970//3970
f 3967//3967 3970//3970 3968//3968
f 3969//3969 3971//3971 3972//3972
f 3969//3969 3972//3972 3970//3970
f 3971//3971 3973//3973 3974//3974
f 3971//3971 3974//3974 3972//3972
f 3973//3973 3975//3975 3976//3976
f 3973//3973 3976//3976 3974//3974
f 3975//3975 3977//3977 3978//3978
f 3975//3975 3978//3978 3976//3976
f 3977//3977 3979//3979 3980//3980
f 3977//3977 3980//3980 3978//3978
f 3979//3979 3981//3981 3982//3982
f 3979//3979 3982//3982 3980//3980
f 3981//3981 3983//3983 3984//3984
f 3981//3981 3984//3984 3982//3982
f 3983//3983 3985//3985 3986//3986
f 3983//3983 3986//3986 3984//3984
f 3985//3985 3987//3987 3988//3988
f 3985//3985 3988//3988 3986//3986
f 3987//3987 3989//3989 3990//3990
f 3987//3987 3990//3990 3988//3988
f 3989//3989 3991//3991 3992//3992
f 3989//3989 3992//3992 3990//3990
f 3991//3991 3993//3993 3994//3994
f 3991//3991 3994//3994 3992//3992
f 3993//3993 3995//3995 3996//3996
f 3993//3993 3996//3996 3994//3994
f 3995//3995 3997//3997 3998//3998
f 3995//3995 3998//3998 3996//3996
f 3997//3997 3999//3999 4000//4000
f 3997//3997 4000//4000 3998//3998
f 3999//3999 4001//4001 4002//4002
f 3999//3999 4002//4002 4000//4000
f 4001//4001 4003//4003 4004//4004
f 4001//4001 4004//4004 4002//4002
f 4003//4003 4005//4005 4006//4006
f 4003//4003 4006//4006 4004//4004
f 4005//4005 4007//4007 4008//4008
f 4005//4005 4008//4008 4006//4006
f 4007//4007 4009//4009 4010//4010
f 4007//4007 4010//4010 4008//4008
f 4009//4009 4011//4011 4012//4012
f 4009//4009 4012//4012 4010//4010
f 4011//4011 4013//4013 4014//4014
f 4011//4011 4014//4014 4012//4012
f 4013//4013 4015//4015 4016//4016
f 4013//4013 4016//4016 4014//4014
f 4015//4015 4017//4017 4018//4018
f 4015//4015 4018//4018 4016//4016
f 4017//4017 4019//4019 4020//4020
f 4017//4017 4020//4020 4018//4018
f 4019//4019 4021//4021 4022//4022
f 4019//4019 4022//4022 4020//4020
f 4021//4021 4023//4023 4024//4024
f 4021//4021 4024//4024 4022//4022
